{"type": "FeatureCollection", "features": [{"type": "Feature", "geometry": {"type": "LineString", "coordinates": [[10.209789719148057, 53.491591843133264], [10.209731912328643, 53.49156331894479], [10.209673704386175, 53.491534589466795], [10.209615951542606, 53.49150604403838], [10.209558019750107, 53.49147736687372], [10.209499999962082, 53.491448619809404], [10.209441897496788, 53.49141979702802], [10.20943195092443, 53.49141485937063], [10.209428381639245, 53.49141308751278], [10.209383962172405, 53.491391039830766], [10.209326139831175, 53.49136232753223], [10.20926825317956, 53.491333542296985], [10.209210402064235, 53.491304729952084], [10.209152565142483, 53.49127593165438], [10.209094800700377, 53.491247153396166], [10.209036886235964, 53.49121827546618], [10.208979169005833, 53.49118951946226], [10.208921316122494, 53.49116066870158], [10.208863438362114, 53.49113183185315], [10.20880552120166, 53.491102961470084], [10.20874784187106, 53.49107420953792], [10.20869004547981, 53.49104536920195], [10.208632057271743, 53.491016445140936], [10.208570359848414, 53.49098565434802], [10.208513609209389, 53.49095736953921], [10.208455778301744, 53.49092852720272], [10.20839795442546, 53.49089971922426], [10.208340099389353, 53.490870868617094], [10.208282309398571, 53.490842073507984], [10.208224470947892, 53.49081327279974], [10.208166603054126, 53.49078443017211], [10.208108824723695, 53.49075563582979], [10.208051015678778, 53.49072681897533], [10.207993205542556, 53.49069801088622], [10.207935354102124, 53.49066918163052], [10.207877518650678, 53.490640367753244], [10.20781957206472, 53.490611482546406], [10.207761995635064, 53.49058276441769], [10.207704114066454, 53.49055390308845], [10.207646293551992, 53.49052507126222], [10.207588410340218, 53.49049622187545], [10.207558204835623, 53.490481164606116], [10.207530623146559, 53.49046741527753], [10.207472900907659, 53.490438647531676], [10.2074148693444, 53.490409725729535], [10.207358600372206, 53.49038166057823], [10.207299006336294, 53.49035193456814], [10.207241590374396, 53.49032330616312], [10.207183745908878, 53.49029446607639], [10.207126001928785, 53.49026568031064], [10.207068133739446, 53.4902368259641], [10.207010320810772, 53.490207978718125], [10.20695240962929, 53.49017910576528], [10.20689470056189, 53.49015029744226], [10.206836888144366, 53.49012144698337], [10.206779204358176, 53.49009266059829], [10.206719751226418, 53.490062960461756], [10.206661952761921, 53.49003409666366], [10.206604271166897, 53.49000529781136], [10.206546347165878, 53.489976428776636], [10.206488549196607, 53.48994762986225], [10.206430781353236, 53.4899188531503], [10.206372933430867, 53.48989006650101], [10.206315076685557, 53.489861297616066], [10.206257112461724, 53.48983250849395], [10.206199144432968, 53.489803767624124], [10.206141215228028, 53.48977508033456], [10.206083152250022, 53.48974634707647], [10.206040905365292, 53.48972551087824], [10.20600020367183, 53.48970553341227], [10.205959571591807, 53.489685526292455], [10.205918868553873, 53.489665522475256], [10.205878126138096, 53.48964559583069], [10.205837265003806, 53.48962566663587], [10.205796414862778, 53.48960578619112], [10.20575557605459, 53.48958587693832], [10.205714642845098, 53.489566067376295], [10.205673619691995, 53.48954621392983], [10.205632510573002, 53.48952647006372], [10.205591528515159, 53.48950680859886], [10.205550367693172, 53.48948705241494], [10.205509202919098, 53.489467434869965], [10.205467961795208, 53.48944783570777], [10.205426612734529, 53.489428228867645], [10.205385229907908, 53.48940872224236], [10.205343985568284, 53.4893893043908], [10.20530243973719, 53.489369868098805], [10.205260782216696, 53.48935048619831], [10.205219346936513, 53.489331244935684], [10.20517758295558, 53.48931189713333], [10.205135850467144, 53.48929265018516], [10.205094193550153, 53.489273492880535], [10.205052214670381, 53.489254339311586], [10.20501024133468, 53.48923525926244], [10.20496829711895, 53.48921625951201], [10.204926268354866, 53.48919722094695], [10.204884152270823, 53.489178369310025], [10.204842002322774, 53.48915947089195], [10.204799848207422, 53.48914068787163], [10.204757473619376, 53.48912186905767], [10.204713526181925, 53.48910247876933], [10.204670959263208, 53.48908375510057], [10.204628537630615, 53.48906514268747], [10.20458602633499, 53.48904659034444], [10.204543391828278, 53.48902806017322], [10.204500743672781, 53.48900956656972], [10.20445812123061, 53.48899119472638], [10.204415283137902, 53.488972750040425], [10.204372374006612, 53.488954331020935], [10.204329616930943, 53.48893603850417], [10.204286653069586, 53.48891778572004], [10.204243685695234, 53.48889957221207], [10.204200552627812, 53.48888135943018], [10.20415744359221, 53.488863308943934], [10.204114317066098, 53.48884528390943], [10.204071201650464, 53.48882732498244], [10.2040278245935, 53.48880933723339], [10.203984284315188, 53.48879144750396], [10.203940826779958, 53.48877367321882], [10.203897168360315, 53.48875604630984], [10.203853466164812, 53.4887384584587], [10.20380986753543, 53.48872095694453], [10.20376606428441, 53.4887034277305], [10.203739479987732, 53.48869289220916], [10.203695577869757, 53.48867547590411], [10.20365157592962, 53.4886581367799], [10.203607441852201, 53.48864088551602], [10.203563340811142, 53.48862375109706], [10.203519099988513, 53.48860662070379], [10.203474511799056, 53.488589527848596], [10.203430214722019, 53.48857261711434], [10.203385628054582, 53.48855566377747], [10.203341355592544, 53.48853896923634], [10.203296744417038, 53.488522204459656], [10.203252008974092, 53.48850550802064], [10.203207284017823, 53.488488911732084], [10.203162380229172, 53.48847240431566], [10.20311748421039, 53.48845589968788], [10.203072459716697, 53.48843948489365], [10.20302750123708, 53.48842315088542], [10.202982363524011, 53.488406882371265], [10.202937045670383, 53.48839069905171], [10.202891846085032, 53.48837455817372], [10.20284646656271, 53.48835851143325], [10.202800987176225, 53.48834249685135], [10.202755554539138, 53.48832658976164], [10.202710143031158, 53.488310843304944], [10.20266453393515, 53.488295060685374], [10.202618891066642, 53.48827943882594], [10.202572955397313, 53.48826377765148], [10.202527212503789, 53.488248120187336], [10.202487854854546, 53.488234839694265], [10.202481935848168, 53.48823285012403], [10.202435480471456, 53.48821735960094], [10.202389387560581, 53.48820207272222], [10.20234326424123, 53.48818682205578], [10.202297066144686, 53.48817161620334], [10.202250607911399, 53.48815650765477], [10.202204682966473, 53.488141616736414], [10.202158175976368, 53.48812662397137], [10.202111706911095, 53.488111771005734], [10.20206521084319, 53.48809695540061], [10.202018621983473, 53.48808224024374], [10.201997613161328, 53.4880756567923], [10.201971917140584, 53.48806760452415], [10.201925170709554, 53.488053035183746], [10.201878508467155, 53.48803863698105], [10.201831526445536, 53.48802430839247], [10.201784578761869, 53.488010099172676], [10.201737395859768, 53.48799592040991], [10.20169026815267, 53.487981893582905], [10.201643113634647, 53.487967934340226], [10.201595822378648, 53.487954059790454], [10.20154849658062, 53.48794027907433], [10.201500983609577, 53.48792655740616], [10.20145356852862, 53.48791287504206], [10.201406036961183, 53.48789926270629], [10.201358517650629, 53.487885663892314], [10.20131085376698, 53.48787209902353], [10.20126327110989, 53.48785865046831], [10.201215574349556, 53.4878451860253], [10.201167879369134, 53.48783175343824], [10.201120064721955, 53.48781840075611], [10.201072336821833, 53.48780509290289], [10.201024550278389, 53.48779186387343], [10.200976653237122, 53.48777873913263], [10.200928666617811, 53.48776570284899], [10.200880690971742, 53.48775277078823], [10.200832580058334, 53.487739887142745], [10.200784328897365, 53.48772706841424], [10.200736190810776, 53.48771444106423], [10.200687873097332, 53.48770183150881], [10.200639445032431, 53.487689325563466], [10.200590929716325, 53.487676873886215], [10.200542587368728, 53.48766459304125], [10.20050785991978, 53.487655799512964], [10.200473313427166, 53.487647141494264], [10.200438550706897, 53.48763843775226], [10.200403746962355, 53.48762982073167], [10.200368943017354, 53.48762119436982], [10.200334081674068, 53.487612630551425], [10.20029927057994, 53.4876040758542], [10.200264506939408, 53.487595635824434], [10.20022959952466, 53.487587223123334], [10.200194635968357, 53.48757882865951], [10.200159700956917, 53.4875704621526], [10.200124660392788, 53.48756216210662], [10.200089709402015, 53.48755385373972], [10.200054700611178, 53.48754568025764], [10.200019624858355, 53.48753747548568], [10.199984490155119, 53.487529360598494], [10.19994924364421, 53.4875211708224], [10.1999141166067, 53.48751313368692], [10.199878979343595, 53.48750512855096], [10.19984370802825, 53.48749713178395], [10.199808724573444, 53.48748925991926], [10.199773470880814, 53.4874813217262], [10.199738170604778, 53.487473441396865], [10.199702884602575, 53.48746563490622], [10.199667564870193, 53.48745785083355], [10.199632241613445, 53.48745010833442], [10.19959695071466, 53.487442410177756], [10.199561509226074, 53.48743471310601], [10.199526073315685, 53.487427110216586], [10.199490571954943, 53.487419515121076], [10.199455088424802, 53.487411964385664], [10.199419602503301, 53.487404476524844], [10.199384257064445, 53.4873970583569], [10.199348880577586, 53.487389695974855], [10.19931317894355, 53.487382276735005], [10.199277369498251, 53.487374899862935], [10.19924177428702, 53.48736761982351], [10.199206174055274, 53.4873603692382], [10.199170559370517, 53.48735317165426], [10.199134782087475, 53.48734598849302], [10.199099146621162, 53.487338885371585], [10.199063460966334, 53.4873317995723], [10.19902765477342, 53.48732474315931], [10.198991926327807, 53.487317744209825], [10.198956087523538, 53.48731078289192], [10.198920271483694, 53.487303870149326], [10.198884461538473, 53.4872969902337], [10.198848612976546, 53.48729016098574], [10.198812664749886, 53.48728335708326], [10.198776740886714, 53.48727661531839], [10.198740605708691, 53.487269853580905], [10.1987048271524, 53.48726321087062], [10.198668753828063, 53.487256558050824], [10.198632774667697, 53.48724996598207], [10.198596770365338, 53.48724341261417], [10.198560838943099, 53.48723692747992], [10.198524687403557, 53.487230445369974], [10.198488610382476, 53.487223976430506], [10.198452558621508, 53.487217619780836], [10.198416393183008, 53.48721125636872], [10.198380268569315, 53.487204957623284], [10.198344042330513, 53.487198698650005], [10.198307893075416, 53.48719246750316], [10.198271815404876, 53.48718630666316], [10.19823554234123, 53.487180165752356], [10.198199391803408, 53.48717404513647], [10.198163042390147, 53.4871679918481], [10.198126737104223, 53.48716197451839], [10.198090438692839, 53.48715602909204], [10.198054124685095, 53.4871501220895], [10.198017739352872, 53.48714423204605], [10.197981392861434, 53.487138376967415], [10.197944961364364, 53.48713256524099], [10.197908705900254, 53.4871268351278], [10.197872168212083, 53.48712111912339], [10.197835883120666, 53.48711550206118], [10.19779920604143, 53.48710983493153], [10.19776289508233, 53.487104308218086], [10.19772644563071, 53.4870987891588], [10.197689797541626, 53.48709328295349], [10.197653291788358, 53.48708778440341], [10.197616638884492, 53.487082411911906], [10.197580257955662, 53.487077051042306], [10.197543715307857, 53.487071736098954], [10.197507252571462, 53.48706646449096], [10.19747034740826, 53.48706117102463], [10.197433769399094, 53.48705598207484], [10.197397159469734, 53.48705084652833], [10.19736054205592, 53.48704571820594], [10.197323819595903, 53.48704064618695], [10.197287117318846, 53.48703559299157], [10.197250475073378, 53.48703059582222], [10.197213631032007, 53.48702563479992], [10.197176888536399, 53.48702074185904], [10.197140156446263, 53.487015856553384], [10.197103515157695, 53.48701105394647], [10.19706670232024, 53.4870062649974], [10.19703000966889, 53.48700149854706], [10.196992946208924, 53.48699679784438], [10.196956204162465, 53.48699211700344], [10.196919229629733, 53.4869874850011], [10.196882579812945, 53.48698291271514], [10.1968457480088, 53.486978344149854], [10.19680867415347, 53.48697384081422], [10.196771915570867, 53.486969369556405], [10.196734959851666, 53.4869649711222], [10.196697842666028, 53.48696056622917], [10.196660875019509, 53.48695625312804], [10.196624312621411, 53.486952011045176], [10.19658675732947, 53.486947640836725], [10.196549637663225, 53.486943436954036], [10.196512518747761, 53.48693929482911], [10.196475616546127, 53.48693519089902], [10.196439007806793, 53.486931164691256], [10.196401990368777, 53.486927150728505], [10.196364805692129, 53.486923173395176], [10.19632778555338, 53.4869192461831], [10.196291457524328, 53.48691542028236], [10.196254378123461, 53.4869115558819], [10.196216989063673, 53.48690772781636], [10.196180214312582, 53.4869040032509], [10.196143049309791, 53.486900300434165], [10.196105991207457, 53.48689665768098], [10.196068769268907, 53.48689300246146], [10.196031723586094, 53.486889399732924], [10.195994498092348, 53.48688582164158], [10.195957352072785, 53.486882346395525], [10.195920534600505, 53.48687892267192], [10.195882909931457, 53.48687546380054], [10.195846335023614, 53.48687219162877]]}, "properties": {"object_id": "a4daa18e-d9a5-4084-a9cf-bb7e6da1f6c2", "type": "Rail_Left", "material": "metal"}}, {"type": "Feature", "geometry": {"type": "LineString", "coordinates": [[10.209958857823686, 53.491594958614904], [10.209948537788847, 53.491589927683066], [10.209919358169685, 53.4915756989702], [10.209890226605449, 53.49156149483793], [10.209860728263525, 53.491547114664186], [10.209831874072698, 53.491533031610736], [10.20980273283057, 53.49151881461286], [10.209773542640649, 53.491504571909616], [10.20974437149351, 53.49149033397747], [10.209715221115413, 53.49147610060014], [10.20968605275959, 53.49146185165442], [10.209656843958303, 53.491447562272405], [10.209627717428708, 53.491433314176405], [10.209598696049127, 53.49141910596213], [10.209569587153199, 53.49140485313208], [10.20954053498638, 53.49139059129061], [10.209511342325507, 53.49137626036103], [10.209482337052778, 53.49136201677328], [10.20945314542872, 53.49134768841306], [10.209424094907916, 53.49133341104194], [10.209395038115995, 53.49131909807602], [10.209365959856898, 53.4913047924357], [10.209336874864766, 53.491290481062784], [10.209307961810982, 53.49127623889854], [10.209278774428624, 53.491261873047776], [10.209249673022363, 53.49124755610295], [10.209220621679224, 53.49123324562159], [10.209191828661295, 53.491219034670436], [10.20916263203155, 53.49120463246274], [10.209133716005791, 53.49119033199234], [10.20910483312811, 53.49117605256284], [10.20907580826345, 53.49116169707866], [10.209046684030502, 53.49114726032222], [10.209017576481726, 53.4911328611375], [10.208988786513176, 53.49111860984844], [10.208959763169254, 53.49110423844161], [10.20893081728881, 53.49108988903956], [10.20890183150323, 53.49107551575063], [10.20887282589609, 53.49106114442109], [10.208843870650577, 53.49104675086958], [10.208815103028265, 53.49103244890605], [10.208786013340307, 53.49101803772844], [10.208757052049707, 53.49100365752098], [10.20872799198151, 53.49098921952762], [10.208699181470015, 53.49097487113162], [10.208670185574885, 53.49096046437478], [10.20863831808066, 53.49094460880064], [10.208581377886127, 53.49091622836261], [10.208523573350277, 53.49088742384227], [10.20846577219685, 53.490858638891076], [10.208408104310243, 53.49082987846381], [10.208350122352067, 53.49080098085534], [10.208292292447622, 53.49077217221789], [10.208234430249219, 53.490743369304305], [10.208176625606374, 53.490714566855466], [10.208118793945905, 53.49068575504242], [10.208061035653786, 53.490656970319066], [10.20800951556682, 53.49063127902004], [10.207948283914899, 53.490600738930674], [10.207890441465288, 53.49057191173118], [10.207832644605391, 53.4905431131368], [10.207774787526171, 53.490514293175174], [10.207717016261721, 53.49048552348045], [10.207659180479792, 53.49045671693405], [10.207601304401521, 53.49042790455849], [10.207543450436864, 53.49039909294008], [10.207485485916196, 53.490370215241434], [10.207427551781649, 53.490341347494386], [10.20736993213001, 53.49031263063873], [10.20731222559998, 53.49028386252874], [10.207254381928731, 53.49025502690646], [10.207196699151977, 53.49022626959383], [10.207138725875696, 53.49019734997429], [10.207080941444097, 53.49016853294032], [10.207023198079446, 53.490139717100696], [10.206965345205182, 53.49011084374921], [10.206907525592193, 53.490081999624444], [10.206849751940945, 53.490053146630565], [10.206791905092128, 53.490024254866654], [10.206734205742762, 53.48999544716956], [10.206675463752747, 53.48996615773421], [10.206617609531003, 53.489937325639076], [10.206559805785284, 53.48990847727729], [10.206502007721108, 53.48987964750781], [10.206444191243968, 53.48985080501306], [10.206386387261892, 53.48982198029469], [10.20632864396923, 53.48979318904939], [10.206270775777206, 53.48976436810459], [10.206212892507725, 53.48973554238826], [10.206155059040535, 53.489706764059456], [10.206097192514026, 53.489677979483304], [10.206039607556082, 53.48964937214053], [10.20599911293291, 53.489629281242756], [10.205958546576026, 53.489609179950854], [10.205918050206545, 53.48958915304813], [10.2058773319746, 53.4895690326212], [10.205836751336953, 53.48954902022782], [10.205796017979127, 53.48952897704532], [10.20575525541801, 53.48950894008204], [10.205714503518122, 53.48948894123859], [10.205673762709003, 53.48946899734854], [10.205632917129915, 53.48944905684947], [10.205592056333842, 53.48942915847209], [10.205551158679427, 53.489409273512784], [10.205510218333854, 53.4893894228818], [10.205469181055195, 53.489369623845114], [10.205428122631695, 53.489349879215595], [10.205387051741807, 53.48933015786088], [10.20534588977388, 53.48931046583766], [10.20530466225406, 53.48929083866159], [10.205263406066926, 53.48927124198336], [10.205222077636838, 53.489251653820894], [10.20518068170118, 53.489232136148814], [10.205139284952782, 53.489212660128715], [10.205097694256008, 53.489193212332296], [10.205056127542214, 53.489173831405836], [10.20501454095322, 53.48915448499973], [10.204972839767805, 53.48913519087385], [10.20493099451467, 53.48911603633471], [10.204889144400045, 53.48909682695381], [10.204847187452971, 53.48907774945595], [10.20480516066268, 53.48905873145332], [10.204763152209575, 53.489039740859575], [10.204721005631736, 53.48902079851939], [10.204678737482354, 53.48900189134272], [10.204636458818946, 53.488983077706905], [10.204594124121018, 53.488964329373246], [10.204551625590856, 53.48894562549931], [10.204509044504821, 53.488926999365994], [10.204466434786594, 53.488908432455865], [10.204423765930258, 53.488889970769335], [10.204380916243496, 53.48887155438341], [10.204337999047794, 53.48885321627866], [10.204294981343123, 53.48883492972223], [10.204251968445048, 53.48881674046007], [10.204208744106095, 53.48879859540745], [10.204165568062715, 53.488780539044264], [10.204122234925908, 53.488762562211285], [10.204078927307654, 53.48874471688691], [10.20403535769167, 53.48872685605063], [10.203991799934448, 53.48870910224427], [10.203948247691773, 53.48869139557747], [10.203904465951728, 53.48867374136858], [10.20386072320832, 53.488656144388244], [10.20381689373809, 53.4886385940352], [10.203773002971937, 53.4886211776158], [10.20372902387504, 53.48860377101186], [10.203684985400702, 53.48858645744229], [10.20364075315294, 53.488569217783116], [10.20359654561494, 53.48855204467297], [10.203552157084784, 53.48853497722353], [10.203507776306216, 53.48851796993249], [10.20346333270275, 53.488501027316666], [10.203418762827749, 53.48848414115131], [10.203374168111509, 53.48846735822628], [10.203329461323369, 53.48845063028305], [10.203284652388415, 53.48843399094465], [10.203239856695593, 53.48841734128108], [10.203194942243064, 53.48840082894907], [10.203149916680172, 53.48838439938705], [10.203104808705511, 53.48836805357143], [10.2030596394024, 53.488351742876276], [10.20301457082778, 53.488335589634914], [10.202969172144664, 53.488319362373545], [10.202923775297403, 53.48830324983717], [10.202878370990986, 53.48828727314032], [10.202833052234018, 53.48827136990707], [10.202787249427375, 53.48825546525235], [10.202741622067132, 53.48823969226559], [10.202695909690313, 53.488223984827115], [10.202650017546974, 53.48820834761302], [10.202604186501503, 53.48819279782893], [10.20255823913283, 53.48817728855836], [10.202512244564504, 53.488161883522636], [10.20246619506878, 53.48814655429382], [10.202419932239982, 53.48813126559368], [10.202373860652056, 53.488116047237284], [10.202327392156361, 53.488100975030804], [10.202281203397671, 53.4880860391542], [10.202234400679071, 53.48807099676136], [10.202187888887796, 53.48805608013321], [10.202141604986926, 53.48804130315526], [10.20209474812767, 53.488026487000695], [10.202048175756726, 53.488011752612614], [10.202001410806353, 53.487997215338694], [10.201954455753256, 53.48798271682119], [10.201907619748424, 53.48796826216431], [10.201860580109136, 53.487953960834744], [10.201813525035101, 53.487939757217504], [10.201766483554692, 53.48792543474685], [10.201719259663305, 53.48791130925064], [10.201672111812924, 53.48789727874399], [10.201624797559433, 53.48788329565098], [10.20157732738372, 53.48786936883496], [10.201530168060449, 53.48785564581244], [10.201482498846158, 53.487841803021404], [10.201434994891805, 53.48782812174242], [10.201387532496437, 53.48781454639154], [10.201339728130517, 53.48780101700641], [10.201292144100417, 53.48778759667639], [10.201244315602137, 53.48777419454396], [10.201196458237494, 53.48776089311112], [10.201148519610623, 53.48774765099005], [10.201100630927172, 53.48773455616676], [10.201052668782276, 53.48772144344484], [10.201004539699754, 53.48770845077708], [10.200956408186824, 53.48769553586754], [10.20090825413196, 53.4876827065193], [10.200860001183067, 53.487669945816165], [10.200811684575607, 53.487657238506074], [10.200763318972887, 53.48764461985814], [10.200715093346483, 53.48763211317818], [10.200666548851977, 53.48761966658877], [10.20061802206213, 53.48760728242066], [10.200569146570926, 53.48759488602059], [10.20053439551927, 53.48758613846482], [10.20049964790826, 53.487577466139314], [10.20046487557319, 53.48756878765236], [10.200430083826006, 53.487560156776965], [10.200395267990837, 53.48755161721192], [10.20036037127632, 53.487543057449955], [10.200325628032752, 53.48753458559319], [10.200290391307673, 53.48752609466414], [10.200255519215828, 53.48751767718176], [10.20022043487445, 53.48750927519614], [10.200185585368347, 53.48750096969425], [10.200150598888424, 53.48749266193482], [10.200115468257458, 53.487484408110895], [10.200080435843908, 53.48747621042128], [10.200045379907165, 53.48746803176853], [10.200010138403577, 53.48745985914743], [10.19997505877138, 53.48745179971151], [10.199939806637548, 53.487443708492194], [10.199904586421454, 53.48743572286137], [10.199869311597727, 53.487427721638866], [10.199834068860476, 53.48741979995151], [10.199798821602947, 53.48741190167627], [10.199763463950692, 53.48740402991797], [10.199728185147013, 53.4873962535925], [10.199692772599242, 53.48738845590674], [10.199657411567019, 53.487380726496205], [10.199621920994463, 53.48737302978478], [10.19958655022938, 53.487365397326265], [10.199551063477553, 53.487357788649646], [10.199515533009599, 53.48735021580007], [10.199480041068982, 53.487342685951766], [10.199444494579165, 53.48733520123795], [10.199408971691026, 53.48732776279679], [10.19937341722225, 53.487320380987015], [10.199337744958646, 53.48731302294491], [10.19930205842864, 53.487305670366595], [10.199266379149394, 53.48729837993397], [10.199230725951319, 53.4872911509962], [10.19919500029206, 53.487283915642735], [10.19915931358248, 53.48727676024647], [10.199123565599091, 53.487269631875506], [10.199087784128212, 53.487262569201334], [10.199051926646659, 53.48725550022588], [10.199016120578966, 53.48724849995681], [10.19898029994483, 53.4872415289351], [10.198944446769652, 53.48723466382082], [10.198908549431753, 53.487227785299716], [10.19887269756453, 53.48722094968867], [10.198836690272321, 53.48721417278569], [10.198800804851247, 53.48720744283702], [10.198764963837355, 53.48720075324538], [10.198728170344602, 53.487193961029725], [10.198692136286246, 53.48718732049768], [10.198656140575668, 53.48718074054233], [10.198620122314882, 53.48717420685541], [10.198584047673723, 53.48716773441566], [10.198548001881333, 53.4871612690658], [10.198511856426963, 53.48715484991162], [10.198475544282884, 53.48714846576624], [10.198439500053777, 53.48714212371505], [10.19840330276675, 53.487135838682185], [10.19836708337705, 53.48712958341747], [10.198330841425337, 53.48712336100411], [10.198294619199698, 53.48711718155835], [10.198258356447079, 53.48711103663752], [10.198222121268753, 53.48710499563377], [10.198185879697395, 53.48709896451487], [10.19814937110376, 53.487092921362425], [10.198113058700756, 53.48708694225229], [10.198076665867069, 53.48708104099909], [10.198040416170317, 53.48707519537823], [10.198004159451559, 53.48706936455534], [10.197967618966336, 53.48706355208283], [10.197931184076381, 53.48705777458252], [10.197894477115225, 53.48705203054038], [10.1978581742646, 53.487046410036825], [10.197821675515236, 53.48704077631233], [10.197785217056833, 53.48703519379006], [10.197748730113565, 53.48702967265703], [10.197712056763885, 53.48702414589091], [10.197675497511806, 53.48701869223173], [10.197638907784453, 53.48701329148115], [10.19760238634404, 53.48700791715091], [10.197565733611588, 53.48700258091619], [10.19752921597207, 53.48699731876508], [10.197492550399446, 53.48699203804399], [10.197455845963523, 53.48698677631072], [10.19741914329813, 53.48698161949831], [10.197382578872242, 53.486976521106925], [10.197345753836839, 53.486971419404], [10.19730909112405, 53.486966388320376], [10.197272374708025, 53.48696137153999], [10.197235500345535, 53.48695641430584], [10.197198653829968, 53.48695151825318], [10.197161839642183, 53.48694665142341], [10.19712510385283, 53.486941810846886], [10.19708822865881, 53.48693703510985], [10.19705143226265, 53.48693228040517], [10.197014718995, 53.48692760157754], [10.196977695008632, 53.48692290115982], [10.196940788892665, 53.48691827504572], [10.196903934649638, 53.48691368785327], [10.196866978786671, 53.4869091508989], [10.196830099267139, 53.486904654507335], [10.196793138867493, 53.48690020826014], [10.19675619250673, 53.48689583232742], [10.196719375503381, 53.486891463892974], [10.19668216641555, 53.48688709786089], [10.19664464266439, 53.486882746726565], [10.196608152261957, 53.48687860872383], [10.196571098574012, 53.486874415114066], [10.196533996703788, 53.486870253329144], [10.196497068136797, 53.48686615235908], [10.196459707248982, 53.48686207235575], [10.196422675134203, 53.48685805229757], [10.196385520013171, 53.48685404302154], [10.196348526029924, 53.486850129139725], [10.196311011636409, 53.48684617831226], [10.19627405431505, 53.48684236234581], [10.196236792016064, 53.4868385477136], [10.196199494468202, 53.486834800510806], [10.19616234356811, 53.48683106663556], [10.196125142471631, 53.48682736089885], [10.196088272544864, 53.486823733681504], [10.196050650699116, 53.48682010328844], [10.196013571621748, 53.48681656108902], [10.195976438107692, 53.48681306069852], [10.195938649271291, 53.4868095657902], [10.19590152951465, 53.48680612477016], [10.195864554958419, 53.48680274767795]]}, "properties": {"object_id": "f805daf3-5f04-4c87-a60c-ba6452bb44b8", "type": "Rail_Left", "material": "metal"}}, {"type": "Feature", "geometry": {"type": "LineString", "coordinates": [[10.195840181715438, 53.4868949453427], [10.195876952255727, 53.4868982885904], [10.19591414626913, 53.48690169553032], [10.195951174291348, 53.486905142106146], [10.195987901221109, 53.486908637439704], [10.19602511323696, 53.48691219359832], [10.196062460360457, 53.486915782653206], [10.196099396353763, 53.486919368478645], [10.196136598626628, 53.48692300678888], [10.196173894277472, 53.48692671605707], [10.196210633401572, 53.4869304573598], [10.196247977985177, 53.48693429362818], [10.196285163868401, 53.4869381555456], [10.19632102062179, 53.48694191270152], [10.196358100874006, 53.486945849904664], [10.19639525449675, 53.48694983184861], [10.19643220979914, 53.48695383910543], [10.196468722713638, 53.48695782669527], [10.196505589316445, 53.48696192759457], [10.196542605183184, 53.48696607770485], [10.196579771353923, 53.486970230809085], [10.196616995389283, 53.48697456207786], [10.196653918875322, 53.486978802910414], [10.196690904337272, 53.48698316531372], [10.196727799070205, 53.48698755368977], [10.196764877329372, 53.48699198663878], [10.196801820268169, 53.486996435129335], [10.19683871032345, 53.487000916646465], [10.196875630287694, 53.48700548367967], [10.196912587754921, 53.487010081196445], [10.196949403593738, 53.48701469673283], [10.196986349366329, 53.48701936095105], [10.197023171868, 53.48702410755434], [10.197060093231256, 53.48702886168449], [10.197096748838716, 53.48703363350555], [10.19713351418629, 53.487038501494695], [10.197170516006278, 53.487043380182435], [10.197207286854734, 53.48704831354312], [10.19724408175124, 53.48705327475276], [10.197280678417041, 53.48705824373401], [10.197317420221468, 53.48706330315264], [10.197354218683031, 53.48706840119181], [10.197391076046376, 53.487073608873395], [10.19742756385962, 53.487078764098], [10.197464224559937, 53.487083932605216], [10.197500846225442, 53.48708919992964], [10.197537496673016, 53.48709448426432], [10.197574024440733, 53.487099862520665], [10.197610629913198, 53.48710525870069], [10.197647162051469, 53.48711066379019], [10.197683746278445, 53.48711613459323], [10.197720346998462, 53.487121612316635], [10.197756920195967, 53.48712715163542], [10.197793527374303, 53.48713279101913], [10.197829875485187, 53.48713837543425], [10.197866290643175, 53.48714406257148], [10.19790268599063, 53.48714978350535], [10.197939285183054, 53.48715557005485], [10.197975617475521, 53.48716138202048], [10.198012052593123, 53.487167228158036], [10.1980484490398, 53.48717311952295], [10.19808472693952, 53.487179069903334], [10.198121126435996, 53.48718505279329], [10.198157536114607, 53.4871910849382], [10.198193662383689, 53.48719710112886], [10.198229958441384, 53.48720319471409], [10.19826640894489, 53.48720935256366], [10.198302577027171, 53.48721549638408], [10.19833884743919, 53.487221712048175], [10.198375032947585, 53.487227986732236], [10.198411112792405, 53.48723427420321], [10.19844722153619, 53.487240623514495], [10.198483481170507, 53.487246989056565], [10.198519509628884, 53.487253437334545], [10.198555682138766, 53.48725995967135], [10.198591501334214, 53.48726643722746], [10.198627101744279, 53.4872729199089], [10.19866377159928, 53.48727964433002], [10.198699902174999, 53.48728635107108], [10.198735888711864, 53.48729303882892], [10.198771937950028, 53.48729981515489], [10.198807842900996, 53.48730656878262], [10.198843854160568, 53.48731341846981], [10.198879655835091, 53.487320238108055], [10.198915541927622, 53.48732713485647], [10.198951365767089, 53.48733407955265], [10.198987174036706, 53.48734103770819], [10.199022943259564, 53.487348056932746], [10.199058812233428, 53.487355114305515], [10.19909453853609, 53.48736224149999], [10.199130259793398, 53.48736939054602], [10.199166038000937, 53.48737656940067], [10.19920172708955, 53.48738376911425], [10.199237467755676, 53.48739106098508], [10.199273057248861, 53.48739838033359], [10.199308641456474, 53.48740572712783], [10.199344289439942, 53.487413119788144], [10.199379846078, 53.487420547882465], [10.199415358311734, 53.487428046665066], [10.199450966280088, 53.48743554676698], [10.199486391966856, 53.48744314383678], [10.199521844180659, 53.487450740025935], [10.199557370763719, 53.487458373166305], [10.19959277179558, 53.487466058082255], [10.199628199128727, 53.48747380004556], [10.19966357382946, 53.487481551403604], [10.199698909785885, 53.487489337763286], [10.199734325091745, 53.48749719821585], [10.199769505105392, 53.487505041500015], [10.199804766451374, 53.487512958892964], [10.199839986399754, 53.487520921883046], [10.199875276341604, 53.48752893045709], [10.199910629223952, 53.48753702759747], [10.199945525245214, 53.487545055185066], [10.19998091851312, 53.48755320159064], [10.200015901083896, 53.48756133614441], [10.200051035899742, 53.48756956175343], [10.200086099264706, 53.487577807147346], [10.200121078476068, 53.48758607067782], [10.200156098353148, 53.487594390705475], [10.20019113098253, 53.4876028012399], [10.200226098226585, 53.48761118959019], [10.200261027691672, 53.487619629410396], [10.200295969192988, 53.48762814944818], [10.20033080475045, 53.48763668380691], [10.200365468967727, 53.48764520571409], [10.200400473478844, 53.48765388804301], [10.200435256410676, 53.487662559683855], [10.200469988076692, 53.48767126139686], [10.200504737063342, 53.48768002178255], [10.200539437423211, 53.48768878584857], [10.200588103471311, 53.487701170616], [10.200636469450156, 53.48771366024309], [10.200685045690589, 53.48772622892938], [10.200733272148096, 53.487738879422146], [10.200781457517275, 53.48775162511102], [10.200829673545892, 53.487764501580564], [10.200877726358202, 53.48777748369238], [10.200925793962623, 53.487790561338166], [10.200973754515953, 53.487803714381684], [10.201021566821424, 53.4878169517825], [10.201069193751128, 53.48783030295878], [10.201117124571278, 53.48784383625772], [10.201164676249485, 53.48785732598097], [10.201212399417807, 53.4878710128501], [10.201259873563867, 53.48788474176115], [10.201307351148582, 53.487898644547414], [10.201354565240543, 53.4879125590309], [10.201401852507287, 53.48792662237208], [10.20144899898992, 53.487940698073935], [10.201495998148452, 53.48795489239948], [10.201543107584484, 53.48796921225812], [10.20159013961529, 53.487983653449746], [10.201636790993721, 53.48799808447697], [10.201683517688194, 53.488012686791826], [10.201730213130695, 53.48802735276793], [10.20177695128955, 53.48804214104818], [10.201823407883165, 53.48805702529296], [10.20186982735008, 53.48807197197708], [10.201916262714665, 53.488087037408576], [10.20196247342831, 53.48810214934762], [10.20200870363721, 53.48811741671615], [10.20202989470478, 53.48812444486087], [10.202054925702864, 53.48813274653371], [10.202100822960155, 53.48814825672584], [10.202146495828268, 53.48816381536313], [10.202192355853779, 53.48817940642376], [10.202237935554052, 53.48819503024958], [10.20228352664943, 53.48821092378778], [10.202329077072095, 53.48822685582965], [10.202374526204808, 53.48824284529761], [10.202419936109626, 53.48825883129569], [10.202465199888799, 53.48827495276628], [10.202510432776197, 53.4882911673606], [10.202555713793624, 53.48830747826629], [10.202600843039242, 53.488323824532934], [10.202645734137322, 53.48834022177893], [10.202690603596682, 53.48835678688325], [10.202735535352677, 53.48837343036309], [10.202780211969152, 53.48839006797795], [10.20282491068667, 53.48840679474544], [10.202869711434698, 53.48842353541981], [10.202914295355102, 53.48844032589911], [10.20295885076888, 53.488457270147634], [10.203003543908407, 53.4884743258055], [10.203032240383349, 53.48848539364465], [10.203047783859942, 53.48849139987837], [10.203091789572143, 53.488508475420545], [10.203135968253592, 53.488525673363505], [10.203180079115256, 53.48854297789897], [10.203223990551047, 53.488560337897965], [10.203267873609503, 53.48857782797631], [10.203311841941185, 53.488595434745505], [10.203355482469984, 53.48861305636884], [10.203399152610407, 53.488630687346834], [10.203442744853506, 53.488648476425574], [10.203486298681383, 53.48866640579268], [10.203529472374438, 53.488684265610125], [10.203572833981273, 53.48870239962427], [10.203601562964842, 53.48871441391856], [10.20361617102949, 53.48872052292117], [10.20365925269003, 53.48873851158031], [10.203708616914492, 53.48875950732974], [10.203747506074954, 53.48877619416273], [10.203784224974696, 53.48879195852772], [10.20382085083211, 53.48880777601705], [10.203857271375965, 53.4888234853911], [10.203892782274504, 53.488838968698715], [10.203928505607768, 53.488854620562535], [10.203967341925969, 53.48887166661794], [10.204002157069521, 53.4888870955126], [10.204039809327451, 53.48890379738769], [10.204111099209504, 53.48893536821122], [10.20414709490368, 53.48895126806789]]}, "properties": {"object_id": "db625663-87ca-4413-9ad2-e89d2a5ccdf2", "type": "Rail_Left", "material": "metal"}}, {"type": "Feature", "geometry": {"type": "LineString", "coordinates": [[10.195877801331127, 53.48675415225045], [10.195915076572149, 53.48675754980859], [10.19595178568444, 53.48676096341099], [10.195989884641945, 53.486764528700874], [10.196027357053696, 53.4867680872824], [10.196064007767772, 53.48677156948182], [10.196101619133966, 53.486775192424886], [10.196138768279381, 53.48677882009888], [10.196175746103856, 53.486782466941], [10.196213076521376, 53.486786164981304], [10.196250732307051, 53.48678997015055], [10.196287589169835, 53.486793725566365], [10.196324666522502, 53.48679758820314], [10.19636294179074, 53.48680158447675], [10.19640009258225, 53.486805517688126], [10.196437261587953, 53.486809515980845], [10.196474270387862, 53.486813487542484], [10.196511981557292, 53.48681758707997], [10.196549267986512, 53.48682173376767], [10.196586119712371, 53.486825845949035], [10.1966230916085, 53.48683005064996], [10.196660053506847, 53.48683429042513], [10.196697085371754, 53.48683855622932], [10.196734048227981, 53.486842842527615], [10.196770960193772, 53.48684715528833], [10.196807809827577, 53.48685158531244], [10.196844735882724, 53.48685601136632], [10.196881658653709, 53.48686046455094], [10.196918595359946, 53.48686497909339], [10.196955483489958, 53.4868695324001], [10.196992403831455, 53.486874103761885], [10.19702909913639, 53.48687872815773], [10.197065954365318, 53.4868833736147], [10.197102851619151, 53.48688811077926], [10.197139581743215, 53.48689289307988], [10.19717646018422, 53.48689766235888], [10.19721322334089, 53.486902518838164], [10.19724999062162, 53.48690736926192], [10.197286537149166, 53.48691228616492], [10.197323240726224, 53.48691721980883], [10.197360001033712, 53.486922223545484], [10.19739666832963, 53.48692729565098], [10.197433436845243, 53.48693234943767], [10.197470045116468, 53.48693746474119], [10.197506662967138, 53.48694258328473], [10.197543284325059, 53.48694780680644], [10.197580007748797, 53.486953077822555], [10.197616567167032, 53.48695839680829], [10.197653037532762, 53.48696371333077], [10.197689742151264, 53.4869690665712], [10.197726249622894, 53.48697449572501], [10.197762840099855, 53.486979947084116], [10.197799387461764, 53.48698541536754], [10.197835741323253, 53.48699091988702], [10.197872066285134, 53.486996511722666], [10.197908650167832, 53.48700210569048], [10.197945069420417, 53.48700772683691], [10.197981743138733, 53.48701344920237], [10.19801799733503, 53.48701916734373], [10.19805436283977, 53.48702489928971], [10.198090674685586, 53.48703069343745], [10.198127020309062, 53.48703654199974], [10.198163551894083, 53.487042433809755], [10.198199710633547, 53.48704834424448], [10.198236110708876, 53.487054322331446], [10.198272178596895, 53.4870603374244], [10.198308475300946, 53.487066342671866], [10.198344809941577, 53.487072442680805], [10.198381084617488, 53.48707861013193], [10.19841728176548, 53.4870847452513], [10.198453574118389, 53.48709095952665], [10.198489820719924, 53.487097233655795], [10.198525906392275, 53.48710350466526], [10.198562043603571, 53.48710982746287], [10.198598174298912, 53.48711618800616], [10.198634022272708, 53.48712257885947], [10.198670198171719, 53.487129019868895], [10.198706269219718, 53.48713550067534], [10.19874229419679, 53.48714202700878], [10.1987777377567, 53.487148508692044], [10.198813869540526, 53.48715511814331], [10.198849823920908, 53.48716173637638], [10.198885830608624, 53.48716850040325], [10.19892167235824, 53.487175204932086], [10.198957619435319, 53.48718195150761], [10.198993445240516, 53.487188739777245], [10.199029318533775, 53.48719557547771], [10.199065175380701, 53.48720253108014], [10.19910100446593, 53.487209416071714], [10.199136752161477, 53.48721638437613], [10.199172634779583, 53.487223323454735], [10.199208384853325, 53.48723043115765], [10.19924395214371, 53.48723753667201], [10.199279692057484, 53.48724468972383], [10.199315373231164, 53.48725188134035], [10.199351025276544, 53.48725910396554], [10.199386535824589, 53.48726634187687], [10.199422259370138, 53.48727365637306], [10.199457993064042, 53.48728093717979], [10.199493465895948, 53.48728835695901], [10.199529057208343, 53.48729574650697], [10.199564482486547, 53.48730317130745], [10.199600083276131, 53.48731069708917], [10.199635523757895, 53.487318219790055], [10.199670925342126, 53.48732574649145], [10.199706387646962, 53.487333402981264], [10.199741613947511, 53.48734102643978], [10.199776858957916, 53.48734864159691], [10.199812498319133, 53.48735641219493], [10.199847885106806, 53.487364151290905], [10.199883131276236, 53.48737201173363], [10.19991855300861, 53.487379849758426], [10.1999536659941, 53.48738762202934], [10.19998891253621, 53.48739559890009], [10.200024145620146, 53.487403523593926], [10.20005928315277, 53.48741155809734], [10.200094483219717, 53.48741963465061], [10.200129663177686, 53.48742771711668], [10.200164803295056, 53.4874357916948], [10.200199907279453, 53.487443948224296], [10.200234966029564, 53.48745215520413], [10.200270037983403, 53.48746036478107], [10.200304870376378, 53.48746859629735], [10.20033987109311, 53.487476900675254], [10.200374787356823, 53.48748525298692], [10.200409763058763, 53.48749361934248], [10.200444661937754, 53.487502122171534], [10.200479666033903, 53.48751052786211], [10.20051438296116, 53.48751899653459], [10.200549243805174, 53.48752759681826], [10.200584172086392, 53.48753618463573], [10.20063290108649, 53.48754830753697], [10.20068154299184, 53.48756044642864], [10.200730107509479, 53.48757275829886], [10.200778558922947, 53.48758508580474], [10.200827002525036, 53.487597502138506], [10.200875435553158, 53.487609964179974], [10.20092357583344, 53.48762259939943], [10.200972018055419, 53.4876351679894], [10.201020208764362, 53.48764777940756], [10.20106837643331, 53.48766061889034], [10.201116489700429, 53.4876733578962], [10.201164576272893, 53.48768634133282], [10.201212570199857, 53.48769933887651], [10.201260473870752, 53.4877124561489], [10.201308270307697, 53.48772549569601], [10.201356266800309, 53.487738753007], [10.201404120110299, 53.4877519757387], [10.201451630225353, 53.487765276306796], [10.20149947520521, 53.48777873973872], [10.20154703161792, 53.4877922567644], [10.201594591382698, 53.48780590506177], [10.20164215449179, 53.48781956359297], [10.201689467781412, 53.48783322481154], [10.201736987534023, 53.48784705898227], [10.201784153469037, 53.48786094456], [10.201831451160873, 53.487874913325996], [10.201878511182121, 53.48788887475946], [10.201925675727345, 53.48790301901007], [10.201972755666604, 53.487917141356235], [10.202019832033141, 53.48793135109922], [10.202066769383835, 53.48794574044717], [10.20211352007534, 53.487960128392494], [10.202160399483315, 53.48797449117245], [10.202207367545691, 53.4879891089513], [10.202253785681611, 53.4880036572439], [10.202299400257157, 53.48801806439518], [10.202345935467179, 53.488032742441476], [10.202392616004097, 53.488047620366444], [10.20243886759163, 53.488062427034826], [10.202485183606319, 53.48807743263694], [10.20253156148858, 53.48809243076023], [10.202577810284234, 53.48810755970978], [10.202623978737568, 53.48812272621264], [10.202670219209871, 53.48813799719605], [10.202716196444781, 53.48815321665509], [10.202762170851614, 53.488168640559216], [10.202808169390487, 53.488184100058035], [10.202853853806298, 53.488199607423], [10.202899575718089, 53.488215201892324], [10.202945336422639, 53.488230921034905], [10.202990995214973, 53.48824665114927], [10.203036593016137, 53.48826249597058], [10.203081882983332, 53.48827843660034], [10.203127377602437, 53.48829445231851], [10.2031727806731, 53.488310421342504], [10.203217994201824, 53.48832654371528], [10.203263207368904, 53.48834271765343], [10.203308350280532, 53.488358948655595], [10.203353460926852, 53.48837531944762], [10.203398246052512, 53.488391708235], [10.203443235461048, 53.48840817610732], [10.203487991924202, 53.488424749281826], [10.203532865851377, 53.488441367948], [10.203577487141382, 53.48845803856217], [10.203622144476075, 53.48847479310448], [10.203666755522319, 53.48849160336957], [10.203711157741372, 53.48850840855345], [10.20375550385921, 53.48852538883807], [10.203799942345764, 53.48854242615304], [10.20384416422461, 53.48855953273822], [10.203888305657179, 53.488576655235974], [10.203932239103443, 53.488593848458564], [10.203976284372255, 53.48861107989377], [10.204020194081414, 53.48862862018671], [10.204064064364813, 53.48864596809548], [10.204107900823406, 53.48866346418842], [10.204151793440293, 53.488681070853424], [10.204195241257086, 53.488698648147796], [10.204238911155935, 53.48871629120585], [10.20428243240948, 53.488734117530704], [10.20432583675073, 53.48875197178872], [10.204368955690178, 53.48876980210068], [10.204412312894437, 53.48878776958936], [10.204455713999318, 53.48880560245068], [10.204498563512656, 53.48882392883701], [10.20454175058709, 53.48884198992156], [10.204584690422525, 53.48886039348143], [10.204627460250396, 53.48887860239595], [10.204670524162733, 53.488896936483144], [10.20471317343745, 53.48891536930761], [10.204755607758582, 53.488933881284915], [10.204798332483977, 53.48895240996059], [10.204840762278977, 53.48897098892989], [10.204883314137568, 53.48898963499092], [10.204925862502662, 53.48900831282201], [10.204967988708106, 53.489027096704575], [10.205010294400987, 53.48904587477004], [10.205052526677395, 53.489064699575266], [10.205094393542609, 53.48908382887802], [10.205136707089885, 53.4891026119062], [10.205178650419931, 53.48912168436077], [10.20522053854943, 53.4891406962628], [10.205262446014267, 53.48915986358566], [10.205304284051119, 53.489178992300104], [10.205346077091972, 53.48919818256805], [10.205387424529658, 53.489217249885414], [10.205429057177284, 53.489236586400295], [10.205470674427742, 53.48925590847575]]}, "properties": {"object_id": "2dd081f9-b489-490e-9fdb-47b043a5482f", "type": "Rail_Left", "material": "metal"}}, {"type": "Feature", "geometry": {"type": "LineString", "coordinates": [[10.207032735538075, 53.49035955532387], [10.207065473531603, 53.490375870361014], [10.20712332062067, 53.49040477503189], [10.207181192467072, 53.49043369200547], [10.207238744967984, 53.490462516728215], [10.207296533342216, 53.49049127711052], [10.207352783386305, 53.490519452649345], [10.207412102022563, 53.4905490207645], [10.207469908612982, 53.49057783511309], [10.207527930928352, 53.490606756924315], [10.207585687925077, 53.49063554641721], [10.207643348610558, 53.49066428783566], [10.207701202363893, 53.49069312542275], [10.207713220568918, 53.49069911596828], [10.20775882449166, 53.49072184748731], [10.207816888780737, 53.4907507898817], [10.207874805962248, 53.490779658881834], [10.207932384403689, 53.490808358968714], [10.207990164349383, 53.49083715942844], [10.208048257347071, 53.490866022181265], [10.208105887347283, 53.49089485440656], [10.208163838466879, 53.49092380829139], [10.20822158154511, 53.49095264701767], [10.208279580233913, 53.490981520872865], [10.208337029619535, 53.491010205229365], [10.208394900629221, 53.491039100034314], [10.208452163619214, 53.49106769119026], [10.208509984486497, 53.4910965608245], [10.208563234638989, 53.49112314826663], [10.208625669937804, 53.491154321717254], [10.208683319953069, 53.49118295086383], [10.208698386086718, 53.491190484026625], [10.208741618332597, 53.491212100399345], [10.208786203285632, 53.491234365611604], [10.208799386725255, 53.491240949261865], [10.208857073567824, 53.491269838484904], [10.208915005004616, 53.491298691735444], [10.20897268983449, 53.49132742209396], [10.209030179291306, 53.49135605507862], [10.209088529028907, 53.49138511646327], [10.209146409635556, 53.49141394412696], [10.209204173174067, 53.49144271341697], [10.20926142829138, 53.49147122941989], [10.2093204750521, 53.491500637684375], [10.209377357613375, 53.49152904058757], [10.209435060262908, 53.49155794913412], [10.20949139801743, 53.49158613484149]]}, "properties": {"object_id": "fbff8ee9-f51d-48e8-b8ea-633d426aab16", "type": "Rail_Left", "material": "metal"}}, {"type": "Feature", "geometry": {"type": "LineString", "coordinates": [[10.209128217091605, 53.491369125163374], [10.209083712350173, 53.491346755499364], [10.209025744575795, 53.491317997723655], [10.208967867896675, 53.49128919767162], [10.208910036743173, 53.49126036414078], [10.208871603964672, 53.491241239403436], [10.208852230800144, 53.49123159900967], [10.208795717621612, 53.491203477113054], [10.20873800351782, 53.49117464535068], [10.208678890485126, 53.491144997475], [10.208619617582361, 53.49111542763169], [10.208563271606586, 53.49108740753643], [10.208505478769123, 53.49105848934584], [10.208447694799137, 53.49102962635194], [10.208389999125036, 53.491000807394194], [10.208351160107396, 53.490981407288096], [10.208330736210051, 53.49097120553028], [10.208272822600438, 53.49094244242695], [10.208226404928872, 53.49091930187988], [10.208215008450095, 53.490913620400114], [10.208205168835699, 53.490908709117726], [10.208157272290647, 53.490884802313616], [10.208100292600863, 53.49085633433386], [10.208043009534885, 53.490827732956994], [10.207985236954011, 53.490798930220876], [10.2079275516907, 53.49077003458497], [10.207871162669798, 53.49074196149036], [10.207811499098888, 53.49071227012821], [10.207753895211239, 53.49068348703787], [10.207715477740168, 53.490664523611045], [10.207680467769912, 53.49064749456183], [10.207645277133393, 53.490630485083194], [10.207610278556007, 53.490613884263595], [10.207574701100704, 53.490597254114924], [10.20753904609106, 53.49058069142401], [10.207503122508385, 53.4905642164213], [10.207467112811687, 53.49054798535199], [10.207430949495514, 53.49053181669532], [10.207394528307788, 53.49051572541476], [10.207358088540172, 53.49049979554081], [10.207321607287644, 53.49048396061746], [10.207285062602208, 53.49046811182314], [10.20724839146113, 53.49045225138255], [10.207211869559845, 53.49043646295064], [10.20717526466395, 53.49042068175252], [10.207138499693984, 53.49040486144673], [10.207099835084616, 53.490388280899154], [10.207065142492949, 53.49037340365045], [10.207032735538075, 53.49035955532387]]}, "properties": {"object_id": "5896e1d7-2be9-45f8-87f7-725df75381b9", "type": "Rail_Left", "material": "metal"}}, {"type": "Feature", "geometry": {"type": "LineString", "coordinates": [[10.208205168835699, 53.490908709117726], [10.208179449837335, 53.490895521209595], [10.208155817189398, 53.49088327362713], [10.20813307904961, 53.490871188375], [10.208110610497323, 53.490859096849796], [10.208088154128877, 53.4908466696855], [10.20806585440859, 53.49083404746622], [10.208044665341657, 53.49082165119833], [10.208023414034228, 53.49080895911868], [10.208001974113996, 53.490796057105335], [10.207981159802522, 53.49078315962214], [10.207960298018568, 53.49076997792881], [10.207935738931699, 53.49075413226648], [10.20791379819916, 53.49073937269793], [10.207885852609497, 53.4907205736308], [10.207835911385502, 53.49068691287881], [10.207785960967941, 53.490653234223856], [10.207736066203152, 53.490619541048375], [10.20768621808795, 53.490585876438416], [10.207636249260156, 53.49055224015377], [10.207586064429657, 53.4905186474038], [10.207564647404675, 53.490504412578716], [10.207544054789581, 53.49049125304735], [10.207523648036407, 53.49047834163287], [10.207502645907722, 53.4904653737847], [10.207481561671752, 53.49045257271422], [10.20746010954551, 53.49044001351065], [10.207439133259827, 53.49042773086825], [10.207417508094188, 53.4904153222791], [10.207395374114066, 53.490403041655874], [10.20737300522738, 53.49039080961107], [10.207350678372569, 53.49037878026961], [10.207327493898084, 53.49036674548773], [10.207305755803546, 53.49035549088588], [10.207299006336294, 53.49035193456814]]}, "properties": {"object_id": "7b9f5dc2-4c67-4128-8dda-3f8cddc9e4f5", "type": "Rail_Left", "material": "metal"}}, {"type": "Feature", "geometry": {"type": "LineString", "coordinates": [[10.206871382451348, 53.49032312850994], [10.206901844154467, 53.490336630968976], [10.206931492250273, 53.49034971890966], [10.206961711512905, 53.490363147612776], [10.206991883386749, 53.49037642146153], [10.207022390080883, 53.490389785098024], [10.207052866073116, 53.49040307868812], [10.207083418473607, 53.49041635615598], [10.207113449952146, 53.4904294049424], [10.207144445143246, 53.49044288507291], [10.207174561638348, 53.49045599656681], [10.207205212517087, 53.49046937288503], [10.207234260368594, 53.4904820559846], [10.207265870836931, 53.49049586816712], [10.207296900395402, 53.49050945151427], [10.207319491081632, 53.49051930494845], [10.207326702794012, 53.49052251436868], [10.207357722001259, 53.49053614151633], [10.207388056851205, 53.490549522679096], [10.207418085826912, 53.490562825347695], [10.207450460352415, 53.490577339382625], [10.207479305310981, 53.490590291988], [10.207519308626697, 53.490608264067156], [10.207550028655133, 53.49062227607034], [10.20758006671209, 53.49063596716432], [10.207610204073713, 53.49064988097504], [10.207643045070348, 53.4906654369819], [10.207668853351851, 53.490677792403375], [10.207701153533021, 53.490693535959984], [10.20775882449166, 53.49072184748731]]}, "properties": {"object_id": "83e4f635-ede9-4228-a4e0-8e561f9410ad", "type": "Rail_Left", "material": "metal"}}, {"type": "Feature", "geometry": {"type": "LineString", "coordinates": [[10.209617051775314, 53.49134661079271], [10.209651022228126, 53.49136399254356], [10.209696763379903, 53.4913873879136], [10.209742444423911, 53.49141087079329], [10.209788178151564, 53.49143428102301], [10.209833958278498, 53.49145773869452], [10.20987964473882, 53.49148112406843], [10.209925405141252, 53.491504569962174], [10.209971091634982, 53.49152798971166], [10.210016829020407, 53.491551467354455], [10.21006253966388, 53.491574834638605], [10.210100863868604, 53.49159446432818]]}, "properties": {"object_id": "9b0c8d14-4230-41cc-b3eb-32911f72da9f", "type": "Rail_Left", "material": "metal"}}, {"type": "Feature", "geometry": {"type": "LineString", "coordinates": [[10.209795240237618, 53.49159494912265], [10.209775368170076, 53.49158549006657], [10.209745650415336, 53.49157155090005], [10.209716107366058, 53.491557707737144], [10.209686428987649, 53.491543838716204], [10.209656683334302, 53.491530089762264], [10.2096266321105, 53.49151637423303], [10.209596721268326, 53.491502837209815], [10.209566752283747, 53.49148938792721], [10.209536413687719, 53.49147593388029], [10.209506216574876, 53.491462629785765], [10.209475662885545, 53.49144932488919], [10.209445290971574, 53.49143615304587], [10.209414730778661, 53.49142309609287], [10.209384055161062, 53.49141017628922], [10.209353108030076, 53.49139728049939], [10.209322305475526, 53.491384522263324], [10.209291279398746, 53.49137179182301], [10.209259872569978, 53.49135909207609], [10.209229177704398, 53.491346813279485], [10.209197942316347, 53.491334478924614], [10.209166338289133, 53.49132198876648], [10.209134729122201, 53.491309601448606], [10.209103371360396, 53.49129738999709], [10.209071662246078, 53.49128506978061], [10.209040016654633, 53.491272756635894], [10.20900857009318, 53.4912604531516], [10.208977065443303, 53.49124825476455], [10.208945339506933, 53.49123597650504], [10.208913777371883, 53.49122370614691], [10.208882354094497, 53.49121135634989], [10.208850910548252, 53.49119880844305], [10.208819646184942, 53.49118621848212], [10.20878847539093, 53.49117353041476], [10.208757499091202, 53.49116079462914], [10.208726742871713, 53.49114792585634], [10.208702302169135, 53.49113770611475], [10.208677819474541, 53.49112734250184], [10.2086697344666, 53.49112390983706], [10.208653387407114, 53.491116933815526], [10.208628652497744, 53.491106363800846], [10.208604402308476, 53.49109574270149], [10.208579939551292, 53.491084975652505], [10.20855562869295, 53.49107424345727], [10.20853143198224, 53.491063478372524], [10.208507445907246, 53.49105265705707], [10.208483541556564, 53.49104174104351], [10.208459541828688, 53.49103075368748], [10.208435550554581, 53.49101974825399], [10.208412115430686, 53.49100883084262], [10.208388097675815, 53.490997523069545], [10.208364451729222, 53.49098620554278], [10.208341143607718, 53.49097494304912], [10.2082951119912, 53.49095256172152], [10.208272044951578, 53.49094136790176], [10.208248718758394, 53.49093009808497], [10.208226404928872, 53.49091930187988]]}, "properties": {"object_id": "a75e5667-7677-47d4-987f-073711e026c1", "type": "Rail_Left", "material": "metal"}}, {"type": "Feature", "geometry": {"type": "LineString", "coordinates": [[10.209581609921182, 53.491595298252676], [10.209544422257043, 53.491576755964665], [10.209488161949055, 53.49154851403357], [10.209430329753696, 53.49151977011033], [10.209372365233552, 53.49149096035106], [10.20931473003148, 53.49146222535197], [10.209256835774832, 53.49143331213896], [10.209221209202324, 53.49141551968957], [10.209199045223322, 53.491404450650094], [10.20914127057396, 53.49137563802748], [10.209128217091605, 53.491369125163374], [10.209082935511544, 53.491347279519516], [10.209058089325948, 53.491335661480676], [10.209022498722645, 53.49131946479185], [10.208986122044275, 53.4913034759316], [10.208949557374558, 53.49128790970947], [10.208912713878787, 53.49127269023872], [10.208874975752796, 53.4912576042977], [10.208837052218119, 53.49124297779706], [10.208798893074432, 53.491228609278586], [10.208760651971618, 53.4912142394156], [10.208722582974467, 53.4911996779037], [10.208698386086718, 53.491190484026625], [10.208684477261347, 53.491185102325545], [10.208646936556564, 53.491170103496685], [10.208609246847015, 53.49115463215573], [10.208572492548958, 53.491139001039855], [10.208536043783322, 53.49112280045344], [10.208497923103502, 53.4911053575661], [10.208438372389686, 53.49107736791292]]}, "properties": {"object_id": "f1f9146b-19a2-4a1c-8cfc-51f7e1769bc7", "type": "Rail_Left", "material": "metal"}}, {"type": "Feature", "geometry": {"type": "LineString", "coordinates": [[10.208786203285632, 53.491234365611604], [10.208818720971328, 53.4912512170844], [10.208853190673992, 53.49126918244636], [10.20888705115885, 53.491287256437396], [10.208920144347882, 53.49130559702983], [10.208952751639508, 53.49132443560628], [10.208984945062246, 53.49134368792479], [10.209016919891864, 53.491363271654215], [10.209040020257255, 53.49137755724761], [10.209047678009876, 53.49138230988249], [10.2090789806031, 53.491401961426014], [10.209110141324429, 53.491421469252344], [10.209141624996349, 53.49144087467508], [10.209173212466752, 53.49146018592442], [10.209220577539655, 53.49148861176824], [10.209268974460882, 53.49151713875101], [10.209301122278399, 53.49153593372177], [10.209333263375687, 53.491554616674385], [10.209333263375687, 53.491554616674385], [10.209404330868864, 53.491594919157684]]}, "properties": {"object_id": "a2ceac56-037e-468c-88c4-e41ecf1233de", "type": "Rail_Left", "material": "metal"}}, {"type": "Feature", "geometry": {"type": "LineString", "coordinates": [[10.209221209202324, 53.49141551968957], [10.209251147519689, 53.491430028106755], [10.209274887894711, 53.491441417448925], [10.209298860205358, 53.49145254922286], [10.209322491499488, 53.49146333601527], [10.209346980582506, 53.491474258140585], [10.209371523223119, 53.491484983028606], [10.209395838687861, 53.49149535090222], [10.209420782123955, 53.49150567661678], [10.209445611533782, 53.491515842256874], [10.209470666188102, 53.49152580193079], [10.20949303811709, 53.4915345588609], [10.209521488064206, 53.491545470420235], [10.209572584940938, 53.49156476663314], [10.2096237612605, 53.49158402828958], [10.209653530761672, 53.491595402168436]]}, "properties": {"object_id": "c8f7576d-8281-45db-89e8-f100a91f3853", "type": "Rail_Left", "material": "metal"}}, {"type": "Feature", "geometry": {"type": "LineString", "coordinates": [[10.209254398020654, 53.491512745662014], [10.20923674631361, 53.491503695949426], [10.209207026246313, 53.491488526803025], [10.209178152617714, 53.4914739745299], [10.20914956679294, 53.491459785729056], [10.209120189263505, 53.491445487916536], [10.209112743097865, 53.4914419343446], [10.209090233867212, 53.491431192142194], [10.209061360604277, 53.49141759283837], [10.209031534517514, 53.49140367684194], [10.209002278627873, 53.49139005818581], [10.208971551699594, 53.491375763745594], [10.208940363859119, 53.491361271973254], [10.208910585866915, 53.49134743229791], [10.208880872400524, 53.491333616602006], [10.208853216918913, 53.491320756377114], [10.208822862548029, 53.49130664111069], [10.208761884137889, 53.49127828512573]]}, "properties": {"object_id": "5375e165-06cd-4f9b-8773-421941aded4c", "type": "Rail_Left", "material": "metal"}}, {"type": "Feature", "geometry": {"type": "LineString", "coordinates": [[10.204107937798272, 53.488989584107664], [10.204073181090394, 53.48897374079039], [10.204037676459569, 53.48895777518636], [10.204037676459569, 53.48895777518636], [10.204001255801181, 53.48894132266636], [10.203962464466256, 53.48892408988834], [10.203928654317616, 53.48890906994549], [10.203892502136934, 53.4888930341711], [10.203855724745393, 53.48887663674319], [10.203819500550127, 53.48886067414202], [10.203782584551702, 53.48884442962751], [10.203746565783808, 53.48882861864973], [10.203709467068048, 53.48881201941656], [10.20367416691391, 53.48879636761903], [10.203646592167349, 53.488784182193015], [10.203585779951966, 53.4887576053108], [10.203524939103906, 53.48873102503437], [10.203464084030427, 53.48870453046325], [10.203403267823374, 53.48867805325468], [10.203342251470218, 53.488651590045805], [10.203281191267912, 53.48862533899196], [10.203220079463591, 53.488599053010546], [10.203158762094048, 53.48857279819097], [10.203097468607975, 53.48854657978395], [10.203036091134777, 53.48852051849685], [10.202974630430225, 53.48849441327788], [10.202913245815358, 53.48846843951946], [10.202851701473413, 53.48844255459481], [10.202790143768814, 53.48841657290285], [10.202728580854437, 53.4883908774323], [10.202666820583808, 53.48836512704723], [10.202615671112232, 53.48834399519233], [10.202569479329984, 53.48832491151638], [10.202531944014062, 53.488309639584884], [10.202494929267747, 53.488294739447944], [10.202457091921111, 53.48827969340495], [10.202419284701353, 53.4882648433553], [10.202381436070766, 53.48825021098983], [10.2023433092334, 53.48823570944069], [10.202304886324058, 53.488221319371924], [10.202266224906673, 53.48820708655036], [10.202227617448782, 53.48819299486652], [10.202188532086344, 53.488179131617315], [10.202149705240513, 53.48816577954405], [10.202109614509553, 53.488152022080385], [10.202099732216993, 53.48814860440688], [10.202069678141326, 53.4881382382685], [10.20202989470478, 53.48812444486087]]}, "properties": {"object_id": "33727476-acac-4492-8943-437d0a450389", "type": "Rail_Left", "material": "metal"}}, {"type": "Feature", "geometry": {"type": "LineString", "coordinates": [[10.203589370542103, 53.48872456988747], [10.203560918622196, 53.488712572943186], [10.203518094744641, 53.488694509549525], [10.203475138765164, 53.48867625975088], [10.203439417326805, 53.48866107348623], [10.203415271974198, 53.48865081589567], [10.203353818699748, 53.488624615031284], [10.203292607769512, 53.48859842604581], [10.203231538538759, 53.48857212564218], [10.203170535397982, 53.4885457178924], [10.20310961688392, 53.48851921401257], [10.203048778736447, 53.48849265098132], [10.203032240383349, 53.48848539364465], [10.202987959836227, 53.488465949575165], [10.202927554223416, 53.488439294032034], [10.202867035701967, 53.488412486108395], [10.202803012668268, 53.488384064290905], [10.202778724374438, 53.488373407509116], [10.202754503372704, 53.48836280683692], [10.202730127093684, 53.488352187850985], [10.20270569198397, 53.48834158603101], [10.202681371423568, 53.4883310696156], [10.20265706354762, 53.488320686672076], [10.202632464700544, 53.48831020062832], [10.202607942200178, 53.48829983500761], [10.202583254150023, 53.48828946749911], [10.202558703090942, 53.4882792354311], [10.202533798156567, 53.488268956242074], [10.202509087039955, 53.48825887866093], [10.202484004769296, 53.48824879898649], [10.202459009731713, 53.4882388588842], [10.202433867480073, 53.48822900033265], [10.202408622227543, 53.48821924150891], [10.202383079371634, 53.488209503394636], [10.20235756790682, 53.48819983441012], [10.202332394804747, 53.488190379345255], [10.20230669358035, 53.48818090655524], [10.202280903245017, 53.488171551115215], [10.202254956852912, 53.48816225214088], [10.202229187914028, 53.488153135670395], [10.202202745242124, 53.488143739826484], [10.202156978912353, 53.48812793552837], [10.202111085930737, 53.48811245137428], [10.202064854870352, 53.48809731326021], [10.20201840928402, 53.488082419085245], [10.201997613161328, 53.4880756567923]]}, "properties": {"object_id": "a4800e2e-d0e1-48d9-ac3c-fb18f0030ef0", "type": "Rail_Left", "material": "metal"}}, {"type": "Feature", "geometry": {"type": "LineString", "coordinates": [[10.209829936574247, 53.49159480762155], [10.209803857539335, 53.491582026282], [10.20974579165107, 53.49155348671776], [10.209687718175852, 53.49152484821973], [10.209629776747917, 53.4914962132326], [10.209571674332015, 53.491467445035234], [10.209513635078816, 53.49143866711023], [10.209455688337359, 53.491409913245654], [10.209397945681314, 53.49138122514018], [10.209340041351808, 53.49135243336621], [10.20928216017038, 53.4913236592424], [10.209224175862206, 53.49129481766256], [10.209166315760568, 53.49126601650443], [10.209108643290149, 53.491237261374124], [10.209050753203432, 53.49120840860689], [10.208992927494995, 53.491179547373676], [10.208935148727015, 53.4911507439214], [10.20887743395942, 53.491121978576814], [10.208819574271732, 53.491093143343775], [10.208761710096386, 53.491064269628104], [10.208703896971235, 53.491035451713486], [10.208646293534906, 53.49100673499831], [10.208585202966576, 53.49097623859604], [10.208527452084082, 53.49094743580793], [10.20846966838002, 53.490918620027706], [10.208411797670855, 53.49088976239013], [10.208353974245195, 53.49086095219929], [10.208296114607434, 53.490832131077106], [10.208238317560978, 53.490803347231314], [10.208180519129996, 53.49077456072993], [10.208122598388206, 53.49074573979695], [10.208064764358067, 53.490716900145685], [10.208006926427647, 53.49068806618337], [10.207949134056287, 53.49065926440113], [10.207891365674566, 53.49063048409344], [10.207833508914241, 53.49060164896311], [10.207775772954475, 53.490572856624574], [10.20771796349534, 53.49054401976079], [10.207660142611923, 53.49051521574426], [10.207602356560928, 53.4904864107879], [10.20754444396343, 53.49045755839164], [10.207486655985882, 53.49042874309756], [10.207428738866351, 53.49039984561346], [10.207371051153764, 53.49037109091314], [10.207312932945847, 53.49034209834896], [10.20725538211452, 53.49031341162763], [10.207197651129682, 53.4902846144486], [10.207139788916988, 53.490255750619205], [10.20708197661182, 53.490226889566976], [10.207024221652315, 53.49019806542973], [10.206966469231897, 53.49016925061453], [10.206908702554783, 53.49014040799056], [10.206850857688455, 53.490111539167486], [10.206793250415966, 53.49008277781564], [10.20673361210837, 53.490053029281235], [10.206675799071931, 53.49002416503744], [10.20661808914843, 53.48999533721918], [10.206560327818618, 53.48996654611847], [10.206502460778676, 53.48993770670197], [10.206444603213532, 53.48990886955554], [10.206386796117963, 53.4898800992413], [10.206328925208165, 53.48985133811805], [10.20627099846287, 53.48982258955963], [10.206213025427866, 53.48979382754827], [10.206155076116584, 53.48976512292957], [10.20609723961021, 53.489736438448936], [10.206054702318296, 53.48971550362115], [10.206013974085394, 53.48969553695522], [10.2059732990257, 53.48967553459937], [10.205932503545117, 53.489655494092986], [10.205891744505383, 53.48963551483119], [10.205850852158273, 53.48961559567425], [10.205810078831878, 53.489595674657195], [10.205769119575516, 53.48957581216635], [10.205728230310225, 53.48955593408215], [10.205687200151715, 53.48953612525435], [10.205646114764408, 53.48951640736589], [10.205605120661437, 53.48949669339514], [10.205563884338885, 53.489476955427065], [10.205522714959958, 53.48945734812354], [10.205481402563061, 53.48943771153572], [10.205440145754066, 53.48941813782118], [10.20539878593265, 53.48939863916628], [10.20535744981394, 53.48937915586022], [10.205315800726254, 53.48935967492873], [10.20527421233444, 53.48934037440504], [10.205232645875089, 53.48932106906408], [10.205190946862091, 53.48930170661194], [10.205149195389879, 53.489282463802645], [10.205107389375678, 53.489263297413615], [10.205065463075451, 53.489244136249724], [10.20502347908934, 53.48922504589073], [10.204981520423518, 53.48920600809218], [10.204939419592723, 53.48918705114215], [10.204897142972689, 53.4891680188754], [10.20485497231959, 53.48914911966944], [10.204812736267145, 53.48913032705798], [10.204770390020258, 53.48911149771957], [10.20472628251889, 53.48909208630762], [10.20468380592158, 53.48907339132467], [10.204641302373966, 53.48905477148038], [10.204598652003172, 53.48903615929605], [10.204555992535788, 53.489017556883844], [10.204513392966403, 53.48899912440273], [10.204470784631166, 53.48898069714947], [10.204428040010786, 53.4889622365081], [10.204385062391019, 53.488943883820234], [10.204342041310987, 53.488925500929206], [10.204299205293832, 53.488907300480925], [10.204256137138715, 53.48888906576099], [10.204213003170151, 53.48887082797313], [10.204170130495081, 53.48885278386668], [10.204126875099103, 53.48883468508043], [10.204083554720762, 53.48881668635228], [10.204040100434131, 53.48879872688271], [10.203996477542606, 53.48878082126754], [10.203953076462453, 53.48876310394669], [10.20390949620226, 53.48874542409454], [10.203865717824808, 53.488727840301436], [10.203821879170178, 53.48871021217134], [10.203778082432898, 53.48869270210042], [10.203749826248963, 53.48868147635565], [10.20370592413867, 53.48866406005432], [10.203661922206257, 53.48864672093387], [10.20361778813663, 53.48862946967374], [10.203573687103374, 53.48861233525849], [10.20352944628859, 53.488595204869], [10.203484858107077, 53.48857811201757], [10.203440561037949, 53.48856120128709], [10.203395974378486, 53.48854424795401], [10.203351701924406, 53.488527553416645], [10.20330709075693, 53.48851078864373], [10.203262355322066, 53.48849409220851], [10.203217630373898, 53.48847749592375], [10.203172726593417, 53.48846098851115], [10.203127830582801, 53.48844448388716], [10.203082806097335, 53.48842806909676], [10.203037847625946, 53.488411735092335], [10.202992709921169, 53.48839546658203], [10.202947392075899, 53.488379283266326], [10.20290219249889, 53.48836314239216], [10.20285681298497, 53.48834709565555], [10.202811333606933, 53.48833108107751], [10.2027659009783, 53.488315173991666], [10.202720489478809, 53.48829942753881], [10.202674880391339, 53.48828364492312], [10.202629307911945, 53.48826802235932], [10.202583521362746, 53.48825235968836], [10.202537558985808, 53.488236704436744], [10.202492282338753, 53.48822143437728], [10.202445826970873, 53.48820594385814], [10.202399734068782, 53.48819065698332], [10.202353610758232, 53.48817540632079], [10.202307412670518, 53.48816020047229], [10.202260954446158, 53.48814509192768], [10.20221502951006, 53.48813020101321], [10.202168582464763, 53.48811521251214], [10.202122035688703, 53.48810034613252], [10.202075378236938, 53.48808553186018], [10.20202875240609, 53.488070809443265], [10.202007802841601, 53.48806424400709], [10.201982122384893, 53.48805619593702], [10.201935267769016, 53.48804159827284], [10.201888382381236, 53.488027174438024], [10.201841449944824, 53.48801282272095], [10.201794051635538, 53.487998453876685], [10.201746980317917, 53.48798432046467], [10.201699821655195, 53.487970265464284], [10.201652646445705, 53.487956321571005], [10.20160540054381, 53.48794243158138], [10.201558044302047, 53.48792867040492], [10.201510439636609, 53.487914876186686], [10.201462976922386, 53.48790125694298], [10.201415506377064, 53.487887597817796], [10.201367804470781, 53.48787397475787], [10.20132018058785, 53.487860431261545], [10.201272623266469, 53.48784698091177], [10.20122472987411, 53.487833512294614], [10.201177059066879, 53.48782006653336], [10.201129266353817, 53.487806685074204], [10.201081534901881, 53.487793357609334], [10.201033531771525, 53.487780075688214], [10.200985662298864, 53.48776696935697], [10.200937649442949, 53.48775390975668], [10.2008895674288, 53.48774091478097], [10.20084139294982, 53.48772802714192], [10.200793187897116, 53.48771521669331], [10.20074487529078, 53.487702541160395], [10.200696567974468, 53.487689946476216], [10.200648145347953, 53.487677491875814], [10.200599608875832, 53.48766503544352], [10.200551122825068, 53.48765267192415], [10.200516580963377, 53.48764394020726], [10.200481574673613, 53.487635209251074], [10.200447117825062, 53.48762660202214], [10.200412195868582, 53.4876178795573], [10.200377485489494, 53.487609282961444], [10.200342508830126, 53.4876006852696], [10.200307707413318, 53.487592144997166], [10.200272905480245, 53.48758372633888], [10.200237966173555, 53.487575266699196], [10.200202784962508, 53.48756682288808], [10.200167826517694, 53.48755846375604], [10.200132761678157, 53.48755012129603], [10.200097757184528, 53.487541835539], [10.200062846626265, 53.487533642020665], [10.200027650124838, 53.48752547054577], [10.199992405077847, 53.487517261683124], [10.199957211793446, 53.487509172582016], [10.199922021946401, 53.48750109326605], [10.199886837134214, 53.487493078554856], [10.19985172914416, 53.487485088943444], [10.1998164219942, 53.48747714856666], [10.199781207409078, 53.48746925774801], [10.199745868751114, 53.48746139048025], [10.199710495195005, 53.48745352679577], [10.199675228267056, 53.4874457134388], [10.199639779343764, 53.487437958648215], [10.199604484605057, 53.487430234135914], [10.199569180425584, 53.487422631661175], [10.1995336354339, 53.48741497220147], [10.199498082570974, 53.48740736078176], [10.199462528603988, 53.48739978880585], [10.199427015406735, 53.4873923438015], [10.199391279595298, 53.48738482553132], [10.199355883533933, 53.487377472816384], [10.199320164635575, 53.48737008676133], [10.19928452666442, 53.48736267683335], [10.199248996966615, 53.48735538723086], [10.19921325274683, 53.487348075534136], [10.1991776596407, 53.48734093220706], [10.199141828115964, 53.487333762116265], [10.199105977541844, 53.4873266180447], [10.199070285289974, 53.48731952473276], [10.199034454326174, 53.487312473730746], [10.198998633903605, 53.48730544461192], [10.198962792002495, 53.48729850054685], [10.198926962972173, 53.487291578820226], [10.198890956321517, 53.48728469180068], [10.19885509306435, 53.487277822869224], [10.198819222115084, 53.48727100390125], [10.198783257276816, 53.48726421238806], [10.198747198854967, 53.48725751356419], [10.19871119256135, 53.48725084048036], [10.19867507945902, 53.487244202075004], [10.198639212226572, 53.48723762285796], [10.19860315172476, 53.48723107162904], [10.198566982598734, 53.487224496245986], [10.19853088270253, 53.48721800405217], [10.198494819587571, 53.48721155279559], [10.198458716561845, 53.48720517474092], [10.19842251343454, 53.48719883290129], [10.198386380894203, 53.48719256854026], [10.198350147843492, 53.48718630685341], [10.198314001863846, 53.48718007541856], [10.198277610654195, 53.48717386959405], [10.198241399190062, 53.48716770763478], [10.198205156668406, 53.4871615955138], [10.198168779834111, 53.48715550132609], [10.198132552993211, 53.487149532008104], [10.198096188148947, 53.487143575579374], [10.198059852737268, 53.487137671493315], [10.198023479408963, 53.487131766163564], [10.19798707188171, 53.48712591532658], [10.19795074258124, 53.48712011216912], [10.197914127023434, 53.48711433046975], [10.197877515259767, 53.48710859890774], [10.197841170237178, 53.48710296737631], [10.197804492625252, 53.48709727311789], [10.197768183816686, 53.48709175782605], [10.197731685553865, 53.48708622438756], [10.197695098915593, 53.48708072277625], [10.197658404749099, 53.487075255377846], [10.197621863230232, 53.48706982148428], [10.197585459668819, 53.48706449127396], [10.197548849290518, 53.487059196849714], [10.197512427697283, 53.4870539236859], [10.197475539846343, 53.48704866433944], [10.19743887830747, 53.48704344040332], [10.197402048589607, 53.487038262531904], [10.197365421272922, 53.48703313527211], [10.197328748774314, 53.4870280483874], [10.19729189141501, 53.48702298211309], [10.19725524725134, 53.48701800029098], [10.197218485297395, 53.487013061314975], [10.19718158355259, 53.48700810871675], [10.197144798632912, 53.487003226546044], [10.197108188676928, 53.48699841329032], [10.197071184337993, 53.48699361821856], [10.197034457982078, 53.4869888799088], [10.196997399790757, 53.48698415523133], [10.19696068030413, 53.486979494973646], [10.196923691626285, 53.48697483086633], [10.196886876855448, 53.486970218455724], [10.196850028111426, 53.48696565779624], [10.196813101001943, 53.48696116680196], [10.19677630100178, 53.486956706910284], [10.196739266300188, 53.486952272230106], [10.196702174212449, 53.48694789426356], [10.196665199280346, 53.486943568453256], [10.196628415860948, 53.486939281890386], [10.196590709258746, 53.48693498503837], [10.196553675027975, 53.48693077377199], [10.1965164771352, 53.486926588098854], [10.196479550534802, 53.48692248923484], [10.19644279869397, 53.48691845264473], [10.196405825561179, 53.4869144439206], [10.196368610400775, 53.486910445362305], [10.196331669070508, 53.48690652055206], [10.196295163223546, 53.486902707826076], [10.196257983364127, 53.486898833154925], [10.19622072039547, 53.48689501364145], [10.196183775977074, 53.48689125378425], [10.196146711813114, 53.48688755847146], [10.196109576211942, 53.48688389541395], [10.196072349585528, 53.48688028124402], [10.196035179642013, 53.48687669547734], [10.195998063676132, 53.48687314889688], [10.19596076879088, 53.48686963696682], [10.195923965783958, 53.48686621742533], [10.195886295450451, 53.48686274788368], [10.195849661360958, 53.486859419845985]]}, "properties": {"object_id": "f9ebb8d5-bc8e-4ba2-89da-d56de2eaea76", "type": "Rail_Right", "material": "metal"}}, {"type": "Feature", "geometry": {"type": "LineString", "coordinates": [[10.209923663013061, 53.491594784681396], [10.209904944585904, 53.49158562248371], [10.209876159719117, 53.49157157142435], [10.209847021987901, 53.49155733519463], [10.209817894613877, 53.49154313659507], [10.209788715778915, 53.49152889869653], [10.209759662095763, 53.49151471161951], [10.209730417903296, 53.49150041252863], [10.209701351820641, 53.49148620659499], [10.209672241192841, 53.49147196362504], [10.20964309103131, 53.49145768530387], [10.209614034077067, 53.49144345441544], [10.209584977347221, 53.49142923746988], [10.209555944220975, 53.491415009778144], [10.209526514028159, 53.49140058546022], [10.20949751162554, 53.49138637047516], [10.209468456915815, 53.491372080996946], [10.20943928436521, 53.49135773501779], [10.209410174965118, 53.49134343416907], [10.20938121791633, 53.49132919275668], [10.209352206244743, 53.49131492079998], [10.209323083469938, 53.49130059264231], [10.209294049180267, 53.49128628823256], [10.209264881729608, 53.49127190026895], [10.209235837049121, 53.491257572031934], [10.209206861123892, 53.49124328573037], [10.209177854848214, 53.49122899227393], [10.20914875218976, 53.49121461980055], [10.209119732215772, 53.491200310717254], [10.209090872761953, 53.491186065026014], [10.20906184684242, 53.49117172542154], [10.209032481718955, 53.49115719818142], [10.209003377455232, 53.49114276654196], [10.208974835022044, 53.4911286212161], [10.208945868681768, 53.49111423381255], [10.208916916274267, 53.49109985539716], [10.2088879235881, 53.49108547881724], [10.208859030545012, 53.49107113875005], [10.20882999941329, 53.491056752357565], [10.208800848757015, 53.49104230102264], [10.208772046424157, 53.49102804933152], [10.208743109257389, 53.49101365516549], [10.208714014655762, 53.49099919150505], [10.20868519835489, 53.4909848586544], [10.208656115722903, 53.4909704044621], [10.208625040924481, 53.49095487838104], [10.20856726240868, 53.49092608711131], [10.208509377852764, 53.49089727005173], [10.20845171352179, 53.490868567232376], [10.20839381970188, 53.49083971162236], [10.208336081709568, 53.490810960778745], [10.208278271081715, 53.49078216145494], [10.208220219083035, 53.490753228988034], [10.208162525114448, 53.490724500454085], [10.20810479288327, 53.4906957281481], [10.208046869340313, 53.490666914547305], [10.207995473657478, 53.4906412704236], [10.207934179997874, 53.490610706643], [10.207876213917407, 53.49058183680742], [10.207818250563209, 53.49055296014927], [10.207760400565768, 53.49052412868317], [10.207702756774333, 53.49049540005306], [10.207644977316052, 53.490466587857036], [10.207587252957355, 53.490437811808235], [10.207529368492587, 53.490408968556764], [10.207471408548153, 53.49038006125838], [10.207413440620352, 53.49035115525483], [10.207356076837124, 53.49032255381282], [10.207298152150017, 53.4902936863745], [10.207240299673066, 53.490264860530985], [10.20718272476579, 53.490236167540274], [10.20712468362735, 53.49020723748502], [10.207066893939096, 53.49017841778796], [10.207009249605736, 53.49014965518774], [10.206951300819542, 53.49012071184983], [10.206893586109729, 53.490091885041856], [10.206835839772474, 53.490063028185176], [10.206777927239594, 53.49003408623378], [10.206720325312737, 53.49000527865177], [10.206661616162393, 53.48997599926372], [10.2066040171131, 53.489947273584214], [10.206545964539593, 53.48991834471518], [10.206488164443668, 53.48988951423892], [10.2064303303855, 53.48986070969161], [10.206372535515106, 53.489831919004864], [10.206314802452365, 53.48980318203873], [10.206256851120205, 53.48977432579046], [10.206198968985861, 53.48974550770636], [10.206141031769038, 53.4897166657429], [10.206083223344297, 53.48968793169692], [10.206025881404836, 53.48965943319458], [10.205985312646742, 53.489639285496054], [10.205944757970038, 53.48961918730832], [10.205904146539542, 53.48959908133799], [10.205863472484038, 53.489579027613246], [10.205822818655419, 53.48955901548969], [10.205782146184049, 53.48953892563508], [10.205741501598318, 53.4895189632793], [10.205700812281092, 53.48949893940692], [10.20565999200311, 53.48947901965835], [10.205619182267467, 53.48945907254622], [10.205578337580832, 53.48943919226639], [10.205537478196016, 53.48941927402234], [10.205496534963066, 53.48939948901305], [10.205455541263676, 53.48937966386237], [10.205414539037534, 53.4893599428941], [10.205373435049818, 53.489340244712764], [10.205332348635794, 53.48932060014062], [10.205291101029653, 53.489300974266634], [10.205249828205666, 53.489281439175514], [10.205208581179088, 53.48926177925369], [10.20516722773237, 53.489242232371936], [10.205125861511233, 53.48922276450946], [10.205084413127834, 53.489203364557206], [10.20504288250733, 53.4891839662012], [10.205001192804305, 53.4891646850779], [10.204959567928091, 53.48914542727286], [10.204917808153237, 53.489126239266675], [10.204876027027446, 53.489107093825474], [10.204834126804299, 53.48908794474647], [10.20479210461149, 53.48906897954918], [10.204750034547887, 53.489050068116526], [10.204707924675429, 53.48903108870932], [10.204665791562087, 53.489012235049685], [10.20462349605244, 53.48899344966305], [10.204581173467902, 53.48897471728581], [10.20453873841916, 53.48895598826826], [10.204496337510866, 53.488937432790756], [10.204453737660963, 53.48891890033266], [10.204410996561224, 53.48890044776043], [10.204368278994618, 53.48888205972017], [10.204325408531902, 53.488863676042754], [10.204282604381474, 53.48884549901624], [10.204239562855895, 53.488827311700334], [10.204196390732177, 53.48880905047305], [10.204153203139608, 53.48879101755903], [10.204109938543864, 53.48877305762608], [10.204066532609215, 53.48875529684673], [10.204023286020648, 53.48873749332659], [10.203979728802434, 53.48871973405236], [10.203936103083205, 53.48870199705847], [10.203892530444065, 53.48868443800492], [10.203848734605478, 53.48866687696287], [10.203805222107265, 53.48864942968264], [10.20376127509229, 53.48863193271289], [10.2037172939265, 53.4886144980942], [10.203673256142274, 53.4885971619985], [10.20362920653289, 53.488579914450995], [10.203584984238299, 53.48856274016215], [10.203540724417577, 53.48854564788479], [10.203496362641674, 53.488528642019716], [10.203451905117063, 53.48851171028176], [10.203407455524195, 53.48849484346271], [10.203362842316604, 53.488478070044096], [10.203318101335833, 53.48846137842412], [10.203273461902297, 53.48844473899635], [10.203228634559553, 53.48842814066246], [10.203183869889488, 53.48841167999898], [10.203138829013557, 53.488395244012175], [10.203093754593914, 53.488378877544974], [10.203048739492635, 53.488362641419194], [10.203003643949899, 53.48834643696095], [10.202958235803614, 53.48833025907458], [10.202913018965624, 53.488314169789135], [10.202867545539263, 53.48829818750481], [10.202822239186753, 53.48828227222333], [10.202776581589438, 53.48826643596384], [10.20273095800071, 53.48825064771892], [10.202685254852152, 53.488234948846284], [10.202639524301606, 53.4882193947371], [10.20259368873254, 53.488203823535756], [10.20254785660053, 53.48818833448548], [10.202501844447156, 53.488172945937535], [10.202455805937584, 53.4881576134035], [10.20240970798743, 53.488142364288734], [10.202363594670674, 53.4881271588561], [10.202317106676285, 53.48811210102309], [10.202270817003768, 53.48809711108805], [10.20222438062158, 53.488082172063834], [10.202177970474484, 53.48806728997252], [10.202131592382832, 53.48805247828329], [10.202084831143901, 53.48803770163329], [10.20203823911335, 53.488022977526], [10.201991446566927, 53.48800844705594], [10.201944654668472, 53.48799398170584], [10.201897820506794, 53.48797954174737], [10.201851022622451, 53.487965313315044], [10.201803986608414, 53.487951103696076], [10.201756879340552, 53.48793678968534], [10.20170976566376, 53.48792268598974], [10.201662626462914, 53.48790865422219], [10.201615300405223, 53.48789466369323], [10.20156797442662, 53.487880788004595], [10.20152076129794, 53.48786708912784], [10.2014730860494, 53.48785322187438], [10.201425735294492, 53.48783957546228], [10.20137822003173, 53.48782599897758], [10.20133074336474, 53.48781255546962], [10.201283119262374, 53.48779913738901], [10.20123529867972, 53.48778572552123], [10.201187522342279, 53.48777245019887], [10.20113959709419, 53.487759208967496], [10.201091744153349, 53.48774611341139], [10.201043819509907, 53.48773300063547], [10.20099567845705, 53.48772004641267], [10.200947712376173, 53.48770716226971], [10.200899619981483, 53.48769433261621], [10.20085135463447, 53.48768157792523], [10.200803154194137, 53.48766891464018], [10.200754797587711, 53.48765627007764], [10.200706519638171, 53.48764377328516], [10.200658042804964, 53.48763134325488], [10.20060955382205, 53.487618953830705], [10.200560925287148, 53.48760663465797], [10.200526162480902, 53.48759792053348], [10.20049142764002, 53.48758924662731], [10.20045665343542, 53.4875805734982], [10.20042182708666, 53.487571947307714], [10.200387049508699, 53.48756338871752], [10.200352121872688, 53.48755482356145], [10.200317375752947, 53.48754635488244], [10.200282452639408, 53.487537954368825], [10.200247660195819, 53.487529521668435], [10.200212541140885, 53.48752116995343], [10.200177668565042, 53.48751284520258], [10.20014266075646, 53.48750452753435], [10.200107566177044, 53.48749628937873], [10.200072523329395, 53.48748808409986], [10.200037429471472, 53.48747990371974], [10.200002386096521, 53.48747177153839], [10.19996731575281, 53.487463699843396], [10.199932090021056, 53.48745564484331], [10.199896827549349, 53.487447634637974], [10.19986184404154, 53.48743970386436], [10.199826572526517, 53.48743178513176], [10.199791314166536, 53.48742387618977], [10.199756031639511, 53.48741602839764], [10.199720730139374, 53.487408271831825], [10.199685378731488, 53.48740045676501], [10.199649973845897, 53.48739272931185], [10.199614642215755, 53.48738510447618], [10.199579304901116, 53.48737744517213], [10.199543833392926, 53.48736984219665], [10.199508380034832, 53.487362276444294], [10.199472937047288, 53.48735475621517], [10.199437347867573, 53.4873472658583], [10.199401847769991, 53.48733983399422], [10.199366334188523, 53.487332452043375], [10.199330679159072, 53.48732511263209], [10.19929527702257, 53.48731782260964], [10.19925964990661, 53.48731054741827], [10.199223924543633, 53.487303277918045], [10.199188178562645, 53.487296056801654], [10.199152625749399, 53.48728890697312], [10.199116887928131, 53.48728179959422], [10.19908108011379, 53.48727474326405], [10.199045400597749, 53.48726771287517], [10.199009639408212, 53.48726069040883], [10.198973757292308, 53.48725372499274], [10.198937944533354, 53.4872468463436], [10.198902088366678, 53.487239992760166], [10.198866234953528, 53.48723317860097], [10.198830262355477, 53.48722639838128], [10.198794302280808, 53.4872196611837], [10.198758448479254, 53.487212966372205], [10.198722001433332, 53.48720623374455], [10.19868596225035, 53.48719960491413], [10.198649923168034, 53.487193015113135], [10.19861384774995, 53.48718649010581], [10.198577774561436, 53.48718000149416], [10.198541713189194, 53.487173536734566], [10.198505612553049, 53.48716713427091], [10.198469651650564, 53.487160807777975], [10.198433566907216, 53.48715446105258], [10.198397385545508, 53.48714817109097], [10.198361154764447, 53.48714192908334], [10.198325029421504, 53.48713573041066], [10.198288766928934, 53.48712952804729], [10.198252536645734, 53.48712339578917], [10.198216245734638, 53.4871173525911], [10.198180326945199, 53.48711137198229], [10.198143817789289, 53.48710533064621], [10.198107511157454, 53.48709936866278], [10.198071110513924, 53.487093469095605], [10.198034838860035, 53.48708761126713], [10.197998464028132, 53.487081767239644], [10.197961918766454, 53.487075952676236], [10.197925547283303, 53.48707019492895], [10.197888795786087, 53.487064436359], [10.19785249111881, 53.48705881937419], [10.197816347100444, 53.48705325330639], [10.1977799240943, 53.48704766939982], [10.197743397851177, 53.4870421469483], [10.197706883987172, 53.487036651973284], [10.19767032953713, 53.48703119544899], [10.197633835713617, 53.48702581168327], [10.197597198995506, 53.48702042294468], [10.197560562511715, 53.487015075326774], [10.1975241837401, 53.48700983667221], [10.1974874854001, 53.487004548635426], [10.197450788637388, 53.486999303174166], [10.197414282820494, 53.4869941736525], [10.197377651858949, 53.486989059841214], [10.19734087388001, 53.48698396706387], [10.197304140790132, 53.4869789370379], [10.197267455400931, 53.486973910782446], [10.197230563085117, 53.48696895929067], [10.19719418599688, 53.4869641247086], [10.1971573253144, 53.48695925843393], [10.197120550284087, 53.486954408593164], [10.197083720145692, 53.486949636243686], [10.197046909546856, 53.4869448709082], [10.1970101325679, 53.486940197681754], [10.196973305917407, 53.48693551793283], [10.19693639449902, 53.4869308800376], [10.196899576716305, 53.486926313567565], [10.196862693893056, 53.486921746207756], [10.196825736602962, 53.48691727097146], [10.196788820782702, 53.486912866174364], [10.196751935587223, 53.48690848643457], [10.196715089940383, 53.486904123726134], [10.196678207338216, 53.486899789328426], [10.196640616354605, 53.486895476045774], [10.196604693451022, 53.486891378839694], [10.196567639752253, 53.48688718522891], [10.196530537871185, 53.486883023443], [10.196493609293398, 53.486878922471924], [10.196456248394659, 53.486874842467586], [10.196419216269046, 53.48687082240842], [10.196382061137147, 53.48686681313136], [10.196345067143069, 53.48686289924854], [10.19630755273857, 53.48685894842006], [10.196270595406387, 53.486855132452604], [10.196233333096485, 53.48685131781941], [10.196196035537689, 53.48684757061558], [10.196158884626705, 53.48684383673933], [10.19612168351932, 53.48684013100161], [10.196084813581738, 53.48683650378327], [10.196047191724952, 53.48683287338919], [10.1960101126367, 53.48682933118876], [10.195972979111742, 53.48682583079725], [10.195935190264244, 53.48682233588791], [10.195898070496698, 53.48681889486685], [10.195861095929603, 53.48681551777364]]}, "properties": {"object_id": "d8a7f0ce-c417-4f28-b04e-4dfa3e03558d", "type": "Rail_Right", "material": "metal"}}, {"type": "Feature", "geometry": {"type": "LineString", "coordinates": [[10.195836247002378, 53.486907439890146], [10.195873507485413, 53.486910836516614], [10.195910746334219, 53.48691422207179], [10.195947674887524, 53.486917666022336], [10.195984476625563, 53.486921135799236], [10.196021733832735, 53.48692470265081], [10.196058922275174, 53.48692827480492], [10.196095954247818, 53.4869318810329], [10.196133099075901, 53.48693556684735], [10.19617044324076, 53.4869392956446], [10.196207305637458, 53.48694303133161], [10.196244419478157, 53.48694684796183], [10.196281648759584, 53.48695070318455], [10.196317203285242, 53.4869544348561], [10.196354305732648, 53.48695835206184], [10.196391431803264, 53.48696233134273], [10.196428475276788, 53.486966328204765], [10.196464775371807, 53.486970298274755], [10.19650177590582, 53.486974418651904], [10.196538822856539, 53.48697858063702], [10.196575931687242, 53.48698277039074], [10.19661286568224, 53.48698700363819], [10.19664983394192, 53.48699128880417], [10.196686779881203, 53.486995618997916], [10.196723764024357, 53.486999976563496], [10.196760809556556, 53.487004410572986], [10.19679751175554, 53.4870088529116], [10.196834397224368, 53.48701334975355], [10.196871307711389, 53.48701787766927], [10.196908267731322, 53.487022478818766], [10.19694493812139, 53.4870270864903], [10.196981861772176, 53.487031767269], [10.197018665603496, 53.4870364766013], [10.197055626570918, 53.48704124238828], [10.197092298039593, 53.48704604231155], [10.197128782490179, 53.48705084966943], [10.197165811641764, 53.48705576708867], [10.197202640124528, 53.48706067928739], [10.197239406860797, 53.48706563149999], [10.197275981525433, 53.4870706142741], [10.197312721665803, 53.487075687519166], [10.197349208075744, 53.487080760406634], [10.1973860362089, 53.487085916821115], [10.1974226390996, 53.48709106777649], [10.19745925458383, 53.48709624986159], [10.197495866394995, 53.48710150127439], [10.19753239290693, 53.48710678336643], [10.1975689473759, 53.48711215862513], [10.197605551887063, 53.48711753490516], [10.197642103820415, 53.487122935129854], [10.197678749494042, 53.487128435255535], [10.197715211127639, 53.487133919446876], [10.197751619319307, 53.487139449587815], [10.197788260856761, 53.48714507539636], [10.19782462788454, 53.48715067271787], [10.197861067160702, 53.48715635544629], [10.197897537344272, 53.487162071605006], [10.197933745477266, 53.487167808250334], [10.197970089664514, 53.48717362028066], [10.19800636523891, 53.48717940857946], [10.198042798358852, 53.487185341795936], [10.198079189867808, 53.48719127158626], [10.198115337909424, 53.48719719801474], [10.19815163217129, 53.48720321894549], [10.19818788523839, 53.487209268836544], [10.198224048165393, 53.487215356555744], [10.198260467803781, 53.48722152688009], [10.19829666643033, 53.48722767098963], [10.198332940257927, 53.48723390134836], [10.198369107716397, 53.48724017305474], [10.198405148159292, 53.487246461667475], [10.198441262263874, 53.48725279275979], [10.198477192220643, 53.487259162149215], [10.198513231230491, 53.4872655903296], [10.198549419641983, 53.48727209068026], [10.198585498630184, 53.48727863729156], [10.198621368662812, 53.487285166651304], [10.198657476119054, 53.48729181934366], [10.198693651884561, 53.487298503811154], [10.198729436629423, 53.48730515484759], [10.198765496613772, 53.48731192447194], [10.198801369948086, 53.48731867839994], [10.198837392566775, 53.48732552301376], [10.198873124032628, 53.487332333101186], [10.198909004091055, 53.48733923265392], [10.19894480151608, 53.48734617352957], [10.198980626397152, 53.4873531447706], [10.199016444901334, 53.487360154302415], [10.19905213762044, 53.487367191622226], [10.199087862286534, 53.48737430519452], [10.19912358141767, 53.48738145190226], [10.199159220655398, 53.48738860887776], [10.199194911234398, 53.48739580901342], [10.19923048781804, 53.48740305909706], [10.199266129179836, 53.48741039778064], [10.199301677010443, 53.4874177343732], [10.19933726133423, 53.48742511969232], [10.199372767607128, 53.487432531331585], [10.199408315544856, 53.48744002063346], [10.199443794568717, 53.48744751619877], [10.19947921160985, 53.4874551000034], [10.199514541544419, 53.487462670257365], [10.1995500522859, 53.48747030021497], [10.19958547094064, 53.48747797935251], [10.199620788656798, 53.4874856872215], [10.199656114834811, 53.48749344701839], [10.199691455950017, 53.4875012361511], [10.199726816325748, 53.48750907138312], [10.199762023214683, 53.48751692021257], [10.199797312188537, 53.48752484816387], [10.199832532237876, 53.487532804096745], [10.199867706992146, 53.48754078590292], [10.199903017439643, 53.487548858265384], [10.199937916477346, 53.487556888798345], [10.199973171132552, 53.48756500938475], [10.200008203268101, 53.48757314353111], [10.200043310065144, 53.48758136484622], [10.20007830363173, 53.487589592093606], [10.200113313386192, 53.48759787704007], [10.200148312538701, 53.48760617695668], [10.200183192469881, 53.48761454498403], [10.200218138284235, 53.48762293984451], [10.200253021793976, 53.487631354727846], [10.200287874828147, 53.4876398408175], [10.200322700537539, 53.48764837558967], [10.200357399737355, 53.48765690565488], [10.200392249055305, 53.48766555203965], [10.200427001966682, 53.48767420791022], [10.20046167538386, 53.4876829012343], [10.200496419105384, 53.48769165299928], [10.200531116096673, 53.48770041937493], [10.200579746827472, 53.48771281082263], [10.200628127556133, 53.487725274127015], [10.200676483719443, 53.48773780645125], [10.200724717664741, 53.487750464986455], [10.200772946287637, 53.487763212297615], [10.200821022293379, 53.48777603325093], [10.200869095095992, 53.48778901442104], [10.20091691776688, 53.48780202456854], [10.200964852053966, 53.48781519498905], [10.201012692082159, 53.48782843731522], [10.201060196365, 53.487841741258904], [10.201108177237707, 53.487855263336115], [10.201155664931147, 53.4878687668118], [10.201202947576094, 53.487882311100336], [10.201250407506535, 53.487896049805485], [10.2012978974714, 53.48790993228961], [10.201344933086379, 53.487923807624796], [10.201392261105273, 53.48793786407668], [10.201439429961074, 53.48795195765539], [10.201486405630673, 53.4879661279035], [10.201533370930571, 53.48798040705694], [10.201580434972042, 53.4879948556737], [10.201627076008146, 53.488009266523434], [10.201673808909371, 53.48802387734542], [10.201720498825154, 53.48803853921404], [10.201766942427199, 53.488053247377636], [10.201813401980642, 53.48806811342896], [10.201859833272987, 53.48808306410098], [10.201906058268793, 53.488098060261656], [10.201952332331253, 53.4881131929531], [10.201998518618185, 53.48812843450541], [10.202019370949557, 53.48813534386452], [10.202044424422962, 53.48814364525195], [10.202090293355454, 53.48815914288322], [10.202136299923179, 53.48817480986224], [10.202182097402927, 53.488190392070464], [10.202227313632704, 53.48820593910696], [10.202272885662394, 53.48822178637471], [10.20231832751582, 53.48823768829458], [10.202363746077852, 53.48825363352376], [10.20240920342155, 53.488269670162786], [10.202454455819895, 53.488285770371334], [10.202499674427735, 53.488301975208316], [10.202544774863046, 53.48831820319229], [10.202589789889181, 53.488334528551405], [10.202615671112232, 53.48834399519233], [10.202634787932231, 53.4883509586145], [10.202679628645996, 53.48836749601009], [10.20272433989034, 53.48838407621904], [10.202769044725128, 53.48840072103563], [10.20281375964122, 53.488417452230266], [10.202858374482208, 53.48843409341206], [10.202902953426221, 53.488450897016655], [10.202947459069676, 53.48846780330371], [10.202991924996605, 53.48848479666869], [10.203036270811806, 53.48850190206773], [10.20308029812286, 53.48851898083083], [10.20312448103279, 53.48853616565137], [10.203168557294891, 53.48855345759035], [10.203212485513541, 53.488570821853344], [10.203256349706633, 53.48858830990243], [10.203300038362146, 53.4886058109095], [10.203343668519642, 53.48862344383671], [10.203387373527383, 53.488641061904026], [10.203430826969116, 53.48865882015541], [10.203474383058694, 53.48867670771389], [10.203517660542925, 53.48869462526843], [10.20356064942611, 53.488712582046524], [10.203589370542103, 53.48872456988747], [10.20360386384322, 53.48873061920806], [10.203646947077189, 53.4887486849191], [10.203697908227285, 53.48877032995126], [10.203734837127715, 53.48878616541469], [10.203771664216319, 53.488801944516766], [10.203808108579912, 53.488817700055], [10.203844816363313, 53.4888335280534], [10.203881672098301, 53.48884954165739], [10.203917872613738, 53.48886539244608], [10.203953926498317, 53.48888120723858], [10.20399072872393, 53.488897526903315], [10.20402673331625, 53.48891356064327], [10.204099029149132, 53.48894597041045], [10.204135154705854, 53.48896213392966]]}, "properties": {"object_id": "e9ebea13-051b-436f-9bd1-1b0da4ae8ed1", "type": "Rail_Right", "material": "metal"}}, {"type": "Feature", "geometry": {"type": "LineString", "coordinates": [[10.20548398699861, 53.48924606604602], [10.20544241846711, 53.489226759955145], [10.205400760853236, 53.48920741096245], [10.205358847132743, 53.48918808590227], [10.205317083596922, 53.48916887995365], [10.205275165841334, 53.48914976976951], [10.205233335732824, 53.48913063111681], [10.205191299563035, 53.48911153824997], [10.205149409512565, 53.48909250150686], [10.205107306954917, 53.489073559516584], [10.205065175477136, 53.48905456898108], [10.205022992408297, 53.489035733709365], [10.204980683169715, 53.48901693150431], [10.204938439925513, 53.488998125181496], [10.204895822711332, 53.48897941366148], [10.204853355944637, 53.48896079107594], [10.20481076323339, 53.48894222514336], [10.204768049833637, 53.48892367052942], [10.204725490550896, 53.488905078813154], [10.204682757935469, 53.48888660197407], [10.204639936431557, 53.488868235019766], [10.204596945741, 53.48885008908949], [10.20455384042548, 53.4888316217605], [10.204510828632195, 53.48881364523905], [10.204468074866487, 53.48879533785775], [10.204424599569636, 53.488777475416796], [10.204381317206975, 53.4887595127449], [10.204337731806207, 53.48874154510381], [10.204294422733495, 53.48872369417032], [10.20425088509582, 53.48870586558043], [10.204207161362682, 53.48868823158789], [10.204163464717142, 53.48867051548678], [10.204119692777768, 53.488652989527765], [10.204075849642205, 53.488635480950656], [10.204031820522035, 53.48861810026815], [10.203988034052712, 53.488600572970626], [10.203943974740433, 53.488583352170444], [10.203899756694504, 53.48856605543976], [10.203855583695843, 53.48854892071362], [10.203811335563916, 53.488531811715625], [10.203766888470136, 53.488514749309545], [10.203722569368816, 53.48849778532647], [10.203677969260113, 53.4884808981896], [10.203633272469625, 53.4884640647985], [10.203588619905481, 53.488447315121135], [10.203544090327044, 53.48843067742624], [10.203499219962993, 53.488414042993725], [10.20345444697302, 53.48839745831358], [10.203409444757908, 53.48838100433329], [10.203364353226233, 53.488364496389046], [10.203319269295397, 53.48834811988768], [10.203273962040821, 53.48833184339162], [10.203228895899692, 53.488315705569036], [10.203183788954135, 53.48829962964005], [10.20313790123105, 53.488283485454374], [10.203092815667723, 53.488267580076894], [10.203047192030533, 53.48825157380999], [10.203001610146059, 53.488235712336845], [10.202955947569246, 53.48821997322292], [10.202910218654141, 53.48820427900582], [10.202864415167403, 53.48818867829044], [10.202818497796844, 53.48817306605475], [10.202772580137406, 53.48815762700626], [10.20272655673629, 53.48814221221494], [10.20268055689398, 53.488126968761094], [10.202634341192976, 53.48811168475056], [10.202588066460223, 53.48809647105972], [10.202541833088251, 53.488081346199024], [10.202495245202735, 53.48806631351865], [10.202448901122949, 53.48805129431442], [10.202402680931307, 53.48803648548915], [10.202356044876028, 53.48802162917068], [10.202309293328813, 53.48800690232598], [10.202263912901305, 53.48799259904755], [10.20221713242665, 53.48797795690485], [10.20217020859351, 53.4879633612156], [10.202123190271475, 53.48794887669282], [10.20207636206014, 53.4879345512682], [10.202029421207682, 53.48792014799816], [10.201982294214556, 53.48790591394003], [10.201935222939568, 53.4878917939772], [10.201888000788832, 53.48787764014195], [10.201840813498505, 53.487863608123824], [10.201793544731947, 53.48784965485984], [10.201746254760371, 53.48783574576386], [10.201698796900262, 53.48782192308761], [10.201651261558395, 53.487808196381344], [10.201603775305268, 53.48779454078734], [10.201556216927996, 53.48778088593072], [10.201508536312451, 53.487767363228556], [10.201460781231505, 53.487753937301434], [10.201413074083487, 53.48774055931876], [10.201365254523102, 53.48772734165638], [10.201317124334176, 53.48771403502448], [10.201269307089017, 53.48770098373277], [10.201221242147875, 53.48768781225438], [10.201173265483064, 53.48767485007852], [10.201125168204252, 53.48766184389727], [10.201076947613128, 53.48764909733032], [10.201028791338153, 53.48763623672539], [10.200980543763254, 53.48762361227346], [10.200932115013895, 53.48761103680083], [10.200883849690841, 53.487598369888765], [10.200835378661278, 53.487585895157736], [10.20078684779752, 53.487573471288925], [10.20073829265228, 53.48756110002698], [10.200689753772231, 53.48754881190433], [10.20064110082078, 53.48753666038875], [10.20059227354757, 53.48752452999057], [10.200557438578056, 53.487515961267036], [10.200522580338271, 53.487507368499635], [10.200487646542335, 53.48749884175878], [10.200452721012534, 53.48749043631759], [10.200417806593382, 53.48748194446731], [10.200382817446298, 53.48747355073558], [10.200347890248612, 53.48746520359885], [10.200312907278951, 53.48745692086945], [10.200277738077725, 53.48744856674523], [10.200242640876766, 53.487440390939135], [10.20020754844279, 53.487432149885805], [10.20017242762676, 53.48742400067499], [10.200137311120582, 53.48741591717901], [10.20010213835956, 53.48740780976255], [10.200066952871234, 53.487399773217156], [10.200031782520378, 53.48739172453321], [10.19999655196426, 53.487383805680295], [10.199961327629056, 53.48737584404206], [10.199925911747542, 53.48736794501118], [10.199890642079309, 53.4873601153139], [10.19985529179331, 53.48735228982417], [10.199819910481853, 53.48734456206753], [10.199784544607022, 53.487336791422706], [10.199749103961606, 53.48732916922641], [10.199713702685683, 53.487321494790024], [10.199678226165496, 53.48731385540286], [10.199642618052442, 53.48730627435419], [10.199607230626123, 53.487298720407956], [10.199571633064531, 53.487291253615936], [10.199535947663433, 53.48728378341301], [10.1995004136099, 53.487276387675486], [10.199464932854813, 53.48726898100233], [10.19942923619062, 53.48726170489656], [10.199393571397405, 53.487254375507845], [10.199358046985113, 53.48724714046486], [10.199322247457681, 53.48723991102609], [10.199286684758421, 53.487232708395084], [10.199250842003153, 53.487225547345055], [10.199215026209796, 53.48721850453098], [10.199179221828523, 53.48721143424141], [10.199143413945887, 53.487204395803246], [10.199107624098737, 53.48719739589574], [10.199071800541196, 53.487190506943165], [10.19903587580042, 53.487183565902335], [10.198999945716904, 53.48717670399112], [10.198964052061685, 53.48716988261996], [10.198928123270889, 53.48716313033291], [10.198892113622218, 53.48715642604343], [10.198856142940194, 53.48714967358458], [10.198820228081505, 53.4871430069523], [10.198784167780376, 53.48713641897142], [10.198748495976556, 53.48712990639455], [10.198712462932928, 53.48712337153959], [10.198676355131806, 53.48711687754914], [10.198640256695938, 53.487110450506535], [10.198604020065746, 53.48710399213645], [10.198567864384097, 53.487097617049116], [10.198531841060062, 53.48709130807237], [10.198495791045925, 53.487085048665925], [10.198459421514537, 53.4870787435673], [10.198423123662536, 53.48707254443226], [10.198387006576581, 53.48706640846845], [10.198350673889344, 53.487060225038235], [10.198314334330925, 53.4870541270247], [10.198277996834351, 53.48704811594444], [10.198241664103296, 53.487042046233036], [10.19820533100584, 53.487036071902004], [10.198169083133957, 53.48703015442944], [10.198132542247476, 53.48702425442185], [10.198096238918723, 53.48701841425658], [10.198059917792968, 53.48701262512902], [10.198023451112133, 53.487006871661976], [10.197987267347893, 53.48700115572584], [10.19795047952209, 53.48699540914151], [10.197914093591056, 53.48698979052046], [10.197877561309724, 53.48698418453203], [10.197841158505813, 53.486978613649114], [10.197804492116731, 53.48697305781236], [10.197768037358331, 53.486967584131584], [10.197731315159368, 53.48696212460988], [10.197694842451009, 53.4869566911523], [10.19765812643296, 53.48695131831013], [10.197621611822576, 53.48694602153163], [10.197585096600765, 53.48694069840242], [10.197548375890502, 53.48693543109105], [10.197511739076639, 53.486930218835234], [10.19747510510041, 53.4869250712736], [10.19743831025963, 53.48691993965902], [10.197401570185407, 53.48691487960028], [10.19736480630196, 53.486909805517186], [10.197328163334445, 53.486904823125236], [10.197291394440898, 53.48689987661353], [10.197254439639321, 53.486894899238045], [10.197217691269202, 53.48689005192155], [10.19718089843876, 53.48688518811175], [10.197144047235659, 53.48688041806734], [10.19710732492941, 53.486875643144124], [10.197070433310707, 53.48687093179716], [10.197033515059102, 53.48686625962588], [10.196996665150419, 53.48686160371247], [10.196959769896562, 53.48685703379476], [10.196922836007182, 53.48685246982334], [10.196885934254533, 53.486847973446366], [10.196849013917504, 53.48684352792186], [10.196812113224269, 53.48683907413416], [10.19677508144689, 53.486834644792765], [10.19673811277392, 53.48683031575818], [10.196701156894102, 53.486826048630356], [10.196664123509969, 53.48682176713823], [10.196626978359607, 53.48681755295795], [10.196590083564816, 53.48681339836282], [10.196553130775202, 53.48680925626358], [10.196515950213383, 53.486805164408935], [10.196478073688626, 53.486801033168646], [10.196441018412239, 53.48679701660113], [10.196403884906367, 53.4867930656827], [10.196366774299268, 53.48678912126653], [10.196328303359065, 53.486785067093116], [10.196291227883187, 53.48678121168233], [10.196254200990381, 53.48677743889118], [10.196216589416096, 53.48677362340786], [10.196179250948278, 53.48676990583203], [10.196142283662713, 53.48676622718792], [10.196105077580238, 53.48676257446081], [10.196067410171779, 53.48675897128955], [10.196030776745767, 53.48675547766208], [10.195993330900643, 53.48675192905038], [10.195955176801014, 53.48674835360535], [10.19591844341642, 53.48674498597928], [10.19588097462986, 53.48674164237028]]}, "properties": {"object_id": "7f1e3b40-9436-4b8c-8b7a-0538a2700292", "type": "Rail_Right", "material": "metal"}}, {"type": "Feature", "geometry": {"type": "LineString", "coordinates": [[10.209478017407994, 53.49159574212639], [10.209421683512756, 53.49156769218808], [10.20936398528218, 53.491538939097076], [10.209306682441328, 53.491510382976344], [10.209247732769663, 53.49148100610979], [10.209190461918823, 53.49145246579634], [10.209132703454031, 53.49142368241859], [10.209074797604616, 53.49139486495585], [10.209040020257255, 53.49137755724761], [10.209016435112458, 53.49136581957009], [10.208958975008033, 53.49133716980155], [10.208901323852102, 53.49130840328263], [10.208843573569473, 53.49127955989937], [10.208785695796593, 53.49125064801533], [10.20877249665424, 53.491244068247845], [10.20872790268484, 53.49122183814487], [10.208669388336395, 53.49119265956743], [10.208612133099349, 53.49116410878745], [10.208549534411162, 53.49113289337715], [10.20849627862082, 53.49110630122814], [10.208438372389686, 53.49107736791292], [10.208381100248909, 53.4910487570446], [10.208323421922628, 53.491019925116426], [10.20826590012802, 53.490991178501474], [10.20820784780003, 53.49096220061223], [10.208150102092235, 53.490933376622266], [10.208092279476041, 53.49090450821811], [10.208034597094954, 53.49087570125024], [10.207976605714169, 53.490846756989846], [10.207918983452885, 53.49081799427004], [10.207861351680709, 53.4907892207453], [10.20780347250841, 53.49076030996697], [10.207745429419944, 53.490731390095874], [10.20769985549194, 53.490708681071546], [10.207687800364441, 53.49070267411723], [10.207629876889872, 53.49067387277084], [10.20757213637802, 53.49064520149245], [10.20751438109415, 53.49061643750441], [10.207456346680374, 53.49058750899249], [10.207398537091162, 53.4905586924816], [10.207359997951073, 53.49053943309822], [10.207339112593704, 53.49052907091235], [10.207319491081632, 53.49051930494845], [10.207282817038715, 53.49050105162585], [10.207225104967026, 53.49047228005722], [10.207167529646037, 53.49044339591303], [10.207109494034215, 53.49041456480637], [10.207051380929725, 53.49038569513474], [10.206994051718645, 53.49035712500174]]}, "properties": {"object_id": "ce40bfc8-c73a-4fba-a4d9-2fe4679e629a", "type": "Rail_Right", "material": "metal"}}, {"type": "Feature", "geometry": {"type": "LineString", "coordinates": [[10.207040984728819, 53.49034778130839], [10.20707783269833, 53.49036359974822], [10.207113163747968, 53.4903787887185], [10.207151192155996, 53.49039513727084], [10.207187956869834, 53.490410948688144], [10.207224561427381, 53.49042671810254], [10.207261082872897, 53.49044249061658], [10.207297754103909, 53.490458354353606], [10.207334297895923, 53.49047417182246], [10.207370778560309, 53.49048998616945], [10.207407218274913, 53.49050591430617], [10.20744364038793, 53.4905220382874], [10.2074798041605, 53.490538223133456], [10.207515813393638, 53.49055443800583], [10.20755173295084, 53.49057077142904], [10.207587384591315, 53.49058721564747], [10.20762296086945, 53.49060380448355], [10.207659067174779, 53.49062083096776], [10.20769417815305, 53.49063754050595], [10.207729183037292, 53.49065460417165], [10.20776748695952, 53.49067374202007], [10.207825142215516, 53.49070254623755], [10.207884794769539, 53.49073226106159], [10.207941214648288, 53.49076034760299], [10.207960298018568, 53.49076997792881], [10.207998909985088, 53.49078922568672], [10.208056648994557, 53.4908180287748], [10.20811387893755, 53.49084657762112], [10.208170982964528, 53.49087512404023], [10.208218715589974, 53.49089893071675], [10.20822859964484, 53.490903860389494], [10.208240003254174, 53.49090954793763], [10.208286376261933, 53.49093267643992], [10.208344285066012, 53.490961558350776], [10.208364660612457, 53.490971720601415], [10.208403452694846, 53.49099106802813], [10.208461378693084, 53.49101995837738], [10.208519077497822, 53.491048755334056], [10.208576901472417, 53.491077690311506], [10.208633304434517, 53.49110574247924], [10.2086697344666, 53.49112390983706], [10.208692524020345, 53.49113527478673], [10.208751649144252, 53.49116493516686], [10.208809321223805, 53.49119374377828], [10.208865881410269, 53.491221891993], [10.208923640956602, 53.49125063895741], [10.208981433368788, 53.49127946621692], [10.209039406936702, 53.49130838377031], [10.209096969143138, 53.49133709606695], [10.209141664141653, 53.49135939009413], [10.209154892274503, 53.49136598832697], [10.20921255760844, 53.49139475192933], [10.209234623664873, 53.49140554665416], [10.20926360769584, 53.49141972564062], [10.209287348068365, 53.491431114980365], [10.209311320376383, 53.491442246751845], [10.209334951667865, 53.491453033541816], [10.20935944074807, 53.49146395566459], [10.2093839833858, 53.491474680550084], [10.209408298847608, 53.49148504842122], [10.209433242280602, 53.491495374133216], [10.209458071687314, 53.49150553977075], [10.2094831263384, 53.49151549944207], [10.209504986762612, 53.491524062708045], [10.209532744790856, 53.49153476533379], [10.209583803314258, 53.491554064204806], [10.209635060590479, 53.49157335643187], [10.20969368953345, 53.49159549985535]]}, "properties": {"object_id": "46f9ad9e-e1d6-41f5-b4b3-03fef590fc93", "type": "Rail_Right", "material": "metal"}}, {"type": "Feature", "geometry": {"type": "LineString", "coordinates": [[10.208218715589974, 53.49089893071675], [10.208193984672667, 53.49088612914405], [10.208169980790773, 53.4908736321359], [10.208146752659271, 53.49086140225328], [10.208124437783523, 53.49084932638401], [10.208102395013206, 53.49083708553524], [10.208080914309884, 53.490824823342905], [10.208059593130809, 53.49081239239644], [10.208038254918362, 53.490799710283326], [10.208017735917814, 53.49078729775955], [10.207996265859864, 53.49077391244064], [10.207975875077615, 53.49076091807625], [10.207951456321004, 53.49074524641843], [10.207930030082942, 53.49073127005627], [10.207901726553713, 53.490712239955826], [10.207851795277975, 53.49067859128405], [10.207801884299244, 53.490644882327494], [10.207752080032215, 53.490611244157684], [10.20770221012468, 53.490577612596795], [10.207652149186908, 53.490543923727884], [10.207602131621075, 53.49051031668489], [10.207580383910054, 53.490495749662294], [10.207560100366427, 53.49048236984785], [10.207558204835623, 53.490481164606116], [10.207539550601672, 53.490469283781245], [10.207518484220289, 53.490456195525], [10.207497565707724, 53.49044356896147], [10.207476114428117, 53.49043088698725], [10.207453836207002, 53.490417881224325], [10.207431964423103, 53.49040554640457], [10.207409898035797, 53.490393504735344], [10.207387392805064, 53.49038143817975], [10.207364554980314, 53.490369278619745], [10.207341545116646, 53.490357064927146], [10.207312932945847, 53.49034209834896]]}, "properties": {"object_id": "bd757215-45be-4bc7-84b6-f43aa837e3fb", "type": "Rail_Right", "material": "metal"}}, {"type": "Feature", "geometry": {"type": "LineString", "coordinates": [[10.206900198006457, 53.49035244855684], [10.206930329350861, 53.490365954344846], [10.206960531041448, 53.4903793688834], [10.20699078926947, 53.49039274944386], [10.207008333961458, 53.490400482645846], [10.207038917949003, 53.490413919286645], [10.207070060178292, 53.49042752989936], [10.207100398078833, 53.49044074514539], [10.207130575892352, 53.490453885188366], [10.207160573311779, 53.4904669434006], [10.207191669854696, 53.49048048697605], [10.207220406249391, 53.490492999915084], [10.207251701755007, 53.49050662841925], [10.207283333260861, 53.49052044050379], [10.20731458891328, 53.490534108280364], [10.207343782745856, 53.49054692067582], [10.207374757288546, 53.49056058096657], [10.207403901227583, 53.49057354013083], [10.20743682570434, 53.490588330645735], [10.207465503351525, 53.4906013442862], [10.207505240789612, 53.490619477880685], [10.207535410747463, 53.49063333877397], [10.207565245507965, 53.490647170128945], [10.207594937145029, 53.49066095596288], [10.207624773507526, 53.49067496148818], [10.207655428003298, 53.490689327158044], [10.207687093482257, 53.49070417907351], [10.207745429419944, 53.490731390095874]]}, "properties": {"object_id": "97618cfd-8ecc-40c5-a493-eda4217dfdae", "type": "Rail_Right", "material": "metal"}}, {"type": "Feature", "geometry": {"type": "LineString", "coordinates": [[10.209826803690964, 53.49159494763842], [10.209816946763578, 53.491590017194035], [10.209787890688444, 53.491575660921285], [10.209758675249118, 53.49156143738259], [10.209729199755781, 53.491547336555996], [10.209699764226198, 53.49153340325709], [10.20966997144206, 53.49151966294766], [10.209639911832458, 53.49150593847397], [10.209610013049163, 53.49149242225105], [10.20957970727542, 53.49147878333597], [10.209549422929115, 53.491465418438295], [10.209519087202553, 53.49145219462042], [10.20948828817072, 53.491438885961536], [10.209457754341765, 53.491425781260915], [10.20943195092443, 53.49141485937063], [10.209428165124349, 53.491413243832994], [10.209396239439888, 53.491399816762375], [10.20936547527611, 53.491386927525], [10.209334601394932, 53.491374176283415], [10.209303549233354, 53.49136142714871], [10.209272308859035, 53.49134875513317], [10.209240653656448, 53.49133610897776], [10.209209503984983, 53.49132377405195], [10.209177825067204, 53.491311278484304], [10.209146248293841, 53.491298865330094], [10.209114934014686, 53.49128671302149], [10.209083292133515, 53.49127439929241], [10.209051706451639, 53.49126213940172], [10.209020126923553, 53.49124996675172], [10.208988611057393, 53.491237758964324], [10.208956909651903, 53.49122545184853], [10.208925444538767, 53.4912131675513], [10.208894027850311, 53.491200816488565], [10.208862862989, 53.49118839296905], [10.208831518296584, 53.49117582758241], [10.208800401741536, 53.49116315317169], [10.208769400053873, 53.4911502959254], [10.208738534092216, 53.49113747291445], [10.208714893978723, 53.49112758233777], [10.2086899727975, 53.49111705048984], [10.208665527765799, 53.49110656011568], [10.20864126280426, 53.49109610777956], [10.208616954750728, 53.49108552567321], [10.208592864679702, 53.49107497589552], [10.208567659401773, 53.49106387898847], [10.208545345768277, 53.49105398063638], [10.208521481104125, 53.491043357439544], [10.208497701876889, 53.49103282297306], [10.2084740191632, 53.49102209197082], [10.208450933260748, 53.49101151243791], [10.208427392628327, 53.491000482504965], [10.208405322229114, 53.49098999054683], [10.208380597160865, 53.4909780949935], [10.20835704786446, 53.49096662873502], [10.20830979489706, 53.49094367759145], [10.2082863645502, 53.490932273944566], [10.208263072105742, 53.49092086814235], [10.208240003254174, 53.49090954793763]]}, "properties": {"object_id": "534b23b3-ec04-4286-98d5-0f2a5d1189f9", "type": "Rail_Right", "material": "metal"}}, {"type": "Feature", "geometry": {"type": "LineString", "coordinates": [[10.209631141857892, 53.491336852961815], [10.20966511230854, 53.49135423470868], [10.209710852488003, 53.49137764194187], [10.209756551066334, 53.491401108410784], [10.209802332877814, 53.49142452346441], [10.209848023235248, 53.491447972197356], [10.209893743727454, 53.49147138259814], [10.209939497779066, 53.49149482359218], [10.2099851812973, 53.491518214952144], [10.210030874654532, 53.49154169191629], [10.210076641432488, 53.49156509900132], [10.210122394451648, 53.49158853704891], [10.210134719030362, 53.49159478786962]]}, "properties": {"object_id": "9300d558-9214-44f2-bf60-b713606e7ccf", "type": "Rail_Right", "material": "metal"}}, {"type": "Feature", "geometry": {"type": "LineString", "coordinates": [[10.20877249665424, 53.491244068247845], [10.208805349650696, 53.4912607153747], [10.208839871043544, 53.4912785809466], [10.208872500632507, 53.49129651520106], [10.208905383197344, 53.49131532898828], [10.208937072505758, 53.49133385900706], [10.208969476822245, 53.49135312782069], [10.209000408104385, 53.49137235349055], [10.209031559240403, 53.49139188291253], [10.20906300370662, 53.49141146175172], [10.209094439751809, 53.491430690388434], [10.209112743097865, 53.4914419343446], [10.209125927037826, 53.49145003856794], [10.209157825692404, 53.49146947262104], [10.209204795911974, 53.49149765022808], [10.20925385399912, 53.49152648521489], [10.209286567969428, 53.49154524941839], [10.209319650289146, 53.491563574496965], [10.209349016165154, 53.491579918365446], [10.209377372937979, 53.49159556745006]]}, "properties": {"object_id": "d031ff69-1598-431b-8c30-1d9caeec9d4f", "type": "Rail_Right", "material": "metal"}}, {"type": "Feature", "geometry": {"type": "LineString", "coordinates": [[10.209614649407243, 53.491595350844506], [10.209558091158197, 53.491567051307314], [10.209501656662708, 53.49153886362432], [10.20949303811709, 53.4915345588609], [10.209443983578959, 53.4915100572294], [10.209386103407477, 53.49148127979797], [10.209328328900366, 53.49145261933918], [10.209270401088702, 53.49142357119612], [10.209234623664873, 53.49140554665416]]}, "properties": {"object_id": "991a9e7a-8339-4a4a-aefe-da4563f4c097", "type": "Rail_Right", "material": "metal"}}, {"type": "Feature", "geometry": {"type": "LineString", "coordinates": [[10.209251463358116, 53.49152873725741], [10.20922196958948, 53.49151335045163], [10.209193504143908, 53.491498775328104], [10.209164043708267, 53.491483948819294], [10.20913579339674, 53.49146994974158], [10.209104510057076, 53.49145472892918], [10.20907711583488, 53.49144166642044], [10.209047356734372, 53.491427732139016], [10.209017953923345, 53.49141413730332], [10.20898795539488, 53.491400292054614], [10.208958043971995, 53.49138645297145], [10.208928705147747, 53.491372883775135], [10.208898824774785, 53.49135904513249], [10.208868978975971, 53.4913452307722], [10.208838436637269, 53.49133108998114], [10.20880782469399, 53.491316916946445], [10.208749481230443, 53.491289904436975]]}, "properties": {"object_id": "abd35837-5043-4b84-9f0a-d375ef1f009a", "type": "Rail_Right", "material": "metal"}}, {"type": "Feature", "geometry": {"type": "LineString", "coordinates": [[10.209141664141653, 53.49135939009413], [10.209096396764991, 53.49133755752001], [10.209070723583965, 53.491325411321675], [10.209035132984553, 53.491309214636566], [10.208998740311774, 53.491293206794985], [10.208961631011173, 53.49127745071741], [10.208924644869125, 53.49126231857546], [10.208886658513867, 53.49124701109511], [10.208871603964672, 53.491241239403436], [10.208848575235937, 53.49123230904002], [10.208810296509498, 53.49121788919256], [10.208772056265198, 53.49120351965578], [10.208733915686627, 53.49118893161339], [10.208696014000504, 53.491174483443956], [10.208658622297383, 53.491159464000766], [10.208621881160887, 53.49114438204357], [10.208585126867167, 53.49112875093155], [10.208548867744176, 53.49111263463869], [10.208511667481755, 53.49109559132755], [10.208452163619214, 53.49106769119026]]}, "properties": {"object_id": "038646e2-3448-480f-bfaf-9b80c789b3fa", "type": "Rail_Right", "material": "metal"}}, {"type": "Feature", "geometry": {"type": "LineString", "coordinates": [[10.204096440093931, 53.48900011591834], [10.204060375099354, 53.48898373343822], [10.204024370158901, 53.488967556354154], [10.203987580415149, 53.48895123608363], [10.203949480050102, 53.48893432085719], [10.203914774786801, 53.48891891291445], [10.203878609771904, 53.48890273911187], [10.203842326314298, 53.48888663213723], [10.203806122454205, 53.48887063571304], [10.203769942020994, 53.48885462182778], [10.203732824100497, 53.488838314887715], [10.203697191193223, 53.48882236218725], [10.203661067613847, 53.48880649043508], [10.203634272190515, 53.488794222912546], [10.203573468189681, 53.488767652158145], [10.203512677031437, 53.48874110098578], [10.203451789741806, 53.48871459398685], [10.203390956503858, 53.48868810543947], [10.203329959574946, 53.48866167239555], [10.203268882026185, 53.48863538427975], [10.203208006713103, 53.48860921514181], [10.203146731379663, 53.48858297111433], [10.20308541493382, 53.48855677257021], [10.20302407685867, 53.488530690606076], [10.2029625991023, 53.48850458112519], [10.202901199236726, 53.48847860922452], [10.202839624209796, 53.488452710130154], [10.202778056498198, 53.48842674291637], [10.202716378053356, 53.488400974184394], [10.20265483064075, 53.488375316021326], [10.202602949420394, 53.48835388321113], [10.202557725224288, 53.488335291401626], [10.202520693585468, 53.488320275781824], [10.20248330404222, 53.48830533546096], [10.202445285333756, 53.488290252373254], [10.20240737161469, 53.488275472219875], [10.202369545635253, 53.48826087253317], [10.20233146206997, 53.48824645985075], [10.202293563079955, 53.48823221672272], [10.202255164691161, 53.488218002962874], [10.202216725719225, 53.488203942537375], [10.202177091990517, 53.48818984892259], [10.202138763632108, 53.4881764816649], [10.202100112335556, 53.488163083378545], [10.202090202246525, 53.48815967867286], [10.202060474965581, 53.48814946557341], [10.202019370949557, 53.48813534386452]]}, "properties": {"object_id": "fb80a049-45ee-4673-a43f-cdbe78b4342c", "type": "Rail_Right", "material": "metal"}}, {"type": "Feature", "geometry": {"type": "LineString", "coordinates": [[10.203601562964842, 53.48871441391856], [10.203572955201958, 53.48870225492388], [10.203529797156921, 53.4886839116793], [10.203487064572867, 53.48866574923508], [10.203451453081474, 53.48865061341418], [10.2034276922259, 53.48864048659263], [10.20336623392638, 53.48861419726977], [10.203305434123008, 53.48858806333423], [10.203244221729618, 53.488561718818616], [10.2031831834844, 53.488535345633835], [10.203122486849495, 53.4885089871511], [10.203061537817357, 53.48848235450713], [10.203000882634834, 53.48845569477501], [10.202940336789855, 53.488429059908896], [10.202879690831695, 53.488402313739165], [10.202815446070495, 53.488373873881315], [10.202791407927544, 53.48836328841517], [10.202766765541858, 53.48835248081343], [10.202742723534561, 53.48834196325123], [10.202718097714888, 53.488331211803384], [10.202693840675034, 53.48832075924555], [10.202669468792308, 53.488310313093294], [10.202644780864448, 53.4882998073844], [10.202620101448513, 53.48828940663944], [10.202595639905619, 53.48827910417018], [10.202570666916484, 53.48826867215877], [10.202546053505277, 53.48825843802703], [10.202520337311611, 53.48824789707241], [10.202495665828726, 53.48823795595208], [10.202487854854546, 53.488234839694265], [10.20247135331393, 53.488228311525624], [10.202445617335938, 53.48821820253374], [10.202420321127214, 53.48820835741441], [10.202395081710792, 53.488198704097044], [10.202369884763053, 53.48818916195418], [10.20234418313302, 53.48817948703225], [10.202318293134988, 53.48816993670167], [10.202292510529393, 53.48816057038962], [10.202266934047392, 53.48815134646235], [10.202240930503221, 53.48814203874532], [10.202213086815817, 53.488132329510236], [10.202167280920964, 53.48811663853392], [10.20212120755707, 53.488101444216525], [10.202074407079492, 53.4880860980633], [10.202027636821644, 53.48807076585832], [10.202007802841601, 53.48806424400709]]}, "properties": {"object_id": "eebe3ccd-c3f0-4b91-b62e-9729f694cd71", "type": "Rail_Right", "material": "metal"}}, {"type": "Feature", "geometry": {"type": "Polygon", "coordinates": [[[10.208809260792165, 53.49130333290393], [10.208809260792165, 53.49130333290393], [10.208803344036882, 53.4913079087931], [10.208797364212577, 53.49131253345719], [10.208797364212577, 53.49131253345719], [10.20880245019755, 53.49130860006879], [10.208797364212577, 53.49131253345719], [10.208797364212577, 53.49131253345719], [10.208803254829723, 53.49130797778397], [10.20880926079215, 53.49130333290393], [10.20880926079215, 53.49130333290393], [10.20880425662652, 53.49130720301631], [10.208809260792165, 53.49130333290393]]]}, "properties": {"object_id": "5681fdb3-32bc-4410-8271-0f2846e87572", "type": "BufferStop_RackFront", "height": 41, "material": "metal"}}, {"type": "Feature", "geometry": {"type": "Polygon", "coordinates": [[[10.208794754040083, 53.491314552106566], [10.208797364212577, 53.49131253345719], [10.208797364212577, 53.49131253345719], [10.208797364212577, 53.49131253345719], [10.208797364212577, 53.49131253345719], [10.208797364212577, 53.49131253345719], [10.208794754040083, 53.491314552106566], [10.208794754040083, 53.491314552106566]]]}, "properties": {"object_id": "b8fe9150-ff26-4ce3-a529-71a46adb42aa", "type": "BufferStop_RackFront", "height": 41, "material": "metal"}}, {"type": "Feature", "geometry": {"type": "Polygon", "coordinates": [[[10.208809260792174, 53.49130333290393], [10.208811870963293, 53.49130131425422], [10.208811870963293, 53.49130131425422], [10.208809260792174, 53.49130333290393], [10.208809260792174, 53.49130333290393], [10.208809260792174, 53.49130333290393], [10.208809260792174, 53.49130333290393], [10.208809260792174, 53.49130333290393]]]}, "properties": {"object_id": "bcb3787f-4501-4bed-aebd-876e6cdc86e1", "type": "BufferStop_RackFront", "height": 41, "material": "metal"}}, {"type": "Feature", "geometry": {"type": "Polygon", "coordinates": [[[10.208792960471246, 53.491315939212726], [10.208792960471246, 53.491315939212726], [10.208814087711165, 53.491299599869365], [10.208814087711165, 53.491299599869365], [10.208792960471246, 53.491315939212726]]]}, "properties": {"object_id": "8db73f7f-3a06-473a-9623-eb6ccc3f8bde", "type": "BufferStop_Crossbar", "height": 50, "material": "metal"}}, {"type": "Feature", "geometry": {"type": "Polygon", "coordinates": [[[10.208816715110649, 53.491303886571764], [10.208816715110649, 53.491303886571764], [10.2088135356023, 53.49130636132984], [10.2088135356023, 53.49130636132984], [10.208816715110649, 53.491303886571764]]]}, "properties": {"object_id": "9002c88d-af5f-4061-900a-4fa3c32c7d93", "type": "BufferStop_Buffer", "height": 30, "material": "metal"}}, {"type": "Feature", "geometry": {"type": "Polygon", "coordinates": [[[10.208802003752307, 53.49131533709769], [10.208798464964547, 53.49131809149756], [10.208798464964547, 53.49131809149756], [10.208802003752307, 53.49131533709769], [10.208802003752307, 53.49131533709769]]]}, "properties": {"object_id": "c255fcd0-6791-45af-b1d4-dc17ef67b52d", "type": "BufferStop_Buffer", "height": 28, "material": "metal"}}, {"type": "Feature", "geometry": {"type": "MultiPolygon", "coordinates": [[[[10.209333975957465, 53.49125063424419], [10.209341516258696, 53.491244942061854], [10.209348009359438, 53.491248001147454], [10.209340469058546, 53.491253693330194], [10.209333975957465, 53.49125063424419]]], [[[10.209340457451491, 53.491253690787644], [10.209347997752383, 53.4912479986049], [10.209341504651647, 53.491244939519284], [10.209333964350414, 53.49125063170163], [10.209340457451491, 53.491253690787644]]], [[[10.209341516258696, 53.491244942061854], [10.209333975957465, 53.49125063424419], [10.209333964350414, 53.49125063170163], [10.209341504651647, 53.491244939519284], [10.209341516258696, 53.491244942061854]]], [[[10.209348009359438, 53.491248001147454], [10.209341516258696, 53.491244942061854], [10.209341504651647, 53.491244939519284], [10.209347997752383, 53.4912479986049], [10.209348009359438, 53.491248001147454]]], [[[10.209340469058546, 53.491253693330194], [10.209340457451491, 53.491253690787644], [10.209347997752383, 53.4912479986049], [10.209348009359438, 53.491248001147454], [10.209340469058546, 53.491253693330194]]], [[[10.209333975957465, 53.49125063424419], [10.209333964350414, 53.49125063170163], [10.209340457451491, 53.491253690787644], [10.209340469058546, 53.491253693330194], [10.209333975957465, 53.49125063424419]]]]}, "properties": {"object_id": "a7f35bf2-a842-4780-9482-c839b8e6a961", "type": "CatenaryPole_Foundation", "height": 17, "material": "other"}}, {"type": "Feature", "geometry": {"type": "MultiPolygon", "coordinates": [[[[10.208519434543739, 53.49083881858651], [10.208527175712796, 53.49083322316576], [10.208533558404639, 53.4908363637914], [10.208525817235865, 53.49084195921256], [10.208519434543739, 53.49083881858651]]], [[[10.208525821341928, 53.490841959525895], [10.208519438649805, 53.49083881889984], [10.208527179818862, 53.49083322347909], [10.208533562510706, 53.49083636410474], [10.208525821341928, 53.490841959525895]]], [[[10.208527175712796, 53.49083322316576], [10.208519434543739, 53.49083881858651], [10.208519438649805, 53.49083881889984], [10.208527179818862, 53.49083322347909], [10.208527175712796, 53.49083322316576]]], [[[10.208533558404639, 53.4908363637914], [10.208533562510706, 53.49083636410474], [10.208527179818862, 53.49083322347909], [10.208527175712796, 53.49083322316576], [10.208533558404639, 53.4908363637914]]], [[[10.208525817235865, 53.49084195921256], [10.208525821341928, 53.490841959525895], [10.208533562510706, 53.49083636410474], [10.208533558404639, 53.4908363637914], [10.208525817235865, 53.49084195921256]]], [[[10.208519434543739, 53.49083881858651], [10.208525817235865, 53.49084195921256], [10.208525821341928, 53.490841959525895], [10.208519438649805, 53.49083881889984], [10.208519434543739, 53.49083881858651]]]]}, "properties": {"object_id": "818a4498-69f5-4241-a765-2fe712c61e64", "type": "CatenaryPole_Foundation", "height": 7, "material": "other"}}, {"type": "Feature", "geometry": {"type": "MultiPolygon", "coordinates": [[[[10.206048730714791, 53.48961004120906], [10.20605522483932, 53.4896130992362], [10.206062761812534, 53.48960740581123], [10.20605626768834, 53.489604347784486], [10.206048730714791, 53.48961004120906]]], [[[10.206055251597453, 53.48961309742333], [10.20604875747292, 53.48961003939619], [10.20605629444647, 53.489604345971614], [10.206062788570664, 53.489607403998356], [10.206055251597453, 53.48961309742333]]], [[[10.20605626768834, 53.489604347784486], [10.20605629444647, 53.489604345971614], [10.20604875747292, 53.48961003939619], [10.206048730714791, 53.48961004120906], [10.20605626768834, 53.489604347784486]]], [[[10.206062761812534, 53.48960740581123], [10.20605626768834, 53.489604347784486], [10.20605629444647, 53.489604345971614], [10.206062788570664, 53.489607403998356], [10.206062761812534, 53.48960740581123]]], [[[10.20605522483932, 53.4896130992362], [10.206055251597453, 53.48961309742333], [10.206062788570664, 53.489607403998356], [10.206062761812534, 53.48960740581123], [10.20605522483932, 53.4896130992362]]], [[[10.206048730714791, 53.48961004120906], [10.20604875747292, 53.48961003939619], [10.206055251597453, 53.48961309742333], [10.20605522483932, 53.4896130992362], [10.206048730714791, 53.48961004120906]]]]}, "properties": {"object_id": "befe086c-97b4-4df6-9ecc-4b2449e98979", "type": "CatenaryPole_Foundation", "height": 19, "material": "other"}}, {"type": "Feature", "geometry": {"type": "Polygon", "coordinates": [[[10.204300507215569, 53.488934801743426], [10.204300507215569, 53.488934801743426], [10.204189197625848, 53.48888746812644], [10.204189197625848, 53.48888746812644], [10.204300507215569, 53.488934801743426]]]}, "properties": {"object_id": "7067dac9-8b33-415d-bdf2-62e19b17c2fc", "type": "Platform_Wall", "height": 16, "material": "other"}}, {"type": "Feature", "geometry": {"type": "Polygon", "coordinates": [[[10.20418804847415, 53.48888840679466], [10.20418804847415, 53.48888840679466], [10.204170201536543, 53.48890298480533], [10.204170201536543, 53.48890298480533], [10.20418804847415, 53.48888840679466]]]}, "properties": {"object_id": "6a73aa0b-8a52-4c37-b0ef-38adcc22f8f8", "type": "Platform_Wall", "height": 16, "material": "other"}}, {"type": "Feature", "geometry": {"type": "Polygon", "coordinates": [[[10.204189197625848, 53.48888746812644], [10.204189197625848, 53.48888746812644], [10.204188048474146, 53.48888840679467], [10.204188048474146, 53.48888840679467], [10.204189197625848, 53.48888746812644]]]}, "properties": {"object_id": "f0b24062-2d5b-4d70-b3a3-7631882c0f58", "type": "Platform_Wall", "height": 16, "material": "other"}}, {"type": "Feature", "geometry": {"type": "Polygon", "coordinates": [[[10.204960670126258, 53.48922391285677], [10.204960670126258, 53.48922391285677], [10.204986799895826, 53.48923570796229], [10.204986799895826, 53.48923570796229], [10.204960670126258, 53.48922391285677]]]}, "properties": {"object_id": "8c205639-ac86-4888-9a4e-eab05e55e8c5", "type": "Platform_Wall", "height": 9, "material": "other"}}, {"type": "Feature", "geometry": {"type": "Polygon", "coordinates": [[[10.204944506355032, 53.489216623941076], [10.204960670126258, 53.48922391285677], [10.204960670126258, 53.48922391285677], [10.204944506355032, 53.489216623941076], [10.204944506355032, 53.489216623941076]]]}, "properties": {"object_id": "ec1975b0-7387-4107-9c78-7d55df04c211", "type": "Platform_Wall", "height": 9, "material": "other"}}, {"type": "Feature", "geometry": {"type": "Polygon", "coordinates": [[[10.204912152721956, 53.48920206672167], [10.204944506355032, 53.489216623941076], [10.204944506355032, 53.489216623941076], [10.204912152721956, 53.48920206672167], [10.204912152721956, 53.48920206672167]]]}, "properties": {"object_id": "68cb7f52-93e7-454b-acf7-afb8a060e945", "type": "Platform_Wall", "height": 9, "material": "other"}}, {"type": "Feature", "geometry": {"type": "Polygon", "coordinates": [[[10.204879764356162, 53.48918753700947], [10.204879764356162, 53.48918753700947], [10.20491215272197, 53.48920206672169], [10.20491215272197, 53.48920206672169], [10.204879764356162, 53.48918753700947]]]}, "properties": {"object_id": "5a9e2d63-6031-417c-b291-d6d59b13f884", "type": "Platform_Wall", "height": 9, "material": "other"}}, {"type": "Feature", "geometry": {"type": "Polygon", "coordinates": [[[10.20484734132342, 53.48917303483397], [10.204879764356178, 53.48918753700947], [10.204879764356178, 53.48918753700947], [10.20484734132342, 53.48917303483397], [10.20484734132342, 53.48917303483397]]]}, "properties": {"object_id": "4d9253bd-a1df-45cc-b671-12895095838d", "type": "Platform_Wall", "height": 9, "material": "other"}}, {"type": "Feature", "geometry": {"type": "Polygon", "coordinates": [[[10.20478239152064, 53.48914411321084], [10.204814883689611, 53.48915856022462], [10.204814883689611, 53.48915856022462], [10.20478239152064, 53.48914411321084], [10.20478239152064, 53.48914411321084]]]}, "properties": {"object_id": "7dcdc082-3da0-43b6-bf8a-44f4a05e71df", "type": "Platform_Wall", "height": 9, "material": "other"}}, {"type": "Feature", "geometry": {"type": "Polygon", "coordinates": [[[10.20474986488254, 53.48912969382191], [10.20478239152064, 53.48914411321084], [10.20478239152064, 53.48914411321084], [10.20474986488254, 53.48912969382191], [10.20474986488254, 53.48912969382191]]]}, "properties": {"object_id": "e79f6fc8-e8f1-447a-bca7-37576adda097", "type": "Platform_Wall", "height": 9, "material": "other"}}, {"type": "Feature", "geometry": {"type": "Polygon", "coordinates": [[[10.20471730384134, 53.48911530208713], [10.204749864882508, 53.489129693821894], [10.204749864882508, 53.489129693821894], [10.20471730384134, 53.48911530208713], [10.20471730384134, 53.48911530208713]]]}, "properties": {"object_id": "920b6e56-7730-4177-8a32-60748f586e4e", "type": "Platform_Wall", "height": 9, "material": "other"}}, {"type": "Feature", "geometry": {"type": "Polygon", "coordinates": [[[10.20468470846327, 53.48910093803575], [10.204717303841353, 53.489115302087136], [10.204717303841353, 53.489115302087136], [10.20468470846327, 53.48910093803575], [10.20468470846327, 53.48910093803575]]]}, "properties": {"object_id": "4697ad41-29c4-4236-82ae-43168c131b02", "type": "Platform_Wall", "height": 9, "material": "other"}}, {"type": "Feature", "geometry": {"type": "Polygon", "coordinates": [[[10.204652078814474, 53.489086601696876], [10.204652078814474, 53.489086601696876], [10.20468470846327, 53.48910093803577], [10.20468470846327, 53.48910093803577], [10.204652078814474, 53.489086601696876]]]}, "properties": {"object_id": "01642fa0-3e0d-41f5-b362-94b2b3d33ac5", "type": "Platform_Wall", "height": 9, "material": "other"}}, {"type": "Feature", "geometry": {"type": "Polygon", "coordinates": [[[10.204619414961282, 53.48907229309968], [10.204652078814474, 53.489086601696876], [10.204652078814474, 53.489086601696876], [10.204619414961282, 53.48907229309968], [10.204619414961282, 53.48907229309968]]]}, "properties": {"object_id": "ad05eebb-e6ba-45b9-8646-aed3ab312388", "type": "Platform_Wall", "height": 9, "material": "other"}}, {"type": "Feature", "geometry": {"type": "Polygon", "coordinates": [[[10.204586716970026, 53.489058012273155], [10.204619414961282, 53.48907229309967], [10.204619414961282, 53.48907229309967], [10.204586716970026, 53.489058012273155], [10.204586716970026, 53.489058012273155]]]}, "properties": {"object_id": "a7b297b7-53b8-4ef4-9ea2-ec3d4758276d", "type": "Platform_Wall", "height": 9, "material": "other"}}, {"type": "Feature", "geometry": {"type": "Polygon", "coordinates": [[[10.204553984907127, 53.48904375924637], [10.204586716970013, 53.489058012273155], [10.204586716970013, 53.489058012273155], [10.204553984907127, 53.48904375924637], [10.204553984907127, 53.48904375924637]]]}, "properties": {"object_id": "58011178-17d1-4dec-8c81-ad265539ac58", "type": "Platform_Wall", "height": 9, "material": "other"}}, {"type": "Feature", "geometry": {"type": "Polygon", "coordinates": [[[10.204521218839053, 53.48902953404819], [10.20455398490711, 53.489043759246364], [10.20455398490711, 53.489043759246364], [10.204521218839053, 53.48902953404819], [10.204521218839053, 53.48902953404819]]]}, "properties": {"object_id": "5a6f13be-5698-40cf-8746-20c890af3712", "type": "Platform_Wall", "height": 9, "material": "other"}}, {"type": "Feature", "geometry": {"type": "Polygon", "coordinates": [[[10.204488418832417, 53.48901533670751], [10.204521218839053, 53.48902953404819], [10.204521218839053, 53.48902953404819], [10.204488418832417, 53.48901533670751], [10.204488418832417, 53.48901533670751]]]}, "properties": {"object_id": "29470661-731a-42e8-8cda-c7c40bf33238", "type": "Platform_Wall", "height": 9, "material": "other"}}, {"type": "Feature", "geometry": {"type": "Polygon", "coordinates": [[[10.2044555849538, 53.489001167253186], [10.2044555849538, 53.489001167253186], [10.204488418832417, 53.48901533670752], [10.204488418832417, 53.48901533670752], [10.2044555849538, 53.489001167253186]]]}, "properties": {"object_id": "4ce32702-d2ec-4a90-a19d-c15360c981ea", "type": "Platform_Wall", "height": 9, "material": "other"}}, {"type": "Feature", "geometry": {"type": "Polygon", "coordinates": [[[10.204422717269928, 53.48898702571401], [10.204455584953811, 53.489001167253186], [10.204455584953811, 53.489001167253186], [10.204422717269928, 53.48898702571401], [10.204422717269928, 53.48898702571401]]]}, "properties": {"object_id": "584c8b8b-a3a4-4dc0-8f5e-ac912005850a", "type": "Platform_Wall", "height": 9, "material": "other"}}, {"type": "Feature", "geometry": {"type": "Polygon", "coordinates": [[[10.20438981584754, 53.48897291211864], [10.204422717269914, 53.48898702571402], [10.204422717269914, 53.48898702571402], [10.20438981584754, 53.48897291211864], [10.20438981584754, 53.48897291211864]]]}, "properties": {"object_id": "c9ca303c-f713-408b-a43c-b29fc62850f7", "type": "Platform_Wall", "height": 9, "material": "other"}}, {"type": "Feature", "geometry": {"type": "Polygon", "coordinates": [[[10.20435688075349, 53.488958826495725], [10.204389815847538, 53.488972912118626], [10.204389815847538, 53.488972912118626], [10.20435688075349, 53.488958826495725], [10.20435688075349, 53.488958826495725]]]}, "properties": {"object_id": "c455ff79-66d4-4aa1-8e51-2fdb018613c2", "type": "Platform_Wall", "height": 9, "material": "other"}}, {"type": "Feature", "geometry": {"type": "Polygon", "coordinates": [[[10.204323912054669, 53.488944768873914], [10.204356880753478, 53.488958826495725], [10.204356880753478, 53.488958826495725], [10.204323912054669, 53.488944768873914], [10.204323912054669, 53.488944768873914]]]}, "properties": {"object_id": "e145a12c-e70f-4782-b644-c4da6c05ae85", "type": "Platform_Wall", "height": 9, "material": "other"}}, {"type": "Feature", "geometry": {"type": "Polygon", "coordinates": [[[10.204300507215557, 53.488934801743426], [10.204323912054683, 53.48894476887389], [10.204323912054683, 53.48894476887389], [10.204300507215557, 53.488934801743426], [10.204300507215557, 53.488934801743426]]]}, "properties": {"object_id": "35427a03-e1f2-4355-9cfc-acd897b6efcc", "type": "Platform_Wall", "height": 9, "material": "other"}}, {"type": "Feature", "geometry": {"type": "Polygon", "coordinates": [[[10.204814883689586, 53.48915856022463], [10.204814883689586, 53.48915856022463], [10.204847341323404, 53.48917303483396], [10.204847341323404, 53.48917303483396], [10.204814883689586, 53.48915856022463]]]}, "properties": {"object_id": "0520f224-4899-42c5-9b7c-0eeaf28a8af5", "type": "Platform_Wall", "height": 9, "material": "other"}}, {"type": "Feature", "geometry": {"type": "Polygon", "coordinates": [[[10.204003476307678, 53.489001618977966], [10.204122023682851, 53.489057234673716], [10.204122201293682, 53.48905731369365], [10.204003653918056, 53.489001697998084], [10.204003476307678, 53.489001618977966]]]}, "properties": {"object_id": "46169c84-8f8d-4efa-be53-2a359d873d51", "type": "Platform_Wall", "height": 16, "material": "other"}}, {"type": "Feature", "geometry": {"type": "Polygon", "coordinates": [[[10.204150300152248, 53.48903703939583], [10.204016422517357, 53.48897506199826], [10.204016600127636, 53.48897514101837], [10.204150477763033, 53.48903711841574], [10.204150300152248, 53.48903703939583]]]}, "properties": {"object_id": "25764caf-56b0-4e63-8f74-acff095e88bd", "type": "Platform_Wall", "height": 16, "material": "other"}}, {"type": "Feature", "geometry": {"type": "Polygon", "coordinates": [[[10.203987804206456, 53.4889942664983], [10.204003476307678, 53.489001618977966], [10.204003653918042, 53.48900169799808], [10.203987981816779, 53.488994345518435], [10.203987804206456, 53.4889942664983]]]}, "properties": {"object_id": "f78419ba-acc8-4223-a430-42719ec47649", "type": "Platform_Wall", "height": 16, "material": "other"}}, {"type": "Feature", "geometry": {"type": "Polygon", "coordinates": [[[10.204016422517375, 53.48897506199826], [10.204016600127654, 53.48897514101837], [10.20398798181678, 53.488994345518435], [10.203987804206482, 53.48899426649829], [10.204016422517375, 53.48897506199826]]]}, "properties": {"object_id": "951fc5f5-72e1-42fa-a10c-7f4fe190a321", "type": "Platform_Wall", "height": 16, "material": "other"}}, {"type": "Feature", "geometry": {"type": "Polygon", "coordinates": [[[10.206561756857159, 53.490206965236524], [10.20655238448618, 53.4902022007197], [10.20655238448618, 53.4902022007197], [10.206561756857159, 53.490206965236524], [10.206561756857159, 53.490206965236524]]]}, "properties": {"object_id": "48dc7fc6-0bae-4a4b-be55-fe881e0aec88", "type": "Platform_Wall", "height": 16, "material": "other"}}, {"type": "Feature", "geometry": {"type": "Polygon", "coordinates": [[[10.20658052745253, 53.490216476151566], [10.206561756857145, 53.49020696523651], [10.206561756857145, 53.49020696523651], [10.20658052745253, 53.490216476151566], [10.20658052745253, 53.490216476151566]]]}, "properties": {"object_id": "b96150b4-f7f8-468d-a72d-a3aca56d2b70", "type": "Platform_Wall", "height": 16, "material": "other"}}, {"type": "Feature", "geometry": {"type": "Polygon", "coordinates": [[[10.206599332446233, 53.490225962871534], [10.206580527452543, 53.490216476151566], [10.206580527452543, 53.490216476151566], [10.206599332446233, 53.490225962871534], [10.206599332446233, 53.490225962871534]]]}, "properties": {"object_id": "ca56c6f8-6a7a-48ea-b853-296d8ab3aafc", "type": "Platform_Wall", "height": 16, "material": "other"}}, {"type": "Feature", "geometry": {"type": "Polygon", "coordinates": [[[10.206618171750524, 53.49023542535213], [10.206599332446217, 53.49022596287152], [10.206599332446217, 53.49022596287152], [10.206618171750524, 53.49023542535213], [10.206618171750524, 53.49023542535213]]]}, "properties": {"object_id": "1f76313a-8b87-44de-8a5d-3f434bd8af59", "type": "Platform_Wall", "height": 16, "material": "other"}}, {"type": "Feature", "geometry": {"type": "Polygon", "coordinates": [[[10.206637045277589, 53.490244863549286], [10.20661817175051, 53.49023542535213], [10.20661817175051, 53.49023542535213], [10.206637045277589, 53.490244863549286], [10.206637045277589, 53.490244863549286]]]}, "properties": {"object_id": "316d7dd0-4f13-4e44-8cbe-a61a7f2d229e", "type": "Platform_Wall", "height": 16, "material": "other"}}, {"type": "Feature", "geometry": {"type": "Polygon", "coordinates": [[[10.206655952939466, 53.49025427741896], [10.206637045277589, 53.49024486354929], [10.206637045277589, 53.49024486354929], [10.206655952939466, 53.49025427741896], [10.206655952939466, 53.49025427741896]]]}, "properties": {"object_id": "195563b4-01f9-41fa-8906-77e1ff8794c1", "type": "Platform_Wall", "height": 16, "material": "other"}}, {"type": "Feature", "geometry": {"type": "Polygon", "coordinates": [[[10.206674894647966, 53.49026366691725], [10.206655952939464, 53.49025427741895], [10.206655952939464, 53.49025427741895], [10.206674894647966, 53.49026366691725], [10.206674894647966, 53.49026366691725]]]}, "properties": {"object_id": "6cb11eae-a2cf-4c83-9e1e-b74c35274fdb", "type": "Platform_Wall", "height": 16, "material": "other"}}, {"type": "Feature", "geometry": {"type": "Polygon", "coordinates": [[[10.206693870314787, 53.49027303200036], [10.206693870314787, 53.49027303200036], [10.206674894647966, 53.49026366691725], [10.206674894647966, 53.49026366691725], [10.206693870314787, 53.49027303200036]]]}, "properties": {"object_id": "371b93f3-8d1c-499e-825f-74727781185d", "type": "Platform_Wall", "height": 16, "material": "other"}}, {"type": "Feature", "geometry": {"type": "Polygon", "coordinates": [[[10.206712879851445, 53.49028237262464], [10.206712879851445, 53.49028237262464], [10.206693870314787, 53.49027303200036], [10.206693870314787, 53.49027303200036], [10.206712879851445, 53.49028237262464]]]}, "properties": {"object_id": "c08ed4e9-111f-4b0c-9d7e-7903bfda647a", "type": "Platform_Wall", "height": 16, "material": "other"}}, {"type": "Feature", "geometry": {"type": "Polygon", "coordinates": [[[10.206731923169292, 53.49029168874648], [10.206731923169292, 53.49029168874648], [10.206712879851429, 53.49028237262464], [10.206712879851429, 53.49028237262464], [10.206731923169292, 53.49029168874648]]]}, "properties": {"object_id": "7a9455f8-6e7f-4ad1-baa8-2e1a15be8632", "type": "Platform_Wall", "height": 16, "material": "other"}}, {"type": "Feature", "geometry": {"type": "Polygon", "coordinates": [[[10.206751000179574, 53.49030098032246], [10.206731923169306, 53.4902916887465], [10.206731923169306, 53.4902916887465], [10.206751000179574, 53.49030098032246], [10.206751000179574, 53.49030098032246]]]}, "properties": {"object_id": "27710de9-116f-4286-b696-938fe500852c", "type": "Platform_Wall", "height": 16, "material": "other"}}, {"type": "Feature", "geometry": {"type": "Polygon", "coordinates": [[[10.206770110793338, 53.49031024730927], [10.206751000179603, 53.490300980322445], [10.206751000179603, 53.490300980322445], [10.206770110793338, 53.49031024730927], [10.206770110793338, 53.49031024730927]]]}, "properties": {"object_id": "8ad4459a-9999-4a4e-aa64-65d5a77346aa", "type": "Platform_Wall", "height": 16, "material": "other"}}, {"type": "Feature", "geometry": {"type": "Polygon", "coordinates": [[[10.206789254921459, 53.490319489663634], [10.206770110793338, 53.49031024730927], [10.206770110793338, 53.49031024730927], [10.206789254921459, 53.490319489663634], [10.206789254921459, 53.490319489663634]]]}, "properties": {"object_id": "36d567e8-d680-4333-b9ae-b69c4ba04e30", "type": "Platform_Wall", "height": 16, "material": "other"}}, {"type": "Feature", "geometry": {"type": "Polygon", "coordinates": [[[10.20680843247468, 53.49032870734252], [10.206789254921446, 53.49031948966365], [10.206789254921446, 53.49031948966365], [10.20680843247468, 53.49032870734252], [10.20680843247468, 53.49032870734252]]]}, "properties": {"object_id": "2b46cedd-ce0c-4c76-b897-9a817023a615", "type": "Platform_Wall", "height": 16, "material": "other"}}, {"type": "Feature", "geometry": {"type": "Polygon", "coordinates": [[[10.206827643363601, 53.490337900302904], [10.20680843247468, 53.49032870734252], [10.20680843247468, 53.49032870734252], [10.206827643363601, 53.490337900302904], [10.206827643363601, 53.490337900302904]]]}, "properties": {"object_id": "9580f69d-2ecf-41da-8ab2-43d225ccd9bc", "type": "Platform_Wall", "height": 16, "material": "other"}}, {"type": "Feature", "geometry": {"type": "Polygon", "coordinates": [[[10.20684688749863, 53.49034706850192], [10.2068276433636, 53.49033790030292], [10.2068276433636, 53.49033790030292], [10.20684688749863, 53.49034706850192], [10.20684688749863, 53.49034706850192]]]}, "properties": {"object_id": "3e8b6c04-3498-4deb-bc73-452ad479daf9", "type": "Platform_Wall", "height": 16, "material": "other"}}, {"type": "Feature", "geometry": {"type": "Polygon", "coordinates": [[[10.20686616479005, 53.490356211896795], [10.206846887498642, 53.49034706850191], [10.206846887498642, 53.49034706850191], [10.20686616479005, 53.490356211896795], [10.20686616479005, 53.490356211896795]]]}, "properties": {"object_id": "d252ce6a-dc00-44a6-8d05-e3fbf6bb1a07", "type": "Platform_Wall", "height": 16, "material": "other"}}, {"type": "Feature", "geometry": {"type": "Polygon", "coordinates": [[[10.206885475147978, 53.490365330444874], [10.20686616479005, 53.49035621189678], [10.20686616479005, 53.49035621189678], [10.206885475147978, 53.490365330444874], [10.206885475147978, 53.490365330444874]]]}, "properties": {"object_id": "26da66ac-2b28-41cf-a213-c4945193a2c9", "type": "Platform_Wall", "height": 16, "material": "other"}}, {"type": "Feature", "geometry": {"type": "Polygon", "coordinates": [[[10.206904818482384, 53.490374424103685], [10.206904818482384, 53.490374424103685], [10.206885475147978, 53.490365330444874], [10.206885475147978, 53.490365330444874], [10.206904818482384, 53.490374424103685]]]}, "properties": {"object_id": "aac8a56a-60ed-4354-9d77-be9155ba176c", "type": "Platform_Wall", "height": 16, "material": "other"}}, {"type": "Feature", "geometry": {"type": "Polygon", "coordinates": [[[10.206924194703056, 53.49038349283079], [10.206904818482386, 53.49037442410369], [10.206904818482386, 53.49037442410369], [10.206924194703056, 53.49038349283079], [10.206924194703056, 53.49038349283079]]]}, "properties": {"object_id": "cae58d3c-48a0-431f-a806-18fd05137e0d", "type": "Platform_Wall", "height": 16, "material": "other"}}, {"type": "Feature", "geometry": {"type": "Polygon", "coordinates": [[[10.20692443424369, 53.49038495584536], [10.20692443424369, 53.49038495584536], [10.206924194703074, 53.490383492830794], [10.206924194703074, 53.490383492830794], [10.20692443424369, 53.49038495584536]]]}, "properties": {"object_id": "60ed8f82-e042-4158-a860-03a74a76286c", "type": "Platform_Wall", "height": 16, "material": "other"}}, {"type": "Feature", "geometry": {"type": "Polygon", "coordinates": [[[10.206925548654139, 53.49039194674915], [10.206924434243692, 53.49038495584536], [10.206924434243692, 53.49038495584536], [10.206925548654139, 53.49039194674915], [10.206925548654139, 53.49039194674915]]]}, "properties": {"object_id": "87d2bf64-7d7a-4640-8572-56b835a3221d", "type": "Platform_Wall", "height": 16, "material": "other"}}, {"type": "Feature", "geometry": {"type": "Polygon", "coordinates": [[[10.206917412995596, 53.490397751264815], [10.206925548654143, 53.49039194674915], [10.206925548654143, 53.49039194674915], [10.206917412995596, 53.490397751264815], [10.206917412995596, 53.490397751264815]]]}, "properties": {"object_id": "ec2cb052-5dad-4927-80ba-2e1c495ea0cf", "type": "Platform_Wall", "height": 16, "material": "other"}}, {"type": "Feature", "geometry": {"type": "Polygon", "coordinates": [[[10.20690000117606, 53.490390041194324], [10.20690000117606, 53.490390041194324], [10.206917412995603, 53.490397751264815], [10.206917412995603, 53.490397751264815], [10.20690000117606, 53.490390041194324]]]}, "properties": {"object_id": "f4f7126a-21d1-4140-977e-a82f2e310247", "type": "Platform_Wall", "height": 16, "material": "other"}}, {"type": "Feature", "geometry": {"type": "Polygon", "coordinates": [[[10.206882784455503, 53.49040271072385], [10.206882784455503, 53.49040271072385], [10.206900001176074, 53.490390041194345], [10.206900001176074, 53.490390041194345], [10.206882784455503, 53.49040271072385]]]}, "properties": {"object_id": "da1ced5d-1074-4f8f-b38f-eff047f1ed1f", "type": "Platform_Wall", "height": 16, "material": "other"}}, {"type": "Feature", "geometry": {"type": "Polygon", "coordinates": [[[10.20689706529755, 53.49040990963038], [10.206882784455496, 53.490402710723856], [10.206882784455496, 53.490402710723856], [10.20689706529755, 53.49040990963038], [10.20689706529755, 53.49040990963038]]]}, "properties": {"object_id": "5e6e966c-c1a4-434b-973d-06a8b7c80c73", "type": "Platform_Wall", "height": 16, "material": "other"}}, {"type": "Feature", "geometry": {"type": "Polygon", "coordinates": [[[10.206874817049048, 53.49042657493125], [10.206874817049048, 53.49042657493125], [10.206897065297564, 53.49040990963038], [10.206897065297564, 53.49040990963038], [10.206874817049048, 53.49042657493125]]]}, "properties": {"object_id": "bd7df71a-9add-45ea-81c2-6b6df7ba26d4", "type": "Platform_Wall", "height": 16, "material": "other"}}, {"type": "Feature", "geometry": {"type": "Polygon", "coordinates": [[[10.206832779448192, 53.490408358898726], [10.206832779448192, 53.490408358898726], [10.206874817049048, 53.49042657493126], [10.206874817049048, 53.49042657493126], [10.206832779448192, 53.490408358898726]]]}, "properties": {"object_id": "492f635e-7cea-4c03-8f22-283026835ef9", "type": "Platform_Wall", "height": 16, "material": "other"}}, {"type": "Feature", "geometry": {"type": "Polygon", "coordinates": [[[10.20686271940274, 53.49038696819078], [10.20686271940274, 53.49038696819078], [10.206832779448211, 53.49040835889872], [10.206832779448211, 53.49040835889872], [10.20686271940274, 53.49038696819078]]]}, "properties": {"object_id": "642e1ae6-020a-47ea-b8f7-a561bc715f75", "type": "Platform_Wall", "height": 16, "material": "other"}}, {"type": "Feature", "geometry": {"type": "Polygon", "coordinates": [[[10.206260270855093, 53.490090382132244], [10.206260270855093, 53.490090382132244], [10.206862719402723, 53.490386968190805], [10.206862719402723, 53.490386968190805], [10.206260270855093, 53.490090382132244]]]}, "properties": {"object_id": "88e92a9e-63d6-45e0-abc9-3e51c3095628", "type": "Platform_Wall", "height": 16, "material": "other"}}, {"type": "Feature", "geometry": {"type": "Polygon", "coordinates": [[[10.20655238448618, 53.4902022007197], [10.20655238448618, 53.4902022007197], [10.206288652998367, 53.49007099647114], [10.206288652998367, 53.49007099647114], [10.20655238448618, 53.4902022007197]]]}, "properties": {"object_id": "917c9f35-f652-42a4-ac10-bddfc1ee737b", "type": "Platform_Wall", "height": 16, "material": "other"}}, {"type": "Feature", "geometry": {"type": "Polygon", "coordinates": [[[10.204888851179165, 53.4893783261519], [10.204888851179165, 53.4893783261519], [10.204840306048968, 53.48935539249331], [10.204840306048968, 53.48935539249331], [10.204888851179165, 53.4893783261519]]]}, "properties": {"object_id": "b3fccda2-55e7-4872-80f9-69e059416f74", "type": "Platform_Wall", "height": 16, "material": "other"}}, {"type": "Feature", "geometry": {"type": "Polygon", "coordinates": [[[10.204937291526624, 53.48940133850033], [10.204937291526624, 53.48940133850033], [10.204888851179165, 53.4893783261519], [10.204888851179165, 53.4893783261519], [10.204937291526624, 53.48940133850033]]]}, "properties": {"object_id": "05a205cf-14ef-41f4-a68c-1efe2c16c644", "type": "Platform_Wall", "height": 16, "material": "other"}}, {"type": "Feature", "geometry": {"type": "Polygon", "coordinates": [[[10.204985626732668, 53.48942442936828], [10.204937291526626, 53.48940133850033], [10.204937291526626, 53.48940133850033], [10.204985626732668, 53.48942442936828], [10.204985626732668, 53.48942442936828]]]}, "properties": {"object_id": "9a9e7404-389f-41c4-a2bd-8bf08da95e67", "type": "Platform_Wall", "height": 16, "material": "other"}}, {"type": "Feature", "geometry": {"type": "Polygon", "coordinates": [[[10.205033856439341, 53.489447598584825], [10.205033856439341, 53.489447598584825], [10.204985626732682, 53.48942442936827], [10.204985626732682, 53.48942442936827], [10.205033856439341, 53.489447598584825]]]}, "properties": {"object_id": "53b4c477-53cd-4560-ada7-2334d665e16d", "type": "Platform_Wall", "height": 16, "material": "other"}}, {"type": "Feature", "geometry": {"type": "Polygon", "coordinates": [[[10.205081980289492, 53.48947084597848], [10.205081980289492, 53.48947084597848], [10.205033856439329, 53.489447598584825], [10.205033856439329, 53.489447598584825], [10.205081980289492, 53.48947084597848]]]}, "properties": {"object_id": "8174f46a-ad4a-4ccb-8dba-e30839bca5ea", "type": "Platform_Wall", "height": 16, "material": "other"}}, {"type": "Feature", "geometry": {"type": "Polygon", "coordinates": [[[10.205129997926788, 53.489494171377196], [10.205081980289492, 53.489470845978495], [10.205081980289492, 53.489470845978495], [10.205129997926788, 53.489494171377196], [10.205129997926788, 53.489494171377196]]]}, "properties": {"object_id": "1d345cec-3229-4f82-89f6-efb24ed16c8f", "type": "Platform_Wall", "height": 16, "material": "other"}}, {"type": "Feature", "geometry": {"type": "Polygon", "coordinates": [[[10.205177908995623, 53.48951757460828], [10.205129997926802, 53.489494171377196], [10.205129997926802, 53.489494171377196], [10.205177908995623, 53.48951757460828], [10.205177908995623, 53.48951757460828]]]}, "properties": {"object_id": "5b8dcbea-1db9-4628-a803-20b94c321ed7", "type": "Platform_Wall", "height": 16, "material": "other"}}, {"type": "Feature", "geometry": {"type": "Polygon", "coordinates": [[[10.205225713141218, 53.489541055498535], [10.205225713141218, 53.489541055498535], [10.205177908995623, 53.48951757460828], [10.205177908995623, 53.48951757460828], [10.205225713141218, 53.489541055498535]]]}, "properties": {"object_id": "a8882477-0c9f-4c97-a541-fa5f794c5d5a", "type": "Platform_Wall", "height": 16, "material": "other"}}, {"type": "Feature", "geometry": {"type": "Polygon", "coordinates": [[[10.205273410009537, 53.489564613874165], [10.205225713141203, 53.489541055498535], [10.205225713141203, 53.489541055498535], [10.205273410009537, 53.489564613874165], [10.205273410009537, 53.489564613874165]]]}, "properties": {"object_id": "98c3745f-28e8-4067-a923-92ce09e00a08", "type": "Platform_Wall", "height": 16, "material": "other"}}, {"type": "Feature", "geometry": {"type": "Polygon", "coordinates": [[[10.205320999247409, 53.489588249560775], [10.205273410009537, 53.489564613874165], [10.205273410009537, 53.489564613874165], [10.205320999247409, 53.489588249560775], [10.205320999247409, 53.489588249560775]]]}, "properties": {"object_id": "9051997c-7d6f-4a8a-aed8-8b643d88734e", "type": "Platform_Wall", "height": 16, "material": "other"}}, {"type": "Feature", "geometry": {"type": "Polygon", "coordinates": [[[10.205368480502402, 53.489611962383435], [10.205368480502402, 53.489611962383435], [10.205320999247407, 53.48958824956075], [10.205320999247407, 53.48958824956075], [10.205368480502402, 53.489611962383435]]]}, "properties": {"object_id": "3cb472f3-e2e1-42d8-82cb-66949e29b984", "type": "Platform_Wall", "height": 16, "material": "other"}}, {"type": "Feature", "geometry": {"type": "Polygon", "coordinates": [[[10.205415853422876, 53.48963575216663], [10.205368480502388, 53.489611962383435], [10.205368480502388, 53.489611962383435], [10.205415853422876, 53.48963575216663], [10.205415853422876, 53.48963575216663]]]}, "properties": {"object_id": "3662f5ac-1bae-4fe8-a448-bb6b340d041f", "type": "Platform_Wall", "height": 16, "material": "other"}}, {"type": "Feature", "geometry": {"type": "Polygon", "coordinates": [[[10.205463117658065, 53.48965961873428], [10.205463117658065, 53.48965961873428], [10.205415853422892, 53.489635752166635], [10.205415853422892, 53.489635752166635], [10.205463117658065, 53.48965961873428]]]}, "properties": {"object_id": "5d8c4406-c83c-4e82-ab4b-a4e2a87d3eb3", "type": "Platform_Wall", "height": 16, "material": "other"}}, {"type": "Feature", "geometry": {"type": "Polygon", "coordinates": [[[10.205486708909225, 53.48967158075707], [10.205486708909225, 53.48967158075707], [10.205463117658049, 53.48965961873429], [10.205463117658049, 53.48965961873429], [10.205486708909225, 53.48967158075707]]]}, "properties": {"object_id": "4bb470fa-1e74-47c3-a17d-163c3cf1864d", "type": "Platform_Wall", "height": 16, "material": "other"}}, {"type": "Feature", "geometry": {"type": "Polygon", "coordinates": [[[10.204150300152392, 53.4890370393959], [10.20415030015225, 53.48903703939585], [10.204150477763033, 53.48903711841574], [10.204150477763175, 53.4890371184158], [10.204150300152392, 53.4890370393959]]]}, "properties": {"object_id": "0f85c846-608c-4999-be06-19ed119555bd", "type": "Platform_Wall", "height": 16, "material": "other"}}, {"type": "Feature", "geometry": {"type": "Polygon", "coordinates": [[[10.20415030015347, 53.489037039396415], [10.204150300152392, 53.489037039395896], [10.20415047776319, 53.4890371184158], [10.204150477764255, 53.489037118416306], [10.20415030015347, 53.489037039396415]]]}, "properties": {"object_id": "a9ea5413-3f96-4027-986b-bac2d6b5d83a", "type": "Platform_Wall", "height": 16, "material": "other"}}, {"type": "Feature", "geometry": {"type": "Polygon", "coordinates": [[[10.204596021265678, 53.48924191046863], [10.204546855014994, 53.48921945249332], [10.204546855014994, 53.48921945249332], [10.204596021265678, 53.48924191046863], [10.204596021265678, 53.48924191046863]]]}, "properties": {"object_id": "802e7692-0592-4ae0-b3ae-d176796405bc", "type": "Platform_Wall", "height": 16, "material": "other"}}, {"type": "Feature", "geometry": {"type": "Polygon", "coordinates": [[[10.204645084901967, 53.48926444814351], [10.204645084901967, 53.48926444814351], [10.204596021265663, 53.48924191046863], [10.204596021265663, 53.48924191046863], [10.204645084901967, 53.48926444814351]]]}, "properties": {"object_id": "2620c122-9a63-4c0d-a0c6-413997af3cfc", "type": "Platform_Wall", "height": 16, "material": "other"}}, {"type": "Feature", "geometry": {"type": "Polygon", "coordinates": [[[10.204694045560622, 53.48928706535113], [10.204694045560622, 53.48928706535113], [10.204645084901967, 53.489264448143516], [10.204645084901967, 53.489264448143516], [10.204694045560622, 53.48928706535113]]]}, "properties": {"object_id": "ed0b5424-be74-4adc-bf53-b60216f3b506", "type": "Platform_Wall", "height": 16, "material": "other"}}, {"type": "Feature", "geometry": {"type": "Polygon", "coordinates": [[[10.204742902879081, 53.489309761924034], [10.204694045560636, 53.489287065351135], [10.204694045560636, 53.489287065351135], [10.204742902879081, 53.489309761924034], [10.204742902879081, 53.489309761924034]]]}, "properties": {"object_id": "19f9da98-e477-409b-9308-6613564d7a41", "type": "Platform_Wall", "height": 16, "material": "other"}}, {"type": "Feature", "geometry": {"type": "Polygon", "coordinates": [[[10.204546855015007, 53.489219452493316], [10.20415030015347, 53.4890370393964], [10.20415030015347, 53.4890370393964], [10.204546855015007, 53.489219452493316], [10.204546855015007, 53.489219452493316]]]}, "properties": {"object_id": "2329c7ce-be8b-48dd-9be2-ee09bc64d883", "type": "Platform_Wall", "height": 16, "material": "other"}}, {"type": "Feature", "geometry": {"type": "Polygon", "coordinates": [[[10.204791656495539, 53.4893325376943], [10.204791656495539, 53.4893325376943], [10.20474290287908, 53.48930976192403], [10.20474290287908, 53.48930976192403], [10.204791656495539, 53.4893325376943]]]}, "properties": {"object_id": "5fb19bcd-823d-4979-b54b-4740da2d27f6", "type": "Platform_Wall", "height": 16, "material": "other"}}, {"type": "Feature", "geometry": {"type": "Polygon", "coordinates": [[[10.204840306048983, 53.48935539249331], [10.204840306048983, 53.48935539249331], [10.204791656495551, 53.4893325376943], [10.204791656495551, 53.4893325376943], [10.204840306048983, 53.48935539249331]]]}, "properties": {"object_id": "6394ad4d-cb88-4770-8083-dfd02c339ba6", "type": "Platform_Wall", "height": 16, "material": "other"}}, {"type": "Feature", "geometry": {"type": "Polygon", "coordinates": [[[10.204122023682867, 53.48905723467372], [10.205452465918915, 53.48969600784386], [10.205452465918915, 53.48969600784386], [10.204122023682867, 53.48905723467372], [10.204122023682867, 53.48905723467372]]]}, "properties": {"object_id": "f8f01c29-0747-41be-b79d-58e5e4b7c806", "type": "Platform_Wall", "height": 16, "material": "other"}}, {"type": "Feature", "geometry": {"type": "Polygon", "coordinates": [[[10.2054524659189, 53.48969600784385], [10.206260270855093, 53.49009038213222], [10.206260270855093, 53.49009038213222], [10.2054524659189, 53.48969600784385], [10.2054524659189, 53.48969600784385]]]}, "properties": {"object_id": "c139691b-7011-4a57-ae86-f7d05b79bf86", "type": "Platform_Wall", "height": 16, "material": "other"}}, {"type": "Feature", "geometry": {"type": "Polygon", "coordinates": [[[10.20628865299838, 53.49007099647113], [10.205486708909225, 53.48967158075707], [10.205486708909225, 53.48967158075707], [10.20628865299838, 53.49007099647113], [10.20628865299838, 53.49007099647113]]]}, "properties": {"object_id": "ee2e85aa-21d0-4e24-a567-d3ccfd4a8de1", "type": "Platform_Wall", "height": 16, "material": "other"}}, {"type": "Feature", "geometry": {"type": "Polygon", "coordinates": [[[10.20400365319399, 53.48900169767592], [10.20400473005582, 53.489002178072], [10.204123100369696, 53.489057714994004], [10.20412202350511, 53.489057234599], [10.20400365319399, 53.48900169767592]]]}, "properties": {"object_id": "e34e1ea2-02ce-4120-a3c1-0a8cb0fcf699", "type": "Platform_Wall", "height": 98, "material": "other"}}, {"type": "Feature", "geometry": {"type": "Polygon", "coordinates": [[[10.20414893158571, 53.48903801731582], [10.204029955286382, 53.488983204633854], [10.204031032148036, 53.48898368502972], [10.204150008450103, 53.489038497710595], [10.20414893158571, 53.48903801731582]]]}, "properties": {"object_id": "7a20b654-fcd3-43a0-8cf9-5db0809d9288", "type": "Platform_Wall", "height": 98, "material": "other"}}, {"type": "Feature", "geometry": {"type": "Polygon", "coordinates": [[[10.204029955286392, 53.488983204633854], [10.204031032148045, 53.48898368502971], [10.204004730055805, 53.48900217807202], [10.204003653193976, 53.489001697675924], [10.204029955286392, 53.488983204633854]]]}, "properties": {"object_id": "a8a132b8-8588-42a6-97d1-357f872d889a", "type": "Platform_Wall", "height": 98, "material": "other"}}, {"type": "Feature", "geometry": {"type": "Polygon", "coordinates": [[[10.204122023678702, 53.489057234676444], [10.204122023678702, 53.489057234676444], [10.205452465921509, 53.48969600784184], [10.205452465921509, 53.48969600784184], [10.204122023678702, 53.489057234676444]]]}, "properties": {"object_id": "73f9e762-bce7-4a22-b588-8ccd172f0512", "type": "Platform_Wall", "height": 98, "material": "other"}}, {"type": "Feature", "geometry": {"type": "Polygon", "coordinates": [[[10.20454547156314, 53.48922053383837], [10.20414893158571, 53.48903801731582], [10.20414893158571, 53.48903801731582], [10.20454547156314, 53.48922053383837], [10.20454547156314, 53.48922053383837]]]}, "properties": {"object_id": "f69123d5-f950-4894-bf73-ef4403630a54", "type": "Platform_Wall", "height": 98, "material": "other"}}, {"type": "Feature", "geometry": {"type": "Polygon", "coordinates": [[[10.204594632860756, 53.48924298955095], [10.204545471563167, 53.48922053383835], [10.204545471563167, 53.48922053383835], [10.204594632860756, 53.48924298955095], [10.204594632860756, 53.48924298955095]]]}, "properties": {"object_id": "92da1809-df86-4b66-bd94-979c873457c9", "type": "Platform_Wall", "height": 98, "material": "other"}}, {"type": "Feature", "geometry": {"type": "Polygon", "coordinates": [[[10.204643691554297, 53.489265524955094], [10.204594632860756, 53.48924298955095], [10.204594632860756, 53.48924298955095], [10.204643691554297, 53.489265524955094], [10.204643691554297, 53.489265524955094]]]}, "properties": {"object_id": "02a36f7b-3891-4e49-8722-24bd5286505b", "type": "Platform_Wall", "height": 98, "material": "other"}}, {"type": "Feature", "geometry": {"type": "Polygon", "coordinates": [[[10.204692647280488, 53.489288139883975], [10.204692647280488, 53.489288139883975], [10.204643691554285, 53.489265524955094], [10.204643691554285, 53.489265524955094], [10.204692647280488, 53.489288139883975]]]}, "properties": {"object_id": "e9178156-f0d5-4000-b791-48979c507340", "type": "Platform_Wall", "height": 98, "material": "other"}}, {"type": "Feature", "geometry": {"type": "Polygon", "coordinates": [[[10.204741500201756, 53.48931083379821], [10.204741500201756, 53.48931083379821], [10.2046926472805, 53.48928813988397], [10.2046926472805, 53.48928813988397], [10.204741500201756, 53.48931083379821]]]}, "properties": {"object_id": "8825d707-8748-4053-88c0-82afdbf6865e", "type": "Platform_Wall", "height": 98, "material": "other"}}, {"type": "Feature", "geometry": {"type": "Polygon", "coordinates": [[[10.20479024838164, 53.489333607645776], [10.204741500201742, 53.48931083379821], [10.204741500201742, 53.48931083379821], [10.20479024838164, 53.489333607645776], [10.20479024838164, 53.489333607645776]]]}, "properties": {"object_id": "777f210e-aaa7-4ff5-9a93-39324ab9e199", "type": "Platform_Wall", "height": 98, "material": "other"}}, {"type": "Feature", "geometry": {"type": "Polygon", "coordinates": [[[10.204838893033859, 53.489356460142176], [10.204790248381654, 53.489333607645776], [10.204790248381654, 53.489333607645776], [10.204838893033859, 53.489356460142176], [10.204838893033859, 53.489356460142176]]]}, "properties": {"object_id": "3f73df8d-abcc-4251-b6b6-867f6ce1c3f0", "type": "Platform_Wall", "height": 98, "material": "other"}}, {"type": "Feature", "geometry": {"type": "Polygon", "coordinates": [[[10.20488743327331, 53.489379391490246], [10.20488743327331, 53.489379391490246], [10.204838893033859, 53.489356460142176], [10.204838893033859, 53.489356460142176], [10.20488743327331, 53.489379391490246]]]}, "properties": {"object_id": "508f640e-6f38-48d9-9334-cfab9dd8c769", "type": "Platform_Wall", "height": 98, "material": "other"}}, {"type": "Feature", "geometry": {"type": "Polygon", "coordinates": [[[10.204935868740542, 53.48940240152024], [10.204887433273322, 53.48937939149025], [10.204887433273322, 53.48937939149025], [10.204935868740542, 53.48940240152024], [10.204935868740542, 53.48940240152024]]]}, "properties": {"object_id": "e7fc12cd-1a57-4ff4-b46d-9547f24756d2", "type": "Platform_Wall", "height": 98, "material": "other"}}, {"type": "Feature", "geometry": {"type": "Polygon", "coordinates": [[[10.204984199076883, 53.489425490061876], [10.204935868740543, 53.48940240152025], [10.204935868740543, 53.48940240152025], [10.204984199076883, 53.489425490061876], [10.204984199076883, 53.489425490061876]]]}, "properties": {"object_id": "93de438e-2df2-45e7-9359-ed74f8eeff75", "type": "Platform_Wall", "height": 98, "material": "other"}}, {"type": "Feature", "geometry": {"type": "Polygon", "coordinates": [[[10.205032423924479, 53.48944865694422], [10.204984199076895, 53.489425490061855], [10.204984199076895, 53.489425490061855], [10.205032423924479, 53.48944865694422], [10.205032423924479, 53.48944865694422]]]}, "properties": {"object_id": "c9e2d0bc-e553-42e0-a12b-48fd7a8a6994", "type": "Platform_Wall", "height": 98, "material": "other"}}, {"type": "Feature", "geometry": {"type": "Polygon", "coordinates": [[[10.20508054292618, 53.48947190199581], [10.205032423924493, 53.48944865694422], [10.205032423924493, 53.48944865694422], [10.20508054292618, 53.48947190199581], [10.20508054292618, 53.48947190199581]]]}, "properties": {"object_id": "4d06bf2f-00b7-4c21-a202-cccdf61d3982", "type": "Platform_Wall", "height": 98, "material": "other"}}, {"type": "Feature", "geometry": {"type": "Polygon", "coordinates": [[[10.205128555725654, 53.48949522504461], [10.205080542926165, 53.48947190199581], [10.205080542926165, 53.48947190199581], [10.205128555725654, 53.48949522504461], [10.205128555725654, 53.48949522504461]]]}, "properties": {"object_id": "bab1db00-1735-4e94-936a-3bfd5c25da22", "type": "Platform_Wall", "height": 98, "material": "other"}}, {"type": "Feature", "geometry": {"type": "Polygon", "coordinates": [[[10.205176461967381, 53.489518625917995], [10.205176461967381, 53.489518625917995], [10.205128555725654, 53.48949522504461], [10.205128555725654, 53.48949522504461], [10.205176461967381, 53.489518625917995]]]}, "properties": {"object_id": "b160f24f-c5e8-437f-8010-4a5e2e84383c", "type": "Platform_Wall", "height": 98, "material": "other"}}, {"type": "Feature", "geometry": {"type": "Polygon", "coordinates": [[[10.205224261296575, 53.48954210444271], [10.205224261296575, 53.48954210444271], [10.205176461967365, 53.489518625917995], [10.205176461967365, 53.489518625917995], [10.205224261296575, 53.48954210444271]]]}, "properties": {"object_id": "983fea09-9b4c-42fb-8c07-258c46f184fb", "type": "Platform_Wall", "height": 98, "material": "other"}}, {"type": "Feature", "geometry": {"type": "Polygon", "coordinates": [[[10.20527195335931, 53.48956566044505], [10.205224261296589, 53.48954210444274], [10.205224261296589, 53.48954210444274], [10.20527195335931, 53.48956566044505], [10.20527195335931, 53.48956566044505]]]}, "properties": {"object_id": "51a96a49-1b7b-4795-8a79-768f712a9f53", "type": "Platform_Wall", "height": 98, "material": "other"}}, {"type": "Feature", "geometry": {"type": "Polygon", "coordinates": [[[10.205319537802374, 53.4895892937506], [10.205271953359322, 53.48956566044504], [10.205271953359322, 53.48956566044504], [10.205319537802374, 53.4895892937506], [10.205319537802374, 53.4895892937506]]]}, "properties": {"object_id": "8e5a053b-8fcb-4360-b30c-ef8fa0c93d5c", "type": "Platform_Wall", "height": 98, "material": "other"}}, {"type": "Feature", "geometry": {"type": "Polygon", "coordinates": [[[10.205367014273389, 53.489613004184406], [10.205367014273389, 53.489613004184406], [10.20531953780236, 53.4895892937506], [10.20531953780236, 53.4895892937506], [10.205367014273389, 53.489613004184406]]]}, "properties": {"object_id": "ccb2eb79-1134-4eb2-b18b-33e151cc2fdf", "type": "Platform_Wall", "height": 98, "material": "other"}}, {"type": "Feature", "geometry": {"type": "Polygon", "coordinates": [[[10.20541438242078, 53.48963679157105], [10.205367014273389, 53.489613004184406], [10.205367014273389, 53.489613004184406], [10.20541438242078, 53.48963679157105], [10.20541438242078, 53.48963679157105]]]}, "properties": {"object_id": "e9df0f99-cefb-453f-80d6-31ba7445bc44", "type": "Platform_Wall", "height": 98, "material": "other"}}, {"type": "Feature", "geometry": {"type": "Polygon", "coordinates": [[[10.205461642418635, 53.48966065536248], [10.20541438242078, 53.489636791571066], [10.20541438242078, 53.489636791571066], [10.205461642418635, 53.48966065536248], [10.205461642418635, 53.48966065536248]]]}, "properties": {"object_id": "4e2e7512-f903-44a4-970c-3b8b67576308", "type": "Platform_Wall", "height": 98, "material": "other"}}, {"type": "Feature", "geometry": {"type": "Polygon", "coordinates": [[[10.205485230768167, 53.48967261655234], [10.205485230768167, 53.48967261655234], [10.205461642418623, 53.48966065536248], [10.205461642418623, 53.48966065536248], [10.205485230768167, 53.48967261655234]]]}, "properties": {"object_id": "b3482ced-d69d-46c7-ae3a-456e961a3ef1", "type": "Platform_Wall", "height": 98, "material": "other"}}, {"type": "Feature", "geometry": {"type": "Polygon", "coordinates": [[[10.206287489432134, 53.4900717947412], [10.205485230771766, 53.489672616549974], [10.205485230771766, 53.489672616549974], [10.206287489432134, 53.4900717947412], [10.206287489432134, 53.4900717947412]]]}, "properties": {"object_id": "ffe2685f-c3e1-4283-a684-d469b67fd979", "type": "Platform_Wall", "height": 98, "material": "other"}}, {"type": "Feature", "geometry": {"type": "Polygon", "coordinates": [[[10.205452465917926, 53.48969600784419], [10.205452465917926, 53.48969600784419], [10.206260270856315, 53.490090382131804], [10.206260270856315, 53.490090382131804], [10.205452465917926, 53.48969600784419]]]}, "properties": {"object_id": "49bf0490-4871-4c01-9c15-7cd6d5595369", "type": "Platform_Wall", "height": 98, "material": "other"}}, {"type": "Feature", "geometry": {"type": "Polygon", "coordinates": [[[10.20686505330239, 53.490357042566984], [10.206845772978319, 53.490347897733585], [10.206845772978319, 53.490347897733585], [10.20686505330239, 53.490357042566984], [10.20686505330239, 53.490357042566984]]]}, "properties": {"object_id": "483bc3ca-2be9-46ed-88a5-a201458b6fc4", "type": "Platform_Wall", "height": 98, "material": "other"}}, {"type": "Feature", "geometry": {"type": "Polygon", "coordinates": [[[10.206884366698148, 53.49036616254969], [10.206884366698148, 53.49036616254969], [10.206865053302362, 53.49035704256698], [10.206865053302362, 53.49035704256698], [10.206884366698148, 53.49036616254969]]]}, "properties": {"object_id": "31ab5827-3bac-4fd8-ac8e-e1c462c990bb", "type": "Platform_Wall", "height": 98, "material": "other"}}, {"type": "Feature", "geometry": {"type": "Polygon", "coordinates": [[[10.20690371307556, 53.49037525763919], [10.206884366698148, 53.49036616254969], [10.206884366698148, 53.49036616254969], [10.20690371307556, 53.49037525763919], [10.20690371307556, 53.49037525763919]]]}, "properties": {"object_id": "810cb993-b2f8-4dec-b443-641bda4d8ba1", "type": "Platform_Wall", "height": 98, "material": "other"}}, {"type": "Feature", "geometry": {"type": "Polygon", "coordinates": [[[10.206924434242973, 53.49038495584673], [10.206903713075574, 53.490375257639194], [10.206903713075574, 53.490375257639194], [10.206924434242973, 53.49038495584673], [10.206924434242973, 53.49038495584673]]]}, "properties": {"object_id": "7808ed30-8c8f-452e-9af7-33b601913484", "type": "Platform_Wall", "height": 98, "material": "other"}}, {"type": "Feature", "geometry": {"type": "Polygon", "coordinates": [[[10.206925548654139, 53.49039194674915], [10.206924434242978, 53.49038495584673], [10.206924434242978, 53.49038495584673], [10.206925548654139, 53.49039194674915], [10.206925548654139, 53.49039194674915]]]}, "properties": {"object_id": "1142ad1d-382b-4814-a30d-ef2fceef7239", "type": "Platform_Wall", "height": 98, "material": "other"}}, {"type": "Feature", "geometry": {"type": "Polygon", "coordinates": [[[10.206917412995589, 53.490397751264815], [10.206917412995589, 53.490397751264815], [10.206925548654137, 53.49039194674915], [10.206925548654137, 53.49039194674915], [10.206917412995589, 53.490397751264815]]]}, "properties": {"object_id": "c914e0c3-a307-49c2-bd0f-022033761866", "type": "Platform_Wall", "height": 98, "material": "other"}}, {"type": "Feature", "geometry": {"type": "Polygon", "coordinates": [[[10.206900001176074, 53.490390041194324], [10.206917412995603, 53.490397751264815], [10.206917412995603, 53.490397751264815], [10.206900001176074, 53.490390041194324], [10.206900001176074, 53.490390041194324]]]}, "properties": {"object_id": "575eb5dc-c19c-45f2-939d-f70ccd76330b", "type": "Platform_Wall", "height": 98, "material": "other"}}, {"type": "Feature", "geometry": {"type": "Polygon", "coordinates": [[[10.206882784455503, 53.49040271072385], [10.206900001176074, 53.490390041194345], [10.206900001176074, 53.490390041194345], [10.206882784455503, 53.49040271072385], [10.206882784455503, 53.49040271072385]]]}, "properties": {"object_id": "151ee3e6-4a5b-4792-8e1a-68ba037c23fe", "type": "Platform_Wall", "height": 98, "material": "other"}}, {"type": "Feature", "geometry": {"type": "Polygon", "coordinates": [[[10.20689706529755, 53.49040990963038], [10.20689706529755, 53.49040990963038], [10.206882784455496, 53.490402710723856], [10.206882784455496, 53.490402710723856], [10.20689706529755, 53.49040990963038]]]}, "properties": {"object_id": "fcd26bf3-dd87-40a7-910f-b0a3825e9102", "type": "Platform_Wall", "height": 98, "material": "other"}}, {"type": "Feature", "geometry": {"type": "Polygon", "coordinates": [[[10.206874817049057, 53.490426574931256], [10.206897065297573, 53.49040990963037], [10.206897065297573, 53.49040990963037], [10.206874817049057, 53.490426574931256], [10.206874817049057, 53.490426574931256]]]}, "properties": {"object_id": "282bca9c-f7c0-444a-a29b-f070dd28be45", "type": "Platform_Wall", "height": 98, "material": "other"}}, {"type": "Feature", "geometry": {"type": "Polygon", "coordinates": [[[10.206832779448206, 53.49040835889872], [10.206832779448206, 53.49040835889872], [10.206874817049048, 53.49042657493126], [10.206874817049048, 53.49042657493126], [10.206832779448206, 53.49040835889872]]]}, "properties": {"object_id": "0d85e1ad-94a2-4eda-aa7e-8d16a50f36ae", "type": "Platform_Wall", "height": 98, "material": "other"}}, {"type": "Feature", "geometry": {"type": "Polygon", "coordinates": [[[10.20686271940273, 53.490386968190805], [10.20686271940273, 53.490386968190805], [10.206832779448206, 53.49040835889872], [10.206832779448206, 53.49040835889872], [10.20686271940273, 53.490386968190805]]]}, "properties": {"object_id": "016d008f-18b6-4373-aeab-6cefcf175735", "type": "Platform_Wall", "height": 98, "material": "other"}}, {"type": "Feature", "geometry": {"type": "Polygon", "coordinates": [[[10.206260270855093, 53.490090382132244], [10.206862719402723, 53.490386968190805], [10.206862719402723, 53.490386968190805], [10.206260270855093, 53.490090382132244], [10.206260270855093, 53.490090382132244]]]}, "properties": {"object_id": "e775645e-46ba-4081-925f-7a84ae2889d2", "type": "Platform_Wall", "height": 98, "material": "other"}}, {"type": "Feature", "geometry": {"type": "Polygon", "coordinates": [[[10.206551223636055, 53.490203007159614], [10.206287489425792, 53.49007179475519], [10.206287489425792, 53.49007179475519], [10.206551223636055, 53.490203007159614], [10.206551223636055, 53.490203007159614]]]}, "properties": {"object_id": "79b33a26-d11b-4a61-ac56-260fe22b096a", "type": "Platform_Wall", "height": 98, "material": "other"}}, {"type": "Feature", "geometry": {"type": "Polygon", "coordinates": [[[10.206560597481436, 53.49020777242604], [10.206551223636055, 53.490203007159614], [10.206551223636055, 53.490203007159614], [10.206560597481436, 53.49020777242604], [10.206560597481436, 53.49020777242604]]]}, "properties": {"object_id": "9a5bcd56-b6fc-4b0a-89fd-f6d484507415", "type": "Platform_Wall", "height": 98, "material": "other"}}, {"type": "Feature", "geometry": {"type": "Polygon", "coordinates": [[[10.206579371029703, 53.49021728483739], [10.206560597481436, 53.49020777242602], [10.206560597481436, 53.49020777242602], [10.206579371029703, 53.49021728483739], [10.206579371029703, 53.49021728483739]]]}, "properties": {"object_id": "e89ee884-e525-4892-a36e-133c588e75c3", "type": "Platform_Wall", "height": 98, "material": "other"}}, {"type": "Feature", "geometry": {"type": "Polygon", "coordinates": [[[10.206598178981691, 53.490226773049876], [10.206598178981691, 53.490226773049876], [10.206579371029713, 53.49021728483739], [10.206579371029713, 53.49021728483739], [10.206598178981691, 53.490226773049876]]]}, "properties": {"object_id": "b503f9bf-6de9-40ac-b32f-f3637fbcfb6f", "type": "Platform_Wall", "height": 98, "material": "other"}}, {"type": "Feature", "geometry": {"type": "Polygon", "coordinates": [[[10.206617021249704, 53.49023623701922], [10.206617021249704, 53.49023623701922], [10.206598178981691, 53.490226773049876], [10.206598178981691, 53.490226773049876], [10.206617021249704, 53.49023623701922]]]}, "properties": {"object_id": "ffab101c-6fd7-492a-b3dc-10de5f523d4d", "type": "Platform_Wall", "height": 98, "material": "other"}}, {"type": "Feature", "geometry": {"type": "Polygon", "coordinates": [[[10.206635897745839, 53.49024567670125], [10.206635897745839, 53.49024567670125], [10.206617021249674, 53.49023623701922], [10.206617021249674, 53.49023623701922], [10.206635897745839, 53.49024567670125]]]}, "properties": {"object_id": "8b100592-2c4e-4c26-86de-cb0f3eaf2eae", "type": "Platform_Wall", "height": 98, "material": "other"}}, {"type": "Feature", "geometry": {"type": "Polygon", "coordinates": [[[10.206654808382178, 53.490255092051996], [10.206654808382178, 53.490255092051996], [10.206635897745869, 53.49024567670125], [10.206635897745869, 53.49024567670125], [10.206654808382178, 53.490255092051996]]]}, "properties": {"object_id": "b3f36701-4598-4d6e-b794-ff3c5e8a1de5", "type": "Platform_Wall", "height": 98, "material": "other"}}, {"type": "Feature", "geometry": {"type": "Polygon", "coordinates": [[[10.206673753070492, 53.49026448302749], [10.206673753070492, 53.49026448302749], [10.206654808382178, 53.490255092051996], [10.206654808382178, 53.490255092051996], [10.206673753070492, 53.49026448302749]]]}, "properties": {"object_id": "5c7fe14d-f4bb-4fd7-9a44-b8d524e74502", "type": "Platform_Wall", "height": 98, "material": "other"}}, {"type": "Feature", "geometry": {"type": "Polygon", "coordinates": [[[10.20669273172247, 53.490273849584014], [10.206673753070508, 53.4902644830275], [10.206673753070508, 53.4902644830275], [10.20669273172247, 53.490273849584014], [10.20669273172247, 53.490273849584014]]]}, "properties": {"object_id": "4e073c4c-f381-4772-b522-eb6319d0ccf5", "type": "Platform_Wall", "height": 98, "material": "other"}}, {"type": "Feature", "geometry": {"type": "Polygon", "coordinates": [[[10.206711744249612, 53.49028319167782], [10.206711744249612, 53.49028319167782], [10.20669273172247, 53.490273849584014], [10.20669273172247, 53.490273849584014], [10.206711744249612, 53.49028319167782]]]}, "properties": {"object_id": "45f0a475-e895-4753-8454-b63cc9aa7b37", "type": "Platform_Wall", "height": 98, "material": "other"}}, {"type": "Feature", "geometry": {"type": "Polygon", "coordinates": [[[10.206730790563286, 53.490292509265366], [10.206730790563286, 53.490292509265366], [10.206711744249626, 53.49028319167782], [10.206711744249626, 53.49028319167782], [10.206730790563286, 53.490292509265366]]]}, "properties": {"object_id": "b87e91c1-b59e-4ee0-bd31-5c74573b45e7", "type": "Platform_Wall", "height": 98, "material": "other"}}, {"type": "Feature", "geometry": {"type": "Polygon", "coordinates": [[[10.206749870574676, 53.49030180230317], [10.206749870574676, 53.49030180230317], [10.20673079056327, 53.49029250926536], [10.20673079056327, 53.49029250926536], [10.206749870574676, 53.49030180230317]]]}, "properties": {"object_id": "f5a39d98-b6cf-4023-98f2-afe725f79d9b", "type": "Platform_Wall", "height": 98, "material": "other"}}, {"type": "Feature", "geometry": {"type": "Polygon", "coordinates": [[[10.206768984194806, 53.49031107074793], [10.206768984194806, 53.49031107074793], [10.206749870574676, 53.490301802303186], [10.206749870574676, 53.490301802303186], [10.206768984194806, 53.49031107074793]]]}, "properties": {"object_id": "7654281b-644b-41d6-9529-59c61f2013bc", "type": "Platform_Wall", "height": 98, "material": "other"}}, {"type": "Feature", "geometry": {"type": "Polygon", "coordinates": [[[10.206788131334621, 53.49032031455641], [10.206788131334621, 53.49032031455641], [10.206768984194836, 53.49031107074793], [10.206768984194836, 53.49031107074793], [10.206788131334621, 53.49032031455641]]]}, "properties": {"object_id": "e29c680d-f9af-4ea1-aa1e-444e65c9c035", "type": "Platform_Wall", "height": 98, "material": "other"}}, {"type": "Feature", "geometry": {"type": "Polygon", "coordinates": [[[10.206807311904791, 53.490329533685475], [10.206807311904791, 53.490329533685475], [10.206788131334621, 53.49032031455641], [10.206788131334621, 53.49032031455641], [10.206807311904791, 53.490329533685475]]]}, "properties": {"object_id": "bbe7c4c3-d1a3-4e54-9b04-d26529d59cd3", "type": "Platform_Wall", "height": 98, "material": "other"}}, {"type": "Feature", "geometry": {"type": "Polygon", "coordinates": [[[10.206826525815886, 53.49033872809217], [10.206826525815886, 53.49033872809217], [10.206807311904791, 53.490329533685475], [10.206807311904791, 53.490329533685475], [10.206826525815886, 53.49033872809217]]]}, "properties": {"object_id": "51a4ab7d-50fe-4bb8-8877-e1bf6e08362b", "type": "Platform_Wall", "height": 98, "material": "other"}}, {"type": "Feature", "geometry": {"type": "Polygon", "coordinates": [[[10.206845772978308, 53.4903478977336], [10.206845772978308, 53.4903478977336], [10.20682652581587, 53.49033872809217], [10.20682652581587, 53.49033872809217], [10.206845772978308, 53.4903478977336]]]}, "properties": {"object_id": "b0d1809c-0523-461e-8abd-95dbe2c64f9d", "type": "Platform_Wall", "height": 98, "material": "other"}}, {"type": "Feature", "geometry": {"type": "Polygon", "coordinates": [[[10.204355646803759, 53.488959851713986], [10.204188057225059, 53.48888839933337], [10.204188057225059, 53.48888839933337], [10.204355646803759, 53.488959851713986], [10.204355646803759, 53.488959851713986]]]}, "properties": {"object_id": "9a3c5c40-4ff4-4ba2-a8b1-d0c9b7b2d552", "type": "Platform_Wall", "height": 105, "material": "other"}}, {"type": "Feature", "geometry": {"type": "Polygon", "coordinates": [[[10.2041702186477, 53.48890296909589], [10.2041702186477, 53.48890296909589], [10.204130873188802, 53.48893486776988], [10.204130873188802, 53.48893486776988], [10.2041702186477, 53.48890296909589]]]}, "properties": {"object_id": "19d8fd3c-db8f-46b9-b258-9485ca4ecbf4", "type": "Platform_Wall", "height": 105, "material": "other"}}, {"type": "Feature", "geometry": {"type": "Polygon", "coordinates": [[[10.204188057225071, 53.48888839933337], [10.204170200773692, 53.48890298433584], [10.204170200773692, 53.48890298433584], [10.204188057225071, 53.48888839933337], [10.204188057225071, 53.48888839933337]]]}, "properties": {"object_id": "ab741d5e-bee7-45da-b29f-d0b763409bdf", "type": "Platform_Wall", "height": 105, "material": "other"}}, {"type": "Feature", "geometry": {"type": "Polygon", "coordinates": [[[10.207073225096215, 53.49033708808483], [10.207073225096215, 53.49033708808483], [10.206709412739064, 53.49015477790719], [10.206709412739064, 53.49015477790719], [10.207073225096215, 53.49033708808483]]]}, "properties": {"object_id": "c21d03c6-efaa-4cfc-9974-43b5825f6323", "type": "Platform_Wall", "height": 105, "material": "other"}}, {"type": "Feature", "geometry": {"type": "Polygon", "coordinates": [[[10.206780744255223, 53.49010616440026], [10.207143324240446, 53.49028803741527], [10.207143324240446, 53.49028803741527], [10.206780744255223, 53.49010616440026], [10.206780744255223, 53.49010616440026]]]}, "properties": {"object_id": "0fae21f6-37fe-4e57-a59b-14f50c9b60bd", "type": "Platform_Wall", "height": 105, "material": "other"}}, {"type": "Feature", "geometry": {"type": "Polygon", "coordinates": [[[10.207143324240459, 53.49028803741526], [10.207143324240459, 53.49028803741526], [10.20707322509623, 53.490337088084814], [10.20707322509623, 53.490337088084814], [10.207143324240459, 53.49028803741526]]]}, "properties": {"object_id": "749573be-8bbe-4113-b66f-5efaab8355c0", "type": "Platform_Wall", "height": 105, "material": "other"}}, {"type": "Feature", "geometry": {"type": "Polygon", "coordinates": [[[10.206680294112664, 53.4901744293091], [10.20612951152208, 53.489898907702916], [10.20612951152208, 53.489898907702916], [10.206680294112664, 53.4901744293091], [10.206680294112664, 53.4901744293091]]]}, "properties": {"object_id": "c3601e38-321e-4c59-95b1-2c45a4a0000e", "type": "Platform_Wall", "height": 105, "material": "other"}}, {"type": "Feature", "geometry": {"type": "Polygon", "coordinates": [[[10.206709412739077, 53.49015477790719], [10.206680294112678, 53.49017442930909], [10.206680294112678, 53.49017442930909], [10.206709412739077, 53.49015477790719], [10.206709412739077, 53.49015477790719]]]}, "properties": {"object_id": "af87313d-c69d-49e1-adb4-21c98bffe123", "type": "Platform_Wall", "height": 105, "material": "other"}}, {"type": "Feature", "geometry": {"type": "Polygon", "coordinates": [[[10.206766572273102, 53.490099054007565], [10.206780744255235, 53.49010616440025], [10.206780744255235, 53.49010616440025], [10.206766572273102, 53.490099054007565], [10.206766572273102, 53.490099054007565]]]}, "properties": {"object_id": "ac01b60f-40d9-49c5-9095-3da25730fc03", "type": "Platform_Wall", "height": 105, "material": "other"}}, {"type": "Feature", "geometry": {"type": "Polygon", "coordinates": [[[10.206738221363448, 53.490084838152555], [10.206738221363448, 53.490084838152555], [10.206766572273102, 53.49009905400755], [10.206766572273102, 53.49009905400755], [10.206738221363448, 53.490084838152555]]]}, "properties": {"object_id": "a7d58790-e737-49b8-8090-1314912398e6", "type": "Platform_Wall", "height": 105, "material": "other"}}, {"type": "Feature", "geometry": {"type": "Polygon", "coordinates": [[[10.206709861196842, 53.4900706288732], [10.206738221363462, 53.49008483815258], [10.206738221363462, 53.49008483815258], [10.206709861196842, 53.4900706288732], [10.206709861196842, 53.4900706288732]]]}, "properties": {"object_id": "f8d36725-b6cc-446f-a3d9-de548868625c", "type": "Platform_Wall", "height": 105, "material": "other"}}, {"type": "Feature", "geometry": {"type": "Polygon", "coordinates": [[[10.20668149177755, 53.490056426171606], [10.20668149177755, 53.490056426171606], [10.206709861196828, 53.4900706288732], [10.206709861196828, 53.4900706288732], [10.20668149177755, 53.490056426171606]]]}, "properties": {"object_id": "1745d396-d8e1-48f7-a0a7-6bc2a3f8ecc4", "type": "Platform_Wall", "height": 105, "material": "other"}}, {"type": "Feature", "geometry": {"type": "Polygon", "coordinates": [[[10.206653113109926, 53.4900422300499], [10.206653113109926, 53.4900422300499], [10.206681491777577, 53.490056426171606], [10.206681491777577, 53.490056426171606], [10.206653113109926, 53.4900422300499]]]}, "properties": {"object_id": "d941de4a-4129-4c1e-8332-947bbc832aa4", "type": "Platform_Wall", "height": 105, "material": "other"}}, {"type": "Feature", "geometry": {"type": "Polygon", "coordinates": [[[10.206624725198193, 53.49002804051027], [10.206653113109912, 53.4900422300499], [10.206653113109912, 53.4900422300499], [10.206624725198193, 53.49002804051027], [10.206624725198193, 53.49002804051027]]]}, "properties": {"object_id": "3ae2cdd6-78c5-45c8-bdc5-be81f9dbc81c", "type": "Platform_Wall", "height": 105, "material": "other"}}, {"type": "Feature", "geometry": {"type": "Polygon", "coordinates": [[[10.206596328046711, 53.490013857554814], [10.206596328046711, 53.490013857554814], [10.206624725198193, 53.49002804051027], [10.206624725198193, 53.49002804051027], [10.206596328046711, 53.490013857554814]]]}, "properties": {"object_id": "5c5e2e77-307e-4b01-b378-e8358285632c", "type": "Platform_Wall", "height": 105, "material": "other"}}, {"type": "Feature", "geometry": {"type": "Polygon", "coordinates": [[[10.206567921659737, 53.489999681185736], [10.206567921659737, 53.489999681185736], [10.206596328046711, 53.490013857554814], [10.206596328046711, 53.490013857554814], [10.206567921659737, 53.489999681185736]]]}, "properties": {"object_id": "73165390-de1a-4650-bf55-2ee82ac12ce7", "type": "Platform_Wall", "height": 105, "material": "other"}}, {"type": "Feature", "geometry": {"type": "Polygon", "coordinates": [[[10.206539506041615, 53.48998551140516], [10.206539506041615, 53.48998551140516], [10.206567921659751, 53.489999681185765], [10.206567921659751, 53.489999681185765], [10.206539506041615, 53.48998551140516]]]}, "properties": {"object_id": "9147aa8a-f6ff-4298-ab53-3e2434c9e69a", "type": "Platform_Wall", "height": 105, "material": "other"}}, {"type": "Feature", "geometry": {"type": "Polygon", "coordinates": [[[10.206511081196586, 53.48997134821514], [10.206511081196586, 53.48997134821514], [10.2065395060416, 53.489985511405145], [10.2065395060416, 53.489985511405145], [10.206511081196586, 53.48997134821514]]]}, "properties": {"object_id": "7c393e89-6819-4f3d-9750-22df64d34ec8", "type": "Platform_Wall", "height": 105, "material": "other"}}, {"type": "Feature", "geometry": {"type": "Polygon", "coordinates": [[[10.206482647129004, 53.489957191617926], [10.206482647129004, 53.489957191617926], [10.206511081196586, 53.48997134821514], [10.206511081196586, 53.48997134821514], [10.206482647129004, 53.489957191617926]]]}, "properties": {"object_id": "1d17c889-ef8f-4bb9-98f0-aae6c23260dd", "type": "Platform_Wall", "height": 105, "material": "other"}}, {"type": "Feature", "geometry": {"type": "Polygon", "coordinates": [[[10.206454203843162, 53.489943041615604], [10.206482647129004, 53.489957191617926], [10.206482647129004, 53.489957191617926], [10.206454203843162, 53.489943041615604], [10.206454203843162, 53.489943041615604]]]}, "properties": {"object_id": "80982437-bf45-4f60-801b-99fab6b889cc", "type": "Platform_Wall", "height": 105, "material": "other"}}, {"type": "Feature", "geometry": {"type": "Polygon", "coordinates": [[[10.206425751343355, 53.48992889821034], [10.206425751343355, 53.48992889821034], [10.20645420384316, 53.48994304161559], [10.20645420384316, 53.48994304161559], [10.206425751343355, 53.48992889821034]]]}, "properties": {"object_id": "f03471e7-9b01-4e8a-bae8-a82d81421212", "type": "Platform_Wall", "height": 105, "material": "other"}}, {"type": "Feature", "geometry": {"type": "Polygon", "coordinates": [[[10.206397289633879, 53.48991476140424], [10.206397289633879, 53.48991476140424], [10.20642575134334, 53.489928898210316], [10.20642575134334, 53.489928898210316], [10.206397289633879, 53.48991476140424]]]}, "properties": {"object_id": "93cd68d8-3037-4948-9eaa-dc05feefdcba", "type": "Platform_Wall", "height": 105, "material": "other"}}, {"type": "Feature", "geometry": {"type": "Polygon", "coordinates": [[[10.206368818719103, 53.48990063119947], [10.206397289633893, 53.48991476140424], [10.206397289633893, 53.48991476140424], [10.206368818719103, 53.48990063119947], [10.206368818719103, 53.48990063119947]]]}, "properties": {"object_id": "a32b419e-0d8c-48e6-a3e1-0d47c2764928", "type": "Platform_Wall", "height": 105, "material": "other"}}, {"type": "Feature", "geometry": {"type": "Polygon", "coordinates": [[[10.20634033860328, 53.4898865075981], [10.206368818719104, 53.489900631199454], [10.206368818719104, 53.489900631199454], [10.20634033860328, 53.4898865075981], [10.20634033860328, 53.4898865075981]]]}, "properties": {"object_id": "4a7c8dda-f035-49a8-8426-6d3f9c367bb2", "type": "Platform_Wall", "height": 105, "material": "other"}}, {"type": "Feature", "geometry": {"type": "Polygon", "coordinates": [[[10.206311849290708, 53.48987239060239], [10.206311849290708, 53.48987239060239], [10.206340338603267, 53.48988650759812], [10.206340338603267, 53.48988650759812], [10.206311849290708, 53.48987239060239]]]}, "properties": {"object_id": "82e601e6-c364-4a04-b330-39941e78ffea", "type": "Platform_Wall", "height": 105, "material": "other"}}, {"type": "Feature", "geometry": {"type": "Polygon", "coordinates": [[[10.206283350785759, 53.48985828021435], [10.206283350785759, 53.48985828021435], [10.20631184929072, 53.48987239060238], [10.20631184929072, 53.48987239060238], [10.206283350785759, 53.48985828021435]]]}, "properties": {"object_id": "eba94767-c2ac-4d1a-bdd3-7ead6e243462", "type": "Platform_Wall", "height": 105, "material": "other"}}, {"type": "Feature", "geometry": {"type": "Polygon", "coordinates": [[[10.20625484309271, 53.489844176436186], [10.20625484309271, 53.489844176436186], [10.206283350785746, 53.48985828021435], [10.206283350785746, 53.48985828021435], [10.20625484309271, 53.489844176436186]]]}, "properties": {"object_id": "e0afb9e2-1b58-4d71-890b-b63410b89d8f", "type": "Platform_Wall", "height": 105, "material": "other"}}, {"type": "Feature", "geometry": {"type": "Polygon", "coordinates": [[[10.206226301200623, 53.48983008853571], [10.206226301200623, 53.48983008853571], [10.20625484309271, 53.48984417643619], [10.20625484309271, 53.48984417643619], [10.206226301200623, 53.48983008853571]]]}, "properties": {"object_id": "2dd84a04-1453-4177-9707-e03a25f613fb", "type": "Platform_Wall", "height": 105, "material": "other"}}, {"type": "Feature", "geometry": {"type": "Polygon", "coordinates": [[[10.205487747703542, 53.4895792841383], [10.205452952846136, 53.489562093485894], [10.205452952846136, 53.489562093485894], [10.205487747703542, 53.4895792841383], [10.205487747703542, 53.4895792841383]]]}, "properties": {"object_id": "2691b3b8-02d7-459d-aa5a-18d87901d402", "type": "Platform_Wall", "height": 105, "material": "other"}}, {"type": "Feature", "geometry": {"type": "Polygon", "coordinates": [[[10.205522530900305, 53.48959648319161], [10.205487747703529, 53.48957928413831], [10.205487747703529, 53.48957928413831], [10.205522530900305, 53.48959648319161], [10.205522530900305, 53.48959648319161]]]}, "properties": {"object_id": "0bbc5b61-24dd-4d91-a33e-66c4f5ab3add", "type": "Platform_Wall", "height": 105, "material": "other"}}, {"type": "Feature", "geometry": {"type": "Polygon", "coordinates": [[[10.205557302430742, 53.48961369064296], [10.20552253090032, 53.48959648319161], [10.20552253090032, 53.48959648319161], [10.205557302430742, 53.48961369064296], [10.205557302430742, 53.48961369064296]]]}, "properties": {"object_id": "51d3743a-f66f-445a-b64c-124e1a1db0bf", "type": "Platform_Wall", "height": 105, "material": "other"}}, {"type": "Feature", "geometry": {"type": "Polygon", "coordinates": [[[10.205592062289128, 53.48963090648952], [10.205557302430742, 53.48961369064294], [10.205557302430742, 53.48961369064294], [10.205592062289128, 53.48963090648952], [10.205592062289128, 53.48963090648952]]]}, "properties": {"object_id": "c53c0026-4fe7-4824-b59e-fdef7f188fe5", "type": "Platform_Wall", "height": 105, "material": "other"}}, {"type": "Feature", "geometry": {"type": "Polygon", "coordinates": [[[10.205626810469745, 53.48964813072853], [10.205592062289115, 53.48963090648952], [10.205592062289115, 53.48963090648952], [10.205626810469745, 53.48964813072853], [10.205626810469745, 53.48964813072853]]]}, "properties": {"object_id": "b6df9a96-4f90-4743-ac2e-bbabafbd502d", "type": "Platform_Wall", "height": 105, "material": "other"}}, {"type": "Feature", "geometry": {"type": "Polygon", "coordinates": [[[10.205661546966889, 53.48966536335719], [10.205661546966889, 53.48966536335719], [10.205626810469745, 53.48964813072853], [10.205626810469745, 53.48964813072853], [10.205661546966889, 53.48966536335719]]]}, "properties": {"object_id": "e296280c-63e3-4f7f-bcf4-f398c1004d69", "type": "Platform_Wall", "height": 105, "material": "other"}}, {"type": "Feature", "geometry": {"type": "Polygon", "coordinates": [[[10.205696271774881, 53.48968260437255], [10.205661546966887, 53.489665363357176], [10.205661546966887, 53.489665363357176], [10.205696271774881, 53.48968260437255], [10.205696271774881, 53.48968260437255]]]}, "properties": {"object_id": "d5cb820c-255b-43f6-9d3a-368d57158c26", "type": "Platform_Wall", "height": 105, "material": "other"}}, {"type": "Feature", "geometry": {"type": "Polygon", "coordinates": [[[10.205730984887959, 53.48969985377189], [10.205696271774855, 53.48968260437256], [10.205696271774855, 53.48968260437256], [10.205730984887959, 53.48969985377189], [10.205730984887959, 53.48969985377189]]]}, "properties": {"object_id": "08cc500c-aad8-4f54-b1ab-85369cd7a246", "type": "Platform_Wall", "height": 105, "material": "other"}}, {"type": "Feature", "geometry": {"type": "Polygon", "coordinates": [[[10.205765686300525, 53.48971711155237], [10.205730984887989, 53.48969985377189], [10.205730984887989, 53.48969985377189], [10.205765686300525, 53.48971711155237], [10.205765686300525, 53.48971711155237]]]}, "properties": {"object_id": "ba590566-94ae-446b-b42d-a4784540fead", "type": "Platform_Wall", "height": 105, "material": "other"}}, {"type": "Feature", "geometry": {"type": "Polygon", "coordinates": [[[10.205800376006788, 53.48973437771112], [10.205800376006788, 53.48973437771112], [10.205765686300513, 53.489717111552366], [10.205765686300513, 53.489717111552366], [10.205800376006788, 53.48973437771112]]]}, "properties": {"object_id": "b9708d65-05b2-4b1b-bce1-5b7660d7c3b9", "type": "Platform_Wall", "height": 105, "material": "other"}}, {"type": "Feature", "geometry": {"type": "Polygon", "coordinates": [[[10.205835054001108, 53.48975165224537], [10.205835054001108, 53.48975165224537], [10.2058003760068, 53.48973437771114], [10.2058003760068, 53.48973437771114], [10.205835054001108, 53.48975165224537]]]}, "properties": {"object_id": "5a8a64e9-8d68-4892-92dd-2e92dd11e8ef", "type": "Platform_Wall", "height": 105, "material": "other"}}, {"type": "Feature", "geometry": {"type": "Polygon", "coordinates": [[[10.205869720277741, 53.48976893515226], [10.205835054001083, 53.48975165224537], [10.205835054001083, 53.48975165224537], [10.205869720277741, 53.48976893515226], [10.205869720277741, 53.48976893515226]]]}, "properties": {"object_id": "3f6d535c-182b-4709-8c47-4c784bdacf0d", "type": "Platform_Wall", "height": 105, "material": "other"}}, {"type": "Feature", "geometry": {"type": "Polygon", "coordinates": [[[10.20590437483102, 53.48978622642897], [10.205869720277729, 53.489768935152256], [10.205869720277729, 53.489768935152256], [10.20590437483102, 53.48978622642897], [10.20590437483102, 53.48978622642897]]]}, "properties": {"object_id": "3b83872e-b118-419a-9223-4d69295bb65e", "type": "Platform_Wall", "height": 105, "material": "other"}}, {"type": "Feature", "geometry": {"type": "Polygon", "coordinates": [[[10.2059390176553, 53.48980352607264], [10.2059390176553, 53.48980352607264], [10.205904374831032, 53.48978622642897], [10.205904374831032, 53.48978622642897], [10.2059390176553, 53.48980352607264]]]}, "properties": {"object_id": "0b372393-95f4-4126-abd4-aa28832976d2", "type": "Platform_Wall", "height": 105, "material": "other"}}, {"type": "Feature", "geometry": {"type": "Polygon", "coordinates": [[[10.205973648744795, 53.48982083408047], [10.205939017655288, 53.48980352607264], [10.205939017655288, 53.48980352607264], [10.205973648744795, 53.48982083408047], [10.205973648744795, 53.48982083408047]]]}, "properties": {"object_id": "30be1295-56f4-4327-a9de-7e640d552175", "type": "Platform_Wall", "height": 105, "material": "other"}}, {"type": "Feature", "geometry": {"type": "Polygon", "coordinates": [[[10.206008268093896, 53.48983815044961], [10.206008268093896, 53.48983815044961], [10.205973648744795, 53.489820834080476], [10.205973648744795, 53.489820834080476], [10.206008268093896, 53.48983815044961]]]}, "properties": {"object_id": "71cb159d-6c03-49ee-b71f-c1d822a154ee", "type": "Platform_Wall", "height": 105, "material": "other"}}, {"type": "Feature", "geometry": {"type": "Polygon", "coordinates": [[[10.206042875696918, 53.48985547517719], [10.20600826809391, 53.489838150449586], [10.20600826809391, 53.489838150449586], [10.206042875696918, 53.48985547517719], [10.206042875696918, 53.48985547517719]]]}, "properties": {"object_id": "66dd6efb-d3d6-4933-ab7d-0f99766fc9c8", "type": "Platform_Wall", "height": 105, "material": "other"}}, {"type": "Feature", "geometry": {"type": "Polygon", "coordinates": [[[10.206077471548117, 53.48987280826046], [10.206077471548117, 53.48987280826046], [10.20604287569689, 53.4898554751772], [10.20604287569689, 53.4898554751772], [10.206077471548117, 53.48987280826046]]]}, "properties": {"object_id": "6b59d6a1-d742-4a3d-a3c9-d70baee9028d", "type": "Platform_Wall", "height": 105, "material": "other"}}, {"type": "Feature", "geometry": {"type": "Polygon", "coordinates": [[[10.206112055641874, 53.489890149696485], [10.206077471548129, 53.48987280826045], [10.206077471548129, 53.48987280826045], [10.206112055641874, 53.489890149696485], [10.206112055641874, 53.489890149696485]]]}, "properties": {"object_id": "38469d8c-5023-4e42-845b-e404c0ddb284", "type": "Platform_Wall", "height": 105, "material": "other"}}, {"type": "Feature", "geometry": {"type": "Polygon", "coordinates": [[[10.206129511522095, 53.48989890770291], [10.206112055641864, 53.489890149696485], [10.206112055641864, 53.489890149696485], [10.206129511522095, 53.48989890770291], [10.206129511522095, 53.48989890770291]]]}, "properties": {"object_id": "5aebc566-5195-4944-b15a-9a4919899fc1", "type": "Platform_Wall", "height": 105, "material": "other"}}, {"type": "Feature", "geometry": {"type": "Polygon", "coordinates": [[[10.206208962157127, 53.48982146528761], [10.206208962157127, 53.48982146528761], [10.206226301193979, 53.48983008854104], [10.206226301193979, 53.48983008854104], [10.206208962157127, 53.48982146528761]]]}, "properties": {"object_id": "23a87609-6e2c-406d-84b5-ecb4a469ef33", "type": "Platform_Wall", "height": 105, "material": "other"}}, {"type": "Feature", "geometry": {"type": "Polygon", "coordinates": [[[10.206174297031925, 53.48980420624371], [10.206174297031925, 53.48980420624371], [10.206208962157126, 53.489821465287626], [10.206208962157126, 53.489821465287626], [10.206174297031925, 53.48980420624371]]]}, "properties": {"object_id": "6fd829b2-7ceb-4c71-bbe6-a3b50fb07072", "type": "Platform_Wall", "height": 105, "material": "other"}}, {"type": "Feature", "geometry": {"type": "Polygon", "coordinates": [[[10.206139599638915, 53.489786970286644], [10.206139599638915, 53.489786970286644], [10.206174297031925, 53.48980420624368], [10.206174297031925, 53.48980420624368], [10.206139599638915, 53.489786970286644]]]}, "properties": {"object_id": "bf0a4e8e-c81a-407f-b703-39ae2f7aae20", "type": "Platform_Wall", "height": 105, "material": "other"}}, {"type": "Feature", "geometry": {"type": "Polygon", "coordinates": [[[10.206104870021314, 53.48976975743798], [10.206104870021314, 53.48976975743798], [10.206139599638915, 53.489786970286644], [10.206139599638915, 53.489786970286644], [10.206104870021314, 53.48976975743798]]]}, "properties": {"object_id": "745b9c02-b759-41c1-bcde-14e61d27ee4d", "type": "Platform_Wall", "height": 105, "material": "other"}}, {"type": "Feature", "geometry": {"type": "Polygon", "coordinates": [[[10.206070108222436, 53.489752567719115], [10.206070108222436, 53.489752567719115], [10.206104870021287, 53.48976975743798], [10.206104870021287, 53.48976975743798], [10.206070108222436, 53.489752567719115]]]}, "properties": {"object_id": "29016395-698f-4624-99c0-ab24f4ccf5ce", "type": "Platform_Wall", "height": 105, "material": "other"}}, {"type": "Feature", "geometry": {"type": "Polygon", "coordinates": [[[10.206035314285698, 53.48973540115148], [10.206035314285698, 53.48973540115148], [10.206070108222466, 53.48975256771913], [10.206070108222466, 53.48975256771913], [10.206035314285698, 53.48973540115148]]]}, "properties": {"object_id": "bf9a9efa-1279-4e91-98bc-4b5d069f04f6", "type": "Platform_Wall", "height": 105, "material": "other"}}, {"type": "Feature", "geometry": {"type": "Polygon", "coordinates": [[[10.206000488254391, 53.48971825775639], [10.206000488254391, 53.48971825775639], [10.206035314285682, 53.489735401151464], [10.206035314285682, 53.489735401151464], [10.206000488254391, 53.48971825775639]]]}, "properties": {"object_id": "a81ffc94-12a4-4ecd-817e-597475fe44fc", "type": "Platform_Wall", "height": 105, "material": "other"}}, {"type": "Feature", "geometry": {"type": "Polygon", "coordinates": [[[10.205965630171955, 53.48970113755527], [10.205965630171955, 53.48970113755527], [10.206000488254377, 53.48971825775641], [10.206000488254377, 53.48971825775641], [10.205965630171955, 53.48970113755527]]]}, "properties": {"object_id": "e391beef-5ce1-46d0-a1ba-b43167695183", "type": "Platform_Wall", "height": 105, "material": "other"}}, {"type": "Feature", "geometry": {"type": "Polygon", "coordinates": [[[10.205930740081898, 53.489684040569465], [10.205930740081898, 53.489684040569465], [10.205965630171969, 53.48970113755528], [10.205965630171969, 53.48970113755528], [10.205930740081898, 53.489684040569465]]]}, "properties": {"object_id": "f7d6720f-b535-4d1f-82bf-0298edda5e3a", "type": "Platform_Wall", "height": 105, "material": "other"}}, {"type": "Feature", "geometry": {"type": "Polygon", "coordinates": [[[10.20589581802767, 53.489666966820195], [10.20589581802767, 53.489666966820195], [10.205930740081884, 53.489684040569465], [10.205930740081884, 53.489684040569465], [10.20589581802767, 53.489666966820195]]]}, "properties": {"object_id": "177ea10b-ee44-4c53-b836-be8762344891", "type": "Platform_Wall", "height": 105, "material": "other"}}, {"type": "Feature", "geometry": {"type": "Polygon", "coordinates": [[[10.205860864052832, 53.48964991632877], [10.205895818027658, 53.48966696682019], [10.205895818027658, 53.48966696682019], [10.205860864052832, 53.48964991632877], [10.205860864052832, 53.48964991632877]]]}, "properties": {"object_id": "3c69db82-5111-4dbd-861b-c1cdbfd65488", "type": "Platform_Wall", "height": 105, "material": "other"}}, {"type": "Feature", "geometry": {"type": "Polygon", "coordinates": [[[10.205825878200946, 53.48963288911647], [10.205825878200946, 53.48963288911647], [10.205860864052834, 53.48964991632879], [10.205860864052834, 53.48964991632879], [10.205825878200946, 53.48963288911647]]]}, "properties": {"object_id": "8c317879-5153-40e2-b6bc-5f2fe9510450", "type": "Platform_Wall", "height": 105, "material": "other"}}, {"type": "Feature", "geometry": {"type": "Polygon", "coordinates": [[[10.205790860515648, 53.48961588520443], [10.205790860515648, 53.48961588520443], [10.205825878200958, 53.48963288911647], [10.205825878200958, 53.48963288911647], [10.205790860515648, 53.48961588520443]]]}, "properties": {"object_id": "ebeaf908-2a8a-463d-8c82-c36126b8d14d", "type": "Platform_Wall", "height": 105, "material": "other"}}, {"type": "Feature", "geometry": {"type": "Polygon", "coordinates": [[[10.205755811040616, 53.4895989046139], [10.205755811040616, 53.4895989046139], [10.20579086051566, 53.48961588520442], [10.20579086051566, 53.48961588520442], [10.205755811040616, 53.4895989046139]]]}, "properties": {"object_id": "43eb2380-d390-44d3-8fcb-6430d2352637", "type": "Platform_Wall", "height": 105, "material": "other"}}, {"type": "Feature", "geometry": {"type": "Polygon", "coordinates": [[[10.205720729819499, 53.48958194736598], [10.205720729819499, 53.48958194736598], [10.205755811040603, 53.4895989046139], [10.205755811040603, 53.4895989046139], [10.205720729819499, 53.48958194736598]]]}, "properties": {"object_id": "2a6b631f-3113-4ab9-84ba-66ebece2a19b", "type": "Platform_Wall", "height": 105, "material": "other"}}, {"type": "Feature", "geometry": {"type": "Polygon", "coordinates": [[[10.205685616896066, 53.48956501348183], [10.205685616896066, 53.48956501348183], [10.205720729819511, 53.48958194736598], [10.205720729819511, 53.48958194736598], [10.205685616896066, 53.48956501348183]]]}, "properties": {"object_id": "a4f972d0-52a1-46b6-b081-bcdca63f561a", "type": "Platform_Wall", "height": 105, "material": "other"}}, {"type": "Feature", "geometry": {"type": "Polygon", "coordinates": [[[10.20565047231408, 53.48954810298255], [10.20565047231408, 53.48954810298255], [10.20568561689607, 53.48956501348184], [10.20568561689607, 53.48956501348184], [10.20565047231408, 53.48954810298255]]]}, "properties": {"object_id": "c329a9ef-0649-4f9e-8f9c-633f22bf8e8d", "type": "Platform_Wall", "height": 105, "material": "other"}}, {"type": "Feature", "geometry": {"type": "Polygon", "coordinates": [[[10.205615296117365, 53.489531215889144], [10.205615296117365, 53.489531215889144], [10.20565047231408, 53.48954810298255], [10.20565047231408, 53.48954810298255], [10.205615296117365, 53.489531215889144]]]}, "properties": {"object_id": "43b480bd-a253-42a5-b84b-2da85fab8a36", "type": "Platform_Wall", "height": 105, "material": "other"}}, {"type": "Feature", "geometry": {"type": "Polygon", "coordinates": [[[10.205580088349793, 53.48951435222272], [10.205615296117381, 53.489531215889144], [10.205615296117381, 53.489531215889144], [10.205580088349793, 53.48951435222272], [10.205580088349793, 53.48951435222272]]]}, "properties": {"object_id": "5af454ba-c827-43ca-a6da-c11eebd17d77", "type": "Platform_Wall", "height": 105, "material": "other"}}, {"type": "Feature", "geometry": {"type": "Polygon", "coordinates": [[[10.205544825529755, 53.4894975254794], [10.205544825529755, 53.4894975254794], [10.20558008834978, 53.48951435222273], [10.20558008834978, 53.48951435222273], [10.205544825529755, 53.4894975254794]]]}, "properties": {"object_id": "abab0235-7ae1-4fd8-9cd0-cf704c2521b2", "type": "Platform_Wall", "height": 105, "material": "other"}}, {"type": "Feature", "geometry": {"type": "Polygon", "coordinates": [[[10.205000079973734, 53.48924322987024], [10.205000079973734, 53.48924322987024], [10.204985566412807, 53.48923662379842], [10.204985566412807, 53.48923662379842], [10.205000079973734, 53.48924322987024]]]}, "properties": {"object_id": "5d34e02e-3773-4625-b33a-dc1752c7cc3c", "type": "Platform_Wall", "height": 105, "material": "other"}}, {"type": "Feature", "geometry": {"type": "Polygon", "coordinates": [[[10.205029027184588, 53.48925640149887], [10.205029027184588, 53.48925640149887], [10.205000079973734, 53.48924322987024], [10.205000079973734, 53.48924322987024], [10.205029027184588, 53.48925640149887]]]}, "properties": {"object_id": "ffc13546-cd04-4a0e-b43a-d27a0a78e87e", "type": "Platform_Wall", "height": 105, "material": "other"}}, {"type": "Feature", "geometry": {"type": "Polygon", "coordinates": [[[10.205057943994172, 53.489269596864546], [10.205029027184588, 53.48925640149887], [10.205029027184588, 53.48925640149887], [10.205057943994172, 53.489269596864546], [10.205057943994172, 53.489269596864546]]]}, "properties": {"object_id": "29e0d209-5261-49c4-ba96-efdd91ecb630", "type": "Platform_Wall", "height": 105, "material": "other"}}, {"type": "Feature", "geometry": {"type": "Polygon", "coordinates": [[[10.20508683034773, 53.48928281594227], [10.20508683034773, 53.48928281594227], [10.205057943994174, 53.48926959686454], [10.205057943994174, 53.48926959686454], [10.20508683034773, 53.48928281594227]]]}, "properties": {"object_id": "1b86f645-fa4f-4f46-8fb7-e1a4c60a2e08", "type": "Platform_Wall", "height": 105, "material": "other"}}, {"type": "Feature", "geometry": {"type": "Polygon", "coordinates": [[[10.205115686190576, 53.48929605870705], [10.205086830347732, 53.48928281594229], [10.205086830347732, 53.48928281594229], [10.205115686190576, 53.48929605870705], [10.205115686190576, 53.48929605870705]]]}, "properties": {"object_id": "2f88eda6-9cd9-47db-9620-ed0e2b8bfd80", "type": "Platform_Wall", "height": 105, "material": "other"}}, {"type": "Feature", "geometry": {"type": "Polygon", "coordinates": [[[10.205144511468063, 53.4893093251338], [10.205144511468063, 53.4893093251338], [10.205115686190561, 53.48929605870703], [10.205115686190561, 53.48929605870703], [10.205144511468063, 53.4893093251338]]]}, "properties": {"object_id": "224ac3c8-4fdf-4ae3-b7ae-ba4b9232bc4e", "type": "Platform_Wall", "height": 105, "material": "other"}}, {"type": "Feature", "geometry": {"type": "Polygon", "coordinates": [[[10.20517330612565, 53.48932261519745], [10.205144511468074, 53.48930932513381], [10.205144511468074, 53.48930932513381], [10.20517330612565, 53.48932261519745], [10.20517330612565, 53.48932261519745]]]}, "properties": {"object_id": "1f1b9080-91c4-42ce-a600-70048205727e", "type": "Platform_Wall", "height": 105, "material": "other"}}, {"type": "Feature", "geometry": {"type": "Polygon", "coordinates": [[[10.205202070108776, 53.489335928872805], [10.205202070108776, 53.489335928872805], [10.20517330612566, 53.48932261519744], [10.20517330612566, 53.48932261519744], [10.205202070108776, 53.489335928872805]]]}, "properties": {"object_id": "4b219a91-f119-4015-9c64-386ba545e361", "type": "Platform_Wall", "height": 105, "material": "other"}}, {"type": "Feature", "geometry": {"type": "Polygon", "coordinates": [[[10.205230803363003, 53.48934926613468], [10.205230803363003, 53.48934926613468], [10.20520207010879, 53.48933592887282], [10.20520207010879, 53.48933592887282], [10.205230803363003, 53.48934926613468]]]}, "properties": {"object_id": "7e542133-2e80-47cf-9b7b-53ab4d892bf3", "type": "Platform_Wall", "height": 105, "material": "other"}}, {"type": "Feature", "geometry": {"type": "Polygon", "coordinates": [[[10.205259505833922, 53.48936262695785], [10.205259505833922, 53.48936262695785], [10.205230803363003, 53.48934926613468], [10.205230803363003, 53.48934926613468], [10.205259505833922, 53.48936262695785]]]}, "properties": {"object_id": "0a850b74-0864-4c50-8768-ad1256e5d4f7", "type": "Platform_Wall", "height": 105, "material": "other"}}, {"type": "Feature", "geometry": {"type": "Polygon", "coordinates": [[[10.205288177467162, 53.48937601131707], [10.205288177467162, 53.48937601131707], [10.205259505833908, 53.48936262695785], [10.205259505833908, 53.48936262695785], [10.205288177467162, 53.48937601131707]]]}, "properties": {"object_id": "a3518a11-ad4d-41c0-afdf-1e4c7b07442d", "type": "Platform_Wall", "height": 105, "material": "other"}}, {"type": "Feature", "geometry": {"type": "Polygon", "coordinates": [[[10.205316818208475, 53.48938941918692], [10.205316818208475, 53.48938941918692], [10.205288177467164, 53.48937601131707], [10.205288177467164, 53.48937601131707], [10.205316818208475, 53.48938941918692]]]}, "properties": {"object_id": "8006a2c1-c445-46f5-84bd-4686bb849056", "type": "Platform_Wall", "height": 105, "material": "other"}}, {"type": "Feature", "geometry": {"type": "Polygon", "coordinates": [[[10.205345428003612, 53.4894028505421], [10.205316818208475, 53.48938941918692], [10.205316818208475, 53.48938941918692], [10.205345428003612, 53.4894028505421], [10.205345428003612, 53.4894028505421]]]}, "properties": {"object_id": "68848317-f8d1-482c-a620-2ef216d8cd28", "type": "Platform_Wall", "height": 105, "material": "other"}}, {"type": "Feature", "geometry": {"type": "Polygon", "coordinates": [[[10.205374006798426, 53.48941630535713], [10.205345428003627, 53.489402850542085], [10.205345428003627, 53.489402850542085], [10.205374006798426, 53.48941630535713], [10.205374006798426, 53.48941630535713]]]}, "properties": {"object_id": "6f2be744-b709-4281-84a4-b579c6533c25", "type": "Platform_Wall", "height": 105, "material": "other"}}, {"type": "Feature", "geometry": {"type": "Polygon", "coordinates": [[[10.20540255453876, 53.48942978360662], [10.205374006798412, 53.489416305357146], [10.205374006798412, 53.489416305357146], [10.20540255453876, 53.48942978360662], [10.20540255453876, 53.48942978360662]]]}, "properties": {"object_id": "49a7d3c1-b687-4932-811a-1bbb427ae147", "type": "Platform_Wall", "height": 105, "material": "other"}}, {"type": "Feature", "geometry": {"type": "Polygon", "coordinates": [[[10.20543107117059, 53.48944328526501], [10.20543107117059, 53.48944328526501], [10.20540255453876, 53.48942978360662], [10.20540255453876, 53.48942978360662], [10.20543107117059, 53.48944328526501]]]}, "properties": {"object_id": "8d6e248b-6f54-4dc4-a786-13e05c1f2f47", "type": "Platform_Wall", "height": 105, "material": "other"}}, {"type": "Feature", "geometry": {"type": "Polygon", "coordinates": [[[10.205459556639955, 53.48945681030676], [10.205459556639955, 53.48945681030676], [10.205431071170603, 53.489443285265004], [10.205431071170603, 53.489443285265004], [10.205459556639955, 53.48945681030676]]]}, "properties": {"object_id": "01a7f3de-b436-492d-8f4e-90d7fa4ea8ce", "type": "Platform_Wall", "height": 105, "material": "other"}}, {"type": "Feature", "geometry": {"type": "Polygon", "coordinates": [[[10.205488010892855, 53.4894703587063], [10.205459556639955, 53.48945681030678], [10.205459556639955, 53.48945681030678], [10.205488010892855, 53.4894703587063], [10.205488010892855, 53.4894703587063]]]}, "properties": {"object_id": "bb4bb11c-6933-4634-9901-5e95ed09073e", "type": "Platform_Wall", "height": 105, "material": "other"}}, {"type": "Feature", "geometry": {"type": "Polygon", "coordinates": [[[10.205516433875454, 53.489483930437956], [10.205516433875454, 53.489483930437956], [10.205488010892855, 53.4894703587063], [10.205488010892855, 53.4894703587063], [10.205516433875454, 53.489483930437956]]]}, "properties": {"object_id": "fa86e07c-d213-4763-87ee-63c7e1fe4041", "type": "Platform_Wall", "height": 105, "material": "other"}}, {"type": "Feature", "geometry": {"type": "Polygon", "coordinates": [[[10.205544825533915, 53.48949752547607], [10.205544825533915, 53.48949752547607], [10.205516433875454, 53.489483930437956], [10.205516433875454, 53.489483930437956], [10.205544825533915, 53.48949752547607]]]}, "properties": {"object_id": "6011e9d3-99b0-4ed6-97b4-94b10ad50756", "type": "Platform_Wall", "height": 105, "material": "other"}}, {"type": "Feature", "geometry": {"type": "Polygon", "coordinates": [[[10.205425171804006, 53.489548233892485], [10.205425171804006, 53.489548233892485], [10.205452952850454, 53.48956209348239], [10.205452952850454, 53.48956209348239], [10.205425171804006, 53.489548233892485]]]}, "properties": {"object_id": "008dc8fa-331e-4a1c-89eb-3652761cbf6c", "type": "Platform_Wall", "height": 105, "material": "other"}}, {"type": "Feature", "geometry": {"type": "Polygon", "coordinates": [[[10.20539736358069, 53.48953439370705], [10.20539736358069, 53.48953439370705], [10.205425171804018, 53.48954823389245], [10.205425171804018, 53.48954823389245], [10.20539736358069, 53.48953439370705]]]}, "properties": {"object_id": "9afce66f-76a3-4898-9953-4ef36fc42e5f", "type": "Platform_Wall", "height": 105, "material": "other"}}, {"type": "Feature", "geometry": {"type": "Polygon", "coordinates": [[[10.205369528218599, 53.48952057294511], [10.205369528218599, 53.48952057294511], [10.20539736358069, 53.48953439370706], [10.20539736358069, 53.48953439370706], [10.205369528218599, 53.48952057294511]]]}, "properties": {"object_id": "e752200a-b59e-4207-a8fe-6636388956c7", "type": "Platform_Wall", "height": 105, "material": "other"}}, {"type": "Feature", "geometry": {"type": "Polygon", "coordinates": [[[10.205341665755903, 53.489506771625514], [10.205369528218599, 53.48952057294511], [10.205369528218599, 53.48952057294511], [10.205341665755903, 53.489506771625514], [10.205341665755903, 53.489506771625514]]]}, "properties": {"object_id": "1dd39479-81d9-4e93-8033-5c0ab9a9f4b9", "type": "Platform_Wall", "height": 105, "material": "other"}}, {"type": "Feature", "geometry": {"type": "Polygon", "coordinates": [[[10.205313776230836, 53.48949298976726], [10.205341665755917, 53.489506771625514], [10.205341665755917, 53.489506771625514], [10.205313776230836, 53.48949298976726], [10.205313776230836, 53.48949298976726]]]}, "properties": {"object_id": "261ec76f-1347-4d24-bf4d-0350027015ef", "type": "Platform_Wall", "height": 105, "material": "other"}}, {"type": "Feature", "geometry": {"type": "Polygon", "coordinates": [[[10.205285859681597, 53.48947922738919], [10.205313776230836, 53.48949298976726], [10.205313776230836, 53.48949298976726], [10.205285859681597, 53.48947922738919], [10.205285859681597, 53.48947922738919]]]}, "properties": {"object_id": "6d6de193-ca1c-431a-9058-52b6e20c66f7", "type": "Platform_Wall", "height": 105, "material": "other"}}, {"type": "Feature", "geometry": {"type": "Polygon", "coordinates": [[[10.20525791614647, 53.489465484510184], [10.20525791614647, 53.489465484510184], [10.205285859681583, 53.4894792273892], [10.205285859681583, 53.4894792273892], [10.20525791614647, 53.489465484510184]]]}, "properties": {"object_id": "c0d43a80-3ce7-4596-bdc1-ab408b7f39fa", "type": "Platform_Wall", "height": 105, "material": "other"}}, {"type": "Feature", "geometry": {"type": "Polygon", "coordinates": [[[10.205229945663808, 53.489451761149034], [10.205257916146468, 53.48946548451017], [10.205257916146468, 53.48946548451017], [10.205229945663808, 53.489451761149034], [10.205229945663808, 53.489451761149034]]]}, "properties": {"object_id": "ca89bb89-dcf5-4cb9-9bcc-d53572bdbb67", "type": "Platform_Wall", "height": 105, "material": "other"}}, {"type": "Feature", "geometry": {"type": "Polygon", "coordinates": [[[10.205201948271931, 53.48943805732458], [10.205229945663808, 53.489451761149034], [10.205229945663808, 53.489451761149034], [10.205201948271931, 53.48943805732458], [10.205201948271931, 53.48943805732458]]]}, "properties": {"object_id": "ea24fc96-0326-4218-bf59-f56c329ca6b4", "type": "Platform_Wall", "height": 105, "material": "other"}}, {"type": "Feature", "geometry": {"type": "Polygon", "coordinates": [[[10.205173924009236, 53.48942437305556], [10.205201948271945, 53.48943805732458], [10.205201948271945, 53.48943805732458], [10.205173924009236, 53.48942437305556], [10.205173924009236, 53.48942437305556]]]}, "properties": {"object_id": "5bb6078a-5820-447c-970f-7af265a60ecd", "type": "Platform_Wall", "height": 105, "material": "other"}}, {"type": "Feature", "geometry": {"type": "Polygon", "coordinates": [[[10.205145872914146, 53.489410708360765], [10.205145872914146, 53.489410708360765], [10.205173924009236, 53.489424373055556], [10.205173924009236, 53.489424373055556], [10.205145872914146, 53.489410708360765]]]}, "properties": {"object_id": "795ba8a4-4ed8-44bd-a537-cee17f7d8043", "type": "Platform_Wall", "height": 105, "material": "other"}}, {"type": "Feature", "geometry": {"type": "Polygon", "coordinates": [[[10.205117795025119, 53.489397063258934], [10.205145872914146, 53.489410708360786], [10.205145872914146, 53.489410708360786], [10.205117795025119, 53.489397063258934], [10.205117795025119, 53.489397063258934]]]}, "properties": {"object_id": "bdbf09df-1f01-4ef7-9cbe-437b4640739e", "type": "Platform_Wall", "height": 105, "material": "other"}}, {"type": "Feature", "geometry": {"type": "Polygon", "coordinates": [[[10.205089690380657, 53.48938343776871], [10.205117795025117, 53.48939706325893], [10.205117795025117, 53.48939706325893], [10.205089690380657, 53.48938343776871], [10.205089690380657, 53.48938343776871]]]}, "properties": {"object_id": "cf80e87e-4667-48a1-88b2-77c7ae9793ce", "type": "Platform_Wall", "height": 105, "material": "other"}}, {"type": "Feature", "geometry": {"type": "Polygon", "coordinates": [[[10.205061559019295, 53.4893698319088], [10.205089690380657, 53.48938343776871], [10.205089690380657, 53.48938343776871], [10.205061559019295, 53.4893698319088], [10.205061559019295, 53.4893698319088]]]}, "properties": {"object_id": "16cbaa8f-a2ca-4f11-ac30-51f08dfcffce", "type": "Platform_Wall", "height": 105, "material": "other"}}, {"type": "Feature", "geometry": {"type": "Polygon", "coordinates": [[[10.205033400979612, 53.48935624569786], [10.205061559019295, 53.4893698319088], [10.205061559019295, 53.4893698319088], [10.205033400979612, 53.48935624569786], [10.205033400979612, 53.48935624569786]]]}, "properties": {"object_id": "41bf1d43-e571-4629-a9d0-062540af77ae", "type": "Platform_Wall", "height": 105, "material": "other"}}, {"type": "Feature", "geometry": {"type": "Polygon", "coordinates": [[[10.205005216300192, 53.489342679154454], [10.205033400979612, 53.48935624569788], [10.205033400979612, 53.48935624569788], [10.205005216300192, 53.489342679154454], [10.205005216300192, 53.489342679154454]]]}, "properties": {"object_id": "4ddef21f-c575-45ac-b9b8-e78de330f490", "type": "Platform_Wall", "height": 105, "material": "other"}}, {"type": "Feature", "geometry": {"type": "Polygon", "coordinates": [[[10.204977005019721, 53.48932913229718], [10.205005216300206, 53.48934267915445], [10.205005216300206, 53.48934267915445], [10.204977005019721, 53.48932913229718], [10.204977005019721, 53.48932913229718]]]}, "properties": {"object_id": "19be64a7-d9f8-4ccd-829d-629eba2c7178", "type": "Platform_Wall", "height": 105, "material": "other"}}, {"type": "Feature", "geometry": {"type": "Polygon", "coordinates": [[[10.204948767176822, 53.48931560514466], [10.204948767176822, 53.48931560514466], [10.204977005019707, 53.48932913229718], [10.204977005019707, 53.48932913229718], [10.204948767176822, 53.48931560514466]]]}, "properties": {"object_id": "09290b31-3a0f-42ef-848f-cc40f0f024de", "type": "Platform_Wall", "height": 105, "material": "other"}}, {"type": "Feature", "geometry": {"type": "Polygon", "coordinates": [[[10.204920502810257, 53.48930209771538], [10.204948767176807, 53.48931560514466], [10.204948767176807, 53.48931560514466], [10.204920502810257, 53.48930209771538], [10.204920502810257, 53.48930209771538]]]}, "properties": {"object_id": "f1056e42-6875-4b6d-a660-64e9f6cf9d5d", "type": "Platform_Wall", "height": 105, "material": "other"}}, {"type": "Feature", "geometry": {"type": "Polygon", "coordinates": [[[10.204906360692691, 53.48929535140275], [10.204920502810243, 53.489302097715374], [10.204920502810243, 53.489302097715374], [10.204906360692691, 53.48929535140275], [10.204906360692691, 53.48929535140275]]]}, "properties": {"object_id": "8d474fb2-fade-4ddc-8078-4e21a8c927f7", "type": "Platform_Wall", "height": 105, "material": "other"}}, {"type": "Feature", "geometry": {"type": "Polygon", "coordinates": [[[10.204985566414837, 53.4892366237967], [10.204985566414837, 53.4892366237967], [10.204959394394434, 53.489224917470864], [10.204959394394434, 53.489224917470864], [10.204985566414837, 53.4892366237967]]]}, "properties": {"object_id": "d980039a-cc4e-4485-8aab-410a5b4f4de2", "type": "Platform_Wall", "height": 105, "material": "other"}}, {"type": "Feature", "geometry": {"type": "Polygon", "coordinates": [[[10.20438857978851, 53.48897393611256], [10.20435564680373, 53.488959851713986], [10.20435564680373, 53.488959851713986], [10.20438857978851, 53.48897393611256], [10.20438857978851, 53.48897393611256]]]}, "properties": {"object_id": "9aa08d3b-aa4c-413d-a283-32855867a3d2", "type": "Platform_Wall", "height": 105, "material": "other"}}, {"type": "Feature", "geometry": {"type": "Polygon", "coordinates": [[[10.20442147908451, 53.48898804849625], [10.20442147908451, 53.48898804849625], [10.20438857978851, 53.488973936112565], [10.20438857978851, 53.488973936112565], [10.20442147908451, 53.48898804849625]]]}, "properties": {"object_id": "4f9efa07-5e61-407b-a037-f11777fbf882", "type": "Platform_Wall", "height": 105, "material": "other"}}, {"type": "Feature", "geometry": {"type": "Polygon", "coordinates": [[[10.204454344624969, 53.489002188836366], [10.204454344624969, 53.489002188836366], [10.204421479084525, 53.48898804849625], [10.204421479084525, 53.48898804849625], [10.204454344624969, 53.489002188836366]]]}, "properties": {"object_id": "e10e28a5-8b36-43fd-9271-e906030f2bf3", "type": "Platform_Wall", "height": 105, "material": "other"}}, {"type": "Feature", "geometry": {"type": "Polygon", "coordinates": [[[10.204487176343076, 53.489016357104234], [10.204454344624969, 53.489002188836366], [10.204454344624969, 53.489002188836366], [10.204487176343076, 53.489016357104234], [10.204487176343076, 53.489016357104234]]]}, "properties": {"object_id": "e614f014-5e7d-4aa1-9008-37f23afd455b", "type": "Platform_Wall", "height": 105, "material": "other"}}, {"type": "Feature", "geometry": {"type": "Polygon", "coordinates": [[[10.204519974172163, 53.489030553271085], [10.204487176343076, 53.489016357104234], [10.204487176343076, 53.489016357104234], [10.204519974172163, 53.489030553271085], [10.204519974172163, 53.489030553271085]]]}, "properties": {"object_id": "fe49b5d9-dc99-409c-84d6-034b54627d03", "type": "Platform_Wall", "height": 105, "material": "other"}}, {"type": "Feature", "geometry": {"type": "Polygon", "coordinates": [[[10.204552738045587, 53.489044777308095], [10.204552738045587, 53.489044777308095], [10.204519974172163, 53.489030553271085], [10.204519974172163, 53.489030553271085], [10.204552738045587, 53.489044777308095]]]}, "properties": {"object_id": "6070f6ec-0948-4538-b696-7d6f1fabf896", "type": "Platform_Wall", "height": 105, "material": "other"}}, {"type": "Feature", "geometry": {"type": "Polygon", "coordinates": [[[10.204585467896806, 53.48905902918636], [10.204585467896806, 53.48905902918636], [10.204552738045587, 53.4890447773081], [10.204552738045587, 53.4890447773081], [10.204585467896806, 53.48905902918636]]]}, "properties": {"object_id": "c702aec6-77c2-4942-8a8b-3fb227a164b5", "type": "Platform_Wall", "height": 105, "material": "other"}}, {"type": "Feature", "geometry": {"type": "Polygon", "coordinates": [[[10.204618163659362, 53.48907330887694], [10.204618163659362, 53.48907330887694], [10.204585467896806, 53.48905902918634], [10.204585467896806, 53.48905902918634], [10.204618163659362, 53.48907330887694]]]}, "properties": {"object_id": "95a2cfe6-1d9b-4f97-8c34-72f199f6a0e7", "type": "Platform_Wall", "height": 105, "material": "other"}}, {"type": "Feature", "geometry": {"type": "Polygon", "coordinates": [[[10.204650825266796, 53.48908761635091], [10.204650825266796, 53.48908761635091], [10.204618163659363, 53.489073308876954], [10.204618163659363, 53.489073308876954], [10.204650825266796, 53.48908761635091]]]}, "properties": {"object_id": "95568401-a295-4976-96cf-4477d55b8e96", "type": "Platform_Wall", "height": 105, "material": "other"}}, {"type": "Feature", "geometry": {"type": "Polygon", "coordinates": [[[10.204683452652732, 53.48910195157917], [10.204683452652732, 53.48910195157917], [10.204650825266784, 53.48908761635091], [10.204650825266784, 53.48908761635091], [10.204683452652732, 53.48910195157917]]]}, "properties": {"object_id": "8ea7c39e-123d-4f26-8ebe-35c6d8855fd9", "type": "Platform_Wall", "height": 105, "material": "other"}}, {"type": "Feature", "geometry": {"type": "Polygon", "coordinates": [[[10.20471604575096, 53.48911631453259], [10.204683452652718, 53.48910195157917], [10.204683452652718, 53.48910195157917], [10.20471604575096, 53.48911631453259], [10.20471604575096, 53.48911631453259]]]}, "properties": {"object_id": "70b294e5-7c25-42de-9c11-cd31179bfe24", "type": "Platform_Wall", "height": 105, "material": "other"}}, {"type": "Feature", "geometry": {"type": "Polygon", "coordinates": [[[10.204748604495236, 53.48913070518205], [10.204748604495236, 53.48913070518205], [10.204716045750944, 53.48911631453256], [10.204716045750944, 53.48911631453256], [10.204748604495236, 53.48913070518205]]]}, "properties": {"object_id": "c59d86b5-ed7c-4edc-9a20-574fc891a984", "type": "Platform_Wall", "height": 105, "material": "other"}}, {"type": "Feature", "geometry": {"type": "Polygon", "coordinates": [[[10.204781128819434, 53.489145123498304], [10.20474860449525, 53.48913070518205], [10.20474860449525, 53.48913070518205], [10.204781128819434, 53.489145123498304], [10.204781128819434, 53.489145123498304]]]}, "properties": {"object_id": "34d83c91-f499-4642-9892-e0fb8d4b55e5", "type": "Platform_Wall", "height": 105, "material": "other"}}, {"type": "Feature", "geometry": {"type": "Polygon", "coordinates": [[[10.204813618657466, 53.48915956945213], [10.204813618657466, 53.48915956945213], [10.204781128819437, 53.48914512349831], [10.204781128819437, 53.48914512349831], [10.204813618657466, 53.48915956945213]]]}, "properties": {"object_id": "fab556c5-3481-46a6-a69b-c921497e2383", "type": "Platform_Wall", "height": 105, "material": "other"}}, {"type": "Feature", "geometry": {"type": "Polygon", "coordinates": [[[10.204846073943347, 53.4891740430141], [10.204813618657465, 53.48915956945211], [10.204813618657465, 53.48915956945211], [10.204846073943347, 53.4891740430141], [10.204846073943347, 53.4891740430141]]]}, "properties": {"object_id": "db850714-05d9-47a7-ac95-1113a985b877", "type": "Platform_Wall", "height": 105, "material": "other"}}, {"type": "Feature", "geometry": {"type": "Polygon", "coordinates": [[[10.204878494611137, 53.4891885441549], [10.204846073943347, 53.4891740430141], [10.204846073943347, 53.4891740430141], [10.204878494611137, 53.4891885441549], [10.204878494611137, 53.4891885441549]]]}, "properties": {"object_id": "115562d2-9196-481a-b05a-f99fcf168bea", "type": "Platform_Wall", "height": 105, "material": "other"}}, {"type": "Feature", "geometry": {"type": "Polygon", "coordinates": [[[10.204910880594985, 53.489203072845065], [10.204910880594985, 53.489203072845065], [10.204878494611137, 53.4891885441549], [10.204878494611137, 53.4891885441549], [10.204910880594985, 53.489203072845065]]]}, "properties": {"object_id": "7adbf71c-ffd1-4cae-a4ca-044ab4413487", "type": "Platform_Wall", "height": 105, "material": "other"}}, {"type": "Feature", "geometry": {"type": "Polygon", "coordinates": [[[10.204943231829088, 53.489217629055105], [10.204943231829088, 53.489217629055105], [10.204910880594985, 53.48920307284506], [10.204910880594985, 53.48920307284506], [10.204943231829088, 53.489217629055105]]]}, "properties": {"object_id": "3f4a58bc-1744-432e-b0e8-f010932d8cc4", "type": "Platform_Wall", "height": 105, "material": "other"}}, {"type": "Feature", "geometry": {"type": "Polygon", "coordinates": [[[10.204959394394434, 53.48922491747085], [10.204959394394434, 53.48922491747085], [10.204943231829072, 53.489217629055105], [10.204943231829072, 53.489217629055105], [10.204959394394434, 53.48922491747085]]]}, "properties": {"object_id": "307f99da-01ec-41fe-9820-30d8ccf98697", "type": "Platform_Wall", "height": 105, "material": "other"}}, {"type": "Feature", "geometry": {"type": "Polygon", "coordinates": [[[10.20486912486497, 53.489277523974955], [10.20490636069272, 53.48929535140276], [10.20490636069272, 53.48929535140276], [10.20486912486497, 53.489277523974955], [10.20486912486497, 53.489277523974955]]]}, "properties": {"object_id": "285f0c0d-e5a2-4cb1-9cef-16f66e910fc6", "type": "Platform_Wall", "height": 105, "material": "other"}}, {"type": "Feature", "geometry": {"type": "Polygon", "coordinates": [[[10.204831827729155, 53.48925972493392], [10.204831827729155, 53.48925972493392], [10.204869124864956, 53.489277523974955], [10.204869124864956, 53.489277523974955], [10.204831827729155, 53.48925972493392]]]}, "properties": {"object_id": "510835cb-2001-4d92-90eb-d013c5d033fd", "type": "Platform_Wall", "height": 105, "material": "other"}}, {"type": "Feature", "geometry": {"type": "Polygon", "coordinates": [[[10.204794485041534, 53.48924195990935], [10.204831827729139, 53.48925972493391], [10.204831827729139, 53.48925972493391], [10.204794485041534, 53.48924195990935], [10.204794485041534, 53.48924195990935]]]}, "properties": {"object_id": "eb856a92-4f8f-4fd7-b0cd-3a09590956ec", "type": "Platform_Wall", "height": 105, "material": "other"}}, {"type": "Feature", "geometry": {"type": "Polygon", "coordinates": [[[10.204757096889411, 53.48922422894274], [10.204794485041534, 53.489241959909364], [10.204794485041534, 53.489241959909364], [10.204757096889411, 53.48922422894274], [10.204757096889411, 53.48922422894274]]]}, "properties": {"object_id": "f5bb637a-ec1f-42cc-a774-5fc0c614b5d6", "type": "Platform_Wall", "height": 105, "material": "other"}}, {"type": "Feature", "geometry": {"type": "Polygon", "coordinates": [[[10.204719663360201, 53.48920653207549], [10.204757096889427, 53.48922422894274], [10.204757096889427, 53.48922422894274], [10.204719663360201, 53.48920653207549], [10.204719663360201, 53.48920653207549]]]}, "properties": {"object_id": "2124edc9-e5ce-454e-9204-7329dc42d33c", "type": "Platform_Wall", "height": 105, "material": "other"}}, {"type": "Feature", "geometry": {"type": "Polygon", "coordinates": [[[10.204682184541303, 53.48918886934895], [10.204719663360185, 53.48920653207549], [10.204719663360185, 53.48920653207549], [10.204682184541303, 53.48918886934895], [10.204682184541303, 53.48918886934895]]]}, "properties": {"object_id": "e599af1a-59bf-437f-9203-1294b6a27be5", "type": "Platform_Wall", "height": 105, "material": "other"}}, {"type": "Feature", "geometry": {"type": "Polygon", "coordinates": [[[10.204644660520382, 53.489171240804325], [10.204644660520382, 53.489171240804325], [10.204682184541314, 53.48918886934893], [10.204682184541314, 53.48918886934893], [10.204644660520382, 53.489171240804325]]]}, "properties": {"object_id": "233213e3-6373-456d-aae8-f6b6285de534", "type": "Platform_Wall", "height": 105, "material": "other"}}, {"type": "Feature", "geometry": {"type": "Polygon", "coordinates": [[[10.204607091385071, 53.48915364648283], [10.204607091385071, 53.48915364648283], [10.204644660520353, 53.489171240804325], [10.204644660520353, 53.489171240804325], [10.204607091385071, 53.48915364648283]]]}, "properties": {"object_id": "55b578ac-0f90-4f1a-8f87-523d65a2f9d8", "type": "Platform_Wall", "height": 105, "material": "other"}}, {"type": "Feature", "geometry": {"type": "Polygon", "coordinates": [[[10.204569477223211, 53.48913608642557], [10.204607091385073, 53.489153646482826], [10.204607091385073, 53.489153646482826], [10.204569477223211, 53.48913608642557], [10.204569477223211, 53.48913608642557]]]}, "properties": {"object_id": "11a7280f-73c1-48b9-9920-600be1710514", "type": "Platform_Wall", "height": 105, "material": "other"}}, {"type": "Feature", "geometry": {"type": "Polygon", "coordinates": [[[10.204531818122684, 53.48911856067355], [10.204569477223197, 53.48913608642559], [10.204569477223197, 53.48913608642559], [10.204531818122684, 53.48911856067355], [10.204531818122684, 53.48911856067355]]]}, "properties": {"object_id": "69a7309c-0b25-4b32-a3de-08a77773488d", "type": "Platform_Wall", "height": 105, "material": "other"}}, {"type": "Feature", "geometry": {"type": "Polygon", "coordinates": [[[10.20449411417154, 53.48910106926766], [10.204531818122696, 53.48911856067355], [10.204531818122696, 53.48911856067355], [10.20449411417154, 53.48910106926766], [10.20449411417154, 53.48910106926766]]]}, "properties": {"object_id": "217d1737-852f-44b1-a0d2-b455882d66f8", "type": "Platform_Wall", "height": 105, "material": "other"}}, {"type": "Feature", "geometry": {"type": "Polygon", "coordinates": [[[10.204456365457837, 53.48908361224881], [10.204456365457837, 53.48908361224881], [10.20449411417154, 53.48910106926767], [10.20449411417154, 53.48910106926767], [10.204456365457837, 53.48908361224881]]]}, "properties": {"object_id": "05f91b8b-6fa6-4d0a-90e7-33a1235a35b3", "type": "Platform_Wall", "height": 105, "material": "other"}}, {"type": "Feature", "geometry": {"type": "Polygon", "coordinates": [[[10.20441857206984, 53.489066189657734], [10.20445636545785, 53.4890836122488], [10.20445636545785, 53.4890836122488], [10.20441857206984, 53.489066189657734], [10.20441857206984, 53.489066189657734]]]}, "properties": {"object_id": "9beffaae-ece8-403c-bc21-f7da3833bc65", "type": "Platform_Wall", "height": 105, "material": "other"}}, {"type": "Feature", "geometry": {"type": "Polygon", "coordinates": [[[10.204380734095844, 53.48904880153515], [10.204418572069843, 53.48906618965774], [10.204418572069843, 53.48906618965774], [10.204380734095844, 53.48904880153515], [10.204380734095844, 53.48904880153515]]]}, "properties": {"object_id": "5cbeb02f-ccf9-481d-af86-448abc576dda", "type": "Platform_Wall", "height": 105, "material": "other"}}, {"type": "Feature", "geometry": {"type": "Polygon", "coordinates": [[[10.204342851624292, 53.489031447921654], [10.20438073409584, 53.48904880153515], [10.20438073409584, 53.48904880153515], [10.204342851624292, 53.489031447921654], [10.204342851624292, 53.489031447921654]]]}, "properties": {"object_id": "d0012fe3-75ab-4ff4-87f8-74d1c8d55b43", "type": "Platform_Wall", "height": 105, "material": "other"}}, {"type": "Feature", "geometry": {"type": "Polygon", "coordinates": [[[10.204304924743681, 53.48901412885775], [10.204342851624277, 53.489031447921654], [10.204342851624277, 53.489031447921654], [10.204304924743681, 53.48901412885775], [10.204304924743681, 53.48901412885775]]]}, "properties": {"object_id": "c0ac004a-aab0-4ac5-8b2a-74527578ddfc", "type": "Platform_Wall", "height": 105, "material": "other"}}, {"type": "Feature", "geometry": {"type": "Polygon", "coordinates": [[[10.204266953542678, 53.48899684438396], [10.204304924743681, 53.48901412885776], [10.204304924743681, 53.48901412885776], [10.204266953542678, 53.48899684438396], [10.204266953542678, 53.48899684438396]]]}, "properties": {"object_id": "87da3750-6752-44fb-839e-481afccf05b8", "type": "Platform_Wall", "height": 105, "material": "other"}}, {"type": "Feature", "geometry": {"type": "Polygon", "coordinates": [[[10.204235055584414, 53.48898244411683], [10.204266953542662, 53.48899684438396], [10.204266953542662, 53.48899684438396], [10.204235055584414, 53.48898244411683], [10.204235055584414, 53.48898244411683]]]}, "properties": {"object_id": "033ebad7-16d4-47fd-8723-b45318a043ae", "type": "Platform_Wall", "height": 105, "material": "other"}}, {"type": "Feature", "geometry": {"type": "Polygon", "coordinates": [[[10.204130873188783, 53.48893486776988], [10.204130873188783, 53.48893486776988], [10.204235055584414, 53.48898244411683], [10.204235055584414, 53.48898244411683], [10.204130873188783, 53.48893486776988]]]}, "properties": {"object_id": "08dc6aac-73b0-483b-bb8f-ef57dda99072", "type": "Platform_Wall", "height": 105, "material": "other"}}, {"type": "Feature", "geometry": {"type": "Polygon", "coordinates": [[[10.2041702233114, 53.48890296607891], [10.2041702233114, 53.48890296607891], [10.204130878276953, 53.488934864478324], [10.204130878276953, 53.488934864478324], [10.2041702233114, 53.48890296607891]]]}, "properties": {"object_id": "bfcf48cf-2329-43c1-8e48-d3448c44451f", "type": "Platform_Wall", "height": 13, "material": "other"}}, {"type": "Feature", "geometry": {"type": "Polygon", "coordinates": [[[10.207073972077044, 53.49033746240194], [10.20670941273909, 53.49015477790721], [10.20670941273909, 53.49015477790721], [10.207073972077044, 53.49033746240194], [10.207073972077044, 53.49033746240194]]]}, "properties": {"object_id": "b1750195-6ca2-4582-a30b-7be2798b3a73", "type": "Platform_Wall", "height": 13, "material": "other"}}, {"type": "Feature", "geometry": {"type": "Polygon", "coordinates": [[[10.206781966995427, 53.490105297729876], [10.206781966995427, 53.490105297729876], [10.207144962479628, 53.49028737083179], [10.207144962479628, 53.49028737083179], [10.206781966995427, 53.490105297729876]]]}, "properties": {"object_id": "db1b121e-dc7a-4fad-8686-27f166bdd8de", "type": "Platform_Wall", "height": 13, "material": "other"}}, {"type": "Feature", "geometry": {"type": "Polygon", "coordinates": [[[10.207144962479624, 53.49028737083179], [10.207073972077044, 53.49033746240194], [10.207073972077044, 53.49033746240194], [10.207144962479624, 53.49028737083179], [10.207144962479624, 53.49028737083179]]]}, "properties": {"object_id": "77e7472d-f410-4689-b048-6602f24ee255", "type": "Platform_Wall", "height": 13, "material": "other"}}, {"type": "Feature", "geometry": {"type": "Polygon", "coordinates": [[[10.206001732778946, 53.489717356060765], [10.2060365604701, 53.489734500272654], [10.2060365604701, 53.489734500272654], [10.206001732778946, 53.489717356060765], [10.206001732778946, 53.489717356060765]]]}, "properties": {"object_id": "31f99020-d0eb-41c4-bed4-8c087362456c", "type": "Platform_Wall", "height": 13, "material": "other"}}, {"type": "Feature", "geometry": {"type": "Polygon", "coordinates": [[[10.205522530904917, 53.48959648318791], [10.205522530904917, 53.48959648318791], [10.205487747708125, 53.489579284134635], [10.205487747708125, 53.489579284134635], [10.205522530904917, 53.48959648318791]]]}, "properties": {"object_id": "2f9b6637-85e6-4b2f-be42-5d033d67e307", "type": "Platform_Wall", "height": 13, "material": "other"}}, {"type": "Feature", "geometry": {"type": "Polygon", "coordinates": [[[10.205800376011526, 53.48973437770732], [10.205800376011526, 53.48973437770732], [10.205765686305245, 53.489717111548586], [10.205765686305245, 53.489717111548586], [10.205800376011526, 53.48973437770732]]]}, "properties": {"object_id": "0540650b-2b75-4247-9db3-1569c3ae3656", "type": "Platform_Wall", "height": 13, "material": "other"}}, {"type": "Feature", "geometry": {"type": "Polygon", "coordinates": [[[10.205489253014553, 53.489469431009496], [10.205517678102268, 53.489483003746145], [10.205517678102268, 53.489483003746145], [10.205489253014553, 53.489469431009496], [10.205489253014553, 53.489469431009496]]]}, "properties": {"object_id": "1db9a08d-59cf-4f19-8ea1-d310e220176b", "type": "Platform_Wall", "height": 13, "material": "other"}}, {"type": "Feature", "geometry": {"type": "Polygon", "coordinates": [[[10.206680294112678, 53.49017442930909], [10.206680294112678, 53.49017442930909], [10.20612951152208, 53.489898907702916], [10.20612951152208, 53.489898907702916], [10.206680294112678, 53.49017442930909]]]}, "properties": {"object_id": "b1d7b1f7-55ee-436b-babb-53b7dff481f9", "type": "Platform_Wall", "height": 13, "material": "other"}}, {"type": "Feature", "geometry": {"type": "Polygon", "coordinates": [[[10.206709412739084, 53.49015477790719], [10.206680294112678, 53.49017442930909], [10.206680294112678, 53.49017442930909], [10.206709412739084, 53.49015477790719], [10.206709412739084, 53.49015477790719]]]}, "properties": {"object_id": "3edcc15d-0d53-499c-af1d-15ebd1c0152f", "type": "Platform_Wall", "height": 13, "material": "other"}}, {"type": "Feature", "geometry": {"type": "Polygon", "coordinates": [[[10.206767794730474, 53.4900981871954], [10.206781966995427, 53.490105297729876], [10.206781966995427, 53.490105297729876], [10.206767794730474, 53.4900981871954], [10.206767794730474, 53.4900981871954]]]}, "properties": {"object_id": "a0a9e36c-1c70-4113-bda3-ddd7977bc8c3", "type": "Platform_Wall", "height": 13, "material": "other"}}, {"type": "Feature", "geometry": {"type": "Polygon", "coordinates": [[[10.206739443255037, 53.49008397105692], [10.206739443255037, 53.49008397105692], [10.206767794730474, 53.4900981871954], [10.206767794730474, 53.4900981871954], [10.206739443255037, 53.49008397105692]]]}, "properties": {"object_id": "aebede75-0e44-4a64-9897-b88ae523396f", "type": "Platform_Wall", "height": 13, "material": "other"}}, {"type": "Feature", "geometry": {"type": "Polygon", "coordinates": [[[10.206711082522453, 53.49006976149416], [10.206739443255021, 53.49008397105691], [10.206739443255021, 53.49008397105691], [10.206711082522453, 53.49006976149416], [10.206711082522453, 53.49006976149416]]]}, "properties": {"object_id": "21c70f9f-1af6-4f52-977f-1fdb93507717", "type": "Platform_Wall", "height": 13, "material": "other"}}, {"type": "Feature", "geometry": {"type": "Polygon", "coordinates": [[[10.206682712537066, 53.49005555850934], [10.206711082522483, 53.49006976149416], [10.206711082522483, 53.49006976149416], [10.206682712537066, 53.49005555850934], [10.206682712537066, 53.49005555850934]]]}, "properties": {"object_id": "aad2fd53-6fd2-4021-8396-45b8a9d8c3a2", "type": "Platform_Wall", "height": 13, "material": "other"}}, {"type": "Feature", "geometry": {"type": "Polygon", "coordinates": [[[10.206654333303081, 53.49004136210452], [10.20668271253705, 53.49005555850933], [10.20668271253705, 53.49005555850933], [10.206654333303081, 53.49004136210452], [10.206654333303081, 53.49004136210452]]]}, "properties": {"object_id": "2c080e55-a5a4-4cdc-a91e-5295bfb259f7", "type": "Platform_Wall", "height": 13, "material": "other"}}, {"type": "Feature", "geometry": {"type": "Polygon", "coordinates": [[[10.206625944824841, 53.49002717228189], [10.206654333303067, 53.49004136210451], [10.206654333303067, 53.49004136210451], [10.206625944824841, 53.49002717228189], [10.206625944824841, 53.49002717228189]]]}, "properties": {"object_id": "8203ae24-6c0b-406f-af34-348ab2779a64", "type": "Platform_Wall", "height": 13, "material": "other"}}, {"type": "Feature", "geometry": {"type": "Polygon", "coordinates": [[[10.206597547106654, 53.49001298904362], [10.206625944824857, 53.4900271722819], [10.206625944824857, 53.4900271722819], [10.206597547106654, 53.49001298904362], [10.206597547106654, 53.49001298904362]]]}, "properties": {"object_id": "cf76aeba-7492-45a4-bad6-b86a9d53794e", "type": "Platform_Wall", "height": 13, "material": "other"}}, {"type": "Feature", "geometry": {"type": "Polygon", "coordinates": [[[10.206569140152803, 53.48999881239182], [10.206597547106654, 53.49001298904362], [10.206597547106654, 53.49001298904362], [10.206569140152803, 53.48999881239182], [10.206569140152803, 53.48999881239182]]]}, "properties": {"object_id": "203cb06e-b08d-4d25-aea1-b44e74fc7b42", "type": "Platform_Wall", "height": 13, "material": "other"}}, {"type": "Feature", "geometry": {"type": "Polygon", "coordinates": [[[10.206540723967587, 53.48998464232864], [10.206569140152801, 53.48999881239183], [10.206569140152801, 53.48999881239183], [10.206540723967587, 53.48998464232864], [10.206540723967587, 53.48998464232864]]]}, "properties": {"object_id": "66700f85-559f-4d9b-9f45-ff41e084873f", "type": "Platform_Wall", "height": 13, "material": "other"}}, {"type": "Feature", "geometry": {"type": "Polygon", "coordinates": [[[10.206512298555326, 53.489970478856215], [10.206540723967587, 53.48998464232864], [10.206540723967587, 53.48998464232864], [10.206512298555326, 53.489970478856215], [10.206512298555326, 53.489970478856215]]]}, "properties": {"object_id": "b7ac144c-6aa6-43fa-8165-b6f2f1d81944", "type": "Platform_Wall", "height": 13, "material": "other"}}, {"type": "Feature", "geometry": {"type": "Polygon", "coordinates": [[[10.206483863920313, 53.489956321976656], [10.206512298555337, 53.48997047885621], [10.206512298555337, 53.48997047885621], [10.206483863920313, 53.489956321976656], [10.206483863920313, 53.489956321976656]]]}, "properties": {"object_id": "65d719ea-5d97-4fa2-86c8-5aadc785ee23", "type": "Platform_Wall", "height": 13, "material": "other"}}, {"type": "Feature", "geometry": {"type": "Polygon", "coordinates": [[[10.206455420066858, 53.489942171692206], [10.206483863920317, 53.48995632197669], [10.206483863920317, 53.48995632197669], [10.206455420066858, 53.489942171692206], [10.206455420066858, 53.489942171692206]]]}, "properties": {"object_id": "93f608f7-9077-4ed6-ab10-2f5a0651554e", "type": "Platform_Wall", "height": 13, "material": "other"}}, {"type": "Feature", "geometry": {"type": "Polygon", "coordinates": [[[10.206426966999244, 53.48992802800488], [10.206455420066854, 53.48994217169217], [10.206455420066854, 53.48994217169217], [10.206426966999244, 53.48992802800488], [10.206426966999244, 53.48992802800488]]]}, "properties": {"object_id": "333bb5ca-f692-43ea-b2bb-2572e7463a3d", "type": "Platform_Wall", "height": 13, "material": "other"}}, {"type": "Feature", "geometry": {"type": "Polygon", "coordinates": [[[10.20639850472181, 53.48991389091685], [10.20639850472181, 53.48991389091685], [10.206426966999256, 53.489928028004876], [10.206426966999256, 53.489928028004876], [10.20639850472181, 53.48991389091685]]]}, "properties": {"object_id": "4e06da24-81d2-487b-9650-44fc6e126379", "type": "Platform_Wall", "height": 13, "material": "other"}}, {"type": "Feature", "geometry": {"type": "Polygon", "coordinates": [[[10.206370033238843, 53.489899760430276], [10.20639850472181, 53.48991389091684], [10.20639850472181, 53.48991389091684], [10.206370033238843, 53.489899760430276], [10.206370033238843, 53.489899760430276]]]}, "properties": {"object_id": "c681e1e0-20a7-4de0-92ca-cece20ab9ab2", "type": "Platform_Wall", "height": 13, "material": "other"}}, {"type": "Feature", "geometry": {"type": "Polygon", "coordinates": [[[10.206341552554665, 53.48988563654729], [10.206370033238843, 53.48989976043027], [10.206370033238843, 53.48989976043027], [10.206341552554665, 53.48988563654729], [10.206341552554665, 53.48988563654729]]]}, "properties": {"object_id": "acd35178-5c2f-4a25-b74f-165c5ba78084", "type": "Platform_Wall", "height": 13, "material": "other"}}, {"type": "Feature", "geometry": {"type": "Polygon", "coordinates": [[[10.206313062673571, 53.48987151927001], [10.206341552554665, 53.4898856365473], [10.206341552554665, 53.4898856365473], [10.206313062673571, 53.48987151927001], [10.206313062673571, 53.48987151927001]]]}, "properties": {"object_id": "5e4e524a-1b45-41e2-b291-b5983d5deea4", "type": "Platform_Wall", "height": 13, "material": "other"}}, {"type": "Feature", "geometry": {"type": "Polygon", "coordinates": [[[10.206284563599915, 53.4898574086006], [10.206313062673589, 53.489871519270025], [10.206313062673589, 53.489871519270025], [10.206284563599915, 53.4898574086006], [10.206284563599915, 53.4898574086006]]]}, "properties": {"object_id": "5679b875-59f1-489a-976e-fbdcd752f8ae", "type": "Platform_Wall", "height": 13, "material": "other"}}, {"type": "Feature", "geometry": {"type": "Polygon", "coordinates": [[[10.206256055337962, 53.489843304541154], [10.2062845635999, 53.4898574086006], [10.2062845635999, 53.4898574086006], [10.206256055337962, 53.489843304541154], [10.206256055337962, 53.489843304541154]]]}, "properties": {"object_id": "f3b0c358-564a-4057-893e-5ccb6a52898e", "type": "Platform_Wall", "height": 13, "material": "other"}}, {"type": "Feature", "geometry": {"type": "Polygon", "coordinates": [[[10.206227537892065, 53.48982920709383], [10.206256055337963, 53.48984330454115], [10.206256055337963, 53.48984330454115], [10.206227537892065, 53.48982920709383], [10.206227537892065, 53.48982920709383]]]}, "properties": {"object_id": "304d7d95-1953-4db7-8a83-bbbebc32ce3c", "type": "Platform_Wall", "height": 13, "material": "other"}}, {"type": "Feature", "geometry": {"type": "Polygon", "coordinates": [[[10.20590437483581, 53.48978622642514], [10.20590437483581, 53.48978622642514], [10.205869720282504, 53.48976893514845], [10.205869720282504, 53.48976893514845], [10.20590437483581, 53.48978622642514]]]}, "properties": {"object_id": "461e2da0-0db7-49de-8d3b-6d00187eb938", "type": "Platform_Wall", "height": 13, "material": "other"}}, {"type": "Feature", "geometry": {"type": "Polygon", "coordinates": [[[10.205939017660077, 53.489803526068805], [10.205939017660077, 53.489803526068805], [10.205904374835825, 53.48978622642514], [10.205904374835825, 53.48978622642514], [10.205939017660077, 53.489803526068805]]]}, "properties": {"object_id": "3ce191c8-306d-455b-8a5b-bf12b1dcc693", "type": "Platform_Wall", "height": 13, "material": "other"}}, {"type": "Feature", "geometry": {"type": "Polygon", "coordinates": [[[10.205973648749596, 53.48982083407662], [10.205973648749596, 53.48982083407662], [10.205939017660077, 53.489803526068805], [10.205939017660077, 53.489803526068805], [10.205973648749596, 53.48982083407662]]]}, "properties": {"object_id": "fe09e5f4-00c0-4b66-be0d-aa6489315bfc", "type": "Platform_Wall", "height": 13, "material": "other"}}, {"type": "Feature", "geometry": {"type": "Polygon", "coordinates": [[[10.206008268098714, 53.48983815044572], [10.206008268098714, 53.48983815044572], [10.205973648749612, 53.48982083407662], [10.205973648749612, 53.48982083407662], [10.206008268098714, 53.48983815044572]]]}, "properties": {"object_id": "aa200e6f-96f2-4ed2-8a19-1605b1c40967", "type": "Platform_Wall", "height": 13, "material": "other"}}, {"type": "Feature", "geometry": {"type": "Polygon", "coordinates": [[[10.206042875701735, 53.48985547517332], [10.206042875701735, 53.48985547517332], [10.206008268098726, 53.48983815044572], [10.206008268098726, 53.48983815044572], [10.206042875701735, 53.48985547517332]]]}, "properties": {"object_id": "8803cc97-f0f6-48d5-8feb-e3f03273357d", "type": "Platform_Wall", "height": 13, "material": "other"}}, {"type": "Feature", "geometry": {"type": "Polygon", "coordinates": [[[10.20607747155296, 53.489872808256564], [10.20607747155296, 53.489872808256564], [10.206042875701721, 53.48985547517332], [10.206042875701721, 53.48985547517332], [10.20607747155296, 53.489872808256564]]]}, "properties": {"object_id": "06311e9f-ef17-4f8c-bc17-c49412e19237", "type": "Platform_Wall", "height": 13, "material": "other"}}, {"type": "Feature", "geometry": {"type": "Polygon", "coordinates": [[[10.206112055646724, 53.48989014969259], [10.206112055646724, 53.48989014969259], [10.20607747155296, 53.489872808256564], [10.20607747155296, 53.489872808256564], [10.206112055646724, 53.48989014969259]]]}, "properties": {"object_id": "2122ee17-1fe2-4301-baea-e73f1149daa8", "type": "Platform_Wall", "height": 13, "material": "other"}}, {"type": "Feature", "geometry": {"type": "Polygon", "coordinates": [[[10.206129511527006, 53.48989890769896], [10.206112055646708, 53.489890149692606], [10.206112055646708, 53.489890149692606], [10.206129511527006, 53.48989890769896], [10.206129511527006, 53.48989890769896]]]}, "properties": {"object_id": "8363dc7c-b70a-46d5-add8-781d3921e1f8", "type": "Platform_Wall", "height": 13, "material": "other"}}, {"type": "Feature", "geometry": {"type": "Polygon", "coordinates": [[[10.20621021661786, 53.48982056850946], [10.20621021661786, 53.48982056850946], [10.206227537892037, 53.48982920709383], [10.206227537892037, 53.48982920709383], [10.20621021661786, 53.48982056850946]]]}, "properties": {"object_id": "5d602071-56fe-4883-9ad7-bf3c79254515", "type": "Platform_Wall", "height": 13, "material": "other"}}, {"type": "Feature", "geometry": {"type": "Polygon", "coordinates": [[[10.206175549840454, 53.48980330864318], [10.20621021661786, 53.48982056850946], [10.20621021661786, 53.48982056850946], [10.206175549840454, 53.48980330864318], [10.206175549840454, 53.48980330864318]]]}, "properties": {"object_id": "439af0bf-7105-48a1-8311-569f83a64e35", "type": "Platform_Wall", "height": 13, "material": "other"}}, {"type": "Feature", "geometry": {"type": "Polygon", "coordinates": [[[10.206140850793716, 53.48978607186494], [10.206175549840468, 53.48980330864318], [10.206175549840468, 53.48980330864318], [10.206140850793716, 53.48978607186494], [10.206140850793716, 53.48978607186494]]]}, "properties": {"object_id": "da6b15dd-e2a4-4022-baf1-259c0388d6ce", "type": "Platform_Wall", "height": 13, "material": "other"}}, {"type": "Feature", "geometry": {"type": "Polygon", "coordinates": [[[10.206106119520834, 53.48976885819612], [10.206140850793702, 53.48978607186494], [10.206140850793702, 53.48978607186494], [10.206106119520834, 53.48976885819612], [10.206106119520834, 53.48976885819612]]]}, "properties": {"object_id": "d988974c-455f-459d-9d4b-514284f726a7", "type": "Platform_Wall", "height": 13, "material": "other"}}, {"type": "Feature", "geometry": {"type": "Polygon", "coordinates": [[[10.206071356065195, 53.48975166765825], [10.206071356065195, 53.48975166765825], [10.206106119520848, 53.48976885819612], [10.206106119520848, 53.48976885819612], [10.206071356065195, 53.48975166765825]]]}, "properties": {"object_id": "4370ae04-5ef7-418a-8757-a2e8fbaa12f7", "type": "Platform_Wall", "height": 13, "material": "other"}}, {"type": "Feature", "geometry": {"type": "Polygon", "coordinates": [[[10.2060365604701, 53.48973450027267], [10.206071356065195, 53.48975166765825], [10.206071356065195, 53.48975166765825], [10.2060365604701, 53.48973450027267], [10.2060365604701, 53.48973450027267]]]}, "properties": {"object_id": "6c96ede5-9a90-4012-b206-f6d9fcb8882b", "type": "Platform_Wall", "height": 13, "material": "other"}}, {"type": "Feature", "geometry": {"type": "Polygon", "coordinates": [[[10.205835054005844, 53.489751652241566], [10.205835054005844, 53.489751652241566], [10.205800376011526, 53.48973437770732], [10.205800376011526, 53.48973437770732], [10.205835054005844, 53.489751652241566]]]}, "properties": {"object_id": "c473f0bf-6c72-4992-8467-bad4c0e08524", "type": "Platform_Wall", "height": 13, "material": "other"}}, {"type": "Feature", "geometry": {"type": "Polygon", "coordinates": [[[10.205869720282504, 53.48976893514845], [10.205835054005844, 53.489751652241566], [10.205835054005844, 53.489751652241566], [10.205869720282504, 53.48976893514845], [10.205869720282504, 53.48976893514845]]]}, "properties": {"object_id": "c064ff96-4cb5-4a8b-8af9-6ab8291626a7", "type": "Platform_Wall", "height": 13, "material": "other"}}, {"type": "Feature", "geometry": {"type": "Polygon", "coordinates": [[[10.205966873035143, 53.48970023504394], [10.206001732778946, 53.489717356060765], [10.206001732778946, 53.489717356060765], [10.205966873035143, 53.48970023504394], [10.205966873035143, 53.48970023504394]]]}, "properties": {"object_id": "0e1fcdd3-d0f1-4169-95a6-7977c875bec0", "type": "Platform_Wall", "height": 13, "material": "other"}}, {"type": "Feature", "geometry": {"type": "Polygon", "coordinates": [[[10.205931981282161, 53.489683137243524], [10.205931981282161, 53.489683137243524], [10.205966873035127, 53.48970023504394], [10.205966873035127, 53.48970023504394], [10.205931981282161, 53.489683137243524]]]}, "properties": {"object_id": "1a8cfe25-4a01-4fe7-a290-87a7d90bd368", "type": "Platform_Wall", "height": 13, "material": "other"}}, {"type": "Feature", "geometry": {"type": "Polygon", "coordinates": [[[10.205897057563504, 53.48966606268076], [10.205931981282161, 53.48968313724351], [10.205931981282161, 53.48968313724351], [10.205897057563504, 53.48966606268076], [10.205897057563504, 53.48966606268076]]]}, "properties": {"object_id": "6f7425a2-4f4b-4376-979a-c76581376c11", "type": "Platform_Wall", "height": 13, "material": "other"}}, {"type": "Feature", "geometry": {"type": "Polygon", "coordinates": [[[10.205862101922724, 53.48964901137696], [10.205862101922724, 53.48964901137696], [10.205897057563504, 53.48966606268076], [10.205897057563504, 53.48966606268076], [10.205862101922724, 53.48964901137696]]]}, "properties": {"object_id": "69072629-cb0f-45e7-b533-24c7b8d961ca", "type": "Platform_Wall", "height": 13, "material": "other"}}, {"type": "Feature", "geometry": {"type": "Polygon", "coordinates": [[[10.20582711440339, 53.489631983353384], [10.205862101922724, 53.489649011376976], [10.205862101922724, 53.489649011376976], [10.20582711440339, 53.489631983353384], [10.20582711440339, 53.489631983353384]]]}, "properties": {"object_id": "a646d9fb-a43d-4fa7-bc64-cda808e0c39c", "type": "Platform_Wall", "height": 13, "material": "other"}}, {"type": "Feature", "geometry": {"type": "Polygon", "coordinates": [[[10.205792095049091, 53.48961497863116], [10.205792095049091, 53.48961497863116], [10.205827114403377, 53.48963198335336], [10.205827114403377, 53.48963198335336], [10.205792095049091, 53.48961497863116]]]}, "properties": {"object_id": "53ca279f-abb9-4b03-b53a-eb7fddd2ec70", "type": "Platform_Wall", "height": 13, "material": "other"}}, {"type": "Feature", "geometry": {"type": "Polygon", "coordinates": [[[10.20575704390354, 53.48959799723159], [10.20575704390354, 53.48959799723159], [10.205792095049091, 53.489614978631174], [10.205792095049091, 53.489614978631174], [10.20575704390354, 53.48959799723159]]]}, "properties": {"object_id": "c3797a87-120b-4aad-9763-d0a37b5ff4f2", "type": "Platform_Wall", "height": 13, "material": "other"}}, {"type": "Feature", "geometry": {"type": "Polygon", "coordinates": [[[10.20572196101045, 53.48958103917575], [10.205757043903567, 53.489597997231584], [10.205757043903567, 53.489597997231584], [10.20572196101045, 53.48958103917575], [10.20572196101045, 53.48958103917575]]]}, "properties": {"object_id": "3f589bcc-0963-4260-9d44-319176b8c487", "type": "Platform_Wall", "height": 13, "material": "other"}}, {"type": "Feature", "geometry": {"type": "Polygon", "coordinates": [[[10.205686846413492, 53.48956410448475], [10.205721961010433, 53.48958103917575], [10.205721961010433, 53.48958103917575], [10.205686846413492, 53.48956410448475], [10.205686846413492, 53.48956410448475]]]}, "properties": {"object_id": "99a7941b-7a7f-481f-acfb-92f3761e7cf6", "type": "Platform_Wall", "height": 13, "material": "other"}}, {"type": "Feature", "geometry": {"type": "Polygon", "coordinates": [[[10.205651700156501, 53.48954719317972], [10.205651700156501, 53.48954719317972], [10.205686846413508, 53.489564104484735], [10.205686846413508, 53.489564104484735], [10.205651700156501, 53.48954719317972]]]}, "properties": {"object_id": "e9fc84f5-3c20-45f2-a0a7-16fe2161c5a4", "type": "Platform_Wall", "height": 13, "material": "other"}}, {"type": "Feature", "geometry": {"type": "Polygon", "coordinates": [[[10.205616522283243, 53.489530305281754], [10.205651700156475, 53.489547193179725], [10.205651700156475, 53.489547193179725], [10.205616522283243, 53.489530305281754], [10.205616522283243, 53.489530305281754]]]}, "properties": {"object_id": "81410fec-d62f-4523-8a51-1c1316ff7fb6", "type": "Platform_Wall", "height": 13, "material": "other"}}, {"type": "Feature", "geometry": {"type": "Polygon", "coordinates": [[[10.205581312837635, 53.48951344081181], [10.205616522283245, 53.48953030528175], [10.205616522283245, 53.48953030528175], [10.205581312837635, 53.48951344081181], [10.205581312837635, 53.48951344081181]]]}, "properties": {"object_id": "4f0e5a02-ef26-4cc8-8a8a-a0de160dbb74", "type": "Platform_Wall", "height": 13, "material": "other"}}, {"type": "Feature", "geometry": {"type": "Polygon", "coordinates": [[[10.20554607186354, 53.48949659979099], [10.205581312837635, 53.48951344081181], [10.205581312837635, 53.48951344081181], [10.20554607186354, 53.48949659979099], [10.20554607186354, 53.48949659979099]]]}, "properties": {"object_id": "04e2f8f8-6d0d-41b6-9813-444782d12a95", "type": "Platform_Wall", "height": 13, "material": "other"}}, {"type": "Feature", "geometry": {"type": "Polygon", "coordinates": [[[10.20555730243537, 53.48961369063922], [10.20555730243537, 53.48961369063922], [10.20552253090493, 53.48959648318791], [10.20552253090493, 53.48959648318791], [10.20555730243537, 53.48961369063922]]]}, "properties": {"object_id": "36bea481-714b-43ca-b159-6ebc8d7a86a8", "type": "Platform_Wall", "height": 13, "material": "other"}}, {"type": "Feature", "geometry": {"type": "Polygon", "coordinates": [[[10.205592062293752, 53.48963090648579], [10.205557302435357, 53.48961369063922], [10.205557302435357, 53.48961369063922], [10.205592062293752, 53.48963090648579], [10.205592062293752, 53.48963090648579]]]}, "properties": {"object_id": "5f72510a-b24f-4b7f-a895-2259ced1b08e", "type": "Platform_Wall", "height": 13, "material": "other"}}, {"type": "Feature", "geometry": {"type": "Polygon", "coordinates": [[[10.2056268104744, 53.48964813072481], [10.2056268104744, 53.48964813072481], [10.205592062293753, 53.489630906485814], [10.205592062293753, 53.489630906485814], [10.2056268104744, 53.48964813072481]]]}, "properties": {"object_id": "54df8604-25d1-4d29-ba24-4b968055ed29", "type": "Platform_Wall", "height": 13, "material": "other"}}, {"type": "Feature", "geometry": {"type": "Polygon", "coordinates": [[[10.205661546971555, 53.489665363353424], [10.205626810474383, 53.48964813072481], [10.205626810474383, 53.48964813072481], [10.205661546971555, 53.489665363353424], [10.205661546971555, 53.489665363353424]]]}, "properties": {"object_id": "b0cee2c9-38dc-4e03-865b-62d3baecca1a", "type": "Platform_Wall", "height": 13, "material": "other"}}, {"type": "Feature", "geometry": {"type": "Polygon", "coordinates": [[[10.205696271779551, 53.489682604368795], [10.205696271779551, 53.489682604368795], [10.205661546971555, 53.48966536335341], [10.205661546971555, 53.48966536335341], [10.205696271779551, 53.489682604368795]]]}, "properties": {"object_id": "52a2f6dc-1223-4645-af9b-ce08c4d3ca60", "type": "Platform_Wall", "height": 13, "material": "other"}}, {"type": "Feature", "geometry": {"type": "Polygon", "coordinates": [[[10.20573098489268, 53.489699853768116], [10.20573098489268, 53.489699853768116], [10.20569627177955, 53.48968260436879], [10.20569627177955, 53.48968260436879], [10.20573098489268, 53.489699853768116]]]}, "properties": {"object_id": "df24a2f3-1ada-4c24-808c-ed3fca98bc2a", "type": "Platform_Wall", "height": 13, "material": "other"}}, {"type": "Feature", "geometry": {"type": "Polygon", "coordinates": [[[10.20576568630523, 53.48971711154857], [10.20576568630523, 53.48971711154857], [10.20573098489268, 53.489699853768116], [10.20573098489268, 53.489699853768116], [10.20576568630523, 53.48971711154857]]]}, "properties": {"object_id": "69776a96-f954-441c-8ce0-7c43fedbbdd4", "type": "Platform_Wall", "height": 13, "material": "other"}}, {"type": "Feature", "geometry": {"type": "Polygon", "coordinates": [[[10.205517678102268, 53.48948300374616], [10.20554607186354, 53.489496599791], [10.20554607186354, 53.489496599791], [10.205517678102268, 53.48948300374616], [10.205517678102268, 53.48948300374616]]]}, "properties": {"object_id": "dd2dc549-0ffa-4564-823a-1c4bff2470c1", "type": "Platform_Wall", "height": 13, "material": "other"}}, {"type": "Feature", "geometry": {"type": "Polygon", "coordinates": [[[10.205487747708139, 53.48957928413463], [10.205487747708139, 53.48957928413463], [10.205452952850717, 53.48956209348222], [10.205452952850717, 53.48956209348222], [10.205487747708139, 53.48957928413463]]]}, "properties": {"object_id": "9c27330b-e30b-48d9-bcd7-ba2fe5eeee17", "type": "Platform_Wall", "height": 13, "material": "other"}}, {"type": "Feature", "geometry": {"type": "Polygon", "coordinates": [[[10.205460796654195, 53.4894558816067], [10.205489253014553, 53.48946943100951], [10.205489253014553, 53.48946943100951], [10.205460796654195, 53.4894558816067], [10.205460796654195, 53.4894558816067]]]}, "properties": {"object_id": "bab8ea98-e26e-4388-ab3b-18b129777385", "type": "Platform_Wall", "height": 13, "material": "other"}}, {"type": "Feature", "geometry": {"type": "Polygon", "coordinates": [[[10.20543230907509, 53.48944235556339], [10.20543230907509, 53.48944235556339], [10.205460796654195, 53.4894558816067], [10.205460796654195, 53.4894558816067], [10.20543230907509, 53.48944235556339]]]}, "properties": {"object_id": "b0b74815-90d9-4604-a6e7-eaf00fbe8eea", "type": "Platform_Wall", "height": 13, "material": "other"}}, {"type": "Feature", "geometry": {"type": "Polygon", "coordinates": [[[10.20540379033121, 53.489428852905206], [10.20540379033121, 53.489428852905206], [10.205432309075118, 53.48944235556339], [10.205432309075118, 53.48944235556339], [10.20540379033121, 53.489428852905206]]]}, "properties": {"object_id": "2a44c1c6-2bdd-469a-8f93-453df5fb4a2f", "type": "Platform_Wall", "height": 13, "material": "other"}}, {"type": "Feature", "geometry": {"type": "Polygon", "coordinates": [[[10.205375240476496, 53.48941537365763], [10.20540379033121, 53.489428852905206], [10.20540379033121, 53.489428852905206], [10.205375240476496, 53.48941537365763], [10.205375240476496, 53.48941537365763]]]}, "properties": {"object_id": "1f36f818-f280-4a4c-aa23-bfa040418f7b", "type": "Platform_Wall", "height": 13, "material": "other"}}, {"type": "Feature", "geometry": {"type": "Polygon", "coordinates": [[[10.205346659565038, 53.48940191784626], [10.205346659565038, 53.48940191784626], [10.205375240476497, 53.48941537365764], [10.205375240476497, 53.48941537365764], [10.205346659565038, 53.48940191784626]]]}, "properties": {"object_id": "8b15df8b-047f-4b5d-9f09-7177d472b504", "type": "Platform_Wall", "height": 13, "material": "other"}}, {"type": "Feature", "geometry": {"type": "Polygon", "coordinates": [[[10.205318047650922, 53.48938848549649], [10.205346659565022, 53.48940191784625], [10.205346659565022, 53.48940191784625], [10.205318047650922, 53.48938848549649], [10.205318047650922, 53.48938848549649]]]}, "properties": {"object_id": "9f833e85-7043-482b-994d-c1b7e4d43fa2", "type": "Platform_Wall", "height": 13, "material": "other"}}, {"type": "Feature", "geometry": {"type": "Polygon", "coordinates": [[[10.20528940478837, 53.48937507663376], [10.20528940478837, 53.48937507663376], [10.205318047650922, 53.48938848549649], [10.205318047650922, 53.48938848549649], [10.20528940478837, 53.48937507663376]]]}, "properties": {"object_id": "361efc1a-9967-497d-9ee9-2171e4546455", "type": "Platform_Wall", "height": 13, "material": "other"}}, {"type": "Feature", "geometry": {"type": "Polygon", "coordinates": [[[10.205260731031602, 53.48936169128346], [10.205289404788385, 53.489375076633756], [10.205289404788385, 53.489375076633756], [10.205260731031602, 53.48936169128346], [10.205260731031602, 53.48936169128346]]]}, "properties": {"object_id": "2a237db5-c705-4699-b07b-a48f159d7835", "type": "Platform_Wall", "height": 13, "material": "other"}}, {"type": "Feature", "geometry": {"type": "Polygon", "coordinates": [[[10.205232026434874, 53.48934832947092], [10.205260731031586, 53.48936169128346], [10.205260731031586, 53.48936169128346], [10.205232026434874, 53.48934832947092], [10.205232026434874, 53.48934832947092]]]}, "properties": {"object_id": "df4e35fc-6dea-4867-bb13-2639712a14f6", "type": "Platform_Wall", "height": 13, "material": "other"}}, {"type": "Feature", "geometry": {"type": "Polygon", "coordinates": [[[10.20520329105256, 53.489334991221384], [10.205232026434873, 53.4893483294709], [10.205232026434873, 53.4893483294709], [10.20520329105256, 53.489334991221384], [10.20520329105256, 53.489334991221384]]]}, "properties": {"object_id": "f79ac6d5-2e9f-4284-9d04-db28b1fa8431", "type": "Platform_Wall", "height": 13, "material": "other"}}, {"type": "Feature", "geometry": {"type": "Polygon", "coordinates": [[[10.205005216300233, 53.489342679154404], [10.204977005019748, 53.48932913229716], [10.204977005019748, 53.48932913229716], [10.205005216300233, 53.489342679154404], [10.205005216300233, 53.489342679154404]]]}, "properties": {"object_id": "56bdc164-2604-4a5a-8da6-99c6261ad959", "type": "Platform_Wall", "height": 13, "material": "other"}}, {"type": "Feature", "geometry": {"type": "Polygon", "coordinates": [[[10.20503340097965, 53.4893562456978], [10.20503340097965, 53.4893562456978], [10.205005216300233, 53.489342679154404], [10.205005216300233, 53.489342679154404], [10.20503340097965, 53.4893562456978]]]}, "properties": {"object_id": "012ec05c-cc5f-4c0a-9406-c346b2504c93", "type": "Platform_Wall", "height": 13, "material": "other"}}, {"type": "Feature", "geometry": {"type": "Polygon", "coordinates": [[[10.205061559019335, 53.48936983190879], [10.205033400979639, 53.48935624569783], [10.205033400979639, 53.48935624569783], [10.205061559019335, 53.48936983190879], [10.205061559019335, 53.48936983190879]]]}, "properties": {"object_id": "a70b3575-98f7-4e85-9de3-0ec9e8cbcba2", "type": "Platform_Wall", "height": 13, "material": "other"}}, {"type": "Feature", "geometry": {"type": "Polygon", "coordinates": [[[10.2050896903807, 53.4893834377687], [10.205061559019335, 53.48936983190879], [10.205061559019335, 53.48936983190879], [10.2050896903807, 53.4893834377687], [10.2050896903807, 53.4893834377687]]]}, "properties": {"object_id": "ec2c82b8-19a2-45e5-80e0-e8d03bae8efd", "type": "Platform_Wall", "height": 13, "material": "other"}}, {"type": "Feature", "geometry": {"type": "Polygon", "coordinates": [[[10.205117795025131, 53.48939706325893], [10.205117795025131, 53.48939706325893], [10.205089690380671, 53.4893834377687], [10.205089690380671, 53.4893834377687], [10.205117795025131, 53.48939706325893]]]}, "properties": {"object_id": "c44f4a81-7e83-4284-99fc-e42ce2deb69e", "type": "Platform_Wall", "height": 13, "material": "other"}}, {"type": "Feature", "geometry": {"type": "Polygon", "coordinates": [[[10.205145872914176, 53.48941070836077], [10.205145872914176, 53.48941070836077], [10.205117795025146, 53.48939706325892], [10.205117795025146, 53.48939706325892], [10.205145872914176, 53.48941070836077]]]}, "properties": {"object_id": "f4b9888a-07a7-4302-b3f4-cb145c65b739", "type": "Platform_Wall", "height": 13, "material": "other"}}, {"type": "Feature", "geometry": {"type": "Polygon", "coordinates": [[[10.205173924009236, 53.489424373055556], [10.205173924009236, 53.489424373055556], [10.20514587291416, 53.48941070836076], [10.20514587291416, 53.48941070836076], [10.205173924009236, 53.489424373055556]]]}, "properties": {"object_id": "fa555983-d549-4a9d-aca5-20d23c138092", "type": "Platform_Wall", "height": 13, "material": "other"}}, {"type": "Feature", "geometry": {"type": "Polygon", "coordinates": [[[10.205201948271958, 53.48943805732456], [10.205201948271958, 53.48943805732456], [10.20517392400925, 53.489424373055556], [10.20517392400925, 53.489424373055556], [10.205201948271958, 53.48943805732456]]]}, "properties": {"object_id": "bc0b783c-9c18-43c6-9a53-c5b57ed71e07", "type": "Platform_Wall", "height": 13, "material": "other"}}, {"type": "Feature", "geometry": {"type": "Polygon", "coordinates": [[[10.205229945663818, 53.489451761149034], [10.205201948271943, 53.48943805732456], [10.205201948271943, 53.48943805732456], [10.205229945663818, 53.489451761149034], [10.205229945663818, 53.489451761149034]]]}, "properties": {"object_id": "d6af64de-9b6d-4ed0-9682-b0e302d63d94", "type": "Platform_Wall", "height": 13, "material": "other"}}, {"type": "Feature", "geometry": {"type": "Polygon", "coordinates": [[[10.20525791614647, 53.489465484510184], [10.205229945663818, 53.489451761149034], [10.205229945663818, 53.489451761149034], [10.20525791614647, 53.489465484510184], [10.20525791614647, 53.489465484510184]]]}, "properties": {"object_id": "789d966d-d916-439d-a9a0-d468baec8836", "type": "Platform_Wall", "height": 13, "material": "other"}}, {"type": "Feature", "geometry": {"type": "Polygon", "coordinates": [[[10.20528585968157, 53.48947922738919], [10.20525791614647, 53.489465484510184], [10.20525791614647, 53.489465484510184], [10.20528585968157, 53.48947922738919], [10.20528585968157, 53.48947922738919]]]}, "properties": {"object_id": "ffc9ecd8-f9e4-43d6-b075-c1ad42401149", "type": "Platform_Wall", "height": 13, "material": "other"}}, {"type": "Feature", "geometry": {"type": "Polygon", "coordinates": [[[10.20531377623081, 53.48949298976727], [10.20531377623081, 53.48949298976727], [10.205285859681583, 53.4894792273892], [10.205285859681583, 53.4894792273892], [10.20531377623081, 53.48949298976727]]]}, "properties": {"object_id": "24cca946-ee18-4e9c-b48c-83803bbd8203", "type": "Platform_Wall", "height": 13, "material": "other"}}, {"type": "Feature", "geometry": {"type": "Polygon", "coordinates": [[[10.20534166575586, 53.48950677162554], [10.205313776230795, 53.4894929897673], [10.205313776230795, 53.4894929897673], [10.20534166575586, 53.48950677162554], [10.20534166575586, 53.48950677162554]]]}, "properties": {"object_id": "3f593891-7c79-4215-ba1f-41c9f858d66f", "type": "Platform_Wall", "height": 13, "material": "other"}}, {"type": "Feature", "geometry": {"type": "Polygon", "coordinates": [[[10.205369528218558, 53.489520572945146], [10.205341665755874, 53.489506771625564], [10.205341665755874, 53.489506771625564], [10.205369528218558, 53.489520572945146], [10.205369528218558, 53.489520572945146]]]}, "properties": {"object_id": "ea8136b1-081c-438b-81da-cc2e8bba51eb", "type": "Platform_Wall", "height": 13, "material": "other"}}, {"type": "Feature", "geometry": {"type": "Polygon", "coordinates": [[[10.205397363580623, 53.48953439370712], [10.205397363580623, 53.48953439370712], [10.205369528218544, 53.48952057294513], [10.205369528218544, 53.48952057294513], [10.205397363580623, 53.48953439370712]]]}, "properties": {"object_id": "d61d8fba-b360-4eb0-8700-f59cbe6ac011", "type": "Platform_Wall", "height": 13, "material": "other"}}, {"type": "Feature", "geometry": {"type": "Polygon", "coordinates": [[[10.205425171803936, 53.48954823389253], [10.205425171803936, 53.48954823389253], [10.205397363580623, 53.4895343937071], [10.205397363580623, 53.4895343937071], [10.205425171803936, 53.48954823389253]]]}, "properties": {"object_id": "9d73a52f-a3db-4401-a360-f4bc30617446", "type": "Platform_Wall", "height": 13, "material": "other"}}, {"type": "Feature", "geometry": {"type": "Polygon", "coordinates": [[[10.205452952850374, 53.48956209348246], [10.205452952850374, 53.48956209348246], [10.205425171803938, 53.48954823389255], [10.205425171803938, 53.48954823389255], [10.205452952850374, 53.48956209348246]]]}, "properties": {"object_id": "ade91f1a-0334-4717-9c9f-d61b40c20801", "type": "Platform_Wall", "height": 13, "material": "other"}}, {"type": "Feature", "geometry": {"type": "Polygon", "coordinates": [[[10.205145728148864, 53.48930838551238], [10.205174524939071, 53.489321676560145], [10.205174524939071, 53.489321676560145], [10.205145728148864, 53.48930838551238], [10.205145728148864, 53.48930838551238]]]}, "properties": {"object_id": "3d00b1bc-eb3a-46b2-af52-f3394744d612", "type": "Platform_Wall", "height": 13, "material": "other"}}, {"type": "Feature", "geometry": {"type": "Polygon", "coordinates": [[[10.205116900736462, 53.489295118103264], [10.205116900736462, 53.489295118103264], [10.205145728148864, 53.489308385512395], [10.205145728148864, 53.489308385512395], [10.205116900736462, 53.489295118103264]]]}, "properties": {"object_id": "33516884-1c6d-4d60-a6c2-926688fd6247", "type": "Platform_Wall", "height": 13, "material": "other"}}, {"type": "Feature", "geometry": {"type": "Polygon", "coordinates": [[[10.205088042756442, 53.489281874357864], [10.205088042756442, 53.489281874357864], [10.205116900736448, 53.489295118103264], [10.205116900736448, 53.489295118103264], [10.205088042756442, 53.489281874357864]]]}, "properties": {"object_id": "6e6cb94b-934d-4652-b1c3-ce4e44d19241", "type": "Platform_Wall", "height": 13, "material": "other"}}, {"type": "Feature", "geometry": {"type": "Polygon", "coordinates": [[[10.20505915426346, 53.48926865430122], [10.20505915426346, 53.48926865430122], [10.20508804275644, 53.48928187435784], [10.20508804275644, 53.48928187435784], [10.20505915426346, 53.48926865430122]]]}, "properties": {"object_id": "cd75261b-4973-4eae-b921-d6295465d698", "type": "Platform_Wall", "height": 13, "material": "other"}}, {"type": "Feature", "geometry": {"type": "Polygon", "coordinates": [[[10.2050302353122, 53.48925545795846], [10.20505915426346, 53.489268654301235], [10.20505915426346, 53.489268654301235], [10.2050302353122, 53.48925545795846], [10.2050302353122, 53.48925545795846]]]}, "properties": {"object_id": "c799b4f8-7d17-42b6-b899-e9afafa55f30", "type": "Platform_Wall", "height": 13, "material": "other"}}, {"type": "Feature", "geometry": {"type": "Polygon", "coordinates": [[[10.205001285957408, 53.48924228535445], [10.205030235312186, 53.48925545795845], [10.205030235312186, 53.48925545795845], [10.205001285957408, 53.48924228535445], [10.205001285957408, 53.48924228535445]]]}, "properties": {"object_id": "cd9add6b-0f02-40bd-b05a-3d6bb5ba607c", "type": "Platform_Wall", "height": 13, "material": "other"}}, {"type": "Feature", "geometry": {"type": "Polygon", "coordinates": [[[10.204986799895812, 53.48923570796229], [10.205001285957392, 53.48924228535445], [10.205001285957392, 53.48924228535445], [10.204986799895812, 53.48923570796229], [10.204986799895812, 53.48923570796229]]]}, "properties": {"object_id": "4391a4e2-1711-4c71-8f33-2b8c43bb0f46", "type": "Platform_Wall", "height": 13, "material": "other"}}, {"type": "Feature", "geometry": {"type": "Polygon", "coordinates": [[[10.204920502810314, 53.489302097715345], [10.204920502810314, 53.489302097715345], [10.204906360692746, 53.489295351402724], [10.204906360692746, 53.489295351402724], [10.204920502810314, 53.489302097715345]]]}, "properties": {"object_id": "ca64992c-fb24-4ff0-98e9-666960b0b427", "type": "Platform_Wall", "height": 13, "material": "other"}}, {"type": "Feature", "geometry": {"type": "Polygon", "coordinates": [[[10.204948767176862, 53.48931560514465], [10.204920502810285, 53.48930209771536], [10.204920502810285, 53.48930209771536], [10.204948767176862, 53.48931560514465], [10.204948767176862, 53.48931560514465]]]}, "properties": {"object_id": "137b9b82-f0db-420d-a849-302038c7cd98", "type": "Platform_Wall", "height": 13, "material": "other"}}, {"type": "Feature", "geometry": {"type": "Polygon", "coordinates": [[[10.204869124864956, 53.48927752397494], [10.204869124864956, 53.48927752397494], [10.204906360692691, 53.48929535140275], [10.204906360692691, 53.48929535140275], [10.204869124864956, 53.48927752397494]]]}, "properties": {"object_id": "67854123-2fd9-4cb0-9528-72730c3ef7a0", "type": "Platform_Wall", "height": 13, "material": "other"}}, {"type": "Feature", "geometry": {"type": "Polygon", "coordinates": [[[10.204831827729139, 53.48925972493392], [10.204831827729139, 53.48925972493392], [10.204869124864956, 53.489277523974955], [10.204869124864956, 53.489277523974955], [10.204831827729139, 53.48925972493392]]]}, "properties": {"object_id": "e0a8cf81-353f-4d38-ae70-bcb543c0363c", "type": "Platform_Wall", "height": 13, "material": "other"}}, {"type": "Feature", "geometry": {"type": "Polygon", "coordinates": [[[10.204130878276953, 53.488934864478324], [10.204130878276953, 53.488934864478324], [10.204235055584485, 53.4889824441168], [10.204235055584485, 53.4889824441168], [10.204130878276953, 53.488934864478324]]]}, "properties": {"object_id": "ceb466fc-e1eb-4569-b796-2778a6d83414", "type": "Platform_Wall", "height": 13, "material": "other"}}, {"type": "Feature", "geometry": {"type": "Polygon", "coordinates": [[[10.204757096889427, 53.48922422894274], [10.204757096889427, 53.48922422894274], [10.204794485041548, 53.48924195990937], [10.204794485041548, 53.48924195990937], [10.204757096889427, 53.48922422894274]]]}, "properties": {"object_id": "e6b7f4c0-ed3f-402a-9bd3-6884a4580f04", "type": "Platform_Wall", "height": 13, "material": "other"}}, {"type": "Feature", "geometry": {"type": "Polygon", "coordinates": [[[10.204719663360201, 53.48920653207549], [10.204719663360201, 53.48920653207549], [10.204757096889427, 53.48922422894274], [10.204757096889427, 53.48922422894274], [10.204719663360201, 53.48920653207549]]]}, "properties": {"object_id": "1336917a-63ad-4129-a351-01d9ed1b41ed", "type": "Platform_Wall", "height": 13, "material": "other"}}, {"type": "Feature", "geometry": {"type": "Polygon", "coordinates": [[[10.204682184541303, 53.489188869348936], [10.204682184541303, 53.489188869348936], [10.204719663360185, 53.48920653207548], [10.204719663360185, 53.48920653207548], [10.204682184541303, 53.489188869348936]]]}, "properties": {"object_id": "a3cda28c-48bd-475e-bef7-c36396660dea", "type": "Platform_Wall", "height": 13, "material": "other"}}, {"type": "Feature", "geometry": {"type": "Polygon", "coordinates": [[[10.204644660520382, 53.48917124080432], [10.204644660520382, 53.48917124080432], [10.204682184541328, 53.48918886934893], [10.204682184541328, 53.48918886934893], [10.204644660520382, 53.48917124080432]]]}, "properties": {"object_id": "3005492c-ee32-4e61-a819-760a4661a199", "type": "Platform_Wall", "height": 13, "material": "other"}}, {"type": "Feature", "geometry": {"type": "Polygon", "coordinates": [[[10.204607091385087, 53.48915364648283], [10.204607091385087, 53.48915364648283], [10.20464466052037, 53.48917124080433], [10.20464466052037, 53.48917124080433], [10.204607091385087, 53.48915364648283]]]}, "properties": {"object_id": "2a26808e-54fd-4cb8-a595-28818ae31647", "type": "Platform_Wall", "height": 13, "material": "other"}}, {"type": "Feature", "geometry": {"type": "Polygon", "coordinates": [[[10.204569477223211, 53.48913608642559], [10.204569477223211, 53.48913608642559], [10.204607091385057, 53.48915364648284], [10.204607091385057, 53.48915364648284], [10.204569477223211, 53.48913608642559]]]}, "properties": {"object_id": "b5fe1b62-3bc0-470d-815d-cf9e7634b6fe", "type": "Platform_Wall", "height": 13, "material": "other"}}, {"type": "Feature", "geometry": {"type": "Polygon", "coordinates": [[[10.20453181812271, 53.48911856067355], [10.20453181812271, 53.48911856067355], [10.204569477223227, 53.48913608642559], [10.204569477223227, 53.48913608642559], [10.20453181812271, 53.48911856067355]]]}, "properties": {"object_id": "ec968b0f-a0f8-4ac3-bb6b-fff530c06b45", "type": "Platform_Wall", "height": 13, "material": "other"}}, {"type": "Feature", "geometry": {"type": "Polygon", "coordinates": [[[10.204494114171553, 53.48910106926767], [10.204494114171553, 53.48910106926767], [10.20453181812271, 53.48911856067355], [10.20453181812271, 53.48911856067355], [10.204494114171553, 53.48910106926767]]]}, "properties": {"object_id": "fb4c8697-dcc8-4087-8c56-0ca4088901ab", "type": "Platform_Wall", "height": 13, "material": "other"}}, {"type": "Feature", "geometry": {"type": "Polygon", "coordinates": [[[10.204456365457863, 53.48908361224881], [10.204456365457863, 53.48908361224881], [10.204494114171553, 53.489101069267655], [10.204494114171553, 53.489101069267655], [10.204456365457863, 53.48908361224881]]]}, "properties": {"object_id": "e36a8e0a-9e20-497e-bb23-d4c4373ee4db", "type": "Platform_Wall", "height": 13, "material": "other"}}, {"type": "Feature", "geometry": {"type": "Polygon", "coordinates": [[[10.20441857206984, 53.489066189657734], [10.20441857206984, 53.489066189657734], [10.204456365457863, 53.48908361224881], [10.204456365457863, 53.48908361224881], [10.20441857206984, 53.489066189657734]]]}, "properties": {"object_id": "c9bb995d-c87f-4862-ad8d-0b457f2215f4", "type": "Platform_Wall", "height": 13, "material": "other"}}, {"type": "Feature", "geometry": {"type": "Polygon", "coordinates": [[[10.204380734095857, 53.489048801535155], [10.204380734095857, 53.489048801535155], [10.20441857206984, 53.489066189657734], [10.20441857206984, 53.489066189657734], [10.204380734095857, 53.489048801535155]]]}, "properties": {"object_id": "276ec94e-cf4a-433c-b079-0e2ed2c6c72f", "type": "Platform_Wall", "height": 13, "material": "other"}}, {"type": "Feature", "geometry": {"type": "Polygon", "coordinates": [[[10.204342851624292, 53.489031447921654], [10.204342851624292, 53.489031447921654], [10.204380734095857, 53.48904880153513], [10.204380734095857, 53.48904880153513], [10.204342851624292, 53.489031447921654]]]}, "properties": {"object_id": "63a7cddc-4110-42a5-b26f-3a4ca1c6d685", "type": "Platform_Wall", "height": 13, "material": "other"}}, {"type": "Feature", "geometry": {"type": "Polygon", "coordinates": [[[10.204304924743699, 53.48901412885778], [10.204304924743699, 53.48901412885778], [10.204342851624292, 53.489031447921654], [10.204342851624292, 53.489031447921654], [10.204304924743699, 53.48901412885778]]]}, "properties": {"object_id": "3bcb8921-173f-4a2b-9541-c12580d89edb", "type": "Platform_Wall", "height": 13, "material": "other"}}, {"type": "Feature", "geometry": {"type": "Polygon", "coordinates": [[[10.204266953542678, 53.48899684438396], [10.204266953542678, 53.48899684438396], [10.204304924743681, 53.48901412885778], [10.204304924743681, 53.48901412885778], [10.204266953542678, 53.48899684438396]]]}, "properties": {"object_id": "62dde267-57a9-44ab-83db-fb50d828803e", "type": "Platform_Wall", "height": 13, "material": "other"}}, {"type": "Feature", "geometry": {"type": "Polygon", "coordinates": [[[10.204235055584428, 53.48898244411682], [10.204235055584428, 53.48898244411682], [10.204266953542678, 53.488996844383955], [10.204266953542678, 53.488996844383955], [10.204235055584428, 53.48898244411682]]]}, "properties": {"object_id": "8317349d-3e4b-4bef-9064-ca10f4197e94", "type": "Platform_Wall", "height": 13, "material": "other"}}, {"type": "Feature", "geometry": {"type": "Polygon", "coordinates": [[[10.205174524939071, 53.489321676560145], [10.20520329105256, 53.48933499122139], [10.20520329105256, 53.48933499122139], [10.205174524939071, 53.489321676560145], [10.205174524939071, 53.489321676560145]]]}, "properties": {"object_id": "b9b2ca32-7a2d-47f7-910c-3c2dfda7c513", "type": "Platform_Wall", "height": 13, "material": "other"}}, {"type": "Feature", "geometry": {"type": "Polygon", "coordinates": [[[10.204977005019748, 53.48932913229715], [10.204948767176862, 53.489315605144625], [10.204948767176862, 53.489315605144625], [10.204977005019748, 53.48932913229715], [10.204977005019748, 53.48932913229715]]]}, "properties": {"object_id": "e6cf2a78-2961-4520-9494-4c19afa19f45", "type": "Platform_Wall", "height": 13, "material": "other"}}, {"type": "Feature", "geometry": {"type": "Polygon", "coordinates": [[[10.204794485041534, 53.489241959909364], [10.204831827729153, 53.48925972493391], [10.204831827729153, 53.48925972493391], [10.204794485041534, 53.489241959909364], [10.204794485041534, 53.489241959909364]]]}, "properties": {"object_id": "7859ee2f-d524-4512-99a8-3ece2b92ca84", "type": "Platform_Wall", "height": 13, "material": "other"}}, {"type": "Feature", "geometry": {"type": "Polygon", "coordinates": [[[10.206914992137138, 53.49007544424881], [10.206914992137138, 53.49007544424881], [10.206986121045535, 53.49011093020277], [10.206986121045535, 53.49011093020277], [10.206914992137138, 53.49007544424881]]]}, "properties": {"object_id": "6993e39e-a1ed-4a73-9e57-7fb663c9a99e", "type": "Platform_Wall", "height": 46, "material": "other"}}, {"type": "Feature", "geometry": {"type": "Polygon", "coordinates": [[[10.20692735266042, 53.489981626724564], [10.206856694158532, 53.489945760644716], [10.206856694158532, 53.489945760644716], [10.20692735266042, 53.489981626724564], [10.20692735266042, 53.489981626724564]]]}, "properties": {"object_id": "35ff2062-cf29-4fce-bb21-59b493939e75", "type": "Platform_Wall", "height": 46, "material": "other"}}, {"type": "Feature", "geometry": {"type": "Polygon", "coordinates": [[[10.208227826181323, 53.49072930010606], [10.208294716918532, 53.49076271752671], [10.208294716918532, 53.49076271752671], [10.208227826181323, 53.49072930010606], [10.208227826181323, 53.49072930010606]]]}, "properties": {"object_id": "722f5aaa-da9b-47e0-b3c8-7b3cf1f536d4", "type": "Platform_Wall", "height": 46, "material": "other"}}, {"type": "Feature", "geometry": {"type": "Polygon", "coordinates": [[[10.208363574497868, 53.4907146821273], [10.208363574497868, 53.4907146821273], [10.208297495485818, 53.49068071780426], [10.208297495485818, 53.49068071780426], [10.208363574497868, 53.4907146821273]]]}, "properties": {"object_id": "8540c606-2eca-452a-90ac-59e2115fda56", "type": "Platform_Wall", "height": 46, "material": "other"}}, {"type": "Feature", "geometry": {"type": "Polygon", "coordinates": [[[10.208429649891801, 53.49074864898947], [10.208429649891801, 53.49074864898947], [10.208363574497868, 53.49071468212727], [10.208363574497868, 53.49071468212727], [10.208429649891801, 53.49074864898947]]]}, "properties": {"object_id": "e455d692-7213-459a-a95d-9536a7e87d28", "type": "Platform_Wall", "height": 46, "material": "other"}}, {"type": "Feature", "geometry": {"type": "Polygon", "coordinates": [[[10.208495721667342, 53.490782618390746], [10.208495721667342, 53.490782618390746], [10.208429649891787, 53.490748648989474], [10.208429649891787, 53.490748648989474], [10.208495721667342, 53.490782618390746]]]}, "properties": {"object_id": "78216a0d-d644-40c0-9f7a-10a499e69a4a", "type": "Platform_Wall", "height": 46, "material": "other"}}, {"type": "Feature", "geometry": {"type": "Polygon", "coordinates": [[[10.208561789824243, 53.49081659033094], [10.208495721667356, 53.49078261839075], [10.208495721667356, 53.49078261839075], [10.208561789824243, 53.49081659033094], [10.208561789824243, 53.49081659033094]]]}, "properties": {"object_id": "7026ca85-1e1a-4cd1-9ac6-7591870af74d", "type": "Platform_Wall", "height": 46, "material": "other"}}, {"type": "Feature", "geometry": {"type": "Polygon", "coordinates": [[[10.208627854362202, 53.490850564809875], [10.208627854362202, 53.490850564809875], [10.208561789824243, 53.49081659033094], [10.208561789824243, 53.49081659033094], [10.208627854362202, 53.490850564809875]]]}, "properties": {"object_id": "1c717e26-5736-48ef-a76d-bade3334202e", "type": "Platform_Wall", "height": 46, "material": "other"}}, {"type": "Feature", "geometry": {"type": "Polygon", "coordinates": [[[10.208693915280934, 53.490884541827455], [10.208693915280934, 53.490884541827455], [10.208627854362202, 53.490850564809875], [10.208627854362202, 53.490850564809875], [10.208693915280934, 53.490884541827455]]]}, "properties": {"object_id": "89defddc-a00c-48b9-90d7-b48d015d4c48", "type": "Platform_Wall", "height": 46, "material": "other"}}, {"type": "Feature", "geometry": {"type": "Polygon", "coordinates": [[[10.208759972580154, 53.49091852138352], [10.208759972580154, 53.49091852138352], [10.208693915280916, 53.49088454182744], [10.208693915280916, 53.49088454182744], [10.208759972580154, 53.49091852138352]]]}, "properties": {"object_id": "b3ae5a8e-59cb-474b-ace8-0cf13f6e6d7b", "type": "Platform_Wall", "height": 46, "material": "other"}}, {"type": "Feature", "geometry": {"type": "Polygon", "coordinates": [[[10.208826026259613, 53.49095250347797], [10.208826026259613, 53.49095250347797], [10.208759972580152, 53.490918521383534], [10.208759972580152, 53.490918521383534], [10.208826026259613, 53.49095250347797]]]}, "properties": {"object_id": "73785ce0-9686-4470-94b0-11b732ab7684", "type": "Platform_Wall", "height": 46, "material": "other"}}, {"type": "Feature", "geometry": {"type": "Polygon", "coordinates": [[[10.208892076318989, 53.49098648811063], [10.208892076318989, 53.49098648811063], [10.2088260262596, 53.49095250347796], [10.2088260262596, 53.49095250347796], [10.208892076318989, 53.49098648811063]]]}, "properties": {"object_id": "772c4651-2968-4426-8537-fbc87cbf4d67", "type": "Platform_Wall", "height": 46, "material": "other"}}, {"type": "Feature", "geometry": {"type": "Polygon", "coordinates": [[[10.208958122758055, 53.49102047528137], [10.208892076319005, 53.49098648811063], [10.208892076319005, 53.49098648811063], [10.208958122758055, 53.49102047528137], [10.208958122758055, 53.49102047528137]]]}, "properties": {"object_id": "9ec05042-fd93-4d68-ac4b-bd2a338d9a67", "type": "Platform_Wall", "height": 46, "material": "other"}}, {"type": "Feature", "geometry": {"type": "Polygon", "coordinates": [[[10.209024165576512, 53.49105446499003], [10.20895812275807, 53.49102047528136], [10.20895812275807, 53.49102047528136], [10.209024165576512, 53.49105446499003], [10.209024165576512, 53.49105446499003]]]}, "properties": {"object_id": "df096d95-baa7-49e6-bef4-6f5ed4f186b3", "type": "Platform_Wall", "height": 46, "material": "other"}}, {"type": "Feature", "geometry": {"type": "Polygon", "coordinates": [[[10.209090204774068, 53.49108845723653], [10.209024165576512, 53.49105446499003], [10.209024165576512, 53.49105446499003], [10.209090204774068, 53.49108845723653], [10.209090204774068, 53.49108845723653]]]}, "properties": {"object_id": "b5e22c7c-74d1-451f-85ba-3b2ee29811f8", "type": "Platform_Wall", "height": 46, "material": "other"}}, {"type": "Feature", "geometry": {"type": "Polygon", "coordinates": [[[10.209156240350442, 53.49112245202067], [10.209156240350442, 53.49112245202067], [10.209090204774066, 53.49108845723655], [10.209090204774066, 53.49108845723655], [10.209156240350442, 53.49112245202067]]]}, "properties": {"object_id": "e4aecbbb-7508-40c1-a78b-22548fdc3017", "type": "Platform_Wall", "height": 46, "material": "other"}}, {"type": "Feature", "geometry": {"type": "Polygon", "coordinates": [[[10.20922227230535, 53.49115644934233], [10.20922227230535, 53.49115644934233], [10.209156240350442, 53.49112245202067], [10.209156240350442, 53.49112245202067], [10.20922227230535, 53.49115644934233]]]}, "properties": {"object_id": "e92233ec-19ff-40f6-a558-3b405d27be6d", "type": "Platform_Wall", "height": 46, "material": "other"}}, {"type": "Feature", "geometry": {"type": "Polygon", "coordinates": [[[10.20928830063857, 53.491190449201355], [10.209222272305379, 53.49115644934233], [10.209222272305379, 53.49115644934233], [10.20928830063857, 53.491190449201355], [10.20928830063857, 53.491190449201355]]]}, "properties": {"object_id": "bd783454-4d3d-40f8-baa9-d6368638f555", "type": "Platform_Wall", "height": 46, "material": "other"}}, {"type": "Feature", "geometry": {"type": "Polygon", "coordinates": [[[10.209354325349734, 53.491224451597645], [10.209354325349734, 53.491224451597645], [10.209288300638557, 53.491190449201355], [10.209288300638557, 53.491190449201355], [10.209354325349734, 53.491224451597645]]]}, "properties": {"object_id": "67e69fd7-e3db-40d1-86e3-e152300064e5", "type": "Platform_Wall", "height": 46, "material": "other"}}, {"type": "Feature", "geometry": {"type": "Polygon", "coordinates": [[[10.209420346438643, 53.49125845653104], [10.209420346438643, 53.49125845653104], [10.209354325349734, 53.491224451597645], [10.209354325349734, 53.491224451597645], [10.209420346438643, 53.49125845653104]]]}, "properties": {"object_id": "5b8cc97f-ee00-45b4-b397-5578940a4be7", "type": "Platform_Wall", "height": 46, "material": "other"}}, {"type": "Feature", "geometry": {"type": "Polygon", "coordinates": [[[10.209586986572189, 53.49134429077749], [10.209420346438645, 53.49125845653106], [10.209420346438645, 53.49125845653106], [10.209586986572189, 53.49134429077749], [10.209586986572189, 53.49134429077749]]]}, "properties": {"object_id": "0c715de6-82cc-4349-b509-dcb4cbf5a15c", "type": "Platform_Wall", "height": 46, "material": "other"}}, {"type": "Feature", "geometry": {"type": "Polygon", "coordinates": [[[10.209537656729157, 53.49137894166635], [10.209537656729157, 53.49137894166635], [10.209586986572189, 53.49134429077749], [10.209586986572189, 53.49134429077749], [10.209537656729157, 53.49137894166635]]]}, "properties": {"object_id": "6b132475-8fe9-4e47-8576-52f7dfbab404", "type": "Platform_Wall", "height": 46, "material": "other"}}, {"type": "Feature", "geometry": {"type": "Polygon", "coordinates": [[[10.209536079164296, 53.491378167767714], [10.209537656729156, 53.49137894166634], [10.209537656729156, 53.49137894166634], [10.209536079164296, 53.491378167767714], [10.209536079164296, 53.491378167767714]]]}, "properties": {"object_id": "29200820-4448-40b8-be61-4a94181153fb", "type": "Platform_Wall", "height": 46, "material": "other"}}, {"type": "Feature", "geometry": {"type": "Polygon", "coordinates": [[[10.20946879064211, 53.491345034925004], [10.20946879064211, 53.491345034925004], [10.209536079164296, 53.491378167767714], [10.209536079164296, 53.491378167767714], [10.20946879064211, 53.491345034925004]]]}, "properties": {"object_id": "24cf13f8-63f0-47fe-b65d-86d7831ace76", "type": "Platform_Wall", "height": 46, "material": "other"}}, {"type": "Feature", "geometry": {"type": "Polygon", "coordinates": [[[10.20936789801554, 53.49129530673931], [10.20936789801554, 53.49129530673931], [10.20946879064211, 53.491345034925004], [10.20946879064211, 53.491345034925004], [10.20936789801554, 53.49129530673931]]]}, "properties": {"object_id": "6160aa3e-3985-4fe3-ad10-a95f3ee676cf", "type": "Platform_Wall", "height": 46, "material": "other"}}, {"type": "Feature", "geometry": {"type": "Polygon", "coordinates": [[[10.209300663050099, 53.491262135341586], [10.209300663050099, 53.491262135341586], [10.20936789801554, 53.49129530673931], [10.20936789801554, 53.49129530673931], [10.209300663050099, 53.491262135341586]]]}, "properties": {"object_id": "1c66fd16-b2d5-4398-bbfc-9d2c10e44fa3", "type": "Platform_Wall", "height": 46, "material": "other"}}, {"type": "Feature", "geometry": {"type": "Polygon", "coordinates": [[[10.20923344952472, 53.4912289485305], [10.209300663050099, 53.491262135341586], [10.209300663050099, 53.491262135341586], [10.20923344952472, 53.4912289485305], [10.20923344952472, 53.4912289485305]]]}, "properties": {"object_id": "547fdc80-15af-44b4-8b4e-4954864585b4", "type": "Platform_Wall", "height": 46, "material": "other"}}, {"type": "Feature", "geometry": {"type": "Polygon", "coordinates": [[[10.209166257449304, 53.49119574631093], [10.20923344952472, 53.4912289485305], [10.20923344952472, 53.4912289485305], [10.209166257449304, 53.49119574631093], [10.209166257449304, 53.49119574631093]]]}, "properties": {"object_id": "be3ee6c8-d71e-4c52-a4db-75a1761d6c2b", "type": "Platform_Wall", "height": 46, "material": "other"}}, {"type": "Feature", "geometry": {"type": "Polygon", "coordinates": [[[10.209099086833765, 53.491162528687795], [10.209166257449317, 53.49119574631093], [10.209166257449317, 53.49119574631093], [10.209099086833765, 53.491162528687795], [10.209099086833765, 53.491162528687795]]]}, "properties": {"object_id": "d6e985ca-27c4-4e3a-a156-19dbe9799ff4", "type": "Platform_Wall", "height": 46, "material": "other"}}, {"type": "Feature", "geometry": {"type": "Polygon", "coordinates": [[[10.209031937687973, 53.49112929566602], [10.209031937687973, 53.49112929566602], [10.209099086833765, 53.49116252868778], [10.209099086833765, 53.49116252868778], [10.209031937687973, 53.49112929566602]]]}, "properties": {"object_id": "230ef674-69f4-4886-846a-518a6cfda87f", "type": "Platform_Wall", "height": 46, "material": "other"}}, {"type": "Feature", "geometry": {"type": "Polygon", "coordinates": [[[10.208964810021872, 53.49109604725058], [10.208964810021872, 53.49109604725058], [10.209031937687975, 53.491129295666056], [10.209031937687975, 53.491129295666056], [10.208964810021872, 53.49109604725058]]]}, "properties": {"object_id": "b758b7a8-eb14-4837-a49a-4ed1a62ab490", "type": "Platform_Wall", "height": 46, "material": "other"}}, {"type": "Feature", "geometry": {"type": "Polygon", "coordinates": [[[10.208897703845327, 53.49106278344634], [10.208897703845327, 53.49106278344634], [10.208964810021856, 53.49109604725058], [10.208964810021856, 53.49109604725058], [10.208897703845327, 53.49106278344634]]]}, "properties": {"object_id": "04343093-5cf2-4494-9442-511bb780b09d", "type": "Platform_Wall", "height": 46, "material": "other"}}, {"type": "Feature", "geometry": {"type": "Polygon", "coordinates": [[[10.208830619168282, 53.49102950425822], [10.208897703845354, 53.49106278344634], [10.208897703845354, 53.49106278344634], [10.208830619168282, 53.49102950425822], [10.208830619168282, 53.49102950425822]]]}, "properties": {"object_id": "5aada90a-fb72-412c-a851-fdf9e1821b3c", "type": "Platform_Wall", "height": 46, "material": "other"}}, {"type": "Feature", "geometry": {"type": "Polygon", "coordinates": [[[10.208763556000559, 53.4909962096912], [10.208830619168282, 53.49102950425822], [10.208830619168282, 53.49102950425822], [10.208763556000559, 53.4909962096912], [10.208763556000559, 53.4909962096912]]]}, "properties": {"object_id": "4fa659a7-0e85-4116-928d-aa324b94431e", "type": "Platform_Wall", "height": 46, "material": "other"}}, {"type": "Feature", "geometry": {"type": "Polygon", "coordinates": [[[10.208696514352093, 53.490962899750166], [10.208763556000575, 53.49099620969118], [10.208763556000575, 53.49099620969118], [10.208696514352093, 53.490962899750166], [10.208696514352093, 53.490962899750166]]]}, "properties": {"object_id": "0b14ff40-67c0-400d-946b-4391b8072bbf", "type": "Platform_Wall", "height": 46, "material": "other"}}, {"type": "Feature", "geometry": {"type": "Polygon", "coordinates": [[[10.208629494232733, 53.49092957444009], [10.208696514352091, 53.49096289975014], [10.208696514352091, 53.49096289975014], [10.208629494232733, 53.49092957444009], [10.208629494232733, 53.49092957444009]]]}, "properties": {"object_id": "356ec2f2-bd1e-4bf6-a4d7-dd7067d86422", "type": "Platform_Wall", "height": 46, "material": "other"}}, {"type": "Feature", "geometry": {"type": "Polygon", "coordinates": [[[10.208562495652394, 53.490896233765866], [10.208629494232733, 53.49092957444009], [10.208629494232733, 53.49092957444009], [10.208562495652394, 53.490896233765866], [10.208562495652394, 53.490896233765866]]]}, "properties": {"object_id": "524e3933-e232-4a43-9081-d549cf551500", "type": "Platform_Wall", "height": 46, "material": "other"}}, {"type": "Feature", "geometry": {"type": "Polygon", "coordinates": [[[10.208495518620914, 53.49086287773251], [10.208562495652396, 53.49089623376589], [10.208562495652396, 53.49089623376589], [10.208495518620914, 53.49086287773251], [10.208495518620914, 53.49086287773251]]]}, "properties": {"object_id": "d5aae2ff-58df-45ae-a65d-b481d037107d", "type": "Platform_Wall", "height": 46, "material": "other"}}, {"type": "Feature", "geometry": {"type": "Polygon", "coordinates": [[[10.208428563148214, 53.4908295063449], [10.208428563148214, 53.4908295063449], [10.208495518620914, 53.49086287773251], [10.208495518620914, 53.49086287773251], [10.208428563148214, 53.4908295063449]]]}, "properties": {"object_id": "c4917014-f56e-41f8-921f-cc1f4793ba8b", "type": "Platform_Wall", "height": 46, "material": "other"}}, {"type": "Feature", "geometry": {"type": "Polygon", "coordinates": [[[10.208361629244122, 53.49079611960797], [10.208361629244122, 53.49079611960797], [10.208428563148198, 53.49082950634489], [10.208428563148198, 53.49082950634489], [10.208361629244122, 53.49079611960797]]]}, "properties": {"object_id": "5ebe7856-7dd1-40ad-abc4-0347b1814bbd", "type": "Platform_Wall", "height": 46, "material": "other"}}, {"type": "Feature", "geometry": {"type": "Polygon", "coordinates": [[[10.208294716918534, 53.49076271752672], [10.208361629244123, 53.490796119607985], [10.208361629244123, 53.490796119607985], [10.208294716918534, 53.49076271752672], [10.208294716918534, 53.49076271752672]]]}, "properties": {"object_id": "da8dfe06-259c-4075-b955-d254464d3c4c", "type": "Platform_Wall", "height": 46, "material": "other"}}, {"type": "Feature", "geometry": {"type": "Polygon", "coordinates": [[[10.208297495485665, 53.490680717804324], [10.208054931287029, 53.49055755345561], [10.208054931287029, 53.49055755345561], [10.208297495485665, 53.490680717804324], [10.208297495485665, 53.490680717804324]]]}, "properties": {"object_id": "b45b6c6a-f893-4869-897f-859ec02ea5ed", "type": "Platform_Wall", "height": 46, "material": "other"}}, {"type": "Feature", "geometry": {"type": "Polygon", "coordinates": [[[10.207982662354022, 53.49060721216691], [10.207982662354022, 53.49060721216691], [10.208227826181322, 53.49072930010602], [10.208227826181322, 53.49072930010602], [10.207982662354022, 53.49060721216691]]]}, "properties": {"object_id": "f182d84d-8f48-44ef-8867-892557c748d3", "type": "Platform_Wall", "height": 46, "material": "other"}}, {"type": "Feature", "geometry": {"type": "Polygon", "coordinates": [[[10.207911435262801, 53.49057179574663], [10.207911435262801, 53.49057179574663], [10.207982662354022, 53.49060721216695], [10.207982662354022, 53.49060721216695], [10.207911435262801, 53.49057179574663]]]}, "properties": {"object_id": "6283ec92-f297-494c-836d-863c0fcd9e69", "type": "Platform_Wall", "height": 46, "material": "other"}}, {"type": "Feature", "geometry": {"type": "Polygon", "coordinates": [[[10.207840215178356, 53.49053637435649], [10.207840215178356, 53.49053637435649], [10.207911435262801, 53.49057179574663], [10.207911435262801, 53.49057179574663], [10.207840215178356, 53.49053637435649]]]}, "properties": {"object_id": "26b63c7a-94a8-4b54-9c36-b5f895984eb6", "type": "Platform_Wall", "height": 46, "material": "other"}}, {"type": "Feature", "geometry": {"type": "Polygon", "coordinates": [[[10.207697796033669, 53.490465516668515], [10.207697796033669, 53.490465516668515], [10.207769002101653, 53.490500947996956], [10.207769002101653, 53.490500947996956], [10.207697796033669, 53.490465516668515]]]}, "properties": {"object_id": "f68634ea-5151-43bc-aa8b-1380f7233a67", "type": "Platform_Wall", "height": 46, "material": "other"}}, {"type": "Feature", "geometry": {"type": "Polygon", "coordinates": [[[10.20762659697536, 53.490430080371674], [10.20762659697536, 53.490430080371674], [10.207697796033669, 53.490465516668515], [10.207697796033669, 53.490465516668515], [10.20762659697536, 53.490430080371674]]]}, "properties": {"object_id": "3e7bb36e-3324-4a26-a5ea-8667b24434c4", "type": "Platform_Wall", "height": 46, "material": "other"}}, {"type": "Feature", "geometry": {"type": "Polygon", "coordinates": [[[10.207555404927707, 53.49039463910693], [10.207555404927707, 53.49039463910693], [10.207626596975375, 53.490430080371674], [10.207626596975375, 53.490430080371674], [10.207555404927707, 53.49039463910693]]]}, "properties": {"object_id": "e43ab5ce-bc3a-4cc8-856a-8c40be857f0a", "type": "Platform_Wall", "height": 46, "material": "other"}}, {"type": "Feature", "geometry": {"type": "Polygon", "coordinates": [[[10.207484219891658, 53.49035919287474], [10.207555404927707, 53.49039463910693], [10.207555404927707, 53.49039463910693], [10.207484219891658, 53.49035919287474], [10.207484219891658, 53.49035919287474]]]}, "properties": {"object_id": "e8446fd7-c377-45af-b022-91aea49011bd", "type": "Platform_Wall", "height": 46, "material": "other"}}, {"type": "Feature", "geometry": {"type": "Polygon", "coordinates": [[[10.207413041868197, 53.49032374167563], [10.207413041868197, 53.49032374167563], [10.207484219891672, 53.49035919287475], [10.207484219891672, 53.49035919287475], [10.207413041868197, 53.49032374167563]]]}, "properties": {"object_id": "838cfe60-4a2d-4abe-b49d-9013ef631696", "type": "Platform_Wall", "height": 46, "material": "other"}}, {"type": "Feature", "geometry": {"type": "Polygon", "coordinates": [[[10.207341870858276, 53.49028828551008], [10.207413041868197, 53.49032374167562], [10.207413041868197, 53.49032374167562], [10.207341870858276, 53.49028828551008], [10.207341870858276, 53.49028828551008]]]}, "properties": {"object_id": "4ea2dea2-817e-4652-b904-d65ac295dbd5", "type": "Platform_Wall", "height": 46, "material": "other"}}, {"type": "Feature", "geometry": {"type": "Polygon", "coordinates": [[[10.207270706862845, 53.49025282437857], [10.207341870858262, 53.490288285510076], [10.207341870858262, 53.490288285510076], [10.207270706862845, 53.49025282437857], [10.207270706862845, 53.49025282437857]]]}, "properties": {"object_id": "088b04d4-6305-4afa-90c9-b200726b0abd", "type": "Platform_Wall", "height": 46, "material": "other"}}, {"type": "Feature", "geometry": {"type": "Polygon", "coordinates": [[[10.207199549882889, 53.49021735828161], [10.207199549882889, 53.49021735828161], [10.207270706862845, 53.49025282437857], [10.207270706862845, 53.49025282437857], [10.207199549882889, 53.49021735828161]]]}, "properties": {"object_id": "ec6e7d0f-2a6b-498e-937b-cf9d14284cfb", "type": "Platform_Wall", "height": 46, "material": "other"}}, {"type": "Feature", "geometry": {"type": "Polygon", "coordinates": [[[10.207128399919386, 53.49018188721963], [10.207128399919386, 53.49018188721963], [10.207199549882889, 53.49021735828161], [10.207199549882889, 53.49021735828161], [10.207128399919386, 53.49018188721963]]]}, "properties": {"object_id": "8de87dd9-2e7d-4e36-b8ae-2e9d42f569c3", "type": "Platform_Wall", "height": 46, "material": "other"}}, {"type": "Feature", "geometry": {"type": "Polygon", "coordinates": [[[10.207057256973288, 53.49014641119321], [10.207057256973288, 53.49014641119321], [10.207128399919387, 53.49018188721963], [10.207128399919387, 53.49018188721963], [10.207057256973288, 53.49014641119321]]]}, "properties": {"object_id": "c6b24edc-3e88-4b15-9c93-ea3a67da4278", "type": "Platform_Wall", "height": 46, "material": "other"}}, {"type": "Feature", "geometry": {"type": "Polygon", "coordinates": [[[10.20698612104555, 53.49011093020275], [10.207057256973286, 53.49014641119319], [10.207057256973286, 53.49014641119319], [10.20698612104555, 53.49011093020275], [10.20698612104555, 53.49011093020275]]]}, "properties": {"object_id": "d1fc46e9-ecd6-4e22-80c4-2b7134a7bc85", "type": "Platform_Wall", "height": 46, "material": "other"}}, {"type": "Feature", "geometry": {"type": "Polygon", "coordinates": [[[10.206997989463, 53.490017508044446], [10.206997989463, 53.490017508044446], [10.206927352660404, 53.489981626724564], [10.206927352660404, 53.489981626724564], [10.206997989463, 53.490017508044446]]]}, "properties": {"object_id": "9bdbb034-b328-4c29-a41d-ea191c6f21e0", "type": "Platform_Wall", "height": 46, "material": "other"}}, {"type": "Feature", "geometry": {"type": "Polygon", "coordinates": [[[10.207068604557023, 53.49005340459964], [10.206997989463014, 53.490017508044446], [10.206997989463014, 53.490017508044446], [10.207068604557023, 53.49005340459964], [10.207068604557023, 53.49005340459964]]]}, "properties": {"object_id": "627e9143-d169-4c73-b873-119681734106", "type": "Platform_Wall", "height": 46, "material": "other"}}, {"type": "Feature", "geometry": {"type": "Polygon", "coordinates": [[[10.2071391979332, 53.49008931638553], [10.207068604557023, 53.49005340459964], [10.207068604557023, 53.49005340459964], [10.2071391979332, 53.49008931638553], [10.2071391979332, 53.49008931638553]]]}, "properties": {"object_id": "37e5f4b3-c48f-48d7-a039-03ef5db07584", "type": "Platform_Wall", "height": 46, "material": "other"}}, {"type": "Feature", "geometry": {"type": "Polygon", "coordinates": [[[10.20720976958225, 53.49012524339732], [10.207139197933186, 53.490089316385514], [10.207139197933186, 53.490089316385514], [10.20720976958225, 53.49012524339732], [10.20720976958225, 53.49012524339732]]]}, "properties": {"object_id": "bee2adf1-7911-4170-a5bf-b3444b5bde79", "type": "Platform_Wall", "height": 46, "material": "other"}}, {"type": "Feature", "geometry": {"type": "Polygon", "coordinates": [[[10.207280319494945, 53.490161185630434], [10.207280319494945, 53.490161185630434], [10.207209769582263, 53.49012524339734], [10.207209769582263, 53.49012524339734], [10.207280319494945, 53.490161185630434]]]}, "properties": {"object_id": "c0487475-4ee4-4ba3-ac86-722ca3395227", "type": "Platform_Wall", "height": 46, "material": "other"}}, {"type": "Feature", "geometry": {"type": "Polygon", "coordinates": [[[10.207350847661987, 53.49019714308013], [10.207350847661987, 53.49019714308013], [10.207280319494945, 53.490161185630434], [10.207280319494945, 53.490161185630434], [10.207350847661987, 53.49019714308013]]]}, "properties": {"object_id": "086a1a7d-72f1-487d-af08-621f425473c7", "type": "Platform_Wall", "height": 46, "material": "other"}}, {"type": "Feature", "geometry": {"type": "Polygon", "coordinates": [[[10.207421354074143, 53.49023311574171], [10.207350847661987, 53.49019714308013], [10.207350847661987, 53.49019714308013], [10.207421354074143, 53.49023311574171], [10.207421354074143, 53.49023311574171]]]}, "properties": {"object_id": "7b71a43d-3d95-453c-b9bd-d9f51ea28f85", "type": "Platform_Wall", "height": 46, "material": "other"}}, {"type": "Feature", "geometry": {"type": "Polygon", "coordinates": [[[10.207491838722143, 53.49026910361049], [10.20742135407413, 53.49023311574171], [10.20742135407413, 53.49023311574171], [10.207491838722143, 53.49026910361049], [10.207491838722143, 53.49026910361049]]]}, "properties": {"object_id": "fdab3ebe-98e3-465f-8fd6-b417a0558ddf", "type": "Platform_Wall", "height": 46, "material": "other"}}, {"type": "Feature", "geometry": {"type": "Polygon", "coordinates": [[[10.20756230159674, 53.49030510668176], [10.20756230159674, 53.49030510668176], [10.207491838722143, 53.49026910361049], [10.207491838722143, 53.49026910361049], [10.20756230159674, 53.49030510668176]]]}, "properties": {"object_id": "59db72f6-2fd7-42b6-85d6-1463da4a12e9", "type": "Platform_Wall", "height": 46, "material": "other"}}, {"type": "Feature", "geometry": {"type": "Polygon", "coordinates": [[[10.20763274268869, 53.49034112495086], [10.20756230159674, 53.49030510668176], [10.20756230159674, 53.49030510668176], [10.20763274268869, 53.49034112495086], [10.20763274268869, 53.49034112495086]]]}, "properties": {"object_id": "affce40f-378d-4d1b-80cd-f76caaddc9e3", "type": "Platform_Wall", "height": 46, "material": "other"}}, {"type": "Feature", "geometry": {"type": "Polygon", "coordinates": [[[10.207703161988755, 53.490377158413], [10.207632742688704, 53.49034112495084], [10.207632742688704, 53.49034112495084], [10.207703161988755, 53.490377158413], [10.207703161988755, 53.490377158413]]]}, "properties": {"object_id": "939409c9-b2d1-4cf6-a02e-599d538042a4", "type": "Platform_Wall", "height": 46, "material": "other"}}, {"type": "Feature", "geometry": {"type": "Polygon", "coordinates": [[[10.207773559487636, 53.49041320706357], [10.207703161988727, 53.49037715841301], [10.207703161988727, 53.49037715841301], [10.207773559487636, 53.49041320706357], [10.207773559487636, 53.49041320706357]]]}, "properties": {"object_id": "a4876b28-ced6-49a1-b92c-d7a0b56357dd", "type": "Platform_Wall", "height": 46, "material": "other"}}, {"type": "Feature", "geometry": {"type": "Polygon", "coordinates": [[[10.207843935176154, 53.49044927089782], [10.207773559487636, 53.49041320706357], [10.207773559487636, 53.49041320706357], [10.207843935176154, 53.49044927089782], [10.207843935176154, 53.49044927089782]]]}, "properties": {"object_id": "b6be2960-f2e4-491a-ab3b-481a9fa99ca1", "type": "Platform_Wall", "height": 46, "material": "other"}}, {"type": "Feature", "geometry": {"type": "Polygon", "coordinates": [[[10.207914289045041, 53.49048534991108], [10.207843935176156, 53.49044927089784], [10.207843935176156, 53.49044927089784], [10.207914289045041, 53.49048534991108], [10.207914289045041, 53.49048534991108]]]}, "properties": {"object_id": "1eda2ee6-f3e9-4e76-9feb-f1ecd619dcb9", "type": "Platform_Wall", "height": 46, "material": "other"}}, {"type": "Feature", "geometry": {"type": "Polygon", "coordinates": [[[10.207984621085076, 53.49052144409858], [10.207984621085076, 53.49052144409858], [10.207914289045041, 53.49048534991108], [10.207914289045041, 53.49048534991108], [10.207984621085076, 53.49052144409858]]]}, "properties": {"object_id": "80695128-47b5-49c0-a354-6af2ed91f54b", "type": "Platform_Wall", "height": 46, "material": "other"}}, {"type": "Feature", "geometry": {"type": "Polygon", "coordinates": [[[10.20776900210164, 53.490500947996956], [10.20776900210164, 53.490500947996956], [10.207840215178342, 53.49053637435649], [10.207840215178342, 53.49053637435649], [10.20776900210164, 53.490500947996956]]]}, "properties": {"object_id": "c1f10257-4437-4e37-93a5-9f455ad68d55", "type": "Platform_Wall", "height": 46, "material": "other"}}, {"type": "Feature", "geometry": {"type": "Polygon", "coordinates": [[[10.208054931287016, 53.490557553455666], [10.207984621085076, 53.49052144409858], [10.207984621085076, 53.49052144409858], [10.208054931287016, 53.490557553455666], [10.208054931287016, 53.490557553455666]]]}, "properties": {"object_id": "f5d8a87d-57de-482a-a1d0-6642de59fe5b", "type": "Platform_Wall", "height": 46, "material": "other"}}, {"type": "Feature", "geometry": {"type": "Polygon", "coordinates": [[[10.205510965228697, 53.489380223034146], [10.205510965228697, 53.489380223034146], [10.205554207824111, 53.48940118173248], [10.205554207824111, 53.48940118173248], [10.205510965228697, 53.489380223034146]]]}, "properties": {"object_id": "5ab7adf5-afe8-4619-aa06-ae46a53bb6a3", "type": "Platform_Wall", "height": 46, "material": "other"}}, {"type": "Feature", "geometry": {"type": "Polygon", "coordinates": [[[10.205422828243403, 53.489337593199906], [10.20546769069444, 53.48935928781185], [10.20546769069444, 53.48935928781185], [10.205422828243403, 53.489337593199906], [10.205422828243403, 53.489337593199906]]]}, "properties": {"object_id": "558bbd16-8742-4f63-8213-2926a95835f2", "type": "Platform_Wall", "height": 46, "material": "other"}}, {"type": "Feature", "geometry": {"type": "Polygon", "coordinates": [[[10.20546769069444, 53.48935928781185], [10.205510965228711, 53.48938022303414], [10.205510965228711, 53.48938022303414], [10.20546769069444, 53.48935928781185], [10.20546769069444, 53.48935928781185]]]}, "properties": {"object_id": "bbcabdd5-32c0-4a4f-b29f-c1cf07978af3", "type": "Platform_Wall", "height": 46, "material": "other"}}, {"type": "Feature", "geometry": {"type": "Polygon", "coordinates": [[[10.205554207824111, 53.489401181732475], [10.205597418444807, 53.489422163889486], [10.205597418444807, 53.489422163889486], [10.205554207824111, 53.489401181732475], [10.205554207824111, 53.489401181732475]]]}, "properties": {"object_id": "22198dc5-5922-444f-b73e-6b42bba83878", "type": "Platform_Wall", "height": 46, "material": "other"}}, {"type": "Feature", "geometry": {"type": "Polygon", "coordinates": [[[10.206701647537553, 53.48996895661084], [10.206701647537553, 53.48996895661084], [10.20677275538218, 53.49000445745236], [10.20677275538218, 53.49000445745236], [10.206701647537553, 53.48996895661084]]]}, "properties": {"object_id": "8d1bbd15-fb28-45a8-bd33-9e4697e73ddc", "type": "Platform_Wall", "height": 46, "material": "other"}}, {"type": "Feature", "geometry": {"type": "Polygon", "coordinates": [[[10.206630546716138, 53.48993345080774], [10.206630546716138, 53.48993345080774], [10.206701647537567, 53.48996895661084], [10.206701647537567, 53.48996895661084], [10.206630546716138, 53.48993345080774]]]}, "properties": {"object_id": "bf8ac55e-d76b-4be6-92fd-eec8b5556d6f", "type": "Platform_Wall", "height": 46, "material": "other"}}, {"type": "Feature", "geometry": {"type": "Polygon", "coordinates": [[[10.206594998939398, 53.489915696045784], [10.20663054671611, 53.48993345080773], [10.20663054671611, 53.48993345080773], [10.206594998939398, 53.489915696045784], [10.206594998939398, 53.489915696045784]]]}, "properties": {"object_id": "32864e37-e7fc-4bb7-8fc1-00837e6d8528", "type": "Platform_Wall", "height": 46, "material": "other"}}, {"type": "Feature", "geometry": {"type": "Polygon", "coordinates": [[[10.206263067663288, 53.489750374097895], [10.206263067663288, 53.489750374097895], [10.206594998939371, 53.48991569604577], [10.206594998939371, 53.48991569604577], [10.206263067663288, 53.489750374097895]]]}, "properties": {"object_id": "5d60c5f8-2d2f-445d-9acf-e07bfc9727a0", "type": "Platform_Wall", "height": 46, "material": "other"}}, {"type": "Feature", "geometry": {"type": "Polygon", "coordinates": [[[10.206241716506067, 53.489739699433436], [10.206263067663274, 53.48975037409787], [10.206263067663274, 53.48975037409787], [10.206241716506067, 53.489739699433436], [10.206241716506067, 53.489739699433436]]]}, "properties": {"object_id": "9c1d3cc2-5053-4e18-99a7-bdd7b804629b", "type": "Platform_Wall", "height": 46, "material": "other"}}, {"type": "Feature", "geometry": {"type": "Polygon", "coordinates": [[[10.206198989787772, 53.48971836749067], [10.206198989787772, 53.48971836749067], [10.206241716506067, 53.489739699433436], [10.206241716506067, 53.489739699433436], [10.206198989787772, 53.48971836749067]]]}, "properties": {"object_id": "c049aee8-d937-423b-bb9b-d36b17a5cab2", "type": "Platform_Wall", "height": 46, "material": "other"}}, {"type": "Feature", "geometry": {"type": "Polygon", "coordinates": [[[10.206156230560472, 53.48969705874413], [10.206156230560472, 53.48969705874413], [10.206198989787787, 53.48971836749069], [10.206198989787787, 53.48971836749069], [10.206156230560472, 53.48969705874413]]]}, "properties": {"object_id": "aea8acb8-a926-4035-a461-6ad384285855", "type": "Platform_Wall", "height": 46, "material": "other"}}, {"type": "Feature", "geometry": {"type": "Polygon", "coordinates": [[[10.206113438859594, 53.48967577321135], [10.206113438859594, 53.48967577321135], [10.20615623056047, 53.4896970587441], [10.20615623056047, 53.4896970587441], [10.206113438859594, 53.48967577321135]]]}, "properties": {"object_id": "2cd3f74e-09a6-4140-a08e-b11c10d9d795", "type": "Platform_Wall", "height": 46, "material": "other"}}, {"type": "Feature", "geometry": {"type": "Polygon", "coordinates": [[[10.206070614720575, 53.48965451091005], [10.206070614720575, 53.48965451091005], [10.206113438859582, 53.489675773211346], [10.206113438859582, 53.489675773211346], [10.206070614720575, 53.48965451091005]]]}, "properties": {"object_id": "ab711a45-bdb4-4a8f-b48a-cb2cd8676a56", "type": "Platform_Wall", "height": 46, "material": "other"}}, {"type": "Feature", "geometry": {"type": "Polygon", "coordinates": [[[10.206027758178974, 53.48963327185777], [10.206027758178974, 53.48963327185777], [10.20607061472059, 53.48965451091006], [10.20607061472059, 53.48965451091006], [10.206027758178974, 53.48963327185777]]]}, "properties": {"object_id": "63888a27-c71d-485d-beaf-fb53a7429428", "type": "Platform_Wall", "height": 46, "material": "other"}}, {"type": "Feature", "geometry": {"type": "Polygon", "coordinates": [[[10.20598486927025, 53.4896120560721], [10.20598486927025, 53.4896120560721], [10.206027758178974, 53.48963327185777], [10.206027758178974, 53.48963327185777], [10.20598486927025, 53.4896120560721]]]}, "properties": {"object_id": "400dbc15-acc1-43b4-b7fd-344c44007ad9", "type": "Platform_Wall", "height": 46, "material": "other"}}, {"type": "Feature", "geometry": {"type": "Polygon", "coordinates": [[[10.205941948029956, 53.48959086357061], [10.205984869270237, 53.4896120560721], [10.205984869270237, 53.4896120560721], [10.205941948029956, 53.48959086357061], [10.205941948029956, 53.48959086357061]]]}, "properties": {"object_id": "84ed56b0-9a97-43cc-8a84-3611c1ea4b6a", "type": "Platform_Wall", "height": 46, "material": "other"}}, {"type": "Feature", "geometry": {"type": "Polygon", "coordinates": [[[10.205898994493662, 53.48956969437084], [10.205898994493662, 53.48956969437084], [10.20594194802994, 53.4895908635706], [10.20594194802994, 53.4895908635706], [10.205898994493662, 53.48956969437084]]]}, "properties": {"object_id": "c0ee09cd-6dbe-465e-8546-d7b8642f1f42", "type": "Platform_Wall", "height": 46, "material": "other"}}, {"type": "Feature", "geometry": {"type": "Polygon", "coordinates": [[[10.205856008696966, 53.48954854849029], [10.205856008696966, 53.48954854849029], [10.205898994493678, 53.48956969437085], [10.205898994493678, 53.48956969437085], [10.205856008696966, 53.48954854849029]]]}, "properties": {"object_id": "4f280113-5745-484a-b959-28480adaf29f", "type": "Platform_Wall", "height": 46, "material": "other"}}, {"type": "Feature", "geometry": {"type": "Polygon", "coordinates": [[[10.205812990675467, 53.48952742594647], [10.205812990675467, 53.48952742594647], [10.205856008696953, 53.489548548490276], [10.205856008696953, 53.489548548490276], [10.205812990675467, 53.48952742594647]]]}, "properties": {"object_id": "6ec8e44a-1c70-4e8e-a9aa-a28ef28d149c", "type": "Platform_Wall", "height": 46, "material": "other"}}, {"type": "Feature", "geometry": {"type": "Polygon", "coordinates": [[[10.205769940464837, 53.48950632675688], [10.205812990675467, 53.48952742594647], [10.205812990675467, 53.48952742594647], [10.205769940464837, 53.48950632675688], [10.205769940464837, 53.48950632675688]]]}, "properties": {"object_id": "af6d802a-a437-46cb-98a4-71cbc404ef67", "type": "Platform_Wall", "height": 46, "material": "other"}}, {"type": "Feature", "geometry": {"type": "Polygon", "coordinates": [[[10.205726858100746, 53.48948525093895], [10.205769940464837, 53.48950632675688], [10.205769940464837, 53.48950632675688], [10.205726858100746, 53.48948525093895], [10.205726858100746, 53.48948525093895]]]}, "properties": {"object_id": "d619c376-ff1a-45b4-b04d-299cc0c397be", "type": "Platform_Wall", "height": 46, "material": "other"}}, {"type": "Feature", "geometry": {"type": "Polygon", "coordinates": [[[10.205683743618897, 53.489464198510106], [10.205683743618897, 53.489464198510106], [10.205726858100746, 53.48948525093894], [10.205726858100746, 53.48948525093894], [10.205683743618897, 53.489464198510106]]]}, "properties": {"object_id": "d6fd34b8-9bd8-437a-bf6b-3dcab4229ae5", "type": "Platform_Wall", "height": 46, "material": "other"}}, {"type": "Feature", "geometry": {"type": "Polygon", "coordinates": [[[10.205640597054982, 53.489443169487835], [10.205683743618883, 53.48946419851013], [10.205683743618883, 53.48946419851013], [10.205640597054982, 53.489443169487835], [10.205640597054982, 53.489443169487835]]]}, "properties": {"object_id": "28b09c2c-bb3e-40f0-8ffc-9f847b14dffa", "type": "Platform_Wall", "height": 46, "material": "other"}}, {"type": "Feature", "geometry": {"type": "Polygon", "coordinates": [[[10.205597418444793, 53.489422163889486], [10.205597418444793, 53.489422163889486], [10.205640597054982, 53.489443169487835], [10.205640597054982, 53.489443169487835], [10.205597418444793, 53.489422163889486]]]}, "properties": {"object_id": "4e3cc656-a542-4646-adaf-68212b9ad4d0", "type": "Platform_Wall", "height": 46, "material": "other"}}, {"type": "Feature", "geometry": {"type": "Polygon", "coordinates": [[[10.205499753099138, 53.489281014995456], [10.205422828243417, 53.489337593199906], [10.205422828243417, 53.489337593199906], [10.205499753099138, 53.489281014995456], [10.205499753099138, 53.489281014995456]]]}, "properties": {"object_id": "f1084c41-63b9-4e6d-a630-7c124befae13", "type": "Platform_Wall", "height": 46, "material": "other"}}, {"type": "Feature", "geometry": {"type": "Polygon", "coordinates": [[[10.20554541570229, 53.489302393624484], [10.205499753099122, 53.489281014995456], [10.205499753099122, 53.489281014995456], [10.20554541570229, 53.489302393624484], [10.20554541570229, 53.489302393624484]]]}, "properties": {"object_id": "e01b95b0-195a-468f-bf20-c9c7d70a68fa", "type": "Platform_Wall", "height": 46, "material": "other"}}, {"type": "Feature", "geometry": {"type": "Polygon", "coordinates": [[[10.205589224526914, 53.48932298737644], [10.205545415702273, 53.489302393624484], [10.205545415702273, 53.489302393624484], [10.205589224526914, 53.48932298737644], [10.205589224526914, 53.48932298737644]]]}, "properties": {"object_id": "c5dea9b9-9605-422f-8445-7e023baea5ea", "type": "Platform_Wall", "height": 46, "material": "other"}}, {"type": "Feature", "geometry": {"type": "Polygon", "coordinates": [[[10.205632980469971, 53.489343621094406], [10.205589224526914, 53.48932298737644], [10.205589224526914, 53.48932298737644], [10.205632980469971, 53.489343621094406], [10.205632980469971, 53.489343621094406]]]}, "properties": {"object_id": "2ca3e909-abdf-4e7f-b4af-75ca3e231768", "type": "Platform_Wall", "height": 46, "material": "other"}}, {"type": "Feature", "geometry": {"type": "Polygon", "coordinates": [[[10.205676683428935, 53.489364294730066], [10.205632980469984, 53.489343621094406], [10.205632980469984, 53.489343621094406], [10.205676683428935, 53.489364294730066], [10.205676683428935, 53.489364294730066]]]}, "properties": {"object_id": "b582cc2c-7f85-43bc-8f82-ea9a79ddb9e7", "type": "Platform_Wall", "height": 46, "material": "other"}}, {"type": "Feature", "geometry": {"type": "Polygon", "coordinates": [[[10.205720333301326, 53.48938500823496], [10.205676683428935, 53.489364294730066], [10.205676683428935, 53.489364294730066], [10.205720333301326, 53.48938500823496], [10.205720333301326, 53.48938500823496]]]}, "properties": {"object_id": "09f5fde9-e490-4d42-a105-7ddc4a4ee830", "type": "Platform_Wall", "height": 46, "material": "other"}}, {"type": "Feature", "geometry": {"type": "Polygon", "coordinates": [[[10.205763929984869, 53.48940576156061], [10.205720333301313, 53.48938500823496], [10.205720333301313, 53.48938500823496], [10.205763929984869, 53.48940576156061], [10.205763929984869, 53.48940576156061]]]}, "properties": {"object_id": "585acd7e-f0ec-4a10-84b7-57657caf1070", "type": "Platform_Wall", "height": 46, "material": "other"}}, {"type": "Feature", "geometry": {"type": "Polygon", "coordinates": [[[10.205807473377392, 53.48942655465841], [10.205763929984869, 53.48940576156061], [10.205763929984869, 53.48940576156061], [10.205807473377392, 53.48942655465841], [10.205807473377392, 53.48942655465841]]]}, "properties": {"object_id": "9de8a90a-ada0-4add-8b9f-3c15c12245ba", "type": "Platform_Wall", "height": 46, "material": "other"}}, {"type": "Feature", "geometry": {"type": "Polygon", "coordinates": [[[10.206679953030212, 53.489856162150794], [10.206679953030212, 53.489856162150794], [10.20634722788131, 53.489689804186845], [10.20634722788131, 53.489689804186845], [10.206679953030212, 53.489856162150794]]]}, "properties": {"object_id": "0d2b6a38-105c-4caf-85bb-f9f208b8a127", "type": "Platform_Wall", "height": 46, "material": "other"}}, {"type": "Feature", "geometry": {"type": "Polygon", "coordinates": [[[10.206843870249024, 53.49003995333184], [10.206843870249024, 53.49003995333184], [10.206914992137134, 53.49007544424881], [10.206914992137134, 53.49007544424881], [10.206843870249024, 53.49003995333184]]]}, "properties": {"object_id": "582f4c55-f748-41dc-880a-e31f53d02d29", "type": "Platform_Wall", "height": 46, "material": "other"}}, {"type": "Feature", "geometry": {"type": "Polygon", "coordinates": [[[10.20677275538218, 53.49000445745236], [10.206843870249024, 53.49003995333184], [10.206843870249024, 53.49003995333184], [10.20677275538218, 53.49000445745236], [10.20677275538218, 53.49000445745236]]]}, "properties": {"object_id": "b41f5ba3-cb04-47d3-891d-119b905bd052", "type": "Platform_Wall", "height": 46, "material": "other"}}, {"type": "Feature", "geometry": {"type": "Polygon", "coordinates": [[[10.206715312093925, 53.489874074223785], [10.206679953030203, 53.48985616215085], [10.206679953030203, 53.48985616215085], [10.206715312093925, 53.489874074223785], [10.206715312093925, 53.489874074223785]]]}, "properties": {"object_id": "aaa6daae-401a-4209-9d9c-6a91cd1d4423", "type": "Platform_Wall", "height": 46, "material": "other"}}, {"type": "Feature", "geometry": {"type": "Polygon", "coordinates": [[[10.206786013966603, 53.489909909809555], [10.206715312093925, 53.489874074223785], [10.206715312093925, 53.489874074223785], [10.206786013966603, 53.489909909809555], [10.206786013966603, 53.489909909809555]]]}, "properties": {"object_id": "c6141377-9593-4682-a674-bf95e1a17b7d", "type": "Platform_Wall", "height": 46, "material": "other"}}, {"type": "Feature", "geometry": {"type": "Polygon", "coordinates": [[[10.206856694158517, 53.48994576064472], [10.206786013966603, 53.489909909809555], [10.206786013966603, 53.489909909809555], [10.206856694158517, 53.48994576064472], [10.206856694158517, 53.48994576064472]]]}, "properties": {"object_id": "ddde5cf2-eb3c-44cd-acd5-58ac1aa7f8d1", "type": "Platform_Wall", "height": 46, "material": "other"}}, {"type": "Feature", "geometry": {"type": "Polygon", "coordinates": [[[10.205850963376832, 53.48944738747963], [10.205807473377392, 53.489426554658415], [10.205807473377392, 53.489426554658415], [10.205850963376832, 53.48944738747963], [10.205850963376832, 53.48944738747963]]]}, "properties": {"object_id": "8b125428-af9b-48be-bb43-f2fcb7f717f3", "type": "Platform_Wall", "height": 46, "material": "other"}}, {"type": "Feature", "geometry": {"type": "Polygon", "coordinates": [[[10.205894399881307, 53.48946825997554], [10.205894399881307, 53.48946825997554], [10.20585096337686, 53.48944738747963], [10.20585096337686, 53.48944738747963], [10.205894399881307, 53.48946825997554]]]}, "properties": {"object_id": "aa76278e-9245-4a44-9167-7e58bbaafc1f", "type": "Platform_Wall", "height": 46, "material": "other"}}, {"type": "Feature", "geometry": {"type": "Polygon", "coordinates": [[[10.205937782788908, 53.48948917209719], [10.205937782788908, 53.48948917209719], [10.205894399881279, 53.48946825997554], [10.205894399881279, 53.48946825997554], [10.205937782788908, 53.48948917209719]]]}, "properties": {"object_id": "9a95e38f-c9c5-4103-88b9-337cf48d57d9", "type": "Platform_Wall", "height": 46, "material": "other"}}, {"type": "Feature", "geometry": {"type": "Polygon", "coordinates": [[[10.205981111998046, 53.489510123795654], [10.20593778278892, 53.48948917209718], [10.20593778278892, 53.48948917209718], [10.205981111998046, 53.489510123795654], [10.205981111998046, 53.489510123795654]]]}, "properties": {"object_id": "4b278f9b-387c-4fa9-b3d9-96ea08b1bac4", "type": "Platform_Wall", "height": 46, "material": "other"}}, {"type": "Feature", "geometry": {"type": "Polygon", "coordinates": [[[10.206024387407139, 53.48953111502182], [10.206024387407139, 53.48953111502182], [10.205981111998062, 53.489510123795654], [10.205981111998062, 53.489510123795654], [10.206024387407139, 53.48953111502182]]]}, "properties": {"object_id": "3cfad3f0-2087-4e3e-9bfb-39012353f6de", "type": "Platform_Wall", "height": 46, "material": "other"}}, {"type": "Feature", "geometry": {"type": "Polygon", "coordinates": [[[10.206067608914735, 53.48955214572658], [10.206024387407126, 53.4895311150218], [10.206024387407126, 53.4895311150218], [10.206067608914735, 53.48955214572658], [10.206067608914735, 53.48955214572658]]]}, "properties": {"object_id": "048f6df3-0a1e-42f9-a055-1d60e275c180", "type": "Platform_Wall", "height": 46, "material": "other"}}, {"type": "Feature", "geometry": {"type": "Polygon", "coordinates": [[[10.206110776419537, 53.4895732158606], [10.20606760891472, 53.48955214572658], [10.20606760891472, 53.48955214572658], [10.206110776419537, 53.4895732158606], [10.206110776419537, 53.4895732158606]]]}, "properties": {"object_id": "027086e6-32a0-4197-bf40-0c01871b53ac", "type": "Platform_Wall", "height": 46, "material": "other"}}, {"type": "Feature", "geometry": {"type": "Polygon", "coordinates": [[[10.206153889820397, 53.4895943253746], [10.206153889820397, 53.4895943253746], [10.206110776419536, 53.48957321586058], [10.206110776419536, 53.48957321586058], [10.206153889820397, 53.4895943253746]]]}, "properties": {"object_id": "8d727aec-00ac-48f9-80a9-0ca8df4f9113", "type": "Platform_Wall", "height": 46, "material": "other"}}, {"type": "Feature", "geometry": {"type": "Polygon", "coordinates": [[[10.20619694901625, 53.48961547421913], [10.20619694901625, 53.48961547421913], [10.206153889820396, 53.489594325374604], [10.206153889820396, 53.489594325374604], [10.20619694901625, 53.48961547421913]]]}, "properties": {"object_id": "0d05ffa4-5df2-4ec0-a1a9-18214e8e29ca", "type": "Platform_Wall", "height": 46, "material": "other"}}, {"type": "Feature", "geometry": {"type": "Polygon", "coordinates": [[[10.206239953906152, 53.4896366623446], [10.206196949016238, 53.489615474219114], [10.206196949016238, 53.489615474219114], [10.206239953906152, 53.4896366623446], [10.206239953906152, 53.4896366623446]]]}, "properties": {"object_id": "038c767c-ac3d-4dd1-9d77-4b75eab2233b", "type": "Platform_Wall", "height": 46, "material": "other"}}, {"type": "Feature", "geometry": {"type": "Polygon", "coordinates": [[[10.20628290438934, 53.48965788970151], [10.206239953906167, 53.48963666234462], [10.206239953906167, 53.48963666234462], [10.20628290438934, 53.48965788970151], [10.20628290438934, 53.48965788970151]]]}, "properties": {"object_id": "6ed4e2c9-bfd7-443a-8b8f-bb1a8f54ead4", "type": "Platform_Wall", "height": 46, "material": "other"}}, {"type": "Feature", "geometry": {"type": "Polygon", "coordinates": [[[10.20632580036513, 53.48967915624002], [10.206282904389353, 53.48965788970151], [10.206282904389353, 53.48965788970151], [10.20632580036513, 53.48967915624002], [10.20632580036513, 53.48967915624002]]]}, "properties": {"object_id": "6970127f-8add-48c9-b13b-4a06f96ac7c6", "type": "Platform_Wall", "height": 46, "material": "other"}}, {"type": "Feature", "geometry": {"type": "Polygon", "coordinates": [[[10.20634722788131, 53.48968980418684], [10.206325800365128, 53.489679156240015], [10.206325800365128, 53.489679156240015], [10.20634722788131, 53.48968980418684], [10.20634722788131, 53.48968980418684]]]}, "properties": {"object_id": "cd5a89bb-7473-4af1-843f-8785e081b9cd", "type": "Platform_Wall", "height": 46, "material": "other"}}, {"type": "Feature", "geometry": {"type": "Polygon", "coordinates": [[[10.206916163348074, 53.49007461343432], [10.206916163348074, 53.49007461343432], [10.206987292099704, 53.49011009930958], [10.206987292099704, 53.49011009930958], [10.206916163348074, 53.49007461343432]]]}, "properties": {"object_id": "0604d258-5ab9-489c-9877-95940030991e", "type": "Platform_Wall", "height": 44, "material": "other"}}, {"type": "Feature", "geometry": {"type": "Polygon", "coordinates": [[[10.206925997436198, 53.48998257952012], [10.206855339529902, 53.48994671374203], [10.206855339529902, 53.48994671374203], [10.206925997436198, 53.48998257952012], [10.206925997436198, 53.48998257952012]]]}, "properties": {"object_id": "a540374d-0ca7-4355-a74d-33f9aa161b92", "type": "Platform_Wall", "height": 44, "material": "other"}}, {"type": "Feature", "geometry": {"type": "Polygon", "coordinates": [[[10.208831892585142, 53.4910286109967], [10.20889897670056, 53.4910618899057], [10.20889897670056, 53.4910618899057], [10.208831892585142, 53.4910286109967], [10.208831892585142, 53.4910286109967]]]}, "properties": {"object_id": "009120fc-8b12-4e97-b7be-b9ac8753b229", "type": "Platform_Wall", "height": 44, "material": "other"}}, {"type": "Feature", "geometry": {"type": "Polygon", "coordinates": [[[10.208764829978902, 53.490995316708926], [10.208764829978902, 53.490995316708926], [10.208831892585142, 53.4910286109967], [10.208831892585142, 53.4910286109967], [10.208764829978902, 53.490995316708926]]]}, "properties": {"object_id": "85c9990d-cc12-40dc-947b-cfbe712bb055", "type": "Platform_Wall", "height": 44, "material": "other"}}, {"type": "Feature", "geometry": {"type": "Polygon", "coordinates": [[[10.208697788891714, 53.490962007047266], [10.208764829978902, 53.490995316708926], [10.208764829978902, 53.490995316708926], [10.208697788891714, 53.490962007047266], [10.208697788891714, 53.490962007047266]]]}, "properties": {"object_id": "ec3ce67f-291f-46b8-a58c-8a195717557e", "type": "Platform_Wall", "height": 44, "material": "other"}}, {"type": "Feature", "geometry": {"type": "Polygon", "coordinates": [[[10.208630769333476, 53.49092868201671], [10.208697788891714, 53.490962007047266], [10.208697788891714, 53.490962007047266], [10.208630769333476, 53.49092868201671], [10.208630769333476, 53.49092868201671]]]}, "properties": {"object_id": "237dd755-b83f-47d4-859e-0bcfa01b74cc", "type": "Platform_Wall", "height": 44, "material": "other"}}, {"type": "Feature", "geometry": {"type": "Polygon", "coordinates": [[[10.20856377131405, 53.49089534162214], [10.20856377131405, 53.49089534162214], [10.208630769333476, 53.49092868201671], [10.208630769333476, 53.49092868201671], [10.20856377131405, 53.49089534162214]]]}, "properties": {"object_id": "632efa61-899b-4dfb-9a7a-1835595e8a39", "type": "Platform_Wall", "height": 44, "material": "other"}}, {"type": "Feature", "geometry": {"type": "Polygon", "coordinates": [[[10.208496794843333, 53.490861985868506], [10.208563771314049, 53.49089534162212], [10.208563771314049, 53.49089534162212], [10.208496794843333, 53.490861985868506], [10.208496794843333, 53.490861985868506]]]}, "properties": {"object_id": "aabfd8cc-1f44-41bb-ba25-3560b4e25bd6", "type": "Platform_Wall", "height": 44, "material": "other"}}, {"type": "Feature", "geometry": {"type": "Polygon", "coordinates": [[[10.208429839931194, 53.49082861476079], [10.208496794843331, 53.49086198586851], [10.208496794843331, 53.49086198586851], [10.208429839931194, 53.49082861476079], [10.208429839931194, 53.49082861476079]]]}, "properties": {"object_id": "9780c33a-21c8-472b-bc54-e96b5e6ed6f8", "type": "Platform_Wall", "height": 44, "material": "other"}}, {"type": "Feature", "geometry": {"type": "Polygon", "coordinates": [[[10.208362906587471, 53.490795228303895], [10.208429839931165, 53.490828614760765], [10.208429839931165, 53.490828614760765], [10.208362906587471, 53.490795228303895], [10.208362906587471, 53.490795228303895]]]}, "properties": {"object_id": "d27d0f1f-11a4-4f43-9eaf-ee684cc6fa0e", "type": "Platform_Wall", "height": 44, "material": "other"}}, {"type": "Feature", "geometry": {"type": "Polygon", "coordinates": [[[10.208295994822098, 53.49076182650278], [10.208295994822098, 53.49076182650278], [10.208362906587487, 53.4907952283039], [10.208362906587487, 53.4907952283039], [10.208295994822098, 53.49076182650278]]]}, "properties": {"object_id": "1e24ad6f-7296-43d5-9623-6cf6c03fa29e", "type": "Platform_Wall", "height": 44, "material": "other"}}, {"type": "Feature", "geometry": {"type": "Polygon", "coordinates": [[[10.20822910464488, 53.4907284093624], [10.2082959948221, 53.49076182650277], [10.2082959948221, 53.49076182650277], [10.20822910464488, 53.4907284093624], [10.20822910464488, 53.4907284093624]]]}, "properties": {"object_id": "4c8cbb47-fcdc-440a-9a57-ded47034f71e", "type": "Platform_Wall", "height": 44, "material": "other"}}, {"type": "Feature", "geometry": {"type": "Polygon", "coordinates": [[[10.208362186469031, 53.49071566057543], [10.208362186469031, 53.49071566057543], [10.2082961075661, 53.49068169630795], [10.2082961075661, 53.49068169630795], [10.208362186469031, 53.49071566057543]]]}, "properties": {"object_id": "3613a0de-262b-47ca-b8e3-da1e96ac1f57", "type": "Platform_Wall", "height": 44, "material": "other"}}, {"type": "Feature", "geometry": {"type": "Polygon", "coordinates": [[[10.208428261753852, 53.49074962738212], [10.208428261753852, 53.49074962738212], [10.208362186469019, 53.49071566057546], [10.208362186469019, 53.49071566057546], [10.208428261753852, 53.49074962738212]]]}, "properties": {"object_id": "d1803075-3a26-47ad-8b05-793a5d546725", "type": "Platform_Wall", "height": 44, "material": "other"}}, {"type": "Feature", "geometry": {"type": "Polygon", "coordinates": [[[10.20849433342033, 53.49078359672782], [10.20849433342033, 53.49078359672782], [10.208428261753866, 53.49074962738213], [10.208428261753866, 53.49074962738213], [10.20849433342033, 53.49078359672782]]]}, "properties": {"object_id": "d03e8b72-5245-4e9a-b7ff-723ee1c93a8b", "type": "Platform_Wall", "height": 44, "material": "other"}}, {"type": "Feature", "geometry": {"type": "Polygon", "coordinates": [[[10.208560401468127, 53.49081756861244], [10.208560401468127, 53.49081756861244], [10.208494333420317, 53.49078359672783], [10.208494333420317, 53.49078359672783], [10.208560401468127, 53.49081756861244]]]}, "properties": {"object_id": "95f00449-1de7-4307-bd1a-e8353d2c301a", "type": "Platform_Wall", "height": 44, "material": "other"}}, {"type": "Feature", "geometry": {"type": "Polygon", "coordinates": [[[10.20862646589696, 53.49085154303582], [10.20862646589696, 53.49085154303582], [10.208560401468098, 53.490817568612414], [10.208560401468098, 53.490817568612414], [10.20862646589696, 53.49085154303582]]]}, "properties": {"object_id": "10eb6a6c-34a5-49dc-9a4b-80ab9f882553", "type": "Platform_Wall", "height": 44, "material": "other"}}, {"type": "Feature", "geometry": {"type": "Polygon", "coordinates": [[[10.208692526706615, 53.490885519997825], [10.208692526706615, 53.490885519997825], [10.208626465896963, 53.49085154303578], [10.208626465896963, 53.49085154303578], [10.208692526706615, 53.490885519997825]]]}, "properties": {"object_id": "d40aaf82-3632-4519-9b80-a4a9f1fb11bf", "type": "Platform_Wall", "height": 44, "material": "other"}}, {"type": "Feature", "geometry": {"type": "Polygon", "coordinates": [[[10.208758583896786, 53.49091949949832], [10.208758583896786, 53.49091949949832], [10.20869252670663, 53.49088551999782], [10.20869252670663, 53.49088551999782], [10.208758583896786, 53.49091949949832]]]}, "properties": {"object_id": "7a25ba38-3ad8-47be-9607-2f0cca61e89f", "type": "Platform_Wall", "height": 44, "material": "other"}}, {"type": "Feature", "geometry": {"type": "Polygon", "coordinates": [[[10.208824637467153, 53.49095348153721], [10.208824637467153, 53.49095348153721], [10.208758583896772, 53.49091949949833], [10.208758583896772, 53.49091949949833], [10.208824637467153, 53.49095348153721]]]}, "properties": {"object_id": "69f53fc8-e32b-4467-89ea-8c089b2814e6", "type": "Platform_Wall", "height": 44, "material": "other"}}, {"type": "Feature", "geometry": {"type": "Polygon", "coordinates": [[[10.208890687417476, 53.49098746611428], [10.208890687417476, 53.49098746611428], [10.208824637467153, 53.49095348153721], [10.208824637467153, 53.49095348153721], [10.208890687417476, 53.49098746611428]]]}, "properties": {"object_id": "925f8022-cd27-481d-be5a-5be2d2abc2c0", "type": "Platform_Wall", "height": 44, "material": "other"}}, {"type": "Feature", "geometry": {"type": "Polygon", "coordinates": [[[10.208956733747474, 53.49102145322942], [10.208956733747474, 53.49102145322942], [10.208890687417474, 53.49098746611427], [10.208890687417474, 53.49098746611427], [10.208956733747474, 53.49102145322942]]]}, "properties": {"object_id": "bf5a163e-1bd8-4e08-96b2-bcf06499c49c", "type": "Platform_Wall", "height": 44, "material": "other"}}, {"type": "Feature", "geometry": {"type": "Polygon", "coordinates": [[[10.20902277645688, 53.491055442882534], [10.20902277645688, 53.491055442882534], [10.208956733747492, 53.49102145322944], [10.208956733747492, 53.49102145322944], [10.20902277645688, 53.491055442882534]]]}, "properties": {"object_id": "eda93f75-b3e7-4301-a390-7aa28d3b44ec", "type": "Platform_Wall", "height": 44, "material": "other"}}, {"type": "Feature", "geometry": {"type": "Polygon", "coordinates": [[[10.20908881554537, 53.491089435073405], [10.20908881554537, 53.491089435073405], [10.209022776456866, 53.49105544288253], [10.209022776456866, 53.49105544288253], [10.20908881554537, 53.491089435073405]]]}, "properties": {"object_id": "e33219b2-48fb-4129-937a-9840b99c2856", "type": "Platform_Wall", "height": 44, "material": "other"}}, {"type": "Feature", "geometry": {"type": "Polygon", "coordinates": [[[10.2091548510127, 53.49112342980194], [10.2091548510127, 53.49112342980194], [10.209088815545371, 53.49108943507339], [10.209088815545371, 53.49108943507339], [10.2091548510127, 53.49112342980194]]]}, "properties": {"object_id": "0fa0550d-aa32-4d2a-8f7f-8d3cb090c720", "type": "Platform_Wall", "height": 44, "material": "other"}}, {"type": "Feature", "geometry": {"type": "Polygon", "coordinates": [[[10.2092208828586, 53.49115742706802], [10.209154851012716, 53.49112342980195], [10.209154851012716, 53.49112342980195], [10.2092208828586, 53.49115742706802], [10.2092208828586, 53.49115742706802]]]}, "properties": {"object_id": "71f01389-431f-4e2c-9d18-8cb272e01157", "type": "Platform_Wall", "height": 44, "material": "other"}}, {"type": "Feature", "geometry": {"type": "Polygon", "coordinates": [[[10.209286911082764, 53.49119142687144], [10.209286911082764, 53.49119142687144], [10.2092208828586, 53.491157427068], [10.2092208828586, 53.491157427068], [10.209286911082764, 53.49119142687144]]]}, "properties": {"object_id": "e2b44acc-ef95-4634-89f6-a9e01f503a3d", "type": "Platform_Wall", "height": 44, "material": "other"}}, {"type": "Feature", "geometry": {"type": "Polygon", "coordinates": [[[10.209352935684914, 53.49122542921211], [10.209352935684914, 53.49122542921211], [10.209286911082748, 53.49119142687144], [10.209286911082748, 53.49119142687144], [10.209352935684914, 53.49122542921211]]]}, "properties": {"object_id": "dbd29c32-95d8-4362-a58c-16e09c1788ee", "type": "Platform_Wall", "height": 44, "material": "other"}}, {"type": "Feature", "geometry": {"type": "Polygon", "coordinates": [[[10.209418956664809, 53.49125943408989], [10.209418956664809, 53.49125943408989], [10.209352935684924, 53.49122542921211], [10.209352935684924, 53.49122542921211], [10.209418956664809, 53.49125943408989]]]}, "properties": {"object_id": "7c297491-ead1-46bc-a31e-3e8e2667aa36", "type": "Platform_Wall", "height": 44, "material": "other"}}, {"type": "Feature", "geometry": {"type": "Polygon", "coordinates": [[[10.209517981342232, 53.49131044616332], [10.209418956664809, 53.49125943408989], [10.209418956664809, 53.49125943408989], [10.209517981342232, 53.49131044616332], [10.209517981342232, 53.49131044616332]]]}, "properties": {"object_id": "9e7127ce-9d34-4f28-81c5-8a1156b91e79", "type": "Platform_Wall", "height": 44, "material": "other"}}, {"type": "Feature", "geometry": {"type": "Polygon", "coordinates": [[[10.209583993265186, 53.49134445738322], [10.20951798134223, 53.491310446163304], [10.20951798134223, 53.491310446163304], [10.209583993265186, 53.49134445738322], [10.209583993265186, 53.49134445738322]]]}, "properties": {"object_id": "e7b4cfa4-822e-41f0-a01a-0fdf031dc05c", "type": "Platform_Wall", "height": 44, "material": "other"}}, {"type": "Feature", "geometry": {"type": "Polygon", "coordinates": [[[10.209537346674743, 53.491377271581925], [10.209583993265191, 53.49134445738322], [10.209583993265191, 53.49134445738322], [10.209537346674743, 53.491377271581925], [10.209537346674743, 53.491377271581925]]]}, "properties": {"object_id": "7d9bcb26-a217-4637-9f9d-196d5e8a845e", "type": "Platform_Wall", "height": 44, "material": "other"}}, {"type": "Feature", "geometry": {"type": "Polygon", "coordinates": [[[10.20947005871594, 53.4913441390171], [10.20947005871594, 53.4913441390171], [10.209537346674743, 53.491377271581925], [10.209537346674743, 53.491377271581925], [10.20947005871594, 53.4913441390171]]]}, "properties": {"object_id": "525191d5-6335-458c-b96a-62b0fbf242dd", "type": "Platform_Wall", "height": 44, "material": "other"}}, {"type": "Feature", "geometry": {"type": "Polygon", "coordinates": [[[10.209369166934069, 53.49129441124847], [10.209369166934069, 53.49129441124847], [10.209470058715926, 53.4913441390171], [10.209470058715926, 53.4913441390171], [10.209369166934069, 53.49129441124847]]]}, "properties": {"object_id": "7ebbe780-0d75-44be-91be-7d49c93241b6", "type": "Platform_Wall", "height": 44, "material": "other"}}, {"type": "Feature", "geometry": {"type": "Polygon", "coordinates": [[[10.209301932531572, 53.49126124012897], [10.209301932531572, 53.49126124012897], [10.209369166934083, 53.49129441124846], [10.209369166934083, 53.49129441124846], [10.209301932531572, 53.49126124012897]]]}, "properties": {"object_id": "07232a23-9640-431a-ae05-b8f810e90bdc", "type": "Platform_Wall", "height": 44, "material": "other"}}, {"type": "Feature", "geometry": {"type": "Polygon", "coordinates": [[[10.209234719568949, 53.49122805359624], [10.209301932531586, 53.49126124012897], [10.209301932531586, 53.49126124012897], [10.209234719568949, 53.49122805359624], [10.209234719568949, 53.49122805359624]]]}, "properties": {"object_id": "d9d24a54-137d-410b-8d23-d6f7bc7279df", "type": "Platform_Wall", "height": 44, "material": "other"}}, {"type": "Feature", "geometry": {"type": "Polygon", "coordinates": [[[10.209167528056074, 53.49119485165513], [10.209167528056074, 53.49119485165513], [10.209234719568931, 53.49122805359624], [10.209234719568931, 53.49122805359624], [10.209167528056074, 53.49119485165513]]]}, "properties": {"object_id": "e83d19d9-f7af-4f6a-9639-44e509f0f883", "type": "Platform_Wall", "height": 44, "material": "other"}}, {"type": "Feature", "geometry": {"type": "Polygon", "coordinates": [[[10.209100358002903, 53.491161634310615], [10.209167528056074, 53.49119485165513], [10.209167528056074, 53.49119485165513], [10.209100358002903, 53.491161634310615], [10.209100358002903, 53.491161634310615]]]}, "properties": {"object_id": "75b6b938-bef9-4338-9429-546cfb09980b", "type": "Platform_Wall", "height": 44, "material": "other"}}, {"type": "Feature", "geometry": {"type": "Polygon", "coordinates": [[[10.209033209419324, 53.491128401567565], [10.209100358002903, 53.49116163431059], [10.209100358002903, 53.49116163431059], [10.209033209419324, 53.491128401567565], [10.209033209419324, 53.491128401567565]]]}, "properties": {"object_id": "23759d71-26c2-42c9-8499-d069ff78de0d", "type": "Platform_Wall", "height": 44, "material": "other"}}, {"type": "Feature", "geometry": {"type": "Polygon", "coordinates": [[[10.208966082315243, 53.491095153430976], [10.209033209419324, 53.4911284015676], [10.209033209419324, 53.4911284015676], [10.208966082315243, 53.491095153430976], [10.208966082315243, 53.491095153430976]]]}, "properties": {"object_id": "59526b46-cc53-4c44-a24d-db2971ed13d2", "type": "Platform_Wall", "height": 44, "material": "other"}}, {"type": "Feature", "geometry": {"type": "Polygon", "coordinates": [[[10.208898976700544, 53.4910618899057], [10.208966082315243, 53.491095153430976], [10.208966082315243, 53.491095153430976], [10.208898976700544, 53.4910618899057], [10.208898976700544, 53.4910618899057]]]}, "properties": {"object_id": "f8f46d8c-e946-4f14-be3b-e85fbd5bd005", "type": "Platform_Wall", "height": 44, "material": "other"}}, {"type": "Feature", "geometry": {"type": "Polygon", "coordinates": [[[10.208296106758187, 53.49068169686708], [10.208296106758187, 53.49068169686708], [10.208053566558304, 53.49055850140528], [10.208053566558304, 53.49055850140528], [10.208296106758187, 53.49068169686708]]]}, "properties": {"object_id": "f95ac02d-3310-493e-872f-f153f1e4efe6", "type": "Platform_Wall", "height": 44, "material": "other"}}, {"type": "Feature", "geometry": {"type": "Polygon", "coordinates": [[[10.207983831143343, 53.49060638022209], [10.207983831143343, 53.49060638022209], [10.20822910464627, 53.49072840936141], [10.20822910464627, 53.49072840936141], [10.207983831143343, 53.49060638022209]]]}, "properties": {"object_id": "f77bca55-4e0d-4f6c-b66a-1d23161df050", "type": "Platform_Wall", "height": 44, "material": "other"}}, {"type": "Feature", "geometry": {"type": "Polygon", "coordinates": [[[10.207912604277391, 53.4905709638315], [10.207983831211614, 53.49060638017323], [10.207983831211614, 53.49060638017323], [10.207912604277391, 53.4905709638315], [10.207912604277391, 53.4905709638315]]]}, "properties": {"object_id": "d5a8bc81-d5aa-4a16-a445-b437eaae07a2", "type": "Platform_Wall", "height": 44, "material": "other"}}, {"type": "Feature", "geometry": {"type": "Polygon", "coordinates": [[[10.20784138434992, 53.49053554251986], [10.20784138434992, 53.49053554251986], [10.207912604277379, 53.4905709638315], [10.207912604277379, 53.4905709638315], [10.20784138434992, 53.49053554251986]]]}, "properties": {"object_id": "5a37310b-7be5-499b-ba45-4505d73c4c58", "type": "Platform_Wall", "height": 44, "material": "other"}}, {"type": "Feature", "geometry": {"type": "Polygon", "coordinates": [[[10.207271877289731, 53.490251993170716], [10.207271877289731, 53.490251993170716], [10.207343041128304, 53.4902874542236], [10.207343041128304, 53.4902874542236], [10.207271877289731, 53.490251993170716]]]}, "properties": {"object_id": "83eddf53-bb36-497b-91d9-0dec05b98a11", "type": "Platform_Wall", "height": 44, "material": "other"}}, {"type": "Feature", "geometry": {"type": "Polygon", "coordinates": [[[10.207200720466632, 53.490216527152405], [10.207200720466632, 53.490216527152405], [10.207271877289744, 53.49025199317074], [10.207271877289744, 53.49025199317074], [10.207200720466632, 53.490216527152405]]]}, "properties": {"object_id": "4ed698d2-2864-476a-b506-1bfdca10bfe9", "type": "Platform_Wall", "height": 44, "material": "other"}}, {"type": "Feature", "geometry": {"type": "Polygon", "coordinates": [[[10.207129570659959, 53.490181056169114], [10.207129570659959, 53.490181056169114], [10.20720072046663, 53.490216527152384], [10.20720072046663, 53.490216527152384], [10.207129570659959, 53.490181056169114]]]}, "properties": {"object_id": "e3e76181-c76c-4be8-a4ea-4a19d04edc8a", "type": "Platform_Wall", "height": 44, "material": "other"}}, {"type": "Feature", "geometry": {"type": "Polygon", "coordinates": [[[10.207058427870646, 53.49014558022136], [10.207058427870646, 53.49014558022136], [10.207129570659944, 53.490181056169135], [10.207129570659944, 53.490181056169135], [10.207058427870646, 53.49014558022136]]]}, "properties": {"object_id": "40435a1e-a304-43be-aa02-3cdd5699587c", "type": "Platform_Wall", "height": 44, "material": "other"}}, {"type": "Feature", "geometry": {"type": "Polygon", "coordinates": [[[10.206987292099704, 53.49011009930958], [10.206987292099704, 53.49011009930958], [10.207058427870646, 53.49014558022133], [10.207058427870646, 53.49014558022133], [10.206987292099704, 53.49011009930958]]]}, "properties": {"object_id": "5969e60c-d3f2-46b5-a9ca-39aab00778c4", "type": "Platform_Wall", "height": 44, "material": "other"}}, {"type": "Feature", "geometry": {"type": "Polygon", "coordinates": [[[10.206996633643378, 53.4900184605381], [10.206925997436198, 53.48998257952012], [10.206925997436198, 53.48998257952012], [10.206996633643378, 53.4900184605381], [10.206996633643378, 53.4900184605381]]]}, "properties": {"object_id": "933000d0-e32d-4d22-b8eb-cdfc212d4b20", "type": "Platform_Wall", "height": 44, "material": "other"}}, {"type": "Feature", "geometry": {"type": "Polygon", "coordinates": [[[10.20706724814216, 53.49005435679128], [10.206996633643378, 53.4900184605381], [10.206996633643378, 53.4900184605381], [10.20706724814216, 53.49005435679128], [10.20706724814216, 53.49005435679128]]]}, "properties": {"object_id": "91aa3f89-9fcb-4adb-bf91-0c1c8c7502c1", "type": "Platform_Wall", "height": 44, "material": "other"}}, {"type": "Feature", "geometry": {"type": "Polygon", "coordinates": [[[10.207137840923258, 53.49009026827499], [10.207067248142145, 53.490054356791276], [10.207067248142145, 53.490054356791276], [10.207137840923258, 53.49009026827499], [10.207137840923258, 53.49009026827499]]]}, "properties": {"object_id": "d72091bf-56f3-4631-8365-c86ba38fd5d7", "type": "Platform_Wall", "height": 44, "material": "other"}}, {"type": "Feature", "geometry": {"type": "Polygon", "coordinates": [[[10.207208411977454, 53.49012619498455], [10.207137840923282, 53.49009026827499], [10.207137840923282, 53.49009026827499], [10.207208411977454, 53.49012619498455], [10.207208411977454, 53.49012619498455]]]}, "properties": {"object_id": "941e44ca-45c0-4aa9-b0e7-7a3e338a8356", "type": "Platform_Wall", "height": 44, "material": "other"}}, {"type": "Feature", "geometry": {"type": "Polygon", "coordinates": [[[10.207278961295454, 53.49016213691526], [10.207208411977458, 53.49012619498457], [10.207208411977458, 53.49012619498457], [10.207278961295454, 53.49016213691526], [10.207278961295454, 53.49016213691526]]]}, "properties": {"object_id": "3b05dee6-83f9-4739-b81e-392f27a2173f", "type": "Platform_Wall", "height": 44, "material": "other"}}, {"type": "Feature", "geometry": {"type": "Polygon", "coordinates": [[[10.207349488867997, 53.4901980940624], [10.207278961295454, 53.49016213691525], [10.207278961295454, 53.49016213691525], [10.207349488867997, 53.4901980940624], [10.207349488867997, 53.4901980940624]]]}, "properties": {"object_id": "63d4c4ec-dc97-4116-9081-a33e5c4d85b9", "type": "Platform_Wall", "height": 44, "material": "other"}}, {"type": "Feature", "geometry": {"type": "Polygon", "coordinates": [[[10.207419994685823, 53.49023406642134], [10.207349488867983, 53.4901980940624], [10.207349488867983, 53.4901980940624], [10.207419994685823, 53.49023406642134], [10.207419994685823, 53.49023406642134]]]}, "properties": {"object_id": "061a069c-054c-4ae6-8899-e9228cfa8ea6", "type": "Platform_Wall", "height": 44, "material": "other"}}, {"type": "Feature", "geometry": {"type": "Polygon", "coordinates": [[[10.207490478739661, 53.49027005398728], [10.207419994685823, 53.49023406642132], [10.207419994685823, 53.49023406642132], [10.207490478739661, 53.49027005398728], [10.207490478739661, 53.49027005398728]]]}, "properties": {"object_id": "b3fe7712-38eb-4115-a9fb-ed3980b93404", "type": "Platform_Wall", "height": 44, "material": "other"}}, {"type": "Feature", "geometry": {"type": "Polygon", "coordinates": [[[10.207560941020308, 53.49030605675564], [10.207490478739675, 53.490270053987295], [10.207490478739675, 53.490270053987295], [10.207560941020308, 53.49030605675564], [10.207560941020308, 53.49030605675564]]]}, "properties": {"object_id": "a3cdfc7b-abaa-4fe4-8223-3bd070e348ea", "type": "Platform_Wall", "height": 44, "material": "other"}}, {"type": "Feature", "geometry": {"type": "Polygon", "coordinates": [[[10.207631381518466, 53.49034207472169], [10.207631381518466, 53.49034207472169], [10.20756094102031, 53.49030605675568], [10.20756094102031, 53.49030605675568], [10.207631381518466, 53.49034207472169]]]}, "properties": {"object_id": "39a970fa-7bea-4578-9aec-d529b291eb16", "type": "Platform_Wall", "height": 44, "material": "other"}}, {"type": "Feature", "geometry": {"type": "Polygon", "coordinates": [[[10.207701800224914, 53.490378107880666], [10.207631381518466, 53.490342074721674], [10.207631381518466, 53.490342074721674], [10.207701800224914, 53.490378107880666], [10.207701800224914, 53.490378107880666]]]}, "properties": {"object_id": "0cbe17dd-b011-4b25-9cae-d0b1866b7db3", "type": "Platform_Wall", "height": 44, "material": "other"}}, {"type": "Feature", "geometry": {"type": "Polygon", "coordinates": [[[10.207772197130412, 53.490414156227935], [10.207701800224928, 53.49037810788068], [10.207701800224928, 53.49037810788068], [10.207772197130412, 53.490414156227935], [10.207772197130412, 53.490414156227935]]]}, "properties": {"object_id": "2e0e8cfc-2861-4c94-9a09-f75a75f8721e", "type": "Platform_Wall", "height": 44, "material": "other"}}, {"type": "Feature", "geometry": {"type": "Polygon", "coordinates": [[[10.207842572225694, 53.490450219758756], [10.207772197130412, 53.49041415622792], [10.207772197130412, 53.49041415622792], [10.207842572225694, 53.490450219758756], [10.207842572225694, 53.490450219758756]]]}, "properties": {"object_id": "5440e3a5-ff64-44a4-8255-81fccea87fc7", "type": "Platform_Wall", "height": 44, "material": "other"}}, {"type": "Feature", "geometry": {"type": "Polygon", "coordinates": [[[10.207912925501537, 53.49048629846844], [10.207842572225681, 53.490450219758785], [10.207842572225681, 53.490450219758785], [10.207912925501537, 53.49048629846844], [10.207912925501537, 53.49048629846844]]]}, "properties": {"object_id": "96da22e1-1079-48db-ab18-560ab59095c4", "type": "Platform_Wall", "height": 44, "material": "other"}}, {"type": "Feature", "geometry": {"type": "Polygon", "coordinates": [[[10.2079832569487, 53.49052239235227], [10.207912925501537, 53.49048629846843], [10.207912925501537, 53.49048629846843], [10.2079832569487, 53.49052239235227], [10.2079832569487, 53.49052239235227]]]}, "properties": {"object_id": "10a37db7-a318-4cf9-9d93-db6fd4085ee8", "type": "Platform_Wall", "height": 44, "material": "other"}}, {"type": "Feature", "geometry": {"type": "Polygon", "coordinates": [[[10.207698965519148, 53.490464684989036], [10.207698965519148, 53.490464684989036], [10.20777017143019, 53.490500116238906], [10.20777017143019, 53.490500116238906], [10.207698965519148, 53.490464684989036]]]}, "properties": {"object_id": "40f2368d-436d-4b2e-9339-3c7b6affff0e", "type": "Platform_Wall", "height": 44, "material": "other"}}, {"type": "Feature", "geometry": {"type": "Polygon", "coordinates": [[[10.207627766617799, 53.490429248770766], [10.207627766617799, 53.490429248770766], [10.207698965519148, 53.49046468498901], [10.207698965519148, 53.49046468498901], [10.207627766617799, 53.490429248770766]]]}, "properties": {"object_id": "47134419-3e8d-428d-b171-02154a1bb364", "type": "Platform_Wall", "height": 44, "material": "other"}}, {"type": "Feature", "geometry": {"type": "Polygon", "coordinates": [[[10.207556574727075, 53.49039380758461], [10.207556574727075, 53.49039380758461], [10.207627766617799, 53.490429248770766], [10.207627766617799, 53.490429248770766], [10.207556574727075, 53.49039380758461]]]}, "properties": {"object_id": "722148b0-9647-47a3-a607-6c319012f9c8", "type": "Platform_Wall", "height": 44, "material": "other"}}, {"type": "Feature", "geometry": {"type": "Polygon", "coordinates": [[[10.20748538984791, 53.49035836143104], [10.20748538984791, 53.49035836143104], [10.207556574727061, 53.49039380758461], [10.207556574727061, 53.49039380758461], [10.20748538984791, 53.49035836143104]]]}, "properties": {"object_id": "f301c5ff-9bcc-44f7-87a9-b032f51af61f", "type": "Platform_Wall", "height": 44, "material": "other"}}, {"type": "Feature", "geometry": {"type": "Polygon", "coordinates": [[[10.207414211981352, 53.49032291031053], [10.207485389847927, 53.49035836143105], [10.207485389847927, 53.49035836143105], [10.207414211981352, 53.49032291031053], [10.207414211981352, 53.49032291031053]]]}, "properties": {"object_id": "dfe7415a-5267-4f3d-b1c2-f06251aef077", "type": "Platform_Wall", "height": 44, "material": "other"}}, {"type": "Feature", "geometry": {"type": "Polygon", "coordinates": [[[10.20734304112829, 53.49028745422361], [10.20734304112829, 53.49028745422361], [10.207414211981337, 53.49032291031056], [10.207414211981337, 53.49032291031056], [10.20734304112829, 53.49028745422361]]]}, "properties": {"object_id": "810a971b-7c71-4ca7-aa9a-bdaf8de5b6ca", "type": "Platform_Wall", "height": 44, "material": "other"}}, {"type": "Feature", "geometry": {"type": "Polygon", "coordinates": [[[10.208053566557945, 53.49055850140553], [10.2079832569487, 53.49052239235227], [10.2079832569487, 53.49052239235227], [10.208053566557945, 53.49055850140553], [10.208053566557945, 53.49055850140553]]]}, "properties": {"object_id": "d06684a9-b970-4498-a758-c402a319ee5e", "type": "Platform_Wall", "height": 44, "material": "other"}}, {"type": "Feature", "geometry": {"type": "Polygon", "coordinates": [[[10.207770171430177, 53.4905001162389], [10.207841384349909, 53.49053554251986], [10.207841384349909, 53.49053554251986], [10.207770171430177, 53.4905001162389], [10.207770171430177, 53.4905001162389]]]}, "properties": {"object_id": "376ea28c-2cfa-451c-81ab-245bc2838af4", "type": "Platform_Wall", "height": 44, "material": "other"}}, {"type": "Feature", "geometry": {"type": "Polygon", "coordinates": [[[10.206845041616731, 53.490039122596066], [10.206916163348088, 53.490074613434324], [10.206916163348088, 53.490074613434324], [10.206845041616731, 53.490039122596066], [10.206845041616731, 53.490039122596066]]]}, "properties": {"object_id": "2f4542f2-f846-4ca8-82e2-420b6d2c6267", "type": "Platform_Wall", "height": 44, "material": "other"}}, {"type": "Feature", "geometry": {"type": "Polygon", "coordinates": [[[10.206773926906633, 53.49000362679527], [10.206845041616731, 53.490039122596066], [10.206845041616731, 53.490039122596066], [10.206773926906633, 53.49000362679527], [10.206773926906633, 53.49000362679527]]]}, "properties": {"object_id": "9bf00514-4e82-4651-8808-78dc0086f7dc", "type": "Platform_Wall", "height": 44, "material": "other"}}, {"type": "Feature", "geometry": {"type": "Polygon", "coordinates": [[[10.206702819218732, 53.489968126032466], [10.206702819218732, 53.489968126032466], [10.206773926906633, 53.49000362679527], [10.206773926906633, 53.49000362679527], [10.206702819218732, 53.489968126032466]]]}, "properties": {"object_id": "bf3a0079-1aed-4f18-9612-67f76debd354", "type": "Platform_Wall", "height": 44, "material": "other"}}, {"type": "Feature", "geometry": {"type": "Polygon", "coordinates": [[[10.20671395865702, 53.48987502792426], [10.20671395865702, 53.48987502792426], [10.206678599891347, 53.48985711600204], [10.206678599891347, 53.48985711600204], [10.20671395865702, 53.48987502792426]]]}, "properties": {"object_id": "7a71c9ed-6115-440b-b0fd-4a6b041f6a66", "type": "Platform_Wall", "height": 44, "material": "other"}}, {"type": "Feature", "geometry": {"type": "Polygon", "coordinates": [[[10.206784659933746, 53.489910863208536], [10.20671395865702, 53.48987502792426], [10.20671395865702, 53.48987502792426], [10.206784659933746, 53.489910863208536], [10.206784659933746, 53.489910863208536]]]}, "properties": {"object_id": "afd6626e-8265-4f0f-87a2-d723a19c1d6b", "type": "Platform_Wall", "height": 44, "material": "other"}}, {"type": "Feature", "geometry": {"type": "Polygon", "coordinates": [[[10.206855339529904, 53.48994671374203], [10.206855339529904, 53.48994671374203], [10.206784659933758, 53.489910863208536], [10.206784659933758, 53.489910863208536], [10.206855339529904, 53.48994671374203]]]}, "properties": {"object_id": "793bfa4f-d05b-47b9-bba9-03f4637d0997", "type": "Platform_Wall", "height": 44, "material": "other"}}, {"type": "Feature", "geometry": {"type": "Polygon", "coordinates": [[[10.205512200009755, 53.48937932249245], [10.205512200009755, 53.48937932249245], [10.205555443939073, 53.489400281837], [10.205555443939073, 53.489400281837], [10.205512200009755, 53.48937932249245]]]}, "properties": {"object_id": "c0a389d8-0356-4e3b-8c03-676bd3791a82", "type": "Platform_Wall", "height": 44, "material": "other"}}, {"type": "Feature", "geometry": {"type": "Polygon", "coordinates": [[[10.205544099670131, 53.48930339849199], [10.205500240715761, 53.48928284599537], [10.205500240715761, 53.48928284599537], [10.205544099670131, 53.48930339849199], [10.205544099670131, 53.48930339849199]]]}, "properties": {"object_id": "8855bdac-1978-4829-b8ac-344352133b78", "type": "Platform_Wall", "height": 44, "material": "other"}}, {"type": "Feature", "geometry": {"type": "Polygon", "coordinates": [[[10.205806141517446, 53.48942755202855], [10.205762600754863, 53.48940676018632], [10.205762600754863, 53.48940676018632], [10.205806141517446, 53.48942755202855], [10.205806141517446, 53.48942755202855]]]}, "properties": {"object_id": "340562b9-e601-4e7b-879b-1d38b0273da8", "type": "Platform_Wall", "height": 44, "material": "other"}}, {"type": "Feature", "geometry": {"type": "Polygon", "coordinates": [[[10.205849628890164, 53.4894483835918], [10.205806141517444, 53.48942755202854], [10.205806141517444, 53.48942755202854], [10.205849628890164, 53.4894483835918], [10.205849628890164, 53.4894483835918]]]}, "properties": {"object_id": "0cc19976-d6b9-4af8-8698-f379cfcacc21", "type": "Platform_Wall", "height": 44, "material": "other"}}, {"type": "Feature", "geometry": {"type": "Polygon", "coordinates": [[[10.205893062771102, 53.48946925482731], [10.205849628890164, 53.489448383591785], [10.205849628890164, 53.489448383591785], [10.205893062771102, 53.48946925482731], [10.205893062771102, 53.48946925482731]]]}, "properties": {"object_id": "37b62687-0dae-42ba-a3bf-61646e39b6a5", "type": "Platform_Wall", "height": 44, "material": "other"}}, {"type": "Feature", "geometry": {"type": "Polygon", "coordinates": [[[10.205936443058441, 53.48949016568623], [10.205893062771072, 53.48946925482731], [10.205893062771072, 53.48946925482731], [10.205936443058441, 53.48949016568623], [10.205936443058441, 53.48949016568623]]]}, "properties": {"object_id": "5910e74d-0d7b-4e11-9275-0d5821977d14", "type": "Platform_Wall", "height": 44, "material": "other"}}, {"type": "Feature", "geometry": {"type": "Polygon", "coordinates": [[[10.205979769650531, 53.4895111161195], [10.205936443058429, 53.48949016568621], [10.205936443058429, 53.48949016568621], [10.205979769650531, 53.4895111161195], [10.205979769650531, 53.4895111161195]]]}, "properties": {"object_id": "1235a3a0-63e6-498b-a637-80fb964c0d07", "type": "Platform_Wall", "height": 44, "material": "other"}}, {"type": "Feature", "geometry": {"type": "Polygon", "coordinates": [[[10.206023042445814, 53.48953210607815], [10.205979769650519, 53.4895111161195], [10.205979769650519, 53.4895111161195], [10.206023042445814, 53.48953210607815], [10.206023042445814, 53.48953210607815]]]}, "properties": {"object_id": "74484654-b001-4695-8e41-bb0904aff63f", "type": "Platform_Wall", "height": 44, "material": "other"}}, {"type": "Feature", "geometry": {"type": "Polygon", "coordinates": [[[10.206066261342873, 53.48955313551295], [10.206066261342873, 53.48955313551295], [10.206023042445814, 53.48953210607815], [10.206023042445814, 53.48953210607815], [10.206066261342873, 53.48955313551295]]]}, "properties": {"object_id": "7d6611b1-5ded-4100-98b0-bb75015903f1", "type": "Platform_Wall", "height": 44, "material": "other"}}, {"type": "Feature", "geometry": {"type": "Polygon", "coordinates": [[[10.206109426240422, 53.48957420437469], [10.206066261342887, 53.48955313551295], [10.206066261342887, 53.48955313551295], [10.206109426240422, 53.48957420437469], [10.206109426240422, 53.48957420437469]]]}, "properties": {"object_id": "1255f94b-d16d-4703-af88-6a858952de18", "type": "Platform_Wall", "height": 44, "material": "other"}}, {"type": "Feature", "geometry": {"type": "Polygon", "coordinates": [[[10.206152537037266, 53.489595312614], [10.206152537037266, 53.489595312614], [10.206109426240422, 53.48957420437469], [10.206109426240422, 53.48957420437469], [10.206152537037266, 53.489595312614]]]}, "properties": {"object_id": "6d171a7a-f74f-482b-90cd-1ca09c8522a3", "type": "Platform_Wall", "height": 44, "material": "other"}}, {"type": "Feature", "geometry": {"type": "Polygon", "coordinates": [[[10.206195593632371, 53.48961646018146], [10.206152537037266, 53.48959531261401], [10.206152537037266, 53.48959531261401], [10.206195593632371, 53.48961646018146], [10.206195593632371, 53.48961646018146]]]}, "properties": {"object_id": "667e1a79-9ffd-4c56-8c9b-8af5ea35f2f0", "type": "Platform_Wall", "height": 44, "material": "other"}}, {"type": "Feature", "geometry": {"type": "Polygon", "coordinates": [[[10.206238595924788, 53.489637647027536], [10.206238595924788, 53.489637647027536], [10.206195593632359, 53.489616460181466], [10.206195593632359, 53.489616460181466], [10.206238595924788, 53.489637647027536]]]}, "properties": {"object_id": "065c8678-f6d8-4152-90df-8ab8fa83f102", "type": "Platform_Wall", "height": 44, "material": "other"}}, {"type": "Feature", "geometry": {"type": "Polygon", "coordinates": [[[10.206281543813773, 53.489658873102606], [10.206238595924788, 53.489637647027536], [10.206238595924788, 53.489637647027536], [10.206281543813773, 53.489658873102606], [10.206281543813773, 53.489658873102606]]]}, "properties": {"object_id": "d15b2856-920d-4f7b-9048-2c32eb6a4fb9", "type": "Platform_Wall", "height": 44, "material": "other"}}, {"type": "Feature", "geometry": {"type": "Polygon", "coordinates": [[[10.206324437198653, 53.489680138356974], [10.206324437198653, 53.489680138356974], [10.20628154381379, 53.48965887310261], [10.20628154381379, 53.48965887310261], [10.206324437198653, 53.489680138356974]]]}, "properties": {"object_id": "92f54aaa-4dc3-4d8e-b85d-bf2a8ed83551", "type": "Platform_Wall", "height": 44, "material": "other"}}, {"type": "Feature", "geometry": {"type": "Polygon", "coordinates": [[[10.20634586342064, 53.48969078566079], [10.20634586342064, 53.48969078566079], [10.206324437198665, 53.48968013835695], [10.206324437198665, 53.48968013835695], [10.20634586342064, 53.48969078566079]]]}, "properties": {"object_id": "6544cd52-fb33-440e-8eb1-bab3aaa3d500", "type": "Platform_Wall", "height": 44, "material": "other"}}, {"type": "Feature", "geometry": {"type": "Polygon", "coordinates": [[[10.206678599891719, 53.48985711600181], [10.206345863420626, 53.48969078566081], [10.206345863420626, 53.48969078566081], [10.206678599891719, 53.48985711600181], [10.206678599891719, 53.48985711600181]]]}, "properties": {"object_id": "94d5ed00-c2f2-44e5-9fc9-2f8f40b80c0c", "type": "Platform_Wall", "height": 44, "material": "other"}}, {"type": "Feature", "geometry": {"type": "Polygon", "coordinates": [[[10.206200245792694, 53.489717477375166], [10.206200245792694, 53.489717477375166], [10.206242973829044, 53.48973880997568], [10.206242973829044, 53.48973880997568], [10.206200245792694, 53.489717477375166]]]}, "properties": {"object_id": "6e9098d7-3fea-432d-a843-b14f4a92fe3b", "type": "Platform_Wall", "height": 44, "material": "other"}}, {"type": "Feature", "geometry": {"type": "Polygon", "coordinates": [[[10.206631718554, 53.48993262030813], [10.206631718554, 53.48993262030813], [10.206702819218718, 53.489968126032466], [10.206702819218718, 53.489968126032466], [10.206631718554, 53.48993262030813]]]}, "properties": {"object_id": "9b5cf422-e968-44ed-8b93-1c85b4cf90a1", "type": "Platform_Wall", "height": 44, "material": "other"}}, {"type": "Feature", "geometry": {"type": "Polygon", "coordinates": [[[10.206596170855649, 53.48991486558552], [10.206596170855649, 53.48991486558552], [10.206631718554013, 53.4899326203081], [10.206631718554013, 53.4899326203081], [10.206596170855649, 53.48991486558552]]]}, "properties": {"object_id": "7b660101-1bc6-41f0-bfa5-4d59cd5295cb", "type": "Platform_Wall", "height": 44, "material": "other"}}, {"type": "Feature", "geometry": {"type": "Polygon", "coordinates": [[[10.206264325644897, 53.48974948496925], [10.206264325644897, 53.48974948496925], [10.206596170787183, 53.48991486563426], [10.206596170787183, 53.48991486563426], [10.206264325644897, 53.48974948496925]]]}, "properties": {"object_id": "fca275c6-2d7d-4648-a75a-263c18299e15", "type": "Platform_Wall", "height": 44, "material": "other"}}, {"type": "Feature", "geometry": {"type": "Polygon", "coordinates": [[[10.206242973829044, 53.48973880997566], [10.206264325644897, 53.48974948496925], [10.206264325644897, 53.48974948496925], [10.206242973829044, 53.48973880997566], [10.206242973829044, 53.48973880997566]]]}, "properties": {"object_id": "3a6527a0-a1e1-40e2-bc50-39980bf24730", "type": "Platform_Wall", "height": 44, "material": "other"}}, {"type": "Feature", "geometry": {"type": "Polygon", "coordinates": [[[10.205771183234571, 53.489505430103385], [10.205771183234571, 53.489505430103385], [10.205814234773204, 53.489526529943554], [10.205814234773204, 53.489526529943554], [10.205771183234571, 53.489505430103385]]]}, "properties": {"object_id": "2b7a44de-8e05-4fc6-a584-b49f4db3c970", "type": "Platform_Wall", "height": 44, "material": "other"}}, {"type": "Feature", "geometry": {"type": "Polygon", "coordinates": [[[10.205728099541494, 53.48948435363562], [10.20577118323456, 53.4895054301034], [10.20577118323456, 53.4895054301034], [10.205728099541494, 53.48948435363562], [10.205728099541494, 53.48948435363562]]]}, "properties": {"object_id": "dfcb2f48-dcea-486c-adc6-3587a47b938e", "type": "Platform_Wall", "height": 44, "material": "other"}}, {"type": "Feature", "geometry": {"type": "Polygon", "coordinates": [[[10.205684983729672, 53.48946330055768], [10.205684983729672, 53.48946330055768], [10.205728099541506, 53.48948435363562], [10.205728099541506, 53.48948435363562], [10.205684983729672, 53.48946330055768]]]}, "properties": {"object_id": "8d521cca-f1e6-410b-a896-4800e69f93b3", "type": "Platform_Wall", "height": 44, "material": "other"}}, {"type": "Feature", "geometry": {"type": "Polygon", "coordinates": [[[10.205641835834822, 53.489442270887025], [10.205684983729672, 53.48946330055768], [10.205684983729672, 53.48946330055768], [10.205641835834822, 53.489442270887025], [10.205641835834822, 53.489442270887025]]]}, "properties": {"object_id": "43e40f4f-aed8-43e0-82e0-9a7c2fc07a1a", "type": "Platform_Wall", "height": 44, "material": "other"}}, {"type": "Feature", "geometry": {"type": "Polygon", "coordinates": [[[10.205598655892684, 53.48942126464099], [10.205598655892684, 53.48942126464099], [10.205641835834822, 53.489442270887025], [10.205641835834822, 53.489442270887025], [10.205598655892684, 53.48942126464099]]]}, "properties": {"object_id": "bc56a736-44d4-4bf3-b75a-ded1e1594195", "type": "Platform_Wall", "height": 44, "material": "other"}}, {"type": "Feature", "geometry": {"type": "Polygon", "coordinates": [[[10.205555443939058, 53.48940028183701], [10.205598655892672, 53.48942126464099], [10.205598655892672, 53.48942126464099], [10.205555443939058, 53.48940028183701], [10.205555443939058, 53.48940028183701]]]}, "properties": {"object_id": "2165bed2-6b01-4efc-8ecc-a2b641d302dc", "type": "Platform_Wall", "height": 44, "material": "other"}}, {"type": "Feature", "geometry": {"type": "Polygon", "coordinates": [[[10.2055879058488, 53.4893239910004], [10.2055879058488, 53.4893239910004], [10.205544099670117, 53.48930339849198], [10.205544099670117, 53.48930339849198], [10.2055879058488, 53.4893239910004]]]}, "properties": {"object_id": "374a8869-726d-49ee-abde-a0fbd80fb77c", "type": "Platform_Wall", "height": 44, "material": "other"}}, {"type": "Feature", "geometry": {"type": "Polygon", "coordinates": [[[10.205631659149091, 53.48934462347244], [10.205631659149091, 53.48934462347244], [10.205587905848814, 53.489323991000404], [10.205587905848814, 53.489323991000404], [10.205631659149091, 53.48934462347244]]]}, "properties": {"object_id": "2f60318b-0513-483c-b504-9c349371595a", "type": "Platform_Wall", "height": 44, "material": "other"}}, {"type": "Feature", "geometry": {"type": "Polygon", "coordinates": [[[10.205675359468458, 53.48936529585971], [10.205631659149077, 53.48934462347244], [10.205631659149077, 53.48934462347244], [10.205675359468458, 53.48936529585971], [10.205675359468458, 53.48936529585971]]]}, "properties": {"object_id": "ad994307-1670-4e7f-b22d-f60be8acbea6", "type": "Platform_Wall", "height": 44, "material": "other"}}, {"type": "Feature", "geometry": {"type": "Polygon", "coordinates": [[[10.205719006704472, 53.48938600811383], [10.205719006704472, 53.48938600811383], [10.205675359468444, 53.48936529585973], [10.205675359468444, 53.48936529585973], [10.205719006704472, 53.48938600811383]]]}, "properties": {"object_id": "fe993055-3f09-4a6f-8c44-bb2a78d607ff", "type": "Platform_Wall", "height": 44, "material": "other"}}, {"type": "Feature", "geometry": {"type": "Polygon", "coordinates": [[[10.205762600754877, 53.48940676018632], [10.2057190067045, 53.48938600811386], [10.2057190067045, 53.48938600811386], [10.205762600754877, 53.48940676018632], [10.205762600754877, 53.48940676018632]]]}, "properties": {"object_id": "1c917d66-6022-4798-8b3e-fe210236ec55", "type": "Platform_Wall", "height": 44, "material": "other"}}, {"type": "Feature", "geometry": {"type": "Polygon", "coordinates": [[[10.206157485246349, 53.48969616797156], [10.206200245792694, 53.489717477375166], [10.206200245792694, 53.489717477375166], [10.206157485246349, 53.48969616797156], [10.206157485246349, 53.48969616797156]]]}, "properties": {"object_id": "9bd05f30-b62c-4aea-b652-e0998eb9b2aa", "type": "Platform_Wall", "height": 44, "material": "other"}}, {"type": "Feature", "geometry": {"type": "Polygon", "coordinates": [[[10.206114692225448, 53.489674881782506], [10.206157485246363, 53.48969616797156], [10.206157485246363, 53.48969616797156], [10.206114692225448, 53.489674881782506], [10.206114692225448, 53.489674881782506]]]}, "properties": {"object_id": "3aafb4db-84e1-4852-ae93-48346af2fe45", "type": "Platform_Wall", "height": 44, "material": "other"}}, {"type": "Feature", "geometry": {"type": "Polygon", "coordinates": [[[10.206071866765402, 53.4896536188256], [10.20611469222542, 53.489674881782506], [10.20611469222542, 53.489674881782506], [10.206071866765402, 53.4896536188256], [10.206071866765402, 53.4896536188256]]]}, "properties": {"object_id": "7734ce0f-a1d0-4ed5-813b-443d1c6d7745", "type": "Platform_Wall", "height": 44, "material": "other"}}, {"type": "Feature", "geometry": {"type": "Polygon", "coordinates": [[[10.20602900890176, 53.48963237911846], [10.20602900890176, 53.48963237911846], [10.206071866765402, 53.4896536188256], [10.206071866765402, 53.4896536188256], [10.20602900890176, 53.48963237911846]]]}, "properties": {"object_id": "c52ad392-bfa7-402c-beb5-e82f16eee7e7", "type": "Platform_Wall", "height": 44, "material": "other"}}, {"type": "Feature", "geometry": {"type": "Polygon", "coordinates": [[[10.205986118670005, 53.489611162678635], [10.206029008901758, 53.48963237911844], [10.206029008901758, 53.48963237911844], [10.205986118670005, 53.489611162678635], [10.205986118670005, 53.489611162678635]]]}, "properties": {"object_id": "1d0576b1-a679-4c92-b2cd-3bdab5793e79", "type": "Platform_Wall", "height": 44, "material": "other"}}, {"type": "Feature", "geometry": {"type": "Polygon", "coordinates": [[[10.205943196105695, 53.48958996952371], [10.205943196105695, 53.48958996952371], [10.20598611867002, 53.489611162678635], [10.20598611867002, 53.489611162678635], [10.205943196105695, 53.48958996952371]]]}, "properties": {"object_id": "1bd8bc0c-d938-4520-b68b-459576eae033", "type": "Platform_Wall", "height": 44, "material": "other"}}, {"type": "Feature", "geometry": {"type": "Polygon", "coordinates": [[[10.205900241244402, 53.48956879967122], [10.205943196105709, 53.489589969523706], [10.205943196105709, 53.489589969523706], [10.205900241244402, 53.48956879967122], [10.205900241244402, 53.48956879967122]]]}, "properties": {"object_id": "0ac03866-e87d-4201-9db7-386077b7ef07", "type": "Platform_Wall", "height": 44, "material": "other"}}, {"type": "Feature", "geometry": {"type": "Polygon", "coordinates": [[[10.205857254121678, 53.489547653138665], [10.205857254121678, 53.489547653138665], [10.20590024124439, 53.48956879967122], [10.20590024124439, 53.48956879967122], [10.205857254121678, 53.489547653138665]]]}, "properties": {"object_id": "7d2c6763-6e8f-4351-a91f-5430a31ca50c", "type": "Platform_Wall", "height": 44, "material": "other"}}, {"type": "Feature", "geometry": {"type": "Polygon", "coordinates": [[[10.205814234773191, 53.489526529943554], [10.205857254121678, 53.48954765313866], [10.205857254121678, 53.48954765313866], [10.205814234773191, 53.489526529943554], [10.205814234773191, 53.489526529943554]]]}, "properties": {"object_id": "99667ba2-c290-4581-a6b3-78120bf41eaf", "type": "Platform_Wall", "height": 44, "material": "other"}}, {"type": "Feature", "geometry": {"type": "Polygon", "coordinates": [[[10.205468924140604, 53.48935838662466], [10.205468924140604, 53.48935838662466], [10.20551220000977, 53.489379322492454], [10.20551220000977, 53.489379322492454], [10.205468924140604, 53.48935838662466]]]}, "properties": {"object_id": "d55b1fa7-4f8b-4454-80cb-f9930c8ee907", "type": "Platform_Wall", "height": 44, "material": "other"}}, {"type": "Feature", "geometry": {"type": "Polygon", "coordinates": [[[10.205425616367437, 53.489337474250945], [10.205425616367437, 53.489337474250945], [10.20546892414059, 53.48935838662464], [10.20546892414059, 53.48935838662464], [10.205425616367437, 53.489337474250945]]]}, "properties": {"object_id": "09f403c5-b5dc-4724-8750-9b5be0292047", "type": "Platform_Wall", "height": 44, "material": "other"}}, {"type": "Feature", "geometry": {"type": "Polygon", "coordinates": [[[10.20550024071576, 53.489282845995355], [10.20550024071576, 53.489282845995355], [10.205425616367451, 53.48933747425093], [10.205425616367451, 53.48933747425093], [10.20550024071576, 53.489282845995355]]]}, "properties": {"object_id": "5bdd6cfb-a637-4d43-9b0f-0865781f410f", "type": "Platform_Wall", "height": 44, "material": "other"}}, {"type": "Feature", "geometry": {"type": "Polygon", "coordinates": [[[10.207998600104643, 53.49088384548546], [10.207998600104643, 53.49088384548546], [10.208026316571894, 53.49089805891744], [10.208026316571894, 53.49089805891744], [10.207998600104643, 53.49088384548546]]]}, "properties": {"object_id": "d89f0f54-cfe0-4602-b311-c572dc0d6519", "type": "Wall_Wall", "height": 141, "material": "metal"}}, {"type": "Feature", "geometry": {"type": "Polygon", "coordinates": [[[10.20802631657191, 53.49089805891744], [10.208026316571905, 53.49089805891744], [10.20802942379088, 53.490895903942196], [10.20802942379088, 53.49089590394218], [10.20802631657191, 53.49089805891744]]]}, "properties": {"object_id": "c5840032-a340-4572-b998-92622e034e54", "type": "Wall_Wall", "height": 141, "material": "metal"}}, {"type": "Feature", "geometry": {"type": "Polygon", "coordinates": [[[10.208029423790864, 53.490895903942175], [10.208029423790864, 53.49089590394217], [10.208036335973217, 53.49089944861329], [10.208036335973217, 53.49089944861329], [10.208029423790864, 53.490895903942175]]]}, "properties": {"object_id": "bdd46d01-4719-471b-8d0f-9338d0828905", "type": "Wall_Wall", "height": 141, "material": "metal"}}, {"type": "Feature", "geometry": {"type": "Polygon", "coordinates": [[[10.207554985038108, 53.49068890391331], [10.207554985038108, 53.49068890391331], [10.207493170936518, 53.49066293483081], [10.207493170936518, 53.490662934830794], [10.207554985038108, 53.49068890391331]]]}, "properties": {"object_id": "c37e2323-6593-4cee-8c74-bf4cddea96a7", "type": "Wall_Wall", "height": 345, "material": "metal"}}, {"type": "Feature", "geometry": {"type": "Polygon", "coordinates": [[[10.207219540299231, 53.4905524507396], [10.207219540299231, 53.4905524507396], [10.207154201250523, 53.49052868203692], [10.207154201250523, 53.49052868203692], [10.207219540299231, 53.4905524507396]]]}, "properties": {"object_id": "89d94008-e2eb-4381-90e0-07d03facdc77", "type": "Wall_Wall", "height": 345, "material": "metal"}}, {"type": "Feature", "geometry": {"type": "Polygon", "coordinates": [[[10.207402241971755, 53.49062475894327], [10.20740224197174, 53.49062475894327], [10.207340549393365, 53.49059898650504], [10.207340549393349, 53.49059898650505], [10.207402241971755, 53.49062475894327]]]}, "properties": {"object_id": "35677f47-7e46-49ea-af95-bdbec3f97103", "type": "Wall_Wall", "height": 345, "material": "metal"}}, {"type": "Feature", "geometry": {"type": "Polygon", "coordinates": [[[10.20746359428896, 53.49065056834634], [10.20746359428896, 53.49065056834634], [10.20740224197174, 53.49062475894327], [10.20740224197174, 53.490624758943284], [10.20746359428896, 53.49065056834634]]]}, "properties": {"object_id": "f0ee37b1-97ac-404a-af5a-f1b5a4f2d6b6", "type": "Wall_Wall", "height": 345, "material": "metal"}}, {"type": "Feature", "geometry": {"type": "Polygon", "coordinates": [[[10.207493170936546, 53.49066293483082], [10.207493170936546, 53.49066293483082], [10.207463594288958, 53.49065056834635], [10.207463594288974, 53.49065056834635], [10.207493170936546, 53.49066293483082]]]}, "properties": {"object_id": "05b9ab89-da96-46da-be86-759e34db62d3", "type": "Wall_Wall", "height": 345, "material": "metal"}}, {"type": "Feature", "geometry": {"type": "Polygon", "coordinates": [[[10.207277298724698, 53.49057351917319], [10.207219540299233, 53.49055245073961], [10.207219540299231, 53.4905524507396], [10.207277298724698, 53.49057351917318], [10.207277298724698, 53.49057351917319]]]}, "properties": {"object_id": "26e90ffb-b35f-40d7-9ae3-f08b88f606d9", "type": "Wall_Wall", "height": 345, "material": "metal"}}, {"type": "Feature", "geometry": {"type": "Polygon", "coordinates": [[[10.207340549393336, 53.49059898650508], [10.207277298724684, 53.49057351917318], [10.207277298724698, 53.49057351917319], [10.207340549393336, 53.49059898650508], [10.207340549393336, 53.49059898650508]]]}, "properties": {"object_id": "fd49e4e8-6efb-4f0b-b339-6529cbbd0e56", "type": "Wall_Wall", "height": 345, "material": "metal"}}, {"type": "Feature", "geometry": {"type": "Polygon", "coordinates": [[[10.207092603621392, 53.49050177399159], [10.207054127489576, 53.49048471877294], [10.207054127489576, 53.49048471877294], [10.207092603621378, 53.49050177399159], [10.207092603621392, 53.49050177399159]]]}, "properties": {"object_id": "9ec65e4b-b5a6-44a7-9ffd-d641eb80abfb", "type": "Wall_Wall", "height": 345, "material": "metal"}}, {"type": "Feature", "geometry": {"type": "Polygon", "coordinates": [[[10.207154201250518, 53.49052868203692], [10.20715420125052, 53.49052868203691], [10.207092603621392, 53.49050177399159], [10.207092603621392, 53.49050177399159], [10.207154201250518, 53.49052868203692]]]}, "properties": {"object_id": "37784fd4-168f-44f0-819b-a0e414231a57", "type": "Wall_Wall", "height": 345, "material": "metal"}}, {"type": "Feature", "geometry": {"type": "Polygon", "coordinates": [[[10.207017704171571, 53.490475083844416], [10.206952880645417, 53.49044940148951], [10.206952880645417, 53.49044940148951], [10.207017704171584, 53.490475083844416], [10.207017704171571, 53.490475083844416]]]}, "properties": {"object_id": "61c9f4ab-eb2c-41d5-ada8-c57618e8df66", "type": "Wall_Wall", "height": 345, "material": "metal"}}, {"type": "Feature", "geometry": {"type": "Polygon", "coordinates": [[[10.207054127489577, 53.490484718772954], [10.207017704171585, 53.490475083844444], [10.207017704171571, 53.490475083844444], [10.207054127489577, 53.49048471877296], [10.207054127489577, 53.490484718772954]]]}, "properties": {"object_id": "e1c0f2fb-3fe5-40da-93ac-60de10c52b4d", "type": "Wall_Wall", "height": 345, "material": "metal"}}, {"type": "Feature", "geometry": {"type": "Polygon", "coordinates": [[[10.206442667512157, 53.490195670852664], [10.206442667512155, 53.49019567085267], [10.206384762670973, 53.49016679530692], [10.206384762670988, 53.49016679530692], [10.206442667512157, 53.490195670852664]]]}, "properties": {"object_id": "09d8f3b4-11de-49ac-9df9-98bfdfc12d19", "type": "Wall_Wall", "height": 211, "material": "metal"}}, {"type": "Feature", "geometry": {"type": "Polygon", "coordinates": [[[10.206384762670973, 53.490166795306926], [10.20638476267099, 53.490166795306926], [10.206327339279136, 53.490137467644736], [10.206327339279136, 53.490137467644736], [10.206384762670973, 53.490166795306926]]]}, "properties": {"object_id": "18eed81b-4a47-4d6c-9adb-3ced508aa1f5", "type": "Wall_Wall", "height": 211, "material": "metal"}}, {"type": "Feature", "geometry": {"type": "Polygon", "coordinates": [[[10.206238813856709, 53.49009381804987], [10.206238813856697, 53.490093818049864], [10.206176286528176, 53.49008755109575], [10.206176286528176, 53.49008755109575], [10.206238813856709, 53.49009381804987]]]}, "properties": {"object_id": "55096c7f-8d3d-427e-a242-874114bd3950", "type": "Wall_Wall", "height": 211, "material": "metal"}}, {"type": "Feature", "geometry": {"type": "Polygon", "coordinates": [[[10.206269332380499, 53.49010820886914], [10.206238813856723, 53.49009381804987], [10.206238813856709, 53.49009381804987], [10.206269332380499, 53.49010820886914], [10.206269332380499, 53.49010820886914]]]}, "properties": {"object_id": "8dc57841-c1ac-4cd5-b148-a286165c3ded", "type": "Wall_Wall", "height": 211, "material": "metal"}}, {"type": "Feature", "geometry": {"type": "Polygon", "coordinates": [[[10.206327339279149, 53.490137467644736], [10.206269332380515, 53.49010820886914], [10.2062693323805, 53.49010820886913], [10.206327339279136, 53.49013746764473], [10.206327339279149, 53.490137467644736]]]}, "properties": {"object_id": "ceef3768-afd8-4db7-a7ff-b940ef0fd143", "type": "Wall_Wall", "height": 211, "material": "metal"}}, {"type": "Feature", "geometry": {"type": "Polygon", "coordinates": [[[10.206812078463779, 53.490373416239564], [10.206793511035816, 53.490364563568946], [10.206793511035801, 53.490364563568946], [10.206812078463791, 53.490373416239564], [10.206812078463779, 53.490373416239564]]]}, "properties": {"object_id": "eedf5fc1-8e67-472e-be32-6e2dad7789f3", "type": "Wall_Wall", "height": 231, "material": "metal"}}, {"type": "Feature", "geometry": {"type": "Polygon", "coordinates": [[[10.206842685802986, 53.490410517022056], [10.206842685802986, 53.490410517022056], [10.206812078463805, 53.490373416239535], [10.206812078463805, 53.490373416239535], [10.206842685802986, 53.490410517022056]]]}, "properties": {"object_id": "5f647331-f8ce-4c29-b730-50867631a95d", "type": "Wall_Wall", "height": 231, "material": "metal"}}, {"type": "Feature", "geometry": {"type": "Polygon", "coordinates": [[[10.206885852282637, 53.49043020640973], [10.206842685802986, 53.490410517022056], [10.206842685802986, 53.490410517022056], [10.20688585228265, 53.49043020640973], [10.206885852282637, 53.49043020640973]]]}, "properties": {"object_id": "7933a9d8-9271-4895-9f87-038896fca136", "type": "Wall_Wall", "height": 231, "material": "metal"}}, {"type": "Feature", "geometry": {"type": "Polygon", "coordinates": [[[10.20679351103583, 53.490364563568946], [10.20679351103583, 53.490364563568946], [10.20673436628948, 53.49033694382193], [10.20673436628948, 53.49033694382193], [10.20679351103583, 53.490364563568946]]]}, "properties": {"object_id": "69c27e15-aea2-48ae-af06-2e28ab2cdb0a", "type": "Wall_Wall", "height": 231, "material": "metal"}}, {"type": "Feature", "geometry": {"type": "Polygon", "coordinates": [[[10.20655966961564, 53.49025143628399], [10.206500545505488, 53.490223374921364], [10.206500545505504, 53.490223374921364], [10.20655966961564, 53.49025143628399], [10.20655966961564, 53.49025143628399]]]}, "properties": {"object_id": "3f76626e-c7ec-4f50-ac49-a6e2fd27ac42", "type": "Wall_Wall", "height": 231, "material": "metal"}}, {"type": "Feature", "geometry": {"type": "Polygon", "coordinates": [[[10.206588749036941, 53.490265959197615], [10.20655966961564, 53.49025143628399], [10.20655966961564, 53.49025143628399], [10.206588749036941, 53.49026595919759], [10.206588749036941, 53.490265959197615]]]}, "properties": {"object_id": "3129feb5-9194-473f-9291-d29ca400e335", "type": "Wall_Wall", "height": 231, "material": "metal"}}, {"type": "Feature", "geometry": {"type": "Polygon", "coordinates": [[[10.206646690843117, 53.490294565802614], [10.206646690843117, 53.490294565802614], [10.206588749036927, 53.490265959197586], [10.206588749036927, 53.490265959197586], [10.206646690843117, 53.490294565802614]]]}, "properties": {"object_id": "b7e55447-4043-488d-a001-6aeed9e6c80c", "type": "Wall_Wall", "height": 231, "material": "metal"}}, {"type": "Feature", "geometry": {"type": "Polygon", "coordinates": [[[10.206704150458613, 53.49032302009039], [10.206646690843117, 53.490294565802635], [10.206646690843117, 53.490294565802614], [10.2067041504586, 53.49032302009038], [10.206704150458613, 53.49032302009039]]]}, "properties": {"object_id": "31d80628-6f64-4c1e-af00-f109b4a6ce9f", "type": "Wall_Wall", "height": 231, "material": "metal"}}, {"type": "Feature", "geometry": {"type": "Polygon", "coordinates": [[[10.206734366289467, 53.4903369438219], [10.206734366289469, 53.4903369438219], [10.206704150458627, 53.49032302009039], [10.206704150458629, 53.49032302009039], [10.206734366289467, 53.4903369438219]]]}, "properties": {"object_id": "293f8c6c-e444-4dc6-81e9-462a0d853559", "type": "Wall_Wall", "height": 231, "material": "metal"}}, {"type": "Feature", "geometry": {"type": "Polygon", "coordinates": [[[10.205687727791975, 53.48987082099473], [10.205687727791975, 53.48987082099473], [10.205661309536504, 53.48985115776852], [10.205661309536506, 53.48985115776854], [10.205687727791975, 53.48987082099473]]]}, "properties": {"object_id": "563bf814-2354-4355-99d2-1b95cf183191", "type": "Wall_Wall", "height": 217, "material": "metal"}}, {"type": "Feature", "geometry": {"type": "Polygon", "coordinates": [[[10.205717006242676, 53.48988511018956], [10.205717006242676, 53.48988511018956], [10.205687727791984, 53.489870820994746], [10.205687727791984, 53.489870820994746], [10.205717006242676, 53.48988511018956]]]}, "properties": {"object_id": "75938cf6-910b-4aec-b85c-8e0e9d47ee8a", "type": "Wall_Wall", "height": 217, "material": "metal"}}, {"type": "Feature", "geometry": {"type": "Polygon", "coordinates": [[[10.205723575486218, 53.48988838480625], [10.205723575486216, 53.489888384806235], [10.205717006242663, 53.48988511018956], [10.205717006242663, 53.48988511018956], [10.205723575486218, 53.48988838480625]]]}, "properties": {"object_id": "ce763f57-7ec0-4cee-827c-0e1426420466", "type": "Wall_Wall", "height": 217, "material": "metal"}}, {"type": "Feature", "geometry": {"type": "Polygon", "coordinates": [[[10.20561043015197, 53.489791168740794], [10.205553447210422, 53.48976174161053], [10.20555344721041, 53.48976174161053], [10.20561043015197, 53.48979116874078], [10.20561043015197, 53.489791168740794]]]}, "properties": {"object_id": "3272f984-2ceb-4087-8727-5c43e8feaf82", "type": "Wall_Wall", "height": 217, "material": "metal"}}, {"type": "Feature", "geometry": {"type": "Polygon", "coordinates": [[[10.205080830261934, 53.489525911899015], [10.205080830261945, 53.48952591189901], [10.204968980942697, 53.489472166241086], [10.204968980942697, 53.489472166241086], [10.205080830261934, 53.489525911899015]]]}, "properties": {"object_id": "2bec4ef4-e289-4b24-9ea5-263609741e9c", "type": "Wall_Wall", "height": 217, "material": "metal"}}, {"type": "Feature", "geometry": {"type": "Polygon", "coordinates": [[[10.205639335788486, 53.489806158204075], [10.2056393357885, 53.489806158204075], [10.205610430151967, 53.4897911687408], [10.205610430151973, 53.48979116874082], [10.205639335788486, 53.489806158204075]]]}, "properties": {"object_id": "b819ee4b-85bb-4f1a-b28a-6d067b94db3b", "type": "Wall_Wall", "height": 217, "material": "metal"}}, {"type": "Feature", "geometry": {"type": "Polygon", "coordinates": [[[10.205648092402305, 53.48982085960783], [10.205639335788508, 53.489806158204054], [10.205639335788504, 53.48980615820403], [10.205648092402303, 53.489820859607825], [10.205648092402305, 53.48982085960783]]]}, "properties": {"object_id": "5cf17929-fa76-42d4-ba03-5e3026bfdbe4", "type": "Wall_Wall", "height": 217, "material": "metal"}}, {"type": "Feature", "geometry": {"type": "Polygon", "coordinates": [[[10.205404218801494, 53.489685923351374], [10.205346590830159, 53.48965689333278], [10.205346590830159, 53.48965689333278], [10.205404218801494, 53.489685923351345], [10.205404218801494, 53.489685923351374]]]}, "properties": {"object_id": "b2c82119-372f-4a5c-81a1-43ae5fa2193f", "type": "Wall_Wall", "height": 217, "material": "metal"}}, {"type": "Feature", "geometry": {"type": "Polygon", "coordinates": [[[10.205518413470678, 53.48974424384024], [10.205404218801522, 53.48968592335136], [10.205404218801522, 53.48968592335136], [10.205518413470662, 53.48974424384022], [10.205518413470678, 53.48974424384024]]]}, "properties": {"object_id": "7817dd17-7eeb-4966-8b1a-96d5f941eb14", "type": "Wall_Wall", "height": 217, "material": "metal"}}, {"type": "Feature", "geometry": {"type": "Polygon", "coordinates": [[[10.205553447210407, 53.489761741610536], [10.205553447210395, 53.489761741610515], [10.205518413470648, 53.489744243840214], [10.205518413470648, 53.48974424384023], [10.205553447210407, 53.489761741610536]]]}, "properties": {"object_id": "ed5b8d68-98ec-4631-a5ef-996eff0d4162", "type": "Wall_Wall", "height": 217, "material": "metal"}}, {"type": "Feature", "geometry": {"type": "Polygon", "coordinates": [[[10.20524802486689, 53.48960859395803], [10.20524802486689, 53.48960859395803], [10.205196875915464, 53.48958291200189], [10.205196875915465, 53.48958291200189], [10.20524802486689, 53.48960859395803]]]}, "properties": {"object_id": "02d3b6fd-f600-489a-b148-a36bc91e9dac", "type": "Wall_Wall", "height": 217, "material": "metal"}}, {"type": "Feature", "geometry": {"type": "Polygon", "coordinates": [[[10.205288514127318, 53.48962857795015], [10.20524802486689, 53.48960859395803], [10.20524802486689, 53.48960859395802], [10.205288514127318, 53.48962857795015], [10.205288514127318, 53.48962857795015]]]}, "properties": {"object_id": "5ba7daba-c418-4f1b-a305-1f6e3f42a3c4", "type": "Wall_Wall", "height": 217, "material": "metal"}}, {"type": "Feature", "geometry": {"type": "Polygon", "coordinates": [[[10.205346590830159, 53.48965689333278], [10.205346590830159, 53.48965689333278], [10.205288514127307, 53.489628577950164], [10.205288514127318, 53.489628577950164], [10.205346590830159, 53.48965689333278]]]}, "properties": {"object_id": "2210a7c6-ce84-4472-ad73-21a1de0507b3", "type": "Wall_Wall", "height": 217, "material": "metal"}}, {"type": "Feature", "geometry": {"type": "Polygon", "coordinates": [[[10.205139194489398, 53.489554163416344], [10.205139194489382, 53.48955416341634], [10.20508083026196, 53.48952591189901], [10.20508083026196, 53.48952591189901], [10.205139194489398, 53.489554163416344]]]}, "properties": {"object_id": "547c91bb-36bf-4fc5-82a9-9102bbeb1e41", "type": "Wall_Wall", "height": 217, "material": "metal"}}, {"type": "Feature", "geometry": {"type": "Polygon", "coordinates": [[[10.205196875915451, 53.489582912001914], [10.205196875915451, 53.48958291200189], [10.205139194489371, 53.489554163416344], [10.205139194489357, 53.48955416341635], [10.205196875915451, 53.489582912001914]]]}, "properties": {"object_id": "c56f7863-f61b-43b6-8cf3-7ef51a3a370b", "type": "Wall_Wall", "height": 217, "material": "metal"}}, {"type": "Feature", "geometry": {"type": "Polygon", "coordinates": [[[10.204889629720165, 53.48943427695082], [10.204889629720165, 53.48943427695082], [10.204855515085317, 53.48941712068027], [10.204855515085317, 53.48941712068028], [10.204889629720165, 53.48943427695082]]]}, "properties": {"object_id": "908643bd-cb7e-4f8e-8fae-69bc93913d75", "type": "Wall_Wall", "height": 217, "material": "metal"}}, {"type": "Feature", "geometry": {"type": "Polygon", "coordinates": [[[10.204910207591457, 53.489444313180094], [10.204910207591467, 53.48944431318008], [10.204889629720194, 53.48943427695082], [10.204889629720194, 53.48943427695082], [10.204910207591457, 53.489444313180094]]]}, "properties": {"object_id": "966c01de-7096-424c-981d-e28c4daf7328", "type": "Wall_Wall", "height": 217, "material": "metal"}}, {"type": "Feature", "geometry": {"type": "Polygon", "coordinates": [[[10.20496898094271, 53.489472166241086], [10.20496898094271, 53.48947216624107], [10.204910207591466, 53.489444313180066], [10.204910207591467, 53.48944431318008], [10.20496898094271, 53.489472166241086]]]}, "properties": {"object_id": "cf468ade-bde2-441f-9df7-dc801bddd163", "type": "Wall_Wall", "height": 217, "material": "metal"}}, {"type": "Feature", "geometry": {"type": "Polygon", "coordinates": [[[10.205661309536502, 53.48985115776854], [10.205661309536499, 53.48985115776854], [10.205648092402305, 53.48982085960783], [10.205648092402305, 53.48982085960783], [10.205661309536502, 53.48985115776854]]]}, "properties": {"object_id": "c9216835-fff3-4e75-b7bd-c3d0ecb98036", "type": "Wall_Wall", "height": 217, "material": "metal"}}, {"type": "Feature", "geometry": {"type": "Polygon", "coordinates": [[[10.2047586287674, 53.489369095675585], [10.204710230232259, 53.48934517479867], [10.204710230232244, 53.48934517479867], [10.2047586287674, 53.489369095675585], [10.2047586287674, 53.489369095675585]]]}, "properties": {"object_id": "59518db1-9ee5-46a4-af77-e47f35854b09", "type": "Wall_Wall", "height": 217, "material": "metal"}}, {"type": "Feature", "geometry": {"type": "Polygon", "coordinates": [[[10.204855515085361, 53.48941712068027], [10.204758628767411, 53.48936909567557], [10.204758628767411, 53.48936909567557], [10.204855515085333, 53.48941712068028], [10.204855515085361, 53.48941712068027]]]}, "properties": {"object_id": "f1c970f3-a7b1-4169-8e52-0f41224aa527", "type": "Wall_Wall", "height": 217, "material": "metal"}}, {"type": "Feature", "geometry": {"type": "Polygon", "coordinates": [[[10.20440201891209, 53.48919420100869], [10.20436216564848, 53.48917474404878], [10.20436216564848, 53.48917474404878], [10.20440201891209, 53.48919420100869], [10.20440201891209, 53.48919420100869]]]}, "properties": {"object_id": "67fffc4d-0bde-452a-8568-fadc8721ce73", "type": "Wall_Wall", "height": 207, "material": "metal"}}, {"type": "Feature", "geometry": {"type": "Polygon", "coordinates": [[[10.204600071508567, 53.48929073498327], [10.20454180386035, 53.48926236930627], [10.20454180386035, 53.48926236930627], [10.204600071508567, 53.48929073498327], [10.204600071508567, 53.48929073498327]]]}, "properties": {"object_id": "24494042-5f71-46de-b812-92e8c18cd18c", "type": "Wall_Wall", "height": 207, "material": "metal"}}, {"type": "Feature", "geometry": {"type": "Polygon", "coordinates": [[[10.204653079271477, 53.48931676377474], [10.204653079271477, 53.48931676377474], [10.204600071508569, 53.48929073498329], [10.204600071508569, 53.48929073498329], [10.204653079271477, 53.48931676377474]]]}, "properties": {"object_id": "2a8f25fa-d67a-46ee-a41e-68f11d55cc79", "type": "Wall_Wall", "height": 207, "material": "metal"}}, {"type": "Feature", "geometry": {"type": "Polygon", "coordinates": [[[10.204483443413238, 53.48923386304914], [10.204483443413238, 53.48923386304914], [10.204454793188967, 53.48921986877499], [10.204454793188967, 53.48921986877499], [10.204483443413238, 53.48923386304914]]]}, "properties": {"object_id": "7f60992e-d4ad-46d5-a6e6-5315be6c1599", "type": "Wall_Wall", "height": 207, "material": "metal"}}, {"type": "Feature", "geometry": {"type": "Polygon", "coordinates": [[[10.204454793188981, 53.489219868774974], [10.204454793188981, 53.489219868774974], [10.204402018912104, 53.48919420100868], [10.204402018912104, 53.48919420100868], [10.204454793188981, 53.489219868774974]]]}, "properties": {"object_id": "6bde1a18-70a5-463c-9dd1-c5b5cfb01dbf", "type": "Wall_Wall", "height": 207, "material": "metal"}}, {"type": "Feature", "geometry": {"type": "Polygon", "coordinates": [[[10.204541803860334, 53.48926236930627], [10.204541803860334, 53.48926236930627], [10.204483443413238, 53.48923386304914], [10.204483443413238, 53.48923386304914], [10.204541803860334, 53.48926236930627]]]}, "properties": {"object_id": "22d12752-b758-43dd-9ace-4005bfa6cfd1", "type": "Wall_Wall", "height": 207, "material": "metal"}}, {"type": "Feature", "geometry": {"type": "Polygon", "coordinates": [[[10.204362165648464, 53.4891747440488], [10.204332782567313, 53.4891597267187], [10.204332782567313, 53.4891597267187], [10.204362165648464, 53.4891747440488], [10.204362165648464, 53.4891747440488]]]}, "properties": {"object_id": "dc7f7c57-c22e-4e1a-add5-d39919d63ff4", "type": "Wall_Wall", "height": 207, "material": "metal"}}, {"type": "Feature", "geometry": {"type": "Polygon", "coordinates": [[[10.20396434456773, 53.48897457665662], [10.203876572913405, 53.48893444896771], [10.203876572913405, 53.48893444896771], [10.20396434456773, 53.48897457665662], [10.20396434456773, 53.48897457665662]]]}, "properties": {"object_id": "727b0fff-fb5f-4a81-bfea-8ed6e1eab38b", "type": "Wall_Wall", "height": 127, "material": "metal"}}, {"type": "Feature", "geometry": {"type": "Polygon", "coordinates": [[[10.203635861902637, 53.48882381313528], [10.203546001638305, 53.488783073674895], [10.203546001638305, 53.488783073674895], [10.203635861902637, 53.48882381313528], [10.203635861902637, 53.48882381313528]]]}, "properties": {"object_id": "e056bb01-5f9a-4545-959b-ceeb8f7f5534", "type": "Wall_Wall", "height": 129, "material": "metal"}}, {"type": "Feature", "geometry": {"type": "Polygon", "coordinates": [[[10.201924155457917, 53.487856410458996], [10.201924155457917, 53.487856410458996], [10.201890377448743, 53.48784619015334], [10.20189037744873, 53.48784619015334], [10.201924155457917, 53.487856410458996]]]}, "properties": {"object_id": "4f8d66f5-5d6e-4c89-b0a5-755e06555a92", "type": "Wall_Wall", "height": 251, "material": "metal"}}, {"type": "Feature", "geometry": {"type": "Polygon", "coordinates": [[[10.20344073745543, 53.48835485129088], [10.20337878685194, 53.48833220336225], [10.203378786851955, 53.48833220336225], [10.20344073745543, 53.48835485129088], [10.20344073745543, 53.48835485129088]]]}, "properties": {"object_id": "6d22059c-69e7-4e56-b673-fbca9613f8bb", "type": "Wall_Wall", "height": 251, "material": "metal"}}, {"type": "Feature", "geometry": {"type": "Polygon", "coordinates": [[[10.203171858437763, 53.48824518823296], [10.203113249650963, 53.488233883942854], [10.203113249650977, 53.488233883942854], [10.203171858437774, 53.48824518823296], [10.203171858437763, 53.48824518823296]]]}, "properties": {"object_id": "1e3cbac9-79eb-418f-8b5d-9759561cea6c", "type": "Wall_Wall", "height": 251, "material": "metal"}}, {"type": "Feature", "geometry": {"type": "Polygon", "coordinates": [[[10.203238208946319, 53.48826854556904], [10.203238208946319, 53.48826854556904], [10.203171858437774, 53.48824518823296], [10.203171858437763, 53.48824518823296], [10.203238208946319, 53.48826854556904]]]}, "properties": {"object_id": "b47c96c2-343e-48cc-be11-d50e44a6f682", "type": "Wall_Wall", "height": 251, "material": "metal"}}, {"type": "Feature", "geometry": {"type": "Polygon", "coordinates": [[[10.203302618920562, 53.48829255345932], [10.203302618920562, 53.48829255345932], [10.203238208946306, 53.488268545569056], [10.203238208946306, 53.488268545569056], [10.203302618920562, 53.48829255345932]]]}, "properties": {"object_id": "a8894e86-e7fc-4766-8f07-57a66fdbc5da", "type": "Wall_Wall", "height": 251, "material": "metal"}}, {"type": "Feature", "geometry": {"type": "Polygon", "coordinates": [[[10.203349796491533, 53.488317060932694], [10.20334979649155, 53.488317060932694], [10.203302618920574, 53.488292553459296], [10.203302618920574, 53.488292553459296], [10.203349796491533, 53.488317060932694]]]}, "properties": {"object_id": "44225f57-15a2-4540-b7b3-0b565a7d4321", "type": "Wall_Wall", "height": 251, "material": "metal"}}, {"type": "Feature", "geometry": {"type": "Polygon", "coordinates": [[[10.203113249650977, 53.488233883942854], [10.203113249650963, 53.488233883942854], [10.20304727079201, 53.488210672559504], [10.203047270791997, 53.488210672559504], [10.203113249650977, 53.488233883942854]]]}, "properties": {"object_id": "00f442b4-eef2-4b8d-8e7f-9bb535f27075", "type": "Wall_Wall", "height": 251, "material": "metal"}}, {"type": "Feature", "geometry": {"type": "Polygon", "coordinates": [[[10.202965700630124, 53.488182426582846], [10.202900270551309, 53.48816027291444], [10.202900270551309, 53.48816027291444], [10.202965700630124, 53.488182426582846], [10.202965700630124, 53.488182426582846]]]}, "properties": {"object_id": "66bead0e-4665-4e54-855c-f840a2c98ac4", "type": "Wall_Wall", "height": 251, "material": "metal"}}, {"type": "Feature", "geometry": {"type": "Polygon", "coordinates": [[[10.203014928445375, 53.48819948892029], [10.202965700630124, 53.488182426582846], [10.202965700630138, 53.488182426582846], [10.203014928445375, 53.48819948892029], [10.203014928445375, 53.48819948892029]]]}, "properties": {"object_id": "2f7fcbe4-17d1-46a3-a26d-cd74d4f8ace5", "type": "Wall_Wall", "height": 251, "material": "metal"}}, {"type": "Feature", "geometry": {"type": "Polygon", "coordinates": [[[10.20304727079201, 53.488210672559504], [10.203047270791997, 53.48821067255949], [10.203014928445373, 53.48819948892029], [10.203014928445375, 53.48819948892029], [10.20304727079201, 53.488210672559504]]]}, "properties": {"object_id": "70a3a894-481c-4959-85e5-af1ef7e87551", "type": "Wall_Wall", "height": 251, "material": "metal"}}, {"type": "Feature", "geometry": {"type": "Polygon", "coordinates": [[[10.201957267364701, 53.4878665003692], [10.201924155457919, 53.48785641045903], [10.201924155457919, 53.48785641045903], [10.201957267364714, 53.4878665003692], [10.201957267364701, 53.4878665003692]]]}, "properties": {"object_id": "8c21bfda-a7a9-448c-9eb7-e974b01ee5bc", "type": "Wall_Wall", "height": 251, "material": "metal"}}, {"type": "Feature", "geometry": {"type": "Polygon", "coordinates": [[[10.202703478932234, 53.48809416729897], [10.202703478932218, 53.48809416729897], [10.202637727639612, 53.488072449033204], [10.202637727639612, 53.488072449033204], [10.202703478932234, 53.48809416729897]]]}, "properties": {"object_id": "f3a88f6b-c814-4bf1-bbad-24fc4be64e60", "type": "Wall_Wall", "height": 251, "material": "metal"}}, {"type": "Feature", "geometry": {"type": "Polygon", "coordinates": [[[10.20283484054026, 53.48813811920975], [10.202834840540246, 53.48813811920975], [10.202769368959855, 53.48811605489452], [10.202769368959855, 53.488116054894526], [10.20283484054026, 53.48813811920975]]]}, "properties": {"object_id": "ed24702f-546c-410d-9622-b615eb8ee044", "type": "Wall_Wall", "height": 251, "material": "metal"}}, {"type": "Feature", "geometry": {"type": "Polygon", "coordinates": [[[10.202769368959869, 53.48811605489452], [10.202769368959853, 53.488116054894505], [10.202703478932248, 53.488094167298954], [10.202703478932234, 53.48809416729896], [10.202769368959869, 53.48811605489452]]]}, "properties": {"object_id": "100f51e7-4402-40c8-9b24-b10db567eb45", "type": "Wall_Wall", "height": 251, "material": "metal"}}, {"type": "Feature", "geometry": {"type": "Polygon", "coordinates": [[[10.202571119700536, 53.48805122245627], [10.20257111970052, 53.48805122245627], [10.202519005596747, 53.48803495947048], [10.202519005596733, 53.48803495947049], [10.202571119700536, 53.48805122245627]]]}, "properties": {"object_id": "965c881c-f0cc-4e5a-a4ec-9a0fcff1b0fd", "type": "Wall_Wall", "height": 251, "material": "metal"}}, {"type": "Feature", "geometry": {"type": "Polygon", "coordinates": [[[10.202495140725773, 53.48802883904172], [10.202495140725773, 53.48802883904172], [10.202519005596747, 53.48803495947048], [10.202519005596747, 53.488034959470475], [10.202495140725773, 53.48802883904172]]]}, "properties": {"object_id": "03135f93-ae81-46a6-a817-064fc665b868", "type": "Wall_Wall", "height": 251, "material": "metal"}}, {"type": "Feature", "geometry": {"type": "Polygon", "coordinates": [[[10.20246078267053, 53.48802004127904], [10.202426238931597, 53.48800959332901], [10.202426238931597, 53.48800959332901], [10.20246078267053, 53.48802004127904], [10.20246078267053, 53.48802004127904]]]}, "properties": {"object_id": "8532eea0-e4ca-47e2-ad7f-c486b21a8e77", "type": "Wall_Wall", "height": 251, "material": "metal"}}, {"type": "Feature", "geometry": {"type": "Polygon", "coordinates": [[[10.202495140725759, 53.48802883904172], [10.20246078267053, 53.48802004127904], [10.202460782670514, 53.48802004127904], [10.202495140725759, 53.48802883904172], [10.202495140725759, 53.48802883904172]]]}, "properties": {"object_id": "7da8eb29-3617-4cb0-a3b7-9d1429c3d6c3", "type": "Wall_Wall", "height": 251, "material": "metal"}}, {"type": "Feature", "geometry": {"type": "Polygon", "coordinates": [[[10.202637727639624, 53.488072449033204], [10.202637727639624, 53.488072449033204], [10.20257111970052, 53.48805122245627], [10.20257111970052, 53.48805122245627], [10.202637727639624, 53.488072449033204]]]}, "properties": {"object_id": "c7ead566-fccf-4a22-a640-06d7c16c8d9f", "type": "Wall_Wall", "height": 251, "material": "metal"}}, {"type": "Feature", "geometry": {"type": "Polygon", "coordinates": [[[10.202091253451963, 53.487907303198924], [10.20205773140462, 53.487897112747376], [10.20205773140462, 53.487897112747376], [10.202091253451963, 53.48790730319892], [10.202091253451963, 53.487907303198924]]]}, "properties": {"object_id": "a9d9c46d-6682-4359-879e-d6715a1de346", "type": "Wall_Wall", "height": 251, "material": "metal"}}, {"type": "Feature", "geometry": {"type": "Polygon", "coordinates": [[[10.202393006681762, 53.487999393019706], [10.202393006681762, 53.487999393019706], [10.202359467833867, 53.48798925355619], [10.202359467833853, 53.487989253556194], [10.202393006681762, 53.487999393019706]]]}, "properties": {"object_id": "62eff497-a984-47c0-91b1-6a930352d7b0", "type": "Wall_Wall", "height": 251, "material": "metal"}}, {"type": "Feature", "geometry": {"type": "Polygon", "coordinates": [[[10.202426238931611, 53.48800959332903], [10.202393006681762, 53.48799939301971], [10.20239300668175, 53.48799939301971], [10.202426238931597, 53.48800959332903], [10.202426238931611, 53.48800959332903]]]}, "properties": {"object_id": "1c212e2f-f167-448c-b966-55b0414ce802", "type": "Wall_Wall", "height": 251, "material": "metal"}}, {"type": "Feature", "geometry": {"type": "Polygon", "coordinates": [[[10.20212453613204, 53.48791741293313], [10.202091253451963, 53.48790730319892], [10.202091253451934, 53.48790730319892], [10.202124536132022, 53.48791741293313], [10.20212453613204, 53.48791741293313]]]}, "properties": {"object_id": "2d196e9d-e82c-4642-bce9-524f443e1d50", "type": "Wall_Wall", "height": 251, "material": "metal"}}, {"type": "Feature", "geometry": {"type": "Polygon", "coordinates": [[[10.202158451629924, 53.487927754846105], [10.202124536132052, 53.48791741293313], [10.20212453613204, 53.48791741293313], [10.20215845162991, 53.487927754846105], [10.202158451629924, 53.487927754846105]]]}, "properties": {"object_id": "462b9034-268a-4e6a-ba0f-08787747a0ed", "type": "Wall_Wall", "height": 251, "material": "metal"}}, {"type": "Feature", "geometry": {"type": "Polygon", "coordinates": [[[10.202191871719675, 53.48793798623579], [10.20215845162991, 53.487927754846105], [10.20215845162991, 53.487927754846105], [10.20219187171966, 53.48793798623579], [10.202191871719675, 53.48793798623579]]]}, "properties": {"object_id": "1f4a2d99-7ff6-43fb-9e79-0cd87bf52b97", "type": "Wall_Wall", "height": 251, "material": "metal"}}, {"type": "Feature", "geometry": {"type": "Polygon", "coordinates": [[[10.202225512494493, 53.487948084780236], [10.20219187171969, 53.4879379862358], [10.202191871719675, 53.4879379862358], [10.202225512494504, 53.48794808478022], [10.202225512494493, 53.487948084780236]]]}, "properties": {"object_id": "3c49af67-a7ba-4061-8469-15504ab3a060", "type": "Wall_Wall", "height": 251, "material": "metal"}}, {"type": "Feature", "geometry": {"type": "Polygon", "coordinates": [[[10.202259171999254, 53.48795839685882], [10.202225512494493, 53.487948084780236], [10.202225512494493, 53.487948084780236], [10.202259171999254, 53.48795839685882], [10.202259171999254, 53.48795839685882]]]}, "properties": {"object_id": "1bd651f0-0524-4493-ac28-33b3cd196536", "type": "Wall_Wall", "height": 251, "material": "metal"}}, {"type": "Feature", "geometry": {"type": "Polygon", "coordinates": [[[10.202290883134056, 53.48796816507059], [10.202290883134042, 53.48796816507059], [10.20225917199924, 53.48795839685882], [10.20225917199924, 53.48795839685882], [10.202290883134056, 53.48796816507059]]]}, "properties": {"object_id": "3f218842-f037-4be4-989b-0b5feb711ecd", "type": "Wall_Wall", "height": 251, "material": "metal"}}, {"type": "Feature", "geometry": {"type": "Polygon", "coordinates": [[[10.202324457323735, 53.48797846719548], [10.202324457323735, 53.48797846719548], [10.202290883134056, 53.48796816507059], [10.202290883134056, 53.487968165070576], [10.202324457323735, 53.48797846719548]]]}, "properties": {"object_id": "e5cc88b1-8fb1-4e75-a453-3c8e8bcfd726", "type": "Wall_Wall", "height": 251, "material": "metal"}}, {"type": "Feature", "geometry": {"type": "Polygon", "coordinates": [[[10.20235946783384, 53.48798925355618], [10.202324457323739, 53.4879784671955], [10.20232445732375, 53.4879784671955], [10.202359467833853, 53.487989253556194], [10.20235946783384, 53.48798925355618]]]}, "properties": {"object_id": "7a4ecb9c-d9ed-4ee2-b91a-bbf676526a17", "type": "Wall_Wall", "height": 251, "material": "metal"}}, {"type": "Feature", "geometry": {"type": "Polygon", "coordinates": [[[10.201990704016128, 53.48787668091364], [10.201957267364714, 53.4878665003692], [10.201957267364714, 53.4878665003692], [10.201990704016128, 53.48787668091364], [10.201990704016128, 53.48787668091364]]]}, "properties": {"object_id": "a92829bc-af9b-43a3-a062-ebf5482145ae", "type": "Wall_Wall", "height": 251, "material": "metal"}}, {"type": "Feature", "geometry": {"type": "Polygon", "coordinates": [[[10.202024192714697, 53.48788697318839], [10.201990704016138, 53.48787668091364], [10.201990704016124, 53.48787668091363], [10.202024192714713, 53.48788697318837], [10.202024192714697, 53.48788697318839]]]}, "properties": {"object_id": "6541bdff-d587-4286-93c5-087b58233664", "type": "Wall_Wall", "height": 251, "material": "metal"}}, {"type": "Feature", "geometry": {"type": "Polygon", "coordinates": [[[10.20205773140461, 53.487897112747376], [10.202024192714687, 53.487886973188395], [10.202024192714687, 53.487886973188395], [10.20205773140461, 53.487897112747376], [10.20205773140461, 53.487897112747376]]]}, "properties": {"object_id": "3a9a133f-6fdd-4566-b99e-651b2dd82c8c", "type": "Wall_Wall", "height": 251, "material": "metal"}}, {"type": "Feature", "geometry": {"type": "Polygon", "coordinates": [[[10.20337878685197, 53.48833220336223], [10.203349796491533, 53.488317060932694], [10.203349796491533, 53.488317060932694], [10.203378786851955, 53.48833220336223], [10.20337878685197, 53.48833220336223]]]}, "properties": {"object_id": "32668b7f-d04d-49e4-96b9-771a20f9188c", "type": "Wall_Wall", "height": 251, "material": "metal"}}, {"type": "Feature", "geometry": {"type": "Polygon", "coordinates": [[[10.202900270551336, 53.48816027291446], [10.202900270551353, 53.48816027291446], [10.20283484054026, 53.48813811920975], [10.20283484054026, 53.48813811920976], [10.202900270551336, 53.48816027291446]]]}, "properties": {"object_id": "2d23ca7e-cf26-4182-8f6b-2e832aafdfc4", "type": "Wall_Wall", "height": 251, "material": "metal"}}, {"type": "Feature", "geometry": {"type": "Polygon", "coordinates": [[[10.200235841056045, 53.487399091472604], [10.200235841056045, 53.487399091472604], [10.20016575309356, 53.48738286920393], [10.200165753093575, 53.48738286920395], [10.200235841056045, 53.487399091472604]]]}, "properties": {"object_id": "9702d7cf-2fcc-40e1-b74e-1466d2042872", "type": "Wall_Wall", "height": 251, "material": "metal"}}, {"type": "Feature", "geometry": {"type": "Polygon", "coordinates": [[[10.200759382500824, 53.4875266716127], [10.200727548712145, 53.487511652916], [10.200727548712146, 53.487511652915984], [10.200759382500825, 53.48752667161269], [10.200759382500824, 53.4875266716127]]]}, "properties": {"object_id": "86df2b86-e53c-4286-8d8d-98c6e02aa3a6", "type": "Wall_Wall", "height": 251, "material": "metal"}}, {"type": "Feature", "geometry": {"type": "Polygon", "coordinates": [[[10.201520832157327, 53.487734179055984], [10.201486790819756, 53.48772389210278], [10.201486790819756, 53.48772389210278], [10.201520832157312, 53.487734179055984], [10.201520832157327, 53.487734179055984]]]}, "properties": {"object_id": "fa1c2b8e-76e4-49df-abcf-f2aa2c189382", "type": "Wall_Wall", "height": 251, "material": "metal"}}, {"type": "Feature", "geometry": {"type": "Polygon", "coordinates": [[[10.201344807649846, 53.48768120272656], [10.201344807649836, 53.48768120272658], [10.201276447953992, 53.48766248184905], [10.201276447954008, 53.48766248184906], [10.201344807649846, 53.48768120272656]]]}, "properties": {"object_id": "0578d20f-39e8-4f55-8de9-604e584efed7", "type": "Wall_Wall", "height": 251, "material": "metal"}}, {"type": "Feature", "geometry": {"type": "Polygon", "coordinates": [[[10.201822615416184, 53.48782556700129], [10.201822615416196, 53.48782556700128], [10.201789247532407, 53.487815447246675], [10.201789247532407, 53.487815447246675], [10.201822615416184, 53.48782556700129]]]}, "properties": {"object_id": "fceaa71d-8849-4556-a169-898c48a2a57b", "type": "Wall_Wall", "height": 251, "material": "metal"}}, {"type": "Feature", "geometry": {"type": "Polygon", "coordinates": [[[10.20185704285107, 53.48783596861415], [10.201822615416198, 53.487825567001295], [10.201822615416198, 53.487825567001295], [10.201857042851058, 53.48783596861415], [10.20185704285107, 53.48783596861415]]]}, "properties": {"object_id": "3b8c1709-ac13-4f29-8c4b-31c0f4465aba", "type": "Wall_Wall", "height": 251, "material": "metal"}}, {"type": "Feature", "geometry": {"type": "Polygon", "coordinates": [[[10.201890377448743, 53.48784619015334], [10.201857042851069, 53.48783596861415], [10.201857042851069, 53.48783596861415], [10.201890377448757, 53.48784619015334], [10.201890377448743, 53.48784619015334]]]}, "properties": {"object_id": "b21190ba-2858-40ff-a915-256d396ab578", "type": "Wall_Wall", "height": 251, "material": "metal"}}, {"type": "Feature", "geometry": {"type": "Polygon", "coordinates": [[[10.201621990723009, 53.48776477034161], [10.201587822454616, 53.487754468643445], [10.201587822454616, 53.487754468643445], [10.201621990723025, 53.48776477034161], [10.201621990723009, 53.48776477034161]]]}, "properties": {"object_id": "7882cfb4-074d-4c8e-84dd-54ac3fd84de2", "type": "Wall_Wall", "height": 251, "material": "metal"}}, {"type": "Feature", "geometry": {"type": "Polygon", "coordinates": [[[10.201655244526618, 53.48777484773247], [10.201621990723025, 53.48776477034161], [10.201621990723025, 53.48776477034161], [10.201655244526618, 53.48777484773246], [10.201655244526618, 53.48777484773247]]]}, "properties": {"object_id": "b57a45d9-55fb-49ca-a63d-7b25e0d17b95", "type": "Wall_Wall", "height": 251, "material": "metal"}}, {"type": "Feature", "geometry": {"type": "Polygon", "coordinates": [[[10.201687399615874, 53.487784462126555], [10.201687399615864, 53.487784462126555], [10.201655244526618, 53.48777484773247], [10.201655244526618, 53.48777484773247], [10.201687399615874, 53.487784462126555]]]}, "properties": {"object_id": "7ec6037e-a0a0-49cb-8418-b0615794a65d", "type": "Wall_Wall", "height": 251, "material": "metal"}}, {"type": "Feature", "geometry": {"type": "Polygon", "coordinates": [[[10.20172268250378, 53.4877952275804], [10.20168739961585, 53.48778446212656], [10.20168739961585, 53.48778446212656], [10.20172268250378, 53.48779522758042], [10.20172268250378, 53.4877952275804]]]}, "properties": {"object_id": "7efb4ee8-a4f1-453b-a308-ba9f303ac4c0", "type": "Wall_Wall", "height": 251, "material": "metal"}}, {"type": "Feature", "geometry": {"type": "Polygon", "coordinates": [[[10.20175591298162, 53.48780522567863], [10.201722682503792, 53.48779522758042], [10.201722682503792, 53.48779522758042], [10.20175591298162, 53.48780522567862], [10.20175591298162, 53.48780522567863]]]}, "properties": {"object_id": "2483de90-1649-4f14-97e8-7045e22ad372", "type": "Wall_Wall", "height": 251, "material": "metal"}}, {"type": "Feature", "geometry": {"type": "Polygon", "coordinates": [[[10.201789247532437, 53.487815447246675], [10.201755912981616, 53.48780522567859], [10.201755912981616, 53.48780522567859], [10.201789247532425, 53.487815447246675], [10.201789247532437, 53.487815447246675]]]}, "properties": {"object_id": "ea915b58-6a5b-49cd-8c39-7968aed5efed", "type": "Wall_Wall", "height": 251, "material": "metal"}}, {"type": "Feature", "geometry": {"type": "Polygon", "coordinates": [[[10.201554632124187, 53.487744398619085], [10.201554632124187, 53.487744398619085], [10.20152083215734, 53.48773417905597], [10.201520832157328, 53.48773417905597], [10.201554632124187, 53.487744398619085]]]}, "properties": {"object_id": "65e49965-601d-4701-b758-ccea8592179c", "type": "Wall_Wall", "height": 251, "material": "metal"}}, {"type": "Feature", "geometry": {"type": "Polygon", "coordinates": [[[10.201587822454629, 53.487754468643416], [10.201554632124187, 53.48774439861907], [10.201554632124187, 53.48774439861907], [10.201587822454629, 53.487754468643416], [10.201587822454629, 53.487754468643416]]]}, "properties": {"object_id": "94bf2b94-0f42-4651-b345-859553a375c1", "type": "Wall_Wall", "height": 251, "material": "metal"}}, {"type": "Feature", "geometry": {"type": "Polygon", "coordinates": [[[10.201378918649377, 53.48769067297099], [10.201378918649365, 53.48769067297099], [10.201344807649846, 53.48768120272656], [10.201344807649834, 53.48768120272656], [10.201378918649377, 53.48769067297099]]]}, "properties": {"object_id": "dbc9030d-1f41-435e-be5f-7b4c6435c27f", "type": "Wall_Wall", "height": 251, "material": "metal"}}, {"type": "Feature", "geometry": {"type": "Polygon", "coordinates": [[[10.201428154765281, 53.48770524277738], [10.201378918649365, 53.487690672971], [10.201378918649377, 53.48769067297099], [10.201428154765267, 53.48770524277738], [10.201428154765281, 53.48770524277738]]]}, "properties": {"object_id": "92444097-4f6a-4dcc-9a45-cd3b618ba19c", "type": "Wall_Wall", "height": 251, "material": "metal"}}, {"type": "Feature", "geometry": {"type": "Polygon", "coordinates": [[[10.201452822276464, 53.487713181538766], [10.201428154765251, 53.48770524277738], [10.201428154765267, 53.48770524277738], [10.20145282227645, 53.487713181538766], [10.201452822276464, 53.487713181538766]]]}, "properties": {"object_id": "ed71d174-3afb-4fb9-a367-25116c0231dd", "type": "Wall_Wall", "height": 251, "material": "metal"}}, {"type": "Feature", "geometry": {"type": "Polygon", "coordinates": [[[10.201486790819784, 53.48772389210278], [10.201486790819784, 53.48772389210278], [10.20145282227645, 53.487713181538766], [10.20145282227645, 53.487713181538766], [10.201486790819784, 53.48772389210278]]]}, "properties": {"object_id": "00d75fc5-8df2-4f70-aebf-37aa6acc8a43", "type": "Wall_Wall", "height": 251, "material": "metal"}}, {"type": "Feature", "geometry": {"type": "Polygon", "coordinates": [[[10.201070552096215, 53.48760720583497], [10.201070552096215, 53.48760720583497], [10.201002006881392, 53.4875890523647], [10.201002006881392, 53.4875890523647], [10.201070552096215, 53.48760720583497]]]}, "properties": {"object_id": "d49601a1-e232-463f-b473-e3b66808e86b", "type": "Wall_Wall", "height": 251, "material": "metal"}}, {"type": "Feature", "geometry": {"type": "Polygon", "coordinates": [[[10.201276447953992, 53.487662481849064], [10.201226025018528, 53.487648520108515], [10.201226025018528, 53.487648520108515], [10.201276447953992, 53.487662481849064], [10.201276447953992, 53.487662481849064]]]}, "properties": {"object_id": "d63f9fb0-13f8-4bf0-9b3e-fd2e0cda9718", "type": "Wall_Wall", "height": 251, "material": "metal"}}, {"type": "Feature", "geometry": {"type": "Polygon", "coordinates": [[[10.201139515172596, 53.48762529006777], [10.201139515172596, 53.48762529006777], [10.201070552096217, 53.487607205834976], [10.201070552096203, 53.48760720583498], [10.201139515172596, 53.48762529006777]]]}, "properties": {"object_id": "28ebf414-3445-4d1d-8be5-e2c7c5451f5d", "type": "Wall_Wall", "height": 251, "material": "metal"}}, {"type": "Feature", "geometry": {"type": "Polygon", "coordinates": [[[10.201208329702759, 53.48764382831327], [10.20113951517259, 53.48762529006774], [10.20113951517259, 53.48762529006774], [10.20120832970276, 53.48764382831327], [10.201208329702759, 53.48764382831327]]]}, "properties": {"object_id": "edb97258-416f-4e55-9995-ae31dd978df8", "type": "Wall_Wall", "height": 251, "material": "metal"}}, {"type": "Feature", "geometry": {"type": "Polygon", "coordinates": [[[10.201226025018542, 53.487648520108515], [10.201208329702771, 53.48764382831328], [10.201208329702787, 53.48764382831328], [10.201226025018542, 53.487648520108515], [10.201226025018542, 53.487648520108515]]]}, "properties": {"object_id": "0b1dd90e-7e4a-4643-a9fc-c61e9001005d", "type": "Wall_Wall", "height": 251, "material": "metal"}}, {"type": "Feature", "geometry": {"type": "Polygon", "coordinates": [[[10.200933082594359, 53.48757105111302], [10.200933082594359, 53.48757105111302], [10.200864033004077, 53.48755323162379], [10.200864033004063, 53.48755323162379], [10.200933082594359, 53.48757105111302]]]}, "properties": {"object_id": "a650fc37-1928-4291-a2c3-ffaebe31475f", "type": "Wall_Wall", "height": 251, "material": "metal"}}, {"type": "Feature", "geometry": {"type": "Polygon", "coordinates": [[[10.201002006881408, 53.4875890523647], [10.201002006881408, 53.48758905236468], [10.200933082594375, 53.48757105111303], [10.200933082594377, 53.487571051113036], [10.201002006881408, 53.4875890523647]]]}, "properties": {"object_id": "b61ee12b-5d16-4b58-b24f-d098962452f4", "type": "Wall_Wall", "height": 251, "material": "metal"}}, {"type": "Feature", "geometry": {"type": "Polygon", "coordinates": [[[10.200794807052102, 53.48753554867292], [10.20075938250081, 53.48752667161273], [10.20075938250081, 53.48752667161273], [10.200794807052102, 53.48753554867292], [10.200794807052102, 53.48753554867292]]]}, "properties": {"object_id": "4df5331b-6c24-4212-9f05-80cffdca1c97", "type": "Wall_Wall", "height": 251, "material": "metal"}}, {"type": "Feature", "geometry": {"type": "Polygon", "coordinates": [[[10.200864033004091, 53.48755323162382], [10.20086403300409, 53.48755323162382], [10.200794807052107, 53.48753554867295], [10.200794807052107, 53.48753554867295], [10.200864033004091, 53.48755323162382]]]}, "properties": {"object_id": "e1623072-8d95-481f-927a-8ab6d905dbbf", "type": "Wall_Wall", "height": 251, "material": "metal"}}, {"type": "Feature", "geometry": {"type": "Polygon", "coordinates": [[[10.200305969930007, 53.4874157282523], [10.200235841056031, 53.487399091472604], [10.200235841056031, 53.487399091472604], [10.200305969930021, 53.48741572825228], [10.200305969930007, 53.4874157282523]]]}, "properties": {"object_id": "1fe1a083-df10-41c0-a534-348fb4f3e98a", "type": "Wall_Wall", "height": 251, "material": "metal"}}, {"type": "Feature", "geometry": {"type": "Polygon", "coordinates": [[[10.200376896564213, 53.487432576543426], [10.200376896564213, 53.487432576543426], [10.200305969930007, 53.487415728252316], [10.200305969930007, 53.487415728252316], [10.200376896564213, 53.487432576543426]]]}, "properties": {"object_id": "87f77855-8e20-4933-b1bf-a9416c00678f", "type": "Wall_Wall", "height": 251, "material": "metal"}}, {"type": "Feature", "geometry": {"type": "Polygon", "coordinates": [[[10.200416027566778, 53.487427437466934], [10.200376896564226, 53.48743257654341], [10.200376896564212, 53.48743257654341], [10.200416027566762, 53.487427437466934], [10.200416027566778, 53.487427437466934]]]}, "properties": {"object_id": "e6be6f56-2fbe-4355-b37c-50d82b7250cb", "type": "Wall_Wall", "height": 251, "material": "metal"}}, {"type": "Feature", "geometry": {"type": "Polygon", "coordinates": [[[10.200486501854883, 53.4874447581048], [10.200486501854883, 53.4874447581048], [10.200416027566764, 53.48742743746695], [10.200416027566764, 53.48742743746695], [10.200486501854883, 53.4874447581048]]]}, "properties": {"object_id": "c0667c21-73a4-4bb6-bf3b-eb2c2d1ffe15", "type": "Wall_Wall", "height": 251, "material": "metal"}}, {"type": "Feature", "geometry": {"type": "Polygon", "coordinates": [[[10.200508952176062, 53.48746436347098], [10.20048650185487, 53.48744475810479], [10.20048650185488, 53.48744475810479], [10.200508952176069, 53.48746436347098], [10.200508952176062, 53.48746436347098]]]}, "properties": {"object_id": "0362df6e-405b-46ea-8900-3e45c8e6228f", "type": "Wall_Wall", "height": 251, "material": "metal"}}, {"type": "Feature", "geometry": {"type": "Polygon", "coordinates": [[[10.200563820604707, 53.48747773748036], [10.200563820604707, 53.48747773748036], [10.200508952176062, 53.487464363470984], [10.200508952176062, 53.487464363470984], [10.200563820604707, 53.48747773748036]]]}, "properties": {"object_id": "af71022f-1106-4ddb-b79e-3a4f9f5543a9", "type": "Wall_Wall", "height": 251, "material": "metal"}}, {"type": "Feature", "geometry": {"type": "Polygon", "coordinates": [[[10.200617000581543, 53.48749095995313], [10.200563820604721, 53.487477737480354], [10.200563820604721, 53.487477737480354], [10.200617000581543, 53.48749095995313], [10.200617000581543, 53.48749095995313]]]}, "properties": {"object_id": "fb15b720-a5d5-49f3-af6f-663dc0369ca9", "type": "Wall_Wall", "height": 251, "material": "metal"}}, {"type": "Feature", "geometry": {"type": "Polygon", "coordinates": [[[10.200656602891543, 53.48749394810122], [10.200617000581541, 53.48749095995314], [10.200617000581529, 53.48749095995315], [10.200656602891527, 53.4874939481012], [10.200656602891543, 53.48749394810122]]]}, "properties": {"object_id": "244f596a-ca02-4916-92a9-0ed94a96f3d6", "type": "Wall_Wall", "height": 251, "material": "metal"}}, {"type": "Feature", "geometry": {"type": "Polygon", "coordinates": [[[10.200727548712145, 53.487511652916005], [10.200656602891558, 53.4874939481012], [10.200656602891543, 53.4874939481012], [10.200727548712145, 53.487511652916005], [10.200727548712145, 53.487511652916005]]]}, "properties": {"object_id": "44c4fbae-7049-443e-b747-093a32f28219", "type": "Wall_Wall", "height": 251, "material": "metal"}}, {"type": "Feature", "geometry": {"type": "Polygon", "coordinates": [[[10.200095759192454, 53.48736678459071], [10.200095759192454, 53.48736678459071], [10.200025473464548, 53.48735098444451], [10.200025473464548, 53.487350984444525], [10.200095759192454, 53.48736678459071]]]}, "properties": {"object_id": "5f634e07-287a-4ee3-9f10-f4486de7c590", "type": "Wall_Wall", "height": 251, "material": "metal"}}, {"type": "Feature", "geometry": {"type": "Polygon", "coordinates": [[[10.200165753093563, 53.48738286920395], [10.200165753093549, 53.48738286920395], [10.20009575919244, 53.48736678459073], [10.20009575919244, 53.48736678459073], [10.200165753093563, 53.48738286920395]]]}, "properties": {"object_id": "620b1008-0e08-4d95-b6ea-4ca93d76d6f5", "type": "Wall_Wall", "height": 251, "material": "metal"}}, {"type": "Feature", "geometry": {"type": "Polygon", "coordinates": [[[10.199540187297274, 53.48724555991155], [10.199540187297274, 53.48724555991155], [10.19946842628951, 53.48723062132943], [10.19946842628951, 53.48723062132943], [10.199540187297274, 53.48724555991155]]]}, "properties": {"object_id": "f2596f9b-cb83-4b04-8379-295ac9eea065", "type": "Wall_Wall", "height": 251, "material": "metal"}}, {"type": "Feature", "geometry": {"type": "Polygon", "coordinates": [[[10.199809121891162, 53.48729570804276], [10.199809121891176, 53.48729570804275], [10.19973673631884, 53.48728009923328], [10.19973673631885, 53.487280099233274], [10.199809121891162, 53.48729570804276]]]}, "properties": {"object_id": "0b84b11b-364c-4768-bf0a-2f8f96ab1e53", "type": "Wall_Wall", "height": 251, "material": "metal"}}, {"type": "Feature", "geometry": {"type": "Polygon", "coordinates": [[[10.199840531527197, 53.487309666794744], [10.199809121891176, 53.48729570804275], [10.199809121891176, 53.48729570804275], [10.199840531527197, 53.487309666794744], [10.199840531527197, 53.487309666794744]]]}, "properties": {"object_id": "ebce43dc-1b8f-4d81-9553-790c0acea604", "type": "Wall_Wall", "height": 251, "material": "metal"}}, {"type": "Feature", "geometry": {"type": "Polygon", "coordinates": [[[10.199883993990971, 53.48731934601243], [10.199840531527181, 53.487309666794744], [10.199840531527181, 53.487309666794744], [10.199883993990971, 53.48731934601243], [10.199883993990971, 53.48731934601243]]]}, "properties": {"object_id": "9df68608-28c5-42e1-a59c-7dd1eb03477c", "type": "Wall_Wall", "height": 251, "material": "metal"}}, {"type": "Feature", "geometry": {"type": "Polygon", "coordinates": [[[10.199954683950452, 53.48733509259461], [10.199954683950452, 53.48733509259461], [10.199883993990971, 53.48731934601244], [10.199883993990985, 53.48731934601244], [10.199954683950452, 53.48733509259461]]]}, "properties": {"object_id": "e2fd4d53-2c37-4679-9ddf-ef0ee7afc4b4", "type": "Wall_Wall", "height": 251, "material": "metal"}}, {"type": "Feature", "geometry": {"type": "Polygon", "coordinates": [[[10.199589496008166, 53.4872557530964], [10.199540187297258, 53.487245559911564], [10.199540187297275, 53.487245559911564], [10.199589496008151, 53.48725575309638], [10.199589496008166, 53.4872557530964]]]}, "properties": {"object_id": "8c078834-5ecb-446d-a7b1-b9cde91a9b95", "type": "Wall_Wall", "height": 251, "material": "metal"}}, {"type": "Feature", "geometry": {"type": "Polygon", "coordinates": [[[10.199660286059531, 53.48727090084795], [10.199660286059531, 53.48727090084795], [10.199589496008167, 53.48725575309638], [10.199589496008166, 53.4872557530964], [10.199660286059531, 53.48727090084795]]]}, "properties": {"object_id": "c43c4792-0e7a-4247-a1de-9690b88a17d5", "type": "Wall_Wall", "height": 251, "material": "metal"}}, {"type": "Feature", "geometry": {"type": "Polygon", "coordinates": [[[10.199696702234478, 53.48727871757954], [10.199696702234478, 53.48727871757954], [10.199660286059544, 53.48727090084795], [10.199660286059544, 53.48727090084795], [10.199696702234478, 53.48727871757954]]]}, "properties": {"object_id": "f0cb63b0-08fa-43d0-baf7-d817cb584a4e", "type": "Wall_Wall", "height": 251, "material": "metal"}}, {"type": "Feature", "geometry": {"type": "Polygon", "coordinates": [[[10.199736736318851, 53.487280099233274], [10.199696702234451, 53.48727871757954], [10.199696702234462, 53.48727871757954], [10.199736736318851, 53.487280099233274], [10.199736736318851, 53.487280099233274]]]}, "properties": {"object_id": "9db69946-6ed0-4279-8a5b-8959c71a614c", "type": "Wall_Wall", "height": 251, "material": "metal"}}, {"type": "Feature", "geometry": {"type": "Polygon", "coordinates": [[[10.200025473464537, 53.487350984444554], [10.200025473464537, 53.487350984444525], [10.199954683950452, 53.48733509259461], [10.19995468395044, 53.48733509259459], [10.200025473464537, 53.487350984444554]]]}, "properties": {"object_id": "69ba3207-6984-450c-939c-c94d4fd80729", "type": "Wall_Wall", "height": 251, "material": "metal"}}, {"type": "Feature", "geometry": {"type": "Polygon", "coordinates": [[[10.206291932213714, 53.489894131331354], [10.206396194373225, 53.48994634984828], [10.206396194373225, 53.48994634984828], [10.206291932213718, 53.48989413133136], [10.206291932213714, 53.489894131331354]]]}, "properties": {"object_id": "52ce3b4b-fde3-4aa7-9b24-3cfa8635b7b7", "type": "Wall_Wall", "height": 115, "material": "metal"}}, {"type": "Feature", "geometry": {"type": "Polygon", "coordinates": [[[10.206393496261668, 53.48994825178716], [10.206393496261668, 53.48994825178716], [10.206396194373232, 53.48994634984828], [10.206396194373232, 53.48994634984828], [10.206393496261668, 53.48994825178716]]]}, "properties": {"object_id": "c0438a05-2a95-45c0-a444-4501e5299c25", "type": "Wall_Wall", "height": 115, "material": "metal"}}, {"type": "Feature", "geometry": {"type": "Polygon", "coordinates": [[[10.206289234100735, 53.489896033267925], [10.206289234100735, 53.489896033267925], [10.206291932213718, 53.48989413133136], [10.206291932213718, 53.48989413133136], [10.206289234100735, 53.489896033267925]]]}, "properties": {"object_id": "1698058f-0112-46e8-99ea-306736e4f1c7", "type": "Wall_Wall", "height": 115, "material": "metal"}}, {"type": "Feature", "geometry": {"type": "Polygon", "coordinates": [[[10.207696956254937, 53.49030578943813], [10.207719528748491, 53.49031736971419], [10.207719528748477, 53.490317369714205], [10.207696956254937, 53.49030578943814], [10.207696956254937, 53.49030578943813]]]}, "properties": {"object_id": "b4005748-2aa2-4d22-974e-565e18940a12", "type": "Wall_Wall", "height": 371, "material": "metal"}}, {"type": "Feature", "geometry": {"type": "Polygon", "coordinates": [[[10.210034626659947, 53.491500671782326], [10.210034626659931, 53.491500671782326], [10.210006039493322, 53.491486051500246], [10.210006039493335, 53.491486051500246], [10.210034626659947, 53.491500671782326]]]}, "properties": {"object_id": "05aac6ae-8d86-42cf-ab10-92a4eab3ec38", "type": "Wall_Wall", "height": 371, "material": "metal"}}, {"type": "Feature", "geometry": {"type": "Polygon", "coordinates": [[[10.21017779424144, 53.49157394794545], [10.21014919297255, 53.491559309473644], [10.21014919297255, 53.491559309473644], [10.210177794241432, 53.49157394794545], [10.21017779424144, 53.49157394794545]]]}, "properties": {"object_id": "277fe40d-ebf3-413e-9b3b-ca5705b94a89", "type": "Wall_Wall", "height": 371, "material": "metal"}}, {"type": "Feature", "geometry": {"type": "Polygon", "coordinates": [[[10.210206227225507, 53.49158850027017], [10.210177794241416, 53.49157394794544], [10.210177794241432, 53.49157394794545], [10.21020622722552, 53.49158850027017], [10.210206227225507, 53.49158850027017]]]}, "properties": {"object_id": "eb1beaa6-f1f4-485d-b554-4c8d02ce4c08", "type": "Wall_Wall", "height": 371, "material": "metal"}}, {"type": "Feature", "geometry": {"type": "Polygon", "coordinates": [[[10.210220100347692, 53.49159560068582], [10.210206227225505, 53.49158850027017], [10.210206227225491, 53.49158850027017], [10.21022010034768, 53.49159560068582], [10.210220100347692, 53.49159560068582]]]}, "properties": {"object_id": "29026520-2879-4f54-b2b6-810e465bf969", "type": "Wall_Wall", "height": 371, "material": "metal"}}, {"type": "Feature", "geometry": {"type": "Polygon", "coordinates": [[[10.210064083282266, 53.49151573671077], [10.210034626659906, 53.49150067178232], [10.21003462665992, 53.49150067178233], [10.210064083282266, 53.49151573671077], [10.210064083282266, 53.49151573671077]]]}, "properties": {"object_id": "6a67efb9-540d-4638-bb3d-cffdd8ae6549", "type": "Wall_Wall", "height": 371, "material": "metal"}}, {"type": "Feature", "geometry": {"type": "Polygon", "coordinates": [[[10.210120425939762, 53.49154458614468], [10.210120425939749, 53.49154458614468], [10.210091984965459, 53.49153002967958], [10.210091984965459, 53.49153002967958], [10.210120425939762, 53.49154458614468]]]}, "properties": {"object_id": "47542412-9f7e-4555-a4fa-41e05f479538", "type": "Wall_Wall", "height": 371, "material": "metal"}}, {"type": "Feature", "geometry": {"type": "Polygon", "coordinates": [[[10.210149192972551, 53.49155930947366], [10.210149192972565, 53.49155930947366], [10.21012042593978, 53.491544586144705], [10.21012042593979, 53.4915445861447], [10.210149192972551, 53.49155930947366]]]}, "properties": {"object_id": "246d5237-4ec6-4c6f-a730-7df24efcba15", "type": "Wall_Wall", "height": 371, "material": "metal"}}, {"type": "Feature", "geometry": {"type": "Polygon", "coordinates": [[[10.20925608706549, 53.49110306993341], [10.20919870063179, 53.49107363622579], [10.209198700631804, 53.49107363622581], [10.20925608706549, 53.49110306993341], [10.20925608706549, 53.49110306993341]]]}, "properties": {"object_id": "bd36eb82-7fe2-4824-8cc8-2905200dba67", "type": "Wall_Wall", "height": 371, "material": "metal"}}, {"type": "Feature", "geometry": {"type": "Polygon", "coordinates": [[[10.2095324661368, 53.49123969216194], [10.209493747378367, 53.49121864245193], [10.209493747378367, 53.49121864245193], [10.209532466136785, 53.49123969216195], [10.2095324661368, 53.49123969216194]]]}, "properties": {"object_id": "d8f0b137-bd47-47d8-bebc-fd52f40db091", "type": "Wall_Wall", "height": 371, "material": "metal"}}, {"type": "Feature", "geometry": {"type": "Polygon", "coordinates": [[[10.209835484102031, 53.49139882431608], [10.209835484102031, 53.49139882431608], [10.209806978129203, 53.49138424544055], [10.209806978129217, 53.49138424544055], [10.209835484102031, 53.49139882431608]]]}, "properties": {"object_id": "69085c42-9556-46b6-9dd4-e7ef7155ff33", "type": "Wall_Wall", "height": 371, "material": "metal"}}, {"type": "Feature", "geometry": {"type": "Polygon", "coordinates": [[[10.209864076103605, 53.491413447172526], [10.209864076103605, 53.491413447172526], [10.209835484102017, 53.4913988243161], [10.209835484102017, 53.4913988243161], [10.209864076103605, 53.491413447172526]]]}, "properties": {"object_id": "f7fde4ac-92c5-48cf-ad3d-13c1ea202266", "type": "Wall_Wall", "height": 371, "material": "metal"}}, {"type": "Feature", "geometry": {"type": "Polygon", "coordinates": [[[10.209892753058472, 53.49142811345964], [10.209864076103605, 53.491413447172505], [10.209864076103605, 53.491413447172484], [10.209892753058472, 53.49142811345962], [10.209892753058472, 53.49142811345964]]]}, "properties": {"object_id": "96ad74cf-c9d4-4ef3-ac0e-7fbceafe8472", "type": "Wall_Wall", "height": 371, "material": "metal"}}, {"type": "Feature", "geometry": {"type": "Polygon", "coordinates": [[[10.209921166440093, 53.49144264493029], [10.209892753058488, 53.491428113459634], [10.209892753058487, 53.491428113459634], [10.209921166440095, 53.491442644930274], [10.209921166440093, 53.49144264493029]]]}, "properties": {"object_id": "ceb086db-12cf-44ab-869d-d6f6cd7d5565", "type": "Wall_Wall", "height": 371, "material": "metal"}}, {"type": "Feature", "geometry": {"type": "Polygon", "coordinates": [[[10.209949129897106, 53.49145694627935], [10.20992116644008, 53.49144264493029], [10.20992116644008, 53.491442644930274], [10.209949129897105, 53.49145694627933], [10.209949129897106, 53.49145694627935]]]}, "properties": {"object_id": "a911182e-f89a-4f09-af24-0a520f13bcb4", "type": "Wall_Wall", "height": 371, "material": "metal"}}, {"type": "Feature", "geometry": {"type": "Polygon", "coordinates": [[[10.20997754001934, 53.491471476049675], [10.20994912989709, 53.49145694627933], [10.209949129897105, 53.49145694627933], [10.20997754001934, 53.491471476049675], [10.20997754001934, 53.491471476049675]]]}, "properties": {"object_id": "5b7c0229-44ff-4df4-b240-539871d5f9ec", "type": "Wall_Wall", "height": 371, "material": "metal"}}, {"type": "Feature", "geometry": {"type": "Polygon", "coordinates": [[[10.210006039493308, 53.491486051500246], [10.210006039493308, 53.491486051500246], [10.209977540019354, 53.49147147604971], [10.209977540019354, 53.49147147604971], [10.210006039493308, 53.491486051500246]]]}, "properties": {"object_id": "22fff412-88c4-4acc-99df-f629e55f17b0", "type": "Wall_Wall", "height": 371, "material": "metal"}}, {"type": "Feature", "geometry": {"type": "Polygon", "coordinates": [[[10.20966152874189, 53.49130985766077], [10.209661528741906, 53.49130985766076], [10.209634999501665, 53.49129543494374], [10.209634999501676, 53.49129543494374], [10.20966152874189, 53.49130985766077]]]}, "properties": {"object_id": "1a821660-2f9c-4403-a60f-4f622159230c", "type": "Wall_Wall", "height": 371, "material": "metal"}}, {"type": "Feature", "geometry": {"type": "Polygon", "coordinates": [[[10.209634999501676, 53.49129543494376], [10.209600649764761, 53.491276760562045], [10.209600649764791, 53.491276760562045], [10.209634999501663, 53.49129543494375], [10.209634999501676, 53.49129543494376]]]}, "properties": {"object_id": "be174c4a-3a19-4696-a828-0ca00b6e3d15", "type": "Wall_Wall", "height": 371, "material": "metal"}}, {"type": "Feature", "geometry": {"type": "Polygon", "coordinates": [[[10.209600649764777, 53.49127676056204], [10.209569071294302, 53.49125959276785], [10.209569071294302, 53.49125959276785], [10.209600649764777, 53.49127676056204], [10.209600649764777, 53.49127676056204]]]}, "properties": {"object_id": "d5ce0af6-9686-4ff7-92a8-8364f9e761c6", "type": "Wall_Wall", "height": 371, "material": "metal"}}, {"type": "Feature", "geometry": {"type": "Polygon", "coordinates": [[[10.209569071294313, 53.49125959276783], [10.209569071294315, 53.49125959276785], [10.209532466136814, 53.49123969216194], [10.209532466136798, 53.49123969216193], [10.209569071294313, 53.49125959276783]]]}, "properties": {"object_id": "0051ddc3-88ee-4291-bcbf-f0e673ed0b6c", "type": "Wall_Wall", "height": 371, "material": "metal"}}, {"type": "Feature", "geometry": {"type": "Polygon", "coordinates": [[[10.209690356872493, 53.49132460138548], [10.209661528741893, 53.49130985766078], [10.209661528741877, 53.49130985766078], [10.209690356872505, 53.49132460138549], [10.209690356872493, 53.49132460138548]]]}, "properties": {"object_id": "6532654d-6e64-41e4-9c1e-2a422df8996d", "type": "Wall_Wall", "height": 371, "material": "metal"}}, {"type": "Feature", "geometry": {"type": "Polygon", "coordinates": [[[10.209718934232859, 53.49133921684034], [10.209690356872493, 53.49132460138548], [10.209690356872493, 53.49132460138548], [10.209718934232846, 53.49133921684034], [10.209718934232859, 53.49133921684034]]]}, "properties": {"object_id": "387aa664-caaa-4904-a3bb-3e381c069cbb", "type": "Wall_Wall", "height": 371, "material": "metal"}}, {"type": "Feature", "geometry": {"type": "Polygon", "coordinates": [[[10.209747218822589, 53.491353682545345], [10.209718934232859, 53.49133921684033], [10.209718934232859, 53.49133921684033], [10.209747218822589, 53.491353682545345], [10.209747218822589, 53.491353682545345]]]}, "properties": {"object_id": "a08f1a15-8583-4e40-8aca-833dbde81c44", "type": "Wall_Wall", "height": 371, "material": "metal"}}, {"type": "Feature", "geometry": {"type": "Polygon", "coordinates": [[[10.209775875512541, 53.49136833853811], [10.209747218822589, 53.491353682545345], [10.209747218822589, 53.491353682545345], [10.209775875512541, 53.49136833853811], [10.209775875512541, 53.49136833853811]]]}, "properties": {"object_id": "ea135f17-eb3d-41a9-aa42-91b62a04e56c", "type": "Wall_Wall", "height": 371, "material": "metal"}}, {"type": "Feature", "geometry": {"type": "Polygon", "coordinates": [[[10.209806978129246, 53.49138424544055], [10.20977587551257, 53.49136833853812], [10.209775875512584, 53.49136833853812], [10.209806978129231, 53.49138424544054], [10.209806978129246, 53.49138424544055]]]}, "properties": {"object_id": "62630152-a26c-4580-a820-1e2cc950fce7", "type": "Wall_Wall", "height": 371, "material": "metal"}}, {"type": "Feature", "geometry": {"type": "Polygon", "coordinates": [[[10.209371515748078, 53.49116227351011], [10.209371515748092, 53.49116227351012], [10.209313351282127, 53.49113244088682], [10.209313351282127, 53.49113244088682], [10.209371515748078, 53.49116227351011]]]}, "properties": {"object_id": "3c730f55-6c91-4373-8da7-094a7b511e26", "type": "Wall_Wall", "height": 371, "material": "metal"}}, {"type": "Feature", "geometry": {"type": "Polygon", "coordinates": [[[10.209313351282125, 53.49113244088684], [10.209313351282125, 53.49113244088684], [10.20925608706549, 53.49110306993341], [10.20925608706549, 53.49110306993341], [10.209313351282125, 53.49113244088684]]]}, "properties": {"object_id": "54a1cfa9-5631-4c44-8ab6-69e0b78304ca", "type": "Wall_Wall", "height": 371, "material": "metal"}}, {"type": "Feature", "geometry": {"type": "Polygon", "coordinates": [[[10.209409083362859, 53.491169767982534], [10.209371515748078, 53.49116227351011], [10.209371515748078, 53.4911622735101], [10.209409083362859, 53.491169767982534], [10.209409083362859, 53.491169767982534]]]}, "properties": {"object_id": "ed82e332-d264-4f79-a6b7-d93a4b9fce85", "type": "Wall_Wall", "height": 371, "material": "metal"}}, {"type": "Feature", "geometry": {"type": "Polygon", "coordinates": [[[10.20946775157968, 53.491199826989735], [10.209467751579693, 53.491199826989735], [10.209409083362841, 53.4911697679825], [10.209409083362841, 53.4911697679825], [10.20946775157968, 53.491199826989735]]]}, "properties": {"object_id": "df728fa4-31d8-4188-8373-e6987ced521e", "type": "Wall_Wall", "height": 371, "material": "metal"}}, {"type": "Feature", "geometry": {"type": "Polygon", "coordinates": [[[10.209493747378374, 53.49121864245193], [10.209493747378367, 53.491218642451926], [10.209467751579687, 53.491199826989735], [10.209467751579693, 53.49119982698973], [10.209493747378374, 53.49121864245193]]]}, "properties": {"object_id": "ab1a089c-108f-41a3-abc8-cbdf3b31712e", "type": "Wall_Wall", "height": 371, "material": "metal"}}, {"type": "Feature", "geometry": {"type": "Polygon", "coordinates": [[[10.208676591037689, 53.49080584277894], [10.208676591037671, 53.49080584277894], [10.208731617797362, 53.49083406680329], [10.20878851697385, 53.49086325115082], [10.208845862226443, 53.49089266422829], [10.2089029527364, 53.49092194657686], [10.208959873795255, 53.49095114194427], [10.209016855338355, 53.4909803682668], [10.209016855338355, 53.4909803682668], [10.208959873795253, 53.49095114194429], [10.208902952736386, 53.490921946576876], [10.208845862226427, 53.490892664228284], [10.208788516973867, 53.49086325115085], [10.208731617797376, 53.490834066803295], [10.208676591037689, 53.49080584277894]]]}, "properties": {"object_id": "526f4d79-d4a6-4451-9c29-62284a410729", "type": "Wall_Wall", "height": 371, "material": "metal"}}, {"type": "Feature", "geometry": {"type": "Polygon", "coordinates": [[[10.209105891798016, 53.4910296920385], [10.209069985744591, 53.49101192414413], [10.209069985744591, 53.49101192414412], [10.209105891798014, 53.491029692038495], [10.209105891798016, 53.4910296920385]]]}, "properties": {"object_id": "084205ac-304a-4a28-8bfc-6729c1f22b48", "type": "Wall_Wall", "height": 371, "material": "metal"}}, {"type": "Feature", "geometry": {"type": "Polygon", "coordinates": [[[10.209141862577194, 53.49104448531477], [10.209105891798014, 53.491029692038495], [10.209105891798014, 53.49102969203848], [10.209141862577194, 53.49104448531477], [10.209141862577194, 53.49104448531477]]]}, "properties": {"object_id": "bddfc9f7-7ed8-48c2-8f31-da9617895048", "type": "Wall_Wall", "height": 371, "material": "metal"}}, {"type": "Feature", "geometry": {"type": "Polygon", "coordinates": [[[10.209069985744591, 53.49101192414412], [10.209069985744588, 53.491011924144104], [10.209016855338355, 53.49098036826682], [10.209016855338355, 53.49098036826682], [10.209069985744591, 53.49101192414412]]]}, "properties": {"object_id": "f5162388-d080-431c-9bc1-21538dd48a4e", "type": "Wall_Wall", "height": 371, "material": "metal"}}, {"type": "Feature", "geometry": {"type": "Polygon", "coordinates": [[[10.208398959441086, 53.490664078522634], [10.208424295792199, 53.49067692654448], [10.208424295792199, 53.49067692654448], [10.208398959441071, 53.49066407852265], [10.208398959441086, 53.490664078522634]]]}, "properties": {"object_id": "9211e178-5970-4634-bf76-e49dca4b6533", "type": "Wall_Wall", "height": 371, "material": "metal"}}, {"type": "Feature", "geometry": {"type": "Polygon", "coordinates": [[[10.208501440753732, 53.490716046545614], [10.208483695133904, 53.49070704780072], [10.208483695133904, 53.49070704780072], [10.20850144075373, 53.490716046545614], [10.208501440753732, 53.490716046545614]]]}, "properties": {"object_id": "419f5d82-8795-497d-9eeb-5db998620ac7", "type": "Wall_Wall", "height": 371, "material": "metal"}}, {"type": "Feature", "geometry": {"type": "Polygon", "coordinates": [[[10.208501440753746, 53.49071604654565], [10.208559574849133, 53.49074552610692], [10.208559574849117, 53.49074552610692], [10.20850144075376, 53.49071604654565], [10.208501440753746, 53.49071604654565]]]}, "properties": {"object_id": "7f69c6d4-e464-40f2-9841-9604c7045f9b", "type": "Wall_Wall", "height": 371, "material": "metal"}}, {"type": "Feature", "geometry": {"type": "Polygon", "coordinates": [[[10.208424295792199, 53.490676926544495], [10.208450020754151, 53.49068997161672], [10.208450020754167, 53.49068997161671], [10.208424295792213, 53.490676926544495], [10.208424295792199, 53.490676926544495]]]}, "properties": {"object_id": "0cf4279c-5a51-4844-8ae1-603c7e4a971c", "type": "Wall_Wall", "height": 371, "material": "metal"}}, {"type": "Feature", "geometry": {"type": "Polygon", "coordinates": [[[10.208450020754153, 53.4906899716167], [10.208483695133928, 53.49070704780072], [10.208483695133918, 53.49070704780073], [10.208450020754153, 53.4906899716167], [10.208450020754153, 53.4906899716167]]]}, "properties": {"object_id": "c1565bda-43e9-4643-88a1-97b5a335c427", "type": "Wall_Wall", "height": 371, "material": "metal"}}, {"type": "Feature", "geometry": {"type": "Polygon", "coordinates": [[[10.208599405949943, 53.49075502564237], [10.208599405949917, 53.49075502564237], [10.208559574849117, 53.49074552610692], [10.208559574849133, 53.49074552610692], [10.208599405949943, 53.49075502564237]]]}, "properties": {"object_id": "35085bcb-9975-4b61-9eb3-b01691f67fe8", "type": "Wall_Wall", "height": 371, "material": "metal"}}, {"type": "Feature", "geometry": {"type": "Polygon", "coordinates": [[[10.208676591037671, 53.490805842778954], [10.20865767731091, 53.49078501776497], [10.20865767731092, 53.49078501776497], [10.208676591037666, 53.490805842778954], [10.208676591037671, 53.490805842778954]]]}, "properties": {"object_id": "d9763224-3296-43f2-b115-5dfbc2a13673", "type": "Wall_Wall", "height": 371, "material": "metal"}}, {"type": "Feature", "geometry": {"type": "Polygon", "coordinates": [[[10.20865767731092, 53.49078501776497], [10.20859940594993, 53.49075502564235], [10.208599405949915, 53.49075502564235], [10.208657677310917, 53.49078501776497], [10.20865767731092, 53.49078501776497]]]}, "properties": {"object_id": "48b049f5-2f61-436c-85ea-fed5c8add8bc", "type": "Wall_Wall", "height": 371, "material": "metal"}}, {"type": "Feature", "geometry": {"type": "Polygon", "coordinates": [[[10.209198700631804, 53.49107363622576], [10.209198700631818, 53.49107363622576], [10.209141637565468, 53.49104436830615], [10.209141637565454, 53.49104436830615], [10.209198700631804, 53.49107363622576]]]}, "properties": {"object_id": "b095f534-1dbe-4965-bf6a-7f603108f0e9", "type": "Wall_Wall", "height": 371, "material": "metal"}}, {"type": "Feature", "geometry": {"type": "Polygon", "coordinates": [[[10.20797741736071, 53.490450313287035], [10.20797741736071, 53.490450313287035], [10.20801933491982, 53.49047156996934], [10.20801933491982, 53.49047156996934], [10.20797741736071, 53.490450313287035]]]}, "properties": {"object_id": "b0eb974c-d025-4e48-9f92-e9f3b79f8100", "type": "Wall_Wall", "height": 371, "material": "metal"}}, {"type": "Feature", "geometry": {"type": "Polygon", "coordinates": [[[10.208045171968715, 53.490484672096294], [10.208070572262864, 53.490497552728854], [10.208070572262875, 53.490497552728854], [10.208045171968699, 53.4904846720963], [10.208045171968715, 53.490484672096294]]]}, "properties": {"object_id": "7419425f-f12e-42cf-bad7-1617e8852248", "type": "Wall_Wall", "height": 371, "material": "metal"}}, {"type": "Feature", "geometry": {"type": "Polygon", "coordinates": [[[10.208070572262862, 53.49049755272886], [10.208070572262862, 53.49049755272886], [10.208095707572019, 53.49051029897292], [10.208095707572019, 53.49051029897292], [10.208070572262862, 53.49049755272886]]]}, "properties": {"object_id": "9986cc46-8606-4f00-8982-fd0946f25e5f", "type": "Wall_Wall", "height": 371, "material": "metal"}}, {"type": "Feature", "geometry": {"type": "Polygon", "coordinates": [[[10.208095707572006, 53.490510298972936], [10.2081212793146, 53.490523266521265], [10.208121279314613, 53.490523266521265], [10.208095707572006, 53.490510298972936], [10.208095707572006, 53.490510298972936]]]}, "properties": {"object_id": "41e32568-895d-4219-9b11-a519da0b7237", "type": "Wall_Wall", "height": 371, "material": "metal"}}, {"type": "Feature", "geometry": {"type": "Polygon", "coordinates": [[[10.2081212793146, 53.490523266521265], [10.208146414119328, 53.49053601248324], [10.208146414119328, 53.49053601248324], [10.208121279314613, 53.490523266521265], [10.2081212793146, 53.490523266521265]]]}, "properties": {"object_id": "5b3a6f1f-54a1-4d17-8fe9-50600156b21e", "type": "Wall_Wall", "height": 371, "material": "metal"}}, {"type": "Feature", "geometry": {"type": "Polygon", "coordinates": [[[10.208146414119316, 53.49053601248324], [10.208171547248588, 53.49054875758254], [10.208171547248588, 53.49054875758254], [10.208146414119316, 53.49053601248324], [10.208146414119316, 53.49053601248324]]]}, "properties": {"object_id": "ba6114ee-f8e9-4962-a975-44f854660ccb", "type": "Wall_Wall", "height": 371, "material": "metal"}}, {"type": "Feature", "geometry": {"type": "Polygon", "coordinates": [[[10.20817154724856, 53.49054875758252], [10.208171547248574, 53.49054875758253], [10.208196616884042, 53.490561470470944], [10.208196616884027, 53.490561470470944], [10.20817154724856, 53.49054875758252]]]}, "properties": {"object_id": "3cf9fbff-b9de-4f19-b3db-b1490b777ad4", "type": "Wall_Wall", "height": 371, "material": "metal"}}, {"type": "Feature", "geometry": {"type": "Polygon", "coordinates": [[[10.208196616884054, 53.490561470470944], [10.208222253888353, 53.490574471060405], [10.208222253888353, 53.490574471060405], [10.208196616884042, 53.490561470470944], [10.208196616884054, 53.490561470470944]]]}, "properties": {"object_id": "62e059fd-3c85-426c-98dd-99e26b590f07", "type": "Wall_Wall", "height": 371, "material": "metal"}}, {"type": "Feature", "geometry": {"type": "Polygon", "coordinates": [[[10.20822225388837, 53.490574471060405], [10.208247446343982, 53.49058724620491], [10.208247446343982, 53.49058724620491], [10.208222253888353, 53.490574471060405], [10.20822225388837, 53.490574471060405]]]}, "properties": {"object_id": "82073cb4-f2f9-4bc0-9be3-0d15d8ad269c", "type": "Wall_Wall", "height": 371, "material": "metal"}}, {"type": "Feature", "geometry": {"type": "Polygon", "coordinates": [[[10.208247446343966, 53.4905872462049], [10.208272831034288, 53.49060011881878], [10.208272831034288, 53.49060011881878], [10.208247446343966, 53.4905872462049], [10.208247446343966, 53.4905872462049]]]}, "properties": {"object_id": "dc446948-4d18-4751-bacb-08cc1d5bdc15", "type": "Wall_Wall", "height": 371, "material": "metal"}}, {"type": "Feature", "geometry": {"type": "Polygon", "coordinates": [[[10.208272831034288, 53.49060011881878], [10.208272831034288, 53.49060011881878], [10.208297518957814, 53.49061263808844], [10.208297518957814, 53.49061263808844], [10.208272831034288, 53.49060011881878]]]}, "properties": {"object_id": "b2496921-6a8c-4547-a422-96200640122a", "type": "Wall_Wall", "height": 371, "material": "metal"}}, {"type": "Feature", "geometry": {"type": "Polygon", "coordinates": [[[10.2082975189578, 53.49061263808844], [10.208323000221549, 53.49062555964848], [10.208323000221563, 53.49062555964848], [10.2082975189578, 53.49061263808841], [10.2082975189578, 53.49061263808844]]]}, "properties": {"object_id": "9c3eb1b8-5463-4141-9184-95d80421a735", "type": "Wall_Wall", "height": 371, "material": "metal"}}, {"type": "Feature", "geometry": {"type": "Polygon", "coordinates": [[[10.208323000221549, 53.49062555964848], [10.208348193247414, 53.490638335029814], [10.208348193247428, 53.4906383350298], [10.208323000221563, 53.49062555964848], [10.208323000221549, 53.49062555964848]]]}, "properties": {"object_id": "5a12a07d-7acb-4e30-ae5e-b274aa1cc2ca", "type": "Wall_Wall", "height": 371, "material": "metal"}}, {"type": "Feature", "geometry": {"type": "Polygon", "coordinates": [[[10.208348193247414, 53.49063833502982], [10.208373473782098, 53.49065115477372], [10.208373473782114, 53.49065115477374], [10.20834819324743, 53.49063833502982], [10.208348193247414, 53.49063833502982]]]}, "properties": {"object_id": "21a5b49a-dcad-46bd-8a5e-a69327d0b82e", "type": "Wall_Wall", "height": 371, "material": "metal"}}, {"type": "Feature", "geometry": {"type": "Polygon", "coordinates": [[[10.20801933491982, 53.49047156996934], [10.208045171968699, 53.490484672096315], [10.208045171968687, 53.490484672096315], [10.20801933491982, 53.49047156996934], [10.20801933491982, 53.49047156996934]]]}, "properties": {"object_id": "a48bdde1-051f-42b2-9fa3-fd7580128ceb", "type": "Wall_Wall", "height": 371, "material": "metal"}}, {"type": "Feature", "geometry": {"type": "Polygon", "coordinates": [[[10.20783288665224, 53.49037702049369], [10.207876024404435, 53.49039889607231], [10.207876024404447, 53.4903988960723], [10.207832886652223, 53.49037702049369], [10.20783288665224, 53.49037702049369]]]}, "properties": {"object_id": "50c35fbd-1aba-4667-b387-0918932ba545", "type": "Wall_Wall", "height": 371, "material": "metal"}}, {"type": "Feature", "geometry": {"type": "Polygon", "coordinates": [[[10.207876024404449, 53.4903988960723], [10.207933423438966, 53.490428003628026], [10.207933423438979, 53.490428003628026], [10.207876024404449, 53.4903988960723], [10.207876024404449, 53.4903988960723]]]}, "properties": {"object_id": "5023c22f-5886-4740-b39c-b52109725605", "type": "Wall_Wall", "height": 371, "material": "metal"}}, {"type": "Feature", "geometry": {"type": "Polygon", "coordinates": [[[10.20793342343895, 53.49042800362801], [10.20793342343895, 53.49042800362801], [10.20797741736071, 53.490450313287035], [10.207977417360695, 53.49045031328703], [10.20793342343895, 53.49042800362801]]]}, "properties": {"object_id": "48a8c656-0d40-4648-b5f3-77a0041a7297", "type": "Wall_Wall", "height": 371, "material": "metal"}}, {"type": "Feature", "geometry": {"type": "Polygon", "coordinates": [[[10.207756689179531, 53.49032623143536], [10.207756689179517, 53.49032623143535], [10.207719528748475, 53.49031736971416], [10.207719528748491, 53.490317369714184], [10.207756689179531, 53.49032623143536]]]}, "properties": {"object_id": "f14d620f-1830-4d7d-a11a-7d6124fef330", "type": "Wall_Wall", "height": 371, "material": "metal"}}, {"type": "Feature", "geometry": {"type": "Polygon", "coordinates": [[[10.207832886652223, 53.49037702049369], [10.207814870167574, 53.49035616108987], [10.207814870167551, 53.49035616108987], [10.20783288665221, 53.49037702049369], [10.207832886652223, 53.49037702049369]]]}, "properties": {"object_id": "5985e12c-0e9d-4bca-877f-e02163a46f86", "type": "Wall_Wall", "height": 371, "material": "metal"}}, {"type": "Feature", "geometry": {"type": "Polygon", "coordinates": [[[10.207814870167574, 53.49035616108987], [10.207756689179517, 53.49032623143536], [10.207756689179488, 53.49032623143536], [10.207814870167546, 53.49035616108987], [10.207814870167574, 53.49035616108987]]]}, "properties": {"object_id": "1c922ef9-d0ac-4e13-a820-f2b47588483c", "type": "Wall_Wall", "height": 371, "material": "metal"}}, {"type": "Feature", "geometry": {"type": "Polygon", "coordinates": [[[10.208373473782112, 53.49065115477372], [10.208398959441071, 53.49066407852265], [10.208398959441071, 53.49066407852265], [10.208373473782114, 53.49065115477374], [10.208373473782112, 53.49065115477372]]]}, "properties": {"object_id": "e09e0aab-10dc-45d4-a2e4-f94dc84ec1d6", "type": "Wall_Wall", "height": 371, "material": "metal"}}, {"type": "Feature", "geometry": {"type": "Polygon", "coordinates": [[[10.207413073262458, 53.490160149172794], [10.207470118483641, 53.49018941517243], [10.207470118483657, 53.490189415172445], [10.207413073262472, 53.490160149172794], [10.207413073262458, 53.490160149172794]]]}, "properties": {"object_id": "ea49fa46-50b6-4a45-9868-a4f1b45b5580", "type": "Wall_Wall", "height": 371, "material": "metal"}}, {"type": "Feature", "geometry": {"type": "Polygon", "coordinates": [[[10.207470118483656, 53.490189415172445], [10.207470118483657, 53.490189415172445], [10.20751555360655, 53.49021272477642], [10.207515553606536, 53.4902127247764], [10.207470118483656, 53.490189415172445]]]}, "properties": {"object_id": "132e6064-443c-4543-99e4-de4227e8fd8d", "type": "Wall_Wall", "height": 371, "material": "metal"}}, {"type": "Feature", "geometry": {"type": "Polygon", "coordinates": [[[10.207515553606536, 53.490212724776384], [10.207572735491727, 53.490242060766356], [10.207572735491715, 53.49024206076638], [10.20751555360655, 53.4902127247764], [10.207515553606536, 53.490212724776384]]]}, "properties": {"object_id": "330c5744-a790-4a94-b7fb-2013cc2a8444", "type": "Wall_Wall", "height": 371, "material": "metal"}}, {"type": "Feature", "geometry": {"type": "Polygon", "coordinates": [[[10.207658250271386, 53.49028593223747], [10.207658250271386, 53.49028593223747], [10.207696956254921, 53.49030578943812], [10.207696956254908, 53.49030578943812], [10.207658250271386, 53.49028593223747]]]}, "properties": {"object_id": "2345a5df-b79e-42d1-a133-b737ccf093c6", "type": "Wall_Wall", "height": 371, "material": "metal"}}, {"type": "Feature", "geometry": {"type": "Polygon", "coordinates": [[[10.207601110873702, 53.49025661814702], [10.207601110873687, 53.490256618147036], [10.207658250271402, 53.490285932237484], [10.2076582502714, 53.490285932237484], [10.207601110873702, 53.49025661814702]]]}, "properties": {"object_id": "5ccb1ec1-fb1d-4d18-bb3a-6e5722cc6bec", "type": "Wall_Wall", "height": 371, "material": "metal"}}, {"type": "Feature", "geometry": {"type": "Polygon", "coordinates": [[[10.2075727354917, 53.49024206076635], [10.20760111087369, 53.49025661814702], [10.20760111087369, 53.49025661814702], [10.207572735491702, 53.49024206076638], [10.2075727354917, 53.49024206076635]]]}, "properties": {"object_id": "2b304606-dce8-4b6a-8df1-14d80474097c", "type": "Wall_Wall", "height": 371, "material": "metal"}}, {"type": "Feature", "geometry": {"type": "Polygon", "coordinates": [[[10.20737318222912, 53.49013968377269], [10.207373182229121, 53.49013968377271], [10.207413073262458, 53.490160149172794], [10.20741307326246, 53.49016014917279], [10.20737318222912, 53.49013968377269]]]}, "properties": {"object_id": "c98ab444-d54b-4388-86ae-dd60c3afb5bc", "type": "Wall_Wall", "height": 371, "material": "metal"}}, {"type": "Feature", "geometry": {"type": "Polygon", "coordinates": [[[10.207320827364626, 53.490112823970584], [10.20732082736463, 53.4901128239706], [10.207373182229134, 53.49013968377272], [10.207373182229134, 53.49013968377271], [10.207320827364626, 53.490112823970584]]]}, "properties": {"object_id": "bb6343a5-856f-4a43-999c-4300e4182dbf", "type": "Wall_Wall", "height": 371, "material": "metal"}}, {"type": "Feature", "geometry": {"type": "Polygon", "coordinates": [[[10.207320827364615, 53.490112823970584], [10.207299022206742, 53.49009994462281], [10.207299022206742, 53.49009994462281], [10.207320827364624, 53.490112823970584], [10.207320827364615, 53.490112823970584]]]}, "properties": {"object_id": "67d6ab79-0a51-42e2-8efd-7858e99e4d0d", "type": "Wall_Wall", "height": 371, "material": "metal"}}, {"type": "Feature", "geometry": {"type": "Polygon", "coordinates": [[[10.201939620022412, 53.487939912230736], [10.201939620022412, 53.487939912230736], [10.201904781925975, 53.48792944921736], [10.201904781925975, 53.48792944921736], [10.201939620022412, 53.487939912230736]]]}, "properties": {"object_id": "1a0ba23f-c98f-479c-b901-27f2fdbfb959", "type": "HandRail_Wall", "height": 90, "material": "metal"}}, {"type": "Feature", "geometry": {"type": "Polygon", "coordinates": [[[10.202044373069139, 53.48797136841386], [10.202009208435397, 53.48796085701041], [10.202009208435397, 53.48796085701041], [10.202044373069139, 53.48797136841386], [10.202044373069139, 53.48797136841386]]]}, "properties": {"object_id": "81f25897-781b-4ce2-8f4a-0444080556dc", "type": "HandRail_Wall", "height": 90, "material": "metal"}}, {"type": "Feature", "geometry": {"type": "Polygon", "coordinates": [[[10.202078989811364, 53.48798179020754], [10.202078989811364, 53.48798179020754], [10.20204437306911, 53.48797136841384], [10.20204437306911, 53.48797136841384], [10.202078989811364, 53.48798179020754]]]}, "properties": {"object_id": "309c1596-dd30-4488-ae4e-81abe9b30119", "type": "HandRail_Wall", "height": 90, "material": "metal"}}, {"type": "Feature", "geometry": {"type": "Polygon", "coordinates": [[[10.20211384988158, 53.4879922913957], [10.202078989811392, 53.48798179020754], [10.202078989811392, 53.48798179020754], [10.20211384988158, 53.4879922913957], [10.20211384988158, 53.4879922913957]]]}, "properties": {"object_id": "f4d319ba-dfc1-4257-95be-23fa492008d5", "type": "HandRail_Wall", "height": 90, "material": "metal"}}, {"type": "Feature", "geometry": {"type": "Polygon", "coordinates": [[[10.202148735506253, 53.488002646848464], [10.202148735506253, 53.488002646848464], [10.202113849881595, 53.4879922913957], [10.202113849881595, 53.4879922913957], [10.202148735506253, 53.488002646848464]]]}, "properties": {"object_id": "67041e9c-2266-44de-96c9-2d441e8eec3a", "type": "HandRail_Wall", "height": 90, "material": "metal"}}, {"type": "Feature", "geometry": {"type": "Polygon", "coordinates": [[[10.202183948206226, 53.48801323902417], [10.202148735506253, 53.488002646848464], [10.202148735506253, 53.488002646848464], [10.202183948206226, 53.48801323902417], [10.202183948206226, 53.48801323902417]]]}, "properties": {"object_id": "9f8593d0-1939-4c3d-b8a7-edc4d1af28f6", "type": "HandRail_Wall", "height": 90, "material": "metal"}}, {"type": "Feature", "geometry": {"type": "Polygon", "coordinates": [[[10.202223521155393, 53.48802514137528], [10.202223521155393, 53.48802514137528], [10.202183948206232, 53.488013239024205], [10.202183948206232, 53.488013239024205], [10.202223521155393, 53.48802514137528]]]}, "properties": {"object_id": "3809fdcf-ee03-4361-9fc7-5492ab5a5056", "type": "HandRail_Wall", "height": 90, "material": "metal"}}, {"type": "Feature", "geometry": {"type": "Polygon", "coordinates": [[[10.20197440179917, 53.487950446401804], [10.20197440179917, 53.487950446401804], [10.201939620022399, 53.487939912230736], [10.201939620022399, 53.487939912230736], [10.20197440179917, 53.487950446401804]]]}, "properties": {"object_id": "265433a0-e7f2-423d-bfa3-72e4884032e7", "type": "HandRail_Wall", "height": 90, "material": "metal"}}, {"type": "Feature", "geometry": {"type": "Polygon", "coordinates": [[[10.202009208435395, 53.48796085701038], [10.202009208435395, 53.48796085701038], [10.201974401799182, 53.48795044640178], [10.201974401799182, 53.48795044640178], [10.202009208435395, 53.48796085701038]]]}, "properties": {"object_id": "00b476ca-f886-43a8-b396-d9661986c24b", "type": "HandRail_Wall", "height": 90, "material": "metal"}}, {"type": "Feature", "geometry": {"type": "Polygon", "coordinates": [[[10.201834467042609, 53.48790831390276], [10.201834467042609, 53.48790831390276], [10.201799579385913, 53.48789776511778], [10.201799579385913, 53.48789776511778], [10.201834467042609, 53.48790831390276]]]}, "properties": {"object_id": "aad38a20-63d3-4b3d-a74d-f954908f4783", "type": "HandRail_Wall", "height": 90, "material": "metal"}}, {"type": "Feature", "geometry": {"type": "Polygon", "coordinates": [[[10.201869196399217, 53.48791873219883], [10.201869196399217, 53.48791873219883], [10.201834467042637, 53.48790831390276], [10.201834467042637, 53.48790831390276], [10.201869196399217, 53.48791873219883]]]}, "properties": {"object_id": "8a4a8f54-a4e8-4c02-8b5c-33c45f4cadec", "type": "HandRail_Wall", "height": 90, "material": "metal"}}, {"type": "Feature", "geometry": {"type": "Polygon", "coordinates": [[[10.201904781925977, 53.487929449217376], [10.201904781925977, 53.487929449217376], [10.201869196399217, 53.48791873219883], [10.201869196399217, 53.48791873219883], [10.201904781925977, 53.487929449217376]]]}, "properties": {"object_id": "deb8942c-6f6a-4507-bfd1-ac6852e1c58e", "type": "HandRail_Wall", "height": 90, "material": "metal"}}, {"type": "Feature", "geometry": {"type": "Polygon", "coordinates": [[[10.201591363816384, 53.487834440181445], [10.201591363816384, 53.487834440181445], [10.20155670295425, 53.48782382975914], [10.20155670295425, 53.48782382975914], [10.201591363816384, 53.487834440181445]]]}, "properties": {"object_id": "2e9001eb-1fcd-4c75-a7a5-d51cbbfac261", "type": "HandRail_Wall", "height": 90, "material": "metal"}}, {"type": "Feature", "geometry": {"type": "Polygon", "coordinates": [[[10.201625937164106, 53.48784508876424], [10.201625937164106, 53.48784508876424], [10.201591363816398, 53.48783444018145], [10.201591363816398, 53.48783444018145], [10.201625937164106, 53.48784508876424]]]}, "properties": {"object_id": "8dc3db5f-6a9a-49ce-bab9-cd8fcb30b3f2", "type": "HandRail_Wall", "height": 90, "material": "metal"}}, {"type": "Feature", "geometry": {"type": "Polygon", "coordinates": [[[10.201660552026343, 53.48785560751207], [10.201625937164096, 53.48784508876424], [10.201625937164096, 53.48784508876424], [10.201660552026343, 53.48785560751207], [10.201660552026343, 53.48785560751207]]]}, "properties": {"object_id": "d62ccb0f-fd06-4c34-a1c5-ad7175083820", "type": "HandRail_Wall", "height": 90, "material": "metal"}}, {"type": "Feature", "geometry": {"type": "Polygon", "coordinates": [[[10.201695108528519, 53.48786617231289], [10.201695108528519, 53.48786617231289], [10.201660552026317, 53.487855607512074], [10.201660552026317, 53.487855607512074], [10.201695108528519, 53.48786617231289]]]}, "properties": {"object_id": "76d10a76-b709-4e29-9ac3-a1a61c1f07c2", "type": "HandRail_Wall", "height": 90, "material": "metal"}}, {"type": "Feature", "geometry": {"type": "Polygon", "coordinates": [[[10.201730074543937, 53.48787664283961], [10.201695108528535, 53.48786617231286], [10.201695108528535, 53.48786617231286], [10.201730074543937, 53.48787664283961], [10.201730074543937, 53.48787664283961]]]}, "properties": {"object_id": "53548101-8993-495a-8954-f1f617c1b21c", "type": "HandRail_Wall", "height": 90, "material": "metal"}}, {"type": "Feature", "geometry": {"type": "Polygon", "coordinates": [[[10.201764677090063, 53.48788723483626], [10.201764677090063, 53.48788723483626], [10.201730074543924, 53.487876642839616], [10.201730074543924, 53.487876642839616], [10.201764677090063, 53.48788723483626]]]}, "properties": {"object_id": "93541cf6-102c-47c6-9ee1-efb54d67af10", "type": "HandRail_Wall", "height": 90, "material": "metal"}}, {"type": "Feature", "geometry": {"type": "Polygon", "coordinates": [[[10.201799579385915, 53.48789776511776], [10.201799579385915, 53.48789776511776], [10.201764677090077, 53.48788723483626], [10.201764677090077, 53.48788723483626], [10.201799579385915, 53.48789776511776]]]}, "properties": {"object_id": "6b19f8dd-251f-466b-a817-f1682bb16a09", "type": "HandRail_Wall", "height": 90, "material": "metal"}}, {"type": "Feature", "geometry": {"type": "Polygon", "coordinates": [[[10.20155670295425, 53.48782382975914], [10.20155670295425, 53.48782382975914], [10.201552970310441, 53.487822687569825], [10.201552970310441, 53.487822687569825], [10.20155670295425, 53.48782382975914]]]}, "properties": {"object_id": "1cf70fd6-2fb9-429c-842a-654376fb8d10", "type": "HandRail_Wall", "height": 90, "material": "metal"}}, {"type": "Feature", "geometry": {"type": "Polygon", "coordinates": [[[10.20240009086232, 53.48800575562581], [10.202367195452993, 53.487995384527615], [10.202367198705035, 53.48799538526509], [10.202400094114363, 53.48800575636328], [10.20240009086232, 53.48800575562581]]]}, "properties": {"object_id": "9e62f546-7c9c-43e2-a8d7-7ebb3e6758f0", "type": "HandRail_Wall", "height": 91, "material": "metal"}}, {"type": "Feature", "geometry": {"type": "Polygon", "coordinates": [[[10.202434476299267, 53.488016596477195], [10.202434479551313, 53.48801659721467], [10.202400094114351, 53.488005756363286], [10.202400090862307, 53.48800575562581], [10.202434476299267, 53.488016596477195]]]}, "properties": {"object_id": "8c7b8b3b-d984-46bb-89fe-3e718a65be11", "type": "HandRail_Wall", "height": 91, "material": "metal"}}, {"type": "Feature", "geometry": {"type": "Polygon", "coordinates": [[[10.20246854587079, 53.48802733772898], [10.202468549122836, 53.488027338466445], [10.202434479551298, 53.48801659721467], [10.202434476299267, 53.488016596477195], [10.20246854587079, 53.48802733772898]]]}, "properties": {"object_id": "8e87268d-f7d1-42d1-b9cc-6924743bcdb5", "type": "HandRail_Wall", "height": 91, "material": "metal"}}, {"type": "Feature", "geometry": {"type": "Polygon", "coordinates": [[[10.202499078939589, 53.48803696400027], [10.202499082191654, 53.48803696473775], [10.202468549122864, 53.488027338466445], [10.20246854587082, 53.48802733772899], [10.202499078939589, 53.48803696400027]]]}, "properties": {"object_id": "580be48d-00a6-4457-bbd6-8f9df13598af", "type": "HandRail_Wall", "height": 91, "material": "metal"}}, {"type": "Feature", "geometry": {"type": "Polygon", "coordinates": [[[10.202333039278038, 53.487984615926635], [10.20233304253008, 53.48798461666411], [10.202286074016435, 53.48796980862319], [10.202286070764398, 53.48796980788571], [10.202333039278038, 53.487984615926635]]]}, "properties": {"object_id": "3cab7515-2f1d-4763-815f-5ddf86164d96", "type": "HandRail_Wall", "height": 91, "material": "metal"}}, {"type": "Feature", "geometry": {"type": "Polygon", "coordinates": [[[10.202367195452995, 53.487995384527636], [10.20233303927805, 53.487984615926635], [10.202333042530105, 53.48798461666411], [10.202367198705039, 53.48799538526512], [10.202367195452995, 53.487995384527636]]]}, "properties": {"object_id": "7c23ee6b-fa77-48a1-b7ac-c61f35c3a3f4", "type": "HandRail_Wall", "height": 91, "material": "metal"}}, {"type": "Feature", "geometry": {"type": "Polygon", "coordinates": [[[10.20195498346192, 53.48786934281355], [10.20195498287391, 53.48786934263497], [10.201919827841238, 53.48785867511594], [10.201919828429261, 53.48785867529452], [10.20195498346192, 53.48786934281355]]]}, "properties": {"object_id": "3eb99fb4-dace-42a3-9961-fca09f6340ef", "type": "HandRail_Wall", "height": 93, "material": "metal"}}, {"type": "Feature", "geometry": {"type": "Polygon", "coordinates": [[[10.201898297062964, 53.48794193906666], [10.201898296478937, 53.487941938883445], [10.20193429042445, 53.48795322028133], [10.201934291008477, 53.48795322046454], [10.201898297062964, 53.48794193906666]]]}, "properties": {"object_id": "51beb10f-25f3-4023-a2df-5a05c6fc653f", "type": "HandRail_Wall", "height": 93, "material": "metal"}}, {"type": "Feature", "geometry": {"type": "Polygon", "coordinates": [[[10.201934291008477, 53.48795322046454], [10.201970286700224, 53.48796450239281], [10.201970286116191, 53.487964502209614], [10.201934290424465, 53.487953220281334], [10.201934291008477, 53.48795322046454]]]}, "properties": {"object_id": "bca2302d-afee-4b88-aaca-167220748a16", "type": "HandRail_Wall", "height": 93, "material": "metal"}}, {"type": "Feature", "geometry": {"type": "Polygon", "coordinates": [[[10.202094376865285, 53.48791164049363], [10.202094376277286, 53.48791164031503], [10.202059704508093, 53.48790111950033], [10.202059705096117, 53.48790111967892], [10.202094376865285, 53.48791164049363]]]}, "properties": {"object_id": "78460fb3-27f5-4601-9ea6-db309401575d", "type": "HandRail_Wall", "height": 93, "material": "metal"}}, {"type": "Feature", "geometry": {"type": "Polygon", "coordinates": [[[10.202128597146816, 53.48792202429367], [10.20212859655879, 53.4879220241151], [10.202094376277273, 53.48791164031502], [10.202094376865297, 53.487911640493586], [10.202128597146816, 53.48792202429367]]]}, "properties": {"object_id": "7968b940-94f1-46d1-aaf0-c8018430dcf7", "type": "HandRail_Wall", "height": 93, "material": "metal"}}, {"type": "Feature", "geometry": {"type": "Polygon", "coordinates": [[[10.202162460248752, 53.48793229969651], [10.202162459660723, 53.48793229951793], [10.202128596558804, 53.487922024115115], [10.202128597146816, 53.48792202429368], [10.202162460248752, 53.48793229969651]]]}, "properties": {"object_id": "c997a361-e39d-4090-a997-5aaadf948651", "type": "HandRail_Wall", "height": 93, "material": "metal"}}, {"type": "Feature", "geometry": {"type": "Polygon", "coordinates": [[[10.202196557079619, 53.48794264600714], [10.202196556491604, 53.487942645828554], [10.202162459660709, 53.48793229951792], [10.202162460248736, 53.48793229969651], [10.202196557079619, 53.48794264600714]]]}, "properties": {"object_id": "54e8f59e-24a8-4d61-9f07-025d8f662155", "type": "HandRail_Wall", "height": 93, "material": "metal"}}, {"type": "Feature", "geometry": {"type": "Polygon", "coordinates": [[[10.202230541047035, 53.48795295805581], [10.202230540459011, 53.48795295787723], [10.202196556491606, 53.48794264582856], [10.202196557079619, 53.48794264600716], [10.202230541047035, 53.48795295805581]]]}, "properties": {"object_id": "c2068e21-155e-409c-9d19-767d9267e22d", "type": "HandRail_Wall", "height": 93, "material": "metal"}}, {"type": "Feature", "geometry": {"type": "Polygon", "coordinates": [[[10.20228607076441, 53.4879698078857], [10.202286070176395, 53.48796980770712], [10.202230540459022, 53.48795295787722], [10.202230541047049, 53.48795295805579], [10.20228607076441, 53.4879698078857]]]}, "properties": {"object_id": "30645987-d9dc-40a6-b2d0-69d0e27fbd9f", "type": "HandRail_Wall", "height": 93, "material": "metal"}}, {"type": "Feature", "geometry": {"type": "Polygon", "coordinates": [[[10.201970286700208, 53.48796450239283], [10.20200601047939, 53.48797569908035], [10.202006009895378, 53.487975698897145], [10.201970286116179, 53.48796450220963], [10.201970286700208, 53.48796450239283]]]}, "properties": {"object_id": "a0f3f9f5-c579-4f68-8486-d5b55d8e0ca1", "type": "HandRail_Wall", "height": 93, "material": "metal"}}, {"type": "Feature", "geometry": {"type": "Polygon", "coordinates": [[[10.20200601047939, 53.48797569908033], [10.20200600989539, 53.487975698897145], [10.202042115435193, 53.48798701522065], [10.202042116019191, 53.48798701540384], [10.20200601047939, 53.48797569908033]]]}, "properties": {"object_id": "803e1f71-0a71-4e54-a3bf-b1bf6bac45de", "type": "HandRail_Wall", "height": 93, "material": "metal"}}, {"type": "Feature", "geometry": {"type": "Polygon", "coordinates": [[[10.202042116019193, 53.487987015403846], [10.20207789387725, 53.48799822900739], [10.202077893293247, 53.48799822882421], [10.202042115435178, 53.48798701522065], [10.202042116019193, 53.487987015403846]]]}, "properties": {"object_id": "a2fb92b6-fcf9-4ac1-ae46-ce159da108eb", "type": "HandRail_Wall", "height": 93, "material": "metal"}}, {"type": "Feature", "geometry": {"type": "Polygon", "coordinates": [[[10.202077893877279, 53.48799822900739], [10.202114103504261, 53.488009577920224], [10.202114102920245, 53.488009577737046], [10.202077893293263, 53.487998228824196], [10.202077893877279, 53.48799822900739]]]}, "properties": {"object_id": "f343aeb7-1d18-483c-a852-62e6bf13771c", "type": "HandRail_Wall", "height": 93, "material": "metal"}}, {"type": "Feature", "geometry": {"type": "Polygon", "coordinates": [[[10.202114103504261, 53.48800957792025], [10.20214999236087, 53.48802082627955], [10.202149991776851, 53.48802082609634], [10.202114102920245, 53.488009577737046], [10.202114103504261, 53.48800957792025]]]}, "properties": {"object_id": "c005a9bc-97c5-4ef3-85c1-4557c777a3fc", "type": "HandRail_Wall", "height": 93, "material": "metal"}}, {"type": "Feature", "geometry": {"type": "Polygon", "coordinates": [[[10.202149992360853, 53.488020826279524], [10.202149991776837, 53.488020826096324], [10.202186089304762, 53.488032139840875], [10.202186089888778, 53.48803214002406], [10.202149992360853, 53.488020826279524]]]}, "properties": {"object_id": "d20dcb23-3adc-49e4-8060-dc46ff50d4ae", "type": "HandRail_Wall", "height": 93, "material": "metal"}}, {"type": "Feature", "geometry": {"type": "Polygon", "coordinates": [[[10.202186089888782, 53.48803214002409], [10.202186089304762, 53.488032139840875], [10.202222605362307, 53.488043584744304], [10.202222605946325, 53.488043584927496], [10.202186089888782, 53.48803214002409]]]}, "properties": {"object_id": "c10def84-24d6-4edf-a3e0-12d0723c5e13", "type": "HandRail_Wall", "height": 93, "material": "metal"}}, {"type": "Feature", "geometry": {"type": "Polygon", "coordinates": [[[10.201990117292, 53.48788000388307], [10.201990116703977, 53.48788000370447], [10.201954982873897, 53.48786934263497], [10.20195498346192, 53.48786934281355], [10.201990117292, 53.48788000388307]]]}, "properties": {"object_id": "9176d2d7-19a7-42aa-b9f6-753abaa2b2c2", "type": "HandRail_Wall", "height": 93, "material": "metal"}}, {"type": "Feature", "geometry": {"type": "Polygon", "coordinates": [[[10.202025265514797, 53.48789066930416], [10.202025264926785, 53.48789066912558], [10.201990116703977, 53.48788000370448], [10.201990117291986, 53.48788000388307], [10.202025265514797, 53.48789066930416]]]}, "properties": {"object_id": "946afc93-50dc-4f4e-b899-5ececf4fe391", "type": "HandRail_Wall", "height": 93, "material": "metal"}}, {"type": "Feature", "geometry": {"type": "Polygon", "coordinates": [[[10.2020597050961, 53.48790111967889], [10.202059704508091, 53.48790111950031], [10.202025264926801, 53.48789066912557], [10.202025265514811, 53.48789066930416], [10.2020597050961, 53.48790111967889]]]}, "properties": {"object_id": "3ba592f5-1f85-4322-b193-5d97ef7a6cd1", "type": "HandRail_Wall", "height": 93, "material": "metal"}}, {"type": "Feature", "geometry": {"type": "Polygon", "coordinates": [[[10.201718321861234, 53.487885530107754], [10.201754260519998, 53.487896794261864], [10.201754259935983, 53.487896794078665], [10.201718321277234, 53.48788552992456], [10.201718321861234, 53.487885530107754]]]}, "properties": {"object_id": "14652476-8af5-4e85-baf2-4499bd3e2292", "type": "HandRail_Wall", "height": 93, "material": "metal"}}, {"type": "Feature", "geometry": {"type": "Polygon", "coordinates": [[[10.201573591513446, 53.48784016750545], [10.201573592097471, 53.487840167688645], [10.201537379442607, 53.48782881757121], [10.201537426795877, 53.487828832413], [10.201537426795877, 53.487828832413], [10.201573591513446, 53.48784016750545]]]}, "properties": {"object_id": "ae04f681-904f-4126-b3b7-d3e5f11e3b0c", "type": "HandRail_Wall", "height": 93, "material": "metal"}}, {"type": "Feature", "geometry": {"type": "Polygon", "coordinates": [[[10.201609934238366, 53.4878515583735], [10.20160993482238, 53.48785155855669], [10.201573543568422, 53.487840152478256], [10.20157359151343, 53.48784016750547], [10.20157359151343, 53.48784016750547], [10.201609934238366, 53.4878515583735]]]}, "properties": {"object_id": "b1bf7769-8d37-44a2-a8c8-4fe44f20ce47", "type": "HandRail_Wall", "height": 93, "material": "metal"}}, {"type": "Feature", "geometry": {"type": "Polygon", "coordinates": [[[10.201646062951506, 53.487862882146885], [10.201682258845443, 53.48787422695961], [10.201682283996826, 53.48787423484275], [10.201682234273754, 53.48787421925829], [10.201646063535533, 53.487862882330106], [10.201646062951506, 53.487862882146885]]]}, "properties": {"object_id": "dde50c1b-98e3-4461-aeeb-a44d6f064530", "type": "HandRail_Wall", "height": 93, "material": "metal"}}, {"type": "Feature", "geometry": {"type": "Polygon", "coordinates": [[[10.201646062951507, 53.48786288214691], [10.201646063535522, 53.487862882330106], [10.201609885698714, 53.48785154315991], [10.201609934238382, 53.48785155837351], [10.201609934238382, 53.48785155837351], [10.201646062951507, 53.48786288214691]]]}, "properties": {"object_id": "65211303-735d-4eb8-9daf-1da283f2edc9", "type": "HandRail_Wall", "height": 93, "material": "metal"}}, {"type": "Feature", "geometry": {"type": "Polygon", "coordinates": [[[10.20175426052001, 53.48789679426187], [10.201790148035752, 53.487908042369526], [10.201790147451739, 53.487908042186326], [10.201754259936, 53.487896794078665], [10.20175426052001, 53.48789679426187]]]}, "properties": {"object_id": "432209e5-01c5-4da3-b8bf-e115efbf89de", "type": "HandRail_Wall", "height": 93, "material": "metal"}}, {"type": "Feature", "geometry": {"type": "Polygon", "coordinates": [[[10.201790148035737, 53.487908042369526], [10.201826197692792, 53.4879193412797], [10.201826197108778, 53.48791934109649], [10.201790147451725, 53.487908042186326], [10.201790148035737, 53.487908042369526]]]}, "properties": {"object_id": "ca0a531f-8656-4772-8d9d-4c4dc8e9621f", "type": "HandRail_Wall", "height": 93, "material": "metal"}}, {"type": "Feature", "geometry": {"type": "Polygon", "coordinates": [[[10.201826197692807, 53.48791934127967], [10.20186230198493, 53.48793065729689], [10.201862301400917, 53.48793065711371], [10.201826197108778, 53.48791934109649], [10.201826197692807, 53.48791934127967]]]}, "properties": {"object_id": "6d645264-25fa-4d21-8d55-66434bf90d62", "type": "HandRail_Wall", "height": 93, "material": "metal"}}, {"type": "Feature", "geometry": {"type": "Polygon", "coordinates": [[[10.20186230198493, 53.48793065729689], [10.2018623014009, 53.48793065711371], [10.201898296478952, 53.487941938883466], [10.201898297062966, 53.48794193906666], [10.20186230198493, 53.48793065729689]]]}, "properties": {"object_id": "e99c701c-0c0f-4cc7-bb61-42236e498a3d", "type": "HandRail_Wall", "height": 93, "material": "metal"}}, {"type": "Feature", "geometry": {"type": "Polygon", "coordinates": [[[10.201573121266017, 53.4877534688792], [10.201573120678008, 53.487753468700625], [10.201538385124286, 53.487742928299966], [10.20153838571231, 53.48774292847855], [10.201573121266017, 53.4877534688792]]]}, "properties": {"object_id": "daf2160b-fd9c-4839-9185-cc4f31e11da3", "type": "HandRail_Wall", "height": 93, "material": "metal"}}, {"type": "Feature", "geometry": {"type": "Polygon", "coordinates": [[[10.201607492658802, 53.48776389876114], [10.201607492070798, 53.48776389858256], [10.201573120678022, 53.487753468700625], [10.201573121266017, 53.4877534688792], [10.201607492658802, 53.48776389876114]]]}, "properties": {"object_id": "905c176f-f1a7-41ca-ba5d-d3690151f1f4", "type": "HandRail_Wall", "height": 93, "material": "metal"}}, {"type": "Feature", "geometry": {"type": "Polygon", "coordinates": [[[10.201641630211492, 53.48777425767017], [10.201641629623486, 53.48777425749158], [10.20160749207077, 53.48776389858255], [10.201607492658791, 53.48776389876114], [10.201641630211492, 53.48777425767017]]]}, "properties": {"object_id": "44de4ecb-c4e8-4540-ac0d-f3869eca209f", "type": "HandRail_Wall", "height": 93, "material": "metal"}}, {"type": "Feature", "geometry": {"type": "Polygon", "coordinates": [[[10.201676695129397, 53.487784897969135], [10.201676694541375, 53.48778489779055], [10.201641629623474, 53.487774257491594], [10.201641630211494, 53.48777425767019], [10.201676695129397, 53.487784897969135]]]}, "properties": {"object_id": "ecdf2988-bdee-4283-b03b-c30292956636", "type": "HandRail_Wall", "height": 93, "material": "metal"}}, {"type": "Feature", "geometry": {"type": "Polygon", "coordinates": [[[10.201711069302858, 53.48779532864943], [10.201711068714836, 53.48779532847084], [10.201676694541375, 53.48778489779056], [10.201676695129397, 53.487784897969135], [10.201711069302858, 53.48779532864943]]]}, "properties": {"object_id": "43527776-c796-4229-84ed-a84773900b06", "type": "HandRail_Wall", "height": 93, "material": "metal"}}, {"type": "Feature", "geometry": {"type": "Polygon", "coordinates": [[[10.201745881936553, 53.48780589236299], [10.201745881348547, 53.48780589218443], [10.201711068714836, 53.48779532847084], [10.201711069302858, 53.48779532864944], [10.201745881936553, 53.48780589236299]]]}, "properties": {"object_id": "5b33090c-a452-4f6e-970f-845802813241", "type": "HandRail_Wall", "height": 93, "material": "metal"}}, {"type": "Feature", "geometry": {"type": "Polygon", "coordinates": [[[10.201780900135546, 53.48781651843869], [10.201745881936567, 53.487805892362985], [10.20174588134856, 53.487805892184404], [10.201780899547519, 53.487816518260104], [10.201780900135546, 53.48781651843869]]]}, "properties": {"object_id": "7142b578-9ba8-4419-9701-c38e12b7cfb3", "type": "HandRail_Wall", "height": 93, "material": "metal"}}, {"type": "Feature", "geometry": {"type": "Polygon", "coordinates": [[[10.201815233141005, 53.4878269365811], [10.20178090013553, 53.4878165184387], [10.201780899547504, 53.487816518260125], [10.201815232552983, 53.487826936402506], [10.201815233141005, 53.4878269365811]]]}, "properties": {"object_id": "b5137e29-bf3f-4820-8edd-24169496aa10", "type": "HandRail_Wall", "height": 93, "material": "metal"}}, {"type": "Feature", "geometry": {"type": "Polygon", "coordinates": [[[10.201850649831616, 53.48783768354537], [10.201850649243594, 53.487837683366806], [10.201815232552995, 53.4878269364025], [10.201815233141017, 53.48782693658109], [10.201850649831616, 53.48783768354537]]]}, "properties": {"object_id": "c659addc-bf6b-4a03-9631-38f8fe72668c", "type": "HandRail_Wall", "height": 93, "material": "metal"}}, {"type": "Feature", "geometry": {"type": "Polygon", "coordinates": [[[10.201885051828896, 53.48784812259229], [10.2018506498316, 53.48783768354537], [10.201850649243578, 53.487837683366806], [10.201885051240884, 53.48784812241371], [10.201885051828896, 53.48784812259229]]]}, "properties": {"object_id": "9de07328-bbf3-4d30-9348-26c661409628", "type": "HandRail_Wall", "height": 93, "material": "metal"}}, {"type": "Feature", "geometry": {"type": "Polygon", "coordinates": [[[10.201919828429247, 53.48785867529451], [10.201919827841238, 53.48785867511594], [10.20188505124087, 53.487848122413695], [10.201885051828897, 53.48784812259227], [10.201919828429247, 53.48785867529451]]]}, "properties": {"object_id": "6211098c-9b6f-4684-95f2-3e92766e2c7b", "type": "HandRail_Wall", "height": 93, "material": "metal"}}, {"type": "Feature", "geometry": {"type": "Polygon", "coordinates": [[[10.201682234273683, 53.48787421925836], [10.201718321861234, 53.48788553010776], [10.201718321277223, 53.48788552992458], [10.201682233689676, 53.48787421907517], [10.201682234273683, 53.48787421925836]]]}, "properties": {"object_id": "8c6cd077-4d04-4ac2-925f-0e7a884634f0", "type": "HandRail_Wall", "height": 93, "material": "metal"}}, {"type": "Feature", "geometry": {"type": "Polygon", "coordinates": [[[10.201951356300045, 53.4881384108723], [10.201951356300045, 53.4881384108723], [10.201918177766547, 53.48812746623907], [10.201918177766547, 53.48812746623907], [10.201951356300045, 53.4881384108723]]]}, "properties": {"object_id": "f19af350-a734-41d8-a42b-4462f8719127", "type": "HandRail_Wall", "height": 94, "material": "metal"}}, {"type": "Feature", "geometry": {"type": "Polygon", "coordinates": [[[10.202226551219336, 53.48822917591486], [10.202190954074267, 53.48821738621365], [10.20219095407425, 53.48821738621365], [10.202226551219336, 53.48822917591486], [10.202226551219336, 53.48822917591486]]]}, "properties": {"object_id": "ede57fb5-5756-421f-83bc-c97bbed3e604", "type": "HandRail_Wall", "height": 94, "material": "metal"}}, {"type": "Feature", "geometry": {"type": "Polygon", "coordinates": [[[10.202084267035186, 53.488182131840716], [10.202084267035174, 53.488182131840716], [10.202050912822248, 53.4881712109623], [10.202050912822262, 53.4881712109623], [10.202084267035186, 53.488182131840716]]]}, "properties": {"object_id": "0deb1b6d-f49a-497f-a933-3d236275adc9", "type": "HandRail_Wall", "height": 94, "material": "metal"}}, {"type": "Feature", "geometry": {"type": "Polygon", "coordinates": [[[10.202119837971859, 53.48819389478978], [10.202119837971843, 53.48819389478978], [10.202084267035175, 53.488182131840695], [10.202084267035158, 53.48818213184069], [10.202119837971859, 53.48819389478978]]]}, "properties": {"object_id": "22da6bd6-4451-40cf-8238-6947be2d70ea", "type": "HandRail_Wall", "height": 94, "material": "metal"}}, {"type": "Feature", "geometry": {"type": "Polygon", "coordinates": [[[10.202155277093047, 53.488205634268404], [10.202155277093059, 53.488205634268404], [10.202119837971871, 53.488193894789795], [10.202119837971871, 53.488193894789795], [10.202155277093047, 53.488205634268404]]]}, "properties": {"object_id": "5f2d2aae-ca1a-4532-b218-22dfe28fc90b", "type": "HandRail_Wall", "height": 94, "material": "metal"}}, {"type": "Feature", "geometry": {"type": "Polygon", "coordinates": [[[10.202190954074267, 53.48821738621365], [10.202155277093047, 53.48820563426839], [10.202155277093047, 53.48820563426839], [10.202190954074279, 53.48821738621365], [10.202190954074267, 53.48821738621365]]]}, "properties": {"object_id": "3239c521-613b-4603-9aff-e6a31a6c0f40", "type": "HandRail_Wall", "height": 94, "material": "metal"}}, {"type": "Feature", "geometry": {"type": "Polygon", "coordinates": [[[10.201984504844544, 53.488149365584064], [10.20198450484456, 53.48814936558408], [10.201951356300047, 53.48813841087232], [10.201951356300047, 53.48813841087232], [10.201984504844544, 53.488149365584064]]]}, "properties": {"object_id": "ab03c665-6f5d-48bb-a2ab-b99190c1fb07", "type": "HandRail_Wall", "height": 94, "material": "metal"}}, {"type": "Feature", "geometry": {"type": "Polygon", "coordinates": [[[10.202017736177561, 53.48816030712361], [10.202017736177561, 53.48816030712361], [10.20198450484456, 53.48814936558408], [10.201984504844575, 53.48814936558407], [10.202017736177561, 53.48816030712361]]]}, "properties": {"object_id": "3ba21d10-8e9e-4d46-8aef-c429cf99a642", "type": "HandRail_Wall", "height": 94, "material": "metal"}}, {"type": "Feature", "geometry": {"type": "Polygon", "coordinates": [[[10.202050912822232, 53.4881712109623], [10.202017736177547, 53.48816030712363], [10.202017736177547, 53.48816030712363], [10.202050912822232, 53.4881712109623], [10.202050912822232, 53.4881712109623]]]}, "properties": {"object_id": "2f1edda2-3962-4f06-9b21-2360c968c63d", "type": "HandRail_Wall", "height": 94, "material": "metal"}}, {"type": "Feature", "geometry": {"type": "Polygon", "coordinates": [[[10.201818699636483, 53.488094746702025], [10.201818699636496, 53.488094746702025], [10.201785385050318, 53.48808383165235], [10.201785385050336, 53.48808383165235], [10.201818699636483, 53.488094746702025]]]}, "properties": {"object_id": "2ecaa746-db2b-4ad1-a7a9-1acf8e1a20de", "type": "HandRail_Wall", "height": 94, "material": "metal"}}, {"type": "Feature", "geometry": {"type": "Polygon", "coordinates": [[[10.2018518289729, 53.488105713797246], [10.2018518289729, 53.488105713797246], [10.201818699636496, 53.488094746702025], [10.201818699636496, 53.488094746702025], [10.2018518289729, 53.488105713797246]]]}, "properties": {"object_id": "021d82d7-66ce-4fe0-989e-a5b812adfea1", "type": "HandRail_Wall", "height": 94, "material": "metal"}}, {"type": "Feature", "geometry": {"type": "Polygon", "coordinates": [[[10.201885113226666, 53.488116539406], [10.2018518289729, 53.488105713797246], [10.2018518289729, 53.488105713797246], [10.201885113226666, 53.488116539406], [10.201885113226666, 53.488116539406]]]}, "properties": {"object_id": "bb184b95-fb97-4e06-9edc-a9d538fef2b6", "type": "HandRail_Wall", "height": 94, "material": "metal"}}, {"type": "Feature", "geometry": {"type": "Polygon", "coordinates": [[[10.201918177766576, 53.48812746623907], [10.201918177766576, 53.48812746623907], [10.201885113226679, 53.488116539405986], [10.201885113226679, 53.488116539405986], [10.201918177766576, 53.48812746623907]]]}, "properties": {"object_id": "4f202c5f-5892-4410-b4e8-ed77be9e8e61", "type": "HandRail_Wall", "height": 94, "material": "metal"}}, {"type": "Feature", "geometry": {"type": "Polygon", "coordinates": [[[10.201785385050332, 53.48808383165233], [10.20178538505032, 53.48808383165234], [10.2017522809404, 53.488072960775966], [10.201752280940386, 53.488072960775966], [10.201785385050332, 53.48808383165233]]]}, "properties": {"object_id": "d35adfd9-dc3f-480d-8986-2b60a0d788a6", "type": "HandRail_Wall", "height": 94, "material": "metal"}}, {"type": "Feature", "geometry": {"type": "Polygon", "coordinates": [[[10.201614581367577, 53.48802768601937], [10.201578527558894, 53.48801571513811], [10.201578527558894, 53.48801571513811], [10.20161458136758, 53.48802768601939], [10.201614581367577, 53.48802768601937]]]}, "properties": {"object_id": "04b1825b-ee3e-4fcd-8d37-dbc1dddd795f", "type": "HandRail_Wall", "height": 94, "material": "metal"}}, {"type": "Feature", "geometry": {"type": "Polygon", "coordinates": [[[10.201650238706327, 53.488039492065866], [10.201650238706327, 53.488039492065866], [10.20161458136758, 53.48802768601939], [10.201614581367565, 53.48802768601939], [10.201650238706327, 53.488039492065866]]]}, "properties": {"object_id": "dd89d357-7486-4ea9-b951-bf76b8aaae1f", "type": "HandRail_Wall", "height": 94, "material": "metal"}}, {"type": "Feature", "geometry": {"type": "Polygon", "coordinates": [[[10.201685956601143, 53.48805120315064], [10.201650238706337, 53.488039492065866], [10.201650238706337, 53.488039492065866], [10.201685956601155, 53.48805120315064], [10.201685956601143, 53.48805120315064]]]}, "properties": {"object_id": "dfc3c29d-24d4-4aaf-86bb-30950c99c93b", "type": "HandRail_Wall", "height": 94, "material": "metal"}}, {"type": "Feature", "geometry": {"type": "Polygon", "coordinates": [[[10.201719039803397, 53.488062093870695], [10.20168595660113, 53.48805120315067], [10.20168595660113, 53.48805120315067], [10.201719039803411, 53.488062093870695], [10.201719039803397, 53.488062093870695]]]}, "properties": {"object_id": "fc64972e-6cae-4f97-8741-c2c503f798e5", "type": "HandRail_Wall", "height": 94, "material": "metal"}}, {"type": "Feature", "geometry": {"type": "Polygon", "coordinates": [[[10.201752280940386, 53.48807296077597], [10.201752280940386, 53.48807296077597], [10.201719039803397, 53.48806209387068], [10.20171903980341, 53.48806209387068], [10.201752280940386, 53.48807296077597]]]}, "properties": {"object_id": "86ea373e-8d70-489f-852b-9364863626c0", "type": "HandRail_Wall", "height": 94, "material": "metal"}}, {"type": "Feature", "geometry": {"type": "Polygon", "coordinates": [[[10.203784257481141, 53.48889244210569], [10.203784257481141, 53.4888924421057], [10.203755986589995, 53.488879441452205], [10.203755986589995, 53.48887944145219], [10.203784257481141, 53.48889244210569]]]}, "properties": {"object_id": "0588da99-3921-48f4-a667-c15d02f6d0f4", "type": "HandRail_Wall", "height": 114, "material": "metal"}}, {"type": "Feature", "geometry": {"type": "Polygon", "coordinates": [[[10.203841742990427, 53.48891887734952], [10.203812926475614, 53.48890562581593], [10.203812926475614, 53.48890562581593], [10.203841742990425, 53.48891887734953], [10.203841742990427, 53.48891887734952]]]}, "properties": {"object_id": "51e4006a-f6cd-4876-a049-432fdbf5bfef", "type": "HandRail_Wall", "height": 114, "material": "metal"}}, {"type": "Feature", "geometry": {"type": "Polygon", "coordinates": [[[10.203876207859928, 53.488934726309715], [10.20387001108414, 53.488931876671856], [10.20387001108414, 53.488931876671856], [10.203876207859928, 53.488934726309715], [10.203876207859928, 53.488934726309715]]]}, "properties": {"object_id": "32fe1bd0-759f-4815-8030-3070bfd2ab78", "type": "HandRail_Wall", "height": 114, "material": "metal"}}, {"type": "Feature", "geometry": {"type": "Polygon", "coordinates": [[[10.203870011084154, 53.48893187667187], [10.20387001108414, 53.48893187667187], [10.203841742990425, 53.48891887734953], [10.203841742990427, 53.48891887734952], [10.203870011084154, 53.48893187667187]]]}, "properties": {"object_id": "4c21e3ec-2340-41fb-89da-7ee73c9e3e0f", "type": "HandRail_Wall", "height": 114, "material": "metal"}}, {"type": "Feature", "geometry": {"type": "Polygon", "coordinates": [[[10.203812926475598, 53.48890562581593], [10.203784257481141, 53.48889244210569], [10.203784257481127, 53.48889244210569], [10.203812926475614, 53.48890562581593], [10.203812926475598, 53.48890562581593]]]}, "properties": {"object_id": "c2b1098b-3073-4fbf-9b63-d94fe93b1c47", "type": "HandRail_Wall", "height": 114, "material": "metal"}}, {"type": "Feature", "geometry": {"type": "Polygon", "coordinates": [[[10.203698400596057, 53.4888529599084], [10.203698400596071, 53.48885295990841], [10.203669883446542, 53.4888398459653], [10.203669883446526, 53.48883984596529], [10.203698400596057, 53.4888529599084]]]}, "properties": {"object_id": "6e295aa9-18fe-42f3-9a84-dd778240e8ee", "type": "HandRail_Wall", "height": 114, "material": "metal"}}, {"type": "Feature", "geometry": {"type": "Polygon", "coordinates": [[[10.203755986589995, 53.48887944145219], [10.203727116094033, 53.488866165049195], [10.20372711609402, 53.4888661650492], [10.20375598658998, 53.48887944145219], [10.203755986589995, 53.48887944145219]]]}, "properties": {"object_id": "e74d3509-78e5-4662-b040-ce4e504d83b4", "type": "HandRail_Wall", "height": 114, "material": "metal"}}, {"type": "Feature", "geometry": {"type": "Polygon", "coordinates": [[[10.20372711609402, 53.488866165049195], [10.203698400596085, 53.48885295990841], [10.203698400596085, 53.48885295990841], [10.203727116094033, 53.488866165049195], [10.20372711609402, 53.488866165049195]]]}, "properties": {"object_id": "15336c47-5744-43c5-921c-4f9858f8977b", "type": "HandRail_Wall", "height": 114, "material": "metal"}}, {"type": "Feature", "geometry": {"type": "Polygon", "coordinates": [[[10.203669883446526, 53.48883984596529], [10.203669883446526, 53.48883984596529], [10.203641513104037, 53.48882679951821], [10.203641513104023, 53.48882679951821], [10.203669883446526, 53.48883984596529]]]}, "properties": {"object_id": "3fa1741c-5f92-40b7-b3b2-81bdf2ad9770", "type": "HandRail_Wall", "height": 114, "material": "metal"}}, {"type": "Feature", "geometry": {"type": "Polygon", "coordinates": [[[10.20364151310402, 53.488826799518236], [10.20364151310402, 53.488826799518236], [10.203635548943979, 53.48882405682482], [10.203635548943996, 53.48882405682482], [10.20364151310402, 53.488826799518236]]]}, "properties": {"object_id": "29f99191-3e47-48aa-8ecd-f24337491878", "type": "HandRail_Wall", "height": 114, "material": "metal"}}, {"type": "Feature", "geometry": {"type": "Polygon", "coordinates": [[[10.203914947029304, 53.48879173733748], [10.203914947029304, 53.488791737337486], [10.20388619520401, 53.488778538920776], [10.203886195204024, 53.488778538920776], [10.203914947029304, 53.48879173733748]]]}, "properties": {"object_id": "bcbc66ce-84f6-4174-a48a-014baebb2213", "type": "HandRail_Wall", "height": 112, "material": "metal"}}, {"type": "Feature", "geometry": {"type": "Polygon", "coordinates": [[[10.203801971594306, 53.488773305304484], [10.203801971594306, 53.4887733053045], [10.203830736219983, 53.488786509631126], [10.203830736219995, 53.488786509631126], [10.203801971594306, 53.488773305304484]]]}, "properties": {"object_id": "e0e0807e-d1f5-4b03-a008-439efa813d4b", "type": "HandRail_Wall", "height": 112, "material": "metal"}}, {"type": "Feature", "geometry": {"type": "Polygon", "coordinates": [[[10.203943451245756, 53.48880482207523], [10.203914947029316, 53.48879173733748], [10.203914947029318, 53.48879173733748], [10.203943451245756, 53.48880482207524], [10.203943451245756, 53.48880482207523]]]}, "properties": {"object_id": "be693500-d5b1-449c-93ae-3ec2380d5582", "type": "HandRail_Wall", "height": 112, "material": "metal"}}, {"type": "Feature", "geometry": {"type": "Polygon", "coordinates": [[[10.203972204662243, 53.488818021192074], [10.203972204662243, 53.488818021192074], [10.203943451245756, 53.48880482207523], [10.203943451245756, 53.48880482207523], [10.203972204662243, 53.488818021192074]]]}, "properties": {"object_id": "18bbee43-7e01-45c8-ba70-433581276401", "type": "HandRail_Wall", "height": 112, "material": "metal"}}, {"type": "Feature", "geometry": {"type": "Polygon", "coordinates": [[[10.204000665932364, 53.488831086185535], [10.204000665932364, 53.488831086185535], [10.203972204662232, 53.488818021192074], [10.203972204662232, 53.488818021192074], [10.204000665932364, 53.488831086185535]]]}, "properties": {"object_id": "458cd97a-f6ff-4b73-91f1-63158f5a6df1", "type": "HandRail_Wall", "height": 112, "material": "metal"}}, {"type": "Feature", "geometry": {"type": "Polygon", "coordinates": [[[10.204009128110252, 53.48883497070005], [10.204000665932364, 53.488831086185535], [10.204000665932364, 53.488831086185535], [10.204009128110252, 53.48883497070005], [10.204009128110252, 53.48883497070005]]]}, "properties": {"object_id": "c2cc9eb5-32fb-4ce5-a1fe-8233c56ad9ae", "type": "HandRail_Wall", "height": 112, "material": "metal"}}, {"type": "Feature", "geometry": {"type": "Polygon", "coordinates": [[[10.204006390181458, 53.4888370921915], [10.20400912811026, 53.48883497070005], [10.20400912811026, 53.48883497070005], [10.204006390181458, 53.4888370921915], [10.204006390181458, 53.4888370921915]]]}, "properties": {"object_id": "124aaff2-e895-4873-bf2f-f110ededf5e4", "type": "HandRail_Wall", "height": 112, "material": "metal"}}, {"type": "Feature", "geometry": {"type": "Polygon", "coordinates": [[[10.203984930326648, 53.48885372040786], [10.203984930326648, 53.48885372040786], [10.204006390181458, 53.48883709219149], [10.204006390181458, 53.48883709219149], [10.203984930326648, 53.48885372040786]]]}, "properties": {"object_id": "c4191b05-1668-451b-ae1e-d9b43bd9f960", "type": "HandRail_Wall", "height": 112, "material": "metal"}}, {"type": "Feature", "geometry": {"type": "Polygon", "coordinates": [[[10.203982035944207, 53.488855963125275], [10.203984930326648, 53.48885372040786], [10.203984930326655, 53.48885372040786], [10.20398203594421, 53.48885596312529], [10.203982035944207, 53.488855963125275]]]}, "properties": {"object_id": "d2816bb9-fe4b-4161-b078-1cc054870516", "type": "HandRail_Wall", "height": 112, "material": "metal"}}, {"type": "Feature", "geometry": {"type": "Polygon", "coordinates": [[[10.20397390969832, 53.48885223281742], [10.203982035944195, 53.488855963125275], [10.203982035944195, 53.488855963125275], [10.203973909698322, 53.48885223281743], [10.20397390969832, 53.48885223281742]]]}, "properties": {"object_id": "519573ba-b2f1-4447-b2dc-5575a1a83b7e", "type": "HandRail_Wall", "height": 112, "material": "metal"}}, {"type": "Feature", "geometry": {"type": "Polygon", "coordinates": [[[10.203945193078793, 53.48883905060361], [10.203945193078793, 53.48883905060361], [10.203973909698346, 53.48885223281743], [10.203973909698346, 53.48885223281743], [10.203945193078793, 53.48883905060361]]]}, "properties": {"object_id": "d3ecfa39-d39a-4875-8d6a-575297ad197f", "type": "HandRail_Wall", "height": 112, "material": "metal"}}, {"type": "Feature", "geometry": {"type": "Polygon", "coordinates": [[[10.203916645363156, 53.48882594590921], [10.203916645363156, 53.48882594590921], [10.20394519307878, 53.488839050603616], [10.203945193078779, 53.48883905060361], [10.203916645363156, 53.48882594590921]]]}, "properties": {"object_id": "70d1635e-f69d-459f-a71d-3dbc521f3388", "type": "HandRail_Wall", "height": 112, "material": "metal"}}, {"type": "Feature", "geometry": {"type": "Polygon", "coordinates": [[[10.20388792760417, 53.48881276314204], [10.203916645363156, 53.48882594590921], [10.203916645363156, 53.48882594590921], [10.20388792760417, 53.48881276314205], [10.20388792760417, 53.48881276314204]]]}, "properties": {"object_id": "7a53bb77-5ac9-4a45-8a0f-42850cb643ff", "type": "HandRail_Wall", "height": 112, "material": "metal"}}, {"type": "Feature", "geometry": {"type": "Polygon", "coordinates": [[[10.203859328599517, 53.488799634873516], [10.20388792760417, 53.48881276314204], [10.20388792760417, 53.48881276314204], [10.203859328599517, 53.488799634873516], [10.203859328599517, 53.488799634873516]]]}, "properties": {"object_id": "f6767b64-cd04-4ad0-81ab-5e641a4bf027", "type": "HandRail_Wall", "height": 112, "material": "metal"}}, {"type": "Feature", "geometry": {"type": "Polygon", "coordinates": [[[10.203830736220013, 53.488786509631126], [10.203859328599533, 53.488799634873516], [10.203859328599533, 53.488799634873516], [10.203830736220013, 53.488786509631126], [10.203830736220013, 53.488786509631126]]]}, "properties": {"object_id": "25c501bd-55c2-4db1-a338-20695241de0c", "type": "HandRail_Wall", "height": 112, "material": "metal"}}, {"type": "Feature", "geometry": {"type": "Polygon", "coordinates": [[[10.203771478377156, 53.48872587844358], [10.203762940533485, 53.48872195915776], [10.203762940533485, 53.48872195915776], [10.203771478377156, 53.48872587844358], [10.203771478377156, 53.48872587844358]]]}, "properties": {"object_id": "973910d3-a8f7-466d-b77b-867f71cfa5e0", "type": "HandRail_Wall", "height": 112, "material": "metal"}}, {"type": "Feature", "geometry": {"type": "Polygon", "coordinates": [[[10.203800191505652, 53.48873905915732], [10.203800191505652, 53.48873905915732], [10.20377147837717, 53.488725878443596], [10.20377147837717, 53.48872587844358], [10.203800191505652, 53.48873905915732]]]}, "properties": {"object_id": "9c2bbb64-478d-4f18-8bff-b0c8d148a7bf", "type": "HandRail_Wall", "height": 112, "material": "metal"}}, {"type": "Feature", "geometry": {"type": "Polygon", "coordinates": [[[10.203828776326718, 53.48875218095666], [10.203828776326718, 53.48875218095666], [10.203800191505636, 53.48873905915732], [10.203800191505636, 53.48873905915732], [10.203828776326718, 53.48875218095666]]]}, "properties": {"object_id": "282c1a0b-3599-47e7-b58a-9a063bf620a7", "type": "HandRail_Wall", "height": 112, "material": "metal"}}, {"type": "Feature", "geometry": {"type": "Polygon", "coordinates": [[[10.203857443707737, 53.48876534063987], [10.203857443707737, 53.48876534063987], [10.203828776326716, 53.488752180956666], [10.203828776326732, 53.48875218095667], [10.203857443707737, 53.48876534063987]]]}, "properties": {"object_id": "ed65cc48-82c0-4885-8ed6-e88540b3a878", "type": "HandRail_Wall", "height": 112, "material": "metal"}}, {"type": "Feature", "geometry": {"type": "Polygon", "coordinates": [[[10.20388619520401, 53.488778538920776], [10.20388619520401, 53.4887785389208], [10.203857443707738, 53.48876534063989], [10.20385744370774, 53.48876534063989], [10.20388619520401, 53.488778538920776]]]}, "properties": {"object_id": "ef6303a8-3abb-4df7-990e-a2163fb45fac", "type": "HandRail_Wall", "height": 112, "material": "metal"}}, {"type": "Feature", "geometry": {"type": "Polygon", "coordinates": [[[10.20377350129039, 53.488760236070526], [10.203801971594306, 53.4887733053045], [10.203801971594308, 53.48877330530451], [10.203773501290389, 53.488760236070526], [10.20377350129039, 53.488760236070526]]]}, "properties": {"object_id": "49126841-6c2e-4ee8-a0b1-76f04f245546", "type": "HandRail_Wall", "height": 112, "material": "metal"}}, {"type": "Feature", "geometry": {"type": "Polygon", "coordinates": [[[10.203744452305422, 53.48874690117883], [10.203744452305422, 53.48874690117883], [10.203773501290375, 53.488760236070526], [10.203773501290375, 53.488760236070526], [10.203744452305422, 53.48874690117883]]]}, "properties": {"object_id": "0b034e17-b6cb-45cc-b11b-a4345ee02813", "type": "HandRail_Wall", "height": 112, "material": "metal"}}, {"type": "Feature", "geometry": {"type": "Polygon", "coordinates": [[[10.203735848316123, 53.48874295152784], [10.203735848316123, 53.48874295152785], [10.203744452305438, 53.48874690117883], [10.203744452305438, 53.48874690117883], [10.203735848316123, 53.48874295152784]]]}, "properties": {"object_id": "1e98da69-b0ea-4f11-9a49-085731c2fa34", "type": "HandRail_Wall", "height": 112, "material": "metal"}}, {"type": "Feature", "geometry": {"type": "Polygon", "coordinates": [[[10.203738735617744, 53.48874071430712], [10.203738735617753, 53.48874071430712], [10.203735848316123, 53.48874295152785], [10.203735848316116, 53.48874295152785], [10.203738735617744, 53.48874071430712]]]}, "properties": {"object_id": "c1bc03b3-d503-4880-af15-69c331c13b09", "type": "HandRail_Wall", "height": 112, "material": "metal"}}, {"type": "Feature", "geometry": {"type": "Polygon", "coordinates": [[[10.203760356478998, 53.48872396141022], [10.203738735617753, 53.48874071430712], [10.203738735617753, 53.48874071430712], [10.203760356478998, 53.48872396141022], [10.203760356478998, 53.48872396141022]]]}, "properties": {"object_id": "72fcbbc4-f8e6-41ee-a1b5-15764ccf6356", "type": "HandRail_Wall", "height": 112, "material": "metal"}}, {"type": "Feature", "geometry": {"type": "Polygon", "coordinates": [[[10.203762940533485, 53.48872195915776], [10.203762940533478, 53.48872195915776], [10.203760356479007, 53.48872396141022], [10.203760356478998, 53.48872396141022], [10.203762940533485, 53.48872195915776]]]}, "properties": {"object_id": "147c849f-97fd-41a2-ac93-b1df4dce3dd6", "type": "HandRail_Wall", "height": 112, "material": "metal"}}, {"type": "Feature", "geometry": {"type": "Polygon", "coordinates": [[[10.204116714051864, 53.488598524800466], [10.20411671405185, 53.48859852480047], [10.20408795165664, 53.48858536082714], [10.204087951656637, 53.48858536082712], [10.204116714051864, 53.488598524800466]]]}, "properties": {"object_id": "60613173-4382-40a0-9a4c-ca6dc0cfc722", "type": "HandRail_Wall", "height": 108, "material": "metal"}}, {"type": "Feature", "geometry": {"type": "Polygon", "coordinates": [[[10.20414547629841, 53.488611688690575], [10.20414547629841, 53.48861168869058], [10.20411671405185, 53.48859852480047], [10.204116714051848, 53.48859852480046], [10.20414547629841, 53.488611688690575]]]}, "properties": {"object_id": "19c005f0-d91b-4075-9682-5760ea99e9ab", "type": "HandRail_Wall", "height": 108, "material": "metal"}}, {"type": "Feature", "geometry": {"type": "Polygon", "coordinates": [[[10.204174063101698, 53.48862477226887], [10.204174063101698, 53.48862477226887], [10.20414547629841, 53.488611688690575], [10.20414547629841, 53.48861168869057], [10.204174063101698, 53.48862477226887]]]}, "properties": {"object_id": "51e1cc62-48b1-4bd3-8a0d-84185341d266", "type": "HandRail_Wall", "height": 108, "material": "metal"}}, {"type": "Feature", "geometry": {"type": "Polygon", "coordinates": [[[10.204202942431523, 53.488637989715166], [10.204202942431523, 53.48863798971517], [10.204174063101709, 53.48862477226888], [10.204174063101709, 53.48862477226887], [10.204202942431523, 53.488637989715166]]]}, "properties": {"object_id": "ede2cd40-9e77-430a-87f3-5fcc9e2d2626", "type": "HandRail_Wall", "height": 108, "material": "metal"}}, {"type": "Feature", "geometry": {"type": "Polygon", "coordinates": [[[10.20423165857836, 53.48865113246095], [10.20423165857836, 53.48865113246095], [10.204202942431523, 53.488637989715166], [10.204202942431523, 53.488637989715166], [10.20423165857836, 53.48865113246095]]]}, "properties": {"object_id": "b0deeeed-deb8-408a-91c1-0d77c4023744", "type": "HandRail_Wall", "height": 108, "material": "metal"}}, {"type": "Feature", "geometry": {"type": "Polygon", "coordinates": [[[10.204245070059406, 53.488657270594224], [10.20423165857836, 53.48865113246094], [10.20423165857836, 53.48865113246095], [10.204245070059406, 53.488657270594246], [10.204245070059406, 53.488657270594224]]]}, "properties": {"object_id": "c6a1a332-36d5-4559-b986-8474a6fcc1ef", "type": "HandRail_Wall", "height": 108, "material": "metal"}}, {"type": "Feature", "geometry": {"type": "Polygon", "coordinates": [[[10.204232167080532, 53.48866729844216], [10.204232167080539, 53.48866729844216], [10.204245070059422, 53.488657270594246], [10.204245070059415, 53.488657270594246], [10.204232167080532, 53.48866729844216]]]}, "properties": {"object_id": "daa02945-63c0-47be-ba58-016bb044ece6", "type": "HandRail_Wall", "height": 108, "material": "metal"}}, {"type": "Feature", "geometry": {"type": "Polygon", "coordinates": [[[10.204218462903233, 53.48866102634751], [10.204218462903233, 53.48866102634751], [10.204232167080512, 53.48866729844216], [10.204232167080512, 53.48866729844216], [10.204218462903233, 53.48866102634751]]]}, "properties": {"object_id": "d4aad360-975d-4d3b-8866-b5161e9d4776", "type": "HandRail_Wall", "height": 108, "material": "metal"}}, {"type": "Feature", "geometry": {"type": "Polygon", "coordinates": [[[10.204189960044847, 53.48864798121729], [10.204218462903244, 53.4886610263475], [10.204218462903244, 53.4886610263475], [10.204189960044834, 53.48864798121729], [10.204189960044847, 53.48864798121729]]]}, "properties": {"object_id": "ea3b3793-3602-40e7-a001-ce626ec70e01", "type": "HandRail_Wall", "height": 108, "material": "metal"}}, {"type": "Feature", "geometry": {"type": "Polygon", "coordinates": [[[10.204161024400383, 53.488634737995184], [10.204161024400383, 53.488634737995184], [10.204189960044834, 53.48864798121728], [10.204189960044834, 53.48864798121726], [10.204161024400383, 53.488634737995184]]]}, "properties": {"object_id": "1f4b4177-49df-4e42-b0e3-ac412cf94c93", "type": "HandRail_Wall", "height": 108, "material": "metal"}}, {"type": "Feature", "geometry": {"type": "Polygon", "coordinates": [[[10.204132397917249, 53.488621636254436], [10.204161024400396, 53.488634737995184], [10.204161024400383, 53.488634737995184], [10.204132397917249, 53.488621636254436], [10.204132397917249, 53.488621636254436]]]}, "properties": {"object_id": "8bdd6acc-20c7-4a41-a0e5-645a1a02a328", "type": "HandRail_Wall", "height": 108, "material": "metal"}}, {"type": "Feature", "geometry": {"type": "Polygon", "coordinates": [[[10.204103956939155, 53.488608619400566], [10.204103956939155, 53.488608619400566], [10.204132397917249, 53.488621636254436], [10.204132397917249, 53.488621636254436], [10.204103956939155, 53.488608619400566]]]}, "properties": {"object_id": "af880c85-c29c-4021-a615-b05da3dbcfd8", "type": "HandRail_Wall", "height": 108, "material": "metal"}}, {"type": "Feature", "geometry": {"type": "Polygon", "coordinates": [[[10.204046580408125, 53.48858235929087], [10.204046580408125, 53.48858235929087], [10.204075145009915, 53.4885954327548], [10.204075145009915, 53.4885954327548], [10.204046580408125, 53.48858235929087]]]}, "properties": {"object_id": "4e69319a-7c12-4cb3-b327-0426277e00ca", "type": "HandRail_Wall", "height": 108, "material": "metal"}}, {"type": "Feature", "geometry": {"type": "Polygon", "coordinates": [[[10.204002016329758, 53.48854602985541], [10.203987225550549, 53.488539260382204], [10.203987225550549, 53.488539260382204], [10.20400201632976, 53.48854602985541], [10.204002016329758, 53.48854602985541]]]}, "properties": {"object_id": "98ca6b6c-16a2-46a6-9f91-60deab70b931", "type": "HandRail_Wall", "height": 108, "material": "metal"}}, {"type": "Feature", "geometry": {"type": "Polygon", "coordinates": [[[10.204030719872026, 53.48855916693822], [10.204002016329758, 53.48854602985541], [10.204002016329758, 53.48854602985541], [10.204030719872012, 53.48855916693822], [10.204030719872026, 53.48855916693822]]]}, "properties": {"object_id": "2b69ea4f-1a2d-4592-9374-3b93cfe7177c", "type": "HandRail_Wall", "height": 108, "material": "metal"}}, {"type": "Feature", "geometry": {"type": "Polygon", "coordinates": [[[10.20405948228508, 53.488572330949914], [10.20405948228508, 53.488572330949914], [10.204030719872012, 53.48855916693822], [10.204030719872012, 53.48855916693822], [10.20405948228508, 53.488572330949914]]]}, "properties": {"object_id": "f50ae137-d446-4cf4-8ce5-cb02068c17d8", "type": "HandRail_Wall", "height": 108, "material": "metal"}}, {"type": "Feature", "geometry": {"type": "Polygon", "coordinates": [[[10.203989128853847, 53.48855606478398], [10.204017750865829, 53.48856916455362], [10.204017750865829, 53.48856916455362], [10.203989128853847, 53.48855606478398], [10.203989128853847, 53.48855606478398]]]}, "properties": {"object_id": "0865ad10-d0dd-4224-a80e-36b45b1c9d03", "type": "HandRail_Wall", "height": 108, "material": "metal"}}, {"type": "Feature", "geometry": {"type": "Polygon", "coordinates": [[[10.203974322545779, 53.48854928820259], [10.203989128853847, 53.48855606478398], [10.203989128853832, 53.48855606478398], [10.203974322545779, 53.48854928820259], [10.203974322545779, 53.48854928820259]]]}, "properties": {"object_id": "f3617850-37c4-4c48-b277-8b21abe2589c", "type": "HandRail_Wall", "height": 108, "material": "metal"}}, {"type": "Feature", "geometry": {"type": "Polygon", "coordinates": [[[10.203987225550541, 53.48853926038219], [10.20398722555054, 53.488539260382204], [10.203974322545802, 53.48854928820259], [10.203974322545797, 53.48854928820259], [10.203987225550541, 53.48853926038219]]]}, "properties": {"object_id": "15a01fb6-0579-48bb-a88f-b482a02d929e", "type": "HandRail_Wall", "height": 108, "material": "metal"}}, {"type": "Feature", "geometry": {"type": "Polygon", "coordinates": [[[10.204087951656637, 53.48858536082712], [10.204087951656637, 53.48858536082712], [10.20405948228508, 53.488572330949914], [10.20405948228508, 53.488572330949914], [10.204087951656637, 53.48858536082712]]]}, "properties": {"object_id": "196a63f0-4f20-4bc1-8740-a387aea8f804", "type": "HandRail_Wall", "height": 108, "material": "metal"}}, {"type": "Feature", "geometry": {"type": "Polygon", "coordinates": [[[10.204075145009915, 53.48859543275481], [10.204103956939157, 53.48860861940058], [10.204103956939157, 53.4886086194006], [10.204075145009902, 53.48859543275481], [10.204075145009915, 53.48859543275481]]]}, "properties": {"object_id": "e665002d-88d2-4603-90f9-a758098ac4ed", "type": "HandRail_Wall", "height": 108, "material": "metal"}}, {"type": "Feature", "geometry": {"type": "Polygon", "coordinates": [[[10.204017750865814, 53.48856916455362], [10.20404658040811, 53.48858235929087], [10.20404658040811, 53.48858235929087], [10.204017750865814, 53.48856916455362], [10.204017750865814, 53.48856916455362]]]}, "properties": {"object_id": "920b694b-b624-4c29-88af-5ba079edd1de", "type": "HandRail_Wall", "height": 108, "material": "metal"}}, {"type": "Feature", "geometry": {"type": "Polygon", "coordinates": [[[10.204140804574713, 53.48872156526982], [10.204140804574713, 53.48872156526982], [10.20411206487903, 53.48870838553296], [10.20411206487903, 53.48870838553296], [10.204140804574713, 53.48872156526982]]]}, "properties": {"object_id": "5464e6e5-f762-47e2-a72d-bc7e92189c4b", "type": "HandRail_Wall", "height": 118, "material": "metal"}}, {"type": "Feature", "geometry": {"type": "Polygon", "coordinates": [[[10.204153688287587, 53.48872747360669], [10.204140804574713, 53.488721565269806], [10.204140804574713, 53.488721565269806], [10.204153688287587, 53.48872747360669], [10.204153688287587, 53.48872747360669]]]}, "properties": {"object_id": "d83fbd23-50ce-4d58-a378-34c03f05ea49", "type": "HandRail_Wall", "height": 118, "material": "metal"}}, {"type": "Feature", "geometry": {"type": "Polygon", "coordinates": [[[10.204140740323695, 53.48873751638267], [10.204153688287587, 53.48872747360669], [10.204153688287587, 53.48872747360669], [10.204140740323695, 53.48873751638267], [10.204140740323695, 53.48873751638267]]]}, "properties": {"object_id": "7528be7d-c5fc-420e-b049-2696b68fc3ec", "type": "HandRail_Wall", "height": 118, "material": "metal"}}, {"type": "Feature", "geometry": {"type": "Polygon", "coordinates": [[[10.204127531907469, 53.48873145880996], [10.204127531907469, 53.48873145880996], [10.204140740323686, 53.48873751638267], [10.204140740323686, 53.48873751638267], [10.204127531907469, 53.48873145880996]]]}, "properties": {"object_id": "6af33ca6-e132-4a2c-b58c-60c5f492143a", "type": "HandRail_Wall", "height": 118, "material": "metal"}}, {"type": "Feature", "geometry": {"type": "Polygon", "coordinates": [[[10.204098792735769, 53.48871827859464], [10.204127531907469, 53.488731458809966], [10.204127531907467, 53.488731458809966], [10.204098792735769, 53.48871827859463], [10.204098792735769, 53.48871827859464]]]}, "properties": {"object_id": "50100165-9154-4bcc-8662-b5fdbf536a1b", "type": "HandRail_Wall", "height": 118, "material": "metal"}}, {"type": "Feature", "geometry": {"type": "Polygon", "coordinates": [[[10.2039114738576, 53.48861643817185], [10.203897872574442, 53.488610209522314], [10.20389787257444, 53.4886102095223], [10.2039114738576, 53.48861643817184], [10.2039114738576, 53.48861643817185]]]}, "properties": {"object_id": "92a6e7b4-2731-42d7-92f9-2029e93b0b84", "type": "HandRail_Wall", "height": 118, "material": "metal"}}, {"type": "Feature", "geometry": {"type": "Polygon", "coordinates": [[[10.203940092613403, 53.488629552026765], [10.203911473857588, 53.48861643817187], [10.203911473857588, 53.48861643817187], [10.203940092613418, 53.48862955202676], [10.203940092613403, 53.488629552026765]]]}, "properties": {"object_id": "f9f8f652-2ac9-412f-b939-e1361ce0fa8c", "type": "HandRail_Wall", "height": 118, "material": "metal"}}, {"type": "Feature", "geometry": {"type": "Polygon", "coordinates": [[[10.203968792866341, 53.488642703210616], [10.203940092613403, 53.48862955202675], [10.203940092613403, 53.48862955202675], [10.203968792866357, 53.48864270321062], [10.203968792866341, 53.488642703210616]]]}, "properties": {"object_id": "a597a421-4f0d-4459-96b9-0f1f3499498f", "type": "HandRail_Wall", "height": 118, "material": "metal"}}, {"type": "Feature", "geometry": {"type": "Polygon", "coordinates": [[[10.203997496669855, 53.4886558560063], [10.203997496669855, 53.4886558560063], [10.203968792866341, 53.48864270321063], [10.203968792866341, 53.48864270321063], [10.203997496669855, 53.4886558560063]]]}, "properties": {"object_id": "3f8067d1-501c-406e-af9d-cde1440b3de1", "type": "HandRail_Wall", "height": 118, "material": "metal"}}, {"type": "Feature", "geometry": {"type": "Polygon", "coordinates": [[[10.204025933545816, 53.48866888647424], [10.204025933545816, 53.48866888647424], [10.203997496669865, 53.4886558560063], [10.203997496669865, 53.4886558560063], [10.204025933545816, 53.48866888647424]]]}, "properties": {"object_id": "dc981edc-e7e0-4a58-9a0e-0f5fc10bae98", "type": "HandRail_Wall", "height": 118, "material": "metal"}}, {"type": "Feature", "geometry": {"type": "Polygon", "coordinates": [[[10.204054807189493, 53.48868212768416], [10.204054807189493, 53.48868212768416], [10.204025933545816, 53.48866888647424], [10.204025933545816, 53.48866888647424], [10.204054807189493, 53.48868212768416]]]}, "properties": {"object_id": "f9e598da-cbe7-4a82-8bec-1f4930568a0b", "type": "HandRail_Wall", "height": 118, "material": "metal"}}, {"type": "Feature", "geometry": {"type": "Polygon", "coordinates": [[[10.204083502916435, 53.48869528728766], [10.204083502916435, 53.48869528728766], [10.204054807189507, 53.488682127684164], [10.204054807189507, 53.488682127684164], [10.204083502916435, 53.48869528728766]]]}, "properties": {"object_id": "42cdedbb-5e09-4720-9cd3-e4a4361047d0", "type": "HandRail_Wall", "height": 118, "material": "metal"}}, {"type": "Feature", "geometry": {"type": "Polygon", "coordinates": [[[10.204041491815161, 53.48869199948747], [10.204041491815161, 53.48869199948747], [10.204070232363076, 53.4887051803642], [10.204070232363076, 53.4887051803642], [10.204041491815161, 53.48869199948747]]]}, "properties": {"object_id": "81169ab8-f818-4e0a-af72-cb6624cf9768", "type": "HandRail_Wall", "height": 118, "material": "metal"}}, {"type": "Feature", "geometry": {"type": "Polygon", "coordinates": [[[10.204012976316477, 53.488678921806844], [10.204012976316477, 53.488678921806844], [10.20404149181516, 53.48869199948744], [10.204041491815161, 53.48869199948747], [10.204012976316477, 53.488678921806844]]]}, "properties": {"object_id": "dffd57fc-2d1b-4805-91ca-09ae3d90b693", "type": "HandRail_Wall", "height": 118, "material": "metal"}}, {"type": "Feature", "geometry": {"type": "Polygon", "coordinates": [[[10.20398405987896, 53.48866566025387], [10.204012976316493, 53.48867892180685], [10.204012976316493, 53.48867892180685], [10.20398405987896, 53.48866566025387], [10.20398405987896, 53.48866566025387]]]}, "properties": {"object_id": "0b2ea151-148e-41d2-b096-ce4a126827c8", "type": "HandRail_Wall", "height": 118, "material": "metal"}}, {"type": "Feature", "geometry": {"type": "Polygon", "coordinates": [[[10.203955419128842, 53.48865262104043], [10.20398405987896, 53.488665660253886], [10.20398405987896, 53.488665660253886], [10.203955419128842, 53.48865262104043], [10.203955419128842, 53.48865262104043]]]}, "properties": {"object_id": "4dd741fe-65c6-4289-9170-5fa779532156", "type": "HandRail_Wall", "height": 118, "material": "metal"}}, {"type": "Feature", "geometry": {"type": "Polygon", "coordinates": [[[10.203926780803862, 53.4886395829161], [10.203955419128857, 53.48865262104041], [10.203955419128857, 53.4886526210404], [10.203926780803862, 53.4886395829161], [10.203926780803862, 53.4886395829161]]]}, "properties": {"object_id": "9dedc54f-a9a3-4b1b-8118-891edde9f1cd", "type": "HandRail_Wall", "height": 118, "material": "metal"}}, {"type": "Feature", "geometry": {"type": "Polygon", "coordinates": [[[10.203897963026618, 53.48862646307775], [10.20392678080385, 53.4886395829161], [10.20392678080385, 53.4886395829161], [10.203897963026618, 53.48862646307775], [10.203897963026618, 53.48862646307775]]]}, "properties": {"object_id": "255a0355-3a11-4c5a-8ca1-68fc4ed1c059", "type": "HandRail_Wall", "height": 118, "material": "metal"}}, {"type": "Feature", "geometry": {"type": "Polygon", "coordinates": [[[10.203884760893706, 53.488620452551864], [10.203884760893706, 53.488620452551864], [10.203897963026618, 53.48862646307775], [10.203897963026618, 53.48862646307775], [10.203884760893706, 53.488620452551864]]]}, "properties": {"object_id": "a6dc597a-e0c2-4aa6-ab4d-4dab229bae40", "type": "HandRail_Wall", "height": 118, "material": "metal"}}, {"type": "Feature", "geometry": {"type": "Polygon", "coordinates": [[[10.203891427481087, 53.488615244520766], [10.203884760893722, 53.488620452551864], [10.203884760893722, 53.488620452551864], [10.203891427481087, 53.488615244520766], [10.203897872574428, 53.48861020952231], [10.203897872574428, 53.48861020952231], [10.203891427481087, 53.488615244520766]]]}, "properties": {"object_id": "059f242f-03f6-43ca-a440-07027939bd97", "type": "HandRail_Wall", "height": 118, "material": "metal"}}, {"type": "Feature", "geometry": {"type": "Polygon", "coordinates": [[[10.20411206487903, 53.48870838553296], [10.20408350291642, 53.48869528728764], [10.20408350291642, 53.48869528728764], [10.20411206487903, 53.48870838553296], [10.20411206487903, 53.48870838553296]]]}, "properties": {"object_id": "e41f89a1-a95d-45a1-9989-45a8d3e39605", "type": "HandRail_Wall", "height": 118, "material": "metal"}}, {"type": "Feature", "geometry": {"type": "Polygon", "coordinates": [[[10.204070232363092, 53.48870518036421], [10.204098792735769, 53.48871827859464], [10.204098792735769, 53.48871827859464], [10.204070232363092, 53.48870518036421], [10.204070232363092, 53.48870518036421]]]}, "properties": {"object_id": "427d6f75-e674-45f1-8d79-c06b0857fc64", "type": "HandRail_Wall", "height": 118, "material": "metal"}}, {"type": "Feature", "geometry": {"type": "Polygon", "coordinates": [[[10.208407004429501, 53.49067499807424], [10.2084070044295, 53.49067499807422], [10.20842276166104, 53.49068301453227], [10.20842276166104, 53.49068301453229], [10.208407004429501, 53.49067499807424]]]}, "properties": {"object_id": "36e26357-340a-4566-a7dc-1144b84d4f19", "type": "HandRail_Wall", "height": 134, "material": "metal"}}, {"type": "Feature", "geometry": {"type": "Polygon", "coordinates": [[[10.208422761661069, 53.490683014532266], [10.208422761661083, 53.490683014532244], [10.208433702330174, 53.490688580571394], [10.208433702330174, 53.49068858057141], [10.208422761661069, 53.490683014532266]]]}, "properties": {"object_id": "97518863-0397-41d4-9922-e41860fde799", "type": "HandRail_Wall", "height": 134, "material": "metal"}}, {"type": "Feature", "geometry": {"type": "Polygon", "coordinates": [[[10.208105042385556, 53.49052137453276], [10.208115930327383, 53.490526913818655], [10.208115930327395, 53.49052691381865], [10.208105042385542, 53.490521374532754], [10.208105042385556, 53.49052137453276]]]}, "properties": {"object_id": "c6ec606e-0e53-4b2a-b093-3302c32aa7a5", "type": "HandRail_Wall", "height": 134, "material": "metal"}}, {"type": "Feature", "geometry": {"type": "Polygon", "coordinates": [[[10.20811593032741, 53.490526913818655], [10.20814341455696, 53.49054089652434], [10.20814341455696, 53.49054089652434], [10.20811593032741, 53.49052691381864], [10.20811593032741, 53.490526913818655]]]}, "properties": {"object_id": "482c504d-1643-476f-9f84-5c3fad828290", "type": "HandRail_Wall", "height": 134, "material": "metal"}}, {"type": "Feature", "geometry": {"type": "Polygon", "coordinates": [[[10.208143414556943, 53.49054089652434], [10.208143414556943, 53.49054089652434], [10.208170896610758, 53.49055487810747], [10.208170896610758, 53.49055487810747], [10.208143414556943, 53.49054089652434]]]}, "properties": {"object_id": "9a6c1761-fd4b-4c3d-b0ed-21681f3c74a5", "type": "HandRail_Wall", "height": 134, "material": "metal"}}, {"type": "Feature", "geometry": {"type": "Polygon", "coordinates": [[[10.208170896610786, 53.49055487810749], [10.20819858258723, 53.4905689634211], [10.208198582587242, 53.490568963421076], [10.208170896610788, 53.49055487810747], [10.208170896610786, 53.49055487810749]]]}, "properties": {"object_id": "235fd96e-ea43-4f1c-b809-e06daa06e94d", "type": "HandRail_Wall", "height": 134, "material": "metal"}}, {"type": "Feature", "geometry": {"type": "Polygon", "coordinates": [[[10.20819858258723, 53.490568963421076], [10.20819858258723, 53.490568963421076], [10.208225998780824, 53.490582911466326], [10.20822599878084, 53.49058291146633], [10.20819858258723, 53.490568963421076]]]}, "properties": {"object_id": "e0b29940-7035-4403-9efb-fac7bf64c2e4", "type": "HandRail_Wall", "height": 134, "material": "metal"}}, {"type": "Feature", "geometry": {"type": "Polygon", "coordinates": [[[10.208225998780824, 53.490582911466326], [10.20825354788241, 53.4905969271131], [10.208253547882427, 53.490596927113096], [10.208225998780824, 53.49058291146631], [10.208225998780824, 53.490582911466326]]]}, "properties": {"object_id": "813de092-4230-4f5b-ba6b-6778317ca27b", "type": "HandRail_Wall", "height": 134, "material": "metal"}}, {"type": "Feature", "geometry": {"type": "Polygon", "coordinates": [[[10.208253547882427, 53.49059692711311], [10.20828089675337, 53.490610840876684], [10.20828089675337, 53.49061084087668], [10.20825354788241, 53.49059692711309], [10.208253547882427, 53.49059692711311]]]}, "properties": {"object_id": "c26730c4-44f1-400b-b2be-c4079ab00c73", "type": "HandRail_Wall", "height": 134, "material": "metal"}}, {"type": "Feature", "geometry": {"type": "Polygon", "coordinates": [[[10.208280896753372, 53.490610840876705], [10.208308514711657, 53.490624891523034], [10.208308514711655, 53.490624891523034], [10.208280896753385, 53.4906108408767], [10.208280896753372, 53.490610840876705]]]}, "properties": {"object_id": "e8e8c8b3-f95f-4808-81ec-d227b3b50acd", "type": "HandRail_Wall", "height": 134, "material": "metal"}}, {"type": "Feature", "geometry": {"type": "Polygon", "coordinates": [[[10.208308514711657, 53.49062489152305], [10.20833596186622, 53.49063885525727], [10.208335961866231, 53.490638855257245], [10.208308514711641, 53.490624891523034], [10.208308514711657, 53.49062489152305]]]}, "properties": {"object_id": "f8890bae-1a88-44cb-88d9-b302b943f985", "type": "HandRail_Wall", "height": 134, "material": "metal"}}, {"type": "Feature", "geometry": {"type": "Polygon", "coordinates": [[[10.208335961866233, 53.49063885525726], [10.208335961866219, 53.490638855257224], [10.208352070085944, 53.490647050303444], [10.208352070085944, 53.490647050303444], [10.208335961866233, 53.49063885525726]]]}, "properties": {"object_id": "16d73ebf-5e9b-4ed6-b8f1-6de601984366", "type": "HandRail_Wall", "height": 134, "material": "metal"}}, {"type": "Feature", "geometry": {"type": "Polygon", "coordinates": [[[10.208352070085944, 53.490647050303444], [10.208379666108202, 53.490661089749146], [10.208379666108188, 53.490661089749125], [10.20835207008596, 53.49064705030344], [10.208352070085944, 53.490647050303444]]]}, "properties": {"object_id": "ce969e60-444e-4387-9f34-93e677ec3acc", "type": "HandRail_Wall", "height": 134, "material": "metal"}}, {"type": "Feature", "geometry": {"type": "Polygon", "coordinates": [[[10.208379666108172, 53.490661089749125], [10.208407004429484, 53.49067499807422], [10.208407004429498, 53.4906749980742], [10.208379666108188, 53.49066108974912], [10.208379666108172, 53.490661089749125]]]}, "properties": {"object_id": "5d825cc6-67ba-4eb5-9f89-d300a2843700", "type": "HandRail_Wall", "height": 134, "material": "metal"}}, {"type": "Feature", "geometry": {"type": "Polygon", "coordinates": [[[10.20799222571527, 53.4908816038257], [10.207992225715259, 53.4908816038257], [10.20796445461529, 53.49086761877586], [10.207964454615306, 53.490867618775866], [10.20799222571527, 53.4908816038257]]]}, "properties": {"object_id": "53b3581a-694e-4e2a-90dc-dc7a1ed20050", "type": "HandRail_Wall", "height": 125, "material": "metal"}}, {"type": "Feature", "geometry": {"type": "Polygon", "coordinates": [[[10.207997758246123, 53.49088438991152], [10.207997758246123, 53.49088438991152], [10.207992225715259, 53.49088160382572], [10.207992225715271, 53.49088160382572], [10.207997758246123, 53.49088438991152]]]}, "properties": {"object_id": "4bc88cd0-9065-412c-9b4a-f96d25a39220", "type": "HandRail_Wall", "height": 125, "material": "metal"}}, {"type": "Feature", "geometry": {"type": "Polygon", "coordinates": [[[10.207964454615306, 53.490867618775866], [10.20796445461529, 53.490867618775866], [10.207936855189482, 53.49085372016258], [10.207936855189496, 53.49085372016258], [10.207964454615306, 53.490867618775866]]]}, "properties": {"object_id": "398d4527-751d-482a-803b-172169d6470e", "type": "HandRail_Wall", "height": 125, "material": "metal"}}, {"type": "Feature", "geometry": {"type": "Polygon", "coordinates": [[[10.20793685518951, 53.49085372016258], [10.207936855189496, 53.49085372016258], [10.20790935998791, 53.4908398740194], [10.207909359987896, 53.4908398740194], [10.20793685518951, 53.49085372016258]]]}, "properties": {"object_id": "7806ac8a-89a5-4be2-b184-fec52de80042", "type": "HandRail_Wall", "height": 125, "material": "metal"}}, {"type": "Feature", "geometry": {"type": "Polygon", "coordinates": [[[10.20790935998791, 53.4908398740194], [10.207909359987896, 53.4908398740194], [10.207881764861645, 53.49082597754019], [10.20788176486166, 53.490825977540204], [10.20790935998791, 53.4908398740194]]]}, "properties": {"object_id": "66618c5a-8fa2-4534-ac42-3d22cc386b9a", "type": "HandRail_Wall", "height": 125, "material": "metal"}}, {"type": "Feature", "geometry": {"type": "Polygon", "coordinates": [[[10.20788176486166, 53.490825977540204], [10.207881764861645, 53.49082597754019], [10.207854165489001, 53.490812078907], [10.207854165488977, 53.490812078907005], [10.20788176486166, 53.490825977540204]]]}, "properties": {"object_id": "bf276985-760a-4a0d-85f3-7d359fbc7946", "type": "HandRail_Wall", "height": 125, "material": "metal"}}, {"type": "Feature", "geometry": {"type": "Polygon", "coordinates": [[[10.207854165488989, 53.490812078907], [10.207826472590568, 53.49079813315995], [10.207826472590554, 53.49079813315995], [10.207854165488989, 53.490812078907], [10.207854165488989, 53.490812078907]]]}, "properties": {"object_id": "394d17b6-ae71-464f-a3cb-8eeba7752d99", "type": "HandRail_Wall", "height": 125, "material": "metal"}}, {"type": "Feature", "geometry": {"type": "Polygon", "coordinates": [[[10.207826472590554, 53.49079813315995], [10.207826472590568, 53.49079813315995], [10.20779887538621, 53.49078423558746], [10.207798875386223, 53.49078423558746], [10.207826472590554, 53.49079813315995]]]}, "properties": {"object_id": "962342c8-5e68-438d-b82b-3666817a5415", "type": "HandRail_Wall", "height": 125, "material": "metal"}}, {"type": "Feature", "geometry": {"type": "Polygon", "coordinates": [[[10.207798875386208, 53.49078423558745], [10.207770891226133, 53.490770143133446], [10.207770891226131, 53.49077014313346], [10.207798875386224, 53.49078423558744], [10.207798875386208, 53.49078423558745]]]}, "properties": {"object_id": "8a454f6d-cd67-4bf2-9733-a41fc5ad7fa0", "type": "HandRail_Wall", "height": 125, "material": "metal"}}, {"type": "Feature", "geometry": {"type": "Polygon", "coordinates": [[[10.207770891226133, 53.490770143133446], [10.207765558990092, 53.49076745788788], [10.207765558990078, 53.49076745788788], [10.207770891226117, 53.490770143133446], [10.207770891226133, 53.490770143133446]]]}, "properties": {"object_id": "71a137c0-14fa-432a-ba2a-adfe74d3c0ab", "type": "HandRail_Wall", "height": 125, "material": "metal"}}, {"type": "Feature", "geometry": {"type": "Polygon", "coordinates": [[[10.208086900542236, 53.49092497983681], [10.208086900542222, 53.49092497983681], [10.208065398717194, 53.49091420100956], [10.20806539871721, 53.49091420100957], [10.208086900542236, 53.49092497983681]]]}, "properties": {"object_id": "19b63a76-2cab-481a-a2ef-71b1813c66af", "type": "HandRail_Wall", "height": 109, "material": "metal"}}, {"type": "Feature", "geometry": {"type": "Polygon", "coordinates": [[[10.208122685229174, 53.49094291861688], [10.208122685229188, 53.49094291861688], [10.20810563190766, 53.49093436982985], [10.208105631907674, 53.49093436982985], [10.208122685229174, 53.49094291861688]]]}, "properties": {"object_id": "3c44f019-08bf-4364-9c8e-85b8ef5b9295", "type": "HandRail_Wall", "height": 109, "material": "metal"}}, {"type": "Feature", "geometry": {"type": "Polygon", "coordinates": [[[10.208357175621513, 53.491060467458624], [10.208357175621515, 53.491060467458624], [10.208337403631834, 53.49105055590388], [10.208337403631822, 53.49105055590388], [10.208357175621513, 53.491060467458624]]]}, "properties": {"object_id": "d36ebef0-2ab3-46fe-b018-35cdd28a0b00", "type": "HandRail_Wall", "height": 109, "material": "metal"}}, {"type": "Feature", "geometry": {"type": "Polygon", "coordinates": [[[10.20833740363182, 53.49105055590388], [10.20833740363182, 53.49105055590388], [10.208320027903552, 53.49104184557102], [10.208320027903552, 53.49104184557102], [10.20833740363182, 53.49105055590388]]]}, "properties": {"object_id": "6e36e266-448f-49ad-85c8-03ce215a0bf1", "type": "HandRail_Wall", "height": 109, "material": "metal"}}, {"type": "Feature", "geometry": {"type": "Polygon", "coordinates": [[[10.208320027903552, 53.49104184557102], [10.208320027903568, 53.49104184557101], [10.208302832237791, 53.49103322549619], [10.208302832237791, 53.49103322549619], [10.208320027903552, 53.49104184557102]]]}, "properties": {"object_id": "409862d9-bb89-461e-87ca-f0b24a389bc8", "type": "HandRail_Wall", "height": 109, "material": "metal"}}, {"type": "Feature", "geometry": {"type": "Polygon", "coordinates": [[[10.208302832237807, 53.49103322549618], [10.208302832237791, 53.49103322549619], [10.208285515494063, 53.49102454471968], [10.208285515494053, 53.49102454471968], [10.208302832237807, 53.49103322549618]]]}, "properties": {"object_id": "8521d9c5-1d10-4fd1-81ac-094b781484f3", "type": "HandRail_Wall", "height": 109, "material": "metal"}}, {"type": "Feature", "geometry": {"type": "Polygon", "coordinates": [[[10.208285515494055, 53.49102454471969], [10.208285515494055, 53.49102454471969], [10.208268260872007, 53.49101589507832], [10.208268260871993, 53.49101589507831], [10.208285515494055, 53.49102454471969]]]}, "properties": {"object_id": "da5a27e4-404e-4d6a-8779-19f7e1989488", "type": "HandRail_Wall", "height": 109, "material": "metal"}}, {"type": "Feature", "geometry": {"type": "Polygon", "coordinates": [[[10.208268260871979, 53.491015895078334], [10.208250823686882, 53.49100715391304], [10.208250823686868, 53.49100715391304], [10.208268260871979, 53.49101589507832], [10.208268260871979, 53.491015895078334]]]}, "properties": {"object_id": "7846321c-f028-4969-a8b6-4808c6ed56fc", "type": "HandRail_Wall", "height": 109, "material": "metal"}}, {"type": "Feature", "geometry": {"type": "Polygon", "coordinates": [[[10.208250823686882, 53.49100715391302], [10.208234765680091, 53.49099910411677], [10.208234765680091, 53.49099910411677], [10.208250823686882, 53.491007153913024], [10.208250823686882, 53.49100715391302]]]}, "properties": {"object_id": "27df7863-fddb-4211-bb6f-0fa6b015776f", "type": "HandRail_Wall", "height": 109, "material": "metal"}}, {"type": "Feature", "geometry": {"type": "Polygon", "coordinates": [[[10.208234765680105, 53.49099910411677], [10.208234765680091, 53.49099910411677], [10.208217851142958, 53.490990624940586], [10.208217851142944, 53.490990624940586], [10.208234765680105, 53.49099910411677]]]}, "properties": {"object_id": "c20d72be-6e5e-44dd-8bed-a9203bfa63ce", "type": "HandRail_Wall", "height": 109, "material": "metal"}}, {"type": "Feature", "geometry": {"type": "Polygon", "coordinates": [[[10.208217851142944, 53.490990624940586], [10.208217851142932, 53.490990624940586], [10.20821390886076, 53.490988648692635], [10.20821390886076, 53.490988648692635], [10.208217851142944, 53.490990624940586]]]}, "properties": {"object_id": "9c8e93c8-f8aa-4ec0-91fd-66f7078c279f", "type": "HandRail_Wall", "height": 109, "material": "metal"}}, {"type": "Feature", "geometry": {"type": "Polygon", "coordinates": [[[10.20821390886076, 53.49098864869262], [10.20821390886076, 53.490988648692635], [10.208196281628934, 53.49097981223841], [10.208196281628918, 53.49097981223841], [10.20821390886076, 53.49098864869262]]]}, "properties": {"object_id": "441f9d6f-4eb0-474a-88b3-4d99c63c63d7", "type": "HandRail_Wall", "height": 109, "material": "metal"}}, {"type": "Feature", "geometry": {"type": "Polygon", "coordinates": [[[10.208196281628918, 53.49097981223841], [10.208196281628918, 53.49097981223841], [10.208177797026174, 53.490970545981114], [10.208177797026204, 53.49097054598114], [10.208196281628918, 53.49097981223841]]]}, "properties": {"object_id": "37a5b1d4-0dac-4ad0-9e2c-a3db49cfe89a", "type": "HandRail_Wall", "height": 109, "material": "metal"}}, {"type": "Feature", "geometry": {"type": "Polygon", "coordinates": [[[10.20817779702619, 53.49097054598115], [10.20817779702619, 53.49097054598114], [10.208159870418772, 53.490961559438034], [10.208159870418772, 53.49096155943801], [10.20817779702619, 53.49097054598115]]]}, "properties": {"object_id": "7605fd10-8ec9-472c-b5ec-07b432e0c1fd", "type": "HandRail_Wall", "height": 109, "material": "metal"}}, {"type": "Feature", "geometry": {"type": "Polygon", "coordinates": [[[10.208159870418772, 53.49096155943804], [10.208159870418772, 53.49096155943804], [10.20814063168402, 53.49095191512299], [10.208140631684035, 53.490951915123], [10.208159870418772, 53.49096155943804]]]}, "properties": {"object_id": "d00ff44b-2106-4357-b4d8-a83b10c5c118", "type": "HandRail_Wall", "height": 109, "material": "metal"}}, {"type": "Feature", "geometry": {"type": "Polygon", "coordinates": [[[10.20814063168405, 53.49095191512299], [10.208122685229176, 53.490942918616874], [10.208122685229188, 53.49094291861688], [10.20814063168405, 53.49095191512299], [10.20814063168405, 53.49095191512299]]]}, "properties": {"object_id": "1045d0d6-6795-4b10-8d33-2145d2a9ec7d", "type": "HandRail_Wall", "height": 109, "material": "metal"}}, {"type": "Feature", "geometry": {"type": "Polygon", "coordinates": [[[10.208370520094192, 53.49106715694132], [10.208370520094178, 53.49106715694132], [10.208405360522741, 53.49110834913239], [10.208405381188486, 53.49110837356567], [10.208370520094192, 53.49106715694132]]]}, "properties": {"object_id": "f39191e9-b2f6-4239-aa62-f44493967092", "type": "HandRail_Wall", "height": 109, "material": "metal"}}, {"type": "Feature", "geometry": {"type": "Polygon", "coordinates": [[[10.208370520094183, 53.49106715694132], [10.208357175621499, 53.49106046745862], [10.208357175621513, 53.491060467458624], [10.208370520094196, 53.49106715694132], [10.208370520094183, 53.49106715694132]]]}, "properties": {"object_id": "27e64774-1374-494c-9b46-e813f0dac37d", "type": "HandRail_Wall", "height": 109, "material": "metal"}}, {"type": "Feature", "geometry": {"type": "Polygon", "coordinates": [[[10.208105631907674, 53.49093436982983], [10.208105631907674, 53.49093436982983], [10.208086900542224, 53.49092497983681], [10.208086900542224, 53.49092497983681], [10.208105631907674, 53.49093436982983]]]}, "properties": {"object_id": "4b613306-c6a3-46b8-b12d-444b918cb5ba", "type": "HandRail_Wall", "height": 109, "material": "metal"}}, {"type": "Feature", "geometry": {"type": "Polygon", "coordinates": [[[10.208065398717196, 53.49091420100957], [10.20806539871718, 53.49091420100956], [10.2080516011323, 53.490907284299475], [10.208051601132313, 53.490907284299475], [10.208065398717196, 53.49091420100957]]]}, "properties": {"object_id": "f0772941-13eb-4da4-8187-5f7d4ec9cd81", "type": "HandRail_Wall", "height": 109, "material": "metal"}}, {"type": "Feature", "geometry": {"type": "Polygon", "coordinates": [[[10.208051601132313, 53.490907284299475], [10.208051601132313, 53.490907284299475], [10.208038040510269, 53.490900486374734], [10.208038040510269, 53.490900486374734], [10.208051601132313, 53.490907284299475]]]}, "properties": {"object_id": "c8572b25-50bf-4084-9f7d-9ce241974b13", "type": "HandRail_Wall", "height": 109, "material": "metal"}}, {"type": "Feature", "geometry": {"type": "Polygon", "coordinates": [[[10.209938305347519, 53.49156094834758], [10.209926374180377, 53.491555606555536], [10.209926386206853, 53.491555639700756], [10.209938317374007, 53.491560981492796], [10.209938305347519, 53.49156094834758]]]}, "properties": {"object_id": "56897660-8fa8-4ea8-a2f2-32d1a32140ce", "type": "HandRail_Wall", "height": 104, "material": "metal"}}, {"type": "Feature", "geometry": {"type": "Polygon", "coordinates": [[[10.209934292782057, 53.4915493164736], [10.209946223948434, 53.49155465826489], [10.209946235974925, 53.49155469141011], [10.209934304808522, 53.49154934961883], [10.209934292782057, 53.4915493164736]]]}, "properties": {"object_id": "f0a31e1b-b92d-468d-b019-484b3c78d755", "type": "HandRail_Wall", "height": 104, "material": "metal"}}, {"type": "Feature", "geometry": {"type": "Polygon", "coordinates": [[[10.209946235975066, 53.491554691410016], [10.20994622394858, 53.4915546582648], [10.209938305347505, 53.49156094834751], [10.209938317373986, 53.491560981492725], [10.209946235975066, 53.491554691410016]]]}, "properties": {"object_id": "fee956ae-6a8c-41e9-aef4-71812dcd9592", "type": "HandRail_Wall", "height": 104, "material": "metal"}}, {"type": "Feature", "geometry": {"type": "Polygon", "coordinates": [[[10.209934292782041, 53.49154931647356], [10.209934304808508, 53.4915493496188], [10.20992638620677, 53.49155563970062], [10.20992637418031, 53.491555606555394], [10.209934292782041, 53.49154931647356]]]}, "properties": {"object_id": "f1a65e49-6e24-4775-8ea0-b8bfe06ebb81", "type": "HandRail_Wall", "height": 104, "material": "metal"}}, {"type": "Feature", "geometry": {"type": "Polygon", "coordinates": [[[10.204033863613777, 53.488997716626294], [10.204027635288606, 53.48900226965419], [10.204027635932633, 53.48900228123714], [10.204033864257807, 53.488997728209256], [10.204033863613777, 53.488997716626294]]]}, "properties": {"object_id": "695181e3-fd9b-4a9f-b7eb-4dc9f17e9022", "type": "HandRail_Wall", "height": 104, "material": "metal"}}, {"type": "Feature", "geometry": {"type": "Polygon", "coordinates": [[[10.20401607640675, 53.48899665677852], [10.204027635932624, 53.48900228123714], [10.204027635288606, 53.489002269654186], [10.204016075762743, 53.48899664519555], [10.20401607640675, 53.48899665677852]]]}, "properties": {"object_id": "0f3438b2-b111-49b6-90c0-d4ea640e2a48", "type": "HandRail_Wall", "height": 104, "material": "metal"}}, {"type": "Feature", "geometry": {"type": "Polygon", "coordinates": [[[10.204083038082585, 53.488856350791465], [10.204095256560683, 53.48886145579618], [10.204095278240848, 53.488861427858474], [10.204083059762757, 53.48885632285377], [10.204083038082585, 53.488856350791465]]]}, "properties": {"object_id": "e8670cb6-f003-45b7-822f-b31b0feea2a2", "type": "HandRail_Wall", "height": 104, "material": "metal"}}, {"type": "Feature", "geometry": {"type": "Polygon", "coordinates": [[[10.204095278240857, 53.48886142785848], [10.204095256560691, 53.48886145579618], [10.204089603496072, 53.48886626835862], [10.204089625176236, 53.48886624042091], [10.204095278240857, 53.48886142785848]]]}, "properties": {"object_id": "bcb1ba3d-f66d-4f58-98d1-ca262871479f", "type": "HandRail_Wall", "height": 104, "material": "metal"}}, {"type": "Feature", "geometry": {"type": "Polygon", "coordinates": [[[10.20402230473239, 53.48899210375118], [10.204022304088369, 53.488992092168225], [10.204016075762766, 53.48899664519553], [10.204016076406786, 53.488996656778475], [10.20402230473239, 53.48899210375118]]]}, "properties": {"object_id": "02914dfa-5ffa-46a6-84c1-46126db2f889", "type": "HandRail_Wall", "height": 104, "material": "metal"}}, {"type": "Feature", "geometry": {"type": "Polygon", "coordinates": [[[10.204022304732378, 53.48899210375119], [10.204033864257807, 53.48899772820923], [10.204033863613796, 53.48899771662626], [10.204022304088358, 53.488992092168225], [10.204022304732378, 53.48899210375119]]]}, "properties": {"object_id": "75b5295d-4642-4b96-b60c-57d6bf716843", "type": "HandRail_Wall", "height": 104, "material": "metal"}}, {"type": "Feature", "geometry": {"type": "Polygon", "coordinates": [[[10.204083038082592, 53.48885635079147], [10.20407738501725, 53.48886116335335], [10.204077406697428, 53.48886113541564], [10.20408305976276, 53.48885632285377], [10.204083038082592, 53.48885635079147]]]}, "properties": {"object_id": "144b8f9e-284d-4b25-92ec-880ac840b7cb", "type": "HandRail_Wall", "height": 104, "material": "metal"}}, {"type": "Feature", "geometry": {"type": "Polygon", "coordinates": [[[10.204077385017232, 53.48886116335335], [10.204089603496065, 53.48886626835862], [10.204089625176236, 53.48886624042091], [10.20407740669742, 53.48886113541564], [10.204077385017232, 53.48886116335335]]]}, "properties": {"object_id": "7f8a0a2d-881e-4d54-86ce-57896929a6c8", "type": "HandRail_Wall", "height": 104, "material": "metal"}}, {"type": "Feature", "geometry": {"type": "Polygon", "coordinates": [[[10.19956746451943, 53.487496016636136], [10.199567430859389, 53.487495946797004], [10.199564218409305, 53.48750139927604], [10.199564252069349, 53.48750146911517], [10.19956746451943, 53.487496016636136]]]}, "properties": {"object_id": "571f4bca-153a-402b-86f4-2fc72b1ecb74", "type": "HandRail_Wall", "height": 104, "material": "metal"}}, {"type": "Feature", "geometry": {"type": "Polygon", "coordinates": [[[10.199550144075129, 53.48749844988532], [10.199550177735157, 53.487498519724475], [10.199553390186736, 53.487493067245964], [10.199553356526712, 53.48749299740683], [10.199550144075129, 53.48749844988532]]]}, "properties": {"object_id": "3e0691e0-88b4-4dfa-a87b-7085199807d6", "type": "HandRail_Wall", "height": 104, "material": "metal"}}, {"type": "Feature", "geometry": {"type": "Polygon", "coordinates": [[[10.199564218409286, 53.487501399276034], [10.199564252069333, 53.48750146911517], [10.199550177735176, 53.487498519724475], [10.19955014407517, 53.48749844988534], [10.199564218409286, 53.487501399276034]]]}, "properties": {"object_id": "281baf0b-f1b3-4004-bd02-eb1f52c95ff2", "type": "HandRail_Wall", "height": 104, "material": "metal"}}, {"type": "Feature", "geometry": {"type": "Polygon", "coordinates": [[[10.199553356526696, 53.48749299740685], [10.199567430859277, 53.48749594679719], [10.199567464519337, 53.48749601663632], [10.199553390186733, 53.48749306724599], [10.199553356526696, 53.48749299740685]]]}, "properties": {"object_id": "9ecdaf2d-ba26-491d-802f-7565f49ef570", "type": "HandRail_Wall", "height": 104, "material": "metal"}}, {"type": "Feature", "geometry": {"type": "Polygon", "coordinates": [[[10.199613301348666, 53.48741633491905], [10.199599350922826, 53.487413182972816], [10.19959935525125, 53.48741309901545], [10.199613305677065, 53.48741625096167], [10.199613301348666, 53.48741633491905]]]}, "properties": {"object_id": "d2de4f27-b8bf-4bf7-bb20-702af70adb1b", "type": "HandRail_Wall", "height": 104, "material": "metal"}}, {"type": "Feature", "geometry": {"type": "Polygon", "coordinates": [[[10.199604022979905, 53.48740582789268], [10.19960402730831, 53.487405743935305], [10.199617977732082, 53.48740889588102], [10.199617973403694, 53.48740897983839], [10.199604022979905, 53.48740582789268]]]}, "properties": {"object_id": "32e80e51-e8b4-43f7-aa10-e1496ddb7532", "type": "HandRail_Wall", "height": 104, "material": "metal"}}, {"type": "Feature", "geometry": {"type": "Polygon", "coordinates": [[[10.199617977732185, 53.48740889588088], [10.199617973403795, 53.48740897983825], [10.19961330134865, 53.487416334919054], [10.199613305677044, 53.48741625096169], [10.199617977732185, 53.48740889588088]]]}, "properties": {"object_id": "2fefee8a-8aeb-420b-ad20-af20d76f8940", "type": "HandRail_Wall", "height": 104, "material": "metal"}}, {"type": "Feature", "geometry": {"type": "Polygon", "coordinates": [[[10.199604022979912, 53.48740582789268], [10.19959935092276, 53.487413182972816], [10.199599355251182, 53.48741309901545], [10.199604027308315, 53.48740574393529], [10.199604022979912, 53.48740582789268]]]}, "properties": {"object_id": "9dab68be-7fb9-4d6c-a716-d51f1a338ec4", "type": "HandRail_Wall", "height": 104, "material": "metal"}}, {"type": "Feature", "geometry": {"type": "Polygon", "coordinates": [[[10.19617492254241, 53.48696543030972], [10.196176613999798, 53.4869598849208], [10.196176680446902, 53.48695995187703], [10.19617498898952, 53.48696549726595], [10.19617492254241, 53.48696543030972]]]}, "properties": {"object_id": "adffcc6d-a304-41d9-867d-25028d4d8749", "type": "HandRail_Wall", "height": 104, "material": "metal"}}, {"type": "Feature", "geometry": {"type": "Polygon", "coordinates": [[[10.19618986000088, 53.48696705075317], [10.19617492254241, 53.48696543030974], [10.196174988989519, 53.48696549726598], [10.196189926448026, 53.4869671177094], [10.19618986000088, 53.48696705075317]]]}, "properties": {"object_id": "a9be36cd-eb12-4c96-8e66-252646e0cf2b", "type": "HandRail_Wall", "height": 104, "material": "metal"}}, {"type": "Feature", "geometry": {"type": "Polygon", "coordinates": [[[10.19619155145639, 53.486961505363944], [10.196191617903523, 53.486961572320176], [10.19618992644803, 53.4869671177093], [10.196189860000894, 53.48696705075307], [10.19619155145639, 53.486961505363944]]]}, "properties": {"object_id": "0122f7ab-2b1f-40f0-be62-cc59a8027073", "type": "HandRail_Wall", "height": 104, "material": "metal"}}, {"type": "Feature", "geometry": {"type": "Polygon", "coordinates": [[[10.19617661399982, 53.48695988492078], [10.196191551456396, 53.486961505364036], [10.196191617903537, 53.48696157232025], [10.19617668044692, 53.48695995187702], [10.19617661399982, 53.48695988492078]]]}, "properties": {"object_id": "0bd934f2-1766-4d79-b6ca-ad8de465a4d0", "type": "HandRail_Wall", "height": 104, "material": "metal"}}, {"type": "Feature", "geometry": {"type": "Polygon", "coordinates": [[[10.207728726044326, 53.49074819117973], [10.207719751110883, 53.49075452973265], [10.207719751110883, 53.49075452973265], [10.207728726044326, 53.49074819117972], [10.207728726044326, 53.49074819117973]]]}, "properties": {"object_id": "9df7f4db-ddaa-4327-b967-c1a772f22da0", "type": "Wall_Wall", "height": 137, "material": "metal"}}, {"type": "Feature", "geometry": {"type": "Polygon", "coordinates": [[[10.207728726044346, 53.49074819117969], [10.207766163781827, 53.490767044359586], [10.207766163781839, 53.49076704435959], [10.207728726044362, 53.49074819117971], [10.207728726044346, 53.49074819117969]]]}, "properties": {"object_id": "c673e2f2-a842-452a-a3db-6089dec4ff29", "type": "Wall_Wall", "height": 137, "material": "metal"}}, {"type": "Feature", "geometry": {"type": "Polygon", "coordinates": [[[10.207719751110883, 53.49075452973265], [10.207710998349265, 53.49075860662771], [10.207710998349237, 53.4907586066277], [10.207719751110869, 53.49075452973265], [10.207719751110883, 53.49075452973265]]]}, "properties": {"object_id": "cddf5bb9-cf34-47f7-9571-47413463b853", "type": "Wall_Wall", "height": 137, "material": "metal"}}, {"type": "Feature", "geometry": {"type": "Polygon", "coordinates": [[[10.20771099834925, 53.4907586066277], [10.207701185363012, 53.49076148542626], [10.207701185363014, 53.490761485426255], [10.207710998349265, 53.4907586066277], [10.20771099834925, 53.4907586066277]]]}, "properties": {"object_id": "716b9bd0-8bd1-41b0-889f-28a101450dd4", "type": "Wall_Wall", "height": 137, "material": "metal"}}, {"type": "Feature", "geometry": {"type": "Polygon", "coordinates": [[[10.207701185363014, 53.490761485426276], [10.207690708894749, 53.490762422000735], [10.207690708894749, 53.490762422000735], [10.207701185363014, 53.490761485426255], [10.207701185363014, 53.490761485426276]]]}, "properties": {"object_id": "bea78e1f-1025-476f-be85-7ee5fbfd7329", "type": "Wall_Wall", "height": 137, "material": "metal"}}, {"type": "Feature", "geometry": {"type": "Polygon", "coordinates": [[[10.20769070889476, 53.490762422000735], [10.207678967815903, 53.49076248216391], [10.207678967815914, 53.49076248216388], [10.207690708894757, 53.49076242200073], [10.20769070889476, 53.490762422000735]]]}, "properties": {"object_id": "c4435620-3e91-4882-9eef-2760ff6fc7c2", "type": "Wall_Wall", "height": 137, "material": "metal"}}, {"type": "Feature", "geometry": {"type": "Polygon", "coordinates": [[[10.204019621869405, 53.48893400682537], [10.204019625251298, 53.488934008459424], [10.20402326106758, 53.488931331959904], [10.204023257685686, 53.48893133032584], [10.204019621869405, 53.48893400682537]]]}, "properties": {"object_id": "023cc67a-2dd7-448c-bbd0-931dada14bc6", "type": "SignalPole_Signal", "height": 49, "material": "metal"}}, {"type": "Feature", "geometry": {"type": "Polygon", "coordinates": [[[10.204031050616335, 53.48899571799649], [10.20403105399823, 53.48899571963053], [10.204034689819006, 53.48899304313068], [10.204034686437101, 53.488993041496606], [10.204031050616335, 53.48899571799649]]]}, "properties": {"object_id": "57e24d8c-494e-4cb3-a400-6f8faf8a3440", "type": "SignalPole_Signal", "height": 49, "material": "metal"}}, {"type": "Feature", "geometry": {"type": "Polygon", "coordinates": [[[10.204012322703035, 53.48893031252864], [10.204012326084925, 53.48893031416269], [10.204015961901357, 53.48892763766339], [10.204015958519465, 53.48892763602934], [10.204012322703035, 53.48893031252864]]]}, "properties": {"object_id": "9e566901-d358-44bb-919e-2225f253207f", "type": "SignalPole_Signal", "height": 49, "material": "metal"}}, {"type": "Feature", "geometry": {"type": "Polygon", "coordinates": [[[10.204100491390951, 53.4888629614473], [10.204100494955709, 53.48886296293668], [10.204103808888213, 53.48886014171015], [10.204103805323454, 53.48886014022075], [10.204100491390951, 53.4888629614473]]]}, "properties": {"object_id": "8a9d22d1-bd6e-4b4f-b67e-31dda8341f8a", "type": "SignalPole_Signal", "height": 49, "material": "metal"}}, {"type": "Feature", "geometry": {"type": "Polygon", "coordinates": [[[10.204038145565784, 53.488999420066996], [10.20403814894768, 53.48899942170105], [10.204041784768327, 53.488996745200964], [10.204041781386419, 53.48899674356691], [10.204038145565784, 53.488999420066996]]]}, "properties": {"object_id": "4497349b-bfa7-4a7e-9ce9-64b2567cda78", "type": "SignalPole_Signal", "height": 49, "material": "metal"}}, {"type": "Feature", "geometry": {"type": "Polygon", "coordinates": [[[10.204019621869396, 53.48893400682537], [10.20401962525129, 53.488934008459424], [10.20402326106757, 53.488931331959904], [10.204023257685675, 53.48893133032584], [10.204019621869396, 53.48893400682537]]]}, "properties": {"object_id": "17305149-9145-4561-aded-3536b0fe5900", "type": "SignalPole_Signal", "height": 49, "material": "metal"}}, {"type": "Feature", "geometry": {"type": "Polygon", "coordinates": [[[10.204800439685911, 53.4891044715931], [10.204806594792949, 53.48909982355707], [10.204806771372967, 53.489099682046536], [10.204800616265988, 53.48910433008257], [10.204800439685911, 53.4891044715931]]]}, "properties": {"object_id": "1d3b93a9-5695-4ca4-8ac9-179a99e145fd", "type": "SignalPole_Signal", "height": 103, "material": "metal"}}, {"type": "Feature", "geometry": {"type": "Polygon", "coordinates": [[[10.204906579761072, 53.48902835871686], [10.204906571447438, 53.489028355351685], [10.204909752816388, 53.489025559783215], [10.204909761130022, 53.48902556314837], [10.204906579761072, 53.48902835871686]]]}, "properties": {"object_id": "c1fa190e-8374-406d-b46b-428a63cb6316", "type": "SignalPole_Signal", "height": 52, "material": "metal"}}, {"type": "Feature", "geometry": {"type": "Polygon", "coordinates": [[[10.204809829278615, 53.48910704332488], [10.204809820964963, 53.489107039959706], [10.204813002346125, 53.48910424439377], [10.204813010659773, 53.489104247758945], [10.204809829278615, 53.48910704332488]]]}, "properties": {"object_id": "e0f19cb8-c985-43a2-8b78-89dcaabc92a9", "type": "SignalPole_Signal", "height": 52, "material": "metal"}}, {"type": "Feature", "geometry": {"type": "Polygon", "coordinates": [[[10.204897447150541, 53.489025803251835], [10.204897650987188, 53.48902572699828], [10.204904123583423, 53.48902123447685], [10.204903919746847, 53.48902131073038], [10.204897447150541, 53.489025803251835]]]}, "properties": {"object_id": "06bebe0f-dee4-4c6a-861c-37b34cddaa44", "type": "SignalPole_Signal", "height": 101, "material": "metal"}}, {"type": "Feature", "geometry": {"type": "Polygon", "coordinates": [[[10.205186555469647, 53.489083292164274], [10.20518643703925, 53.48908331134928], [10.205180451193645, 53.48908803852199], [10.205180569624039, 53.48908801933702], [10.205186555469647, 53.489083292164274]]]}, "properties": {"object_id": "61128da1-21ad-4895-b9ea-713e9ab4f9d9", "type": "SignalPole_Signal", "height": 98, "material": "metal"}}, {"type": "Feature", "geometry": {"type": "Polygon", "coordinates": [[[10.206636057191277, 53.49025441548556], [10.206631363954793, 53.49025776920138], [10.206631328552664, 53.490257784155496], [10.206636021789153, 53.49025443043967], [10.206636057191277, 53.49025441548556]]]}, "properties": {"object_id": "c5d3e4e3-8d56-45de-909f-3c4e7418c46f", "type": "SignalPole_Signal", "height": 202, "material": "metal"}}, {"type": "Feature", "geometry": {"type": "Polygon", "coordinates": [[[10.206551058480882, 53.490092475083074], [10.206546365255313, 53.49009582879562], [10.206546320802865, 53.49009584757269], [10.20655101402844, 53.49009249386017], [10.206551058480882, 53.490092475083074]]]}, "properties": {"object_id": "7a8c336d-c9d4-426f-bcba-a918cc93c584", "type": "SignalPole_Signal", "height": 254, "material": "metal"}}, {"type": "Feature", "geometry": {"type": "Polygon", "coordinates": [[[10.207134892017152, 53.49023324208414], [10.207131139510764, 53.490235898828885], [10.207131243481955, 53.49023595106003], [10.207134995988346, 53.490233294315274], [10.207134892017152, 53.49023324208414]]]}, "properties": {"object_id": "5113fa96-c043-4126-b247-8fdfc4ce623a", "type": "SignalPole_Signal", "height": 52, "material": "metal"}}, {"type": "Feature", "geometry": {"type": "Polygon", "coordinates": [[[10.199557747278796, 53.4874934899346], [10.199559503828507, 53.48749021052424], [10.19955947285968, 53.48749020462376], [10.199557716309961, 53.48749348403408], [10.199557747278796, 53.4874934899346]]]}, "properties": {"object_id": "017a51a8-6cc7-4574-9d17-7735ee6a8bd5", "type": "SignalPole_Signal", "height": 52, "material": "metal"}}, {"type": "Feature", "geometry": {"type": "Polygon", "coordinates": [[[10.199599327139197, 53.48741768434806], [10.199599296170419, 53.48741767844756], [10.199601052713874, 53.4874143990366], [10.199601083682655, 53.48741440493712], [10.199599327139197, 53.48741768434806]]]}, "properties": {"object_id": "c62babac-ead7-4d0b-bcf9-5ffdb5be45c1", "type": "SignalPole_Signal", "height": 52, "material": "metal"}}, {"type": "Feature", "geometry": {"type": "Polygon", "coordinates": [[[10.197187850180976, 53.48686538229244], [10.197187912050707, 53.4868653905423], [10.197186635215244, 53.48686879683089], [10.197186573345508, 53.48686878858104], [10.197187850180976, 53.48686538229244]]]}, "properties": {"object_id": "019e31e0-60f5-45ea-8e11-bc56ffacea33", "type": "SignalPole_Signal", "height": 50, "material": "metal"}}, {"type": "Feature", "geometry": {"type": "Polygon", "coordinates": [[[10.197164857473764, 53.48692432047549], [10.197164919343571, 53.48692432872532], [10.197163642504568, 53.48692773501368], [10.19716358063475, 53.48692772676383], [10.197164857473764, 53.48692432047549]]]}, "properties": {"object_id": "85855413-ecaa-45d3-9839-5fd87597023d", "type": "SignalPole_Signal", "height": 50, "material": "metal"}}, {"type": "Feature", "geometry": {"type": "Polygon", "coordinates": [[[10.197196122662852, 53.48687127036101], [10.197198290003893, 53.48686548929538], [10.197198258017536, 53.4868654515583], [10.197196090676501, 53.48687123262394], [10.197196122662852, 53.48687127036101]]]}, "properties": {"object_id": "c5f5a71f-01fb-48d9-813b-230288ae34f2", "type": "SignalPole_Signal", "height": 98600, "material": "metal"}}, {"type": "Feature", "geometry": {"type": "Polygon", "coordinates": [[[10.197173739655314, 53.48692907492715], [10.197173633693623, 53.48692902089206], [10.197175801073211, 53.48692323984859], [10.197175907034888, 53.486923293883656], [10.197173739655314, 53.48692907492715]]]}, "properties": {"object_id": "76391a8f-d547-49c6-ab09-d8323542817b", "type": "SignalPole_Signal", "height": 98600, "material": "metal"}}, {"type": "Feature", "geometry": {"type": "Polygon", "coordinates": [[[10.209175027070701, 53.491406803176595], [10.209170300806145, 53.491410105566935], [10.209170335663465, 53.49141003402366], [10.209175061928022, 53.491406731633326], [10.209175027070701, 53.491406803176595]]]}, "properties": {"object_id": "ef2d3726-4402-430c-934a-f3ad7c19e507", "type": "SignalPole_Signal", "height": 47, "material": "metal"}}, {"type": "Feature", "geometry": {"type": "Polygon", "coordinates": [[[10.209924145116625, 53.49156132562861], [10.20992416069506, 53.491561365372334], [10.209930005537714, 53.4915568799111], [10.20992998995927, 53.49155684016739], [10.209924145116625, 53.49156132562861]]]}, "properties": {"object_id": "71b25087-3067-4b54-a844-eb9b6262ca00", "type": "SignalPole_Signal", "height": 123, "material": "metal"}}, {"type": "Feature", "geometry": {"type": "Polygon", "coordinates": [[[10.204029326262805, 53.488996360653665], [10.20402932676827, 53.488996347597684], [10.204035409257743, 53.488991976109325], [10.204035408752285, 53.48899198916528], [10.204029326262805, 53.488996360653665]]]}, "properties": {"object_id": "d6f2d983-de48-47b3-b0d9-f5111a85f8b8", "type": "SignalPole_Signal", "height": 123, "material": "metal"}}, {"type": "Feature", "geometry": {"type": "Polygon", "coordinates": [[[10.204090945185213, 53.488860359411426], [10.204090972113494, 53.48886032699408], [10.204096502004328, 53.48885570184707], [10.204096475076046, 53.48885573426444], [10.204090945185213, 53.488860359411426]]]}, "properties": {"object_id": "3d1ff5b6-a5f9-4613-8692-836d4882ba0e", "type": "SignalPole_Signal", "height": 123, "material": "metal"}}, {"type": "Feature", "geometry": {"type": "Polygon", "coordinates": [[[10.199557098722954, 53.487494477302306], [10.199557134601317, 53.487494560667415], [10.199560033182893, 53.48748914963475], [10.199559997304524, 53.48748906626961], [10.199557098722954, 53.487494477302306]]]}, "properties": {"object_id": "b3f70d31-79df-4a81-b047-3d87ac8ec0b1", "type": "SignalPole_Signal", "height": 123, "material": "metal"}}, {"type": "Feature", "geometry": {"type": "Polygon", "coordinates": [[[10.196187146541902, 53.48696171587781], [10.196188851229643, 53.486956127107476], [10.1961889311731, 53.48695620630409], [10.196187226485364, 53.48696179507443], [10.196187146541902, 53.48696171587781]]]}, "properties": {"object_id": "fd041b44-128f-4133-a7bc-7df92d79a1e4", "type": "SignalPole_Signal", "height": 123, "material": "metal"}}, {"type": "Feature", "geometry": {"type": "Polygon", "coordinates": [[[10.199600206374617, 53.48741900251386], [10.199600212239858, 53.487418903598765], [10.199603029519343, 53.48741347740595], [10.199603023654106, 53.487413576321025], [10.199600206374617, 53.48741900251386]]]}, "properties": {"object_id": "d3740b7d-082f-4cce-9213-7c1b7d8a1382", "type": "SignalPole_Signal", "height": 123, "material": "metal"}}, {"type": "Feature", "geometry": {"type": "Polygon", "coordinates": [[[10.21000092275849, 53.49150603085653], [10.210000903532356, 53.491506021946705], [10.210005127201839, 53.49150278055401], [10.210005146427989, 53.49150278946383], [10.21000092275849, 53.49150603085653]]]}, "properties": {"object_id": "f3767b79-808e-44c6-855e-f3dd43a15ebd", "type": "SignalPole_Signal", "height": 56, "material": "metal"}}, {"type": "Feature", "geometry": {"type": "Polygon", "coordinates": [[[10.209924274014488, 53.4915606512901], [10.209924254788326, 53.49156064238026], [10.20992847846907, 53.49155740099025], [10.209928497695225, 53.49155740990008], [10.209924274014488, 53.4915606512901]]]}, "properties": {"object_id": "5a9ede8d-45a1-4dad-95a5-2f6e1c14a056", "type": "SignalPole_Signal", "height": 56, "material": "metal"}}, {"type": "Feature", "geometry": {"type": "Polygon", "coordinates": [[[10.209995622579724, 53.49150155256926], [10.209995603353576, 53.49150154365944], [10.209999827023042, 53.49149830226692], [10.209999846249179, 53.491498311176734], [10.209995622579724, 53.49150155256926]]]}, "properties": {"object_id": "81f23e11-dc80-4a73-8b32-ee9b846b92cf", "type": "SignalPole_Signal", "height": 56, "material": "metal"}}, {"type": "Feature", "geometry": {"type": "Polygon", "coordinates": [[[10.20991659463271, 53.49155709248873], [10.209920818313686, 53.49155385109899], [10.209920799087524, 53.491553842189134], [10.20991657540655, 53.49155708357889], [10.20991659463271, 53.49155709248873]]]}, "properties": {"object_id": "94efdd95-848a-4503-9e4a-4c6e7c74a426", "type": "SignalPole_Signal", "height": 56, "material": "metal"}}, {"type": "Feature", "geometry": {"type": "Polygon", "coordinates": [[[10.210007927402545, 53.49150139427175], [10.210001836973932, 53.49150607399785], [10.21000177481306, 53.49150606198761], [10.210007865241657, 53.49150138226152], [10.210007927402545, 53.49150139427175]]]}, "properties": {"object_id": "efdfb5f5-518a-44c1-bf30-4d3f03c5d557", "type": "SignalPole_Signal", "height": 132, "material": "metal"}}, {"type": "Feature", "geometry": {"type": "Polygon", "coordinates": [[[10.207144076519974, 53.49023606083387], [10.207137852943879, 53.49024067775675], [10.207137578918195, 53.490240553177486], [10.207143802494278, 53.49023593625463], [10.207144076519974, 53.49023606083387]]]}, "properties": {"object_id": "677cb138-d081-4a99-a430-b6cc0729ea21", "type": "SignalPole_Signal", "height": 132, "material": "metal"}}, {"type": "Feature", "geometry": {"type": "Polygon", "coordinates": [[[10.204800439685911, 53.4891044715931], [10.204800664867468, 53.48910429113354], [10.204806819974442, 53.489099643097525], [10.204806594792949, 53.48909982355707], [10.204800439685911, 53.4891044715931]]]}, "properties": {"object_id": "4c5a8781-2d71-4137-87a4-d78f4a3e427c", "type": "SignalPole_Signal", "height": 132, "material": "metal"}}, {"type": "Feature", "geometry": {"type": "Polygon", "coordinates": [[[10.204013460624198, 53.48892990959904], [10.204013650503898, 53.48892976716573], [10.204019552195085, 53.488925003214504], [10.204019362315444, 53.48892514564781], [10.204013460624198, 53.48892990959904]]]}, "properties": {"object_id": "2e4dfbbd-0302-4035-89cf-3124b104411b", "type": "SignalPole_Signal", "height": 132, "material": "metal"}}, {"type": "Feature", "geometry": {"type": "LineString", "coordinates": [[10.205476359119274, 53.489311031624894], [10.205476359119274, 53.48931103162488]]}, "properties": {"object_id": "02280325-a840-4272-8a3f-8b6adca10d71", "type": "SignPole_Pole", "height": 185, "material": "metal"}}, {"type": "Feature", "geometry": {"type": "LineString", "coordinates": [[10.205319363082314, 53.4893372868554], [10.205319363082314, 53.4893372868554]]}, "properties": {"object_id": "adff16b0-ee5a-4a00-81a5-4dbb8b5d7fe1", "type": "SignPole_Pole", "height": 272, "material": "metal"}}, {"type": "Feature", "geometry": {"type": "LineString", "coordinates": [[10.205331458554765, 53.489347165021954], [10.205331458554765, 53.489347165021954]]}, "properties": {"object_id": "48cb4a78-5d79-40bd-81e2-9d7a212a8e05", "type": "SignPole_Pole", "height": 210, "material": "metal"}}, {"type": "Feature", "geometry": {"type": "LineString", "coordinates": [[10.205867830725548, 53.489603767808546], [10.205867830725548, 53.48960376780856]]}, "properties": {"object_id": "af735de3-9342-405e-bbd3-b38e37f0f016", "type": "SignPole_Pole", "height": 211, "material": "metal"}}, {"type": "Feature", "geometry": {"type": "LineString", "coordinates": [[10.205878291158982, 53.489608580884536], [10.205878291158978, 53.48960858088452]]}, "properties": {"object_id": "a0f5f026-86fa-4af9-8a3a-63bee9e865a9", "type": "SignPole_Pole", "height": 262, "material": "metal"}}, {"type": "Feature", "geometry": {"type": "LineString", "coordinates": [[10.206674783345688, 53.49000378929437], [10.206674783345687, 53.49000378929438]]}, "properties": {"object_id": "92a886c5-0e52-4308-ab3a-6456cc620ac3", "type": "SignPole_Pole", "height": 209, "material": "metal"}}, {"type": "Feature", "geometry": {"type": "LineString", "coordinates": [[10.20643266762428, 53.49018230825165], [10.20643266762428, 53.49018230825165]]}, "properties": {"object_id": "cc8c6a6c-4b09-444c-b259-2f550643e9e5", "type": "SignPole_Pole", "height": 476, "material": "metal"}}, {"type": "Feature", "geometry": {"type": "LineString", "coordinates": [[10.207002901813423, 53.49016693338377], [10.207002901813423, 53.49016693338376]]}, "properties": {"object_id": "1a59f3d8-64c5-4cac-8a4f-3f698bd13bee", "type": "SignPole_Pole", "height": 216, "material": "metal"}}, {"type": "Feature", "geometry": {"type": "LineString", "coordinates": [[10.207222209169375, 53.49007680745465], [10.207222209169377, 53.49007680745464]]}, "properties": {"object_id": "3de49b18-3208-469f-bd9f-071e8b51186a", "type": "SignPole_Pole", "height": 259, "material": "metal"}}, {"type": "Feature", "geometry": {"type": "LineString", "coordinates": [[10.207240029203316, 53.49028557139505], [10.207240029203312, 53.49028557139505]]}, "properties": {"object_id": "e878e654-5019-4942-a9fa-17f17daeb689", "type": "SignPole_Pole", "height": 197, "material": "metal"}}, {"type": "Feature", "geometry": {"type": "LineString", "coordinates": [[10.209281405711314, 53.491396856778636], [10.209281405711314, 53.491396856778636]]}, "properties": {"object_id": "6970ac51-18ce-4a73-b9b9-b79bdf69c932", "type": "SignPole_Pole", "height": 299, "material": "metal"}}, {"type": "Feature", "geometry": {"type": "LineString", "coordinates": [[10.202748877369206, 53.48843643031604], [10.20274887736921, 53.48843643031604]]}, "properties": {"object_id": "628975d1-02e9-4575-a000-a844687024c1", "type": "SignPole_Pole", "height": 312, "material": "metal"}}, {"type": "Feature", "geometry": {"type": "LineString", "coordinates": [[10.202272874832701, 53.48824967217655], [10.202272874832701, 53.48824967217655]]}, "properties": {"object_id": "2cc56309-2410-466f-915f-d3744f02e5a3", "type": "SignPole_Pole", "height": 358, "material": "metal"}}, {"type": "Feature", "geometry": {"type": "LineString", "coordinates": [[10.20223241138331, 53.488237827809286], [10.20223241138331, 53.488237827809286]]}, "properties": {"object_id": "c52fb48c-02cd-46d5-b5ee-b1b5bd26b2e6", "type": "SignPole_Pole", "height": 347, "material": "metal"}}, {"type": "Feature", "geometry": {"type": "LineString", "coordinates": [[10.202393129199416, 53.48816417647619], [10.202393129199416, 53.4881641764762]]}, "properties": {"object_id": "a1bee4d2-6c13-484d-bd73-56abaebea377", "type": "SignPole_Pole", "height": 104, "material": "metal"}}, {"type": "Feature", "geometry": {"type": "LineString", "coordinates": [[10.202371594087067, 53.488090136099345], [10.202371594087067, 53.488090136099345]]}, "properties": {"object_id": "8b2965b0-ce80-4ded-b3fc-c92bbb2fdbd6", "type": "SignPole_Pole", "height": 322, "material": "metal"}}, {"type": "Feature", "geometry": {"type": "LineString", "coordinates": [[10.201402650152534, 53.487961955787824], [10.201402650152534, 53.487961955787824]]}, "properties": {"object_id": "b40aab5b-149f-4e7e-9b74-512bac8a867f", "type": "SignPole_Pole", "height": 330, "material": "metal"}}, {"type": "Feature", "geometry": {"type": "LineString", "coordinates": [[10.202511497841202, 53.48804568714699], [10.202511497841202, 53.48804568714699]]}, "properties": {"object_id": "38e67744-c272-4d0c-b543-83462de3ba8d", "type": "SignPole_Pole", "height": 275, "material": "metal"}}, {"type": "Feature", "geometry": {"type": "LineString", "coordinates": [[10.200504416347494, 53.4877148455674], [10.200504416347494, 53.487714845567396]]}, "properties": {"object_id": "45f2c90a-6759-4df6-bcb7-3686f640a1cc", "type": "SignPole_Pole", "height": 366, "material": "metal"}}, {"type": "Feature", "geometry": {"type": "LineString", "coordinates": [[10.199187297820263, 53.48741655672015], [10.199187297820265, 53.48741655672015]]}, "properties": {"object_id": "4d3b4fd3-8799-422c-91db-d5f72f86c56f", "type": "SignPole_Pole", "height": 322, "material": "metal"}}, {"type": "Feature", "geometry": {"type": "LineString", "coordinates": [[10.196275025321194, 53.48698081784579], [10.196275025321196, 53.4869808178458]]}, "properties": {"object_id": "90557b00-36cb-4176-af31-21d86d1234d3", "type": "SignPole_Pole", "height": 322, "material": "metal"}}, {"type": "Feature", "geometry": {"type": "LineString", "coordinates": [[10.204529828290278, 53.48907066404212], [10.204529828290278, 53.48907066404212], [10.204529828290275, 53.489070664042124]]}, "properties": {"object_id": "abc03449-3a11-4087-8a36-b04e007631c6", "type": "HandRail_Pole", "height": 98, "material": "metal"}}, {"type": "Feature", "geometry": {"type": "LineString", "coordinates": [[10.204427310340838, 53.489023568586774], [10.204427310340838, 53.489023568586774], [10.204427310340838, 53.489023568586774]]}, "properties": {"object_id": "1fc4e1ba-3c7d-467f-9849-58832c7b1aba", "type": "HandRail_Pole", "height": 96, "material": "metal"}}, {"type": "Feature", "geometry": {"type": "LineString", "coordinates": [[10.204774071894144, 53.4891830988008], [10.204774071894144, 53.4891830988008], [10.204774071894144, 53.4891830988008]]}, "properties": {"object_id": "0e3026f0-57d3-41fe-b99e-ca7eaec4de98", "type": "HandRail_Pole", "height": 101, "material": "metal"}}, {"type": "Feature", "geometry": {"type": "LineString", "coordinates": [[10.204811578830233, 53.4892002952118], [10.204811578830233, 53.4892002952118], [10.204811578830233, 53.4892002952118]]}, "properties": {"object_id": "7edbc887-2ba5-4faa-a986-ed04f886b8e3", "type": "HandRail_Pole", "height": 102, "material": "metal"}}, {"type": "Feature", "geometry": {"type": "LineString", "coordinates": [[10.204830379049518, 53.48920891484238], [10.204830379049518, 53.48920891484238], [10.204830379049518, 53.48920891484238]]}, "properties": {"object_id": "c9c88be9-8c6c-4f22-bd61-43e51e80e347", "type": "HandRail_Pole", "height": 102, "material": "metal"}}, {"type": "Feature", "geometry": {"type": "LineString", "coordinates": [[10.204852942439059, 53.48921925054358], [10.204852942439059, 53.48921925054358], [10.204852942439059, 53.48921925054358]]}, "properties": {"object_id": "327c7132-2069-4d07-a18a-7c4939135477", "type": "HandRail_Pole", "height": 102, "material": "metal"}}, {"type": "Feature", "geometry": {"type": "LineString", "coordinates": [[10.20486905101314, 53.48922663211384], [10.20486905101314, 53.48922663211384], [10.20486905101314, 53.48922663211384]]}, "properties": {"object_id": "77c10772-da9e-4069-b0af-28c0d2f49c53", "type": "HandRail_Pole", "height": 103, "material": "metal"}}, {"type": "Feature", "geometry": {"type": "LineString", "coordinates": [[10.20488509900676, 53.48923398591905], [10.20488509900676, 53.48923398591905], [10.20488509900676, 53.48923398591905]]}, "properties": {"object_id": "112f0d93-3162-473c-94d9-8e5ce979c957", "type": "HandRail_Pole", "height": 103, "material": "metal"}}, {"type": "Feature", "geometry": {"type": "LineString", "coordinates": [[10.204901207586671, 53.48924136748248], [10.204901207586671, 53.48924136748248], [10.204901207586671, 53.48924136748248]]}, "properties": {"object_id": "e5c2f1b9-cd94-45b8-ade3-3a601bb421b2", "type": "HandRail_Pole", "height": 103, "material": "metal"}}, {"type": "Feature", "geometry": {"type": "LineString", "coordinates": [[10.204917225327744, 53.48924870741535], [10.204917225327744, 53.48924870741535], [10.204917225327744, 53.48924870741535]]}, "properties": {"object_id": "cdd77a70-134a-4302-bc2d-b197efca651f", "type": "HandRail_Pole", "height": 103, "material": "metal"}}, {"type": "Feature", "geometry": {"type": "LineString", "coordinates": [[10.204933218327492, 53.48925603600611], [10.204933218327492, 53.48925603600611], [10.204933218327492, 53.48925603600611]]}, "properties": {"object_id": "ad642a8a-3cfc-4992-888f-d5312433bb89", "type": "HandRail_Pole", "height": 103, "material": "metal"}}, {"type": "Feature", "geometry": {"type": "LineString", "coordinates": [[10.204594170603634, 53.48910037709167], [10.204594170603634, 53.48910037709167], [10.204594170603634, 53.48910037709167]]}, "properties": {"object_id": "c78e933d-58fa-4d32-b1d7-dac73d95c8ad", "type": "HandRail_Pole", "height": 99, "material": "metal"}}, {"type": "Feature", "geometry": {"type": "LineString", "coordinates": [[10.204627135911705, 53.48911548250218], [10.204627135911705, 53.48911548250218], [10.204627135911705, 53.48911548250218]]}, "properties": {"object_id": "c1d3e72b-c374-4d59-b01c-6f96513c2587", "type": "HandRail_Pole", "height": 99, "material": "metal"}}, {"type": "Feature", "geometry": {"type": "LineString", "coordinates": [[10.204611964418211, 53.489108538723336], [10.204611964418211, 53.489108538723336], [10.204611964418211, 53.489108538723336]]}, "properties": {"object_id": "732db7fe-8eed-472b-8c1c-60f77011ca84", "type": "HandRail_Pole", "height": 99, "material": "metal"}}, {"type": "Feature", "geometry": {"type": "LineString", "coordinates": [[10.204644864425388, 53.489123617812666], [10.204644864425388, 53.489123617812666], [10.204644864425388, 53.489123617812666]]}, "properties": {"object_id": "7365944a-4c4e-41f3-945f-0b92f864fa75", "type": "HandRail_Pole", "height": 99, "material": "metal"}}, {"type": "Feature", "geometry": {"type": "LineString", "coordinates": [[10.204680565726802, 53.4891400005092], [10.204680565726802, 53.4891400005092], [10.204680565726802, 53.4891400005092]]}, "properties": {"object_id": "d29a52c1-1885-4994-8e2e-1400e1becc81", "type": "HandRail_Pole", "height": 100, "material": "metal"}}, {"type": "Feature", "geometry": {"type": "LineString", "coordinates": [[10.20470287259247, 53.489150286596754], [10.20470287259247, 53.489150286596754], [10.20470287259247, 53.489150286596754]]}, "properties": {"object_id": "6d955abd-bd25-43c4-9f29-79324fdf290e", "type": "HandRail_Pole", "height": 100, "material": "metal"}}, {"type": "Feature", "geometry": {"type": "LineString", "coordinates": [[10.204721595162036, 53.48915890293734], [10.204721595162036, 53.48915890293734], [10.204721595162036, 53.48915890293734]]}, "properties": {"object_id": "71787021-0b17-4b8b-8b8d-e11df5ee4175", "type": "HandRail_Pole", "height": 100, "material": "metal"}}, {"type": "Feature", "geometry": {"type": "LineString", "coordinates": [[10.20474039872327, 53.48916755654469], [10.20474039872327, 53.48916755654469], [10.20474039872327, 53.48916755654469]]}, "properties": {"object_id": "e5867360-a9f3-4e95-b732-1de9c36d447e", "type": "HandRail_Pole", "height": 101, "material": "metal"}}, {"type": "Feature", "geometry": {"type": "LineString", "coordinates": [[10.204792818467503, 53.48919169384842], [10.204792818467503, 53.48919169384842], [10.204792818467503, 53.48919169384842]]}, "properties": {"object_id": "9bee44dc-e330-4c18-b5b9-778af6f3c4e1", "type": "HandRail_Pole", "height": 101, "material": "metal"}}, {"type": "Feature", "geometry": {"type": "LineString", "coordinates": [[10.204759073316655, 53.489176150793156], [10.204759073316655, 53.489176150793156], [10.204759073316655, 53.489176150793156]]}, "properties": {"object_id": "21076919-005f-4e04-b024-eac8e3646379", "type": "HandRail_Pole", "height": 101, "material": "metal"}}, {"type": "Feature", "geometry": {"type": "LineString", "coordinates": [[10.207121430430542, 53.49030572951938], [10.207121430430542, 53.49030572951938]]}, "properties": {"object_id": "3e69f6ea-f8b4-4e18-99b9-38d85ff8722a", "type": "SignalPole_Pole", "height": 175, "material": "metal"}}, {"type": "Feature", "geometry": {"type": "LineString", "coordinates": [[10.209931265154411, 53.49156051246315], [10.209931265154411, 53.49156051246316]]}, "properties": {"object_id": "3ba73e3e-1e3c-466a-a68a-2fe8b127afcb", "type": "SignalPole_Pole", "height": 109, "material": "metal"}}, {"type": "Feature", "geometry": {"type": "LineString", "coordinates": [[10.204028996847757, 53.48899259532417], [10.204028996847757, 53.48899259532418]]}, "properties": {"object_id": "53e37ff4-38ad-43dc-bf30-814466ee458d", "type": "SignalPole_Pole", "height": 109, "material": "metal"}}, {"type": "Feature", "geometry": {"type": "LineString", "coordinates": [[10.204090203225158, 53.4888567120201], [10.204090203225158, 53.48885671202011]]}, "properties": {"object_id": "5f880327-db3c-45da-a1c7-398a56208a92", "type": "SignalPole_Pole", "height": 109, "material": "metal"}}, {"type": "Feature", "geometry": {"type": "LineString", "coordinates": [[10.199562754379802, 53.48749268851712], [10.199562754379802, 53.48749268851712]]}, "properties": {"object_id": "298fbd85-79e8-47d6-8daa-d27e82a61452", "type": "SignalPole_Pole", "height": 109, "material": "metal"}}, {"type": "Feature", "geometry": {"type": "LineString", "coordinates": [[10.199606315452508, 53.487417026377635], [10.19960631545251, 53.487417026377635]]}, "properties": {"object_id": "33ceb9ac-a36b-49c0-9696-8403781687c8", "type": "SignalPole_Pole", "height": 109, "material": "metal"}}, {"type": "Feature", "geometry": {"type": "LineString", "coordinates": [[10.196183881808205, 53.486958376563614], [10.196183881808203, 53.48695837656359]]}, "properties": {"object_id": "6ca79710-344f-4e77-9cea-da1395eb7c4c", "type": "SignalPole_Pole", "height": 110, "material": "metal"}}, {"type": "Feature", "geometry": {"type": "LineString", "coordinates": [[10.204662743795716, 53.48913182234279], [10.204662743795716, 53.48913182234279], [10.204662743795716, 53.48913182234279]]}, "properties": {"object_id": "24b6f592-aafc-4b7f-8d3b-3015f8d7833c", "type": "HandRail_Pole", "height": 99, "material": "metal"}}, {"type": "Feature", "geometry": {"type": "LineString", "coordinates": [[10.204576363751144, 53.48909220947396], [10.204576363751144, 53.48909220947396], [10.204576363751144, 53.48909220947395]]}, "properties": {"object_id": "c1e2b535-9b78-4961-a659-8f4c607c53d7", "type": "HandRail_Pole", "height": 99, "material": "metal"}}, {"type": "Feature", "geometry": {"type": "LineString", "coordinates": [[10.204558601473847, 53.48908406229612], [10.204558601473847, 53.48908406229612], [10.204558601473847, 53.48908406229613]]}, "properties": {"object_id": "8d97e8ba-0347-46a8-8cc9-6fdec06160a3", "type": "HandRail_Pole", "height": 98, "material": "metal"}}, {"type": "Feature", "geometry": {"type": "LineString", "coordinates": [[10.20455433901109, 53.489082107194484], [10.20455433901109, 53.489082107194484]]}, "properties": {"object_id": "af2c7623-cfc4-43bf-908f-e890989cabe8", "type": "HandRail_Pole", "height": 47, "material": "metal"}}, {"type": "Feature", "geometry": {"type": "LineString", "coordinates": [[10.20453396991975, 53.48907256921119], [10.20453396991975, 53.48907256921119]]}, "properties": {"object_id": "ca81bafa-9926-4705-9218-9e3800e07a04", "type": "HandRail_Pole", "height": 47, "material": "metal"}}, {"type": "Feature", "geometry": {"type": "LineString", "coordinates": [[10.204172260331996, 53.488900614667145], [10.204172260331996, 53.488900614667145], [10.204172260331998, 53.488900614667145]]}, "properties": {"object_id": "80fe593f-6e42-46c0-9e10-ec2a00c1289e", "type": "HandRail_Pole", "height": 98, "material": "metal"}}, {"type": "Feature", "geometry": {"type": "LineString", "coordinates": [[10.204515955318143, 53.489064282407284], [10.204515955318143, 53.489064282407284], [10.204515955318142, 53.489064282407284]]}, "properties": {"object_id": "ec2adfbd-53ce-4e83-a364-4da3f8b187e9", "type": "HandRail_Pole", "height": 97, "material": "metal"}}, {"type": "Feature", "geometry": {"type": "LineString", "coordinates": [[10.20450208235076, 53.489057900771066], [10.20450208234945, 53.48905790077047], [10.20450208234945, 53.48905790077047]]}, "properties": {"object_id": "12274b60-09de-4ce7-af9e-7460f9a5d388", "type": "HandRail_Pole", "height": 97, "material": "metal"}}, {"type": "Feature", "geometry": {"type": "LineString", "coordinates": [[10.204488176757275, 53.489051504123125], [10.204488176757275, 53.489051504123125], [10.204488176757275, 53.489051504123125]]}, "properties": {"object_id": "29992957-51ee-47d1-bfed-f590d2bfce9a", "type": "HandRail_Pole", "height": 97, "material": "metal"}}, {"type": "Feature", "geometry": {"type": "LineString", "coordinates": [[10.204473154291913, 53.48904463568824], [10.204473154291913, 53.48904463568824], [10.204473154291913, 53.48904463568824]]}, "properties": {"object_id": "52925086-7273-4412-8e9f-e3ab01c03e68", "type": "HandRail_Pole", "height": 97, "material": "metal"}}, {"type": "Feature", "geometry": {"type": "LineString", "coordinates": [[10.204442494758995, 53.48903054642939], [10.204442494758995, 53.48903054642939], [10.204442494758997, 53.48903054642938]]}, "properties": {"object_id": "36010d0f-086f-45c6-84a2-06eb3e990449", "type": "HandRail_Pole", "height": 96, "material": "metal"}}, {"type": "Feature", "geometry": {"type": "LineString", "coordinates": [[10.204409080224057, 53.489015411018556], [10.204409080224057, 53.489015411018556]]}, "properties": {"object_id": "5bc44923-7749-431e-bfcc-25e13b0e90c4", "type": "HandRail_Pole", "height": 47, "material": "metal"}}, {"type": "Feature", "geometry": {"type": "LineString", "coordinates": [[10.204404794728518, 53.48901343510441], [10.204404794728518, 53.48901343510441], [10.204404794728518, 53.48901343510441]]}, "properties": {"object_id": "c1caf060-4780-4cbd-b327-356c7e860fc4", "type": "HandRail_Pole", "height": 96, "material": "metal"}}, {"type": "Feature", "geometry": {"type": "LineString", "coordinates": [[10.204291551593391, 53.48896142427529], [10.204291551593391, 53.48896142427529], [10.204291551593393, 53.488961424275274]]}, "properties": {"object_id": "a97339fe-3fd0-4b3f-9be8-219333724799", "type": "HandRail_Pole", "height": 94, "material": "metal"}}, {"type": "Feature", "geometry": {"type": "LineString", "coordinates": [[10.204307911515707, 53.488968928057524], [10.204307911515707, 53.488968928057524], [10.204307911515707, 53.488968928057524]]}, "properties": {"object_id": "32ff0301-3a18-4cf5-a4db-199b1c220b79", "type": "HandRail_Pole", "height": 95, "material": "metal"}}, {"type": "Feature", "geometry": {"type": "LineString", "coordinates": [[10.20484885977724, 53.48921737970963], [10.20484885977724, 53.48921737970963]]}, "properties": {"object_id": "90528c45-6f67-472e-b1e6-f53cfbc90344", "type": "HandRail_Pole", "height": 47, "material": "metal"}}, {"type": "Feature", "geometry": {"type": "LineString", "coordinates": [[10.204684746585333, 53.489141919029784], [10.204684746585333, 53.489141919029784]]}, "properties": {"object_id": "e5aac912-323b-491e-8241-d0a4b4221008", "type": "HandRail_Pole", "height": 47, "material": "metal"}}, {"type": "Feature", "geometry": {"type": "LineString", "coordinates": [[10.204287328284636, 53.488959487175464], [10.204287328284636, 53.488959487175464]]}, "properties": {"object_id": "f356a364-28d0-4f61-9585-5139c85a0cbb", "type": "HandRail_Pole", "height": 47, "material": "metal"}}, {"type": "Feature", "geometry": {"type": "LineString", "coordinates": [[10.204324280976945, 53.488976436210045], [10.204324281064245, 53.4889764362501], [10.204324281064245, 53.4889764362501]]}, "properties": {"object_id": "695da537-4807-4992-a9c1-72e223d36872", "type": "HandRail_Pole", "height": 95, "material": "metal"}}, {"type": "Feature", "geometry": {"type": "LineString", "coordinates": [[10.204340606514426, 53.48898392421122], [10.204340606514426, 53.48898392421122], [10.204340606514426, 53.48898392421122]]}, "properties": {"object_id": "8a91af22-d59b-40ba-a600-401d59c212e4", "type": "HandRail_Pole", "height": 95, "material": "metal"}}, {"type": "Feature", "geometry": {"type": "LineString", "coordinates": [[10.204388458801668, 53.48900590309279], [10.204388458905301, 53.48900590314056], [10.204388458905301, 53.48900590314056]]}, "properties": {"object_id": "b31ce1ef-55f9-4901-8a56-72f411028e35", "type": "HandRail_Pole", "height": 96, "material": "metal"}}, {"type": "Feature", "geometry": {"type": "LineString", "coordinates": [[10.204372152538863, 53.48899838475347], [10.204372152538863, 53.48899838475347], [10.204372152538866, 53.488998384753465]]}, "properties": {"object_id": "c8a689a9-e85a-4b99-a99e-ced83e639a92", "type": "HandRail_Pole", "height": 96, "material": "metal"}}, {"type": "Feature", "geometry": {"type": "LineString", "coordinates": [[10.204355892554883, 53.48899088774702], [10.204355892554883, 53.48899088774702], [10.204355892554883, 53.48899088774702]]}, "properties": {"object_id": "b1620703-80e5-4820-b9e0-9d996669292d", "type": "HandRail_Pole", "height": 96, "material": "metal"}}, {"type": "Feature", "geometry": {"type": "LineString", "coordinates": [[10.204181813278545, 53.488892851151114], [10.204181813278545, 53.488892851151114], [10.204181813278545, 53.488892851151114]]}, "properties": {"object_id": "5c92e0ae-94fd-4e23-9f59-0812d6ae7d48", "type": "HandRail_Pole", "height": 99, "material": "metal"}}, {"type": "Feature", "geometry": {"type": "LineString", "coordinates": [[10.204161063245634, 53.48890971434286], [10.204161063245634, 53.48890971434286], [10.204161063245634, 53.48890971434286]]}, "properties": {"object_id": "44eab566-1c6d-41d9-a92c-d75d478dc4f7", "type": "HandRail_Pole", "height": 103, "material": "metal"}}, {"type": "Feature", "geometry": {"type": "LineString", "coordinates": [[10.204132728285906, 53.48891187634814], [10.204132728285906, 53.48891187634814], [10.204132728285906, 53.48891187634814]]}, "properties": {"object_id": "b0dcba26-4d97-430c-8b72-566bb80ad36c", "type": "HandRail_Pole", "height": 108, "material": "metal"}}, {"type": "Feature", "geometry": {"type": "LineString", "coordinates": [[10.204149245307416, 53.488919289317465], [10.204149245307416, 53.488919289317465], [10.204149245307416, 53.488919289317465]]}, "properties": {"object_id": "a1e4931e-662e-4b28-a3c6-a0910e732f3b", "type": "HandRail_Pole", "height": 104, "material": "metal"}}, {"type": "Feature", "geometry": {"type": "LineString", "coordinates": [[10.204147618370774, 53.48891954240846], [10.204147618370774, 53.48891954240846], [10.204147618370774, 53.48891954240846]]}, "properties": {"object_id": "15726601-3a09-4cb4-82ec-351d24f8dcd4", "type": "HandRail_Pole", "height": 105, "material": "metal"}}, {"type": "Feature", "geometry": {"type": "LineString", "coordinates": [[10.204137376078238, 53.488927636243346], [10.204137376078238, 53.488927636243346], [10.204137376078238, 53.488927636243346]]}, "properties": {"object_id": "98a7dcaa-e5d1-4057-8edc-78e02d93c7f5", "type": "HandRail_Pole", "height": 106, "material": "metal"}}, {"type": "Feature", "geometry": {"type": "LineString", "coordinates": [[10.209579044142703, 53.491349692531855], [10.209579044142703, 53.491349692531855], [10.209579044142703, 53.491349692531855]]}, "properties": {"object_id": "a61ce24b-ade7-4a86-a4ab-91fccb24f7f5", "type": "HandRail_Pole", "height": 143, "material": "metal"}}, {"type": "Feature", "geometry": {"type": "LineString", "coordinates": [[10.209564700670018, 53.49137753411221], [10.209564700670018, 53.49137753411221], [10.209564700670018, 53.49137753411221]]}, "properties": {"object_id": "3b1c0a16-a6af-48c3-b778-9844fbb6ee1d", "type": "HandRail_Pole", "height": 108, "material": "metal"}}, {"type": "Feature", "geometry": {"type": "LineString", "coordinates": [[10.209559863214592, 53.491362917901576], [10.209559863214592, 53.491362917901576], [10.209559863214592, 53.491362917901576]]}, "properties": {"object_id": "d371e954-6e0f-488d-aacd-b1a5d557c870", "type": "HandRail_Pole", "height": 138, "material": "metal"}}, {"type": "Feature", "geometry": {"type": "LineString", "coordinates": [[10.207127906422807, 53.49033125277251], [10.207127906422807, 53.49033125277251], [10.207127906422807, 53.49033125277251]]}, "properties": {"object_id": "1448f4bf-3bb9-454b-a8f7-905a3dc18c0d", "type": "HandRail_Pole", "height": 107, "material": "metal"}}, {"type": "Feature", "geometry": {"type": "LineString", "coordinates": [[10.206687451282189, 53.49016764116856], [10.206687451282189, 53.49016764116856], [10.206687451282189, 53.49016764116856]]}, "properties": {"object_id": "8591067a-9215-4cee-bd59-93b90af8a01f", "type": "HandRail_Pole", "height": 97, "material": "metal"}}, {"type": "Feature", "geometry": {"type": "LineString", "coordinates": [[10.204457822215147, 53.48903758999929], [10.204457822215147, 53.48903758999929], [10.204457822215147, 53.48903758999929]]}, "properties": {"object_id": "877bb566-a4fe-4261-9fb1-7f21c39e17f3", "type": "HandRail_Pole", "height": 97, "material": "metal"}}, {"type": "Feature", "geometry": {"type": "LineString", "coordinates": [[10.206705558342417, 53.49015426913112], [10.206705558342417, 53.49015426913112]]}, "properties": {"object_id": "f0f9b8cf-d2d7-44c0-ab94-7700d6f48c9e", "type": "HandRail_Pole", "height": 45, "material": "metal"}}, {"type": "Feature", "geometry": {"type": "LineString", "coordinates": [[10.206705558342417, 53.49015426913112], [10.206705558342417, 53.49015426913112]]}, "properties": {"object_id": "95f0762a-cf3b-4b4a-8ff7-ac67f4ed7889", "type": "HandRail_Pole", "height": 51, "material": "metal"}}, {"type": "Feature", "geometry": {"type": "LineString", "coordinates": [[10.206370336490718, 53.48996160700416], [10.206370336490718, 53.48996160700416], [10.206370336490718, 53.48996160700416]]}, "properties": {"object_id": "ed5a9bcf-ce13-4af3-83c7-652ac1eb5cb4", "type": "HandRail_Pole", "height": 94, "material": "metal"}}, {"type": "Feature", "geometry": {"type": "LineString", "coordinates": [[10.207102056194028, 53.49031836333322], [10.207102056194028, 53.49031836333322], [10.207102056194028, 53.49031836333322]]}, "properties": {"object_id": "952dbc6e-a839-4d7e-8921-7ab460327817", "type": "HandRail_Pole", "height": 94, "material": "metal"}}, {"type": "Feature", "geometry": {"type": "LineString", "coordinates": [[10.206372486429695, 53.48996268817021], [10.206372486429695, 53.48996268817021], [10.206372486429695, 53.48996268817021]]}, "properties": {"object_id": "03e0034c-4394-4633-bb43-0446a049a1ec", "type": "HandRail_Pole", "height": 94, "material": "metal"}}, {"type": "Feature", "geometry": {"type": "LineString", "coordinates": [[10.206374513410706, 53.48996120096215], [10.206374513410706, 53.48996120096215]]}, "properties": {"object_id": "f5666219-7027-44eb-a3a9-2c3b51e98546", "type": "HandRail_Pole", "height": 21, "material": "metal"}}, {"type": "Feature", "geometry": {"type": "LineString", "coordinates": [[10.209550159545818, 53.49136996573644], [10.209550159545818, 53.49136996573644], [10.209550159545818, 53.49136996573644]]}, "properties": {"object_id": "5f057625-c999-423e-803b-d2a3a46e8ff0", "type": "HandRail_Pole", "height": 93, "material": "metal"}}, {"type": "Feature", "geometry": {"type": "LineString", "coordinates": [[10.206354137488033, 53.48995346081101], [10.206354137488033, 53.48995346081101], [10.206354137488033, 53.48995346081101]]}, "properties": {"object_id": "84ae8274-541f-4db7-859b-ba11f85eb399", "type": "HandRail_Pole", "height": 93, "material": "metal"}}, {"type": "Feature", "geometry": {"type": "LineString", "coordinates": [[10.206337638016805, 53.489945163512], [10.206337638016805, 53.489945163512], [10.206337638016805, 53.489945163512]]}, "properties": {"object_id": "fd72ab5d-e8eb-40d1-91c3-abd3ade7e5f3", "type": "HandRail_Pole", "height": 92, "material": "metal"}}, {"type": "Feature", "geometry": {"type": "LineString", "coordinates": [[10.206321172658356, 53.48993688336218], [10.206321172658356, 53.48993688336218], [10.206321172658356, 53.48993688336218]]}, "properties": {"object_id": "52386f0f-6364-4251-b67b-e6cab34d8433", "type": "HandRail_Pole", "height": 91, "material": "metal"}}, {"type": "Feature", "geometry": {"type": "LineString", "coordinates": [[10.206304860888705, 53.489928680444095], [10.206304860888705, 53.489928680444095], [10.206304860888705, 53.489928680444095]]}, "properties": {"object_id": "536d5f5b-683e-4271-8cfc-9cd46a3626c9", "type": "HandRail_Pole", "height": 90, "material": "metal"}}, {"type": "Feature", "geometry": {"type": "LineString", "coordinates": [[10.206288359606582, 53.48992038221783], [10.206288359606582, 53.48992038221783], [10.206288359606582, 53.48992038221783]]}, "properties": {"object_id": "8e9bfe26-8903-43b5-8e1b-60d6ef72bd7c", "type": "HandRail_Pole", "height": 90, "material": "metal"}}, {"type": "Feature", "geometry": {"type": "LineString", "coordinates": [[10.206272118858283, 53.48991221500435], [10.206272118858283, 53.48991221500435], [10.206272118858283, 53.48991221500435]]}, "properties": {"object_id": "c3a4bd6c-9c84-4514-a804-7dabec6a3284", "type": "HandRail_Pole", "height": 90, "material": "metal"}}, {"type": "Feature", "geometry": {"type": "LineString", "coordinates": [[10.206272446805317, 53.4899097978613], [10.206272446805317, 53.4899097978613], [10.206272446805317, 53.4899097978613]]}, "properties": {"object_id": "05f00919-2b6b-418c-912b-d2ad3d4008c1", "type": "HandRail_Pole", "height": 90, "material": "metal"}}, {"type": "Feature", "geometry": {"type": "LineString", "coordinates": [[10.206281212867864, 53.489903428251864], [10.206281212867864, 53.489903428251864], [10.206281212867864, 53.489903428251864]]}, "properties": {"object_id": "aff9284a-6fab-44a7-a1d8-b2719e6fa6dc", "type": "HandRail_Pole", "height": 90, "material": "metal"}}, {"type": "Feature", "geometry": {"type": "LineString", "coordinates": [[10.206290044120767, 53.48989701127118], [10.206290044120767, 53.48989701127118], [10.206290044120767, 53.48989701127118]]}, "properties": {"object_id": "e61029a7-9afd-416d-93e9-78a1a626689e", "type": "HandRail_Pole", "height": 90, "material": "metal"}}, {"type": "Feature", "geometry": {"type": "LineString", "coordinates": [[10.206374060158364, 53.489963479570285], [10.206374060158364, 53.489963479570285]]}, "properties": {"object_id": "97d98406-20af-4501-9157-42219572f1ea", "type": "HandRail_Pole", "height": 20, "material": "metal"}}, {"type": "Feature", "geometry": {"type": "LineString", "coordinates": [[10.206290526825702, 53.48989666052718], [10.206290526825702, 53.48989666052718]]}, "properties": {"object_id": "8a60b352-7343-4732-aa14-fff717483484", "type": "HandRail_Pole", "height": 20, "material": "metal"}}, {"type": "Feature", "geometry": {"type": "LineString", "coordinates": [[10.205448907584492, 53.48930121652461], [10.205448907584492, 53.48930121652461], [10.205448907584492, 53.48930121652461]]}, "properties": {"object_id": "dfee2502-630d-4b75-aa49-3dc92331dca0", "type": "HandRail_Pole", "height": 95, "material": "metal"}}, {"type": "Feature", "geometry": {"type": "LineString", "coordinates": [[10.205461704647258, 53.48930727773069], [10.205461704647258, 53.48930727773069], [10.205461704647258, 53.48930727773069]]}, "properties": {"object_id": "5649e9bc-6bc8-44a9-92a5-f4c44a4001c8", "type": "HandRail_Pole", "height": 90, "material": "metal"}}, {"type": "Feature", "geometry": {"type": "LineString", "coordinates": [[10.205451751526216, 53.4893169565339], [10.205451751526216, 53.4893169565339], [10.205451751526216, 53.4893169565339]]}, "properties": {"object_id": "5a89c4fb-4e1d-4eeb-a452-71cd69255eb0", "type": "HandRail_Pole", "height": 123, "material": "metal"}}, {"type": "Feature", "geometry": {"type": "LineString", "coordinates": [[10.205432028149264, 53.48933120344837], [10.205432028149264, 53.48933120344837], [10.205432028149264, 53.48933120344837]]}, "properties": {"object_id": "ffb1b828-f8ec-4d29-a028-11df0ed046e9", "type": "HandRail_Pole", "height": 123, "material": "metal"}}, {"type": "Feature", "geometry": {"type": "Polygon", "coordinates": [[[10.197745271715336, 53.48692729617144], [10.197743566679886, 53.486926795000834], [10.19774281235373, 53.486928749190994], [10.197743493664422, 53.486931902467695], [10.197745271715336, 53.48692729617144]]]}, "properties": {"object_id": "a53a2f5f-7a5a-4ada-bc45-02eadbd1973e", "type": "CatenaryPole_Pole", "height": 1091, "material": "metal"}}, {"type": "Feature", "geometry": {"type": "Polygon", "coordinates": [[[10.197692070555822, 53.487059101975994], [10.197692028422674, 53.48705944333476], [10.197691222292482, 53.487061390278015], [10.197690170395488, 53.4870636911902], [10.197692070555822, 53.487059101975994]]]}, "properties": {"object_id": "50744f15-0a70-4a72-b659-c150c1c47dec", "type": "CatenaryPole_Pole", "height": 1091, "material": "metal"}}, {"type": "Feature", "geometry": {"type": "Polygon", "coordinates": [[[10.199769920405469, 53.48729569200442], [10.199769107072763, 53.4872956181104], [10.19976810722614, 53.487297208412635], [10.199767551718887, 53.487299459509806], [10.199769920405469, 53.48729569200442]]]}, "properties": {"object_id": "a6af3d9a-15b2-4b80-b6ff-54dec55eecc0", "type": "CatenaryPole_Pole", "height": 931, "material": "metal"}}, {"type": "Feature", "geometry": {"type": "Polygon", "coordinates": [[[10.199685543753185, 53.487426234228515], [10.199685623487966, 53.48742698928074], [10.199684547084454, 53.48742856177018], [10.199682547969717, 53.48743061068908], [10.199685543753185, 53.487426234228515]]]}, "properties": {"object_id": "68252e43-cf2f-4173-96f9-1e87805b6edf", "type": "CatenaryPole_Pole", "height": 1212, "material": "metal"}}, {"type": "Feature", "geometry": {"type": "Polygon", "coordinates": [[[10.200686366622756, 53.48750951932292], [10.2006871241129, 53.48750858470989], [10.200686033449434, 53.48751015331484], [10.2006834815283, 53.48751366869903], [10.200686366622756, 53.48750951932292]]]}, "properties": {"object_id": "f3fad5a8-cdb4-41e1-8983-aca1640bf035", "type": "CatenaryPole_Pole", "height": 1118, "material": "metal"}}, {"type": "Feature", "geometry": {"type": "Polygon", "coordinates": [[[10.200596860481873, 53.48764181074755], [10.200595845977102, 53.48764228751346], [10.200594804960318, 53.4876438684588], [10.200594106716345, 53.48764599276728], [10.200596860481873, 53.48764181074755]]]}, "properties": {"object_id": "2f7d49ec-a527-4e0e-8bb6-b932fa2e07d7", "type": "CatenaryPole_Pole", "height": 1118, "material": "metal"}}, {"type": "Feature", "geometry": {"type": "Polygon", "coordinates": [[[10.198698963004686, 53.487226529049614], [10.198697320993883, 53.487229667741566], [10.198702382426665, 53.48723060964373], [10.198704024437133, 53.487227470951716], [10.198698963004686, 53.487226529049614]]]}, "properties": {"object_id": "ae979740-265e-4e7a-b7d6-2c84a8d40e73", "type": "CatenaryPole_Pole", "height": 1257, "material": "metal"}}, {"type": "Feature", "geometry": {"type": "Polygon", "coordinates": [[[10.19869621243451, 53.4872251723499], [10.198693473905502, 53.48723040702778], [10.198704998972657, 53.487232551773374], [10.198707737500383, 53.487227317095275], [10.19869621243451, 53.4872251723499]]]}, "properties": {"object_id": "a3d7d915-93f7-4977-800e-c427307a18d1", "type": "CatenaryPole_Pole", "height": 1257, "material": "metal"}}, {"type": "Feature", "geometry": {"type": "Polygon", "coordinates": [[[10.198696212434509, 53.487225172349916], [10.198698963004691, 53.487226529049614], [10.198697320993881, 53.487229667741566], [10.198693473905502, 53.487230407027766], [10.198696212434509, 53.487225172349916]]]}, "properties": {"object_id": "3d55365d-99c5-408b-bb27-4fd9a469b2e9", "type": "CatenaryPole_Pole", "height": 1257, "material": "metal"}}, {"type": "Feature", "geometry": {"type": "Polygon", "coordinates": [[[10.198698963004698, 53.487226529049614], [10.198696212434522, 53.4872251723499], [10.1987077375004, 53.48722731709528], [10.198704024437141, 53.48722747095172], [10.198698963004698, 53.487226529049614]]]}, "properties": {"object_id": "0dd108e2-c626-433c-abff-8d59ac2cbdf4", "type": "CatenaryPole_Pole", "height": 1257, "material": "metal"}}, {"type": "Feature", "geometry": {"type": "Polygon", "coordinates": [[[10.198702382426655, 53.48723060964373], [10.198704998972648, 53.48723255177336], [10.19870773750037, 53.487227317095254], [10.198704024437124, 53.48722747095172], [10.198702382426655, 53.48723060964373]]]}, "properties": {"object_id": "3c78a40e-3671-4d6c-bd45-95550945a8e0", "type": "CatenaryPole_Pole", "height": 1257, "material": "metal"}}, {"type": "Feature", "geometry": {"type": "Polygon", "coordinates": [[[10.198704998972664, 53.487232551773374], [10.198693473905495, 53.487230407027766], [10.198697320993896, 53.48722966774156], [10.198702382426676, 53.48723060964374], [10.198704998972664, 53.487232551773374]]]}, "properties": {"object_id": "6611c5b8-b897-4c4b-83e7-781ad0dc1eba", "type": "CatenaryPole_Pole", "height": 1257, "material": "metal"}}, {"type": "Feature", "geometry": {"type": "Polygon", "coordinates": [[[10.201423832405355, 53.48779106014846], [10.201425792208314, 53.487789965186344], [10.201424464951316, 53.48779146729468], [10.201420387177594, 53.48779495924604], [10.201423832405355, 53.48779106014846]]]}, "properties": {"object_id": "5b6cc8ac-87e1-42fe-9e15-3526ba348309", "type": "CatenaryPole_Pole", "height": 1085, "material": "metal"}}, {"type": "Feature", "geometry": {"type": "Polygon", "coordinates": [[[10.203824307319884, 53.48860801737968], [10.203822545852223, 53.4886096465946], [10.203819259656854, 53.48861166459416], [10.203823265432032, 53.488607959576846], [10.203824307319884, 53.48860801737968]]]}, "properties": {"object_id": "3d376370-3368-4777-817b-1117071b4a41", "type": "CatenaryPole_Pole", "height": 1002, "material": "metal"}}, {"type": "Feature", "geometry": {"type": "Polygon", "coordinates": [[[10.203110603558963, 53.48833646028169], [10.20310886683386, 53.488338099115815], [10.203107530943564, 53.48833975728604], [10.203111480451177, 53.48833603039356], [10.203110603558963, 53.48833646028169]]]}, "properties": {"object_id": "10a6e2a4-56fb-4875-a470-79eb85b8f4e0", "type": "CatenaryPole_Pole", "height": 1002, "material": "metal"}}, {"type": "Feature", "geometry": {"type": "Polygon", "coordinates": [[[10.196664706170164, 53.48692292009451], [10.196664976945785, 53.48692333921414], [10.196664336192248, 53.48692530790031], [10.19666318351983, 53.486927598368275], [10.196664706170164, 53.48692292009451]]]}, "properties": {"object_id": "dc6a8a65-5277-4b53-bd67-6a9574c6851b", "type": "CatenaryPole_Pole", "height": 1106, "material": "metal"}}, {"type": "Feature", "geometry": {"type": "Polygon", "coordinates": [[[10.196704845564913, 53.48678920902946], [10.196702951439564, 53.48678750654725], [10.196702344957687, 53.486789478493876], [10.196703404980456, 53.48679389302069], [10.196704845564913, 53.48678920902946]]]}, "properties": {"object_id": "ee1f1a8a-46b2-44f1-9f5e-75a223548444", "type": "CatenaryPole_Pole", "height": 1106, "material": "metal"}}, {"type": "Feature", "geometry": {"type": "MultiPolygon", "coordinates": [[[[10.198761599997242, 53.487095677954834], [10.198763242491845, 53.487092540123676], [10.198768303735585, 53.48709348183988], [10.19876666124132, 53.487096619671135], [10.198761599997242, 53.487095677954834]]], [[[10.198763242491845, 53.487092540123676], [10.198768303735585, 53.48709348183988], [10.198768303738367, 53.48709348185244], [10.198763242494625, 53.487092540136224], [10.198763242491845, 53.487092540123676]]], [[[10.198761599997242, 53.487095677954834], [10.198761600000026, 53.487095677967396], [10.198763242494625, 53.487092540136224], [10.198763242491845, 53.487092540123676], [10.198761599997242, 53.487095677954834]]], [[[10.19876666124132, 53.487096619671135], [10.198766661244102, 53.48709661968367], [10.198761600000026, 53.487095677967396], [10.198761599997242, 53.487095677954834], [10.19876666124132, 53.487096619671135]]], [[[10.198768303735585, 53.48709348183988], [10.19876666124132, 53.487096619671135], [10.198766661244102, 53.48709661968367], [10.198768303738367, 53.48709348185244], [10.198768303735585, 53.48709348183988]]], [[[10.198763242494625, 53.487092540136224], [10.198761600000026, 53.487095677967396], [10.198766661244102, 53.48709661968367], [10.198768303738367, 53.48709348185244], [10.198763242494625, 53.487092540136224]]]]}, "properties": {"object_id": "1d898b81-dd0b-440e-ba2c-6378ba2662ec", "type": "CatenaryPole_Pole", "height": 1095, "material": "metal"}}, {"type": "Feature", "geometry": {"type": "Polygon", "coordinates": [[[10.19876141135689, 53.48709339636139], [10.198772106083611, 53.487095386266915], [10.198769507585009, 53.48710035045528], [10.198758812857148, 53.48709836054955], [10.19876141135689, 53.48709339636139]]]}, "properties": {"object_id": "77e9b9b2-1384-4e63-918e-9f6422ceabff", "type": "CatenaryPole_Pole", "height": 1095, "material": "metal"}}, {"type": "Feature", "geometry": {"type": "Polygon", "coordinates": [[[10.198761411356898, 53.48709339636138], [10.19876324249464, 53.48709254013625], [10.198761600000035, 53.48709567796741], [10.198758812857172, 53.487098360549524], [10.198761411356898, 53.48709339636138]]]}, "properties": {"object_id": "b4582244-81aa-4c06-bbdd-944e47df3ead", "type": "CatenaryPole_Pole", "height": 1095, "material": "metal"}}, {"type": "Feature", "geometry": {"type": "Polygon", "coordinates": [[[10.198769507585, 53.48710035045528], [10.198766661244095, 53.48709661968371], [10.198761600000019, 53.487095677967424], [10.198758812857152, 53.487098360549545], [10.198769507585, 53.48710035045528]]]}, "properties": {"object_id": "de99a04b-e32f-49e2-b356-9013828b6e13", "type": "CatenaryPole_Pole", "height": 1095, "material": "metal"}}, {"type": "Feature", "geometry": {"type": "Polygon", "coordinates": [[[10.198761411356895, 53.48709339636138], [10.198763242494632, 53.48709254013625], [10.19876830373837, 53.487093481852455], [10.198772106083606, 53.487095386266915], [10.198761411356895, 53.48709339636138]]]}, "properties": {"object_id": "ec1e9d7d-1f36-474a-aca2-5121e5088ee7", "type": "CatenaryPole_Pole", "height": 1095, "material": "metal"}}, {"type": "Feature", "geometry": {"type": "Polygon", "coordinates": [[[10.198769507585013, 53.48710035045526], [10.19877210608361, 53.4870953862669], [10.198768303738369, 53.48709348185244], [10.198766661244095, 53.487096619683705], [10.198769507585013, 53.48710035045526]]]}, "properties": {"object_id": "bbf13805-6387-4a5a-af5c-89b2e8da0f63", "type": "CatenaryPole_Pole", "height": 1095, "material": "metal"}}, {"type": "Feature", "geometry": {"type": "Polygon", "coordinates": [[[10.205428736798456, 53.489183207200774], [10.205424401537048, 53.489186484699424], [10.205426551218446, 53.489183351298564], [10.205428314787717, 53.489182018023385], [10.205428736798456, 53.489183207200774]]]}, "properties": {"object_id": "35c8cfc5-4dea-44a0-844a-4c5b83fd2229", "type": "CatenaryPole_Pole", "height": 1005, "material": "metal"}}, {"type": "Feature", "geometry": {"type": "Polygon", "coordinates": [[[10.20778214263064, 53.49034483212974], [10.207777415253743, 53.49034822177074], [10.207778765198926, 53.490347138968424], [10.207780586397789, 53.49034583312579], [10.20778214263064, 53.49034483212974]]]}, "properties": {"object_id": "e03172be-b875-478a-b1ec-c00afa82994d", "type": "CatenaryPole_Pole", "height": 1100, "material": "metal"}}, {"type": "Feature", "geometry": {"type": "Polygon", "coordinates": [[[10.206164212774128, 53.48952790727119], [10.206165214395286, 53.48952872380431], [10.206163451070747, 53.48953005753058], [10.206159635624267, 53.489531369291015], [10.206164212774128, 53.48952790727119]]]}, "properties": {"object_id": "7921fd10-5b31-45c1-9932-61fb81fa7adb", "type": "CatenaryPole_Pole", "height": 1100, "material": "metal"}}, {"type": "Feature", "geometry": {"type": "Polygon", "coordinates": [[[10.205323318799213, 53.48926465308866], [10.20532300641698, 53.489263419126125], [10.205321335871707, 53.48926479433825], [10.20531898248103, 53.48926822279545], [10.205323318799213, 53.48926465308866]]]}, "properties": {"object_id": "bcea6455-0466-4d3e-bd1e-59248c1da183", "type": "CatenaryPole_Pole", "height": 1100, "material": "metal"}}, {"type": "Feature", "geometry": {"type": "Polygon", "coordinates": [[[10.203904809193581, 53.48853431293165], [10.203905515077313, 53.48853488068295], [10.203903874821506, 53.488536269115635], [10.203900551499409, 53.48853791695573], [10.203904809193581, 53.48853431293165]]]}, "properties": {"object_id": "943a4abd-ac70-428d-a2fa-d2b2ded1f141", "type": "CatenaryPole_Pole", "height": 1100, "material": "metal"}}, {"type": "Feature", "geometry": {"type": "Polygon", "coordinates": [[[10.203182662081437, 53.48826476122527], [10.203185232003928, 53.48826486183698], [10.20318375677439, 53.48826631439013], [10.203178832753983, 53.48826853168997], [10.203182662081437, 53.48826476122527]]]}, "properties": {"object_id": "01cae2fb-0641-4109-b921-0de27bb8e1f7", "type": "CatenaryPole_Pole", "height": 1100, "material": "metal"}}, {"type": "Feature", "geometry": {"type": "Polygon", "coordinates": [[[10.202322826959705, 53.48806113124185], [10.202323432781839, 53.48805980204685], [10.202322122481338, 53.48806130954245], [10.202319425746865, 53.488065044323506], [10.202322826959705, 53.48806113124185]]]}, "properties": {"object_id": "fe16aa7e-aabc-41b0-9511-54d32c9d6222", "type": "CatenaryPole_Pole", "height": 1100, "material": "metal"}}, {"type": "Feature", "geometry": {"type": "MultiPolygon", "coordinates": [[[[10.207680062572766, 53.49040952251031], [10.207677158939557, 53.49041156011916], [10.207681122374057, 53.49041356844062], [10.20768402600721, 53.4904115308317], [10.207680062572766, 53.49040952251031]]], [[[10.207683484145825, 53.49041240986254], [10.207679520711324, 53.490410401541155], [10.207676617078025, 53.49041243914997], [10.207680580512582, 53.490414447471466], [10.207683484145825, 53.49041240986254]]], [[[10.207677158939557, 53.49041156011916], [10.207680062572766, 53.49040952251031], [10.207679520711324, 53.490410401541155], [10.207676617078025, 53.49041243914997], [10.207677158939557, 53.49041156011916]]], [[[10.207681122374057, 53.49041356844062], [10.207677158939557, 53.49041156011916], [10.207676617078025, 53.49041243914997], [10.207680580512582, 53.490414447471466], [10.207681122374057, 53.49041356844062]]], [[[10.20768402600721, 53.4904115308317], [10.207683484145825, 53.49041240986254], [10.207680580512582, 53.490414447471466], [10.207681122374057, 53.49041356844062], [10.20768402600721, 53.4904115308317]]], [[[10.207680062572766, 53.49040952251031], [10.20768402600721, 53.4904115308317], [10.207683484145825, 53.49041240986254], [10.207679520711324, 53.490410401541155], [10.207680062572766, 53.49040952251031]]]]}, "properties": {"object_id": "031cf950-1612-4823-b414-b3af8eed02f4", "type": "CatenaryPole_Pole", "height": 554, "material": "metal"}}, {"type": "Feature", "geometry": {"type": "MultiPolygon", "coordinates": [[[[10.206908668692577, 53.490020011307706], [10.206912730252325, 53.49002194872347], [10.206909929659183, 53.490024036858415], [10.206905868099359, 53.49002209944258], [10.206908668692577, 53.490020011307706]]], [[[10.206911743862134, 53.49002273314375], [10.20690894326889, 53.490024821278695], [10.206904881709034, 53.490022883862814], [10.206907682302353, 53.49002079572795], [10.206911743862134, 53.49002273314375]]], [[[10.206905868099359, 53.49002209944258], [10.206908668692577, 53.490020011307706], [10.206907682302353, 53.49002079572795], [10.206904881709034, 53.490022883862814], [10.206905868099359, 53.49002209944258]]], [[[10.206909929659183, 53.490024036858415], [10.206905868099359, 53.49002209944258], [10.206904881709034, 53.490022883862814], [10.20690894326889, 53.490024821278695], [10.206909929659183, 53.490024036858415]]], [[[10.206912730252325, 53.49002194872347], [10.206909929659183, 53.490024036858415], [10.20690894326889, 53.490024821278695], [10.206911743862134, 53.49002273314375], [10.206912730252325, 53.49002194872347]]], [[[10.206908668692577, 53.490020011307706], [10.206912730252325, 53.49002194872347], [10.206911743862134, 53.49002273314375], [10.206907682302353, 53.49002079572795], [10.206908668692577, 53.490020011307706]]]]}, "properties": {"object_id": "6769fc7c-cc67-4c3e-82f0-e6accc55fa3f", "type": "CatenaryPole_Pole", "height": 554, "material": "metal"}}, {"type": "Feature", "geometry": {"type": "Polygon", "coordinates": [[[10.208619087973325, 53.4907734342251], [10.20862034430727, 53.4907738294782], [10.20861844723758, 53.49077509616768], [10.208613949992628, 53.49077686489792], [10.208619087973325, 53.4907734342251]]]}, "properties": {"object_id": "b0fbe2a3-1ce5-4f85-9374-9d4bb8ea9fcb", "type": "CatenaryPole_Pole", "height": 1201, "material": "metal"}}, {"type": "Feature", "geometry": {"type": "MultiPolygon", "coordinates": [[[[10.208765345719184, 53.491116164319955], [10.208765533724957, 53.491118258344095], [10.20876019660905, 53.491115894251], [10.208763059358471, 53.49111515156893], [10.208765345719184, 53.491116164319955]]], [[[10.208765533724957, 53.491118258344095], [10.20876019660905, 53.491115894251], [10.208761402849513, 53.49111492596911], [10.208766739965364, 53.49111729006214], [10.208765533724957, 53.491118258344095]]], [[[10.208765345719184, 53.491116164319955], [10.208765533724957, 53.491118258344095], [10.208766739965364, 53.49111729006214], [10.208766551959537, 53.491115196037995], [10.208765345719184, 53.491116164319955]]], [[[10.208763059358471, 53.49111515156893], [10.208765345719184, 53.491116164319955], [10.208766551959537, 53.491115196037995], [10.20876426559885, 53.491114183287024], [10.208763059358471, 53.49111515156893]]], [[[10.20876019660905, 53.491115894251], [10.208761402849513, 53.49111492596911], [10.20876426559885, 53.491114183287024], [10.208763059358471, 53.49111515156893], [10.20876019660905, 53.491115894251]]], [[[10.208766739965364, 53.49111729006214], [10.208766551959537, 53.491115196037995], [10.20876426559885, 53.491114183287024], [10.208761402849513, 53.49111492596911], [10.208766739965364, 53.49111729006214]]]]}, "properties": {"object_id": "8861765c-9948-4d12-8bb3-406c16cad81b", "type": "CatenaryPole_Pole", "height": 920, "material": "metal"}}, {"type": "Feature", "geometry": {"type": "MultiPolygon", "coordinates": [[[[10.20822517518373, 53.490859543400305], [10.208222950157593, 53.49085848323964], [10.208221642758621, 53.49085834220625], [10.20822683669948, 53.490860816968926], [10.20822517518373, 53.490859543400305]]], [[[10.20822683669948, 53.490860816968926], [10.208221642758621, 53.49085834220625], [10.208222905583186, 53.49085739965689], [10.208228099524, 53.49085987441951], [10.20822683669948, 53.490860816968926]]], [[[10.20822517518373, 53.490859543400305], [10.20822683669948, 53.490860816968926], [10.208228099524, 53.49085987441951], [10.208226438008252, 53.4908586008509], [10.20822517518373, 53.490859543400305]]], [[[10.208222950157593, 53.49085848323964], [10.20822517518373, 53.490859543400305], [10.208226438008252, 53.4908586008509], [10.208224212982127, 53.49085754069028], [10.208222950157593, 53.49085848323964]]], [[[10.208221642758621, 53.49085834220625], [10.208222905583186, 53.49085739965689], [10.208224212982127, 53.49085754069028], [10.208222950157593, 53.49085848323964], [10.208221642758621, 53.49085834220625]]], [[[10.208228099524, 53.49085987441951], [10.208222905583186, 53.49085739965689], [10.208224212982127, 53.49085754069028], [10.208226438008252, 53.4908586008509], [10.208228099524, 53.49085987441951]]]]}, "properties": {"object_id": "d61b95ac-6bda-47ac-bbac-9540add03b4f", "type": "CatenaryPole_Pole", "height": 920, "material": "metal"}}, {"type": "Feature", "geometry": {"type": "Polygon", "coordinates": [[[10.209342344512804, 53.49124757154461], [10.209340695050455, 53.491248165645956], [10.209338911261703, 53.49124948975417], [10.209337964770771, 53.491250822631635], [10.209342344512804, 53.49124757154461]]]}, "properties": {"object_id": "6e0e21b8-e09f-448e-b22f-c563d7dcef89", "type": "CatenaryPole_Pole", "height": 1003, "material": "metal"}}, {"type": "Feature", "geometry": {"type": "Polygon", "coordinates": [[[10.208527846542163, 53.49083582655543], [10.208527411048303, 53.49083659611814], [10.20852558054093, 53.49083789734077], [10.208523352091612, 53.490839021451386], [10.208527846542163, 53.49083582655543]]]}, "properties": {"object_id": "0dd9efbb-1191-4115-a1a5-f28b39892f7e", "type": "CatenaryPole_Pole", "height": 1003, "material": "metal"}}, {"type": "Feature", "geometry": {"type": "Polygon", "coordinates": [[[10.20605863226136, 53.489607695269235], [10.206059053216258, 53.48960833733048], [10.206057270203882, 53.48960966173259], [10.206054254425283, 53.489610947077786], [10.20605863226136, 53.489607695269235]]]}, "properties": {"object_id": "30d8eca4-e3c4-4b0d-80d5-73bf6a843291", "type": "CatenaryPole_Pole", "height": 1003, "material": "metal"}}, {"type": "Feature", "geometry": {"type": "Polygon", "coordinates": [[[10.209425055894352, 53.491192380538976], [10.209430928051747, 53.49118805529379], [10.209432332533849, 53.49118834177488], [10.209429780727389, 53.49119022135493], [10.209425055894352, 53.491192380538976]]]}, "properties": {"object_id": "8e3fa8b8-56a1-40be-8bbd-4b37a34274d2", "type": "CatenaryPole_Pole", "height": 1398, "material": "metal"}}, {"type": "Feature", "geometry": {"type": "Polygon", "coordinates": [[[10.209994452883333, 53.49157373489984], [10.210002859090524, 53.491578208571276], [10.209999865166173, 53.49157716786949], [10.20999590883593, 53.49157506236322], [10.209994452883333, 53.49157373489984]]]}, "properties": {"object_id": "c9a947bf-1712-45a7-b356-eafa5c5c84e1", "type": "CatenaryPole_Pole", "height": 1107, "material": "metal"}}, {"type": "Feature", "geometry": {"type": "Polygon", "coordinates": [[[10.20999445288334, 53.491573734899774], [10.20999590883595, 53.49157506236315], [10.209992237935145, 53.491577515455276], [10.209988622923401, 53.491577630790395], [10.20999445288334, 53.491573734899774]]]}, "properties": {"object_id": "89f3a44e-1bda-49ca-a2b6-85246aadc1b8", "type": "CatenaryPole_Pole", "height": 1107, "material": "metal"}}, {"type": "Feature", "geometry": {"type": "Polygon", "coordinates": [[[10.209997029130797, 53.491582104462296], [10.209996194265452, 53.491579620961716], [10.209999865166193, 53.49157716786948], [10.210002859090562, 53.49157820857127], [10.209997029130797, 53.491582104462296]]]}, "properties": {"object_id": "cf4871c3-bdd9-4627-b47a-94a4b221afee", "type": "CatenaryPole_Pole", "height": 1107, "material": "metal"}}, {"type": "Feature", "geometry": {"type": "Polygon", "coordinates": [[[10.209997029130783, 53.49158210446225], [10.20999619426543, 53.49157962096169], [10.209992237935168, 53.49157751545529], [10.209988622923406, 53.49157763079042], [10.209997029130783, 53.49158210446225]]]}, "properties": {"object_id": "05bd354c-0837-45c7-845f-539a156e69b8", "type": "CatenaryPole_Pole", "height": 1107, "material": "metal"}}, {"type": "Feature", "geometry": {"type": "Polygon", "coordinates": [[[10.20999590883596, 53.49157506236315], [10.20999223793517, 53.49157751545527], [10.209996194265443, 53.49157962096165], [10.20999986516618, 53.4915771678694], [10.20999590883596, 53.49157506236315]]]}, "properties": {"object_id": "e92edc07-aaf4-464b-ba4c-c914d787f474", "type": "CatenaryPole_Pole", "height": 1107, "material": "metal"}}, {"type": "Feature", "geometry": {"type": "Polygon", "coordinates": [[[10.209994452883347, 53.491573734899774], [10.209988622923426, 53.49157763079042], [10.209997029130783, 53.49158210446224], [10.210002859090542, 53.49157820857123], [10.209994452883347, 53.491573734899774]]]}, "properties": {"object_id": "726f04f4-cbce-4005-9e5b-23c1b4fab2e4", "type": "CatenaryPole_Pole", "height": 1107, "material": "metal"}}, {"type": "Feature", "geometry": {"type": "Polygon", "coordinates": [[[10.204679274109637, 53.48884460588512], [10.20468153654839, 53.488845835877534], [10.204678117260789, 53.488848414866254], [10.204673843750376, 53.48884870171902], [10.204679274109637, 53.48884460588512]]]}, "properties": {"object_id": "84d83e6a-3c50-4e48-be45-6b364f4ecaf6", "type": "CatenaryPole_Pole", "height": 1107, "material": "metal"}}, {"type": "Feature", "geometry": {"type": "Polygon", "coordinates": [[[10.204682680874892, 53.488852869202084], [10.204682276399607, 53.48885037626674], [10.204685695687102, 53.48884779727791], [10.204688111233818, 53.48884877336782], [10.204682680874892, 53.488852869202084]]]}, "properties": {"object_id": "80c3b6aa-ce28-43ef-b0aa-6d95b171cdb4", "type": "CatenaryPole_Pole", "height": 1107, "material": "metal"}}, {"type": "Feature", "geometry": {"type": "Polygon", "coordinates": [[[10.204679274109631, 53.488844605885205], [10.204688111233805, 53.488848773367884], [10.204685695687084, 53.488847797277984], [10.204681536548376, 53.488845835877655], [10.204679274109631, 53.488844605885205]]]}, "properties": {"object_id": "1b30404b-8745-4fd4-b7f9-e431f73e17ab", "type": "CatenaryPole_Pole", "height": 1107, "material": "metal"}}, {"type": "Feature", "geometry": {"type": "Polygon", "coordinates": [[[10.204682680874898, 53.48885286920209], [10.204682276399623, 53.48885037626673], [10.204678117260801, 53.48884841486627], [10.204673843750394, 53.48884870171904], [10.204682680874898, 53.48885286920209]]]}, "properties": {"object_id": "2b524ffa-8ec7-4169-aa4c-9d02454e402e", "type": "CatenaryPole_Pole", "height": 1107, "material": "metal"}}, {"type": "Feature", "geometry": {"type": "Polygon", "coordinates": [[[10.204584724729523, 53.488922004323655], [10.204587082721273, 53.488923208876585], [10.2045837984364, 53.48892584953957], [10.204579508775506, 53.48892619810583], [10.204584724729523, 53.488922004323655]]]}, "properties": {"object_id": "536bc39d-d00d-4ad0-8ea0-4a8dfc725602", "type": "CatenaryPole_Pole", "height": 1107, "material": "metal"}}, {"type": "Feature", "geometry": {"type": "Polygon", "coordinates": [[[10.20458855723316, 53.488930201049804], [10.20459377318677, 53.48892600726723], [10.2045913413226, 53.488925092837626], [10.204588057037862, 53.4889277335007], [10.20458855723316, 53.488930201049804]]]}, "properties": {"object_id": "a8ed40a5-95d1-44b2-862b-848f8e0347f5", "type": "CatenaryPole_Pole", "height": 1107, "material": "metal"}}, {"type": "Feature", "geometry": {"type": "Polygon", "coordinates": [[[10.204584724729507, 53.48892200432372], [10.204593773186744, 53.488926007267295], [10.20459134132258, 53.48892509283769], [10.204587082721252, 53.48892320887666], [10.204584724729507, 53.48892200432372]]]}, "properties": {"object_id": "1d247e11-5622-4dd2-b7c0-752246f163a7", "type": "CatenaryPole_Pole", "height": 1107, "material": "metal"}}, {"type": "Feature", "geometry": {"type": "Polygon", "coordinates": [[[10.20458855723317, 53.48893020104985], [10.204579508775527, 53.48892619810588], [10.204583798436412, 53.48892584953959], [10.204588057037874, 53.48892773350073], [10.20458855723317, 53.48893020104985]]]}, "properties": {"object_id": "d70f6385-7504-40e9-9c7e-2ba52bb25e42", "type": "CatenaryPole_Pole", "height": 1107, "material": "metal"}}, {"type": "Feature", "geometry": {"type": "Polygon", "coordinates": [[[10.204681536548396, 53.488845835877534], [10.204678117260812, 53.48884841486623], [10.204682276399605, 53.48885037626671], [10.204685695687097, 53.488847797277884], [10.204681536548396, 53.488845835877534]]]}, "properties": {"object_id": "a85590c3-b4ef-4c71-a2cc-26c9b306aed4", "type": "CatenaryPole_Pole", "height": 1107, "material": "metal"}}, {"type": "Feature", "geometry": {"type": "Polygon", "coordinates": [[[10.204587082721266, 53.48892320887659], [10.204591341322601, 53.48892509283762], [10.204588057037853, 53.48892773350069], [10.204583798436406, 53.488925849539555], [10.204587082721266, 53.48892320887659]]]}, "properties": {"object_id": "3167e5ff-b6a0-4b52-b394-b16af641c764", "type": "CatenaryPole_Pole", "height": 1107, "material": "metal"}}, {"type": "Feature", "geometry": {"type": "Polygon", "coordinates": [[[10.204679274109658, 53.48884460588509], [10.204688111233821, 53.48884877336777], [10.204682680874898, 53.48885286920206], [10.204673843750415, 53.48884870171902], [10.204679274109658, 53.48884460588509]]]}, "properties": {"object_id": "cdc2b232-d60a-4d6e-8096-b9ced0f9e9f7", "type": "CatenaryPole_Pole", "height": 1107, "material": "metal"}}, {"type": "Feature", "geometry": {"type": "Polygon", "coordinates": [[[10.204584724729523, 53.488922004323655], [10.20459377318677, 53.48892600726723], [10.204588557233171, 53.48893020104981], [10.204579508775527, 53.488926198105865], [10.204584724729523, 53.488922004323655]]]}, "properties": {"object_id": "a4f533da-cbd9-4216-8be3-5f36357a82ee", "type": "CatenaryPole_Pole", "height": 1107, "material": "metal"}}, {"type": "Feature", "geometry": {"type": "Polygon", "coordinates": [[[10.210089279030518, 53.49151443611055], [10.210092877652448, 53.4915151816439], [10.210084300583853, 53.49151061695552], [10.210086354730427, 53.491512879807416], [10.210089279030518, 53.49151443611055]]]}, "properties": {"object_id": "3332c0aa-b645-4ea1-a496-1e184bac86ed", "type": "CatenaryPole_Pole", "height": 1406, "material": "metal"}}, {"type": "Feature", "geometry": {"type": "Polygon", "coordinates": [[[10.210089279030548, 53.49151443611055], [10.210086108854853, 53.491516554631446], [10.210086964760343, 53.49151913302929], [10.210092877652484, 53.491515181643905], [10.210089279030548, 53.49151443611055]]]}, "properties": {"object_id": "5859636c-18d3-4b2d-9e43-7bc2f0bf1e9e", "type": "CatenaryPole_Pole", "height": 1406, "material": "metal"}}, {"type": "Feature", "geometry": {"type": "Polygon", "coordinates": [[[10.210086354730455, 53.491512879807416], [10.210083184554733, 53.49151499832825], [10.210078387691565, 53.49151456834051], [10.210084300583897, 53.49151061695553], [10.210086354730455, 53.491512879807416]]]}, "properties": {"object_id": "4263882f-ddc4-4520-b5ef-4c3a7a26144c", "type": "CatenaryPole_Pole", "height": 1406, "material": "metal"}}, {"type": "Feature", "geometry": {"type": "Polygon", "coordinates": [[[10.21008610885483, 53.49151655463144], [10.210083184554705, 53.491514998328235], [10.210078387691528, 53.49151456834048], [10.210086964760315, 53.4915191330293], [10.21008610885483, 53.49151655463144]]]}, "properties": {"object_id": "b390501f-cacd-4968-bbf0-e313f97888c5", "type": "CatenaryPole_Pole", "height": 1406, "material": "metal"}}, {"type": "Feature", "geometry": {"type": "Polygon", "coordinates": [[[10.210086354730455, 53.49151287980742], [10.210089279030534, 53.49151443611055], [10.210086108854869, 53.49151655463145], [10.210083184554739, 53.49151499832825], [10.210086354730455, 53.49151287980742]]]}, "properties": {"object_id": "2323a474-e0fc-4a1a-92ed-75a4af3ce91a", "type": "CatenaryPole_Pole", "height": 1406, "material": "metal"}}, {"type": "Feature", "geometry": {"type": "Polygon", "coordinates": [[[10.210084300583897, 53.49151061695553], [10.210078387691572, 53.4915145683405], [10.210086964760356, 53.4915191330293], [10.21009287765249, 53.491515181643905], [10.210084300583897, 53.49151061695553]]]}, "properties": {"object_id": "973ca71d-1eab-443c-9100-52efbc5dd312", "type": "CatenaryPole_Pole", "height": 1406, "material": "metal"}}, {"type": "Feature", "geometry": {"type": "MultiPolygon", "coordinates": [[[[10.206981345816857, 53.49026737761719], [10.206981076512267, 53.490267784740034], [10.206980403468231, 53.49026795902076], [10.206979720823684, 53.49026779840178], [10.206979428508218, 53.49026739689656], [10.206979697812818, 53.490266989773716], [10.206980370856845, 53.490266815493015], [10.206981053501377, 53.49026697611198], [10.206981345816857, 53.49026737761719], [10.206981076512267, 53.490267784740034], [10.206980403468231, 53.49026795902076], [10.206979720823684, 53.49026779840178], [10.206979428508218, 53.49026739689656], [10.206979697812818, 53.490266989773716], [10.206980370856845, 53.490266815493015], [10.206981053501377, 53.49026697611198], [10.206981345816857, 53.49026737761719]]], [[[10.20698068140527, 53.49026754330355], [10.206980412100673, 53.49026795042641], [10.206979739056631, 53.490268124707114], [10.206979056412084, 53.49026796408813], [10.206978764096622, 53.49026756258293], [10.206979033401232, 53.490267155460074], [10.206979706445264, 53.490266981179374], [10.206980389089795, 53.490267141798356], [10.20698068140527, 53.49026754330355], [10.206980412100673, 53.49026795042641], [10.206979739056631, 53.490268124707114], [10.206979056412084, 53.49026796408813], [10.206978764096622, 53.49026756258293], [10.206979033401232, 53.490267155460074], [10.206979706445264, 53.490266981179374], [10.206980389089795, 53.490267141798356], [10.20698068140527, 53.49026754330355]]], [[[10.206981345816857, 53.49026737761719], [10.20698068140527, 53.49026754330355], [10.206980412100673, 53.49026795042641], [10.206981076512267, 53.490267784740034], [10.206981345816857, 53.49026737761719]]], [[[10.206981076512267, 53.490267784740034], [10.206980403468231, 53.49026795902076], [10.206979739056631, 53.490268124707114], [10.206980412100673, 53.49026795042641], [10.206981076512267, 53.490267784740034]]], [[[10.206980403468231, 53.49026795902076], [10.206979720823684, 53.49026779840178], [10.206979056412084, 53.49026796408813], [10.206979739056631, 53.490268124707114], [10.206980403468231, 53.49026795902076]]], [[[10.206979720823684, 53.49026779840178], [10.206979428508218, 53.49026739689656], [10.206978764096622, 53.49026756258293], [10.206979056412084, 53.49026796408813], [10.206979720823684, 53.49026779840178]]], [[[10.206979428508218, 53.49026739689656], [10.206979697812818, 53.490266989773716], [10.206979033401232, 53.490267155460074], [10.206978764096622, 53.49026756258293], [10.206979428508218, 53.49026739689656]]], [[[10.206979697812818, 53.490266989773716], [10.206979033401232, 53.490267155460074], [10.206979706445264, 53.490266981179374], [10.206980370856845, 53.490266815493015], [10.206979697812818, 53.490266989773716]]], [[[10.206980370856845, 53.490266815493015], [10.206981053501377, 53.49026697611198], [10.206980389089795, 53.490267141798356], [10.206979706445264, 53.490266981179374], [10.206980370856845, 53.490266815493015]]], [[[10.206981053501377, 53.49026697611198], [10.206980389089795, 53.490267141798356], [10.20698068140527, 53.49026754330355], [10.206981345816857, 53.49026737761719], [10.206981053501377, 53.49026697611198]]], [[[10.206981345816857, 53.49026737761719], [10.20698068140527, 53.49026754330355], [10.206980412100673, 53.49026795042641], [10.206981076512267, 53.490267784740034], [10.206981345816857, 53.49026737761719]]], [[[10.206981076512267, 53.490267784740034], [10.206980403468231, 53.49026795902076], [10.206979739056631, 53.490268124707114], [10.206980412100673, 53.49026795042641], [10.206981076512267, 53.490267784740034]]], [[[10.206980403468231, 53.49026795902076], [10.206979720823684, 53.49026779840178], [10.206979056412084, 53.49026796408813], [10.206979739056631, 53.490268124707114], [10.206980403468231, 53.49026795902076]]], [[[10.206979720823684, 53.49026779840178], [10.206979428508218, 53.49026739689656], [10.206978764096622, 53.49026756258293], [10.206979056412084, 53.49026796408813], [10.206979720823684, 53.49026779840178]]], [[[10.206979428508218, 53.49026739689656], [10.206979697812818, 53.490266989773716], [10.206979033401232, 53.490267155460074], [10.206978764096622, 53.49026756258293], [10.206979428508218, 53.49026739689656]]], [[[10.206979697812818, 53.490266989773716], [10.206979033401232, 53.490267155460074], [10.206979706445264, 53.490266981179374], [10.206980370856845, 53.490266815493015], [10.206979697812818, 53.490266989773716]]], [[[10.206980370856845, 53.490266815493015], [10.206981053501377, 53.49026697611198], [10.206980389089795, 53.490267141798356], [10.206979706445264, 53.490266981179374], [10.206980370856845, 53.490266815493015]]], [[[10.206981053501377, 53.49026697611198], [10.206980389089795, 53.490267141798356], [10.20698068140527, 53.49026754330355], [10.206981345816857, 53.49026737761719], [10.206981053501377, 53.49026697611198]]]]}, "properties": {"object_id": "d17e4f71-e07b-4252-b00c-45cd37b439d8", "type": "SignPole_Pole", "height": 327, "material": "metal"}}, {"type": "Feature", "geometry": {"type": "MultiPolygon", "coordinates": [[[[10.204551316323192, 53.48908114950044], [10.204551013916596, 53.489081606610746], [10.204550258106538, 53.489081802309556], [10.204549491636541, 53.489081621952614], [10.204549163501909, 53.489081171195316], [10.20454946590852, 53.489080714085], [10.204550221718565, 53.48908051838624], [10.204550988188544, 53.48908069874315], [10.204551316323192, 53.48908114950044], [10.204551013916596, 53.489081606610746], [10.204550258106538, 53.489081802309556], [10.204549491636541, 53.489081621952614], [10.204549163501909, 53.489081171195316], [10.20454946590852, 53.489080714085], [10.204550221718565, 53.48908051838624], [10.204550988188544, 53.48908069874315], [10.204551316323192, 53.48908114950044]]], [[[10.204551283084276, 53.48908127240105], [10.204550980677677, 53.48908172951135], [10.204550224867615, 53.48908192521016], [10.204549458397619, 53.48908174485323], [10.204549130262986, 53.48908129409592], [10.204549432669602, 53.48908083698563], [10.204550188479647, 53.48908064128684], [10.204550954949626, 53.48908082164375], [10.204551283084276, 53.48908127240105], [10.204550980677677, 53.48908172951135], [10.204550224867615, 53.48908192521016], [10.204549458397619, 53.48908174485323], [10.204549130262986, 53.48908129409592], [10.204549432669602, 53.48908083698563], [10.204550188479647, 53.48908064128684], [10.204550954949626, 53.48908082164375], [10.204551283084276, 53.48908127240105]]], [[[10.204551316323192, 53.48908114950044], [10.204551283084276, 53.48908127240105], [10.204550980677677, 53.48908172951135], [10.204551013916596, 53.489081606610746], [10.204551316323192, 53.48908114950044]]], [[[10.204551013916596, 53.489081606610746], [10.204550980677677, 53.48908172951135], [10.204550224867615, 53.48908192521016], [10.204550258106538, 53.489081802309556], [10.204551013916596, 53.489081606610746]]], [[[10.204550258106538, 53.489081802309556], [10.204550224867615, 53.48908192521016], [10.204549458397619, 53.48908174485323], [10.204549491636541, 53.489081621952614], [10.204550258106538, 53.489081802309556]]], [[[10.204549491636541, 53.489081621952614], [10.204549163501909, 53.489081171195316], [10.204549130262986, 53.48908129409592], [10.204549458397619, 53.48908174485323], [10.204549491636541, 53.489081621952614]]], [[[10.204549163501909, 53.489081171195316], [10.20454946590852, 53.489080714085], [10.204549432669602, 53.48908083698563], [10.204549130262986, 53.48908129409592], [10.204549163501909, 53.489081171195316]]], [[[10.20454946590852, 53.489080714085], [10.204550221718565, 53.48908051838624], [10.204550188479647, 53.48908064128684], [10.204549432669602, 53.48908083698563], [10.20454946590852, 53.489080714085]]], [[[10.204550221718565, 53.48908051838624], [10.204550988188544, 53.48908069874315], [10.204550954949626, 53.48908082164375], [10.204550188479647, 53.48908064128684], [10.204550221718565, 53.48908051838624]]], [[[10.204550988188544, 53.48908069874315], [10.204550954949626, 53.48908082164375], [10.204551283084276, 53.48908127240105], [10.204551316323192, 53.48908114950044], [10.204550988188544, 53.48908069874315]]], [[[10.204551316323192, 53.48908114950044], [10.204551283084276, 53.48908127240105], [10.204550980677677, 53.48908172951135], [10.204551013916596, 53.489081606610746], [10.204551316323192, 53.48908114950044]]], [[[10.204551013916596, 53.489081606610746], [10.204550980677677, 53.48908172951135], [10.204550224867615, 53.48908192521016], [10.204550258106538, 53.489081802309556], [10.204551013916596, 53.489081606610746]]], [[[10.204550258106538, 53.489081802309556], [10.204550224867615, 53.48908192521016], [10.204549458397619, 53.48908174485323], [10.204549491636541, 53.489081621952614], [10.204550258106538, 53.489081802309556]]], [[[10.204549491636541, 53.489081621952614], [10.204549163501909, 53.489081171195316], [10.204549130262986, 53.48908129409592], [10.204549458397619, 53.48908174485323], [10.204549491636541, 53.489081621952614]]], [[[10.204549163501909, 53.489081171195316], [10.20454946590852, 53.489080714085], [10.204549432669602, 53.48908083698563], [10.204549130262986, 53.48908129409592], [10.204549163501909, 53.489081171195316]]], [[[10.20454946590852, 53.489080714085], [10.204550221718565, 53.48908051838624], [10.204550188479647, 53.48908064128684], [10.204549432669602, 53.48908083698563], [10.20454946590852, 53.489080714085]]], [[[10.204550221718565, 53.48908051838624], [10.204550988188544, 53.48908069874315], [10.204550954949626, 53.48908082164375], [10.204550188479647, 53.48908064128684], [10.204550221718565, 53.48908051838624]]], [[[10.204550988188544, 53.48908069874315], [10.204550954949626, 53.48908082164375], [10.204551283084276, 53.48908127240105], [10.204551316323192, 53.48908114950044], [10.204550988188544, 53.48908069874315]]]]}, "properties": {"object_id": "a6cb6f37-e5b7-4711-b08f-d5c06874310a", "type": "SignPole_Pole", "height": 351, "material": "metal"}}, {"type": "Feature", "geometry": {"type": "MultiPolygon", "coordinates": [[[[10.20435352772416, 53.48891131772534], [10.204352885533579, 53.488911759473844], [10.204353757754912, 53.488912210480116], [10.204354399945494, 53.48891176873159], [10.20435352772416, 53.48891131772534]]], [[[10.204354430614677, 53.4889116975835], [10.204353558393347, 53.488911246577224], [10.204352916202764, 53.48891168832573], [10.204353788424097, 53.488912139332], [10.204354430614677, 53.4889116975835]]], [[[10.204352885533579, 53.488911759473844], [10.20435352772416, 53.48891131772534], [10.204353558393347, 53.488911246577224], [10.204352916202764, 53.48891168832573], [10.204352885533579, 53.488911759473844]]], [[[10.204353757754912, 53.488912210480116], [10.204352885533579, 53.488911759473844], [10.204352916202764, 53.48891168832573], [10.204353788424097, 53.488912139332], [10.204353757754912, 53.488912210480116]]], [[[10.204354399945494, 53.48891176873159], [10.204354430614677, 53.4889116975835], [10.204353788424097, 53.488912139332], [10.204353757754912, 53.488912210480116], [10.204354399945494, 53.48891176873159]]], [[[10.20435352772416, 53.48891131772534], [10.204354399945494, 53.48891176873159], [10.204354430614677, 53.4889116975835], [10.204353558393347, 53.488911246577224], [10.20435352772416, 53.48891131772534]]]]}, "properties": {"object_id": "53c7e17f-237c-4763-af09-669fc7985d8f", "type": "SignPole_Pole", "height": 214, "material": "metal"}}, {"type": "Feature", "geometry": {"type": "MultiPolygon", "coordinates": [[[[10.197179159356017, 53.486926088698894], [10.197178795950741, 53.48692705800868], [10.197184506848126, 53.48692781951157], [10.197184870253276, 53.486926850201755], [10.197179159356017, 53.486926088698894]]], [[[10.19718536561106, 53.48692710280891], [10.197185002205924, 53.48692807211873], [10.197179291308496, 53.48692731061587], [10.197179654713759, 53.486926341306074], [10.19718536561106, 53.48692710280891]]], [[[10.197178795950741, 53.48692705800868], [10.197179291308496, 53.48692731061587], [10.197179654713759, 53.486926341306074], [10.197179159356017, 53.486926088698894], [10.197178795950741, 53.48692705800868]]], [[[10.197184506848126, 53.48692781951157], [10.197185002205924, 53.48692807211873], [10.197179291308496, 53.48692731061587], [10.197178795950741, 53.48692705800868], [10.197184506848126, 53.48692781951157]]], [[[10.197184870253276, 53.486926850201755], [10.197184506848126, 53.48692781951157], [10.197185002205924, 53.48692807211873], [10.19718536561106, 53.48692710280891], [10.197184870253276, 53.486926850201755]]], [[[10.197179159356017, 53.486926088698894], [10.197179654713759, 53.486926341306074], [10.19718536561106, 53.48692710280891], [10.197184870253276, 53.486926850201755], [10.197179159356017, 53.486926088698894]]]]}, "properties": {"object_id": "5f600c47-44be-4c05-a790-91b016e77406", "type": "SignalPole_Pole", "height": 460, "material": "metal"}}, {"type": "Feature", "geometry": {"type": "MultiPolygon", "coordinates": [[[[10.197201542437167, 53.48686828418668], [10.197207253469935, 53.48686904578358], [10.197206890071255, 53.48687001509712], [10.19720117903836, 53.48686925350018], [10.197201542437167, 53.48686828418668]]], [[[10.197207403002212, 53.48686922219967], [10.197201691969418, 53.48686846060279], [10.197201328570612, 53.4868694299163], [10.197207039603532, 53.486870191513226], [10.197207403002212, 53.48686922219967]]], [[[10.19720117903836, 53.48686925350018], [10.197201328570612, 53.4868694299163], [10.197201691969418, 53.48686846060279], [10.197201542437167, 53.48686828418668], [10.19720117903836, 53.48686925350018]]], [[[10.197206890071255, 53.48687001509712], [10.19720117903836, 53.48686925350018], [10.197201328570612, 53.4868694299163], [10.197207039603532, 53.486870191513226], [10.197206890071255, 53.48687001509712]]], [[[10.197207253469935, 53.48686904578358], [10.197206890071255, 53.48687001509712], [10.197207039603532, 53.486870191513226], [10.197207403002212, 53.48686922219967], [10.197207253469935, 53.48686904578358]]], [[[10.197201542437167, 53.48686828418668], [10.197207253469935, 53.48686904578358], [10.197207403002212, 53.48686922219967], [10.197201691969418, 53.48686846060279], [10.197201542437167, 53.48686828418668]]]]}, "properties": {"object_id": "e361ef41-774f-4a00-971c-e039b8372962", "type": "SignalPole_Pole", "height": 460, "material": "metal"}}, {"type": "Feature", "geometry": {"type": "MultiPolygon", "coordinates": [[[[10.196178752230544, 53.48696225100515], [10.19618139257322, 53.48696253743455], [10.196181873480567, 53.48696096079443], [10.196179233137988, 53.48696067436505], [10.196178752230544, 53.48696225100515]]], [[[10.196178973108616, 53.48696041234329], [10.196181613451179, 53.48696069877269], [10.196181132543822, 53.486962275412814], [10.196178492201167, 53.486961988983396], [10.196178973108616, 53.48696041234329]]], [[[10.19618139257322, 53.48696253743455], [10.196178752230544, 53.48696225100515], [10.196178492201167, 53.486961988983396], [10.196181132543822, 53.486962275412814], [10.19618139257322, 53.48696253743455]]], [[[10.196181873480567, 53.48696096079443], [10.19618139257322, 53.48696253743455], [10.196181132543822, 53.486962275412814], [10.196181613451179, 53.48696069877269], [10.196181873480567, 53.48696096079443]]], [[[10.196179233137988, 53.48696067436505], [10.196178973108616, 53.48696041234329], [10.196181613451179, 53.48696069877269], [10.196181873480567, 53.48696096079443], [10.196179233137988, 53.48696067436505]]], [[[10.196178752230544, 53.48696225100515], [10.196178492201167, 53.486961988983396], [10.196178973108616, 53.48696041234329], [10.196179233137988, 53.48696067436505], [10.196178752230544, 53.48696225100515]]]]}, "properties": {"object_id": "e5b35488-074e-4e66-b390-7fb27a32aa1c", "type": "SignalPole_Pole", "height": 408, "material": "metal"}}, {"type": "Feature", "geometry": {"type": "MultiPolygon", "coordinates": [[[[10.199611834237292, 53.487410016350616], [10.199614343909419, 53.4874105833835], [10.19961529581134, 53.48740908483189], [10.199612786139287, 53.487408517799004], [10.199611834237292, 53.487410016350616]]], [[[10.199612769194623, 53.487408846472704], [10.199611817292617, 53.48741034502431], [10.199614326964763, 53.4874109120572], [10.199615278866695, 53.48740941350558], [10.199612769194623, 53.487408846472704]]], [[[10.199614343909419, 53.4874105833835], [10.199611834237292, 53.487410016350616], [10.199611817292617, 53.48741034502431], [10.199614326964763, 53.4874109120572], [10.199614343909419, 53.4874105833835]]], [[[10.19961529581134, 53.48740908483189], [10.199614343909419, 53.4874105833835], [10.199614326964763, 53.4874109120572], [10.199615278866695, 53.48740941350558], [10.19961529581134, 53.48740908483189]]], [[[10.199612786139287, 53.487408517799004], [10.19961529581134, 53.48740908483189], [10.199615278866695, 53.48740941350558], [10.199612769194623, 53.487408846472704], [10.199612786139287, 53.487408517799004]]], [[[10.199611834237292, 53.487410016350616], [10.199611817292617, 53.48741034502431], [10.199612769194623, 53.487408846472704], [10.199612786139287, 53.487408517799004], [10.199611834237292, 53.487410016350616]]]]}, "properties": {"object_id": "65036f42-9103-4dd1-8f53-8eefe312366e", "type": "SignalPole_Pole", "height": 409, "material": "metal"}}, {"type": "Feature", "geometry": {"type": "MultiPolygon", "coordinates": [[[[10.199561335589546, 53.48749707176591], [10.199562226353853, 53.48749555987531], [10.19956475831701, 53.48749609046859], [10.199563867552778, 53.48749760235924], [10.199561335589546, 53.48749707176591]]], [[[10.19956209912967, 53.487495295905696], [10.199561208365362, 53.487496807796305], [10.199563740328578, 53.48749733838962], [10.199564631092809, 53.487495826499], [10.19956209912967, 53.487495295905696]]], [[[10.199563867552778, 53.48749760235924], [10.199561335589546, 53.48749707176591], [10.199561208365362, 53.487496807796305], [10.199563740328578, 53.48749733838962], [10.199563867552778, 53.48749760235924]]], [[[10.19956475831701, 53.48749609046859], [10.199563867552778, 53.48749760235924], [10.199563740328578, 53.48749733838962], [10.199564631092809, 53.487495826499], [10.19956475831701, 53.48749609046859]]], [[[10.199562226353853, 53.48749555987531], [10.19956209912967, 53.487495295905696], [10.199564631092809, 53.487495826499], [10.19956475831701, 53.48749609046859], [10.199562226353853, 53.48749555987531]]], [[[10.199561335589546, 53.48749707176591], [10.199561208365362, 53.487496807796305], [10.19956209912967, 53.487495295905696], [10.199562226353853, 53.48749555987531], [10.199561335589546, 53.48749707176591]]]]}, "properties": {"object_id": "76a71f3c-6094-4635-8da8-5a7b57b92ef9", "type": "SignalPole_Pole", "height": 394, "material": "metal"}}, {"type": "Feature", "geometry": {"type": "MultiPolygon", "coordinates": [[[[10.204082492918594, 53.48885899270289], [10.204084691014558, 53.488859911089946], [10.204086232747215, 53.48885859858348], [10.20408403465129, 53.48885768019644], [10.204082492918594, 53.48885899270289]]], [[[10.20408396227587, 53.48885777346156], [10.204082420543168, 53.488859085968], [10.204084618639135, 53.48886000435504], [10.2040861603718, 53.48885869184858], [10.20408396227587, 53.48885777346156]]], [[[10.204084691014558, 53.488859911089946], [10.204082492918594, 53.48885899270289], [10.204082420543168, 53.488859085968], [10.204084618639135, 53.48886000435504], [10.204084691014558, 53.488859911089946]]], [[[10.204086232747215, 53.48885859858348], [10.204084691014558, 53.488859911089946], [10.204084618639135, 53.48886000435504], [10.2040861603718, 53.48885869184858], [10.204086232747215, 53.48885859858348]]], [[[10.20408403465129, 53.48885768019644], [10.20408396227587, 53.48885777346156], [10.2040861603718, 53.48885869184858], [10.204086232747215, 53.48885859858348], [10.20408403465129, 53.48885768019644]]], [[[10.204082492918594, 53.48885899270289], [10.20408403465129, 53.48885768019644], [10.20408396227587, 53.48885777346156], [10.204082420543168, 53.488859085968], [10.204082492918594, 53.48885899270289]]]]}, "properties": {"object_id": "98a6754c-4b05-4360-a1dd-b323239b7190", "type": "SignalPole_Pole", "height": 348, "material": "metal"}}, {"type": "Feature", "geometry": {"type": "MultiPolygon", "coordinates": [[[[10.204013557833902, 53.48892691757497], [10.204008850868085, 53.48892484347546], [10.204009840406988, 53.48892404470199], [10.204014547372761, 53.48892611880145], [10.204013557833902, 53.48892691757497]]], [[[10.20400794109043, 53.48892552592142], [10.204012648056274, 53.488927600020986], [10.20401363759517, 53.488926801247494], [10.204008930629364, 53.48892472714796], [10.20400794109043, 53.48892552592142]]], [[[10.204014547372761, 53.48892611880145], [10.204013557833902, 53.48892691757497], [10.204012648056274, 53.488927600020986], [10.20401363759517, 53.488926801247494], [10.204014547372761, 53.48892611880145]]], [[[10.204009840406988, 53.48892404470199], [10.204014547372761, 53.48892611880145], [10.20401363759517, 53.488926801247494], [10.204008930629364, 53.48892472714796], [10.204009840406988, 53.48892404470199]]], [[[10.204008850868085, 53.48892484347546], [10.20400794109043, 53.48892552592142], [10.204008930629364, 53.48892472714796], [10.204009840406988, 53.48892404470199], [10.204008850868085, 53.48892484347546]]], [[[10.204013557833902, 53.48892691757497], [10.204012648056274, 53.488927600020986], [10.20400794109043, 53.48892552592142], [10.204008850868085, 53.48892484347546], [10.204013557833902, 53.48892691757497]]]]}, "properties": {"object_id": "ff8c078b-dd72-4902-9746-6cc9ca602c40", "type": "SignalPole_Pole", "height": 635, "material": "metal"}}, {"type": "Feature", "geometry": {"type": "MultiPolygon", "coordinates": [[[[10.204021436928098, 53.48899471480529], [10.20402313554871, 53.48899347308042], [10.204025215099477, 53.48899448491674], [10.204023516478884, 53.48899572664162], [10.204021436928098, 53.48899471480529]]], [[[10.204023137636717, 53.488993510633776], [10.2040214390161, 53.48899475235864], [10.204023518566894, 53.48899576419498], [10.204025217187487, 53.4889945224701], [10.204023137636717, 53.488993510633776]]], [[[10.204023516478884, 53.48899572664162], [10.204021436928098, 53.48899471480529], [10.2040214390161, 53.48899475235864], [10.204023518566894, 53.48899576419498], [10.204023516478884, 53.48899572664162]]], [[[10.204025215099477, 53.48899448491674], [10.204025217187487, 53.4889945224701], [10.204023518566894, 53.48899576419498], [10.204023516478884, 53.48899572664162], [10.204025215099477, 53.48899448491674]]], [[[10.20402313554871, 53.48899347308042], [10.204023137636717, 53.488993510633776], [10.204025217187487, 53.4889945224701], [10.204025215099477, 53.48899448491674], [10.20402313554871, 53.48899347308042]]], [[[10.204021436928098, 53.48899471480529], [10.20402313554871, 53.48899347308042], [10.204023137636717, 53.488993510633776], [10.2040214390161, 53.48899475235864], [10.204021436928098, 53.48899471480529]]]]}, "properties": {"object_id": "c1356dd5-62d8-49ac-8b51-4225076d2d10", "type": "SignalPole_Pole", "height": 338, "material": "metal"}}, {"type": "Feature", "geometry": {"type": "MultiPolygon", "coordinates": [[[[10.204897231366282, 53.489022316849024], [10.204892529394579, 53.489020238828154], [10.204893520724431, 53.489019440832564], [10.204898222696098, 53.48902151885339], [10.204897231366282, 53.489022316849024]]], [[[10.204891541314815, 53.489020586331925], [10.204896243286516, 53.489022664352866], [10.204897234616354, 53.48902186635724], [10.204892532644696, 53.48901978833637], [10.204891541314815, 53.489020586331925]]], [[[10.204898222696098, 53.48902151885339], [10.204897231366282, 53.489022316849024], [10.204896243286516, 53.489022664352866], [10.204897234616354, 53.48902186635724], [10.204898222696098, 53.48902151885339]]], [[[10.204893520724431, 53.489019440832564], [10.204898222696098, 53.48902151885339], [10.204897234616354, 53.48902186635724], [10.204892532644696, 53.48901978833637], [10.204893520724431, 53.489019440832564]]], [[[10.204892529394579, 53.489020238828154], [10.204891541314815, 53.489020586331925], [10.204892532644696, 53.48901978833637], [10.204893520724431, 53.489019440832564], [10.204892529394579, 53.489020238828154]]], [[[10.204897231366282, 53.489022316849024], [10.204892529394579, 53.489020238828154], [10.204891541314815, 53.489020586331925], [10.204896243286516, 53.489022664352866], [10.204897231366282, 53.489022316849024]]]]}, "properties": {"object_id": "7e708d61-b9be-460e-ad70-fdb66a9445ce", "type": "SignalPole_Pole", "height": 478, "material": "metal"}}, {"type": "Feature", "geometry": {"type": "MultiPolygon", "coordinates": [[[[10.204799981871977, 53.489100993709414], [10.204795139474784, 53.489099033625294], [10.20479607454217, 53.48909821191367], [10.204800916939321, 53.48910017199774], [10.204799981871977, 53.489100993709414]]], [[[10.204794112770925, 53.48909981577464], [10.20479504783835, 53.48909899406303], [10.204799890235543, 53.48910095414715], [10.20479895516816, 53.4891017758588], [10.204794112770925, 53.48909981577464]]], [[[10.204800916939321, 53.48910017199774], [10.204799981871977, 53.489100993709414], [10.20479895516816, 53.4891017758588], [10.204799890235543, 53.48910095414715], [10.204800916939321, 53.48910017199774]]], [[[10.20479607454217, 53.48909821191367], [10.204800916939321, 53.48910017199774], [10.204799890235543, 53.48910095414715], [10.20479504783835, 53.48909899406303], [10.20479607454217, 53.48909821191367]]], [[[10.204795139474784, 53.489099033625294], [10.204794112770925, 53.48909981577464], [10.20479504783835, 53.48909899406303], [10.20479607454217, 53.48909821191367], [10.204795139474784, 53.489099033625294]]], [[[10.204799981871977, 53.489100993709414], [10.204795139474784, 53.489099033625294], [10.204794112770925, 53.48909981577464], [10.20479895516816, 53.4891017758588], [10.204799981871977, 53.489100993709414]]]]}, "properties": {"object_id": "a8e826c7-936b-4e6a-aaec-c9c597a38874", "type": "SignalPole_Pole", "height": 585, "material": "metal"}}, {"type": "Feature", "geometry": {"type": "MultiPolygon", "coordinates": [[[[10.205187327180452, 53.48908673467785], [10.205191997234293, 53.48908883818635], [10.20519099358532, 53.48908963079329], [10.205186323531445, 53.48908752728473], [10.205187327180452, 53.48908673467785]]], [[[10.205192572769459, 53.489088744953094], [10.205187902715602, 53.48908664144461], [10.205186899066607, 53.489087434051505], [10.205191569120501, 53.489089537560034], [10.205192572769459, 53.489088744953094]]], [[[10.205186323531445, 53.48908752728473], [10.205186899066607, 53.489087434051505], [10.205187902715602, 53.48908664144461], [10.205187327180452, 53.48908673467785], [10.205186323531445, 53.48908752728473]]], [[[10.20519099358532, 53.48908963079329], [10.205186323531445, 53.48908752728473], [10.205186899066607, 53.489087434051505], [10.205191569120501, 53.489089537560034], [10.20519099358532, 53.48908963079329]]], [[[10.205191997234293, 53.48908883818635], [10.20519099358532, 53.48908963079329], [10.205191569120501, 53.489089537560034], [10.205192572769459, 53.489088744953094], [10.205191997234293, 53.48908883818635]]], [[[10.205187327180452, 53.48908673467785], [10.205191997234293, 53.48908883818635], [10.205192572769459, 53.489088744953094], [10.205187902715602, 53.48908664144461], [10.205187327180452, 53.48908673467785]]]]}, "properties": {"object_id": "bbad5540-f71c-4671-b2e7-dd5367d5c451", "type": "SignalPole_Pole", "height": 478, "material": "metal"}}, {"type": "Feature", "geometry": {"type": "MultiPolygon", "coordinates": [[[[10.206636516725881, 53.49025696235073], [10.206641010006619, 53.49025919877674], [10.20663994297031, 53.49025996125546], [10.206635449689552, 53.490257724829405], [10.206636516725881, 53.49025696235073]]], [[[10.20664072822737, 53.49025941015558], [10.206639661191053, 53.49026017263428], [10.206635167910282, 53.49025793620824], [10.206636234946625, 53.49025717372956], [10.20664072822737, 53.49025941015558]]], [[[10.206635449689552, 53.490257724829405], [10.206636516725881, 53.49025696235073], [10.206636234946625, 53.49025717372956], [10.206635167910282, 53.49025793620824], [10.206635449689552, 53.490257724829405]]], [[[10.20663994297031, 53.49025996125546], [10.206639661191053, 53.49026017263428], [10.206635167910282, 53.49025793620824], [10.206635449689552, 53.490257724829405], [10.20663994297031, 53.49025996125546]]], [[[10.206641010006619, 53.49025919877674], [10.20663994297031, 53.49025996125546], [10.206639661191053, 53.49026017263428], [10.20664072822737, 53.49025941015558], [10.206641010006619, 53.49025919877674]]], [[[10.206636516725881, 53.49025696235073], [10.206641010006619, 53.49025919877674], [10.20664072822737, 53.49025941015558], [10.206636234946625, 53.49025717372956], [10.206636516725881, 53.49025696235073]]]]}, "properties": {"object_id": "fec74f35-bd3a-4473-9706-c19cc13fb094", "type": "SignalPole_Pole", "height": 196, "material": "metal"}}, {"type": "Feature", "geometry": {"type": "MultiPolygon", "coordinates": [[[[10.20655181530854, 53.49009516992387], [10.206550748274706, 53.490095932401786], [10.206555241533826, 53.49009816883118], [10.206556308567649, 53.49009740635323], [10.20655181530854, 53.49009516992387]]], [[[10.206556108790497, 53.490097556217755], [10.20655161553138, 53.49009531978838], [10.20655054849754, 53.49009608226633], [10.206555041756666, 53.49009831869573], [10.206556108790497, 53.490097556217755]]], [[[10.206550748274706, 53.490095932401786], [10.20655181530854, 53.49009516992387], [10.20655161553138, 53.49009531978838], [10.20655054849754, 53.49009608226633], [10.206550748274706, 53.490095932401786]]], [[[10.206555241533826, 53.49009816883118], [10.206550748274706, 53.490095932401786], [10.20655054849754, 53.49009608226633], [10.206555041756666, 53.49009831869573], [10.206555241533826, 53.49009816883118]]], [[[10.206556308567649, 53.49009740635323], [10.206555241533826, 53.49009816883118], [10.206555041756666, 53.49009831869573], [10.206556108790497, 53.490097556217755], [10.206556308567649, 53.49009740635323]]], [[[10.20655181530854, 53.49009516992387], [10.206556308567649, 53.49009740635323], [10.206556108790497, 53.490097556217755], [10.20655161553138, 53.49009531978838], [10.20655181530854, 53.49009516992387]]]]}, "properties": {"object_id": "3b9a5a9d-694c-4751-9fb0-2e180dcd81be", "type": "SignalPole_Pole", "height": 139, "material": "metal"}}, {"type": "Feature", "geometry": {"type": "Polygon", "coordinates": [[[10.207144808968037, 53.49024073877665], [10.20714588192606, 53.49023997910862], [10.207144779514842, 53.49023947825513], [10.207143706556813, 53.49024023792309], [10.207144808968037, 53.49024073877665]]]}, "properties": {"object_id": "e894f13b-edd2-4f8e-be29-af994647be06", "type": "SignalPole_Pole", "height": 537, "material": "metal"}}, {"type": "Feature", "geometry": {"type": "MultiPolygon", "coordinates": [[[[10.209173904403276, 53.491409466249465], [10.209173674721987, 53.491409813473695], [10.20917310046867, 53.49140996217278], [10.209172517997548, 53.49140982514759], [10.209172268648036, 53.491409482716556], [10.209172498329336, 53.49140913549235], [10.209173072582644, 53.49140898679326], [10.209173655053759, 53.49140912381843], [10.209173904403276, 53.491409466249465], [10.209173674721987, 53.491409813473695], [10.20917310046867, 53.49140996217278], [10.209172517997548, 53.49140982514759], [10.209172268648036, 53.491409482716556], [10.209172498329336, 53.49140913549235], [10.209173072582644, 53.49140898679326], [10.209173655053759, 53.49140912381843], [10.209173904403276, 53.491409466249465]]], [[[10.209174172355047, 53.49140891628911], [10.20917394267376, 53.491409263513304], [10.209173368420451, 53.49140941221241], [10.209172785949335, 53.49140927518722], [10.209172536599825, 53.49140893275618], [10.20917276628112, 53.491408585531985], [10.209173340534418, 53.49140843683289], [10.209173923005524, 53.49140857385808], [10.209174172355047, 53.49140891628911], [10.20917394267376, 53.491409263513304], [10.209173368420451, 53.49140941221241], [10.209172785949335, 53.49140927518722], [10.209172536599825, 53.49140893275618], [10.20917276628112, 53.491408585531985], [10.209173340534418, 53.49140843683289], [10.209173923005524, 53.49140857385808], [10.209174172355047, 53.49140891628911]]], [[[10.209173904403276, 53.491409466249465], [10.209174172355047, 53.49140891628911], [10.20917394267376, 53.491409263513304], [10.209173674721987, 53.491409813473695], [10.209173904403276, 53.491409466249465]]], [[[10.209173674721987, 53.491409813473695], [10.20917394267376, 53.491409263513304], [10.209173368420451, 53.49140941221241], [10.20917310046867, 53.49140996217278], [10.209173674721987, 53.491409813473695]]], [[[10.20917310046867, 53.49140996217278], [10.209173368420451, 53.49140941221241], [10.209172785949335, 53.49140927518722], [10.209172517997548, 53.49140982514759], [10.20917310046867, 53.49140996217278]]], [[[10.209172517997548, 53.49140982514759], [10.209172268648036, 53.491409482716556], [10.209172536599825, 53.49140893275618], [10.209172785949335, 53.49140927518722], [10.209172517997548, 53.49140982514759]]], [[[10.209172268648036, 53.491409482716556], [10.209172498329336, 53.49140913549235], [10.20917276628112, 53.491408585531985], [10.209172536599825, 53.49140893275618], [10.209172268648036, 53.491409482716556]]], [[[10.209172498329336, 53.49140913549235], [10.20917276628112, 53.491408585531985], [10.209173340534418, 53.49140843683289], [10.209173072582644, 53.49140898679326], [10.209172498329336, 53.49140913549235]]], [[[10.209173072582644, 53.49140898679326], [10.209173655053759, 53.49140912381843], [10.209173923005524, 53.49140857385808], [10.209173340534418, 53.49140843683289], [10.209173072582644, 53.49140898679326]]], [[[10.209173655053759, 53.49140912381843], [10.209173923005524, 53.49140857385808], [10.209174172355047, 53.49140891628911], [10.209173904403276, 53.491409466249465], [10.209173655053759, 53.49140912381843]]], [[[10.209173904403276, 53.491409466249465], [10.209174172355047, 53.49140891628911], [10.20917394267376, 53.491409263513304], [10.209173674721987, 53.491409813473695], [10.209173904403276, 53.491409466249465]]], [[[10.209173674721987, 53.491409813473695], [10.20917394267376, 53.491409263513304], [10.209173368420451, 53.49140941221241], [10.20917310046867, 53.49140996217278], [10.209173674721987, 53.491409813473695]]], [[[10.20917310046867, 53.49140996217278], [10.209173368420451, 53.49140941221241], [10.209172785949335, 53.49140927518722], [10.209172517997548, 53.49140982514759], [10.20917310046867, 53.49140996217278]]], [[[10.209172517997548, 53.49140982514759], [10.209172268648036, 53.491409482716556], [10.209172536599825, 53.49140893275618], [10.209172785949335, 53.49140927518722], [10.209172517997548, 53.49140982514759]]], [[[10.209172268648036, 53.491409482716556], [10.209172498329336, 53.49140913549235], [10.20917276628112, 53.491408585531985], [10.209172536599825, 53.49140893275618], [10.209172268648036, 53.491409482716556]]], [[[10.209172498329336, 53.49140913549235], [10.20917276628112, 53.491408585531985], [10.209173340534418, 53.49140843683289], [10.209173072582644, 53.49140898679326], [10.209172498329336, 53.49140913549235]]], [[[10.209173072582644, 53.49140898679326], [10.209173655053759, 53.49140912381843], [10.209173923005524, 53.49140857385808], [10.209173340534418, 53.49140843683289], [10.209173072582644, 53.49140898679326]]], [[[10.209173655053759, 53.49140912381843], [10.209173923005524, 53.49140857385808], [10.209174172355047, 53.49140891628911], [10.209173904403276, 53.491409466249465], [10.209173655053759, 53.49140912381843]]]]}, "properties": {"object_id": "1ad25d50-4b02-4865-a611-fd78d638cd81", "type": "SignalPole_Pole", "height": 367, "material": "metal"}}, {"type": "Feature", "geometry": {"type": "MultiPolygon", "coordinates": [[[[10.209939843017075, 53.49155463553588], [10.209942299605936, 53.49155573539345], [10.209944089669122, 53.49155431346975], [10.209941633080303, 53.4915532136122], [10.209939843017075, 53.49155463553588]]], [[[10.209941577374952, 53.491553060087185], [10.209939787311727, 53.49155448201084], [10.20994224390058, 53.49155558186842], [10.209944033963762, 53.491554159944705], [10.209941577374952, 53.491553060087185]]], [[[10.209942299605936, 53.49155573539345], [10.209939843017075, 53.49155463553588], [10.209939787311727, 53.49155448201084], [10.20994224390058, 53.49155558186842], [10.209942299605936, 53.49155573539345]]], [[[10.209944089669122, 53.49155431346975], [10.209944033963762, 53.491554159944705], [10.20994224390058, 53.49155558186842], [10.209942299605936, 53.49155573539345], [10.209944089669122, 53.49155431346975]]], [[[10.209941633080303, 53.4915532136122], [10.209944089669122, 53.49155431346975], [10.209944033963762, 53.491554159944705], [10.209941577374952, 53.491553060087185], [10.209941633080303, 53.4915532136122]]], [[[10.209939843017075, 53.49155463553588], [10.209941633080303, 53.4915532136122], [10.209941577374952, 53.491553060087185], [10.209939787311727, 53.49155448201084], [10.209939843017075, 53.49155463553588]]]]}, "properties": {"object_id": "ca6579a1-5070-47c8-85e3-5965ddd73b6f", "type": "SignalPole_Pole", "height": 483, "material": "metal"}}, {"type": "Feature", "geometry": {"type": "MultiPolygon", "coordinates": [[[[10.210008731250417, 53.491504805470775], [10.210013271349299, 53.491507008082124], [10.210012220300692, 53.491507778580996], [10.210007680201787, 53.49150557596961], [10.210008731250417, 53.491504805470775]]], [[[10.210013533681465, 53.4915070559509], [10.210012482632868, 53.49150782644978], [10.21000794253394, 53.49150562383841], [10.210008993582568, 53.49150485333958], [10.210013533681465, 53.4915070559509]]], [[[10.210007680201787, 53.49150557596961], [10.21000794253394, 53.49150562383841], [10.210008993582568, 53.49150485333958], [10.210008731250417, 53.491504805470775], [10.210007680201787, 53.49150557596961]]], [[[10.210012220300692, 53.491507778580996], [10.210012482632868, 53.49150782644978], [10.21000794253394, 53.49150562383841], [10.210007680201787, 53.49150557596961], [10.210012220300692, 53.491507778580996]]], [[[10.210013271349299, 53.491507008082124], [10.210013533681465, 53.4915070559509], [10.210012482632868, 53.49150782644978], [10.210012220300692, 53.491507778580996], [10.210013271349299, 53.491507008082124]]], [[[10.210008731250417, 53.491504805470775], [10.210008993582568, 53.49150485333958], [10.210013533681465, 53.4915070559509], [10.210013271349299, 53.491507008082124], [10.210008731250417, 53.491504805470775]]]]}, "properties": {"object_id": "f5212d14-dacb-489b-be70-ddaf6fd38943", "type": "SignalPole_Pole", "height": 580, "material": "metal"}}, {"type": "Feature", "geometry": {"type": "MultiPolygon", "coordinates": [[[[10.204170201536547, 53.48890298480533], [10.204300507215557, 53.488934801743426], [10.204276404101059, 53.48895234741644], [10.204170201536547, 53.48890298480533]]], [[[10.204276404101059, 53.48895234741644], [10.204276404101059, 53.48895234741643], [10.204300507215569, 53.48893480174343], [10.204300507215557, 53.488934801743426], [10.204276404101059, 53.48895234741644]]], [[[10.204170201536547, 53.48890298480533], [10.204276404101059, 53.48895234741644], [10.204276404101059, 53.48895234741643], [10.204170201536547, 53.48890298480533], [10.204170201536547, 53.48890298480533]]], [[[10.204300507215557, 53.488934801743426], [10.204300507215569, 53.48893480174343], [10.204170201536547, 53.48890298480533], [10.204170201536547, 53.48890298480533], [10.204300507215557, 53.488934801743426]]], [[[10.204276404101059, 53.48895234741643], [10.204170201536547, 53.48890298480533], [10.204300507215569, 53.48893480174343], [10.204276404101059, 53.48895234741643]]]]}, "properties": {"object_id": "dcdb7213-0cc6-4970-8979-a6ea74625d6c", "type": "Platform_Surface", "height": 16, "material": "other"}}, {"type": "Feature", "geometry": {"type": "MultiPolygon", "coordinates": [[[[10.204170201536545, 53.4889029848053], [10.20418804847415, 53.48888840679464], [10.204189197625851, 53.488887468126414], [10.20430050721556, 53.488934801743405], [10.204170201536545, 53.4889029848053]]], [[[10.20430050721556, 53.488934801743405], [10.20430050721556, 53.488934801743405], [10.204189197625853, 53.488887468126414], [10.204189197625851, 53.488887468126414], [10.20430050721556, 53.488934801743405]]], [[[10.204170201536545, 53.4889029848053], [10.20430050721556, 53.488934801743405], [10.20430050721556, 53.488934801743405], [10.204170201536547, 53.4889029848053], [10.204170201536545, 53.4889029848053]]], [[[10.20418804847415, 53.48888840679464], [10.204170201536545, 53.4889029848053], [10.204170201536547, 53.4889029848053], [10.20418804847415, 53.48888840679464], [10.20418804847415, 53.48888840679464]]], [[[10.204189197625851, 53.488887468126414], [10.204189197625853, 53.488887468126414], [10.20418804847415, 53.48888840679464], [10.20418804847415, 53.48888840679464], [10.204189197625851, 53.488887468126414]]], [[[10.20430050721556, 53.488934801743405], [10.204170201536547, 53.4889029848053], [10.20418804847415, 53.48888840679464], [10.204189197625853, 53.488887468126414], [10.20430050721556, 53.488934801743405]]]]}, "properties": {"object_id": "d1020445-41eb-4a4e-b23a-53fa0835ea6a", "type": "Platform_Surface", "height": 16, "material": "other"}}, {"type": "Feature", "geometry": {"type": "MultiPolygon", "coordinates": [[[[10.204276404101062, 53.48895234741643], [10.204951309426914, 53.48926202349691], [10.204986799895822, 53.48923570796229], [10.20496067012626, 53.489223912856765], [10.20494450635504, 53.489216623941076], [10.204912152721974, 53.48920206672166], [10.204879764356171, 53.489187537009464], [10.20484734132342, 53.489173034833954], [10.204814883689595, 53.48915856022462], [10.204782391520625, 53.489144113210834], [10.204749864882524, 53.489129693821894], [10.204717303841358, 53.48911530208713], [10.20468470846328, 53.48910093803575], [10.20465207881449, 53.489086601696876], [10.204619414961295, 53.48907229309968], [10.204586716970029, 53.48905801227317], [10.20455398490712, 53.48904375924635], [10.204521218839062, 53.48902953404818], [10.20448841883241, 53.48901533670751], [10.204455584953799, 53.489001167253186], [10.204422717269921, 53.48898702571399], [10.204389815847538, 53.48897291211862], [10.204356880753494, 53.488958826495725], [10.204323912054692, 53.488944768873885], [10.204300507215564, 53.488934801743426], [10.204276404101062, 53.48895234741643]]], [[[10.20465207881449, 53.489086601696876], [10.204652078814496, 53.48908660169686], [10.20468470846328, 53.48910093803575], [10.20468470846328, 53.48910093803575], [10.20465207881449, 53.489086601696876]]], [[[10.204619414961295, 53.48907229309968], [10.204619414961295, 53.48907229309968], [10.204652078814496, 53.48908660169686], [10.20465207881449, 53.489086601696876], [10.204619414961295, 53.48907229309968]]], [[[10.204586716970029, 53.48905801227317], [10.204586716970026, 53.489058012273155], [10.204619414961295, 53.48907229309968], [10.204619414961295, 53.48907229309968], [10.204586716970029, 53.48905801227317]]], [[[10.20455398490712, 53.48904375924635], [10.20455398490712, 53.48904375924635], [10.204586716970026, 53.489058012273155], [10.204586716970029, 53.48905801227317], [10.20455398490712, 53.48904375924635]]], [[[10.204521218839062, 53.48902953404818], [10.20455398490712, 53.48904375924635], [10.20455398490712, 53.48904375924635], [10.204521218839066, 53.48902953404818], [10.204521218839062, 53.48902953404818]]], [[[10.20448841883241, 53.48901533670751], [10.204488418832412, 53.48901533670752], [10.204521218839066, 53.48902953404818], [10.204521218839062, 53.48902953404818], [10.20448841883241, 53.48901533670751]]], [[[10.204455584953799, 53.489001167253186], [10.204455584953799, 53.489001167253186], [10.204488418832412, 53.48901533670752], [10.20448841883241, 53.48901533670751], [10.204455584953799, 53.489001167253186]]], [[[10.204422717269921, 53.48898702571399], [10.204422717269923, 53.48898702571399], [10.204455584953799, 53.489001167253186], [10.204455584953799, 53.489001167253186], [10.204422717269921, 53.48898702571399]]], [[[10.204389815847538, 53.48897291211862], [10.204422717269921, 53.48898702571399], [10.204422717269923, 53.48898702571399], [10.20438981584754, 53.48897291211862], [10.204389815847538, 53.48897291211862]]], [[[10.204356880753494, 53.488958826495725], [10.204389815847538, 53.48897291211862], [10.20438981584754, 53.48897291211862], [10.204356880753501, 53.48895882649573], [10.204356880753494, 53.488958826495725]]], [[[10.204323912054692, 53.488944768873885], [10.204356880753494, 53.488958826495725], [10.204356880753501, 53.48895882649573], [10.204323912054692, 53.488944768873885], [10.204323912054692, 53.488944768873885]]], [[[10.204300507215564, 53.488934801743426], [10.204323912054692, 53.488944768873885], [10.204323912054692, 53.488944768873885], [10.204300507215562, 53.488934801743426], [10.204300507215564, 53.488934801743426]]], [[[10.204276404101062, 53.48895234741643], [10.204300507215564, 53.488934801743426], [10.204300507215562, 53.488934801743426], [10.204276404101062, 53.48895234741643], [10.204276404101062, 53.48895234741643]]], [[[10.204951309426914, 53.48926202349691], [10.204276404101062, 53.48895234741643], [10.204276404101062, 53.48895234741643], [10.204951309426914, 53.48926202349692], [10.204951309426914, 53.48926202349691]]], [[[10.204986799895822, 53.48923570796229], [10.204986799895826, 53.48923570796229], [10.204951309426914, 53.48926202349692], [10.204951309426914, 53.48926202349691], [10.204986799895822, 53.48923570796229]]], [[[10.20496067012626, 53.489223912856765], [10.204986799895822, 53.48923570796229], [10.204986799895826, 53.48923570796229], [10.20496067012626, 53.489223912856765], [10.20496067012626, 53.489223912856765]]], [[[10.20494450635504, 53.489216623941076], [10.20496067012626, 53.489223912856765], [10.20496067012626, 53.489223912856765], [10.20494450635504, 53.489216623941076], [10.20494450635504, 53.489216623941076]]], [[[10.204912152721974, 53.48920206672166], [10.204912152721974, 53.48920206672166], [10.20494450635504, 53.489216623941076], [10.20494450635504, 53.489216623941076], [10.204912152721974, 53.48920206672166]]], [[[10.204879764356171, 53.489187537009464], [10.204879764356171, 53.48918753700944], [10.204912152721974, 53.48920206672166], [10.204912152721974, 53.48920206672166], [10.204879764356171, 53.489187537009464]]], [[[10.20484734132342, 53.489173034833954], [10.20484734132342, 53.489173034833954], [10.204879764356171, 53.48918753700944], [10.204879764356171, 53.489187537009464], [10.20484734132342, 53.489173034833954]]], [[[10.204814883689595, 53.48915856022462], [10.204814883689595, 53.4891585602246], [10.20484734132342, 53.489173034833954], [10.20484734132342, 53.489173034833954], [10.204814883689595, 53.48915856022462]]], [[[10.204782391520625, 53.489144113210834], [10.204814883689595, 53.48915856022462], [10.204814883689595, 53.4891585602246], [10.204782391520627, 53.489144113210834], [10.204782391520625, 53.489144113210834]]], [[[10.204749864882524, 53.489129693821894], [10.204749864882526, 53.489129693821894], [10.204782391520627, 53.489144113210834], [10.204782391520625, 53.489144113210834], [10.204749864882524, 53.489129693821894]]], [[[10.204717303841358, 53.48911530208713], [10.204749864882524, 53.489129693821894], [10.204749864882526, 53.489129693821894], [10.204717303841356, 53.48911530208713], [10.204717303841358, 53.48911530208713]]], [[[10.20468470846328, 53.48910093803575], [10.20468470846328, 53.48910093803575], [10.204717303841356, 53.48911530208713], [10.204717303841358, 53.48911530208713], [10.20468470846328, 53.48910093803575]]], [[[10.204300507215562, 53.488934801743426], [10.204323912054692, 53.488944768873885], [10.204356880753501, 53.48895882649573], [10.20438981584754, 53.48897291211862], [10.204422717269923, 53.48898702571399], [10.204455584953799, 53.489001167253186], [10.204488418832412, 53.48901533670752], [10.204521218839066, 53.48902953404818], [10.20455398490712, 53.48904375924635], [10.204586716970026, 53.489058012273155], [10.204619414961295, 53.48907229309968], [10.204652078814496, 53.48908660169686], [10.20468470846328, 53.48910093803575], [10.204717303841356, 53.48911530208713], [10.204749864882526, 53.489129693821894], [10.204782391520627, 53.489144113210834], [10.204814883689595, 53.4891585602246], [10.20484734132342, 53.489173034833954], [10.204879764356171, 53.48918753700944], [10.204912152721974, 53.48920206672166], [10.20494450635504, 53.489216623941076], [10.20496067012626, 53.489223912856765], [10.204986799895826, 53.48923570796229], [10.204951309426914, 53.48926202349692], [10.204276404101062, 53.48895234741643], [10.204300507215562, 53.488934801743426]]]]}, "properties": {"object_id": "65d75996-a8a5-4f30-baa5-714485f3de19", "type": "Platform_Surface", "height": 9, "material": "other"}}, {"type": "Feature", "geometry": {"type": "MultiPolygon", "coordinates": [[[[10.204122201293682, 53.489057313693664], [10.204003653918042, 53.48900169799809], [10.203987981816779, 53.48899434551845], [10.204016600127648, 53.48897514101838], [10.204150477763049, 53.48903711841576], [10.204122201293682, 53.489057313693664]]], [[[10.204016600127648, 53.48897514101838], [10.204016422517372, 53.488975061998275], [10.203987804206468, 53.4889942664983], [10.203987981816779, 53.48899434551845], [10.204016600127648, 53.48897514101838]]], [[[10.204150477763049, 53.48903711841576], [10.204150300152262, 53.48903703939587], [10.204016422517372, 53.488975061998275], [10.204016600127648, 53.48897514101838], [10.204150477763049, 53.48903711841576]]], [[[10.204122201293682, 53.489057313693664], [10.204122023682867, 53.48905723467373], [10.204150300152262, 53.48903703939587], [10.204150477763049, 53.48903711841576], [10.204122201293682, 53.489057313693664]]], [[[10.204003653918042, 53.48900169799809], [10.204122201293682, 53.489057313693664], [10.204122023682867, 53.48905723467373], [10.204003476307678, 53.489001618977966], [10.204003653918042, 53.48900169799809]]], [[[10.203987981816779, 53.48899434551845], [10.204003653918042, 53.48900169799809], [10.204003476307678, 53.489001618977966], [10.203987804206468, 53.4889942664983], [10.203987981816779, 53.48899434551845]]], [[[10.204150300152262, 53.48903703939587], [10.204122023682867, 53.48905723467373], [10.204003476307678, 53.489001618977966], [10.203987804206468, 53.4889942664983], [10.204016422517372, 53.488975061998275], [10.204150300152262, 53.48903703939587]]]]}, "properties": {"object_id": "f9d9b494-d430-4111-a513-35dc220b57e3", "type": "Platform_Surface", "height": 16, "material": "other"}}, {"type": "Feature", "geometry": {"type": "MultiPolygon", "coordinates": [[[[10.204596021265667, 53.48924191046863], [10.204645084901983, 53.489264448143516], [10.20469404556063, 53.48928706535112], [10.204742902879074, 53.48930976192402], [10.204791656495537, 53.48933253769429], [10.204840306048984, 53.48935539249329], [10.204888851179174, 53.4893783261519], [10.20493729152664, 53.48940133850033], [10.20498562673267, 53.48942442936827], [10.20503385643934, 53.48944759858482], [10.205081980289497, 53.48947084597848], [10.20512999792679, 53.489494171377174], [10.205177908995624, 53.489517574608264], [10.205225713141212, 53.48954105549853], [10.205273410009543, 53.48956461387414], [10.205320999247414, 53.48958824956075], [10.205368480502397, 53.48961196238343], [10.205415853422883, 53.48963575216663], [10.205463117658045, 53.489659618734265], [10.20548670890922, 53.48967158075706], [10.205452465918903, 53.48969600784384], [10.204122023682853, 53.48905723467371], [10.204150300153472, 53.4890370393964], [10.204546855014998, 53.489219452493316], [10.204596021265667, 53.48924191046863]]], [[[10.205225713141212, 53.48954105549853], [10.205177908995624, 53.489517574608264], [10.205177908995624, 53.489517574608264], [10.205225713141209, 53.48954105549853], [10.205225713141212, 53.48954105549853]]], [[[10.205273410009543, 53.48956461387414], [10.205273410009541, 53.48956461387414], [10.205225713141209, 53.48954105549853], [10.205225713141212, 53.48954105549853], [10.205273410009543, 53.48956461387414]]], [[[10.205320999247414, 53.48958824956075], [10.205320999247414, 53.489588249560775], [10.205273410009541, 53.48956461387414], [10.205273410009543, 53.48956461387414], [10.205320999247414, 53.48958824956075]]], [[[10.205368480502397, 53.48961196238343], [10.2053684805024, 53.489611962383435], [10.205320999247414, 53.489588249560775], [10.205320999247414, 53.48958824956075], [10.205368480502397, 53.48961196238343]]], [[[10.205415853422883, 53.48963575216663], [10.205415853422883, 53.48963575216663], [10.2053684805024, 53.489611962383435], [10.205368480502397, 53.48961196238343], [10.205415853422883, 53.48963575216663]]], [[[10.205463117658045, 53.489659618734265], [10.205463117658047, 53.489659618734265], [10.205415853422883, 53.48963575216663], [10.205415853422883, 53.48963575216663], [10.205463117658045, 53.489659618734265]]], [[[10.20548670890922, 53.48967158075706], [10.20548670890922, 53.48967158075707], [10.205463117658047, 53.489659618734265], [10.205463117658045, 53.489659618734265], [10.20548670890922, 53.48967158075706]]], [[[10.205452465918903, 53.48969600784384], [10.20548670890922, 53.48967158075706], [10.20548670890922, 53.48967158075707], [10.205452465918905, 53.489696007843854], [10.205452465918903, 53.48969600784384]]], [[[10.204122023682853, 53.48905723467371], [10.205452465918903, 53.48969600784384], [10.205452465918905, 53.489696007843854], [10.204122023682856, 53.489057234673716], [10.204122023682853, 53.48905723467371]]], [[[10.204150300153472, 53.4890370393964], [10.204122023682853, 53.48905723467371], [10.204122023682856, 53.489057234673716], [10.204150300153472, 53.489037039396415], [10.204150300153472, 53.4890370393964]]], [[[10.204546855014998, 53.489219452493316], [10.204546855014996, 53.48921945249332], [10.204150300153472, 53.489037039396415], [10.204150300153472, 53.4890370393964], [10.204546855014998, 53.489219452493316]]], [[[10.204596021265667, 53.48924191046863], [10.204546855014998, 53.489219452493316], [10.204546855014996, 53.48921945249332], [10.204596021265667, 53.48924191046863], [10.204596021265667, 53.48924191046863]]], [[[10.204645084901983, 53.489264448143516], [10.204645084901983, 53.489264448143516], [10.204596021265667, 53.48924191046863], [10.204596021265667, 53.48924191046863], [10.204645084901983, 53.489264448143516]]], [[[10.20469404556063, 53.48928706535112], [10.204694045560634, 53.48928706535112], [10.204645084901983, 53.489264448143516], [10.204645084901983, 53.489264448143516], [10.20469404556063, 53.48928706535112]]], [[[10.204742902879074, 53.48930976192402], [10.20469404556063, 53.48928706535112], [10.204694045560634, 53.48928706535112], [10.204742902879074, 53.48930976192402], [10.204742902879074, 53.48930976192402]]], [[[10.204791656495537, 53.48933253769429], [10.204791656495537, 53.48933253769429], [10.204742902879074, 53.48930976192402], [10.204742902879074, 53.48930976192402], [10.204791656495537, 53.48933253769429]]], [[[10.204840306048984, 53.48935539249329], [10.204791656495537, 53.48933253769429], [10.204791656495537, 53.48933253769429], [10.204840306048984, 53.48935539249329], [10.204840306048984, 53.48935539249329]]], [[[10.204888851179174, 53.4893783261519], [10.20488885117918, 53.4893783261519], [10.204840306048984, 53.48935539249329], [10.204840306048984, 53.48935539249329], [10.204888851179174, 53.4893783261519]]], [[[10.20493729152664, 53.48940133850033], [10.204888851179174, 53.4893783261519], [10.20488885117918, 53.4893783261519], [10.204937291526642, 53.48940133850033], [10.20493729152664, 53.48940133850033]]], [[[10.20498562673267, 53.48942442936827], [10.20493729152664, 53.48940133850033], [10.204937291526642, 53.48940133850033], [10.204985626732668, 53.48942442936827], [10.20498562673267, 53.48942442936827]]], [[[10.20503385643934, 53.48944759858482], [10.20503385643934, 53.48944759858482], [10.204985626732668, 53.48942442936827], [10.20498562673267, 53.48942442936827], [10.20503385643934, 53.48944759858482]]], [[[10.205081980289497, 53.48947084597848], [10.205081980289497, 53.48947084597848], [10.20503385643934, 53.48944759858482], [10.20503385643934, 53.48944759858482], [10.205081980289497, 53.48947084597848]]], [[[10.20512999792679, 53.489494171377174], [10.205081980289497, 53.48947084597848], [10.205081980289497, 53.48947084597848], [10.205129997926788, 53.489494171377174], [10.20512999792679, 53.489494171377174]]], [[[10.205177908995624, 53.489517574608264], [10.20512999792679, 53.489494171377174], [10.205129997926788, 53.489494171377174], [10.205177908995624, 53.489517574608264], [10.205177908995624, 53.489517574608264]]], [[[10.204546855014996, 53.48921945249332], [10.204150300153472, 53.489037039396415], [10.204122023682856, 53.489057234673716], [10.205452465918905, 53.489696007843854], [10.20548670890922, 53.48967158075707], [10.205463117658047, 53.489659618734265], [10.205415853422883, 53.48963575216663], [10.2053684805024, 53.489611962383435], [10.205320999247414, 53.489588249560775], [10.205273410009541, 53.48956461387414], [10.205225713141209, 53.48954105549853], [10.205177908995624, 53.489517574608264], [10.205129997926788, 53.489494171377174], [10.205081980289497, 53.48947084597848], [10.20503385643934, 53.48944759858482], [10.204985626732668, 53.48942442936827], [10.204937291526642, 53.48940133850033], [10.20488885117918, 53.4893783261519], [10.204840306048984, 53.48935539249329], [10.204791656495537, 53.48933253769429], [10.204742902879074, 53.48930976192402], [10.204694045560634, 53.48928706535112], [10.204645084901983, 53.489264448143516], [10.204596021265667, 53.48924191046863], [10.204546855014996, 53.48921945249332]]]]}, "properties": {"object_id": "e9f17162-0d72-4608-9c36-b209768ebaab", "type": "Platform_Surface", "height": 16, "material": "other"}}, {"type": "Feature", "geometry": {"type": "MultiPolygon", "coordinates": [[[[10.206561756857159, 53.490206965236524], [10.206552384486185, 53.4902022007197], [10.206288652998385, 53.49007099647114], [10.206260270855099, 53.49009038213226], [10.206862719402729, 53.49038696819082], [10.206832779448206, 53.49040835889873], [10.206874817049053, 53.49042657493127], [10.206897065297563, 53.49040990963039], [10.2068827844555, 53.49040271072386], [10.206900001176079, 53.49039004119435], [10.206917412995596, 53.49039775126482], [10.206925548654135, 53.49039194674916], [10.20692443424369, 53.490384955845364], [10.206924194703072, 53.490383492830816], [10.206904818482384, 53.490374424103706], [10.206885475147986, 53.49036533044491], [10.206866164790055, 53.4903562118968], [10.206846887498635, 53.49034706850193], [10.206827643363601, 53.49033790030293], [10.206808432474684, 53.490328707342535], [10.206789254921457, 53.49031948966367], [10.206770110793338, 53.49031024730928], [10.206751000179583, 53.49030098032247], [10.206731923169304, 53.4902916887465], [10.206712879851441, 53.490282372624655], [10.206693870314785, 53.49027303200036], [10.206674894647973, 53.49026366691725], [10.206655952939471, 53.49025427741896], [10.206637045277596, 53.490244863549314], [10.206618171750515, 53.49023542535216], [10.206599332446217, 53.490225962871534], [10.206580527452534, 53.49021647615158], [10.206561756857159, 53.490206965236524]]], [[[10.206885475147986, 53.49036533044491], [10.206866164790055, 53.4903562118968], [10.206866164790055, 53.4903562118968], [10.206885475147986, 53.490365330444895], [10.206885475147986, 53.49036533044491]]], [[[10.206904818482384, 53.490374424103706], [10.206904818482387, 53.490374424103706], [10.206885475147986, 53.490365330444895], [10.206885475147986, 53.49036533044491], [10.206904818482384, 53.490374424103706]]], [[[10.206924194703072, 53.490383492830816], [10.206904818482384, 53.490374424103706], [10.206904818482387, 53.490374424103706], [10.206924194703072, 53.490383492830816], [10.206924194703072, 53.490383492830816]]], [[[10.20692443424369, 53.490384955845364], [10.206924194703072, 53.490383492830816], [10.206924194703072, 53.490383492830816], [10.206924434243692, 53.490384955845364], [10.20692443424369, 53.490384955845364]]], [[[10.206925548654135, 53.49039194674916], [10.206925548654139, 53.49039194674915], [10.206924434243692, 53.490384955845364], [10.20692443424369, 53.490384955845364], [10.206925548654135, 53.49039194674916]]], [[[10.206917412995596, 53.49039775126482], [10.206925548654135, 53.49039194674916], [10.206925548654139, 53.49039194674915], [10.206917412995601, 53.49039775126482], [10.206917412995596, 53.49039775126482]]], [[[10.206900001176079, 53.49039004119435], [10.206917412995596, 53.49039775126482], [10.206917412995601, 53.49039775126482], [10.206900001176079, 53.49039004119435], [10.206900001176079, 53.49039004119435]]], [[[10.2068827844555, 53.49040271072386], [10.206900001176079, 53.49039004119435], [10.206900001176079, 53.49039004119435], [10.206882784455502, 53.490402710723856], [10.2068827844555, 53.49040271072386]]], [[[10.206897065297563, 53.49040990963039], [10.206897065297564, 53.49040990963039], [10.206882784455502, 53.490402710723856], [10.2068827844555, 53.49040271072386], [10.206897065297563, 53.49040990963039]]], [[[10.206874817049053, 53.49042657493127], [10.206874817049053, 53.49042657493127], [10.206897065297564, 53.49040990963039], [10.206897065297563, 53.49040990963039], [10.206874817049053, 53.49042657493127]]], [[[10.206832779448206, 53.49040835889873], [10.206832779448206, 53.49040835889873], [10.206874817049053, 53.49042657493127], [10.206874817049053, 53.49042657493127], [10.206832779448206, 53.49040835889873]]], [[[10.206862719402729, 53.49038696819082], [10.206832779448206, 53.49040835889873], [10.206832779448206, 53.49040835889873], [10.206862719402729, 53.49038696819082], [10.206862719402729, 53.49038696819082]]], [[[10.206260270855099, 53.49009038213226], [10.206260270855099, 53.49009038213226], [10.206862719402729, 53.49038696819082], [10.206862719402729, 53.49038696819082], [10.206260270855099, 53.49009038213226]]], [[[10.206288652998385, 53.49007099647114], [10.206260270855099, 53.49009038213226], [10.206260270855099, 53.49009038213226], [10.206288652998385, 53.49007099647114], [10.206288652998385, 53.49007099647114]]], [[[10.206552384486185, 53.4902022007197], [10.206552384486185, 53.4902022007197], [10.206288652998385, 53.49007099647114], [10.206288652998385, 53.49007099647114], [10.206552384486185, 53.4902022007197]]], [[[10.206561756857159, 53.490206965236524], [10.206561756857159, 53.490206965236524], [10.206552384486185, 53.4902022007197], [10.206552384486185, 53.4902022007197], [10.206561756857159, 53.490206965236524]]], [[[10.206580527452534, 53.49021647615158], [10.206580527452534, 53.490216476151566], [10.206561756857159, 53.490206965236524], [10.206561756857159, 53.490206965236524], [10.206580527452534, 53.49021647615158]]], [[[10.206599332446217, 53.490225962871534], [10.206580527452534, 53.49021647615158], [10.206580527452534, 53.490216476151566], [10.206599332446217, 53.490225962871534], [10.206599332446217, 53.490225962871534]]], [[[10.206618171750515, 53.49023542535216], [10.206618171750517, 53.49023542535214], [10.206599332446217, 53.490225962871534], [10.206599332446217, 53.490225962871534], [10.206618171750515, 53.49023542535216]]], [[[10.206637045277596, 53.490244863549314], [10.206618171750515, 53.49023542535216], [10.206618171750517, 53.49023542535214], [10.2066370452776, 53.490244863549314], [10.206637045277596, 53.490244863549314]]], [[[10.206655952939471, 53.49025427741896], [10.206655952939471, 53.49025427741896], [10.2066370452776, 53.490244863549314], [10.206637045277596, 53.490244863549314], [10.206655952939471, 53.49025427741896]]], [[[10.206674894647973, 53.49026366691725], [10.206674894647973, 53.49026366691727], [10.206655952939471, 53.49025427741896], [10.206655952939471, 53.49025427741896], [10.206674894647973, 53.49026366691725]]], [[[10.206693870314785, 53.49027303200036], [10.206693870314785, 53.49027303200036], [10.206674894647973, 53.49026366691727], [10.206674894647973, 53.49026366691725], [10.206693870314785, 53.49027303200036]]], [[[10.206712879851441, 53.490282372624655], [10.206712879851441, 53.490282372624655], [10.206693870314785, 53.49027303200036], [10.206693870314785, 53.49027303200036], [10.206712879851441, 53.490282372624655]]], [[[10.206731923169304, 53.4902916887465], [10.206712879851441, 53.490282372624655], [10.206712879851441, 53.490282372624655], [10.206731923169304, 53.49029168874648], [10.206731923169304, 53.4902916887465]]], [[[10.206751000179583, 53.49030098032247], [10.206751000179588, 53.49030098032247], [10.206731923169304, 53.49029168874648], [10.206731923169304, 53.4902916887465], [10.206751000179583, 53.49030098032247]]], [[[10.206770110793338, 53.49031024730928], [10.20677011079334, 53.49031024730928], [10.206751000179588, 53.49030098032247], [10.206751000179583, 53.49030098032247], [10.206770110793338, 53.49031024730928]]], [[[10.206789254921457, 53.49031948966367], [10.206789254921459, 53.490319489663676], [10.20677011079334, 53.49031024730928], [10.206770110793338, 53.49031024730928], [10.206789254921457, 53.49031948966367]]], [[[10.206808432474684, 53.490328707342535], [10.206808432474684, 53.490328707342535], [10.206789254921459, 53.490319489663676], [10.206789254921457, 53.49031948966367], [10.206808432474684, 53.490328707342535]]], [[[10.206827643363601, 53.49033790030293], [10.206808432474684, 53.490328707342535], [10.206808432474684, 53.490328707342535], [10.206827643363601, 53.49033790030292], [10.206827643363601, 53.49033790030293]]], [[[10.206846887498635, 53.49034706850193], [10.206846887498637, 53.49034706850193], [10.206827643363601, 53.49033790030292], [10.206827643363601, 53.49033790030293], [10.206846887498635, 53.49034706850193]]], [[[10.206866164790055, 53.4903562118968], [10.206846887498635, 53.49034706850193], [10.206846887498637, 53.49034706850193], [10.206866164790055, 53.4903562118968], [10.206866164790055, 53.4903562118968]]], [[[10.206552384486185, 53.4902022007197], [10.206288652998385, 53.49007099647114], [10.206260270855099, 53.49009038213226], [10.206862719402729, 53.49038696819082], [10.206832779448206, 53.49040835889873], [10.206874817049053, 53.49042657493127], [10.206897065297564, 53.49040990963039], [10.206882784455502, 53.490402710723856], [10.206900001176079, 53.49039004119435], [10.206917412995601, 53.49039775126482], [10.206925548654139, 53.49039194674915], [10.206924434243692, 53.490384955845364], [10.206924194703072, 53.490383492830816], [10.206904818482387, 53.490374424103706], [10.206885475147986, 53.490365330444895], [10.206866164790055, 53.4903562118968], [10.206846887498637, 53.49034706850193], [10.206827643363601, 53.49033790030292], [10.206808432474684, 53.490328707342535], [10.206789254921459, 53.490319489663676], [10.20677011079334, 53.49031024730928], [10.206751000179588, 53.49030098032247], [10.206731923169304, 53.49029168874648], [10.206712879851441, 53.490282372624655], [10.206693870314785, 53.49027303200036], [10.206674894647973, 53.49026366691727], [10.206655952939471, 53.49025427741896], [10.2066370452776, 53.490244863549314], [10.206618171750517, 53.49023542535214], [10.206599332446217, 53.490225962871534], [10.206580527452534, 53.490216476151566], [10.206561756857159, 53.490206965236524], [10.206552384486185, 53.4902022007197]]]]}, "properties": {"object_id": "79a53be8-e696-4760-adcd-4220c475f800", "type": "Platform_Surface", "height": 16, "material": "other"}}, {"type": "Feature", "geometry": {"type": "MultiPolygon", "coordinates": [[[[10.205452465918889, 53.48969600784386], [10.206260270855077, 53.49009038213225], [10.206288652998369, 53.49007099647113], [10.205486708909197, 53.48967158075707], [10.205452465918889, 53.48969600784386]]], [[[10.206260270855077, 53.49009038213225], [10.206260270855093, 53.49009038213226], [10.206288652998369, 53.49007099647113], [10.206288652998369, 53.49007099647113], [10.206260270855077, 53.49009038213225]]], [[[10.205452465918889, 53.48969600784386], [10.206260270855077, 53.49009038213225], [10.206260270855093, 53.49009038213226], [10.2054524659189, 53.48969600784386], [10.205452465918889, 53.48969600784386]]], [[[10.205486708909197, 53.48967158075707], [10.205452465918889, 53.48969600784386], [10.2054524659189, 53.48969600784386], [10.205486708909211, 53.48967158075707], [10.205486708909197, 53.48967158075707]]], [[[10.206288652998369, 53.49007099647113], [10.206288652998369, 53.49007099647113], [10.205486708909211, 53.48967158075707], [10.205486708909197, 53.48967158075707], [10.206288652998369, 53.49007099647113]]], [[[10.206260270855093, 53.49009038213226], [10.2054524659189, 53.48969600784386], [10.205486708909211, 53.48967158075707], [10.206288652998369, 53.49007099647113], [10.206260270855093, 53.49009038213226]]]]}, "properties": {"object_id": "01705a02-c116-40a5-b357-65f66aaca030", "type": "Platform_Surface", "height": 16, "material": "other"}}, {"type": "Feature", "geometry": {"type": "MultiPolygon", "coordinates": [[[[10.204123100369666, 53.489057714994004], [10.204004730055791, 53.489002178071985], [10.204031032148038, 53.48898368502971], [10.204150008450101, 53.48903849771056], [10.204123100369666, 53.489057714994004]]], [[[10.204150008450101, 53.48903849771056], [10.204148931585726, 53.48903801731579], [10.204029955286382, 53.48898320463385], [10.204031032148038, 53.48898368502971], [10.204150008450101, 53.48903849771056]]], [[[10.204123100369666, 53.489057714994004], [10.204150008450101, 53.48903849771056], [10.204148931585726, 53.48903801731579], [10.204122023505095, 53.489057234599], [10.204123100369666, 53.489057714994004]]], [[[10.204004730055791, 53.489002178071985], [10.204123100369666, 53.489057714994004], [10.204122023505095, 53.489057234599], [10.204003653193961, 53.4890016976759], [10.204004730055791, 53.489002178071985]]], [[[10.204031032148038, 53.48898368502971], [10.204029955286382, 53.48898320463385], [10.204003653193961, 53.4890016976759], [10.204004730055791, 53.489002178071985], [10.204031032148038, 53.48898368502971]]], [[[10.204148931585726, 53.48903801731579], [10.204122023505095, 53.489057234599], [10.204003653193961, 53.4890016976759], [10.204029955286382, 53.48898320463385], [10.204148931585726, 53.48903801731579]]]]}, "properties": {"object_id": "badc0d79-6258-4c07-b952-bf1d6a29e9cf", "type": "Platform_Surface", "height": 98, "material": "other"}}, {"type": "Feature", "geometry": {"type": "MultiPolygon", "coordinates": [[[[10.205452465921516, 53.48969600784182], [10.204122023678698, 53.48905723467643], [10.204148931585726, 53.48903801731579], [10.204545471563158, 53.489220533838335], [10.204594632860758, 53.48924298955093], [10.204643691554292, 53.48926552495507], [10.204692647280494, 53.48928813988397], [10.20474150020175, 53.48931083379821], [10.20479024838165, 53.489333607645754], [10.204838893033864, 53.48935646014217], [10.204887433273322, 53.48937939149021], [10.204935868740558, 53.48940240152023], [10.204984199076897, 53.48942549006183], [10.20503242392448, 53.48944865694419], [10.205080542926176, 53.489471901995806], [10.205128555725658, 53.4894952250446], [10.205176461967389, 53.489518625917995], [10.205224261296598, 53.489542104442705], [10.205271953359318, 53.48956566044502], [10.205319537802371, 53.489589293750576], [10.205367014273396, 53.48961300418439], [10.20541438242078, 53.48963679157104], [10.205461642418634, 53.48966065536245], [10.205485230768183, 53.489672616552326], [10.205452465921516, 53.48969600784182]]], [[[10.20503242392448, 53.48944865694419], [10.205032423924479, 53.48944865694419], [10.204984199076893, 53.48942549006183], [10.204984199076897, 53.48942549006183], [10.20503242392448, 53.48944865694419]]], [[[10.205080542926176, 53.489471901995806], [10.20503242392448, 53.48944865694419], [10.205032423924479, 53.48944865694419], [10.205080542926176, 53.489471901995806], [10.205080542926176, 53.489471901995806]]], [[[10.205128555725658, 53.4894952250446], [10.205128555725656, 53.4894952250446], [10.205080542926176, 53.489471901995806], [10.205080542926176, 53.489471901995806], [10.205128555725658, 53.4894952250446]]], [[[10.205176461967389, 53.489518625917995], [10.205128555725658, 53.4894952250446], [10.205128555725656, 53.4894952250446], [10.20517646196739, 53.489518625917995], [10.205176461967389, 53.489518625917995]]], [[[10.205224261296598, 53.489542104442705], [10.205176461967389, 53.489518625917995], [10.20517646196739, 53.489518625917995], [10.205224261296596, 53.489542104442705], [10.205224261296598, 53.489542104442705]]], [[[10.205271953359318, 53.48956566044502], [10.205224261296598, 53.489542104442705], [10.205224261296596, 53.489542104442705], [10.20527195335932, 53.48956566044502], [10.205271953359318, 53.48956566044502]]], [[[10.205319537802371, 53.489589293750576], [10.205271953359318, 53.48956566044502], [10.20527195335932, 53.48956566044502], [10.205319537802371, 53.489589293750576], [10.205319537802371, 53.489589293750576]]], [[[10.205367014273396, 53.48961300418439], [10.205319537802371, 53.489589293750576], [10.205319537802371, 53.489589293750576], [10.205367014273396, 53.48961300418439], [10.205367014273396, 53.48961300418439]]], [[[10.20541438242078, 53.48963679157104], [10.205414382420782, 53.48963679157104], [10.205367014273396, 53.48961300418439], [10.205367014273396, 53.48961300418439], [10.20541438242078, 53.48963679157104]]], [[[10.205461642418634, 53.48966065536245], [10.205461642418634, 53.48966065536245], [10.205414382420782, 53.48963679157104], [10.20541438242078, 53.48963679157104], [10.205461642418634, 53.48966065536245]]], [[[10.205485230768183, 53.489672616552326], [10.205461642418634, 53.48966065536245], [10.205461642418634, 53.48966065536245], [10.20548523076818, 53.48967261655233], [10.205485230768183, 53.489672616552326]]], [[[10.205452465921516, 53.48969600784182], [10.205452465921514, 53.48969600784182], [10.20548523076818, 53.48967261655233], [10.205485230768183, 53.489672616552326], [10.205452465921516, 53.48969600784182]]], [[[10.204122023678698, 53.48905723467643], [10.205452465921516, 53.48969600784182], [10.205452465921514, 53.48969600784182], [10.204122023678693, 53.48905723467643], [10.204122023678698, 53.48905723467643]]], [[[10.204148931585726, 53.48903801731579], [10.204148931585726, 53.48903801731579], [10.204122023678693, 53.48905723467643], [10.204122023678698, 53.48905723467643], [10.204148931585726, 53.48903801731579]]], [[[10.204545471563158, 53.489220533838335], [10.204148931585726, 53.48903801731579], [10.204148931585726, 53.48903801731579], [10.204545471563156, 53.489220533838335], [10.204545471563158, 53.489220533838335]]], [[[10.204594632860758, 53.48924298955093], [10.204545471563158, 53.489220533838335], [10.204545471563156, 53.489220533838335], [10.204594632860754, 53.48924298955093], [10.204594632860758, 53.48924298955093]]], [[[10.204643691554292, 53.48926552495507], [10.204594632860758, 53.48924298955093], [10.204594632860754, 53.48924298955093], [10.204643691554292, 53.48926552495507], [10.204643691554292, 53.48926552495507]]], [[[10.204692647280494, 53.48928813988397], [10.204643691554292, 53.48926552495507], [10.204643691554292, 53.48926552495507], [10.204692647280494, 53.48928813988397], [10.204692647280494, 53.48928813988397]]], [[[10.20474150020175, 53.48931083379821], [10.204692647280494, 53.48928813988397], [10.204692647280494, 53.48928813988397], [10.20474150020175, 53.48931083379821], [10.20474150020175, 53.48931083379821]]], [[[10.20479024838165, 53.489333607645754], [10.20474150020175, 53.48931083379821], [10.20474150020175, 53.48931083379821], [10.20479024838165, 53.489333607645754], [10.20479024838165, 53.489333607645754]]], [[[10.204838893033864, 53.48935646014217], [10.204838893033864, 53.48935646014217], [10.20479024838165, 53.489333607645754], [10.20479024838165, 53.489333607645754], [10.204838893033864, 53.48935646014217]]], [[[10.204887433273322, 53.48937939149021], [10.204838893033864, 53.48935646014217], [10.204838893033864, 53.48935646014217], [10.20488743327332, 53.48937939149021], [10.204887433273322, 53.48937939149021]]], [[[10.204935868740558, 53.48940240152023], [10.204935868740556, 53.48940240152023], [10.20488743327332, 53.48937939149021], [10.204887433273322, 53.48937939149021], [10.204935868740558, 53.48940240152023]]], [[[10.204984199076897, 53.48942549006183], [10.204935868740558, 53.48940240152023], [10.204935868740556, 53.48940240152023], [10.204984199076893, 53.48942549006183], [10.204984199076897, 53.48942549006183]]], [[[10.20548523076818, 53.48967261655233], [10.205461642418634, 53.48966065536245], [10.205414382420782, 53.48963679157104], [10.205367014273396, 53.48961300418439], [10.205319537802371, 53.489589293750576], [10.20527195335932, 53.48956566044502], [10.205224261296596, 53.489542104442705], [10.20517646196739, 53.489518625917995], [10.205128555725656, 53.4894952250446], [10.205080542926176, 53.489471901995806], [10.205032423924479, 53.48944865694419], [10.204984199076893, 53.48942549006183], [10.204935868740556, 53.48940240152023], [10.20488743327332, 53.48937939149021], [10.204838893033864, 53.48935646014217], [10.20479024838165, 53.489333607645754], [10.20474150020175, 53.48931083379821], [10.204692647280494, 53.48928813988397], [10.204643691554292, 53.48926552495507], [10.204594632860754, 53.48924298955093], [10.204545471563156, 53.489220533838335], [10.204148931585726, 53.48903801731579], [10.204122023678693, 53.48905723467643], [10.205452465921514, 53.48969600784182], [10.20548523076818, 53.48967261655233]]]]}, "properties": {"object_id": "eaed095a-39c8-4ad6-8b6f-936d61c8e89e", "type": "Platform_Surface", "height": 98, "material": "other"}}, {"type": "Feature", "geometry": {"type": "MultiPolygon", "coordinates": [[[[10.206865053302378, 53.490357042566984], [10.206845772978323, 53.4903478977336], [10.206826525815883, 53.49033872809217], [10.206807311904786, 53.49032953368548], [10.206788131334621, 53.49032031455643], [10.206768984194836, 53.49031107074793], [10.206749870574685, 53.49030180230318], [10.206730790563286, 53.490292509265366], [10.206711744249617, 53.49028319167782], [10.206692731722471, 53.49027384958403], [10.2066737530705, 53.49026448302751], [10.206654808382178, 53.490255092051996], [10.206635897745851, 53.49024567670127], [10.206617021249688, 53.49023623701923], [10.206598178981688, 53.4902267730499], [10.206579371029711, 53.490217284837414], [10.206560597481449, 53.49020777242605], [10.20655122363606, 53.4902030071596], [10.206287489425803, 53.49007179475519], [10.2062602708551, 53.49009038213225], [10.20686271940273, 53.490386968190805], [10.206832779448206, 53.49040835889872], [10.206874817049055, 53.49042657493127], [10.206897065297564, 53.49040990963038], [10.206882784455502, 53.490402710723856], [10.206900001176079, 53.490390041194345], [10.2069174129956, 53.49039775126482], [10.206925548654139, 53.49039194674915], [10.20692443424298, 53.49038495584673], [10.206903713075572, 53.49037525763921], [10.206884366698148, 53.49036616254969], [10.206865053302378, 53.490357042566984]]], [[[10.206579371029711, 53.490217284837414], [10.206560597481449, 53.49020777242605], [10.206560597481447, 53.49020777242605], [10.206579371029711, 53.49021728483743], [10.206579371029711, 53.490217284837414]]], [[[10.206598178981688, 53.4902267730499], [10.206579371029711, 53.490217284837414], [10.206579371029711, 53.49021728483743], [10.206598178981686, 53.4902267730499], [10.206598178981688, 53.4902267730499]]], [[[10.206617021249688, 53.49023623701923], [10.206617021249684, 53.49023623701923], [10.206598178981686, 53.4902267730499], [10.206598178981688, 53.4902267730499], [10.206617021249688, 53.49023623701923]]], [[[10.206635897745851, 53.49024567670127], [10.206635897745851, 53.49024567670127], [10.206617021249684, 53.49023623701923], [10.206617021249688, 53.49023623701923], [10.206635897745851, 53.49024567670127]]], [[[10.206654808382178, 53.490255092051996], [10.206635897745851, 53.49024567670127], [10.206635897745851, 53.49024567670127], [10.206654808382176, 53.49025509205201], [10.206654808382178, 53.490255092051996]]], [[[10.2066737530705, 53.49026448302751], [10.206673753070499, 53.49026448302751], [10.206654808382176, 53.49025509205201], [10.206654808382178, 53.490255092051996], [10.2066737530705, 53.49026448302751]]], [[[10.206692731722471, 53.49027384958403], [10.206692731722471, 53.49027384958403], [10.206673753070499, 53.49026448302751], [10.2066737530705, 53.49026448302751], [10.206692731722471, 53.49027384958403]]], [[[10.206711744249617, 53.49028319167782], [10.206692731722471, 53.49027384958403], [10.206692731722471, 53.49027384958403], [10.206711744249617, 53.49028319167782], [10.206711744249617, 53.49028319167782]]], [[[10.206730790563286, 53.490292509265366], [10.206711744249617, 53.49028319167782], [10.206711744249617, 53.49028319167782], [10.206730790563286, 53.490292509265366], [10.206730790563286, 53.490292509265366]]], [[[10.206749870574685, 53.49030180230318], [10.206730790563286, 53.490292509265366], [10.206730790563286, 53.490292509265366], [10.206749870574685, 53.49030180230318], [10.206749870574685, 53.49030180230318]]], [[[10.206768984194836, 53.49031107074793], [10.206749870574685, 53.49030180230318], [10.206749870574685, 53.49030180230318], [10.206768984194833, 53.49031107074793], [10.206768984194836, 53.49031107074793]]], [[[10.206788131334621, 53.49032031455643], [10.206768984194836, 53.49031107074793], [10.206768984194833, 53.49031107074793], [10.20678813133462, 53.49032031455643], [10.206788131334621, 53.49032031455643]]], [[[10.206807311904786, 53.49032953368548], [10.206807311904784, 53.49032953368549], [10.20678813133462, 53.49032031455643], [10.206788131334621, 53.49032031455643], [10.206807311904786, 53.49032953368548]]], [[[10.206826525815883, 53.49033872809217], [10.206807311904786, 53.49032953368548], [10.206807311904784, 53.49032953368549], [10.20682652581588, 53.49033872809217], [10.206826525815883, 53.49033872809217]]], [[[10.206845772978323, 53.4903478977336], [10.206845772978323, 53.4903478977336], [10.20682652581588, 53.49033872809217], [10.206826525815883, 53.49033872809217], [10.206845772978323, 53.4903478977336]]], [[[10.206865053302378, 53.490357042566984], [10.206845772978323, 53.4903478977336], [10.206845772978323, 53.4903478977336], [10.206865053302375, 53.490357042566984], [10.206865053302378, 53.490357042566984]]], [[[10.206884366698148, 53.49036616254969], [10.206865053302378, 53.490357042566984], [10.206865053302375, 53.490357042566984], [10.206884366698148, 53.49036616254969], [10.206884366698148, 53.49036616254969]]], [[[10.206903713075572, 53.49037525763921], [10.206884366698148, 53.49036616254969], [10.206884366698148, 53.49036616254969], [10.20690371307557, 53.49037525763921], [10.206903713075572, 53.49037525763921]]], [[[10.20692443424298, 53.49038495584673], [10.206924434242978, 53.49038495584673], [10.20690371307557, 53.49037525763921], [10.206903713075572, 53.49037525763921], [10.20692443424298, 53.49038495584673]]], [[[10.206925548654139, 53.49039194674915], [10.20692443424298, 53.49038495584673], [10.206924434242978, 53.49038495584673], [10.206925548654139, 53.49039194674915], [10.206925548654139, 53.49039194674915]]], [[[10.2069174129956, 53.49039775126482], [10.206925548654139, 53.49039194674915], [10.206925548654139, 53.49039194674915], [10.206917412995598, 53.49039775126482], [10.2069174129956, 53.49039775126482]]], [[[10.206900001176079, 53.490390041194345], [10.2069174129956, 53.49039775126482], [10.206917412995598, 53.49039775126482], [10.206900001176075, 53.490390041194345], [10.206900001176079, 53.490390041194345]]], [[[10.206882784455502, 53.490402710723856], [10.206900001176079, 53.490390041194345], [10.206900001176075, 53.490390041194345], [10.2068827844555, 53.49040271072386], [10.206882784455502, 53.490402710723856]]], [[[10.206897065297564, 53.49040990963038], [10.206897065297563, 53.49040990963038], [10.2068827844555, 53.49040271072386], [10.206882784455502, 53.490402710723856], [10.206897065297564, 53.49040990963038]]], [[[10.206874817049055, 53.49042657493127], [10.206874817049053, 53.49042657493126], [10.206897065297563, 53.49040990963038], [10.206897065297564, 53.49040990963038], [10.206874817049055, 53.49042657493127]]], [[[10.206832779448206, 53.49040835889872], [10.206832779448206, 53.49040835889873], [10.206874817049053, 53.49042657493126], [10.206874817049055, 53.49042657493127], [10.206832779448206, 53.49040835889872]]], [[[10.20686271940273, 53.490386968190805], [10.206832779448206, 53.49040835889872], [10.206832779448206, 53.49040835889873], [10.20686271940273, 53.490386968190805], [10.20686271940273, 53.490386968190805]]], [[[10.2062602708551, 53.49009038213225], [10.20686271940273, 53.490386968190805], [10.20686271940273, 53.490386968190805], [10.2062602708551, 53.49009038213225], [10.2062602708551, 53.49009038213225]]], [[[10.206287489425803, 53.49007179475519], [10.2062602708551, 53.49009038213225], [10.2062602708551, 53.49009038213225], [10.206287489425796, 53.49007179475519], [10.206287489425803, 53.49007179475519]]], [[[10.20655122363606, 53.4902030071596], [10.20655122363606, 53.490203007159614], [10.206287489425796, 53.49007179475519], [10.206287489425803, 53.49007179475519], [10.20655122363606, 53.4902030071596]]], [[[10.206560597481449, 53.49020777242605], [10.20655122363606, 53.4902030071596], [10.20655122363606, 53.490203007159614], [10.206560597481447, 53.49020777242605], [10.206560597481449, 53.49020777242605]]], [[[10.206845772978323, 53.4903478977336], [10.20682652581588, 53.49033872809217], [10.206807311904784, 53.49032953368549], [10.20678813133462, 53.49032031455643], [10.206768984194833, 53.49031107074793], [10.206749870574685, 53.49030180230318], [10.206730790563286, 53.490292509265366], [10.206711744249617, 53.49028319167782], [10.206692731722471, 53.49027384958403], [10.206673753070499, 53.49026448302751], [10.206654808382176, 53.49025509205201], [10.206635897745851, 53.49024567670127], [10.206617021249684, 53.49023623701923], [10.206598178981686, 53.4902267730499], [10.206579371029711, 53.49021728483743], [10.206560597481447, 53.49020777242605], [10.20655122363606, 53.490203007159614], [10.206287489425796, 53.49007179475519], [10.2062602708551, 53.49009038213225], [10.20686271940273, 53.490386968190805], [10.206832779448206, 53.49040835889873], [10.206874817049053, 53.49042657493126], [10.206897065297563, 53.49040990963038], [10.2068827844555, 53.49040271072386], [10.206900001176075, 53.490390041194345], [10.206917412995598, 53.49039775126482], [10.206925548654139, 53.49039194674915], [10.206924434242978, 53.49038495584673], [10.20690371307557, 53.49037525763921], [10.206884366698148, 53.49036616254969], [10.206865053302375, 53.490357042566984], [10.206845772978323, 53.4903478977336]]]]}, "properties": {"object_id": "7d694187-8500-42ff-8ddd-9797dbadf1d0", "type": "Platform_Surface", "height": 98, "material": "other"}}, {"type": "Feature", "geometry": {"type": "MultiPolygon", "coordinates": [[[[10.205485230771737, 53.48967261654999], [10.205452465917887, 53.489696007844216], [10.206260270856289, 53.49009038213183], [10.206287489432107, 53.49007179474122], [10.205485230771737, 53.48967261654999]]], [[[10.205452465917887, 53.489696007844216], [10.206260270856289, 53.49009038213183], [10.206260270856287, 53.49009038213183], [10.205452465917901, 53.489696007844216], [10.205452465917887, 53.489696007844216]]], [[[10.205485230771737, 53.48967261654999], [10.205452465917887, 53.489696007844216], [10.205452465917901, 53.489696007844216], [10.205485230771751, 53.489672616549996], [10.205485230771737, 53.48967261654999]]], [[[10.206287489432107, 53.49007179474122], [10.205485230771737, 53.48967261654999], [10.205485230771751, 53.489672616549996], [10.206287489432121, 53.490071794741226], [10.206287489432107, 53.49007179474122]]], [[[10.206260270856289, 53.49009038213183], [10.206287489432107, 53.49007179474122], [10.206287489432121, 53.490071794741226], [10.206260270856287, 53.49009038213183], [10.206260270856289, 53.49009038213183]]], [[[10.205452465917901, 53.489696007844216], [10.206260270856287, 53.49009038213183], [10.206287489432121, 53.490071794741226], [10.205485230771751, 53.489672616549996], [10.205452465917901, 53.489696007844216]]]]}, "properties": {"object_id": "7c0562ba-6986-425e-9e4d-77e59c8e0c46", "type": "Platform_Surface", "height": 98, "material": "other"}}, {"type": "Feature", "geometry": {"type": "MultiPolygon", "coordinates": [[[[10.204985566414841, 53.48923662379672], [10.20495122930852, 53.48926208458357], [10.20427641346284, 53.48895233943429], [10.204170200773689, 53.48890298433584], [10.204188057225064, 53.488888399333376], [10.204355646803764, 53.488959851713986], [10.204388579788532, 53.488973936112565], [10.20442147908453, 53.48898804849627], [10.20445434462497, 53.48900218883638], [10.204487176343084, 53.489016357104255], [10.204519974172172, 53.4890305532711], [10.204552738045594, 53.489044777308116], [10.204585467896818, 53.489059029186365], [10.204618163659363, 53.48907330887697], [10.204650825266786, 53.48908761635094], [10.204683452652741, 53.48910195157918], [10.204716045750972, 53.489116314532595], [10.204748604495258, 53.48913070518206], [10.204781128819443, 53.48914512349831], [10.20481361865748, 53.48915956945213], [10.204846073943358, 53.4891740430141], [10.204878494611147, 53.4891885441549], [10.204910880594984, 53.48920307284508], [10.20494323182908, 53.489217629055105], [10.204959394394438, 53.48922491747087], [10.204985566414841, 53.48923662379672]]], [[[10.204618163659363, 53.48907330887697], [10.204585467896818, 53.489059029186365], [10.204585467896818, 53.489059029186365], [10.204618163659363, 53.48907330887697], [10.204618163659363, 53.48907330887697]]], [[[10.204650825266786, 53.48908761635094], [10.204650825266787, 53.48908761635094], [10.204618163659363, 53.48907330887697], [10.204618163659363, 53.48907330887697], [10.204650825266786, 53.48908761635094]]], [[[10.204683452652741, 53.48910195157918], [10.204650825266786, 53.48908761635094], [10.204650825266787, 53.48908761635094], [10.204683452652741, 53.48910195157918], [10.204683452652741, 53.48910195157918]]], [[[10.204716045750972, 53.489116314532595], [10.204683452652741, 53.48910195157918], [10.204683452652741, 53.48910195157918], [10.204716045750972, 53.489116314532595], [10.204716045750972, 53.489116314532595]]], [[[10.204748604495258, 53.48913070518206], [10.204716045750972, 53.489116314532595], [10.204716045750972, 53.489116314532595], [10.204748604495258, 53.489130705182056], [10.204748604495258, 53.48913070518206]]], [[[10.204781128819443, 53.48914512349831], [10.204781128819445, 53.48914512349831], [10.204748604495258, 53.489130705182056], [10.204748604495258, 53.48913070518206], [10.204781128819443, 53.48914512349831]]], [[[10.20481361865748, 53.48915956945213], [10.204781128819443, 53.48914512349831], [10.204781128819445, 53.48914512349831], [10.20481361865748, 53.48915956945213], [10.20481361865748, 53.48915956945213]]], [[[10.204846073943358, 53.4891740430141], [10.20481361865748, 53.48915956945213], [10.20481361865748, 53.48915956945213], [10.204846073943358, 53.4891740430141], [10.204846073943358, 53.4891740430141]]], [[[10.204878494611147, 53.4891885441549], [10.204878494611147, 53.4891885441549], [10.204846073943358, 53.4891740430141], [10.204846073943358, 53.4891740430141], [10.204878494611147, 53.4891885441549]]], [[[10.204910880594984, 53.48920307284508], [10.204910880594987, 53.48920307284507], [10.204878494611147, 53.4891885441549], [10.204878494611147, 53.4891885441549], [10.204910880594984, 53.48920307284508]]], [[[10.20494323182908, 53.489217629055105], [10.204943231829079, 53.489217629055105], [10.204910880594987, 53.48920307284507], [10.204910880594984, 53.48920307284508], [10.20494323182908, 53.489217629055105]]], [[[10.204959394394438, 53.48922491747087], [10.20494323182908, 53.489217629055105], [10.204943231829079, 53.489217629055105], [10.204959394394434, 53.48922491747087], [10.204959394394438, 53.48922491747087]]], [[[10.204985566414841, 53.48923662379672], [10.204959394394438, 53.48922491747087], [10.204959394394434, 53.48922491747087], [10.204985566414841, 53.48923662379672], [10.204985566414841, 53.48923662379672]]], [[[10.20495122930852, 53.48926208458357], [10.204951229308522, 53.48926208458355], [10.204985566414841, 53.48923662379672], [10.204985566414841, 53.48923662379672], [10.20495122930852, 53.48926208458357]]], [[[10.20427641346284, 53.48895233943429], [10.20495122930852, 53.48926208458357], [10.204951229308522, 53.48926208458355], [10.204276413462834, 53.48895233943429], [10.20427641346284, 53.48895233943429]]], [[[10.204170200773689, 53.48890298433584], [10.20427641346284, 53.48895233943429], [10.204276413462834, 53.48895233943429], [10.204170200773689, 53.48890298433584], [10.204170200773689, 53.48890298433584]]], [[[10.204188057225064, 53.488888399333376], [10.204170200773689, 53.48890298433584], [10.204170200773689, 53.48890298433584], [10.204188057225064, 53.488888399333376], [10.204188057225064, 53.488888399333376]]], [[[10.204355646803764, 53.488959851713986], [10.204355646803764, 53.488959851713986], [10.204188057225064, 53.488888399333376], [10.204188057225064, 53.488888399333376], [10.204355646803764, 53.488959851713986]]], [[[10.204388579788532, 53.488973936112565], [10.20438857978853, 53.488973936112565], [10.204355646803764, 53.488959851713986], [10.204355646803764, 53.488959851713986], [10.204388579788532, 53.488973936112565]]], [[[10.20442147908453, 53.48898804849627], [10.204388579788532, 53.488973936112565], [10.20438857978853, 53.488973936112565], [10.204421479084528, 53.48898804849627], [10.20442147908453, 53.48898804849627]]], [[[10.20445434462497, 53.48900218883638], [10.20445434462497, 53.48900218883638], [10.204421479084528, 53.48898804849627], [10.20442147908453, 53.48898804849627], [10.20445434462497, 53.48900218883638]]], [[[10.204487176343084, 53.489016357104255], [10.204487176343084, 53.48901635710424], [10.20445434462497, 53.48900218883638], [10.20445434462497, 53.48900218883638], [10.204487176343084, 53.489016357104255]]], [[[10.204519974172172, 53.4890305532711], [10.204487176343084, 53.489016357104255], [10.204487176343084, 53.48901635710424], [10.204519974172172, 53.4890305532711], [10.204519974172172, 53.4890305532711]]], [[[10.204552738045594, 53.489044777308116], [10.204519974172172, 53.4890305532711], [10.204519974172172, 53.4890305532711], [10.204552738045598, 53.4890447773081], [10.204552738045594, 53.489044777308116]]], [[[10.204585467896818, 53.489059029186365], [10.204585467896818, 53.489059029186365], [10.204552738045598, 53.4890447773081], [10.204552738045594, 53.489044777308116], [10.204585467896818, 53.489059029186365]]], [[[10.204959394394434, 53.48922491747087], [10.204985566414841, 53.48923662379672], [10.204951229308522, 53.48926208458355], [10.204276413462834, 53.48895233943429], [10.204170200773689, 53.48890298433584], [10.204188057225064, 53.488888399333376], [10.204355646803764, 53.488959851713986], [10.20438857978853, 53.488973936112565], [10.204421479084528, 53.48898804849627], [10.20445434462497, 53.48900218883638], [10.204487176343084, 53.48901635710424], [10.204519974172172, 53.4890305532711], [10.204552738045598, 53.4890447773081], [10.204585467896818, 53.489059029186365], [10.204618163659363, 53.48907330887697], [10.204650825266787, 53.48908761635094], [10.204683452652741, 53.48910195157918], [10.204716045750972, 53.489116314532595], [10.204748604495258, 53.489130705182056], [10.204781128819445, 53.48914512349831], [10.20481361865748, 53.48915956945213], [10.204846073943358, 53.4891740430141], [10.204878494611147, 53.4891885441549], [10.204910880594987, 53.48920307284507], [10.204943231829079, 53.489217629055105], [10.204959394394434, 53.48922491747087]]]]}, "properties": {"object_id": "51b9f482-c94f-46c9-aae7-8e35c4e10e40", "type": "Platform_Surface", "height": 105, "material": "other"}}, {"type": "Feature", "geometry": {"type": "MultiPolygon", "coordinates": [[[[10.20427641908541, 53.48895233404204], [10.204170218647695, 53.488902969095854], [10.204130873188795, 53.488934867769856], [10.204235055584423, 53.488982444116814], [10.204266953542673, 53.48899684438392], [10.204304924743676, 53.48901412885775], [10.204342851624276, 53.489031447921626], [10.204380734095839, 53.48904880153511], [10.204418572069834, 53.48906618965772], [10.204456365457848, 53.48908361224878], [10.204494114171537, 53.48910106926763], [10.204531818122698, 53.48911856067352], [10.204569477223211, 53.48913608642555], [10.204607091385073, 53.489153646482805], [10.20464466052037, 53.489171240804296], [10.20468218454131, 53.48918886934892], [10.20471966336019, 53.48920653207547], [10.20475709688943, 53.489224228942696], [10.204794485041543, 53.48924195990934], [10.204831827729144, 53.48925972493389], [10.204869124864961, 53.48927752397491], [10.204906360692705, 53.48929535140273], [10.204951242826514, 53.48926209106842], [10.20427641908541, 53.48895233404204]]], [[[10.204531818122698, 53.48911856067352], [10.204531818122698, 53.48911856067352], [10.204569477223211, 53.48913608642555], [10.204569477223211, 53.48913608642555], [10.204531818122698, 53.48911856067352]]], [[[10.204494114171537, 53.48910106926763], [10.204531818122698, 53.48911856067352], [10.204531818122698, 53.48911856067352], [10.20449411417154, 53.48910106926765], [10.204494114171537, 53.48910106926763]]], [[[10.204456365457848, 53.48908361224878], [10.204456365457846, 53.489083612248784], [10.20449411417154, 53.48910106926765], [10.204494114171537, 53.48910106926763], [10.204456365457848, 53.48908361224878]]], [[[10.204418572069834, 53.48906618965772], [10.204418572069834, 53.48906618965772], [10.204456365457846, 53.489083612248784], [10.204456365457848, 53.48908361224878], [10.204418572069834, 53.48906618965772]]], [[[10.204380734095839, 53.48904880153511], [10.204418572069834, 53.48906618965772], [10.204418572069834, 53.48906618965772], [10.204380734095837, 53.48904880153512], [10.204380734095839, 53.48904880153511]]], [[[10.204342851624276, 53.489031447921626], [10.204342851624276, 53.489031447921626], [10.204380734095837, 53.48904880153512], [10.204380734095839, 53.48904880153511], [10.204342851624276, 53.489031447921626]]], [[[10.204304924743676, 53.48901412885775], [10.204304924743676, 53.48901412885775], [10.204342851624276, 53.489031447921626], [10.204342851624276, 53.489031447921626], [10.204304924743676, 53.48901412885775]]], [[[10.204266953542673, 53.48899684438392], [10.204266953542673, 53.48899684438392], [10.204304924743676, 53.48901412885775], [10.204304924743676, 53.48901412885775], [10.204266953542673, 53.48899684438392]]], [[[10.204235055584423, 53.488982444116814], [10.204266953542673, 53.48899684438392], [10.204266953542673, 53.48899684438392], [10.204235055584425, 53.488982444116814], [10.204235055584423, 53.488982444116814]]], [[[10.204130873188795, 53.488934867769856], [10.204235055584423, 53.488982444116814], [10.204235055584425, 53.488982444116814], [10.204130873188795, 53.488934867769856], [10.204130873188795, 53.488934867769856]]], [[[10.204170218647695, 53.488902969095854], [10.204170218647695, 53.488902969095854], [10.204130873188795, 53.488934867769856], [10.204130873188795, 53.488934867769856], [10.204170218647695, 53.488902969095854]]], [[[10.20427641908541, 53.48895233404204], [10.204170218647695, 53.488902969095854], [10.204170218647695, 53.488902969095854], [10.204276419085412, 53.48895233404204], [10.20427641908541, 53.48895233404204]]], [[[10.204951242826514, 53.48926209106842], [10.204951242826516, 53.48926209106842], [10.204276419085412, 53.48895233404204], [10.20427641908541, 53.48895233404204], [10.204951242826514, 53.48926209106842]]], [[[10.204906360692705, 53.48929535140273], [10.204906360692705, 53.48929535140273], [10.204951242826516, 53.48926209106842], [10.204951242826514, 53.48926209106842], [10.204906360692705, 53.48929535140273]]], [[[10.204869124864961, 53.48927752397491], [10.204906360692705, 53.48929535140273], [10.204906360692705, 53.48929535140273], [10.204869124864961, 53.48927752397491], [10.204869124864961, 53.48927752397491]]], [[[10.204831827729144, 53.48925972493389], [10.204831827729144, 53.48925972493389], [10.204869124864961, 53.48927752397491], [10.204869124864961, 53.48927752397491], [10.204831827729144, 53.48925972493389]]], [[[10.204794485041543, 53.48924195990934], [10.204831827729144, 53.48925972493389], [10.204831827729144, 53.48925972493389], [10.204794485041539, 53.48924195990933], [10.204794485041543, 53.48924195990934]]], [[[10.20475709688943, 53.489224228942696], [10.20475709688943, 53.489224228942696], [10.204794485041539, 53.48924195990933], [10.204794485041543, 53.48924195990934], [10.20475709688943, 53.489224228942696]]], [[[10.20471966336019, 53.48920653207547], [10.20471966336019, 53.48920653207547], [10.20475709688943, 53.489224228942696], [10.20475709688943, 53.489224228942696], [10.20471966336019, 53.48920653207547]]], [[[10.20468218454131, 53.48918886934892], [10.204682184541307, 53.48918886934892], [10.20471966336019, 53.48920653207547], [10.20471966336019, 53.48920653207547], [10.20468218454131, 53.48918886934892]]], [[[10.20464466052037, 53.489171240804296], [10.20468218454131, 53.48918886934892], [10.204682184541307, 53.48918886934892], [10.20464466052037, 53.489171240804296], [10.20464466052037, 53.489171240804296]]], [[[10.204607091385073, 53.489153646482805], [10.204607091385073, 53.489153646482805], [10.20464466052037, 53.489171240804296], [10.20464466052037, 53.489171240804296], [10.204607091385073, 53.489153646482805]]], [[[10.204569477223211, 53.48913608642555], [10.204569477223211, 53.48913608642555], [10.204607091385073, 53.489153646482805], [10.204607091385073, 53.489153646482805], [10.204569477223211, 53.48913608642555]]], [[[10.204170218647695, 53.488902969095854], [10.204276419085412, 53.48895233404204], [10.204951242826516, 53.48926209106842], [10.204906360692705, 53.48929535140273], [10.204869124864961, 53.48927752397491], [10.204831827729144, 53.48925972493389], [10.204794485041539, 53.48924195990933], [10.20475709688943, 53.489224228942696], [10.20471966336019, 53.48920653207547], [10.204682184541307, 53.48918886934892], [10.20464466052037, 53.489171240804296], [10.204607091385073, 53.489153646482805], [10.204569477223211, 53.48913608642555], [10.204531818122698, 53.48911856067352], [10.20449411417154, 53.48910106926765], [10.204456365457846, 53.489083612248784], [10.204418572069834, 53.48906618965772], [10.204380734095837, 53.48904880153512], [10.204342851624276, 53.489031447921626], [10.204304924743676, 53.48901412885775], [10.204266953542673, 53.48899684438392], [10.204235055584425, 53.488982444116814], [10.204130873188795, 53.488934867769856], [10.204170218647695, 53.488902969095854]]]]}, "properties": {"object_id": "795bbbfb-71d4-46e1-98cc-087666c62370", "type": "Platform_Surface", "height": 105, "material": "other"}}, {"type": "Feature", "geometry": {"type": "MultiPolygon", "coordinates": [[[[10.206129511522093, 53.48989890770291], [10.206680294112678, 53.49017442930909], [10.206709412739077, 53.49015477790719], [10.207073225096215, 53.490337088084814], [10.207143324240459, 53.49028803741526], [10.206780744255223, 53.49010616440025], [10.206766572273102, 53.490099054007565], [10.206738221363448, 53.49008483815258], [10.206709861196831, 53.490070628873205], [10.206681491777564, 53.490056426171606], [10.206653113109912, 53.4900422300499], [10.206624725198205, 53.49002804051027], [10.206596328046711, 53.490013857554835], [10.206567921659751, 53.48999968118575], [10.2065395060416, 53.489985511405145], [10.206511081196586, 53.48997134821514], [10.206482647129004, 53.489957191617926], [10.20645420384316, 53.48994304161559], [10.206425751343367, 53.48992889821033], [10.206397289633893, 53.48991476140424], [10.206368818719092, 53.48990063119947], [10.206340338603267, 53.48988650759812], [10.206311849290708, 53.48987239060239], [10.206283350785746, 53.48985828021435], [10.20625484309271, 53.489844176436186], [10.206226301200623, 53.4898300885357], [10.206129511522093, 53.48989890770291]]], [[[10.2065395060416, 53.489985511405145], [10.206567921659751, 53.48999968118575], [10.206567921659765, 53.48999968118575], [10.206539506041615, 53.489985511405145], [10.2065395060416, 53.489985511405145]]], [[[10.206511081196586, 53.48997134821514], [10.2065395060416, 53.489985511405145], [10.206539506041615, 53.489985511405145], [10.2065110811966, 53.48997134821514], [10.206511081196586, 53.48997134821514]]], [[[10.206482647129004, 53.489957191617926], [10.206482647129018, 53.489957191617926], [10.2065110811966, 53.48997134821514], [10.206511081196586, 53.48997134821514], [10.206482647129004, 53.489957191617926]]], [[[10.20645420384316, 53.48994304161559], [10.206482647129004, 53.489957191617926], [10.206482647129018, 53.489957191617926], [10.206454203843174, 53.48994304161559], [10.20645420384316, 53.48994304161559]]], [[[10.206425751343367, 53.48992889821033], [10.20645420384316, 53.48994304161559], [10.206454203843174, 53.48994304161559], [10.206425751343367, 53.48992889821033], [10.206425751343367, 53.48992889821033]]], [[[10.206397289633893, 53.48991476140424], [10.206397289633909, 53.48991476140424], [10.206425751343367, 53.48992889821033], [10.206425751343367, 53.48992889821033], [10.206397289633893, 53.48991476140424]]], [[[10.206368818719092, 53.48990063119947], [10.206397289633893, 53.48991476140424], [10.206397289633909, 53.48991476140424], [10.206368818719103, 53.48990063119947], [10.206368818719092, 53.48990063119947]]], [[[10.206340338603267, 53.48988650759812], [10.206368818719092, 53.48990063119947], [10.206368818719103, 53.48990063119947], [10.206340338603283, 53.48988650759812], [10.206340338603267, 53.48988650759812]]], [[[10.206311849290708, 53.48987239060239], [10.20631184929072, 53.48987239060239], [10.206340338603283, 53.48988650759812], [10.206340338603267, 53.48988650759812], [10.206311849290708, 53.48987239060239]]], [[[10.206283350785746, 53.48985828021435], [10.206311849290708, 53.48987239060239], [10.20631184929072, 53.48987239060239], [10.206283350785759, 53.48985828021435], [10.206283350785746, 53.48985828021435]]], [[[10.20625484309271, 53.489844176436186], [10.206254843092724, 53.489844176436186], [10.206283350785759, 53.48985828021435], [10.206283350785746, 53.48985828021435], [10.20625484309271, 53.489844176436186]]], [[[10.206226301200623, 53.4898300885357], [10.20625484309271, 53.489844176436186], [10.206254843092724, 53.489844176436186], [10.206226301200637, 53.4898300885357], [10.206226301200623, 53.4898300885357]]], [[[10.206129511522093, 53.48989890770291], [10.206129511522107, 53.48989890770291], [10.206226301200637, 53.4898300885357], [10.206226301200623, 53.4898300885357], [10.206129511522093, 53.48989890770291]]], [[[10.206680294112678, 53.49017442930909], [10.206129511522093, 53.48989890770291], [10.206129511522107, 53.48989890770291], [10.206680294112694, 53.4901744293091], [10.206680294112678, 53.49017442930909]]], [[[10.206709412739077, 53.49015477790719], [10.206709412739091, 53.49015477790719], [10.206680294112694, 53.4901744293091], [10.206680294112678, 53.49017442930909], [10.206709412739077, 53.49015477790719]]], [[[10.207073225096215, 53.490337088084814], [10.20707322509623, 53.490337088084814], [10.206709412739091, 53.49015477790719], [10.206709412739077, 53.49015477790719], [10.207073225096215, 53.490337088084814]]], [[[10.207143324240459, 53.49028803741526], [10.207073225096215, 53.490337088084814], [10.20707322509623, 53.490337088084814], [10.207143324240471, 53.49028803741526], [10.207143324240459, 53.49028803741526]]], [[[10.206780744255223, 53.49010616440025], [10.206780744255235, 53.49010616440025], [10.207143324240471, 53.49028803741526], [10.207143324240459, 53.49028803741526], [10.206780744255223, 53.49010616440025]]], [[[10.206766572273102, 53.490099054007565], [10.206766572273102, 53.490099054007565], [10.206780744255235, 53.49010616440025], [10.206780744255223, 53.49010616440025], [10.206766572273102, 53.490099054007565]]], [[[10.206738221363448, 53.49008483815258], [10.206766572273102, 53.490099054007565], [10.206766572273102, 53.490099054007565], [10.206738221363462, 53.49008483815258], [10.206738221363448, 53.49008483815258]]], [[[10.206709861196831, 53.490070628873205], [10.206709861196842, 53.490070628873205], [10.206738221363462, 53.49008483815258], [10.206738221363448, 53.49008483815258], [10.206709861196831, 53.490070628873205]]], [[[10.206681491777564, 53.490056426171606], [10.206681491777577, 53.490056426171606], [10.206709861196842, 53.490070628873205], [10.206709861196831, 53.490070628873205], [10.206681491777564, 53.490056426171606]]], [[[10.206653113109912, 53.4900422300499], [10.206681491777564, 53.490056426171606], [10.206681491777577, 53.490056426171606], [10.206653113109926, 53.4900422300499], [10.206653113109912, 53.4900422300499]]], [[[10.206624725198205, 53.49002804051027], [10.206653113109912, 53.4900422300499], [10.206653113109926, 53.4900422300499], [10.206624725198205, 53.49002804051027], [10.206624725198205, 53.49002804051027]]], [[[10.206596328046711, 53.490013857554835], [10.20659632804672, 53.490013857554835], [10.206624725198205, 53.49002804051027], [10.206624725198205, 53.49002804051027], [10.206596328046711, 53.490013857554835]]], [[[10.206567921659751, 53.48999968118575], [10.206596328046711, 53.490013857554835], [10.20659632804672, 53.490013857554835], [10.206567921659765, 53.48999968118575], [10.206567921659751, 53.48999968118575]]], [[[10.206226301200637, 53.4898300885357], [10.206129511522107, 53.48989890770291], [10.206680294112694, 53.4901744293091], [10.206709412739091, 53.49015477790719], [10.20707322509623, 53.490337088084814], [10.207143324240471, 53.49028803741526], [10.206780744255235, 53.49010616440025], [10.206766572273102, 53.490099054007565], [10.206738221363462, 53.49008483815258], [10.206709861196842, 53.490070628873205], [10.206681491777577, 53.490056426171606], [10.206653113109926, 53.4900422300499], [10.206624725198205, 53.49002804051027], [10.20659632804672, 53.490013857554835], [10.206567921659765, 53.48999968118575], [10.206539506041615, 53.489985511405145], [10.2065110811966, 53.48997134821514], [10.206482647129018, 53.489957191617926], [10.206454203843174, 53.48994304161559], [10.206425751343367, 53.48992889821033], [10.206397289633909, 53.48991476140424], [10.206368818719103, 53.48990063119947], [10.206340338603283, 53.48988650759812], [10.20631184929072, 53.48987239060239], [10.206283350785759, 53.48985828021435], [10.206254843092724, 53.489844176436186], [10.206226301200637, 53.4898300885357]]]]}, "properties": {"object_id": "ea0c3053-cb41-497d-97b6-718d98eda708", "type": "Platform_Surface", "height": 105, "material": "other"}}, {"type": "Feature", "geometry": {"type": "MultiPolygon", "coordinates": [[[[10.20500007997374, 53.48924322987022], [10.204985566412823, 53.4892366237984], [10.204906360692709, 53.489295351402745], [10.204920502810262, 53.48930209771538], [10.204948767176825, 53.48931560514466], [10.204977005019716, 53.489329132297186], [10.205005216300203, 53.48934267915445], [10.205033400979614, 53.48935624569784], [10.2050615590193, 53.4893698319088], [10.205089690380664, 53.48938343776871], [10.205117795025128, 53.48939706325892], [10.20514587291415, 53.489410708360765], [10.20517392400924, 53.489424373055556], [10.20520194827194, 53.48943805732456], [10.205229945663815, 53.48945176114902], [10.205257916146484, 53.48946548451016], [10.205285859681595, 53.48947922738918], [10.205313776230833, 53.48949298976726], [10.205341665755913, 53.4895067716255], [10.205369528218604, 53.48952057294509], [10.205397363580698, 53.48953439370705], [10.205425171804025, 53.48954823389245], [10.205452952850457, 53.489562093482384], [10.205544825533929, 53.48949752547606], [10.205516433875463, 53.48948393043794], [10.205488010892863, 53.48947035870629], [10.205459556639958, 53.48945681030676], [10.205431071170612, 53.489443285265004], [10.205402554538768, 53.48942978360661], [10.205374006798424, 53.48941630535713], [10.205345428003623, 53.489402850542085], [10.20531681820848, 53.48938941918692], [10.205288177467168, 53.48937601131707], [10.205259505833915, 53.48936262695785], [10.20523080336301, 53.48934926613468], [10.205202070108788, 53.489335928872805], [10.20517330612566, 53.48932261519744], [10.205144511468085, 53.489309325133796], [10.205115686190586, 53.48929605870703], [10.205086830347739, 53.48928281594225], [10.20505794399418, 53.48926959686454], [10.205029027184594, 53.48925640149886], [10.20500007997374, 53.48924322987022]]], [[[10.205397363580698, 53.48953439370705], [10.205425171804025, 53.48954823389245], [10.205425171804022, 53.489548233892485], [10.205397363580694, 53.48953439370705], [10.205397363580698, 53.48953439370705]]], [[[10.205369528218604, 53.48952057294509], [10.205369528218599, 53.48952057294511], [10.205397363580694, 53.48953439370705], [10.205397363580698, 53.48953439370705], [10.205369528218604, 53.48952057294509]]], [[[10.205341665755913, 53.4895067716255], [10.205369528218604, 53.48952057294509], [10.205369528218599, 53.48952057294511], [10.205341665755912, 53.489506771625514], [10.205341665755913, 53.4895067716255]]], [[[10.205313776230833, 53.48949298976726], [10.20531377623083, 53.48949298976726], [10.205341665755912, 53.489506771625514], [10.205341665755913, 53.4895067716255], [10.205313776230833, 53.48949298976726]]], [[[10.205285859681595, 53.48947922738918], [10.205313776230833, 53.48949298976726], [10.20531377623083, 53.48949298976726], [10.205285859681593, 53.48947922738919], [10.205285859681595, 53.48947922738918]]], [[[10.205257916146484, 53.48946548451016], [10.205257916146483, 53.48946548451017], [10.205285859681593, 53.48947922738919], [10.205285859681595, 53.48947922738918], [10.205257916146484, 53.48946548451016]]], [[[10.205229945663815, 53.48945176114902], [10.205229945663813, 53.48945176114903], [10.205257916146483, 53.48946548451017], [10.205257916146484, 53.48946548451016], [10.205229945663815, 53.48945176114902]]], [[[10.20520194827194, 53.48943805732456], [10.20520194827194, 53.48943805732457], [10.205229945663813, 53.48945176114903], [10.205229945663815, 53.48945176114902], [10.20520194827194, 53.48943805732456]]], [[[10.20517392400924, 53.489424373055556], [10.20517392400924, 53.48942437305556], [10.20520194827194, 53.48943805732457], [10.20520194827194, 53.48943805732456], [10.20517392400924, 53.489424373055556]]], [[[10.20514587291415, 53.489410708360765], [10.20514587291415, 53.489410708360765], [10.20517392400924, 53.48942437305556], [10.20517392400924, 53.489424373055556], [10.20514587291415, 53.489410708360765]]], [[[10.205117795025128, 53.48939706325892], [10.205117795025126, 53.48939706325892], [10.20514587291415, 53.489410708360765], [10.20514587291415, 53.489410708360765], [10.205117795025128, 53.48939706325892]]], [[[10.205089690380664, 53.48938343776871], [10.205089690380666, 53.48938343776871], [10.205117795025126, 53.48939706325892], [10.205117795025128, 53.48939706325892], [10.205089690380664, 53.48938343776871]]], [[[10.2050615590193, 53.4893698319088], [10.205089690380664, 53.48938343776871], [10.205089690380666, 53.48938343776871], [10.2050615590193, 53.48936983190881], [10.2050615590193, 53.4893698319088]]], [[[10.205033400979614, 53.48935624569784], [10.205033400979612, 53.48935624569786], [10.2050615590193, 53.48936983190881], [10.2050615590193, 53.4893698319088], [10.205033400979614, 53.48935624569784]]], [[[10.205005216300203, 53.48934267915445], [10.205033400979614, 53.48935624569784], [10.205033400979612, 53.48935624569786], [10.205005216300203, 53.48934267915445], [10.205005216300203, 53.48934267915445]]], [[[10.204977005019716, 53.489329132297186], [10.204977005019714, 53.48932913229718], [10.205005216300203, 53.48934267915445], [10.205005216300203, 53.48934267915445], [10.204977005019716, 53.489329132297186]]], [[[10.204948767176825, 53.48931560514466], [10.204977005019716, 53.489329132297186], [10.204977005019714, 53.48932913229718], [10.204948767176825, 53.48931560514467], [10.204948767176825, 53.48931560514466]]], [[[10.204920502810262, 53.48930209771538], [10.204948767176825, 53.48931560514466], [10.204948767176825, 53.48931560514467], [10.20492050281026, 53.48930209771538], [10.204920502810262, 53.48930209771538]]], [[[10.204906360692709, 53.489295351402745], [10.204920502810262, 53.48930209771538], [10.20492050281026, 53.48930209771538], [10.204906360692709, 53.48929535140275], [10.204906360692709, 53.489295351402745]]], [[[10.204985566412823, 53.4892366237984], [10.204906360692709, 53.489295351402745], [10.204906360692709, 53.48929535140275], [10.20498556641282, 53.48923662379841], [10.204985566412823, 53.4892366237984]]], [[[10.20500007997374, 53.48924322987022], [10.204985566412823, 53.4892366237984], [10.20498556641282, 53.48923662379841], [10.205000079973736, 53.48924322987022], [10.20500007997374, 53.48924322987022]]], [[[10.205029027184594, 53.48925640149886], [10.20500007997374, 53.48924322987022], [10.205000079973736, 53.48924322987022], [10.205029027184594, 53.489256401498864], [10.205029027184594, 53.48925640149886]]], [[[10.20505794399418, 53.48926959686454], [10.205029027184594, 53.48925640149886], [10.205029027184594, 53.489256401498864], [10.205057943994177, 53.48926959686454], [10.20505794399418, 53.48926959686454]]], [[[10.205086830347739, 53.48928281594225], [10.20505794399418, 53.48926959686454], [10.205057943994177, 53.48926959686454], [10.205086830347737, 53.48928281594227], [10.205086830347739, 53.48928281594225]]], [[[10.205115686190586, 53.48929605870703], [10.205086830347739, 53.48928281594225], [10.205086830347737, 53.48928281594227], [10.205115686190586, 53.48929605870703], [10.205115686190586, 53.48929605870703]]], [[[10.205144511468085, 53.489309325133796], [10.205115686190586, 53.48929605870703], [10.205115686190586, 53.48929605870703], [10.205144511468086, 53.489309325133796], [10.205144511468085, 53.489309325133796]]], [[[10.20517330612566, 53.48932261519744], [10.205173306125658, 53.48932261519744], [10.205144511468086, 53.489309325133796], [10.205144511468085, 53.489309325133796], [10.20517330612566, 53.48932261519744]]], [[[10.205202070108788, 53.489335928872805], [10.205202070108788, 53.48933592887282], [10.205173306125658, 53.48932261519744], [10.20517330612566, 53.48932261519744], [10.205202070108788, 53.489335928872805]]], [[[10.20523080336301, 53.48934926613468], [10.205202070108788, 53.489335928872805], [10.205202070108788, 53.48933592887282], [10.20523080336301, 53.48934926613468], [10.20523080336301, 53.48934926613468]]], [[[10.205259505833915, 53.48936262695785], [10.20523080336301, 53.48934926613468], [10.20523080336301, 53.48934926613468], [10.205259505833915, 53.48936262695785], [10.205259505833915, 53.48936262695785]]], [[[10.205288177467168, 53.48937601131707], [10.205259505833915, 53.48936262695785], [10.205259505833915, 53.48936262695785], [10.205288177467168, 53.48937601131707], [10.205288177467168, 53.48937601131707]]], [[[10.20531681820848, 53.48938941918692], [10.205288177467168, 53.48937601131707], [10.205288177467168, 53.48937601131707], [10.205316818208477, 53.48938941918692], [10.20531681820848, 53.48938941918692]]], [[[10.205345428003623, 53.489402850542085], [10.20531681820848, 53.48938941918692], [10.205316818208477, 53.48938941918692], [10.20534542800362, 53.489402850542085], [10.205345428003623, 53.489402850542085]]], [[[10.205374006798424, 53.48941630535713], [10.205345428003623, 53.489402850542085], [10.20534542800362, 53.489402850542085], [10.20537400679842, 53.48941630535713], [10.205374006798424, 53.48941630535713]]], [[[10.205402554538768, 53.48942978360661], [10.205374006798424, 53.48941630535713], [10.20537400679842, 53.48941630535713], [10.205402554538768, 53.48942978360662], [10.205402554538768, 53.48942978360661]]], [[[10.205431071170612, 53.489443285265004], [10.205402554538768, 53.48942978360661], [10.205402554538768, 53.48942978360662], [10.20543107117061, 53.48944328526501], [10.205431071170612, 53.489443285265004]]], [[[10.205459556639958, 53.48945681030676], [10.205431071170612, 53.489443285265004], [10.20543107117061, 53.48944328526501], [10.205459556639955, 53.48945681030678], [10.205459556639958, 53.48945681030676]]], [[[10.205488010892863, 53.48947035870629], [10.205459556639958, 53.48945681030676], [10.205459556639955, 53.48945681030678], [10.205488010892863, 53.4894703587063], [10.205488010892863, 53.48947035870629]]], [[[10.205516433875463, 53.48948393043794], [10.205488010892863, 53.48947035870629], [10.205488010892863, 53.4894703587063], [10.205516433875461, 53.48948393043795], [10.205516433875463, 53.48948393043794]]], [[[10.205544825533929, 53.48949752547606], [10.205516433875463, 53.48948393043794], [10.205516433875461, 53.48948393043795], [10.205544825533925, 53.48949752547608], [10.205544825533929, 53.48949752547606]]], [[[10.205452952850457, 53.489562093482384], [10.205544825533929, 53.48949752547606], [10.205544825533925, 53.48949752547608], [10.205452952850454, 53.48956209348239], [10.205452952850457, 53.489562093482384]]], [[[10.205425171804025, 53.48954823389245], [10.205425171804022, 53.489548233892485], [10.205452952850454, 53.48956209348239], [10.205452952850457, 53.489562093482384], [10.205425171804025, 53.48954823389245]]], [[[10.20498556641282, 53.48923662379841], [10.205000079973736, 53.48924322987022], [10.205029027184594, 53.489256401498864], [10.205057943994177, 53.48926959686454], [10.205086830347737, 53.48928281594227], [10.205115686190586, 53.48929605870703], [10.205144511468086, 53.489309325133796], [10.205173306125658, 53.48932261519744], [10.205202070108788, 53.48933592887282], [10.20523080336301, 53.48934926613468], [10.205259505833915, 53.48936262695785], [10.205288177467168, 53.48937601131707], [10.205316818208477, 53.48938941918692], [10.20534542800362, 53.489402850542085], [10.20537400679842, 53.48941630535713], [10.205402554538768, 53.48942978360662], [10.20543107117061, 53.48944328526501], [10.205459556639955, 53.48945681030678], [10.205488010892863, 53.4894703587063], [10.205516433875461, 53.48948393043795], [10.205544825533925, 53.48949752547608], [10.205452952850454, 53.48956209348239], [10.205425171804022, 53.489548233892485], [10.205397363580694, 53.48953439370705], [10.205369528218599, 53.48952057294511], [10.205341665755912, 53.489506771625514], [10.20531377623083, 53.48949298976726], [10.205285859681593, 53.48947922738919], [10.205257916146483, 53.48946548451017], [10.205229945663813, 53.48945176114903], [10.20520194827194, 53.48943805732457], [10.20517392400924, 53.48942437305556], [10.20514587291415, 53.489410708360765], [10.205117795025126, 53.48939706325892], [10.205089690380666, 53.48938343776871], [10.2050615590193, 53.48936983190881], [10.205033400979612, 53.48935624569786], [10.205005216300203, 53.48934267915445], [10.204977005019714, 53.48932913229718], [10.204948767176825, 53.48931560514467], [10.20492050281026, 53.48930209771538], [10.204906360692709, 53.48929535140275], [10.20498556641282, 53.48923662379841]]]]}, "properties": {"object_id": "b9c66970-e788-4d6b-9e18-7c239aee15cb", "type": "Platform_Surface", "height": 105, "material": "other"}}, {"type": "Feature", "geometry": {"type": "MultiPolygon", "coordinates": [[[[10.205452952846139, 53.489562093485894], [10.205544825529767, 53.48949752547939], [10.20558008834979, 53.48951435222272], [10.205615296117374, 53.489531215889144], [10.205650472314083, 53.48954810298255], [10.205685616896066, 53.48956501348183], [10.205720729819502, 53.489581947366005], [10.205755811040607, 53.4895989046139], [10.205790860515657, 53.48961588520442], [10.205825878200953, 53.48963288911646], [10.20586086405283, 53.48964991632877], [10.205895818027674, 53.48966696682019], [10.205930740081895, 53.48968404056944], [10.205965630171969, 53.48970113755528], [10.206000488254386, 53.48971825775639], [10.20603531428569, 53.489735401151464], [10.206070108222452, 53.48975256771913], [10.206104870021301, 53.48976975743798], [10.206139599638899, 53.489786970286644], [10.206174297031927, 53.48980420624368], [10.20620896215713, 53.4898214652876], [10.206226301193986, 53.489830088541034], [10.206129511522098, 53.48989890770291], [10.20611205564187, 53.489890149696485], [10.20607747154812, 53.489872808260436], [10.206042875696912, 53.48985547517719], [10.20600826809391, 53.4898381504496], [10.205973648744814, 53.48982083408046], [10.205939017655295, 53.48980352607263], [10.205904374831043, 53.48978622642897], [10.205869720277747, 53.489768935152256], [10.205835054001101, 53.48975165224536], [10.205800376006799, 53.489734377711116], [10.205765686300525, 53.48971711155236], [10.205730984887987, 53.48969985377187], [10.20569627177488, 53.48968260437255], [10.205661546966896, 53.489665363357155], [10.205626810469745, 53.48964813072853], [10.205592062289119, 53.489630906489516], [10.205557302430744, 53.489613690642926], [10.205522530900312, 53.48959648319159], [10.20548774770354, 53.4895792841383], [10.205452952846139, 53.489562093485894]]], [[[10.20620896215713, 53.4898214652876], [10.206226301193986, 53.489830088541034], [10.206226301193988, 53.489830088541034], [10.206208962157131, 53.48982146528759], [10.20620896215713, 53.4898214652876]]], [[[10.206174297031927, 53.48980420624368], [10.20620896215713, 53.4898214652876], [10.206208962157131, 53.48982146528759], [10.206174297031927, 53.48980420624368], [10.206174297031927, 53.48980420624368]]], [[[10.206139599638899, 53.489786970286644], [10.206174297031927, 53.48980420624368], [10.206174297031927, 53.48980420624368], [10.206139599638902, 53.489786970286644], [10.206139599638899, 53.489786970286644]]], [[[10.206104870021301, 53.48976975743798], [10.206139599638899, 53.489786970286644], [10.206139599638902, 53.489786970286644], [10.206104870021301, 53.48976975743798], [10.206104870021301, 53.48976975743798]]], [[[10.206070108222452, 53.48975256771913], [10.206104870021301, 53.48976975743798], [10.206104870021301, 53.48976975743798], [10.206070108222454, 53.48975256771912], [10.206070108222452, 53.48975256771913]]], [[[10.20603531428569, 53.489735401151464], [10.206070108222452, 53.48975256771913], [10.206070108222454, 53.48975256771912], [10.20603531428569, 53.489735401151464], [10.20603531428569, 53.489735401151464]]], [[[10.206000488254386, 53.48971825775639], [10.20603531428569, 53.489735401151464], [10.20603531428569, 53.489735401151464], [10.20600048825439, 53.48971825775639], [10.206000488254386, 53.48971825775639]]], [[[10.205965630171969, 53.48970113755528], [10.206000488254386, 53.48971825775639], [10.20600048825439, 53.48971825775639], [10.205965630171969, 53.48970113755528], [10.205965630171969, 53.48970113755528]]], [[[10.205930740081895, 53.48968404056944], [10.205965630171969, 53.48970113755528], [10.205965630171969, 53.48970113755528], [10.205930740081898, 53.48968404056944], [10.205930740081895, 53.48968404056944]]], [[[10.205895818027674, 53.48966696682019], [10.205895818027676, 53.48966696682019], [10.205930740081898, 53.48968404056944], [10.205930740081895, 53.48968404056944], [10.205895818027674, 53.48966696682019]]], [[[10.20586086405283, 53.48964991632877], [10.205895818027674, 53.48966696682019], [10.205895818027676, 53.48966696682019], [10.205860864052832, 53.48964991632877], [10.20586086405283, 53.48964991632877]]], [[[10.205825878200953, 53.48963288911646], [10.20586086405283, 53.48964991632877], [10.205860864052832, 53.48964991632877], [10.205825878200953, 53.48963288911646], [10.205825878200953, 53.48963288911646]]], [[[10.205790860515657, 53.48961588520442], [10.205825878200953, 53.48963288911646], [10.205825878200953, 53.48963288911646], [10.20579086051566, 53.48961588520442], [10.205790860515657, 53.48961588520442]]], [[[10.205755811040607, 53.4895989046139], [10.205790860515657, 53.48961588520442], [10.20579086051566, 53.48961588520442], [10.20575581104061, 53.4895989046139], [10.205755811040607, 53.4895989046139]]], [[[10.205720729819502, 53.489581947366005], [10.205720729819497, 53.489581947366005], [10.20575581104061, 53.4895989046139], [10.205755811040607, 53.4895989046139], [10.205720729819502, 53.489581947366005]]], [[[10.205685616896066, 53.48956501348183], [10.205720729819502, 53.489581947366005], [10.205720729819497, 53.489581947366005], [10.205685616896066, 53.48956501348183], [10.205685616896066, 53.48956501348183]]], [[[10.205650472314083, 53.48954810298255], [10.205685616896066, 53.48956501348183], [10.205685616896066, 53.48956501348183], [10.205650472314083, 53.48954810298255], [10.205650472314083, 53.48954810298255]]], [[[10.205615296117374, 53.489531215889144], [10.205650472314083, 53.48954810298255], [10.205650472314083, 53.48954810298255], [10.205615296117376, 53.489531215889144], [10.205615296117374, 53.489531215889144]]], [[[10.20558008834979, 53.48951435222272], [10.205615296117374, 53.489531215889144], [10.205615296117376, 53.489531215889144], [10.20558008834979, 53.48951435222272], [10.20558008834979, 53.48951435222272]]], [[[10.205544825529767, 53.48949752547939], [10.205544825529769, 53.489497525479386], [10.20558008834979, 53.48951435222272], [10.20558008834979, 53.48951435222272], [10.205544825529767, 53.48949752547939]]], [[[10.205452952846139, 53.489562093485894], [10.205452952846139, 53.489562093485894], [10.205544825529769, 53.489497525479386], [10.205544825529767, 53.48949752547939], [10.205452952846139, 53.489562093485894]]], [[[10.20548774770354, 53.4895792841383], [10.205487747703543, 53.4895792841383], [10.205452952846139, 53.489562093485894], [10.205452952846139, 53.489562093485894], [10.20548774770354, 53.4895792841383]]], [[[10.205522530900312, 53.48959648319159], [10.205522530900312, 53.48959648319159], [10.205487747703543, 53.4895792841383], [10.20548774770354, 53.4895792841383], [10.205522530900312, 53.48959648319159]]], [[[10.205557302430744, 53.489613690642926], [10.205557302430748, 53.489613690642926], [10.205522530900312, 53.48959648319159], [10.205522530900312, 53.48959648319159], [10.205557302430744, 53.489613690642926]]], [[[10.205592062289119, 53.489630906489516], [10.20559206228912, 53.489630906489516], [10.205557302430748, 53.489613690642926], [10.205557302430744, 53.489613690642926], [10.205592062289119, 53.489630906489516]]], [[[10.205626810469745, 53.48964813072853], [10.205626810469745, 53.48964813072853], [10.20559206228912, 53.489630906489516], [10.205592062289119, 53.489630906489516], [10.205626810469745, 53.48964813072853]]], [[[10.205661546966896, 53.489665363357155], [10.205626810469745, 53.48964813072853], [10.205626810469745, 53.48964813072853], [10.205661546966896, 53.489665363357176], [10.205661546966896, 53.489665363357155]]], [[[10.20569627177488, 53.48968260437255], [10.20569627177488, 53.48968260437255], [10.205661546966896, 53.489665363357176], [10.205661546966896, 53.489665363357155], [10.20569627177488, 53.48968260437255]]], [[[10.205730984887987, 53.48969985377187], [10.205730984887987, 53.48969985377187], [10.20569627177488, 53.48968260437255], [10.20569627177488, 53.48968260437255], [10.205730984887987, 53.48969985377187]]], [[[10.205765686300525, 53.48971711155236], [10.205765686300529, 53.48971711155236], [10.205730984887987, 53.48969985377187], [10.205730984887987, 53.48969985377187], [10.205765686300525, 53.48971711155236]]], [[[10.205800376006799, 53.489734377711116], [10.205800376006799, 53.489734377711116], [10.205765686300529, 53.48971711155236], [10.205765686300525, 53.48971711155236], [10.205800376006799, 53.489734377711116]]], [[[10.205835054001101, 53.48975165224536], [10.205800376006799, 53.489734377711116], [10.205800376006799, 53.489734377711116], [10.205835054001101, 53.48975165224536], [10.205835054001101, 53.48975165224536]]], [[[10.205869720277747, 53.489768935152256], [10.205835054001101, 53.48975165224536], [10.205835054001101, 53.48975165224536], [10.205869720277747, 53.489768935152256], [10.205869720277747, 53.489768935152256]]], [[[10.205904374831043, 53.48978622642897], [10.205904374831043, 53.48978622642896], [10.205869720277747, 53.489768935152256], [10.205869720277747, 53.489768935152256], [10.205904374831043, 53.48978622642897]]], [[[10.205939017655295, 53.48980352607263], [10.205939017655295, 53.48980352607263], [10.205904374831043, 53.48978622642896], [10.205904374831043, 53.48978622642897], [10.205939017655295, 53.48980352607263]]], [[[10.205973648744814, 53.48982083408046], [10.205973648744814, 53.48982083408046], [10.205939017655295, 53.48980352607263], [10.205939017655295, 53.48980352607263], [10.205973648744814, 53.48982083408046]]], [[[10.20600826809391, 53.4898381504496], [10.20600826809391, 53.4898381504496], [10.205973648744814, 53.48982083408046], [10.205973648744814, 53.48982083408046], [10.20600826809391, 53.4898381504496]]], [[[10.206042875696912, 53.48985547517719], [10.206042875696912, 53.48985547517719], [10.20600826809391, 53.4898381504496], [10.20600826809391, 53.4898381504496], [10.206042875696912, 53.48985547517719]]], [[[10.20607747154812, 53.489872808260436], [10.206077471548126, 53.489872808260436], [10.206042875696912, 53.48985547517719], [10.206042875696912, 53.48985547517719], [10.20607747154812, 53.489872808260436]]], [[[10.20611205564187, 53.489890149696485], [10.20611205564187, 53.489890149696485], [10.206077471548126, 53.489872808260436], [10.20607747154812, 53.489872808260436], [10.20611205564187, 53.489890149696485]]], [[[10.206129511522098, 53.48989890770291], [10.2061295115221, 53.48989890770291], [10.20611205564187, 53.489890149696485], [10.20611205564187, 53.489890149696485], [10.206129511522098, 53.48989890770291]]], [[[10.206226301193986, 53.489830088541034], [10.206129511522098, 53.48989890770291], [10.2061295115221, 53.48989890770291], [10.206226301193988, 53.489830088541034], [10.206226301193986, 53.489830088541034]]], [[[10.205544825529769, 53.489497525479386], [10.20558008834979, 53.48951435222272], [10.205615296117376, 53.489531215889144], [10.205650472314083, 53.48954810298255], [10.205685616896066, 53.48956501348183], [10.205720729819497, 53.489581947366005], [10.20575581104061, 53.4895989046139], [10.20579086051566, 53.48961588520442], [10.205825878200953, 53.48963288911646], [10.205860864052832, 53.48964991632877], [10.205895818027676, 53.48966696682019], [10.205930740081898, 53.48968404056944], [10.205965630171969, 53.48970113755528], [10.20600048825439, 53.48971825775639], [10.20603531428569, 53.489735401151464], [10.206070108222454, 53.48975256771912], [10.206104870021301, 53.48976975743798], [10.206139599638902, 53.489786970286644], [10.206174297031927, 53.48980420624368], [10.206208962157131, 53.48982146528759], [10.206226301193988, 53.489830088541034], [10.2061295115221, 53.48989890770291], [10.20611205564187, 53.489890149696485], [10.206077471548126, 53.489872808260436], [10.206042875696912, 53.48985547517719], [10.20600826809391, 53.4898381504496], [10.205973648744814, 53.48982083408046], [10.205939017655295, 53.48980352607263], [10.205904374831043, 53.48978622642896], [10.205869720277747, 53.489768935152256], [10.205835054001101, 53.48975165224536], [10.205800376006799, 53.489734377711116], [10.205765686300529, 53.48971711155236], [10.205730984887987, 53.48969985377187], [10.20569627177488, 53.48968260437255], [10.205661546966896, 53.489665363357176], [10.205626810469745, 53.48964813072853], [10.20559206228912, 53.489630906489516], [10.205557302430748, 53.489613690642926], [10.205522530900312, 53.48959648319159], [10.205487747703543, 53.4895792841383], [10.205452952846139, 53.489562093485894], [10.205544825529769, 53.489497525479386]]]]}, "properties": {"object_id": "729d1ff9-d9b2-42e5-bac0-b2710855fb86", "type": "Platform_Surface", "height": 105, "material": "other"}}, {"type": "Feature", "geometry": {"type": "MultiPolygon", "coordinates": [[[[10.20495132294495, 53.4892620299818], [10.20427644024473, 53.488952320353924], [10.204235055584435, 53.488982444116814], [10.204266953542685, 53.48899684438395], [10.204304924743688, 53.48901412885775], [10.204342851624288, 53.48903144792164], [10.204380734095848, 53.48904880153513], [10.204418572069846, 53.48906618965772], [10.204456365457858, 53.4890836122488], [10.204494114171546, 53.489101069267655], [10.204531818122707, 53.489118560673525], [10.20456947722322, 53.48913608642555], [10.204607091385077, 53.48915364648281], [10.204644660520373, 53.489171240804325], [10.204682184541314, 53.48918886934893], [10.204719663360196, 53.48920653207548], [10.204757096889434, 53.489224228942724], [10.204794485041544, 53.48924195990935], [10.20483182772915, 53.48925972493391], [10.204869124864961, 53.489277523974934], [10.204906360692696, 53.489295351402745], [10.20495132294495, 53.4892620299818]]], [[[10.204531818122707, 53.489118560673525], [10.20456947722322, 53.48913608642555], [10.20456947722322, 53.48913608642555], [10.204531818122707, 53.489118560673525], [10.204531818122707, 53.489118560673525]]], [[[10.204494114171546, 53.489101069267655], [10.204531818122707, 53.489118560673525], [10.204531818122707, 53.489118560673525], [10.204494114171549, 53.48910106926765], [10.204494114171546, 53.489101069267655]]], [[[10.204456365457858, 53.4890836122488], [10.204494114171546, 53.489101069267655], [10.204494114171549, 53.48910106926765], [10.204456365457856, 53.48908361224879], [10.204456365457858, 53.4890836122488]]], [[[10.204418572069846, 53.48906618965772], [10.204456365457858, 53.4890836122488], [10.204456365457856, 53.48908361224879], [10.20441857206985, 53.48906618965772], [10.204418572069846, 53.48906618965772]]], [[[10.204380734095848, 53.48904880153513], [10.204418572069846, 53.48906618965772], [10.20441857206985, 53.48906618965772], [10.204380734095848, 53.48904880153513], [10.204380734095848, 53.48904880153513]]], [[[10.204342851624288, 53.48903144792164], [10.204380734095848, 53.48904880153513], [10.204380734095848, 53.48904880153513], [10.204342851624292, 53.48903144792164], [10.204342851624288, 53.48903144792164]]], [[[10.204304924743688, 53.48901412885775], [10.204342851624288, 53.48903144792164], [10.204342851624292, 53.48903144792164], [10.204304924743692, 53.48901412885775], [10.204304924743688, 53.48901412885775]]], [[[10.204266953542685, 53.48899684438395], [10.204304924743688, 53.48901412885775], [10.204304924743692, 53.48901412885775], [10.204266953542689, 53.48899684438395], [10.204266953542685, 53.48899684438395]]], [[[10.204235055584435, 53.488982444116814], [10.204266953542685, 53.48899684438395], [10.204266953542689, 53.48899684438395], [10.204235055584437, 53.488982444116814], [10.204235055584435, 53.488982444116814]]], [[[10.20427644024473, 53.488952320353924], [10.204235055584435, 53.488982444116814], [10.204235055584437, 53.488982444116814], [10.20427644024473, 53.488952320353924], [10.20427644024473, 53.488952320353924]]], [[[10.20495132294495, 53.4892620299818], [10.204951322944948, 53.4892620299818], [10.20427644024473, 53.488952320353924], [10.20427644024473, 53.488952320353924], [10.20495132294495, 53.4892620299818]]], [[[10.204906360692696, 53.489295351402745], [10.204906360692698, 53.489295351402745], [10.204951322944948, 53.4892620299818], [10.20495132294495, 53.4892620299818], [10.204906360692696, 53.489295351402745]]], [[[10.204869124864961, 53.489277523974934], [10.204869124864961, 53.489277523974934], [10.204906360692698, 53.489295351402745], [10.204906360692696, 53.489295351402745], [10.204869124864961, 53.489277523974934]]], [[[10.20483182772915, 53.48925972493391], [10.204869124864961, 53.489277523974934], [10.204869124864961, 53.489277523974934], [10.204831827729146, 53.48925972493391], [10.20483182772915, 53.48925972493391]]], [[[10.204794485041544, 53.48924195990935], [10.204794485041544, 53.48924195990935], [10.204831827729146, 53.48925972493391], [10.20483182772915, 53.48925972493391], [10.204794485041544, 53.48924195990935]]], [[[10.204757096889434, 53.489224228942724], [10.204794485041544, 53.48924195990935], [10.204794485041544, 53.48924195990935], [10.204757096889432, 53.489224228942724], [10.204757096889434, 53.489224228942724]]], [[[10.204719663360196, 53.48920653207548], [10.204719663360198, 53.48920653207548], [10.204757096889432, 53.489224228942724], [10.204757096889434, 53.489224228942724], [10.204719663360196, 53.48920653207548]]], [[[10.204682184541314, 53.48918886934893], [10.204682184541314, 53.48918886934893], [10.204719663360198, 53.48920653207548], [10.204719663360196, 53.48920653207548], [10.204682184541314, 53.48918886934893]]], [[[10.204644660520373, 53.489171240804325], [10.204682184541314, 53.48918886934893], [10.204682184541314, 53.48918886934893], [10.204644660520374, 53.489171240804325], [10.204644660520373, 53.489171240804325]]], [[[10.204607091385077, 53.48915364648281], [10.204607091385077, 53.48915364648281], [10.204644660520374, 53.489171240804325], [10.204644660520373, 53.489171240804325], [10.204607091385077, 53.48915364648281]]], [[[10.20456947722322, 53.48913608642555], [10.20456947722322, 53.48913608642555], [10.204607091385077, 53.48915364648281], [10.204607091385077, 53.48915364648281], [10.20456947722322, 53.48913608642555]]], [[[10.20427644024473, 53.488952320353924], [10.204235055584437, 53.488982444116814], [10.204266953542689, 53.48899684438395], [10.204304924743692, 53.48901412885775], [10.204342851624292, 53.48903144792164], [10.204380734095848, 53.48904880153513], [10.20441857206985, 53.48906618965772], [10.204456365457856, 53.48908361224879], [10.204494114171549, 53.48910106926765], [10.204531818122707, 53.489118560673525], [10.20456947722322, 53.48913608642555], [10.204607091385077, 53.48915364648281], [10.204644660520374, 53.489171240804325], [10.204682184541314, 53.48918886934893], [10.204719663360198, 53.48920653207548], [10.204757096889432, 53.489224228942724], [10.204794485041544, 53.48924195990935], [10.204831827729146, 53.48925972493391], [10.204869124864961, 53.489277523974934], [10.204906360692698, 53.489295351402745], [10.204951322944948, 53.4892620299818], [10.20427644024473, 53.488952320353924]]]]}, "properties": {"object_id": "07de904d-3fe2-4d74-bb48-e012df54eaae", "type": "Platform_Surface", "height": 13, "material": "other"}}, {"type": "Feature", "geometry": {"type": "MultiPolygon", "coordinates": [[[[10.20612951152208, 53.48989890770293], [10.20622753789208, 53.48982920709383], [10.206256055337962, 53.489843304541154], [10.206284563599915, 53.4898574086006], [10.206313062673589, 53.489871519270025], [10.20634155255468, 53.4898856365473], [10.206370033238858, 53.489899760430276], [10.20639850472181, 53.489913890916846], [10.206426966999256, 53.489928028004876], [10.20645542006687, 53.48994217169217], [10.20648386392033, 53.48995632197667], [10.206512298555337, 53.48997047885621], [10.2065407239676, 53.489984642328636], [10.206569140152817, 53.48999881239183], [10.206597547106654, 53.49001298904364], [10.206625944824856, 53.49002717228192], [10.206654333303081, 53.49004136210452], [10.20668271253705, 53.49005555850933], [10.206711082522483, 53.49006976149416], [10.206739443255051, 53.49008397105691], [10.206767794730487, 53.4900981871954], [10.206781966995427, 53.490105297729876], [10.207144962479628, 53.49028737083179], [10.207073972077044, 53.49033746240194], [10.206709412739091, 53.49015477790719], [10.206680294112678, 53.49017442930909], [10.20612951152208, 53.48989890770293]]], [[[10.2065407239676, 53.489984642328636], [10.2065407239676, 53.489984642328636], [10.206569140152801, 53.48999881239183], [10.206569140152817, 53.48999881239183], [10.2065407239676, 53.489984642328636]]], [[[10.206512298555337, 53.48997047885621], [10.206512298555337, 53.48997047885621], [10.2065407239676, 53.489984642328636], [10.2065407239676, 53.489984642328636], [10.206512298555337, 53.48997047885621]]], [[[10.20648386392033, 53.48995632197667], [10.206483863920315, 53.48995632197667], [10.206512298555337, 53.48997047885621], [10.206512298555337, 53.48997047885621], [10.20648386392033, 53.48995632197667]]], [[[10.20645542006687, 53.48994217169217], [10.206455420066854, 53.48994217169217], [10.206483863920315, 53.48995632197667], [10.20648386392033, 53.48995632197667], [10.20645542006687, 53.48994217169217]]], [[[10.206426966999256, 53.489928028004876], [10.20645542006687, 53.48994217169217], [10.206455420066854, 53.48994217169217], [10.206426966999256, 53.489928028004876], [10.206426966999256, 53.489928028004876]]], [[[10.20639850472181, 53.489913890916846], [10.206426966999256, 53.489928028004876], [10.206426966999256, 53.489928028004876], [10.20639850472181, 53.489913890916846], [10.20639850472181, 53.489913890916846]]], [[[10.206370033238858, 53.489899760430276], [10.206370033238858, 53.489899760430276], [10.20639850472181, 53.489913890916846], [10.20639850472181, 53.489913890916846], [10.206370033238858, 53.489899760430276]]], [[[10.20634155255468, 53.4898856365473], [10.20634155255468, 53.4898856365473], [10.206370033238858, 53.489899760430276], [10.206370033238858, 53.489899760430276], [10.20634155255468, 53.4898856365473]]], [[[10.206313062673589, 53.489871519270025], [10.206313062673589, 53.489871519270025], [10.20634155255468, 53.4898856365473], [10.20634155255468, 53.4898856365473], [10.206313062673589, 53.489871519270025]]], [[[10.206284563599915, 53.4898574086006], [10.206284563599915, 53.4898574086006], [10.206313062673589, 53.489871519270025], [10.206313062673589, 53.489871519270025], [10.206284563599915, 53.4898574086006]]], [[[10.206256055337962, 53.489843304541154], [10.206256055337962, 53.489843304541154], [10.206284563599915, 53.4898574086006], [10.206284563599915, 53.4898574086006], [10.206256055337962, 53.489843304541154]]], [[[10.20622753789208, 53.48982920709383], [10.206227537892067, 53.489829207093834], [10.206256055337962, 53.489843304541154], [10.206256055337962, 53.489843304541154], [10.20622753789208, 53.48982920709383]]], [[[10.20612951152208, 53.48989890770293], [10.20622753789208, 53.48982920709383], [10.206227537892067, 53.489829207093834], [10.20612951152208, 53.48989890770293], [10.20612951152208, 53.48989890770293]]], [[[10.206680294112678, 53.49017442930909], [10.20612951152208, 53.48989890770293], [10.20612951152208, 53.48989890770293], [10.206680294112678, 53.49017442930909], [10.206680294112678, 53.49017442930909]]], [[[10.206709412739091, 53.49015477790719], [10.206680294112678, 53.49017442930909], [10.206680294112678, 53.49017442930909], [10.206709412739091, 53.49015477790719], [10.206709412739091, 53.49015477790719]]], [[[10.207073972077044, 53.49033746240194], [10.207073972077044, 53.49033746240194], [10.206709412739091, 53.49015477790719], [10.206709412739091, 53.49015477790719], [10.207073972077044, 53.49033746240194]]], [[[10.207144962479628, 53.49028737083179], [10.207144962479628, 53.49028737083179], [10.207073972077044, 53.49033746240194], [10.207073972077044, 53.49033746240194], [10.207144962479628, 53.49028737083179]]], [[[10.206781966995427, 53.490105297729876], [10.207144962479628, 53.49028737083179], [10.207144962479628, 53.49028737083179], [10.206781966995427, 53.490105297729876], [10.206781966995427, 53.490105297729876]]], [[[10.206767794730487, 53.4900981871954], [10.206781966995427, 53.490105297729876], [10.206781966995427, 53.490105297729876], [10.206767794730487, 53.4900981871954], [10.206767794730487, 53.4900981871954]]], [[[10.206739443255051, 53.49008397105691], [10.206767794730487, 53.4900981871954], [10.206767794730487, 53.4900981871954], [10.206739443255051, 53.49008397105691], [10.206739443255051, 53.49008397105691]]], [[[10.206711082522483, 53.49006976149416], [10.206711082522483, 53.49006976149416], [10.206739443255051, 53.49008397105691], [10.206739443255051, 53.49008397105691], [10.206711082522483, 53.49006976149416]]], [[[10.20668271253705, 53.49005555850933], [10.206711082522483, 53.49006976149416], [10.206711082522483, 53.49006976149416], [10.20668271253705, 53.49005555850933], [10.20668271253705, 53.49005555850933]]], [[[10.206654333303081, 53.49004136210452], [10.206654333303081, 53.49004136210452], [10.20668271253705, 53.49005555850933], [10.20668271253705, 53.49005555850933], [10.206654333303081, 53.49004136210452]]], [[[10.206625944824856, 53.49002717228192], [10.206625944824856, 53.49002717228192], [10.206654333303081, 53.49004136210452], [10.206654333303081, 53.49004136210452], [10.206625944824856, 53.49002717228192]]], [[[10.206597547106654, 53.49001298904364], [10.206597547106654, 53.49001298904364], [10.206625944824856, 53.49002717228192], [10.206625944824856, 53.49002717228192], [10.206597547106654, 53.49001298904364]]], [[[10.206569140152817, 53.48999881239183], [10.206569140152801, 53.48999881239183], [10.206597547106654, 53.49001298904364], [10.206597547106654, 53.49001298904364], [10.206569140152817, 53.48999881239183]]], [[[10.206227537892067, 53.489829207093834], [10.20612951152208, 53.48989890770293], [10.206680294112678, 53.49017442930909], [10.206709412739091, 53.49015477790719], [10.207073972077044, 53.49033746240194], [10.207144962479628, 53.49028737083179], [10.206781966995427, 53.490105297729876], [10.206767794730487, 53.4900981871954], [10.206739443255051, 53.49008397105691], [10.206711082522483, 53.49006976149416], [10.20668271253705, 53.49005555850933], [10.206654333303081, 53.49004136210452], [10.206625944824856, 53.49002717228192], [10.206597547106654, 53.49001298904364], [10.206569140152801, 53.48999881239183], [10.2065407239676, 53.489984642328636], [10.206512298555337, 53.48997047885621], [10.206483863920315, 53.48995632197667], [10.206455420066854, 53.48994217169217], [10.206426966999256, 53.489928028004876], [10.20639850472181, 53.489913890916846], [10.206370033238858, 53.489899760430276], [10.20634155255468, 53.4898856365473], [10.206313062673589, 53.489871519270025], [10.206284563599915, 53.4898574086006], [10.206256055337962, 53.489843304541154], [10.206227537892067, 53.489829207093834]]]]}, "properties": {"object_id": "0b9ed51e-836e-481c-93a7-67918ac484de", "type": "Platform_Surface", "height": 13, "material": "other"}}, {"type": "Feature", "geometry": {"type": "MultiPolygon", "coordinates": [[[[10.205517678102275, 53.48948300374618], [10.205546071863552, 53.48949659979103], [10.205452952850374, 53.489562093482476], [10.205425171803952, 53.489548233892556], [10.205397363580635, 53.48953439370714], [10.205369528218553, 53.48952057294518], [10.205341665755874, 53.489506771625564], [10.205313776230806, 53.48949298976731], [10.20528585968158, 53.48947922738923], [10.205257916146477, 53.48946548451022], [10.205229945663815, 53.48945176114906], [10.205201948271949, 53.489438057324584], [10.205173924009255, 53.48942437305558], [10.205145872914173, 53.48941070836078], [10.20511779502515, 53.489397063258934], [10.205089690380696, 53.48938343776871], [10.205061559019342, 53.48936983190881], [10.205033400979652, 53.48935624569784], [10.205005216300243, 53.48934267915444], [10.20497700501976, 53.489329132297186], [10.20494876717687, 53.48931560514466], [10.204920502810307, 53.48930209771538], [10.20490636069275, 53.489295351402745], [10.204986799895826, 53.489235707962315], [10.205001285957414, 53.48924228535447], [10.205030235312199, 53.489255457958485], [10.205059154263463, 53.48926865430126], [10.205088042756449, 53.48928187435787], [10.20511690073646, 53.48929511810327], [10.20514572814886, 53.48930838551242], [10.20517452493907, 53.489321676560174], [10.20520329105256, 53.489334991221426], [10.205232026434874, 53.48934832947094], [10.205260731031593, 53.489361691283484], [10.205289404788381, 53.48937507663379], [10.205318047650938, 53.48938848549651], [10.205346659565034, 53.489401917846266], [10.205375240476496, 53.489415373657664], [10.205403790331204, 53.48942885290521], [10.205432309075107, 53.48944235556342], [10.205460796654204, 53.48945588160671], [10.205489253014553, 53.48946943100952], [10.205517678102275, 53.48948300374618]]], [[[10.20494876717687, 53.48931560514466], [10.204920502810307, 53.48930209771538], [10.204920502810308, 53.48930209771538], [10.204948767176871, 53.489315605144654], [10.20494876717687, 53.48931560514466]]], [[[10.20497700501976, 53.489329132297186], [10.20497700501976, 53.48932913229717], [10.204948767176871, 53.489315605144654], [10.20494876717687, 53.48931560514466], [10.20497700501976, 53.489329132297186]]], [[[10.205005216300243, 53.48934267915444], [10.20497700501976, 53.489329132297186], [10.20497700501976, 53.48932913229717], [10.205005216300247, 53.489342679154426], [10.205005216300243, 53.48934267915444]]], [[[10.205033400979652, 53.48935624569784], [10.205005216300243, 53.48934267915444], [10.205005216300247, 53.489342679154426], [10.205033400979652, 53.489356245697834], [10.205033400979652, 53.48935624569784]]], [[[10.205061559019342, 53.48936983190881], [10.205061559019336, 53.48936983190881], [10.205033400979652, 53.489356245697834], [10.205033400979652, 53.48935624569784], [10.205061559019342, 53.48936983190881]]], [[[10.205089690380696, 53.48938343776871], [10.205061559019342, 53.48936983190881], [10.205061559019336, 53.48936983190881], [10.205089690380696, 53.48938343776871], [10.205089690380696, 53.48938343776871]]], [[[10.20511779502515, 53.489397063258934], [10.205117795025151, 53.48939706325893], [10.205089690380696, 53.48938343776871], [10.205089690380696, 53.48938343776871], [10.20511779502515, 53.489397063258934]]], [[[10.205145872914173, 53.48941070836078], [10.20511779502515, 53.489397063258934], [10.205117795025151, 53.48939706325893], [10.205145872914173, 53.48941070836078], [10.205145872914173, 53.48941070836078]]], [[[10.205173924009255, 53.48942437305558], [10.205145872914173, 53.48941070836078], [10.205145872914173, 53.48941070836078], [10.205173924009255, 53.48942437305557], [10.205173924009255, 53.48942437305558]]], [[[10.205201948271949, 53.489438057324584], [10.205173924009255, 53.48942437305558], [10.205173924009255, 53.48942437305557], [10.205201948271949, 53.48943805732458], [10.205201948271949, 53.489438057324584]]], [[[10.205229945663815, 53.48945176114906], [10.205201948271949, 53.489438057324584], [10.205201948271949, 53.48943805732458], [10.205229945663817, 53.48945176114905], [10.205229945663815, 53.48945176114906]]], [[[10.205257916146477, 53.48946548451022], [10.205229945663815, 53.48945176114906], [10.205229945663817, 53.48945176114905], [10.20525791614648, 53.48946548451019], [10.205257916146477, 53.48946548451022]]], [[[10.20528585968158, 53.48947922738923], [10.205257916146477, 53.48946548451022], [10.20525791614648, 53.48946548451019], [10.205285859681577, 53.489479227389225], [10.20528585968158, 53.48947922738923]]], [[[10.205313776230806, 53.48949298976731], [10.20528585968158, 53.48947922738923], [10.205285859681577, 53.489479227389225], [10.205313776230806, 53.4894929897673], [10.205313776230806, 53.48949298976731]]], [[[10.205341665755874, 53.489506771625564], [10.205313776230806, 53.48949298976731], [10.205313776230806, 53.4894929897673], [10.205341665755874, 53.489506771625564], [10.205341665755874, 53.489506771625564]]], [[[10.205369528218553, 53.48952057294518], [10.205369528218554, 53.48952057294515], [10.205341665755874, 53.489506771625564], [10.205341665755874, 53.489506771625564], [10.205369528218553, 53.48952057294518]]], [[[10.205397363580635, 53.48953439370714], [10.205369528218553, 53.48952057294518], [10.205369528218554, 53.48952057294515], [10.205397363580637, 53.48953439370713], [10.205397363580635, 53.48953439370714]]], [[[10.205425171803952, 53.489548233892556], [10.205425171803952, 53.48954823389255], [10.205397363580637, 53.48953439370713], [10.205397363580635, 53.48953439370714], [10.205425171803952, 53.489548233892556]]], [[[10.205452952850374, 53.489562093482476], [10.205425171803952, 53.489548233892556], [10.205425171803952, 53.48954823389255], [10.205452952850374, 53.489562093482476], [10.205452952850374, 53.489562093482476]]], [[[10.205546071863552, 53.48949659979103], [10.205546071863552, 53.48949659979101], [10.205452952850374, 53.489562093482476], [10.205452952850374, 53.489562093482476], [10.205546071863552, 53.48949659979103]]], [[[10.205517678102275, 53.48948300374618], [10.205546071863552, 53.48949659979103], [10.205546071863552, 53.48949659979101], [10.205517678102275, 53.489483003746166], [10.205517678102275, 53.48948300374618]]], [[[10.205489253014553, 53.48946943100952], [10.205517678102275, 53.48948300374618], [10.205517678102275, 53.489483003746166], [10.205489253014553, 53.48946943100952], [10.205489253014553, 53.48946943100952]]], [[[10.205460796654204, 53.48945588160671], [10.205460796654204, 53.4894558816067], [10.205489253014553, 53.48946943100952], [10.205489253014553, 53.48946943100952], [10.205460796654204, 53.48945588160671]]], [[[10.205432309075107, 53.48944235556342], [10.205432309075107, 53.489442355563405], [10.205460796654204, 53.4894558816067], [10.205460796654204, 53.48945588160671], [10.205432309075107, 53.48944235556342]]], [[[10.205403790331204, 53.48942885290521], [10.205403790331204, 53.489428852905206], [10.205432309075107, 53.489442355563405], [10.205432309075107, 53.48944235556342], [10.205403790331204, 53.48942885290521]]], [[[10.205375240476496, 53.489415373657664], [10.205375240476496, 53.48941537365766], [10.205403790331204, 53.489428852905206], [10.205403790331204, 53.48942885290521], [10.205375240476496, 53.489415373657664]]], [[[10.205346659565034, 53.489401917846266], [10.205346659565034, 53.489401917846266], [10.205375240476496, 53.48941537365766], [10.205375240476496, 53.489415373657664], [10.205346659565034, 53.489401917846266]]], [[[10.205318047650938, 53.48938848549651], [10.205318047650938, 53.48938848549651], [10.205346659565034, 53.489401917846266], [10.205346659565034, 53.489401917846266], [10.205318047650938, 53.48938848549651]]], [[[10.205289404788381, 53.48937507663379], [10.205318047650938, 53.48938848549651], [10.205318047650938, 53.48938848549651], [10.205289404788383, 53.48937507663377], [10.205289404788381, 53.48937507663379]]], [[[10.205260731031593, 53.489361691283484], [10.205289404788381, 53.48937507663379], [10.205289404788383, 53.48937507663377], [10.205260731031595, 53.48936169128348], [10.205260731031593, 53.489361691283484]]], [[[10.205232026434874, 53.48934832947094], [10.205232026434874, 53.48934832947092], [10.205260731031595, 53.48936169128348], [10.205260731031593, 53.489361691283484], [10.205232026434874, 53.48934832947094]]], [[[10.20520329105256, 53.489334991221426], [10.20520329105256, 53.489334991221405], [10.205232026434874, 53.48934832947092], [10.205232026434874, 53.48934832947094], [10.20520329105256, 53.489334991221426]]], [[[10.20517452493907, 53.489321676560174], [10.205174524939068, 53.489321676560174], [10.20520329105256, 53.489334991221405], [10.20520329105256, 53.489334991221426], [10.20517452493907, 53.489321676560174]]], [[[10.20514572814886, 53.48930838551242], [10.20517452493907, 53.489321676560174], [10.205174524939068, 53.489321676560174], [10.205145728148862, 53.4893083855124], [10.20514572814886, 53.48930838551242]]], [[[10.20511690073646, 53.48929511810327], [10.20514572814886, 53.48930838551242], [10.205145728148862, 53.4893083855124], [10.20511690073646, 53.48929511810327], [10.20511690073646, 53.48929511810327]]], [[[10.205088042756449, 53.48928187435787], [10.20511690073646, 53.48929511810327], [10.20511690073646, 53.48929511810327], [10.205088042756449, 53.48928187435787], [10.205088042756449, 53.48928187435787]]], [[[10.205059154263463, 53.48926865430126], [10.205088042756449, 53.48928187435787], [10.205088042756449, 53.48928187435787], [10.205059154263461, 53.489268654301256], [10.205059154263463, 53.48926865430126]]], [[[10.205030235312199, 53.489255457958485], [10.205030235312199, 53.48925545795847], [10.205059154263461, 53.489268654301256], [10.205059154263463, 53.48926865430126], [10.205030235312199, 53.489255457958485]]], [[[10.205001285957414, 53.48924228535447], [10.205001285957414, 53.48924228535447], [10.205030235312199, 53.48925545795847], [10.205030235312199, 53.489255457958485], [10.205001285957414, 53.48924228535447]]], [[[10.204986799895826, 53.489235707962315], [10.205001285957414, 53.48924228535447], [10.205001285957414, 53.48924228535447], [10.204986799895822, 53.4892357079623], [10.204986799895826, 53.489235707962315]]], [[[10.20490636069275, 53.489295351402745], [10.204986799895826, 53.489235707962315], [10.204986799895822, 53.4892357079623], [10.204906360692753, 53.48929535140273], [10.20490636069275, 53.489295351402745]]], [[[10.204920502810307, 53.48930209771538], [10.20490636069275, 53.489295351402745], [10.204906360692753, 53.48929535140273], [10.204920502810308, 53.48930209771538], [10.204920502810307, 53.48930209771538]]], [[[10.205546071863552, 53.48949659979101], [10.205517678102275, 53.489483003746166], [10.205489253014553, 53.48946943100952], [10.205460796654204, 53.4894558816067], [10.205432309075107, 53.489442355563405], [10.205403790331204, 53.489428852905206], [10.205375240476496, 53.48941537365766], [10.205346659565034, 53.489401917846266], [10.205318047650938, 53.48938848549651], [10.205289404788383, 53.48937507663377], [10.205260731031595, 53.48936169128348], [10.205232026434874, 53.48934832947092], [10.20520329105256, 53.489334991221405], [10.205174524939068, 53.489321676560174], [10.205145728148862, 53.4893083855124], [10.20511690073646, 53.48929511810327], [10.205088042756449, 53.48928187435787], [10.205059154263461, 53.489268654301256], [10.205030235312199, 53.48925545795847], [10.205001285957414, 53.48924228535447], [10.204986799895822, 53.4892357079623], [10.204906360692753, 53.48929535140273], [10.204920502810308, 53.48930209771538], [10.204948767176871, 53.489315605144654], [10.20497700501976, 53.48932913229717], [10.205005216300247, 53.489342679154426], [10.205033400979652, 53.489356245697834], [10.205061559019336, 53.48936983190881], [10.205089690380696, 53.48938343776871], [10.205117795025151, 53.48939706325893], [10.205145872914173, 53.48941070836078], [10.205173924009255, 53.48942437305557], [10.205201948271949, 53.48943805732458], [10.205229945663817, 53.48945176114905], [10.20525791614648, 53.48946548451019], [10.205285859681577, 53.489479227389225], [10.205313776230806, 53.4894929897673], [10.205341665755874, 53.489506771625564], [10.205369528218554, 53.48952057294515], [10.205397363580637, 53.48953439370713], [10.205425171803952, 53.48954823389255], [10.205452952850374, 53.489562093482476], [10.205546071863552, 53.48949659979101]]]]}, "properties": {"object_id": "1a5bd76b-452a-4486-a6e0-9467bc40265a", "type": "Platform_Surface", "height": 13, "material": "other"}}, {"type": "Feature", "geometry": {"type": "MultiPolygon", "coordinates": [[[[10.205904374835814, 53.489786226425124], [10.20593901766008, 53.48980352606879], [10.20597364874961, 53.489820834076596], [10.206008268098723, 53.48983815044572], [10.206042875701733, 53.48985547517332], [10.206077471552959, 53.48987280825655], [10.206112055646722, 53.48989014969259], [10.20612951152702, 53.48989890769895], [10.206227537892063, 53.48982920709383], [10.206210216617876, 53.48982056850943], [10.20617554984047, 53.48980330864317], [10.206140850793707, 53.48978607186491], [10.206106119520848, 53.4897688581961], [10.206071356065198, 53.489751667658226], [10.206036560470105, 53.48973450027265], [10.206001732778946, 53.489717356060765], [10.205966873035145, 53.489700235043934], [10.205931981282166, 53.48968313724351], [10.20589705756351, 53.48966606268074], [10.20586210192272, 53.48964901137695], [10.205827114403373, 53.48963198335335], [10.2057920950491, 53.48961497863116], [10.205757043903551, 53.48959799723157], [10.20572196101044, 53.489581039175725], [10.205686846413492, 53.48956410448473], [10.205651700156485, 53.48954719317972], [10.205616522283252, 53.48953030528175], [10.205581312837639, 53.489513440811805], [10.20554607186355, 53.48949659979099], [10.205452952850708, 53.4895620934822], [10.205487747708128, 53.48957928413462], [10.205522530904915, 53.48959648318788], [10.205557302435366, 53.48961369063922], [10.205592062293755, 53.48963090648581], [10.205626810474396, 53.48964813072481], [10.205661546971562, 53.48966536335339], [10.20569627177956, 53.48968260436879], [10.205730984892684, 53.4896998537681], [10.205765686305238, 53.48971711154857], [10.205800376011526, 53.48973437770732], [10.205835054005846, 53.48975165224155], [10.205869720282507, 53.48976893514842], [10.205904374835814, 53.489786226425124]]], [[[10.205757043903551, 53.48959799723157], [10.205757043903551, 53.48959799723157], [10.205792095049102, 53.48961497863116], [10.2057920950491, 53.48961497863116], [10.205757043903551, 53.48959799723157]]], [[[10.20572196101044, 53.489581039175725], [10.205721961010441, 53.489581039175725], [10.205757043903551, 53.48959799723157], [10.205757043903551, 53.48959799723157], [10.20572196101044, 53.489581039175725]]], [[[10.205686846413492, 53.48956410448473], [10.20572196101044, 53.489581039175725], [10.205721961010441, 53.489581039175725], [10.205686846413492, 53.48956410448473], [10.205686846413492, 53.48956410448473]]], [[[10.205651700156485, 53.48954719317972], [10.205651700156489, 53.48954719317972], [10.205686846413492, 53.48956410448473], [10.205686846413492, 53.48956410448473], [10.205651700156485, 53.48954719317972]]], [[[10.205616522283252, 53.48953030528175], [10.205651700156485, 53.48954719317972], [10.205651700156489, 53.48954719317972], [10.205616522283252, 53.48953030528175], [10.205616522283252, 53.48953030528175]]], [[[10.205581312837639, 53.489513440811805], [10.205581312837642, 53.489513440811805], [10.205616522283252, 53.48953030528175], [10.205616522283252, 53.48953030528175], [10.205581312837639, 53.489513440811805]]], [[[10.20554607186355, 53.48949659979099], [10.20554607186355, 53.48949659979099], [10.205581312837642, 53.489513440811805], [10.205581312837639, 53.489513440811805], [10.20554607186355, 53.48949659979099]]], [[[10.205452952850708, 53.4895620934822], [10.20554607186355, 53.48949659979099], [10.20554607186355, 53.48949659979099], [10.205452952850708, 53.489562093482206], [10.205452952850708, 53.4895620934822]]], [[[10.205487747708128, 53.48957928413462], [10.205452952850708, 53.4895620934822], [10.205452952850708, 53.489562093482206], [10.205487747708128, 53.48957928413462], [10.205487747708128, 53.48957928413462]]], [[[10.205522530904915, 53.48959648318788], [10.205487747708128, 53.48957928413462], [10.205487747708128, 53.48957928413462], [10.205522530904917, 53.48959648318788], [10.205522530904915, 53.48959648318788]]], [[[10.205557302435366, 53.48961369063922], [10.205522530904915, 53.48959648318788], [10.205522530904917, 53.48959648318788], [10.20555730243537, 53.48961369063922], [10.205557302435366, 53.48961369063922]]], [[[10.205592062293755, 53.48963090648581], [10.205557302435366, 53.48961369063922], [10.20555730243537, 53.48961369063922], [10.205592062293757, 53.48963090648581], [10.205592062293755, 53.48963090648581]]], [[[10.205626810474396, 53.48964813072481], [10.205592062293755, 53.48963090648581], [10.205592062293757, 53.48963090648581], [10.205626810474396, 53.48964813072481], [10.205626810474396, 53.48964813072481]]], [[[10.205661546971562, 53.48966536335339], [10.205626810474396, 53.48964813072481], [10.205626810474396, 53.48964813072481], [10.205661546971564, 53.48966536335341], [10.205661546971562, 53.48966536335339]]], [[[10.20569627177956, 53.48968260436879], [10.205696271779562, 53.48968260436879], [10.205661546971564, 53.48966536335341], [10.205661546971562, 53.48966536335339], [10.20569627177956, 53.48968260436879]]], [[[10.205730984892684, 53.4896998537681], [10.20569627177956, 53.48968260436879], [10.205696271779562, 53.48968260436879], [10.205730984892686, 53.4896998537681], [10.205730984892684, 53.4896998537681]]], [[[10.205765686305238, 53.48971711154857], [10.205730984892684, 53.4896998537681], [10.205730984892686, 53.4896998537681], [10.20576568630524, 53.48971711154857], [10.205765686305238, 53.48971711154857]]], [[[10.205800376011526, 53.48973437770732], [10.205800376011528, 53.48973437770732], [10.20576568630524, 53.48971711154857], [10.205765686305238, 53.48971711154857], [10.205800376011526, 53.48973437770732]]], [[[10.205835054005846, 53.48975165224155], [10.205800376011526, 53.48973437770732], [10.205800376011528, 53.48973437770732], [10.20583505400585, 53.48975165224155], [10.205835054005846, 53.48975165224155]]], [[[10.205869720282507, 53.48976893514842], [10.205835054005846, 53.48975165224155], [10.20583505400585, 53.48975165224155], [10.205869720282507, 53.489768935148426], [10.205869720282507, 53.48976893514842]]], [[[10.205904374835814, 53.489786226425124], [10.205869720282507, 53.48976893514842], [10.205869720282507, 53.489768935148426], [10.205904374835814, 53.489786226425124], [10.205904374835814, 53.489786226425124]]], [[[10.20593901766008, 53.48980352606879], [10.20593901766008, 53.48980352606879], [10.205904374835814, 53.489786226425124], [10.205904374835814, 53.489786226425124], [10.20593901766008, 53.48980352606879]]], [[[10.20597364874961, 53.489820834076596], [10.20593901766008, 53.48980352606879], [10.20593901766008, 53.48980352606879], [10.20597364874961, 53.489820834076596], [10.20597364874961, 53.489820834076596]]], [[[10.206008268098723, 53.48983815044572], [10.20597364874961, 53.489820834076596], [10.20597364874961, 53.489820834076596], [10.206008268098724, 53.48983815044572], [10.206008268098723, 53.48983815044572]]], [[[10.206042875701733, 53.48985547517332], [10.206042875701735, 53.48985547517332], [10.206008268098724, 53.48983815044572], [10.206008268098723, 53.48983815044572], [10.206042875701733, 53.48985547517332]]], [[[10.206077471552959, 53.48987280825655], [10.206042875701733, 53.48985547517332], [10.206042875701735, 53.48985547517332], [10.20607747155296, 53.48987280825655], [10.206077471552959, 53.48987280825655]]], [[[10.206112055646722, 53.48989014969259], [10.206112055646718, 53.489890149692606], [10.20607747155296, 53.48987280825655], [10.206077471552959, 53.48987280825655], [10.206112055646722, 53.48989014969259]]], [[[10.20612951152702, 53.48989890769895], [10.206112055646722, 53.48989014969259], [10.206112055646718, 53.489890149692606], [10.20612951152702, 53.48989890769896], [10.20612951152702, 53.48989890769895]]], [[[10.206227537892063, 53.48982920709383], [10.206227537892063, 53.48982920709383], [10.20612951152702, 53.48989890769896], [10.20612951152702, 53.48989890769895], [10.206227537892063, 53.48982920709383]]], [[[10.206210216617876, 53.48982056850943], [10.206210216617878, 53.48982056850943], [10.206227537892063, 53.48982920709383], [10.206227537892063, 53.48982920709383], [10.206210216617876, 53.48982056850943]]], [[[10.20617554984047, 53.48980330864317], [10.206210216617876, 53.48982056850943], [10.206210216617878, 53.48982056850943], [10.206175549840474, 53.48980330864317], [10.20617554984047, 53.48980330864317]]], [[[10.206140850793707, 53.48978607186491], [10.206140850793705, 53.48978607186493], [10.206175549840474, 53.48980330864317], [10.20617554984047, 53.48980330864317], [10.206140850793707, 53.48978607186491]]], [[[10.206106119520848, 53.4897688581961], [10.20610611952085, 53.48976885819611], [10.206140850793705, 53.48978607186493], [10.206140850793707, 53.48978607186491], [10.206106119520848, 53.4897688581961]]], [[[10.206071356065198, 53.489751667658226], [10.206106119520848, 53.4897688581961], [10.20610611952085, 53.48976885819611], [10.206071356065198, 53.48975166765823], [10.206071356065198, 53.489751667658226]]], [[[10.206036560470105, 53.48973450027265], [10.206036560470105, 53.48973450027265], [10.206071356065198, 53.48975166765823], [10.206071356065198, 53.489751667658226], [10.206036560470105, 53.48973450027265]]], [[[10.206001732778946, 53.489717356060765], [10.206001732778946, 53.489717356060765], [10.206036560470105, 53.48973450027265], [10.206036560470105, 53.48973450027265], [10.206001732778946, 53.489717356060765]]], [[[10.205966873035145, 53.489700235043934], [10.206001732778946, 53.489717356060765], [10.206001732778946, 53.489717356060765], [10.205966873035145, 53.489700235043934], [10.205966873035145, 53.489700235043934]]], [[[10.205931981282166, 53.48968313724351], [10.205931981282166, 53.48968313724351], [10.205966873035145, 53.489700235043934], [10.205966873035145, 53.489700235043934], [10.205931981282166, 53.48968313724351]]], [[[10.20589705756351, 53.48966606268074], [10.205897057563512, 53.48966606268074], [10.205931981282166, 53.48968313724351], [10.205931981282166, 53.48968313724351], [10.20589705756351, 53.48966606268074]]], [[[10.20586210192272, 53.48964901137695], [10.20589705756351, 53.48966606268074], [10.205897057563512, 53.48966606268074], [10.205862101922719, 53.48964901137695], [10.20586210192272, 53.48964901137695]]], [[[10.205827114403373, 53.48963198335335], [10.205827114403377, 53.48963198335336], [10.205862101922719, 53.48964901137695], [10.20586210192272, 53.48964901137695], [10.205827114403373, 53.48963198335335]]], [[[10.2057920950491, 53.48961497863116], [10.205792095049102, 53.48961497863116], [10.205827114403377, 53.48963198335336], [10.205827114403373, 53.48963198335335], [10.2057920950491, 53.48961497863116]]], [[[10.205869720282507, 53.489768935148426], [10.20583505400585, 53.48975165224155], [10.205800376011528, 53.48973437770732], [10.20576568630524, 53.48971711154857], [10.205730984892686, 53.4896998537681], [10.205696271779562, 53.48968260436879], [10.205661546971564, 53.48966536335341], [10.205626810474396, 53.48964813072481], [10.205592062293757, 53.48963090648581], [10.20555730243537, 53.48961369063922], [10.205522530904917, 53.48959648318788], [10.205487747708128, 53.48957928413462], [10.205452952850708, 53.489562093482206], [10.20554607186355, 53.48949659979099], [10.205581312837642, 53.489513440811805], [10.205616522283252, 53.48953030528175], [10.205651700156489, 53.48954719317972], [10.205686846413492, 53.48956410448473], [10.205721961010441, 53.489581039175725], [10.205757043903551, 53.48959799723157], [10.205792095049102, 53.48961497863116], [10.205827114403377, 53.48963198335336], [10.205862101922719, 53.48964901137695], [10.205897057563512, 53.48966606268074], [10.205931981282166, 53.48968313724351], [10.205966873035145, 53.489700235043934], [10.206001732778946, 53.489717356060765], [10.206036560470105, 53.48973450027265], [10.206071356065198, 53.48975166765823], [10.20610611952085, 53.48976885819611], [10.206140850793705, 53.48978607186493], [10.206175549840474, 53.48980330864317], [10.206210216617878, 53.48982056850943], [10.206227537892063, 53.48982920709383], [10.20612951152702, 53.48989890769896], [10.206112055646718, 53.489890149692606], [10.20607747155296, 53.48987280825655], [10.206042875701735, 53.48985547517332], [10.206008268098724, 53.48983815044572], [10.20597364874961, 53.489820834076596], [10.20593901766008, 53.48980352606879], [10.205904374835814, 53.489786226425124], [10.205869720282507, 53.489768935148426]]]]}, "properties": {"object_id": "1905c401-ab56-4b1a-8f26-b933d8e65930", "type": "Platform_Surface", "height": 13, "material": "other"}}, {"type": "Feature", "geometry": {"type": "MultiPolygon", "coordinates": [[[[10.204130878276958, 53.488934864478324], [10.204235055584489, 53.48898244411679], [10.20427644024478, 53.48895232035392], [10.204170223311408, 53.48890296607892], [10.204130878276958, 53.488934864478324]]], [[[10.204235055584489, 53.48898244411679], [10.20427644024478, 53.48895232035392], [10.20427644024478, 53.48895232035392], [10.204235055584489, 53.48898244411679], [10.204235055584489, 53.48898244411679]]], [[[10.204130878276958, 53.488934864478324], [10.204235055584489, 53.48898244411679], [10.204235055584489, 53.48898244411679], [10.204130878276958, 53.488934864478324], [10.204130878276958, 53.488934864478324]]], [[[10.204170223311408, 53.48890296607892], [10.204170223311408, 53.48890296607892], [10.204130878276958, 53.488934864478324], [10.204130878276958, 53.488934864478324], [10.204170223311408, 53.48890296607892]]], [[[10.20427644024478, 53.48895232035392], [10.20427644024478, 53.48895232035392], [10.204170223311408, 53.48890296607892], [10.204170223311408, 53.48890296607892], [10.20427644024478, 53.48895232035392]]], [[[10.204235055584489, 53.48898244411679], [10.20427644024478, 53.48895232035392], [10.204170223311408, 53.48890296607892], [10.204130878276958, 53.488934864478324], [10.204235055584489, 53.48898244411679]]]]}, "properties": {"object_id": "75fa4129-b0c3-49ee-9f9d-0eea934def01", "type": "Platform_Surface", "height": 13, "material": "other"}}, {"type": "Feature", "geometry": {"type": "MultiPolygon", "coordinates": [[[[10.207982662354038, 53.49060721216696], [10.207911435262805, 53.49057179574663], [10.207840215178358, 53.49053637435649], [10.207769002101656, 53.49050094799694], [10.207697796033674, 53.49046551666849], [10.20762659697537, 53.49043008037166], [10.20755540492771, 53.49039463910693], [10.20748421989167, 53.49035919287475], [10.207413041868197, 53.49032374167563], [10.207341870858274, 53.490288285510076], [10.207270706862854, 53.49025282437857], [10.207199549882908, 53.4902173582816], [10.2071283999194, 53.49018188721963], [10.207057256973291, 53.49014641119321], [10.206986121045551, 53.49011093020275], [10.206914992137147, 53.49007544424881], [10.206843870249035, 53.49003995333184], [10.206772755382183, 53.49000445745234], [10.206701647537553, 53.48996895661083], [10.20663054671612, 53.48993345080773], [10.206594998939398, 53.48991569604577], [10.206679953030209, 53.48985616215084], [10.206715312093932, 53.48987407422377], [10.206786013966605, 53.48990990980954], [10.206856694158528, 53.4899457606447], [10.206927352660424, 53.48998162672455], [10.206997989463014, 53.49001750804444], [10.20706860455703, 53.490053404599635], [10.2071391979332, 53.490089316385514], [10.207209769582256, 53.49012524339732], [10.207280319494942, 53.49016118563043], [10.207350847661987, 53.49019714308013], [10.207421354074143, 53.49023311574171], [10.207491838722143, 53.49026910361048], [10.20756230159674, 53.49030510668176], [10.207632742688688, 53.49034112495084], [10.207703161988734, 53.49037715841301], [10.207773559487642, 53.490413207063575], [10.207843935176156, 53.49044927089784], [10.20791428904505, 53.490485349911054], [10.207984621085084, 53.4905214440986], [10.208054931287025, 53.49055755345566], [10.207982662354038, 53.49060721216696]]], [[[10.206715312093932, 53.48987407422377], [10.20671531209393, 53.48987407422377], [10.206679953030207, 53.48985616215084], [10.206679953030209, 53.48985616215084], [10.206715312093932, 53.48987407422377]]], [[[10.206786013966605, 53.48990990980954], [10.206715312093932, 53.48987407422377], [10.20671531209393, 53.48987407422377], [10.206786013966605, 53.48990990980954], [10.206786013966605, 53.48990990980954]]], [[[10.206856694158528, 53.4899457606447], [10.206786013966605, 53.48990990980954], [10.206786013966605, 53.48990990980954], [10.206856694158525, 53.4899457606447], [10.206856694158528, 53.4899457606447]]], [[[10.206927352660424, 53.48998162672455], [10.20692735266042, 53.48998162672455], [10.206856694158525, 53.4899457606447], [10.206856694158528, 53.4899457606447], [10.206927352660424, 53.48998162672455]]], [[[10.206997989463014, 53.49001750804444], [10.206927352660424, 53.48998162672455], [10.20692735266042, 53.48998162672455], [10.206997989463014, 53.49001750804444], [10.206997989463014, 53.49001750804444]]], [[[10.20706860455703, 53.490053404599635], [10.20706860455703, 53.490053404599635], [10.206997989463014, 53.49001750804444], [10.206997989463014, 53.49001750804444], [10.20706860455703, 53.490053404599635]]], [[[10.2071391979332, 53.490089316385514], [10.2071391979332, 53.490089316385514], [10.20706860455703, 53.490053404599635], [10.20706860455703, 53.490053404599635], [10.2071391979332, 53.490089316385514]]], [[[10.207209769582256, 53.49012524339732], [10.207209769582256, 53.49012524339732], [10.2071391979332, 53.490089316385514], [10.2071391979332, 53.490089316385514], [10.207209769582256, 53.49012524339732]]], [[[10.207280319494942, 53.49016118563043], [10.207280319494938, 53.49016118563043], [10.207209769582256, 53.49012524339732], [10.207209769582256, 53.49012524339732], [10.207280319494942, 53.49016118563043]]], [[[10.207350847661987, 53.49019714308013], [10.207280319494942, 53.49016118563043], [10.207280319494938, 53.49016118563043], [10.207350847661987, 53.49019714308013], [10.207350847661987, 53.49019714308013]]], [[[10.207421354074143, 53.49023311574171], [10.207421354074139, 53.49023311574171], [10.207350847661987, 53.49019714308013], [10.207350847661987, 53.49019714308013], [10.207421354074143, 53.49023311574171]]], [[[10.207491838722143, 53.49026910361048], [10.20749183872214, 53.49026910361048], [10.207421354074139, 53.49023311574171], [10.207421354074143, 53.49023311574171], [10.207491838722143, 53.49026910361048]]], [[[10.20756230159674, 53.49030510668176], [10.207562301596738, 53.49030510668176], [10.20749183872214, 53.49026910361048], [10.207491838722143, 53.49026910361048], [10.20756230159674, 53.49030510668176]]], [[[10.207632742688688, 53.49034112495084], [10.20756230159674, 53.49030510668176], [10.207562301596738, 53.49030510668176], [10.207632742688684, 53.49034112495084], [10.207632742688688, 53.49034112495084]]], [[[10.207703161988734, 53.49037715841301], [10.207703161988734, 53.49037715841301], [10.207632742688684, 53.49034112495084], [10.207632742688688, 53.49034112495084], [10.207703161988734, 53.49037715841301]]], [[[10.207773559487642, 53.490413207063575], [10.207703161988734, 53.49037715841301], [10.207703161988734, 53.49037715841301], [10.207773559487638, 53.490413207063575], [10.207773559487642, 53.490413207063575]]], [[[10.207843935176156, 53.49044927089784], [10.207843935176156, 53.49044927089784], [10.207773559487638, 53.490413207063575], [10.207773559487642, 53.490413207063575], [10.207843935176156, 53.49044927089784]]], [[[10.20791428904505, 53.490485349911054], [10.20791428904505, 53.490485349911054], [10.207843935176156, 53.49044927089784], [10.207843935176156, 53.49044927089784], [10.20791428904505, 53.490485349911054]]], [[[10.207984621085084, 53.4905214440986], [10.207984621085084, 53.4905214440986], [10.20791428904505, 53.490485349911054], [10.20791428904505, 53.490485349911054], [10.207984621085084, 53.4905214440986]]], [[[10.208054931287025, 53.49055755345566], [10.207984621085084, 53.4905214440986], [10.207984621085084, 53.4905214440986], [10.208054931287025, 53.49055755345566], [10.208054931287025, 53.49055755345566]]], [[[10.207982662354038, 53.49060721216696], [10.207982662354036, 53.49060721216696], [10.208054931287025, 53.49055755345566], [10.208054931287025, 53.49055755345566], [10.207982662354038, 53.49060721216696]]], [[[10.207911435262805, 53.49057179574663], [10.207982662354038, 53.49060721216696], [10.207982662354036, 53.49060721216696], [10.207911435262805, 53.49057179574663], [10.207911435262805, 53.49057179574663]]], [[[10.207840215178358, 53.49053637435649], [10.207911435262805, 53.49057179574663], [10.207911435262805, 53.49057179574663], [10.207840215178356, 53.49053637435649], [10.207840215178358, 53.49053637435649]]], [[[10.207769002101656, 53.49050094799694], [10.207840215178358, 53.49053637435649], [10.207840215178356, 53.49053637435649], [10.207769002101656, 53.49050094799694], [10.207769002101656, 53.49050094799694]]], [[[10.207697796033674, 53.49046551666849], [10.207697796033672, 53.49046551666849], [10.207769002101656, 53.49050094799694], [10.207769002101656, 53.49050094799694], [10.207697796033674, 53.49046551666849]]], [[[10.20762659697537, 53.49043008037166], [10.207697796033674, 53.49046551666849], [10.207697796033672, 53.49046551666849], [10.207626596975368, 53.49043008037166], [10.20762659697537, 53.49043008037166]]], [[[10.20755540492771, 53.49039463910693], [10.20755540492771, 53.49039463910693], [10.207626596975368, 53.49043008037166], [10.20762659697537, 53.49043008037166], [10.20755540492771, 53.49039463910693]]], [[[10.20748421989167, 53.49035919287475], [10.20755540492771, 53.49039463910693], [10.20755540492771, 53.49039463910693], [10.20748421989167, 53.49035919287475], [10.20748421989167, 53.49035919287475]]], [[[10.207413041868197, 53.49032374167563], [10.207413041868197, 53.49032374167563], [10.20748421989167, 53.49035919287475], [10.20748421989167, 53.49035919287475], [10.207413041868197, 53.49032374167563]]], [[[10.207341870858274, 53.490288285510076], [10.207341870858274, 53.490288285510076], [10.207413041868197, 53.49032374167563], [10.207413041868197, 53.49032374167563], [10.207341870858274, 53.490288285510076]]], [[[10.207270706862854, 53.49025282437857], [10.207341870858274, 53.490288285510076], [10.207341870858274, 53.490288285510076], [10.207270706862852, 53.49025282437857], [10.207270706862854, 53.49025282437857]]], [[[10.207199549882908, 53.4902173582816], [10.207270706862854, 53.49025282437857], [10.207270706862852, 53.49025282437857], [10.207199549882908, 53.4902173582816], [10.207199549882908, 53.4902173582816]]], [[[10.2071283999194, 53.49018188721963], [10.207199549882908, 53.4902173582816], [10.207199549882908, 53.4902173582816], [10.207128399919398, 53.49018188721963], [10.2071283999194, 53.49018188721963]]], [[[10.207057256973291, 53.49014641119321], [10.207057256973291, 53.49014641119321], [10.207128399919398, 53.49018188721963], [10.2071283999194, 53.49018188721963], [10.207057256973291, 53.49014641119321]]], [[[10.206986121045551, 53.49011093020275], [10.20698612104555, 53.49011093020275], [10.207057256973291, 53.49014641119321], [10.207057256973291, 53.49014641119321], [10.206986121045551, 53.49011093020275]]], [[[10.206914992137147, 53.49007544424881], [10.206986121045551, 53.49011093020275], [10.20698612104555, 53.49011093020275], [10.206914992137143, 53.49007544424881], [10.206914992137147, 53.49007544424881]]], [[[10.206843870249035, 53.49003995333184], [10.206843870249033, 53.49003995333184], [10.206914992137143, 53.49007544424881], [10.206914992137147, 53.49007544424881], [10.206843870249035, 53.49003995333184]]], [[[10.206772755382183, 53.49000445745234], [10.206843870249035, 53.49003995333184], [10.206843870249033, 53.49003995333184], [10.20677275538218, 53.49000445745234], [10.206772755382183, 53.49000445745234]]], [[[10.206701647537553, 53.48996895661083], [10.206701647537553, 53.48996895661083], [10.20677275538218, 53.49000445745234], [10.206772755382183, 53.49000445745234], [10.206701647537553, 53.48996895661083]]], [[[10.20663054671612, 53.48993345080773], [10.206701647537553, 53.48996895661083], [10.206701647537553, 53.48996895661083], [10.206630546716118, 53.48993345080773], [10.20663054671612, 53.48993345080773]]], [[[10.206594998939398, 53.48991569604577], [10.20663054671612, 53.48993345080773], [10.206630546716118, 53.48993345080773], [10.206594998939398, 53.48991569604577], [10.206594998939398, 53.48991569604577]]], [[[10.206679953030209, 53.48985616215084], [10.206594998939398, 53.48991569604577], [10.206594998939398, 53.48991569604577], [10.206679953030207, 53.48985616215084], [10.206679953030209, 53.48985616215084]]], [[[10.208054931287025, 53.49055755345566], [10.207984621085084, 53.4905214440986], [10.20791428904505, 53.490485349911054], [10.207843935176156, 53.49044927089784], [10.207773559487638, 53.490413207063575], [10.207703161988734, 53.49037715841301], [10.207632742688684, 53.49034112495084], [10.207562301596738, 53.49030510668176], [10.20749183872214, 53.49026910361048], [10.207421354074139, 53.49023311574171], [10.207350847661987, 53.49019714308013], [10.207280319494938, 53.49016118563043], [10.207209769582256, 53.49012524339732], [10.2071391979332, 53.490089316385514], [10.20706860455703, 53.490053404599635], [10.206997989463014, 53.49001750804444], [10.20692735266042, 53.48998162672455], [10.206856694158525, 53.4899457606447], [10.206786013966605, 53.48990990980954], [10.20671531209393, 53.48987407422377], [10.206679953030207, 53.48985616215084], [10.206594998939398, 53.48991569604577], [10.206630546716118, 53.48993345080773], [10.206701647537553, 53.48996895661083], [10.20677275538218, 53.49000445745234], [10.206843870249033, 53.49003995333184], [10.206914992137143, 53.49007544424881], [10.20698612104555, 53.49011093020275], [10.207057256973291, 53.49014641119321], [10.207128399919398, 53.49018188721963], [10.207199549882908, 53.4902173582816], [10.207270706862852, 53.49025282437857], [10.207341870858274, 53.490288285510076], [10.207413041868197, 53.49032374167563], [10.20748421989167, 53.49035919287475], [10.20755540492771, 53.49039463910693], [10.207626596975368, 53.49043008037166], [10.207697796033672, 53.49046551666849], [10.207769002101656, 53.49050094799694], [10.207840215178356, 53.49053637435649], [10.207911435262805, 53.49057179574663], [10.207982662354036, 53.49060721216696], [10.208054931287025, 53.49055755345566]]]]}, "properties": {"object_id": "f4e84a17-e718-48e5-96f5-cee97ec695c8", "type": "Platform_Surface", "height": 46, "material": "other"}}, {"type": "Feature", "geometry": {"type": "MultiPolygon", "coordinates": [[[[10.208054931287032, 53.49055755345561], [10.208297495485654, 53.490680717804324], [10.208227826181334, 53.49072930010602], [10.20798266235403, 53.490607212166914], [10.208054931287032, 53.49055755345561]]], [[[10.20798266235403, 53.490607212166914], [10.20798266235403, 53.490607212166914], [10.208227826181336, 53.49072930010602], [10.208227826181334, 53.49072930010602], [10.20798266235403, 53.490607212166914]]], [[[10.208054931287032, 53.49055755345561], [10.208054931287036, 53.49055755345561], [10.20798266235403, 53.490607212166914], [10.20798266235403, 53.490607212166914], [10.208054931287032, 53.49055755345561]]], [[[10.208297495485654, 53.490680717804324], [10.208297495485658, 53.490680717804324], [10.208054931287036, 53.49055755345561], [10.208054931287032, 53.49055755345561], [10.208297495485654, 53.490680717804324]]], [[[10.208227826181334, 53.49072930010602], [10.208227826181336, 53.49072930010602], [10.208297495485658, 53.490680717804324], [10.208297495485654, 53.490680717804324], [10.208227826181334, 53.49072930010602]]], [[[10.20798266235403, 53.490607212166914], [10.208054931287036, 53.49055755345561], [10.208297495485658, 53.490680717804324], [10.208227826181336, 53.49072930010602], [10.20798266235403, 53.490607212166914]]]]}, "properties": {"object_id": "53364273-c14a-43bd-87cf-feba8d44c794", "type": "Platform_Surface", "height": 46, "material": "other"}}, {"type": "Feature", "geometry": {"type": "MultiPolygon", "coordinates": [[[[10.208227826181348, 53.49072930010605], [10.208294716918578, 53.4907627175267], [10.20836162924417, 53.49079611960796], [10.208428563148251, 53.49082950634487], [10.208495518620959, 53.49086287773249], [10.208562495652425, 53.49089623376587], [10.208629494232772, 53.490929574440074], [10.208696514352122, 53.49096289975014], [10.208763556000596, 53.49099620969117], [10.208830619168314, 53.49102950425819], [10.20889770384538, 53.4910627834463], [10.208964810021914, 53.49109604725056], [10.209031937688016, 53.49112929566604], [10.20909908683379, 53.49116252868778], [10.209166257449338, 53.49119574631091], [10.209233449524758, 53.4912289485305], [10.209300663050142, 53.49126213534158], [10.209367898015573, 53.49129530673929], [10.209468790642138, 53.49134503492499], [10.209536079164327, 53.4913781677677], [10.209537656729196, 53.49137894166631], [10.209586986572221, 53.49134429077748], [10.209420346438682, 53.49125845653102], [10.209354325349784, 53.49122445159764], [10.209288300638596, 53.491190449201355], [10.2092222723054, 53.49115644934231], [10.209156240350474, 53.49112245202065], [10.209090204774094, 53.4910884572365], [10.209024165576544, 53.49105446499002], [10.2089581227581, 53.491020475281346], [10.208892076319039, 53.490986488110615], [10.20882602625964, 53.49095250347796], [10.208759972580188, 53.49091852138352], [10.208693915280959, 53.49088454182744], [10.208627854362225, 53.490850564809854], [10.208561789824275, 53.49081659033091], [10.208495721667381, 53.49078261839072], [10.20842964989183, 53.49074864898947], [10.208363574497893, 53.49071468212727], [10.20829749548585, 53.49068071780423], [10.208227826181348, 53.49072930010605]]], [[[10.209536079164327, 53.4913781677677], [10.209536079164328, 53.4913781677677], [10.209537656729196, 53.49137894166633], [10.209537656729196, 53.49137894166631], [10.209536079164327, 53.4913781677677]]], [[[10.209468790642138, 53.49134503492499], [10.20946879064214, 53.49134503492499], [10.209536079164328, 53.4913781677677], [10.209536079164327, 53.4913781677677], [10.209468790642138, 53.49134503492499]]], [[[10.209367898015573, 53.49129530673929], [10.209367898015573, 53.49129530673929], [10.20946879064214, 53.49134503492499], [10.209468790642138, 53.49134503492499], [10.209367898015573, 53.49129530673929]]], [[[10.209300663050142, 53.49126213534158], [10.209300663050142, 53.49126213534158], [10.209367898015573, 53.49129530673929], [10.209367898015573, 53.49129530673929], [10.209300663050142, 53.49126213534158]]], [[[10.209233449524758, 53.4912289485305], [10.20923344952476, 53.4912289485305], [10.209300663050142, 53.49126213534158], [10.209300663050142, 53.49126213534158], [10.209233449524758, 53.4912289485305]]], [[[10.209166257449338, 53.49119574631091], [10.209166257449338, 53.49119574631091], [10.20923344952476, 53.4912289485305], [10.209233449524758, 53.4912289485305], [10.209166257449338, 53.49119574631091]]], [[[10.20909908683379, 53.49116252868778], [10.209099086833792, 53.49116252868778], [10.209166257449338, 53.49119574631091], [10.209166257449338, 53.49119574631091], [10.20909908683379, 53.49116252868778]]], [[[10.209031937688016, 53.49112929566604], [10.209031937688017, 53.49112929566602], [10.209099086833792, 53.49116252868778], [10.20909908683379, 53.49116252868778], [10.209031937688016, 53.49112929566604]]], [[[10.208964810021914, 53.49109604725056], [10.209031937688016, 53.49112929566604], [10.209031937688017, 53.49112929566602], [10.208964810021913, 53.49109604725056], [10.208964810021914, 53.49109604725056]]], [[[10.20889770384538, 53.4910627834463], [10.20889770384538, 53.4910627834463], [10.208964810021913, 53.49109604725056], [10.208964810021914, 53.49109604725056], [10.20889770384538, 53.4910627834463]]], [[[10.208830619168314, 53.49102950425819], [10.20889770384538, 53.4910627834463], [10.20889770384538, 53.4910627834463], [10.208830619168314, 53.491029504258194], [10.208830619168314, 53.49102950425819]]], [[[10.208763556000596, 53.49099620969117], [10.208763556000594, 53.49099620969118], [10.208830619168314, 53.491029504258194], [10.208830619168314, 53.49102950425819], [10.208763556000596, 53.49099620969117]]], [[[10.208696514352122, 53.49096289975014], [10.208763556000596, 53.49099620969117], [10.208763556000594, 53.49099620969118], [10.208696514352123, 53.49096289975014], [10.208696514352122, 53.49096289975014]]], [[[10.208629494232772, 53.490929574440074], [10.208696514352122, 53.49096289975014], [10.208696514352123, 53.49096289975014], [10.208629494232772, 53.490929574440074], [10.208629494232772, 53.490929574440074]]], [[[10.208562495652425, 53.49089623376587], [10.208629494232772, 53.490929574440074], [10.208629494232772, 53.490929574440074], [10.208562495652425, 53.49089623376587], [10.208562495652425, 53.49089623376587]]], [[[10.208495518620959, 53.49086287773249], [10.208495518620959, 53.49086287773249], [10.208562495652425, 53.49089623376587], [10.208562495652425, 53.49089623376587], [10.208495518620959, 53.49086287773249]]], [[[10.208428563148251, 53.49082950634487], [10.208428563148253, 53.49082950634488], [10.208495518620959, 53.49086287773249], [10.208495518620959, 53.49086287773249], [10.208428563148251, 53.49082950634487]]], [[[10.20836162924417, 53.49079611960796], [10.20836162924417, 53.49079611960796], [10.208428563148253, 53.49082950634488], [10.208428563148251, 53.49082950634487], [10.20836162924417, 53.49079611960796]]], [[[10.208294716918578, 53.4907627175267], [10.20836162924417, 53.49079611960796], [10.20836162924417, 53.49079611960796], [10.20829471691858, 53.4907627175267], [10.208294716918578, 53.4907627175267]]], [[[10.208227826181348, 53.49072930010605], [10.208227826181348, 53.49072930010605], [10.20829471691858, 53.4907627175267], [10.208294716918578, 53.4907627175267], [10.208227826181348, 53.49072930010605]]], [[[10.20829749548585, 53.49068071780423], [10.208227826181348, 53.49072930010605], [10.208227826181348, 53.49072930010605], [10.208297495485851, 53.49068071780423], [10.20829749548585, 53.49068071780423]]], [[[10.208363574497893, 53.49071468212727], [10.20829749548585, 53.49068071780423], [10.208297495485851, 53.49068071780423], [10.208363574497893, 53.49071468212727], [10.208363574497893, 53.49071468212727]]], [[[10.20842964989183, 53.49074864898947], [10.208363574497893, 53.49071468212727], [10.208363574497893, 53.49071468212727], [10.20842964989183, 53.490748648989474], [10.20842964989183, 53.49074864898947]]], [[[10.208495721667381, 53.49078261839072], [10.208495721667383, 53.49078261839072], [10.20842964989183, 53.490748648989474], [10.20842964989183, 53.49074864898947], [10.208495721667381, 53.49078261839072]]], [[[10.208561789824275, 53.49081659033091], [10.208495721667381, 53.49078261839072], [10.208495721667383, 53.49078261839072], [10.208561789824277, 53.49081659033091], [10.208561789824275, 53.49081659033091]]], [[[10.208627854362225, 53.490850564809854], [10.208561789824275, 53.49081659033091], [10.208561789824277, 53.49081659033091], [10.208627854362229, 53.49085056480986], [10.208627854362225, 53.490850564809854]]], [[[10.208693915280959, 53.49088454182744], [10.208627854362225, 53.490850564809854], [10.208627854362229, 53.49085056480986], [10.208693915280959, 53.49088454182744], [10.208693915280959, 53.49088454182744]]], [[[10.208759972580188, 53.49091852138352], [10.208693915280959, 53.49088454182744], [10.208693915280959, 53.49088454182744], [10.20875997258019, 53.49091852138352], [10.208759972580188, 53.49091852138352]]], [[[10.20882602625964, 53.49095250347796], [10.208759972580188, 53.49091852138352], [10.20875997258019, 53.49091852138352], [10.208826026259642, 53.49095250347796], [10.20882602625964, 53.49095250347796]]], [[[10.208892076319039, 53.490986488110615], [10.20889207631904, 53.490986488110615], [10.208826026259642, 53.49095250347796], [10.20882602625964, 53.49095250347796], [10.208892076319039, 53.490986488110615]]], [[[10.2089581227581, 53.491020475281346], [10.208892076319039, 53.490986488110615], [10.20889207631904, 53.490986488110615], [10.208958122758101, 53.491020475281346], [10.2089581227581, 53.491020475281346]]], [[[10.209024165576544, 53.49105446499002], [10.2089581227581, 53.491020475281346], [10.208958122758101, 53.491020475281346], [10.209024165576544, 53.49105446499003], [10.209024165576544, 53.49105446499002]]], [[[10.209090204774094, 53.4910884572365], [10.209024165576544, 53.49105446499002], [10.209024165576544, 53.49105446499003], [10.209090204774096, 53.49108845723651], [10.209090204774094, 53.4910884572365]]], [[[10.209156240350474, 53.49112245202065], [10.209156240350477, 53.49112245202065], [10.209090204774096, 53.49108845723651], [10.209090204774094, 53.4910884572365], [10.209156240350474, 53.49112245202065]]], [[[10.2092222723054, 53.49115644934231], [10.209156240350474, 53.49112245202065], [10.209156240350477, 53.49112245202065], [10.209222272305404, 53.49115644934231], [10.2092222723054, 53.49115644934231]]], [[[10.209288300638596, 53.491190449201355], [10.2092222723054, 53.49115644934231], [10.209222272305404, 53.49115644934231], [10.209288300638596, 53.491190449201355], [10.209288300638596, 53.491190449201355]]], [[[10.209354325349784, 53.49122445159764], [10.209288300638596, 53.491190449201355], [10.209288300638596, 53.491190449201355], [10.209354325349786, 53.49122445159764], [10.209354325349784, 53.49122445159764]]], [[[10.209420346438682, 53.49125845653102], [10.209354325349784, 53.49122445159764], [10.209354325349786, 53.49122445159764], [10.209420346438682, 53.49125845653104], [10.209420346438682, 53.49125845653102]]], [[[10.209586986572221, 53.49134429077748], [10.209586986572223, 53.49134429077748], [10.209420346438682, 53.49125845653104], [10.209420346438682, 53.49125845653102], [10.209586986572221, 53.49134429077748]]], [[[10.209537656729196, 53.49137894166631], [10.209537656729196, 53.49137894166633], [10.209586986572223, 53.49134429077748], [10.209586986572221, 53.49134429077748], [10.209537656729196, 53.49137894166631]]], [[[10.20829471691858, 53.4907627175267], [10.20836162924417, 53.49079611960796], [10.208428563148253, 53.49082950634488], [10.208495518620959, 53.49086287773249], [10.208562495652425, 53.49089623376587], [10.208629494232772, 53.490929574440074], [10.208696514352123, 53.49096289975014], [10.208763556000594, 53.49099620969118], [10.208830619168314, 53.491029504258194], [10.20889770384538, 53.4910627834463], [10.208964810021913, 53.49109604725056], [10.209031937688017, 53.49112929566602], [10.209099086833792, 53.49116252868778], [10.209166257449338, 53.49119574631091], [10.20923344952476, 53.4912289485305], [10.209300663050142, 53.49126213534158], [10.209367898015573, 53.49129530673929], [10.20946879064214, 53.49134503492499], [10.209536079164328, 53.4913781677677], [10.209537656729196, 53.49137894166633], [10.209586986572223, 53.49134429077748], [10.209420346438682, 53.49125845653104], [10.209354325349786, 53.49122445159764], [10.209288300638596, 53.491190449201355], [10.209222272305404, 53.49115644934231], [10.209156240350477, 53.49112245202065], [10.209090204774096, 53.49108845723651], [10.209024165576544, 53.49105446499003], [10.208958122758101, 53.491020475281346], [10.20889207631904, 53.490986488110615], [10.208826026259642, 53.49095250347796], [10.20875997258019, 53.49091852138352], [10.208693915280959, 53.49088454182744], [10.208627854362229, 53.49085056480986], [10.208561789824277, 53.49081659033091], [10.208495721667383, 53.49078261839072], [10.20842964989183, 53.490748648989474], [10.208363574497893, 53.49071468212727], [10.208297495485851, 53.49068071780423], [10.208227826181348, 53.49072930010605], [10.20829471691858, 53.4907627175267]]]]}, "properties": {"object_id": "b1185cb8-47f1-4109-8951-76c65f2da49e", "type": "Platform_Surface", "height": 46, "material": "other"}}, {"type": "Feature", "geometry": {"type": "MultiPolygon", "coordinates": [[[[10.20659499893937, 53.48991569604575], [10.206263067663286, 53.48975037409788], [10.206241716506081, 53.489739699433436], [10.206198989787772, 53.48971836749067], [10.206156230560458, 53.4896970587441], [10.206113438859582, 53.48967577321134], [10.206070614720575, 53.48965451091005], [10.206027758178964, 53.48963327185777], [10.20598486927025, 53.4896120560721], [10.205941948029942, 53.48959086357061], [10.205898994493664, 53.48956969437084], [10.205856008696953, 53.48954854849029], [10.205812990675467, 53.48952742594648], [10.205769940464837, 53.48950632675688], [10.205726858100746, 53.48948525093895], [10.205683743618883, 53.48946419851013], [10.205640597054982, 53.489443169487835], [10.205597418444807, 53.48942216388949], [10.205554207824111, 53.48940118173248], [10.205510965228711, 53.489380223034146], [10.205467690694427, 53.48935928781185], [10.205422828243403, 53.489337593199906], [10.205499753099122, 53.489281014995456], [10.205545415702273, 53.489302393624484], [10.205589224526914, 53.48932298737644], [10.205632980469971, 53.489343621094406], [10.205676683428921, 53.48936429473007], [10.205720333301311, 53.48938500823497], [10.205763929984881, 53.48940576156061], [10.205807473377407, 53.48942655465841], [10.205850963376848, 53.48944738747963], [10.205894399881279, 53.48946825997554], [10.205937782788908, 53.48948917209719], [10.205981111998033, 53.489510123795654], [10.206024387407126, 53.4895311150218], [10.206067608914733, 53.48955214572656], [10.206110776419552, 53.489573215860595], [10.206153889820396, 53.489594325374604], [10.20619694901625, 53.48961547421913], [10.206239953906167, 53.489636662344616], [10.20628290438934, 53.48965788970151], [10.206325800365116, 53.48967915624002], [10.20634722788131, 53.489689804186845], [10.206679953030214, 53.48985616215081], [10.20659499893937, 53.48991569604575]]], [[[10.205545415702273, 53.489302393624484], [10.205545415702273, 53.489302393624484], [10.20549975309911, 53.489281014995456], [10.205499753099122, 53.489281014995456], [10.205545415702273, 53.489302393624484]]], [[[10.205589224526914, 53.48932298737644], [10.205589224526902, 53.489322987376454], [10.205545415702273, 53.489302393624484], [10.205545415702273, 53.489302393624484], [10.205589224526914, 53.48932298737644]]], [[[10.205632980469971, 53.489343621094406], [10.205632980469955, 53.489343621094406], [10.205589224526902, 53.489322987376454], [10.205589224526914, 53.48932298737644], [10.205632980469971, 53.489343621094406]]], [[[10.205676683428921, 53.48936429473007], [10.205632980469971, 53.489343621094406], [10.205632980469955, 53.489343621094406], [10.205676683428909, 53.48936429473007], [10.205676683428921, 53.48936429473007]]], [[[10.205720333301311, 53.48938500823497], [10.205720333301311, 53.48938500823497], [10.205676683428909, 53.48936429473007], [10.205676683428921, 53.48936429473007], [10.205720333301311, 53.48938500823497]]], [[[10.205763929984881, 53.48940576156061], [10.205763929984869, 53.48940576156061], [10.205720333301311, 53.48938500823497], [10.205720333301311, 53.48938500823497], [10.205763929984881, 53.48940576156061]]], [[[10.205807473377407, 53.48942655465841], [10.205763929984881, 53.48940576156061], [10.205763929984869, 53.48940576156061], [10.205807473377392, 53.489426554658415], [10.205807473377407, 53.48942655465841]]], [[[10.205850963376848, 53.48944738747963], [10.205850963376848, 53.48944738747963], [10.205807473377392, 53.489426554658415], [10.205807473377407, 53.48942655465841], [10.205850963376848, 53.48944738747963]]], [[[10.205894399881279, 53.48946825997554], [10.205894399881279, 53.48946825997554], [10.205850963376848, 53.48944738747963], [10.205850963376848, 53.48944738747963], [10.205894399881279, 53.48946825997554]]], [[[10.205937782788908, 53.48948917209719], [10.205937782788894, 53.48948917209719], [10.205894399881279, 53.48946825997554], [10.205894399881279, 53.48946825997554], [10.205937782788908, 53.48948917209719]]], [[[10.205981111998033, 53.489510123795654], [10.205937782788908, 53.48948917209719], [10.205937782788894, 53.48948917209719], [10.205981111998046, 53.48951012379565], [10.205981111998033, 53.489510123795654]]], [[[10.206024387407126, 53.4895311150218], [10.206024387407112, 53.48953111502181], [10.205981111998046, 53.48951012379565], [10.205981111998033, 53.489510123795654], [10.206024387407126, 53.4895311150218]]], [[[10.206067608914733, 53.48955214572656], [10.206067608914719, 53.48955214572656], [10.206024387407112, 53.48953111502181], [10.206024387407126, 53.4895311150218], [10.206067608914733, 53.48955214572656]]], [[[10.206110776419552, 53.489573215860595], [10.206110776419537, 53.489573215860595], [10.206067608914719, 53.48955214572656], [10.206067608914733, 53.48955214572656], [10.206110776419552, 53.489573215860595]]], [[[10.206153889820396, 53.489594325374604], [10.206153889820396, 53.489594325374604], [10.206110776419537, 53.489573215860595], [10.206110776419552, 53.489573215860595], [10.206153889820396, 53.489594325374604]]], [[[10.20619694901625, 53.48961547421913], [10.206153889820396, 53.489594325374604], [10.206153889820396, 53.489594325374604], [10.20619694901625, 53.48961547421913], [10.20619694901625, 53.48961547421913]]], [[[10.206239953906167, 53.489636662344616], [10.20619694901625, 53.48961547421913], [10.20619694901625, 53.48961547421913], [10.206239953906167, 53.489636662344616], [10.206239953906167, 53.489636662344616]]], [[[10.20628290438934, 53.48965788970151], [10.206239953906167, 53.489636662344616], [10.206239953906167, 53.489636662344616], [10.20628290438934, 53.48965788970151], [10.20628290438934, 53.48965788970151]]], [[[10.206325800365116, 53.48967915624002], [10.206325800365104, 53.48967915624002], [10.20628290438934, 53.48965788970151], [10.20628290438934, 53.48965788970151], [10.206325800365116, 53.48967915624002]]], [[[10.20634722788131, 53.489689804186845], [10.206347227881297, 53.489689804186845], [10.206325800365104, 53.48967915624002], [10.206325800365116, 53.48967915624002], [10.20634722788131, 53.489689804186845]]], [[[10.206679953030214, 53.48985616215081], [10.206679953030214, 53.48985616215081], [10.206347227881297, 53.489689804186845], [10.20634722788131, 53.489689804186845], [10.206679953030214, 53.48985616215081]]], [[[10.20659499893937, 53.48991569604575], [10.206679953030214, 53.48985616215081], [10.206679953030214, 53.48985616215081], [10.20659499893937, 53.48991569604575], [10.20659499893937, 53.48991569604575]]], [[[10.206263067663286, 53.48975037409788], [10.20659499893937, 53.48991569604575], [10.20659499893937, 53.48991569604575], [10.206263067663274, 53.48975037409788], [10.206263067663286, 53.48975037409788]]], [[[10.206241716506081, 53.489739699433436], [10.206241716506067, 53.489739699433436], [10.206263067663274, 53.48975037409788], [10.206263067663286, 53.48975037409788], [10.206241716506081, 53.489739699433436]]], [[[10.206198989787772, 53.48971836749067], [10.206241716506081, 53.489739699433436], [10.206241716506067, 53.489739699433436], [10.206198989787758, 53.489718367490674], [10.206198989787772, 53.48971836749067]]], [[[10.206156230560458, 53.4896970587441], [10.206198989787772, 53.48971836749067], [10.206198989787758, 53.489718367490674], [10.206156230560458, 53.4896970587441], [10.206156230560458, 53.4896970587441]]], [[[10.206113438859582, 53.48967577321134], [10.206113438859566, 53.48967577321134], [10.206156230560458, 53.4896970587441], [10.206156230560458, 53.4896970587441], [10.206113438859582, 53.48967577321134]]], [[[10.206070614720575, 53.48965451091005], [10.206113438859582, 53.48967577321134], [10.206113438859566, 53.48967577321134], [10.206070614720575, 53.48965451091005], [10.206070614720575, 53.48965451091005]]], [[[10.206027758178964, 53.48963327185777], [10.206027758178964, 53.48963327185777], [10.206070614720575, 53.48965451091005], [10.206070614720575, 53.48965451091005], [10.206027758178964, 53.48963327185777]]], [[[10.20598486927025, 53.4896120560721], [10.205984869270237, 53.4896120560721], [10.206027758178964, 53.48963327185777], [10.206027758178964, 53.48963327185777], [10.20598486927025, 53.4896120560721]]], [[[10.205941948029942, 53.48959086357061], [10.20598486927025, 53.4896120560721], [10.205984869270237, 53.4896120560721], [10.205941948029942, 53.48959086357061], [10.205941948029942, 53.48959086357061]]], [[[10.205898994493664, 53.48956969437084], [10.205941948029942, 53.48959086357061], [10.205941948029942, 53.48959086357061], [10.20589899449365, 53.48956969437084], [10.205898994493664, 53.48956969437084]]], [[[10.205856008696953, 53.48954854849029], [10.205898994493664, 53.48956969437084], [10.20589899449365, 53.48956969437084], [10.205856008696939, 53.48954854849029], [10.205856008696953, 53.48954854849029]]], [[[10.205812990675467, 53.48952742594648], [10.205812990675467, 53.48952742594648], [10.205856008696939, 53.48954854849029], [10.205856008696953, 53.48954854849029], [10.205812990675467, 53.48952742594648]]], [[[10.205769940464837, 53.48950632675688], [10.205769940464837, 53.48950632675688], [10.205812990675467, 53.48952742594648], [10.205812990675467, 53.48952742594648], [10.205769940464837, 53.48950632675688]]], [[[10.205726858100746, 53.48948525093895], [10.205769940464837, 53.48950632675688], [10.205769940464837, 53.48950632675688], [10.205726858100746, 53.48948525093895], [10.205726858100746, 53.48948525093895]]], [[[10.205683743618883, 53.48946419851013], [10.205726858100746, 53.48948525093895], [10.205726858100746, 53.48948525093895], [10.205683743618883, 53.48946419851013], [10.205683743618883, 53.48946419851013]]], [[[10.205640597054982, 53.489443169487835], [10.205683743618883, 53.48946419851013], [10.205683743618883, 53.48946419851013], [10.205640597054982, 53.489443169487835], [10.205640597054982, 53.489443169487835]]], [[[10.205597418444807, 53.48942216388949], [10.205640597054982, 53.489443169487835], [10.205640597054982, 53.489443169487835], [10.20559741844479, 53.48942216388949], [10.205597418444807, 53.48942216388949]]], [[[10.205554207824111, 53.48940118173248], [10.205597418444807, 53.48942216388949], [10.20559741844479, 53.48942216388949], [10.205554207824097, 53.48940118173248], [10.205554207824111, 53.48940118173248]]], [[[10.205510965228711, 53.489380223034146], [10.205554207824111, 53.48940118173248], [10.205554207824097, 53.48940118173248], [10.205510965228697, 53.489380223034146], [10.205510965228711, 53.489380223034146]]], [[[10.205467690694427, 53.48935928781185], [10.205510965228711, 53.489380223034146], [10.205510965228697, 53.489380223034146], [10.205467690694427, 53.48935928781185], [10.205467690694427, 53.48935928781185]]], [[[10.205422828243403, 53.489337593199906], [10.205422828243403, 53.489337593199906], [10.205467690694427, 53.48935928781185], [10.205467690694427, 53.48935928781185], [10.205422828243403, 53.489337593199906]]], [[[10.205499753099122, 53.489281014995456], [10.205422828243403, 53.489337593199906], [10.205422828243403, 53.489337593199906], [10.20549975309911, 53.489281014995456], [10.205499753099122, 53.489281014995456]]], [[[10.206679953030214, 53.48985616215081], [10.206347227881297, 53.489689804186845], [10.206325800365104, 53.48967915624002], [10.20628290438934, 53.48965788970151], [10.206239953906167, 53.489636662344616], [10.20619694901625, 53.48961547421913], [10.206153889820396, 53.489594325374604], [10.206110776419537, 53.489573215860595], [10.206067608914719, 53.48955214572656], [10.206024387407112, 53.48953111502181], [10.205981111998046, 53.48951012379565], [10.205937782788894, 53.48948917209719], [10.205894399881279, 53.48946825997554], [10.205850963376848, 53.48944738747963], [10.205807473377392, 53.489426554658415], [10.205763929984869, 53.48940576156061], [10.205720333301311, 53.48938500823497], [10.205676683428909, 53.48936429473007], [10.205632980469955, 53.489343621094406], [10.205589224526902, 53.489322987376454], [10.205545415702273, 53.489302393624484], [10.20549975309911, 53.489281014995456], [10.205422828243403, 53.489337593199906], [10.205467690694427, 53.48935928781185], [10.205510965228697, 53.489380223034146], [10.205554207824097, 53.48940118173248], [10.20559741844479, 53.48942216388949], [10.205640597054982, 53.489443169487835], [10.205683743618883, 53.48946419851013], [10.205726858100746, 53.48948525093895], [10.205769940464837, 53.48950632675688], [10.205812990675467, 53.48952742594648], [10.205856008696939, 53.48954854849029], [10.20589899449365, 53.48956969437084], [10.205941948029942, 53.48959086357061], [10.205984869270237, 53.4896120560721], [10.206027758178964, 53.48963327185777], [10.206070614720575, 53.48965451091005], [10.206113438859566, 53.48967577321134], [10.206156230560458, 53.4896970587441], [10.206198989787758, 53.489718367490674], [10.206241716506067, 53.489739699433436], [10.206263067663274, 53.48975037409788], [10.20659499893937, 53.48991569604575], [10.206679953030214, 53.48985616215081]]]]}, "properties": {"object_id": "0d5edaf4-07b3-4b37-a9fa-0ec1e2a47509", "type": "Platform_Surface", "height": 46, "material": "other"}}, {"type": "Feature", "geometry": {"type": "MultiPolygon", "coordinates": [[[[10.207271877289735, 53.49025199317074], [10.20734304112829, 53.49028745422361], [10.207414211981346, 53.49032291031055], [10.207485389847923, 53.49035836143104], [10.207556574727063, 53.49039380758461], [10.207627766617799, 53.49042924877078], [10.20769896551916, 53.490464684989036], [10.207770171430191, 53.490500116238906], [10.20784138434992, 53.490535542519865], [10.207912604277384, 53.4905709638315], [10.207983831211614, 53.490606380173254], [10.208053566557938, 53.49055850140553], [10.207983256948689, 53.490522392352275], [10.207912925501528, 53.49048629846844], [10.207842572225687, 53.490450219758785], [10.207772197130408, 53.49041415622794], [10.207701800224921, 53.49037810788068], [10.207631381518471, 53.49034207472169], [10.20756094102031, 53.49030605675566], [10.20749047873967, 53.49027005398731], [10.207419994685814, 53.49023406642134], [10.20734948886799, 53.49019809406241], [10.207278961295453, 53.49016213691526], [10.20720841197746, 53.49012619498457], [10.207137840923272, 53.490090268275004], [10.207067248142158, 53.4900543567913], [10.206996633643374, 53.49001846053811], [10.2069259974362, 53.489982579520124], [10.206855339529898, 53.48994671374203], [10.206784659933756, 53.489910863208536], [10.206713958657035, 53.48987502792426], [10.206678599891362, 53.48985711600204], [10.206596170855644, 53.48991486558553], [10.206631718554013, 53.48993262030813], [10.206702819218735, 53.48996812603247], [10.206773926906628, 53.49000362679528], [10.206845041616731, 53.49003912259607], [10.206916163348078, 53.49007461343433], [10.20698729209971, 53.49011009930959], [10.207058427870653, 53.49014558022136], [10.20712957065995, 53.490181056169135], [10.207200720466632, 53.490216527152405], [10.207271877289735, 53.49025199317074]]], [[[10.207419994685814, 53.49023406642134], [10.207419994685816, 53.49023406642132], [10.20734948886799, 53.4901980940624], [10.20734948886799, 53.49019809406241], [10.207419994685814, 53.49023406642134]]], [[[10.20749047873967, 53.49027005398731], [10.207419994685814, 53.49023406642134], [10.207419994685816, 53.49023406642132], [10.207490478739672, 53.49027005398731], [10.20749047873967, 53.49027005398731]]], [[[10.20756094102031, 53.49030605675566], [10.207560941020304, 53.49030605675566], [10.207490478739672, 53.49027005398731], [10.20749047873967, 53.49027005398731], [10.20756094102031, 53.49030605675566]]], [[[10.207631381518471, 53.49034207472169], [10.207631381518471, 53.49034207472169], [10.207560941020304, 53.49030605675566], [10.20756094102031, 53.49030605675566], [10.207631381518471, 53.49034207472169]]], [[[10.207701800224921, 53.49037810788068], [10.207701800224921, 53.49037810788068], [10.207631381518471, 53.49034207472169], [10.207631381518471, 53.49034207472169], [10.207701800224921, 53.49037810788068]]], [[[10.207772197130408, 53.49041415622794], [10.207772197130405, 53.490414156227935], [10.207701800224921, 53.49037810788068], [10.207701800224921, 53.49037810788068], [10.207772197130408, 53.49041415622794]]], [[[10.207842572225687, 53.490450219758785], [10.207842572225687, 53.490450219758785], [10.207772197130405, 53.490414156227935], [10.207772197130408, 53.49041415622794], [10.207842572225687, 53.490450219758785]]], [[[10.207912925501528, 53.49048629846844], [10.20791292550153, 53.49048629846844], [10.207842572225687, 53.490450219758785], [10.207842572225687, 53.490450219758785], [10.207912925501528, 53.49048629846844]]], [[[10.207983256948689, 53.490522392352275], [10.207912925501528, 53.49048629846844], [10.20791292550153, 53.49048629846844], [10.20798325694869, 53.490522392352275], [10.207983256948689, 53.490522392352275]]], [[[10.208053566557938, 53.49055850140553], [10.20805356655794, 53.49055850140553], [10.20798325694869, 53.490522392352275], [10.207983256948689, 53.490522392352275], [10.208053566557938, 53.49055850140553]]], [[[10.207983831211614, 53.490606380173254], [10.208053566557938, 53.49055850140553], [10.20805356655794, 53.49055850140553], [10.207983831211614, 53.490606380173254], [10.207983831211614, 53.490606380173254]]], [[[10.207912604277384, 53.4905709638315], [10.207983831211614, 53.490606380173254], [10.207983831211614, 53.490606380173254], [10.207912604277384, 53.4905709638315], [10.207912604277384, 53.4905709638315]]], [[[10.20784138434992, 53.490535542519865], [10.20784138434992, 53.49053554251986], [10.207912604277384, 53.4905709638315], [10.207912604277384, 53.4905709638315], [10.20784138434992, 53.490535542519865]]], [[[10.207770171430191, 53.490500116238906], [10.207770171430193, 53.490500116238906], [10.20784138434992, 53.49053554251986], [10.20784138434992, 53.490535542519865], [10.207770171430191, 53.490500116238906]]], [[[10.20769896551916, 53.490464684989036], [10.207698965519162, 53.490464684989036], [10.207770171430193, 53.490500116238906], [10.207770171430191, 53.490500116238906], [10.20769896551916, 53.490464684989036]]], [[[10.207627766617799, 53.49042924877078], [10.20769896551916, 53.490464684989036], [10.207698965519162, 53.490464684989036], [10.207627766617799, 53.490429248770766], [10.207627766617799, 53.49042924877078]]], [[[10.207556574727063, 53.49039380758461], [10.207627766617799, 53.49042924877078], [10.207627766617799, 53.490429248770766], [10.207556574727066, 53.49039380758462], [10.207556574727063, 53.49039380758461]]], [[[10.207485389847923, 53.49035836143104], [10.207556574727063, 53.49039380758461], [10.207556574727066, 53.49039380758462], [10.207485389847927, 53.49035836143105], [10.207485389847923, 53.49035836143104]]], [[[10.207414211981346, 53.49032291031055], [10.207485389847923, 53.49035836143104], [10.207485389847927, 53.49035836143105], [10.207414211981348, 53.49032291031055], [10.207414211981346, 53.49032291031055]]], [[[10.20734304112829, 53.49028745422361], [10.207414211981346, 53.49032291031055], [10.207414211981348, 53.49032291031055], [10.20734304112829, 53.49028745422361], [10.20734304112829, 53.49028745422361]]], [[[10.207271877289735, 53.49025199317074], [10.20734304112829, 53.49028745422361], [10.20734304112829, 53.49028745422361], [10.207271877289735, 53.49025199317074], [10.207271877289735, 53.49025199317074]]], [[[10.207200720466632, 53.490216527152405], [10.207271877289735, 53.49025199317074], [10.207271877289735, 53.49025199317074], [10.207200720466632, 53.4902165271524], [10.207200720466632, 53.490216527152405]]], [[[10.20712957065995, 53.490181056169135], [10.207200720466632, 53.490216527152405], [10.207200720466632, 53.4902165271524], [10.207129570659951, 53.490181056169114], [10.20712957065995, 53.490181056169135]]], [[[10.207058427870653, 53.49014558022136], [10.20712957065995, 53.490181056169135], [10.207129570659951, 53.490181056169114], [10.20705842787065, 53.49014558022132], [10.207058427870653, 53.49014558022136]]], [[[10.20698729209971, 53.49011009930959], [10.207058427870653, 53.49014558022136], [10.20705842787065, 53.49014558022132], [10.206987292099711, 53.49011009930959], [10.20698729209971, 53.49011009930959]]], [[[10.206916163348078, 53.49007461343433], [10.20698729209971, 53.49011009930959], [10.206987292099711, 53.49011009930959], [10.20691616334808, 53.49007461343433], [10.206916163348078, 53.49007461343433]]], [[[10.206845041616731, 53.49003912259607], [10.206916163348078, 53.49007461343433], [10.20691616334808, 53.49007461343433], [10.206845041616731, 53.49003912259607], [10.206845041616731, 53.49003912259607]]], [[[10.206773926906628, 53.49000362679528], [10.206773926906628, 53.49000362679527], [10.206845041616731, 53.49003912259607], [10.206845041616731, 53.49003912259607], [10.206773926906628, 53.49000362679528]]], [[[10.206702819218735, 53.48996812603247], [10.206702819218737, 53.48996812603247], [10.206773926906628, 53.49000362679527], [10.206773926906628, 53.49000362679528], [10.206702819218735, 53.48996812603247]]], [[[10.206631718554013, 53.48993262030813], [10.206702819218735, 53.48996812603247], [10.206702819218737, 53.48996812603247], [10.206631718554013, 53.48993262030813], [10.206631718554013, 53.48993262030813]]], [[[10.206596170855644, 53.48991486558553], [10.206631718554013, 53.48993262030813], [10.206631718554013, 53.48993262030813], [10.206596170855644, 53.48991486558553], [10.206596170855644, 53.48991486558553]]], [[[10.206678599891362, 53.48985711600204], [10.206596170855644, 53.48991486558553], [10.206596170855644, 53.48991486558553], [10.206678599891362, 53.48985711600204], [10.206678599891362, 53.48985711600204]]], [[[10.206713958657035, 53.48987502792426], [10.206713958657037, 53.48987502792425], [10.206678599891362, 53.48985711600204], [10.206678599891362, 53.48985711600204], [10.206713958657035, 53.48987502792426]]], [[[10.206784659933756, 53.489910863208536], [10.206713958657035, 53.48987502792426], [10.206713958657037, 53.48987502792425], [10.206784659933755, 53.489910863208536], [10.206784659933756, 53.489910863208536]]], [[[10.206855339529898, 53.48994671374203], [10.206855339529898, 53.48994671374203], [10.206784659933755, 53.489910863208536], [10.206784659933756, 53.489910863208536], [10.206855339529898, 53.48994671374203]]], [[[10.2069259974362, 53.489982579520124], [10.2069259974362, 53.489982579520124], [10.206855339529898, 53.48994671374203], [10.206855339529898, 53.48994671374203], [10.2069259974362, 53.489982579520124]]], [[[10.206996633643374, 53.49001846053811], [10.206996633643374, 53.49001846053811], [10.2069259974362, 53.489982579520124], [10.2069259974362, 53.489982579520124], [10.206996633643374, 53.49001846053811]]], [[[10.207067248142158, 53.4900543567913], [10.207067248142158, 53.49005435679128], [10.206996633643374, 53.49001846053811], [10.206996633643374, 53.49001846053811], [10.207067248142158, 53.4900543567913]]], [[[10.207137840923272, 53.490090268275004], [10.207137840923274, 53.490090268275004], [10.207067248142158, 53.49005435679128], [10.207067248142158, 53.4900543567913], [10.207137840923272, 53.490090268275004]]], [[[10.20720841197746, 53.49012619498457], [10.207137840923272, 53.490090268275004], [10.207137840923274, 53.490090268275004], [10.207208411977462, 53.490126194984555], [10.20720841197746, 53.49012619498457]]], [[[10.207278961295453, 53.49016213691526], [10.207278961295453, 53.49016213691526], [10.207208411977462, 53.490126194984555], [10.20720841197746, 53.49012619498457], [10.207278961295453, 53.49016213691526]]], [[[10.20734948886799, 53.49019809406241], [10.20734948886799, 53.4901980940624], [10.207278961295453, 53.49016213691526], [10.207278961295453, 53.49016213691526], [10.20734948886799, 53.49019809406241]]], [[[10.20734304112829, 53.49028745422361], [10.207271877289735, 53.49025199317074], [10.207200720466632, 53.4902165271524], [10.207129570659951, 53.490181056169114], [10.20705842787065, 53.49014558022132], [10.206987292099711, 53.49011009930959], [10.20691616334808, 53.49007461343433], [10.206845041616731, 53.49003912259607], [10.206773926906628, 53.49000362679527], [10.206702819218737, 53.48996812603247], [10.206631718554013, 53.48993262030813], [10.206596170855644, 53.48991486558553], [10.206678599891362, 53.48985711600204], [10.206713958657037, 53.48987502792425], [10.206784659933755, 53.489910863208536], [10.206855339529898, 53.48994671374203], [10.2069259974362, 53.489982579520124], [10.206996633643374, 53.49001846053811], [10.207067248142158, 53.49005435679128], [10.207137840923274, 53.490090268275004], [10.207208411977462, 53.490126194984555], [10.207278961295453, 53.49016213691526], [10.20734948886799, 53.4901980940624], [10.207419994685816, 53.49023406642132], [10.207490478739672, 53.49027005398731], [10.207560941020304, 53.49030605675566], [10.207631381518471, 53.49034207472169], [10.207701800224921, 53.49037810788068], [10.207772197130405, 53.490414156227935], [10.207842572225687, 53.490450219758785], [10.20791292550153, 53.49048629846844], [10.20798325694869, 53.490522392352275], [10.20805356655794, 53.49055850140553], [10.207983831211614, 53.490606380173254], [10.207912604277384, 53.4905709638315], [10.20784138434992, 53.49053554251986], [10.207770171430193, 53.490500116238906], [10.207698965519162, 53.490464684989036], [10.207627766617799, 53.490429248770766], [10.207556574727066, 53.49039380758462], [10.207485389847927, 53.49035836143105], [10.207414211981348, 53.49032291031055], [10.20734304112829, 53.49028745422361]]]]}, "properties": {"object_id": "5b7d32e0-8cee-4681-ab9f-ff6e48e787f1", "type": "Platform_Surface", "height": 44, "material": "other"}}, {"type": "Feature", "geometry": {"type": "MultiPolygon", "coordinates": [[[[10.208053566558302, 53.49055850140528], [10.207983831143334, 53.4906063802221], [10.208229104646266, 53.49072840936141], [10.208296106758175, 53.49068169686709], [10.208053566558302, 53.49055850140528]]], [[[10.207983831143334, 53.4906063802221], [10.208229104646266, 53.49072840936141], [10.208229104646266, 53.49072840936141], [10.207983831143332, 53.49060638022209], [10.207983831143334, 53.4906063802221]]], [[[10.208053566558302, 53.49055850140528], [10.208053566558302, 53.49055850140528], [10.207983831143332, 53.49060638022209], [10.207983831143334, 53.4906063802221], [10.208053566558302, 53.49055850140528]]], [[[10.208296106758175, 53.49068169686709], [10.208296106758176, 53.49068169686708], [10.208053566558302, 53.49055850140528], [10.208053566558302, 53.49055850140528], [10.208296106758175, 53.49068169686709]]], [[[10.208229104646266, 53.49072840936141], [10.208296106758175, 53.49068169686709], [10.208296106758176, 53.49068169686708], [10.208229104646266, 53.49072840936141], [10.208229104646266, 53.49072840936141]]], [[[10.207983831143332, 53.49060638022209], [10.208053566558302, 53.49055850140528], [10.208296106758176, 53.49068169686708], [10.208229104646266, 53.49072840936141], [10.207983831143332, 53.49060638022209]]]]}, "properties": {"object_id": "2b9178ce-dcad-4d94-8e88-6cc2ad8580ce", "type": "Platform_Surface", "height": 44, "material": "other"}}, {"type": "Feature", "geometry": {"type": "MultiPolygon", "coordinates": [[[[10.208831892585142, 53.4910286109967], [10.208898976700558, 53.4910618899057], [10.208966082315255, 53.49109515343095], [10.20903320941934, 53.49112840156757], [10.20910035800292, 53.49116163431059], [10.20916752805609, 53.49119485165513], [10.209234719568949, 53.491228053596224], [10.209301932531572, 53.49126124012897], [10.209369166934083, 53.49129441124846], [10.209470058715926, 53.49134413901709], [10.20953734667473, 53.49137727158192], [10.209583993265186, 53.49134445738322], [10.209517981342243, 53.491310446163304], [10.209418956664807, 53.49125943408988], [10.209352935684926, 53.4912254292121], [10.209286911082778, 53.491191426871424], [10.209220882858615, 53.491157427068], [10.209154851012714, 53.49112342980194], [10.209088815545384, 53.49108943507339], [10.209022776456866, 53.49105544288251], [10.208956733747488, 53.49102145322942], [10.20889068741749, 53.49098746611427], [10.208824637467167, 53.4909534815372], [10.208758583896786, 53.49091949949832], [10.208692526706615, 53.49088551999781], [10.208626465896977, 53.49085154303579], [10.208560401468114, 53.49081756861241], [10.208494333420317, 53.4907835967278], [10.208428261753852, 53.49074962738211], [10.208362186469031, 53.49071566057543], [10.2082961075661, 53.49068169630797], [10.208229104644897, 53.49072840936238], [10.208295994822098, 53.49076182650275], [10.208362906587485, 53.490795228303895], [10.208429839931194, 53.490828614760765], [10.208496794843347, 53.4908619858685], [10.208563771314049, 53.49089534162212], [10.208630769333475, 53.490928682016694], [10.208697788891712, 53.49096200704726], [10.208764829978902, 53.49099531670892], [10.208831892585142, 53.4910286109967]]], [[[10.209022776456866, 53.49105544288251], [10.209022776456882, 53.491055442882505], [10.208956733747488, 53.49102145322942], [10.208956733747488, 53.49102145322942], [10.209022776456866, 53.49105544288251]]], [[[10.209088815545384, 53.49108943507339], [10.209022776456866, 53.49105544288251], [10.209022776456882, 53.491055442882505], [10.209088815545384, 53.49108943507339], [10.209088815545384, 53.49108943507339]]], [[[10.209154851012714, 53.49112342980194], [10.209088815545384, 53.49108943507339], [10.209088815545384, 53.49108943507339], [10.209154851012732, 53.49112342980194], [10.209154851012714, 53.49112342980194]]], [[[10.209220882858615, 53.491157427068], [10.209220882858615, 53.491157427068], [10.209154851012732, 53.49112342980194], [10.209154851012714, 53.49112342980194], [10.209220882858615, 53.491157427068]]], [[[10.209286911082778, 53.491191426871424], [10.209286911082778, 53.491191426871424], [10.209220882858615, 53.491157427068], [10.209220882858615, 53.491157427068], [10.209286911082778, 53.491191426871424]]], [[[10.209352935684926, 53.4912254292121], [10.209286911082778, 53.491191426871424], [10.209286911082778, 53.491191426871424], [10.20935293568494, 53.4912254292121], [10.209352935684926, 53.4912254292121]]], [[[10.209418956664807, 53.49125943408988], [10.209418956664823, 53.491259434089876], [10.20935293568494, 53.4912254292121], [10.209352935684926, 53.4912254292121], [10.209418956664807, 53.49125943408988]]], [[[10.209517981342243, 53.491310446163304], [10.209517981342243, 53.491310446163304], [10.209418956664823, 53.491259434089876], [10.209418956664807, 53.49125943408988], [10.209517981342243, 53.491310446163304]]], [[[10.209583993265186, 53.49134445738322], [10.209517981342243, 53.491310446163304], [10.209517981342243, 53.491310446163304], [10.209583993265186, 53.49134445738322], [10.209583993265186, 53.49134445738322]]], [[[10.20953734667473, 53.49137727158192], [10.209583993265186, 53.49134445738322], [10.209583993265186, 53.49134445738322], [10.209537346674745, 53.49137727158192], [10.20953734667473, 53.49137727158192]]], [[[10.209470058715926, 53.49134413901709], [10.209470058715926, 53.49134413901709], [10.209537346674745, 53.49137727158192], [10.20953734667473, 53.49137727158192], [10.209470058715926, 53.49134413901709]]], [[[10.209369166934083, 53.49129441124846], [10.209369166934083, 53.49129441124846], [10.209470058715926, 53.49134413901709], [10.209470058715926, 53.49134413901709], [10.209369166934083, 53.49129441124846]]], [[[10.209301932531572, 53.49126124012897], [10.209301932531586, 53.49126124012897], [10.209369166934083, 53.49129441124846], [10.209369166934083, 53.49129441124846], [10.209301932531572, 53.49126124012897]]], [[[10.209234719568949, 53.491228053596224], [10.209234719568949, 53.491228053596224], [10.209301932531586, 53.49126124012897], [10.209301932531572, 53.49126124012897], [10.209234719568949, 53.491228053596224]]], [[[10.20916752805609, 53.49119485165513], [10.209234719568949, 53.491228053596224], [10.209234719568949, 53.491228053596224], [10.20916752805609, 53.49119485165513], [10.20916752805609, 53.49119485165513]]], [[[10.20910035800292, 53.49116163431059], [10.20910035800292, 53.49116163431059], [10.20916752805609, 53.49119485165513], [10.20916752805609, 53.49119485165513], [10.20910035800292, 53.49116163431059]]], [[[10.20903320941934, 53.49112840156757], [10.20903320941934, 53.49112840156757], [10.20910035800292, 53.49116163431059], [10.20910035800292, 53.49116163431059], [10.20903320941934, 53.49112840156757]]], [[[10.208966082315255, 53.49109515343095], [10.208966082315255, 53.49109515343095], [10.20903320941934, 53.49112840156757], [10.20903320941934, 53.49112840156757], [10.208966082315255, 53.49109515343095]]], [[[10.208898976700558, 53.4910618899057], [10.208898976700558, 53.4910618899057], [10.208966082315255, 53.49109515343095], [10.208966082315255, 53.49109515343095], [10.208898976700558, 53.4910618899057]]], [[[10.208831892585142, 53.4910286109967], [10.208898976700558, 53.4910618899057], [10.208898976700558, 53.4910618899057], [10.20883189258515, 53.4910286109967], [10.208831892585142, 53.4910286109967]]], [[[10.208764829978902, 53.49099531670892], [10.208764829978918, 53.49099531670892], [10.20883189258515, 53.4910286109967], [10.208831892585142, 53.4910286109967], [10.208764829978902, 53.49099531670892]]], [[[10.208697788891712, 53.49096200704726], [10.208697788891712, 53.49096200704726], [10.208764829978918, 53.49099531670892], [10.208764829978902, 53.49099531670892], [10.208697788891712, 53.49096200704726]]], [[[10.208630769333475, 53.490928682016694], [10.208630769333475, 53.490928682016694], [10.208697788891712, 53.49096200704726], [10.208697788891712, 53.49096200704726], [10.208630769333475, 53.490928682016694]]], [[[10.208563771314049, 53.49089534162212], [10.208563771314065, 53.490895341622114], [10.208630769333475, 53.490928682016694], [10.208630769333475, 53.490928682016694], [10.208563771314049, 53.49089534162212]]], [[[10.208496794843347, 53.4908619858685], [10.208496794843347, 53.4908619858685], [10.208563771314065, 53.490895341622114], [10.208563771314049, 53.49089534162212], [10.208496794843347, 53.4908619858685]]], [[[10.208429839931194, 53.490828614760765], [10.208429839931194, 53.490828614760765], [10.208496794843347, 53.4908619858685], [10.208496794843347, 53.4908619858685], [10.208429839931194, 53.490828614760765]]], [[[10.208362906587485, 53.490795228303895], [10.208362906587485, 53.490795228303895], [10.208429839931194, 53.490828614760765], [10.208429839931194, 53.490828614760765], [10.208362906587485, 53.490795228303895]]], [[[10.208295994822098, 53.49076182650275], [10.208295994822098, 53.49076182650275], [10.208362906587485, 53.490795228303895], [10.208362906587485, 53.490795228303895], [10.208295994822098, 53.49076182650275]]], [[[10.208229104644897, 53.49072840936238], [10.208229104644897, 53.49072840936238], [10.208295994822098, 53.49076182650275], [10.208295994822098, 53.49076182650275], [10.208229104644897, 53.49072840936238]]], [[[10.2082961075661, 53.49068169630797], [10.208229104644897, 53.49072840936238], [10.208229104644897, 53.49072840936238], [10.2082961075661, 53.49068169630797], [10.2082961075661, 53.49068169630797]]], [[[10.208362186469031, 53.49071566057543], [10.2082961075661, 53.49068169630797], [10.2082961075661, 53.49068169630797], [10.208362186469031, 53.49071566057543], [10.208362186469031, 53.49071566057543]]], [[[10.208428261753852, 53.49074962738211], [10.208362186469031, 53.49071566057543], [10.208362186469031, 53.49071566057543], [10.208428261753864, 53.49074962738211], [10.208428261753852, 53.49074962738211]]], [[[10.208494333420317, 53.4907835967278], [10.208428261753852, 53.49074962738211], [10.208428261753864, 53.49074962738211], [10.20849433342033, 53.4907835967278], [10.208494333420317, 53.4907835967278]]], [[[10.208560401468114, 53.49081756861241], [10.208560401468114, 53.49081756861241], [10.20849433342033, 53.4907835967278], [10.208494333420317, 53.4907835967278], [10.208560401468114, 53.49081756861241]]], [[[10.208626465896977, 53.49085154303579], [10.208560401468114, 53.49081756861241], [10.208560401468114, 53.49081756861241], [10.208626465896977, 53.49085154303579], [10.208626465896977, 53.49085154303579]]], [[[10.208692526706615, 53.49088551999781], [10.20869252670663, 53.49088551999782], [10.208626465896977, 53.49085154303579], [10.208626465896977, 53.49085154303579], [10.208692526706615, 53.49088551999781]]], [[[10.208758583896786, 53.49091949949832], [10.208692526706615, 53.49088551999781], [10.20869252670663, 53.49088551999782], [10.208758583896786, 53.49091949949832], [10.208758583896786, 53.49091949949832]]], [[[10.208824637467167, 53.4909534815372], [10.208824637467153, 53.4909534815372], [10.208758583896786, 53.49091949949832], [10.208758583896786, 53.49091949949832], [10.208824637467167, 53.4909534815372]]], [[[10.20889068741749, 53.49098746611427], [10.208824637467167, 53.4909534815372], [10.208824637467153, 53.4909534815372], [10.20889068741749, 53.49098746611427], [10.20889068741749, 53.49098746611427]]], [[[10.208956733747488, 53.49102145322942], [10.20889068741749, 53.49098746611427], [10.20889068741749, 53.49098746611427], [10.208956733747488, 53.49102145322942], [10.208956733747488, 53.49102145322942]]], [[[10.208898976700558, 53.4910618899057], [10.20883189258515, 53.4910286109967], [10.208764829978918, 53.49099531670892], [10.208697788891712, 53.49096200704726], [10.208630769333475, 53.490928682016694], [10.208563771314065, 53.490895341622114], [10.208496794843347, 53.4908619858685], [10.208429839931194, 53.490828614760765], [10.208362906587485, 53.490795228303895], [10.208295994822098, 53.49076182650275], [10.208229104644897, 53.49072840936238], [10.2082961075661, 53.49068169630797], [10.208362186469031, 53.49071566057543], [10.208428261753864, 53.49074962738211], [10.20849433342033, 53.4907835967278], [10.208560401468114, 53.49081756861241], [10.208626465896977, 53.49085154303579], [10.20869252670663, 53.49088551999782], [10.208758583896786, 53.49091949949832], [10.208824637467153, 53.4909534815372], [10.20889068741749, 53.49098746611427], [10.208956733747488, 53.49102145322942], [10.209022776456882, 53.491055442882505], [10.209088815545384, 53.49108943507339], [10.209154851012732, 53.49112342980194], [10.209220882858615, 53.491157427068], [10.209286911082778, 53.491191426871424], [10.20935293568494, 53.4912254292121], [10.209418956664823, 53.491259434089876], [10.209517981342243, 53.491310446163304], [10.209583993265186, 53.49134445738322], [10.209537346674745, 53.49137727158192], [10.209470058715926, 53.49134413901709], [10.209369166934083, 53.49129441124846], [10.209301932531586, 53.49126124012897], [10.209234719568949, 53.491228053596224], [10.20916752805609, 53.49119485165513], [10.20910035800292, 53.49116163431059], [10.20903320941934, 53.49112840156757], [10.208966082315255, 53.49109515343095], [10.208898976700558, 53.4910618899057]]]]}, "properties": {"object_id": "e37f0f7a-cff8-4e4e-ae1c-8f243f50fdff", "type": "Platform_Surface", "height": 44, "material": "other"}}, {"type": "Feature", "geometry": {"type": "MultiPolygon", "coordinates": [[[[10.205771183234598, 53.489505430103385], [10.205814234773218, 53.489526529943554], [10.205857254121705, 53.48954765313866], [10.205900241244418, 53.48956879967119], [10.205943196105725, 53.489589969523706], [10.205986118670047, 53.48961116267861], [10.206029008901789, 53.48963237911844], [10.206071866765429, 53.489653618825585], [10.206114692225476, 53.48967488178249], [10.206157485246393, 53.48969616797156], [10.20620024579272, 53.48971747737516], [10.206242973829072, 53.48973880997566], [10.206264325644911, 53.48974948496925], [10.20659617078721, 53.48991486563426], [10.20667859989175, 53.48985711600178], [10.206345863420655, 53.489690785660784], [10.206324437198681, 53.48968013835695], [10.206281543813818, 53.48965887310259], [10.20623859592483, 53.489637647027536], [10.206195593632387, 53.48961646018146], [10.20615253703728, 53.489595312614], [10.20610942624045, 53.489574204374684], [10.2060662613429, 53.48955313551295], [10.206023042445853, 53.48953210607814], [10.205979769650572, 53.4895111161195], [10.205936443058471, 53.4894901656862], [10.205893062771128, 53.48946925482731], [10.205849628890178, 53.489448383591785], [10.205806141517474, 53.48942755202852], [10.205762600754888, 53.489406760186306], [10.2057190067045, 53.48938600811384], [10.205675359468472, 53.4893652958597], [10.205631659149118, 53.48934462347244], [10.205587905848827, 53.4893239910004], [10.20554409967016, 53.48930339849198], [10.20550024071579, 53.489282845995355], [10.205425616367464, 53.48933747425091], [10.205468924140634, 53.48935838662463], [10.205512200009782, 53.48937932249244], [10.2055554439391, 53.489400281837], [10.205598655892715, 53.48942126464096], [10.205641835834838, 53.489442270887004], [10.2056849837297, 53.48946330055768], [10.205728099541519, 53.48948435363561], [10.205771183234598, 53.489505430103385]]], [[[10.20610942624045, 53.489574204374684], [10.2060662613429, 53.48955313551295], [10.206066261342915, 53.48955313551295], [10.20610942624045, 53.489574204374684], [10.20610942624045, 53.489574204374684]]], [[[10.20615253703728, 53.489595312614], [10.206152537037292, 53.489595312614], [10.20610942624045, 53.489574204374684], [10.20610942624045, 53.489574204374684], [10.20615253703728, 53.489595312614]]], [[[10.206195593632387, 53.48961646018146], [10.206195593632387, 53.48961646018146], [10.206152537037292, 53.489595312614], [10.20615253703728, 53.489595312614], [10.206195593632387, 53.48961646018146]]], [[[10.20623859592483, 53.489637647027536], [10.20623859592483, 53.489637647027536], [10.206195593632387, 53.48961646018146], [10.206195593632387, 53.48961646018146], [10.20623859592483, 53.489637647027536]]], [[[10.206281543813818, 53.48965887310259], [10.206281543813802, 53.48965887310259], [10.20623859592483, 53.489637647027536], [10.20623859592483, 53.489637647027536], [10.206281543813818, 53.48965887310259]]], [[[10.206324437198681, 53.48968013835695], [10.206324437198681, 53.48968013835695], [10.206281543813802, 53.48965887310259], [10.206281543813818, 53.48965887310259], [10.206324437198681, 53.48968013835695]]], [[[10.206345863420655, 53.489690785660784], [10.206345863420655, 53.489690785660784], [10.206324437198681, 53.48968013835695], [10.206324437198681, 53.48968013835695], [10.206345863420655, 53.489690785660784]]], [[[10.20667859989175, 53.48985711600178], [10.206345863420655, 53.489690785660784], [10.206345863420655, 53.489690785660784], [10.20667859989175, 53.48985711600178], [10.20667859989175, 53.48985711600178]]], [[[10.20659617078721, 53.48991486563426], [10.206596170787224, 53.48991486563426], [10.20667859989175, 53.48985711600178], [10.20667859989175, 53.48985711600178], [10.20659617078721, 53.48991486563426]]], [[[10.206264325644911, 53.48974948496925], [10.20659617078721, 53.48991486563426], [10.206596170787224, 53.48991486563426], [10.206264325644911, 53.48974948496925], [10.206264325644911, 53.48974948496925]]], [[[10.206242973829072, 53.48973880997566], [10.206264325644911, 53.48974948496925], [10.206264325644911, 53.48974948496925], [10.206242973829058, 53.48973880997566], [10.206242973829072, 53.48973880997566]]], [[[10.20620024579272, 53.48971747737516], [10.206242973829072, 53.48973880997566], [10.206242973829058, 53.48973880997566], [10.206200245792735, 53.48971747737515], [10.20620024579272, 53.48971747737516]]], [[[10.206157485246393, 53.48969616797156], [10.20620024579272, 53.48971747737516], [10.206200245792735, 53.48971747737515], [10.206157485246377, 53.48969616797156], [10.206157485246393, 53.48969616797156]]], [[[10.206114692225476, 53.48967488178249], [10.20611469222546, 53.48967488178249], [10.206157485246377, 53.48969616797156], [10.206157485246393, 53.48969616797156], [10.206114692225476, 53.48967488178249]]], [[[10.206071866765429, 53.489653618825585], [10.206071866765443, 53.4896536188256], [10.20611469222546, 53.48967488178249], [10.206114692225476, 53.48967488178249], [10.206071866765429, 53.489653618825585]]], [[[10.206029008901789, 53.48963237911844], [10.206071866765429, 53.489653618825585], [10.206071866765443, 53.4896536188256], [10.2060290089018, 53.48963237911844], [10.206029008901789, 53.48963237911844]]], [[[10.205986118670047, 53.48961116267861], [10.205986118670035, 53.48961116267862], [10.2060290089018, 53.48963237911844], [10.206029008901789, 53.48963237911844], [10.205986118670047, 53.48961116267861]]], [[[10.205943196105725, 53.489589969523706], [10.205943196105725, 53.489589969523706], [10.205986118670035, 53.48961116267862], [10.205986118670047, 53.48961116267861], [10.205943196105725, 53.489589969523706]]], [[[10.205900241244418, 53.48956879967119], [10.205943196105725, 53.489589969523706], [10.205943196105725, 53.489589969523706], [10.205900241244402, 53.48956879967119], [10.205900241244418, 53.48956879967119]]], [[[10.205857254121705, 53.48954765313866], [10.205857254121705, 53.48954765313866], [10.205900241244402, 53.48956879967119], [10.205900241244418, 53.48956879967119], [10.205857254121705, 53.48954765313866]]], [[[10.205814234773218, 53.489526529943554], [10.205814234773218, 53.489526529943554], [10.205857254121705, 53.48954765313866], [10.205857254121705, 53.48954765313866], [10.205814234773218, 53.489526529943554]]], [[[10.205771183234598, 53.489505430103385], [10.205771183234598, 53.489505430103385], [10.205814234773218, 53.489526529943554], [10.205814234773218, 53.489526529943554], [10.205771183234598, 53.489505430103385]]], [[[10.205728099541519, 53.48948435363561], [10.205728099541519, 53.48948435363561], [10.205771183234598, 53.489505430103385], [10.205771183234598, 53.489505430103385], [10.205728099541519, 53.48948435363561]]], [[[10.2056849837297, 53.48946330055768], [10.2056849837297, 53.48946330055768], [10.205728099541519, 53.48948435363561], [10.205728099541519, 53.48948435363561], [10.2056849837297, 53.48946330055768]]], [[[10.205641835834838, 53.489442270887004], [10.2056849837297, 53.48946330055768], [10.2056849837297, 53.48946330055768], [10.205641835834854, 53.489442270887004], [10.205641835834838, 53.489442270887004]]], [[[10.205598655892715, 53.48942126464096], [10.205641835834838, 53.489442270887004], [10.205641835834854, 53.489442270887004], [10.205598655892715, 53.48942126464096], [10.205598655892715, 53.48942126464096]]], [[[10.2055554439391, 53.489400281837], [10.205555443939083, 53.48940028183699], [10.205598655892715, 53.48942126464096], [10.205598655892715, 53.48942126464096], [10.2055554439391, 53.489400281837]]], [[[10.205512200009782, 53.48937932249244], [10.205512200009782, 53.48937932249244], [10.205555443939083, 53.48940028183699], [10.2055554439391, 53.489400281837], [10.205512200009782, 53.48937932249244]]], [[[10.205468924140634, 53.48935838662463], [10.205512200009782, 53.48937932249244], [10.205512200009782, 53.48937932249244], [10.205468924140634, 53.48935838662463], [10.205468924140634, 53.48935838662463]]], [[[10.205425616367464, 53.48933747425091], [10.205468924140634, 53.48935838662463], [10.205468924140634, 53.48935838662463], [10.205425616367464, 53.48933747425091], [10.205425616367464, 53.48933747425091]]], [[[10.20550024071579, 53.489282845995355], [10.205425616367464, 53.48933747425091], [10.205425616367464, 53.48933747425091], [10.205500240715775, 53.489282845995355], [10.20550024071579, 53.489282845995355]]], [[[10.20554409967016, 53.48930339849198], [10.20550024071579, 53.489282845995355], [10.205500240715775, 53.489282845995355], [10.20554409967016, 53.48930339849198], [10.20554409967016, 53.48930339849198]]], [[[10.205587905848827, 53.4893239910004], [10.205587905848827, 53.4893239910004], [10.20554409967016, 53.48930339849198], [10.20554409967016, 53.48930339849198], [10.205587905848827, 53.4893239910004]]], [[[10.205631659149118, 53.48934462347244], [10.205631659149118, 53.48934462347244], [10.205587905848827, 53.4893239910004], [10.205587905848827, 53.4893239910004], [10.205631659149118, 53.48934462347244]]], [[[10.205675359468472, 53.4893652958597], [10.205675359468483, 53.4893652958597], [10.205631659149118, 53.48934462347244], [10.205631659149118, 53.48934462347244], [10.205675359468472, 53.4893652958597]]], [[[10.2057190067045, 53.48938600811384], [10.2057190067045, 53.48938600811384], [10.205675359468483, 53.4893652958597], [10.205675359468472, 53.4893652958597], [10.2057190067045, 53.48938600811384]]], [[[10.205762600754888, 53.489406760186306], [10.2057190067045, 53.48938600811384], [10.2057190067045, 53.48938600811384], [10.205762600754888, 53.489406760186306], [10.205762600754888, 53.489406760186306]]], [[[10.205806141517474, 53.48942755202852], [10.205806141517474, 53.48942755202852], [10.205762600754888, 53.489406760186306], [10.205762600754888, 53.489406760186306], [10.205806141517474, 53.48942755202852]]], [[[10.205849628890178, 53.489448383591785], [10.205806141517474, 53.48942755202852], [10.205806141517474, 53.48942755202852], [10.205849628890178, 53.489448383591785], [10.205849628890178, 53.489448383591785]]], [[[10.205893062771128, 53.48946925482731], [10.205849628890178, 53.489448383591785], [10.205849628890178, 53.489448383591785], [10.205893062771116, 53.48946925482731], [10.205893062771128, 53.48946925482731]]], [[[10.205936443058471, 53.4894901656862], [10.205936443058457, 53.4894901656862], [10.205893062771116, 53.48946925482731], [10.205893062771128, 53.48946925482731], [10.205936443058471, 53.4894901656862]]], [[[10.205979769650572, 53.4895111161195], [10.205979769650558, 53.489511116119495], [10.205936443058457, 53.4894901656862], [10.205936443058471, 53.4894901656862], [10.205979769650572, 53.4895111161195]]], [[[10.206023042445853, 53.48953210607814], [10.206023042445853, 53.48953210607814], [10.205979769650558, 53.489511116119495], [10.205979769650572, 53.4895111161195], [10.206023042445853, 53.48953210607814]]], [[[10.2060662613429, 53.48955313551295], [10.206066261342915, 53.48955313551295], [10.206023042445853, 53.48953210607814], [10.206023042445853, 53.48953210607814], [10.2060662613429, 53.48955313551295]]], [[[10.205814234773218, 53.489526529943554], [10.205771183234598, 53.489505430103385], [10.205728099541519, 53.48948435363561], [10.2056849837297, 53.48946330055768], [10.205641835834854, 53.489442270887004], [10.205598655892715, 53.48942126464096], [10.205555443939083, 53.48940028183699], [10.205512200009782, 53.48937932249244], [10.205468924140634, 53.48935838662463], [10.205425616367464, 53.48933747425091], [10.205500240715775, 53.489282845995355], [10.20554409967016, 53.48930339849198], [10.205587905848827, 53.4893239910004], [10.205631659149118, 53.48934462347244], [10.205675359468483, 53.4893652958597], [10.2057190067045, 53.48938600811384], [10.205762600754888, 53.489406760186306], [10.205806141517474, 53.48942755202852], [10.205849628890178, 53.489448383591785], [10.205893062771116, 53.48946925482731], [10.205936443058457, 53.4894901656862], [10.205979769650558, 53.489511116119495], [10.206023042445853, 53.48953210607814], [10.206066261342915, 53.48955313551295], [10.20610942624045, 53.489574204374684], [10.206152537037292, 53.489595312614], [10.206195593632387, 53.48961646018146], [10.20623859592483, 53.489637647027536], [10.206281543813802, 53.48965887310259], [10.206324437198681, 53.48968013835695], [10.206345863420655, 53.489690785660784], [10.20667859989175, 53.48985711600178], [10.206596170787224, 53.48991486563426], [10.206264325644911, 53.48974948496925], [10.206242973829058, 53.48973880997566], [10.206200245792735, 53.48971747737515], [10.206157485246377, 53.48969616797156], [10.20611469222546, 53.48967488178249], [10.206071866765443, 53.4896536188256], [10.2060290089018, 53.48963237911844], [10.205986118670035, 53.48961116267862], [10.205943196105725, 53.489589969523706], [10.205900241244402, 53.48956879967119], [10.205857254121705, 53.48954765313866], [10.205814234773218, 53.489526529943554]]]]}, "properties": {"object_id": "734caeb1-71ef-4d7a-9b4a-7222fb705934", "type": "Platform_Surface", "height": 44, "material": "other"}}, {"type": "Feature", "geometry": {"type": "LineString", "coordinates": [[10.20687789982115, 53.49004586443606], [10.20687789982115, 53.49004586443606]]}, "properties": {"object_id": "3cf2ee95-27bf-4c73-b5db-d5f4a098ba32", "type": "CatenaryPole_Extension", "height": 733, "material": "metal"}}, {"type": "Feature", "geometry": {"type": "LineString", "coordinates": [[10.207653970039011, 53.49043165792969], [10.207653970039011, 53.49043165792969]]}, "properties": {"object_id": "7962d1bb-453c-46de-9abf-435677dbb3ed", "type": "CatenaryPole_Extension", "height": 738, "material": "metal"}}, {"type": "Feature", "geometry": {"type": "LineString", "coordinates": [[10.20767893579089, 53.49041295376886], [10.207653970781719, 53.49043165968934], [10.207642194220956, 53.49044048368861]]}, "properties": {"object_id": "38eeb41b-7a37-48ab-b7ad-2cbbd3d8c998", "type": "CatenaryPole_Bar", "height": 736, "material": "metal"}}, {"type": "Feature", "geometry": {"type": "LineString", "coordinates": [[10.207679161787594, 53.4904126064483], [10.207654303415824, 53.49043035252095]]}, "properties": {"object_id": "ffefcb72-a38d-43af-8061-2fe15f77403d", "type": "CatenaryPole_Bar", "height": 961, "material": "metal"}}, {"type": "Feature", "geometry": {"type": "LineString", "coordinates": [[10.206910166485132, 53.49002127507521], [10.206935135466198, 53.49000367553851]]}, "properties": {"object_id": "ef47c9df-890e-461c-984f-d47463dcc84e", "type": "CatenaryPole_Bar", "height": 735, "material": "metal"}}, {"type": "Feature", "geometry": {"type": "LineString", "coordinates": [[10.206907688616608, 53.490023518875894], [10.206877898008216, 53.49004586413275], [10.206870774336515, 53.49005120743208]]}, "properties": {"object_id": "26b7bb97-f445-4b5b-a683-f467739ac3fc", "type": "CatenaryPole_Bar", "height": 735, "material": "metal"}}, {"type": "Feature", "geometry": {"type": "LineString", "coordinates": [[10.206907908775758, 53.49002310709629], [10.206883946065615, 53.490041285282594]]}, "properties": {"object_id": "b126f05b-7095-481f-9d69-52310a067e0f", "type": "CatenaryPole_Bar", "height": 965, "material": "metal"}}, {"type": "Feature", "geometry": {"type": "LineString", "coordinates": [[10.206910840992432, 53.49002108045723], [10.206936442738208, 53.490002130359855]]}, "properties": {"object_id": "67c2b00b-fdb6-4f06-b2ac-886c3a6a55ac", "type": "CatenaryPole_Bar", "height": 965, "material": "metal"}}, {"type": "Feature", "geometry": {"type": "LineString", "coordinates": [[10.209579044142703, 53.491349692531855], [10.209559863214592, 53.491362917901576]]}, "properties": {"object_id": "47bbc9dc-a8ae-4323-86f0-ca17c7787c64", "type": "HandRail_Bar", "height": 46, "material": "metal"}}, {"type": "Feature", "geometry": {"type": "LineString", "coordinates": [[10.20956727986721, 53.491378874292394], [10.209564700670018, 53.49137753411221], [10.209550159545818, 53.49136996573644], [10.209548688389482, 53.49136920002758]]}, "properties": {"object_id": "c9865a55-7672-4925-b74b-d047158c510c", "type": "HandRail_Bar", "height": 156, "material": "metal"}}, {"type": "Feature", "geometry": {"type": "LineString", "coordinates": [[10.207127906422807, 53.49033125277251], [10.207102056194028, 53.49031836333322], [10.207099529701829, 53.490317103573126]]}, "properties": {"object_id": "ae3e33c4-6999-4396-a96d-b0932c7e20b1", "type": "HandRail_Bar", "height": 156, "material": "metal"}}, {"type": "Feature", "geometry": {"type": "LineString", "coordinates": [[10.207127906422807, 53.49033125277251], [10.207102056194028, 53.49031836333322]]}, "properties": {"object_id": "517fe9c7-8006-48f5-97be-c55ebc89012b", "type": "HandRail_Bar", "height": 109, "material": "metal"}}, {"type": "Feature", "geometry": {"type": "LineString", "coordinates": [[10.206705558342417, 53.49015426913112], [10.206687451282189, 53.49016764116856]]}, "properties": {"object_id": "80c0ae88-462a-4df5-94ff-178158d4151d", "type": "HandRail_Bar", "height": 97, "material": "metal"}}, {"type": "Feature", "geometry": {"type": "LineString", "coordinates": [[10.206374513410706, 53.48996120096215], [10.206372644685697, 53.489960244220015], [10.206356366593445, 53.48995196800128]]}, "properties": {"object_id": "89ad917d-929e-4561-9c4e-30a1cfb1ba6d", "type": "HandRail_Bar", "height": 45, "material": "metal"}}, {"type": "Feature", "geometry": {"type": "LineString", "coordinates": [[10.206374513410706, 53.48996120096215], [10.20637165640634, 53.489959736778886], [10.206356366593445, 53.48995196800128]]}, "properties": {"object_id": "f3ec7fce-7445-4db4-9b65-a8d10304696a", "type": "HandRail_Bar", "height": 71, "material": "metal"}}, {"type": "Feature", "geometry": {"type": "LineString", "coordinates": [[10.206290526825702, 53.48989666052718], [10.206290044120767, 53.48989701127118], [10.206281212867864, 53.489903428251864], [10.206272446805317, 53.4899097978613], [10.206270335000303, 53.48991133234381], [10.206272118858283, 53.48991221500435], [10.206288359606582, 53.48992038221783], [10.206304860888705, 53.489928680444095], [10.206321172658356, 53.48993688336218], [10.206337638016805, 53.489945163512], [10.206354137488033, 53.48995346081101], [10.206370336490718, 53.48996160700416], [10.206372486429695, 53.48996268817021], [10.206374060158364, 53.489963479570285]]}, "properties": {"object_id": "9a934216-4cea-47bc-988a-c2f32744dab8", "type": "HandRail_Bar", "height": 114, "material": "metal"}}, {"type": "Feature", "geometry": {"type": "LineString", "coordinates": [[10.205462093227345, 53.48930746177789], [10.205461704647258, 53.48930727773069], [10.205448907584492, 53.48930121652461], [10.205446338135884, 53.48929999952956]]}, "properties": {"object_id": "a57d3759-54f4-4cee-86ff-127887ebc2aa", "type": "HandRail_Bar", "height": 138, "material": "metal"}}, {"type": "Feature", "geometry": {"type": "LineString", "coordinates": [[10.205461704647258, 53.48930727773069], [10.205448907584492, 53.48930121652461]]}, "properties": {"object_id": "056082cc-3d43-43e1-ae87-9a08e6785424", "type": "HandRail_Bar", "height": 88, "material": "metal"}}, {"type": "Feature", "geometry": {"type": "LineString", "coordinates": [[10.206705558342417, 53.49015426913112], [10.206687451282189, 53.49016764116856]]}, "properties": {"object_id": "4a314a7e-dcb6-4a06-85a7-6422938f6c98", "type": "HandRail_Bar", "height": 51, "material": "metal"}}, {"type": "Feature", "geometry": {"type": "LineString", "coordinates": [[10.205432028149264, 53.48933120344837], [10.205451751526216, 53.4893169565339]]}, "properties": {"object_id": "c6d65cb8-a837-4023-8e7d-73c6da55f06e", "type": "HandRail_Bar", "height": 51, "material": "metal"}}, {"type": "Feature", "geometry": {"type": "LineString", "coordinates": [[10.20957934760857, 53.49134948329014], [10.209579044142703, 53.491349692531855], [10.209559863214592, 53.491362917901576], [10.20955928542817, 53.49136331628875]]}, "properties": {"object_id": "625e7e40-5867-4f5f-9cdd-26181b9d7619", "type": "HandRail_Bar", "height": 94, "material": "metal"}}, {"type": "Feature", "geometry": {"type": "LineString", "coordinates": [[10.206290526825702, 53.48989666052718], [10.206290044120767, 53.48989701127118], [10.206281212867864, 53.489903428251864], [10.206272446805317, 53.4899097978613], [10.206270335000303, 53.48991133234381], [10.206272118858283, 53.48991221500435], [10.206288359606582, 53.48992038221783], [10.206304860888705, 53.489928680444095], [10.206321172658356, 53.48993688336218], [10.206337638016805, 53.489945163512], [10.206354137488033, 53.48995346081101], [10.206370336490718, 53.48996160700416], [10.206372486429695, 53.48996268817021], [10.206374060158364, 53.489963479570285]]}, "properties": {"object_id": "f868db0d-ef44-45af-b81e-c7b4ee0d7018", "type": "HandRail_Bar", "height": 94, "material": "metal"}}, {"type": "Feature", "geometry": {"type": "LineString", "coordinates": [[10.205432028149264, 53.48933120344837], [10.205451751526216, 53.4893169565339]]}, "properties": {"object_id": "c7fb5925-dbd2-4a78-a12e-a12946f478cf", "type": "HandRail_Bar", "height": 94, "material": "metal"}}, {"type": "Feature", "geometry": {"type": "LineString", "coordinates": [[10.20484885977724, 53.48921737970963], [10.204852942439059, 53.48921925054358], [10.20486905101314, 53.48922663211384], [10.20488509900676, 53.48923398591905], [10.204901207586671, 53.48924136748248], [10.204917225327744, 53.48924870741535], [10.204933218327492, 53.48925603600611]]}, "properties": {"object_id": "4d475dcc-56e8-4758-9c15-56c31f1b29e7", "type": "HandRail_Bar", "height": 56, "material": "metal"}}, {"type": "Feature", "geometry": {"type": "LineString", "coordinates": [[10.20484885977724, 53.48921737970963], [10.204852942439059, 53.48921925054358], [10.20486905101314, 53.48922663211384], [10.20488509900676, 53.48923398591905], [10.204901207586671, 53.48924136748248], [10.204917225327744, 53.48924870741535], [10.204933218327492, 53.48925603600611]]}, "properties": {"object_id": "e115a545-5d30-423b-963c-43bfb080919c", "type": "HandRail_Bar", "height": 103, "material": "metal"}}, {"type": "Feature", "geometry": {"type": "LineString", "coordinates": [[10.204355892554883, 53.48899088774702], [10.204372152538863, 53.48899838475347], [10.204388458801668, 53.48900590309279], [10.204404794728518, 53.48901343510441], [10.204409080224057, 53.489015411018556]]}, "properties": {"object_id": "64635386-93ea-43a4-aee1-3a8d983c2ca0", "type": "HandRail_Bar", "height": 106, "material": "metal"}}, {"type": "Feature", "geometry": {"type": "LineString", "coordinates": [[10.204355892554883, 53.48899088774702], [10.204372152538863, 53.48899838475347], [10.204388458905301, 53.48900590314056], [10.204404794728518, 53.48901343510441], [10.204409080224057, 53.489015411018556]]}, "properties": {"object_id": "5ff19a21-bf71-4ef9-be92-797f95d1b35f", "type": "HandRail_Bar", "height": 58, "material": "metal"}}, {"type": "Feature", "geometry": {"type": "LineString", "coordinates": [[10.204427310340838, 53.489023568586774], [10.204442494758995, 53.48903054642939], [10.204457822215147, 53.48903758999929], [10.204473154291913, 53.48904463568824]]}, "properties": {"object_id": "ca0d371a-d560-4377-bf3b-d04264ddbaa1", "type": "HandRail_Bar", "height": 58, "material": "metal"}}, {"type": "Feature", "geometry": {"type": "LineString", "coordinates": [[10.204774071894144, 53.4891830988008], [10.204792818467503, 53.48919169384842], [10.204811578830233, 53.4892002952118], [10.204830379049518, 53.48920891484238]]}, "properties": {"object_id": "0e024f79-4857-4393-91bb-0a1804f2df60", "type": "HandRail_Bar", "height": 58, "material": "metal"}}, {"type": "Feature", "geometry": {"type": "LineString", "coordinates": [[10.204287328284636, 53.488959487175464], [10.204291551593391, 53.48896142427529], [10.204307911515707, 53.488968928057524], [10.204324281064245, 53.4889764362501], [10.204340606514426, 53.48898392421122]]}, "properties": {"object_id": "d00c9663-404e-4f8b-97b4-3d89d87b7e8e", "type": "HandRail_Bar", "height": 58, "material": "metal"}}, {"type": "Feature", "geometry": {"type": "LineString", "coordinates": [[10.20470287259247, 53.489150286596754], [10.204721595162036, 53.48915890293734], [10.20474039872327, 53.48916755654469], [10.204759073316655, 53.489176150793156]]}, "properties": {"object_id": "5427d182-a5c9-47c9-a5ec-4448a98c2719", "type": "HandRail_Bar", "height": 104, "material": "metal"}}, {"type": "Feature", "geometry": {"type": "LineString", "coordinates": [[10.204488176757275, 53.489051504123125], [10.20450208235076, 53.489057900771066], [10.204515955318143, 53.489064282407284], [10.204529828290278, 53.48907066404212], [10.20453396991975, 53.48907256921119]]}, "properties": {"object_id": "b4ad870d-d808-4acc-a9f1-b2095f8cb246", "type": "HandRail_Bar", "height": 104, "material": "metal"}}, {"type": "Feature", "geometry": {"type": "LineString", "coordinates": [[10.204774071894144, 53.4891830988008], [10.204792818467503, 53.48919169384842], [10.204811578830233, 53.4892002952118], [10.204830379049518, 53.48920891484238]]}, "properties": {"object_id": "719b34b8-f615-4c48-9d5f-156d8d1d1134", "type": "HandRail_Bar", "height": 104, "material": "metal"}}, {"type": "Feature", "geometry": {"type": "LineString", "coordinates": [[10.204627135911705, 53.48911548250218], [10.204644864425388, 53.489123617812666], [10.204662743795716, 53.48913182234279], [10.204680565726802, 53.4891400005092], [10.204684746585333, 53.489141919029784]]}, "properties": {"object_id": "d812bba1-7888-4577-8366-39af139193da", "type": "HandRail_Bar", "height": 57, "material": "metal"}}, {"type": "Feature", "geometry": {"type": "LineString", "coordinates": [[10.20470287259247, 53.489150286596754], [10.204721595162036, 53.48915890293734], [10.20474039872327, 53.48916755654469], [10.204759073316655, 53.489176150793156]]}, "properties": {"object_id": "14c99799-8223-4a60-85dd-836202c732fa", "type": "HandRail_Bar", "height": 57, "material": "metal"}}, {"type": "Feature", "geometry": {"type": "LineString", "coordinates": [[10.20455433901109, 53.489082107194484], [10.204558601473847, 53.48908406229612], [10.204576363751144, 53.48909220947396], [10.204594170603634, 53.48910037709167], [10.204611964418211, 53.489108538723336]]}, "properties": {"object_id": "cdf68e42-ce47-4552-9035-7cb2d1552581", "type": "HandRail_Bar", "height": 57, "material": "metal"}}, {"type": "Feature", "geometry": {"type": "LineString", "coordinates": [[10.204488176757275, 53.489051504123125], [10.20450208234945, 53.48905790077047], [10.204515955318143, 53.489064282407284], [10.204529828290278, 53.48907066404212], [10.20453396991975, 53.48907256921119]]}, "properties": {"object_id": "d4eaba42-80e0-47a1-bd19-e0749ac9cd8f", "type": "HandRail_Bar", "height": 57, "material": "metal"}}, {"type": "Feature", "geometry": {"type": "LineString", "coordinates": [[10.209564700670018, 53.49137753411221], [10.209550159545818, 53.49136996573644]]}, "properties": {"object_id": "c494cb77-557a-42c9-85f3-8c292623c91d", "type": "HandRail_Bar", "height": 105, "material": "metal"}}, {"type": "Feature", "geometry": {"type": "LineString", "coordinates": [[10.204627135911705, 53.48911548250218], [10.204644864425388, 53.489123617812666], [10.204662743795716, 53.48913182234279], [10.204680565726802, 53.4891400005092], [10.204684746585333, 53.489141919029784]]}, "properties": {"object_id": "18c4c5c7-6792-4184-8ab3-3a4d603f4742", "type": "HandRail_Bar", "height": 105, "material": "metal"}}, {"type": "Feature", "geometry": {"type": "LineString", "coordinates": [[10.204427310340838, 53.489023568586774], [10.204442494758995, 53.48903054642939], [10.204457822215147, 53.48903758999929], [10.204473154291913, 53.48904463568824]]}, "properties": {"object_id": "3d40a46e-ec57-4b2e-884d-6e8d038f7792", "type": "HandRail_Bar", "height": 105, "material": "metal"}}, {"type": "Feature", "geometry": {"type": "LineString", "coordinates": [[10.20455433901109, 53.489082107194484], [10.204558601473847, 53.48908406229612], [10.204576363751144, 53.48909220947396], [10.204594170603634, 53.48910037709167], [10.204611964418211, 53.489108538723336]]}, "properties": {"object_id": "aaed8266-2201-462d-bab7-50e9e8e55193", "type": "HandRail_Bar", "height": 105, "material": "metal"}}, {"type": "Feature", "geometry": {"type": "LineString", "coordinates": [[10.204287328284636, 53.488959487175464], [10.204291551593391, 53.48896142427529], [10.204307911515707, 53.488968928057524], [10.204324280976945, 53.488976436210045], [10.204340606514426, 53.48898392421122]]}, "properties": {"object_id": "44074092-9190-4de1-8b45-b6d22b43b264", "type": "HandRail_Bar", "height": 105, "material": "metal"}}, {"type": "Feature", "geometry": {"type": "LineString", "coordinates": [[10.204149245307416, 53.488919289317465], [10.204145023511996, 53.48891735065024], [10.204132728285906, 53.48891187634814]]}, "properties": {"object_id": "3c6aaf74-0399-42f0-ba67-bbd534d211f3", "type": "HandRail_Bar", "height": 122, "material": "metal"}}, {"type": "Feature", "geometry": {"type": "LineString", "coordinates": [[10.204149245307416, 53.488919289317465], [10.204145023511996, 53.48891735065024], [10.204132728285906, 53.48891187634814]]}, "properties": {"object_id": "23f93e96-6596-41f7-a878-3725d4b55777", "type": "HandRail_Bar", "height": 169, "material": "metal"}}, {"type": "Feature", "geometry": {"type": "LineString", "coordinates": [[10.204147618370774, 53.48891954240846], [10.204137376078238, 53.488927636243346]]}, "properties": {"object_id": "c9cef555-e534-4892-9c71-283ab2048094", "type": "HandRail_Bar", "height": 102, "material": "metal"}}, {"type": "Feature", "geometry": {"type": "LineString", "coordinates": [[10.204161063245634, 53.48890971434286], [10.204172260331996, 53.488900614667145], [10.204181813278545, 53.488892851151114]]}, "properties": {"object_id": "a7235ddb-fb94-43cf-b575-ae31563dafa8", "type": "HandRail_Bar", "height": 102, "material": "metal"}}, {"type": "Feature", "geometry": {"type": "LineString", "coordinates": [[10.204147618370774, 53.48891954240846], [10.204137376078238, 53.488927636243346]]}, "properties": {"object_id": "95f1106a-04f5-4642-af00-2178232eb136", "type": "HandRail_Bar", "height": 54, "material": "metal"}}, {"type": "Feature", "geometry": {"type": "LineString", "coordinates": [[10.204161063245634, 53.48890971434286], [10.204172260331996, 53.488900614667145], [10.204181813278545, 53.488892851151114]]}, "properties": {"object_id": "96022e16-af85-49dc-84db-e77cd207dccf", "type": "HandRail_Bar", "height": 54, "material": "metal"}}, {"type": "Feature", "geometry": {"type": "Polygon", "coordinates": [[[10.196176613999818, 53.48695988492069], [10.196174922542419, 53.486965430309596], [10.19618986000089, 53.48696705075305], [10.196191551456396, 53.486961505363944], [10.196176613999818, 53.48695988492069]]]}, "properties": {"object_id": "be4aefcc-9b22-4184-9d38-155ecbb7eae1", "type": "SignalPole_Tread", "height": 408, "material": "metal"}}, {"type": "Feature", "geometry": {"type": "Polygon", "coordinates": [[[10.199567430859359, 53.48749594679707], [10.199564218409288, 53.487501399276034], [10.19955014407517, 53.48749844988534], [10.199553356526746, 53.48749299740671], [10.199567430859359, 53.48749594679707]]]}, "properties": {"object_id": "33ebcb90-3c30-4250-9bc2-d0a083ff5da1", "type": "SignalPole_Tread", "height": 394, "material": "metal"}}, {"type": "Feature", "geometry": {"type": "Polygon", "coordinates": [[[10.199617973403775, 53.48740897983828], [10.19960402297994, 53.487405827892566], [10.19959935092274, 53.48741318297279], [10.199613301348656, 53.48741633491905], [10.199617973403775, 53.48740897983828]]]}, "properties": {"object_id": "78330618-9a25-4e2c-aa42-3fcef1269466", "type": "SignalPole_Tread", "height": 409, "material": "metal"}}, {"type": "Feature", "geometry": {"type": "Polygon", "coordinates": [[[10.20403386425793, 53.48899772820915], [10.204022304732467, 53.4889921037511], [10.20401607640677, 53.48899665677851], [10.204027635932631, 53.48900228123712], [10.20403386425793, 53.48899772820915]]]}, "properties": {"object_id": "981849c5-5127-4225-828c-dd5cbab682b4", "type": "SignalPole_Tread", "height": 338, "material": "metal"}}, {"type": "Feature", "geometry": {"type": "Polygon", "coordinates": [[[10.204095256560803, 53.48886145579608], [10.204089603496065, 53.4888662683586], [10.204077385017248, 53.488861163353334], [10.204083038082679, 53.48885635079137], [10.204095256560803, 53.48886145579608]]]}, "properties": {"object_id": "4718e420-c7e3-4722-b436-af4d537adc95", "type": "SignalPole_Tread", "height": 348, "material": "metal"}}, {"type": "Feature", "geometry": {"type": "Polygon", "coordinates": [[[10.209946223948526, 53.4915546582649], [10.209938305347489, 53.49156094834758], [10.209926374180277, 53.49155560655551], [10.209934292782105, 53.49154931647361], [10.209946223948526, 53.4915546582649]]]}, "properties": {"object_id": "68f71f2e-ab07-4b12-bbbb-1f248ff3d8bb", "type": "SignalPole_Tread", "height": 483, "material": "metal"}}, {"type": "Feature", "geometry": {"type": "Polygon", "coordinates": [[[10.208769705493273, 53.49130093209052], [10.20879442110533, 53.49131229795883], [10.208796457712232, 53.491313234524476], [10.208796457712232, 53.491313234524476], [10.208769705493273, 53.49130093209052]]]}, "properties": {"object_id": "37a090fd-7546-49c1-bf29-c19fd076e530", "type": "BufferStop_Rack", "height": 117, "material": "metal"}}, {"type": "Feature", "geometry": {"type": "Polygon", "coordinates": [[[10.208784185486175, 53.491289733587415], [10.208808901095496, 53.49130109945276], [10.208810937702175, 53.49130203601818], [10.208810937702175, 53.49130203601818], [10.208784185486175, 53.491289733587415]]]}, "properties": {"object_id": "4dfd7670-315f-40f6-98a2-6ce80489ffc2", "type": "BufferStop_Rack", "height": 117, "material": "metal"}}]}