#usda 1.0
(
    customLayerData = {
    }
    defaultPrim = "CRS"
    doc = """Generated from Composed Stage of root layer C:\\git\\worktrees\\geospatial-openusd-delivery\\extras\\usd\\examples\\usdGeospatialBuild\\scenes\\terrain.usda
"""
    metersPerUnit = 1
    upAxis = "Z"
)

def Scope "CRS" (
    prepend apiSchemas = ["ClaimsAPI"]
    customData = {
        dictionary profilesInfo = {
            dictionary capabilityUsages = {
                string "geospatial:crsResolution" = "hard"
            }
        }
        string userDocBrief = """Scope is the simplest grouping primitive, and does not carry the
    baggage of transformability."""
    }
)
{
    def CoordinateReferenceSystem "Site"
    {
        uniform token crs:wkt = 'COMPOUNDCRS["Westminster site grid + site height",DERIVEDPROJCRS["Westminster site grid",BASEPROJCRS["NAD83(2011) / Colorado Central (ftUS)",BASEGEOGCRS["NAD83(2011)",DATUM["NAD83 (National Spatial Reference System 2011)",ELLIPSOID["GRS 1980",6378137.0,298.257222101,LENGTHUNIT["metre",1.0]],ID["EPSG",1116]],PRIMEM["Greenwich",0.0,ANGLEUNIT["degree",0.0174532925199433]],ID["EPSG",6318]],CONVERSION["SPCS83 Colorado Central zone (US survey foot)",METHOD["Lambert Conic Conformal (2SP)",ID["EPSG",9802]],PARAMETER["Latitude of false origin",37.8333333333333,ANGLEUNIT["degree",0.0174532925199433],ID["EPSG",8821]],PARAMETER["Longitude of false origin",-105.5,ANGLEUNIT["degree",0.0174532925199433],ID["EPSG",8822]],PARAMETER["Latitude of 1st standard parallel",39.75,ANGLEUNIT["degree",0.0174532925199433],ID["EPSG",8823]],PARAMETER["Latitude of 2nd standard parallel",38.45,ANGLEUNIT["degree",0.0174532925199433],ID["EPSG",8824]],PARAMETER["Easting at false origin",3000000.0,LENGTHUNIT["US survey foot",0.304800609601219],ID["EPSG",8826]],PARAMETER["Northing at false origin",1000000.0,LENGTHUNIT["US survey foot",0.304800609601219],ID["EPSG",8827]],ID["EPSG",15314]],ID["EPSG",6428]],DERIVINGCONVERSION["Westminster site calibration (horizontal)",METHOD["Affine parametric transformation",ID["EPSG",9624]],PARAMETER["A0",503.9253920478007,LENGTHUNIT["US survey foot",0.304800609601219],ID["EPSG",8623]],PARAMETER["A1",1.000231041946945,SCALEUNIT["coefficient",1.0],ID["EPSG",8624]],PARAMETER["A2",-0.00020126312919239097,SCALEUNIT["coefficient",1.0],ID["EPSG",8625]],PARAMETER["B0",-546977.9701600745,LENGTHUNIT["US survey foot",0.304800609601219],ID["EPSG",8639]],PARAMETER["B1",0.00020126312919239097,SCALEUNIT["coefficient",1.0],ID["EPSG",8640]],PARAMETER["B2",1.000231041946945,SCALEUNIT["coefficient",1.0],ID["EPSG",8641]]],CS[Cartesian,2],AXIS["site easting (E)",east,ORDER[1],LENGTHUNIT["US survey foot",0.304800609601219]],AXIS["site northing (N)",north,ORDER[2],LENGTHUNIT["US survey foot",0.304800609601219]]],VERTCRS["Westminster site height",BASEVERTCRS["NAVD88 height (ftUS)",VDATUM["North American Vertical Datum 1988",ID["EPSG",5103]],ID["EPSG",6360]],DERIVINGCONVERSION["Westminster site calibration (vertical)",METHOD["Vertical Offset and Slope",ID["EPSG",1046]],PARAMETER["Ordinate 1 of evaluation point",39.89815166091368,ANGLEUNIT["degree",0.0174532925199433],ID["EPSG",8617]],PARAMETER["Ordinate 2 of evaluation point",-105.11508529887352,ANGLEUNIT["degree",0.0174532925199433],ID["EPSG",8618]],PARAMETER["Vertical Offset",1.7355492174519394,LENGTHUNIT["US survey foot",0.304800609601219],ID["EPSG",8603]],PARAMETER["Inclination in latitude",-18.196450752028323,ANGLEUNIT["arc-second",0.00000484813681109536],ID["EPSG",8730]],PARAMETER["Inclination in longitude",-11.949966705964858,ANGLEUNIT["arc-second",0.00000484813681109536],ID["EPSG",8731]],PARAMETER["EPSG code for Horizontal CRS",6318.0,ID["EPSG",1037]]],CS[vertical,1],AXIS["site height (H)",up,LENGTHUNIT["US survey foot",0.304800609601219]]]]'
    }
}

def Xform "Terrain" (
    apiSchemas = ["GeospatialCRSBindingAPI"]
    prepend references = @./crs-library.usda@</Definitions/Cc8d4e45353e2ce64>
)
{
    double3 crs:position = (3108741.9667806923, 1205815.0736760953, 5460.5065880319935)

    def BasisCurves "Breaklines"
    {
        int[] curveVertexCounts = [10, 5, 10, 8, 4, 2, 2, 5, 4, 434, 93, 91, 2, 125, 2, 3, 6, 4, 6, 7, 2, 5, 9, 9, 17, 9, 6, 5, 54, 12, 2, 4, 24, 14, 5, 3, 4, 4, 12, 4, 11, 11, 14, 5, 3, 4, 3, 28, 2, 11, 7, 5, 6, 5, 3, 14, 2, 2, 2, 7, 5, 4, 6, 5, 6, 14, 12, 11, 7, 5, 6, 2, 8, 4, 6, 4, 6, 3, 6, 2, 2, 70, 55, 35, 3, 11, 9, 4, 9, 4, 11, 3, 14, 17, 6, 10, 10, 7, 7, 6, 13, 12, 13, 6, 8, 9, 3, 3, 5, 4, 9, 3, 2, 5, 2, 5, 3, 47, 45, 60, 65, 48, 74, 73, 48, 2, 3, 3, 5, 5, 3, 29, 29, 13, 11, 11, 13, 35, 33, 11, 104, 12, 13, 109, 27, 35, 36, 60, 70, 31, 81, 252, 102, 32, 31, 13, 15, 13, 14, 13, 107, 36, 35, 36, 27, 15, 115, 83, 32, 74, 37, 62, 261, 15, 106, 33, 32, 2, 2, 2, 2, 80, 2, 24, 10, 75, 11, 2, 36, 42, 44, 37, 59, 10, 5, 10, 8, 4, 6, 5, 9, 2, 2, 2, 2, 2, 2, 2, 2, 2, 2, 2, 2, 2, 5, 4, 2, 4, 3, 3, 21, 20, 13, 2, 12, 12, 6, 6, 3, 5, 5, 13, 434, 5, 87, 11, 5, 4, 10, 2, 5, 10, 2, 5, 10, 3, 3, 2, 2, 3, 5, 4, 6, 3, 14, 5, 2, 4, 2, 6, 10, 9, 4, 4, 7, 3, 3, 15, 5, 10, 2, 2, 4, 5, 2, 6, 3, 3, 2, 2, 2, 2, 2, 10, 14, 2, 2, 4, 2, 2, 2, 10, 13, 2, 10, 2, 4, 2, 2, 13, 50, 26, 17, 6, 23, 34, 14, 25, 38, 57, 11, 275, 16, 19, 7, 12, 12, 11, 11, 8, 84, 81, 99, 93, 87, 78, 100, 100, 71, 38, 2, 31, 20, 12, 8, 2, 3, 2, 3, 20, 48, 20, 18, 36, 5, 14, 7, 27, 14, 22, 8, 54, 24, 22, 30, 69, 26, 18, 9, 65, 19, 23, 13, 5, 25, 4, 11, 7, 19, 13, 59, 7, 2, 6, 15, 27, 15, 10, 11, 2, 12, 7, 10, 3, 28, 5, 3, 3, 8, 3, 5, 4, 5, 2, 3, 9, 13, 8, 7, 5, 4, 2, 14, 5, 25, 4, 3, 8, 13, 8, 6, 19, 9, 6, 6, 18, 15, 22, 11, 16, 2, 9, 8, 9, 3, 7, 14, 7, 16, 15, 18, 5, 2, 2, 23, 19, 10, 10, 26, 6, 8, 30, 10, 10, 9, 17, 24, 11, 5, 10, 13, 22, 19, 10, 15, 12, 10, 6, 6, 5, 10, 7, 14, 26, 2, 19, 42, 8, 15, 2, 5, 11, 6, 2, 11, 19, 7, 13, 3, 21, 10, 30, 23, 5, 25, 28, 30, 32, 25, 24, 19, 16, 8, 7, 8, 7, 11, 13, 13, 17, 21, 22, 53, 5, 6, 6, 13, 7, 19, 11, 10, 21, 5, 17, 2, 7, 69, 7, 5, 3, 11, 34, 23, 2, 5, 15, 6, 20, 15, 28, 19, 6, 4, 5, 16, 15, 21, 6, 15, 4, 8, 6, 8, 12, 37, 31, 11, 8, 16, 41, 9, 21, 6, 10, 18, 5, 2, 2, 2, 7, 7, 12, 10, 9, 18, 10, 11, 8, 6, 2, 2, 2, 2, 6, 2, 2, 6, 17, 6, 2, 11, 6, 6, 6, 6, 6, 6, 6, 2, 2, 2, 2, 11, 32, 2, 12, 12, 8, 8, 24, 2, 2, 2, 2, 2, 2, 2, 2, 2, 2, 2, 2, 2, 2, 2, 2, 2, 2, 2, 2, 2, 2, 2, 2, 2, 2, 2, 2, 2, 2, 2, 23, 16, 16, 66, 3, 2, 59, 35, 16, 45, 24, 21, 6, 20, 5, 5, 23, 13, 13, 16, 9, 36, 26, 26, 2, 6, 2, 2, 2, 6, 2, 3, 2, 2, 2, 2, 2, 2, 3, 20, 13, 39, 195, 266, 44, 49, 12, 35, 33, 37, 36, 80, 37, 17, 15, 39, 117, 39, 125, 41, 17, 114, 200, 15, 44, 15, 11, 10, 147, 17, 149, 2, 28, 49, 51, 26, 55, 17, 443]
        point3f[] points = [(32.48892, 167.34871, 8.075208), (34.650517, 164.53783, 7.9228077), (36.81211, 161.72693, 7.7704077), (38.901463, 159.01222, 7.618007), (40.990807, 156.29752, 7.4656067), (43.438828, 152.75452, 7.3132067), (45.88684, 149.2115, 7.160806), (49.172752, 145.23862, 6.8560057), (51.0368, 143.38956, 6.551205), (52.835285, 140.78574, 6.551205), (31.141832, 167.25931, 8.075208), (32.939312, 164.65158, 7.9228077), (34.736786, 162.04387, 7.7704077), (36.82659, 159.233, 7.618007), (38.916397, 156.42213, 7.4656067), (30.458872, 166.9215, 8.075208), (32.54559, 164.20352, 7.9228077), (34.6323, 161.48553, 7.7704077), (36.7286, 158.70938, 7.618007), (38.824905, 155.93323, 7.4656067), (41.48582, 152.52635, 7.3132067), (44.14674, 149.11949, 7.160806), (44.95799, 146.3041, 6.8560057), (45.593323, 144.7655, 6.551205), (46.334354, 142.28642, 6.2464046), (54.19234, 138.8306, 6.551205), (56.953373, 135.27779, 6.3988047), (59.7144, 131.72498, 6.2464046), (63.147377, 127.46201, 5.9416037), (65.52721, 124.61452, 5.7892036), (67.907036, 121.76701, 5.636803), (70.337776, 118.78974, 5.484403), (72.76851, 115.81246, 5.3320026), (49.86913, 140.59302, 6.2464046), (49.64047, 142.97104, 6.551205), (48.867302, 145.14708, 6.8560057), (45.797535, 149.14813, 7.160806), (21.299194, 193.25603, 7.908561), (21.419353, 193.34978, 7.7555575), (37.16866, 173.04987, 7.053157), (37.047592, 172.95729, 7.2055573), (73.530914, 31.883934, 1.5951471), (73.530914, 31.731533, 1.4434844), (73.530914, 28.073927, 1.4827397), (73.530914, 24.416319, 1.5219951), (73.530914, 24.26392, 1.6743953), (76.38798, 110.12761, 4.449989), (78.9112, 112.632195, 4.4176006), (81.73716, 115.43727, 4.249662), (82.039894, 115.73777, 4.2316723), (46.982784, -103.79406, -3.8120158), (51.21164, -104.424644, -3.8120158), (52.08318, -100.24305, -3.7104166), (52.954723, -96.06145, -3.6088142), (53.826267, -91.879845, -3.507215), (56.77701, -89.42672, -3.3548148), (59.727757, -86.973595, -3.2024145), (64.31372, -85.37872, -3.2800868), (64.61136, -82.629196, -3.2024145), (64.66413, -82.14028, -3.1884484), (65.07368, -78.34581, -3.0800705), (65.427124, -78.29858, -3.0835452), (66.304016, -78.181404, -3.092168), (70.11976, -77.6565, -3.126717), (70.82575, -77.43701, -3.1283937), (71.20795, -77.28499, -3.1278968), (71.40626, -77.191246, -3.1272538), (71.503746, -77.145164, -3.1262965), (71.572205, -77.1128, -3.1266136), (71.68551, -77.05924, -3.1259675), (72.14251, -76.802185, -3.1228158), (72.14651, -76.799934, -3.1227913), (72.148346, -76.79873, -3.1227732), (72.14992, -76.79769, -3.122761), (72.15319, -76.795525, -3.1226907), (72.168884, -76.78518, -3.1225536), (72.58887, -76.50808, -3.1177316), (72.69753, -76.424805, -3.1162534), (72.763145, -76.37451, -3.1146898), (72.845406, -76.31147, -3.114007), (73.00861, -76.18639, -3.1111662), (73.25053, -75.97238, -3.1067557), (73.26469, -75.959854, -3.1064115), (73.3262, -75.905426, -3.1049087), (73.329285, -75.90271, -3.1048265), (73.35893, -75.87648, -3.1046162), (73.40399, -75.83662, -3.103787), (73.773735, -75.46017, -3.0945911), (73.81322, -75.41391, -3.0933142), (73.81623, -75.410385, -3.0932167), (73.8177, -75.40866, -3.0931494), (73.844376, -75.37741, -3.0919456), (73.848625, -75.37243, -3.091851), (73.91382, -75.29606, -3.0902112), (74.11661, -75.05848, -3.0841243), (74.24311, -74.88745, -3.0791895), (74.24852, -74.880135, -3.0789366), (74.307785, -74.80001, -3.076163), (74.35337, -74.73839, -3.075026), (74.43135, -74.632965, -3.0722127), (74.71609, -74.18611, -3.0589478), (75.10963, -73.56903, -3.0509925), (75.44004, -72.917755, -3.040553), (75.70539, -72.23707, -3.0277271), (75.903755, -71.53183, -3.0125937), (76.03269, -70.81105, -2.9953635), (76.0914, -70.082794, -2.976228), (76.08003, -69.352104, -2.955346), (75.99875, -68.62407, -2.932858), (76.2184, -67.99514, -2.9203916), (76.36543, -67.29664, -2.904219), (76.388336, -67.04295, -2.8976138), (76.4254, -66.63247, -2.8869245), (76.42076, -65.93848, -2.8672373), (76.26467, -61.94239, -2.7495418), (80.228806, -60.69131, -2.798898), (84.19294, -59.44023, -2.8482575), (88.157074, -58.18915, -2.8976138), (88.791275, -58.41153, -2.8976138), (89.359314, -58.572205, -2.8976138), (90.11152, -58.734333, -2.8976138), (90.67465, -58.820484, -2.8976138), (91.47304, -58.880352, -2.8976138), (92.038376, -58.896423, -2.8976138), (96.702415, -58.518074, -2.8976138), (101.36645, -58.139725, -2.8976138), (106.29551, -58.397346, -3.050014), (111.22456, -58.65497, -3.2024145), (111.659935, -58.60008, -3.2024145), (112.04871, -58.537617, -3.2024145), (113.076866, -58.29185, -3.2024145), (113.57576, -58.134453, -3.2024145), (114.57129, -57.728016, -3.2024145), (115.09911, -57.457382, -3.2024145), (115.95903, -56.93071, -3.2024145), (117.47762, -53.57276, -2.8976138), (117.98991, -52.729355, -2.8976138), (118.484955, -51.648094, -2.8976138), (118.87671, -50.326904, -2.8976138), (119.08888, -48.919575, -2.8976138), (119.10202, -48.53199, -2.8976138), (119.75035, -44.095585, -2.8976138), (119.29805, -38.457626, -2.5928133), (120.14777, -32.68345, -2.5928133), (120.06374, -28.901464, -2.440413), (119.97972, -25.119482, -2.2880125), (120.087105, -24.387573, -2.2880125), (119.98026, -20.76009, -2.1356122), (119.87342, -17.132607, -1.983212), (119.75808, -13.562964, -1.8308117), (119.64273, -9.993322, -1.6784114), (119.52258, -6.4563828, -1.5260111), (119.40243, -2.9194431, -1.3736107), (119.41615, -2.826098, -1.3736107), (119.32063, 0.8783939, -1.2212105), (119.225105, 4.5828857, -1.0688102), (119.142166, 8.372929, -0.91640985), (119.05922, 12.162972, -0.76400954), (118.98064, 15.982681, -0.6116093), (118.902054, 19.802391, -0.45920897), (118.82343, 23.621893, -0.30680865), (118.74482, 27.441399, -0.15440834), (118.553314, 30.492931, -0.0020080362), (118.36181, 33.544464, 0.15039226), (117.967255, 39.56902, 0.45519286), (117.87159, 43.27253, 0.6075932), (117.775925, 46.976044, 0.7599935), (117.65077, 50.478935, 0.9123938), (117.52562, 53.98183, 1.0647941), (116.8516, 58.13464, 1.3695947), (116.77504, 59.079605, 1.3695947), (116.58539, 59.97106, 1.3695947), (116.32704, 60.70042, 1.3695947), (116.18603, 60.98721, 1.3695947), (112.743835, 62.827457, 1.6743953), (112.14129, 63.086857, 1.6743953), (111.39928, 63.33043, 1.6743953), (110.586586, 63.439686, 1.6743953), (107.064156, 63.722862, 1.6743953), (103.541725, 64.00604, 1.6743953), (100.179214, 63.63657, 1.8267956), (96.816696, 63.267097, 1.979196), (91.94227, 63.662216, 1.979196), (91.100746, 63.590378, 1.979196), (90.745735, 63.528202, 1.979196), (89.929634, 63.273495, 1.979196), (86.46145, 62.200447, 1.6743953), (84.19964, 61.833076, 1.6743953), (80.33046, 61.13024, 1.6743953), (76.46129, 60.42741, 1.6743953), (72.05753, 59.670567, 1.6743953), (70.91846, 63.975903, 1.979196), (71.22936, 65.05399, 1.979196), (71.54418, 69.91454, 2.2839966), (72.05945, 70.95863, 2.2839966), (72.39384, 71.57339, 2.2839966), (73.4705, 74.4783, 2.4363968), (74.54715, 77.38322, 2.588797), (75.92887, 78.95344, 2.588797), (78.30532, 81.8884, 2.7411973), (80.68177, 84.82336, 2.8935978), (84.27249, 89.18985, 3.1983984), (87.594, 93.44333, 3.5031989), (87.54006, 98.58366, 3.8293357), (87.48613, 103.723976, 4.1554723), (87.477936, 103.736824, 4.003072), (87.3141, 103.99385, 4.1554723), (87.23219, 104.12237, 4.003072), (90.07626, 108.600555, 3.9085839), (86.05808, 112.16916, 4.070128), (82.039894, 115.73777, 4.2316723), (78.80423, 119.80542, 4.415062), (75.568565, 123.87307, 4.5984483), (72.3329, 127.94073, 4.7818375), (69.09724, 132.00838, 4.965227), (65.86157, 136.07603, 5.1486135), (62.625904, 140.14369, 5.3320026), (60.350533, 143.10031, 5.484403), (58.075157, 146.05696, 5.636803), (54.605488, 150.52412, 5.9018607), (54.08524, 151.19394, 5.9416037), (50.61557, 155.66112, 6.171707), (49.489254, 157.11125, 6.2464046), (46.019585, 161.57841, 6.4462166), (44.196484, 163.92566, 6.551205), (41.958134, 166.81932, 6.703605), (39.71978, 169.71298, 6.8560057), (37.16866, 173.04987, 7.053157), (35.4435, 175.30637, 7.160806), (35.076035, 175.4343, 7.160806), (32.48319, 178.58762, 7.3132067), (29.89034, 181.74094, 7.4656067), (27.410816, 185.09834, 7.618007), (24.931288, 188.45575, 7.7704077), (22.492191, 191.60025, 7.760727), (22.00501, 192.5052, 7.7581425), (21.419353, 193.34978, 7.7555575), (19.29632, 195.85896, 8.067783), (17.173286, 198.36815, 8.380009), (16.980375, 198.79167, 8.380009), (14.703103, 201.25134, 8.532409), (12.425834, 203.71103, 8.68481), (11.357032, 205.99908, 8.68481), (8.545362, 209.60278, 8.83721), (5.7336926, 213.20648, 8.98961), (3.6940978, 213.91219, 9.294411), (2.7784982, 213.18924, 9.294411), (0.90075266, 211.6387, 9.294411), (2.3857596, 206.78578, 9.294411), (4.1679926, 207.5342, 9.294411), (6.0680985, 205.11516, 9.142037), (7.968204, 202.6961, 8.989668), (7.9687037, 202.69505, 8.98961), (8.483109, 201.61201, 8.98961), (8.233212, 201.20871, 8.98961), (8.659641, 201.22142, 8.98961), (9.38015, 199.59792, 8.98961), (9.925328, 198.73627, 8.98961), (11.063229, 196.43279, 8.98961), (9.8626, 193.24785, 8.83721), (8.661973, 190.0629, 8.68481), (7.9551983, 188.2856, 8.380009), (7.2484236, 186.5083, 8.075208), (5.909343, 183.14096, 7.7704077), (4.5359783, 179.68741, 7.4656067), (3.1626139, 176.23387, 7.160806), (1.4783193, 171.99843, 6.8560057), (0.11961574, 168.58176, 6.703605), (-1.2390848, 165.16507, 6.551205), (-2.8034983, 161.23111, 6.3988047), (-4.367909, 157.29713, 6.2464046), (-5.579485, 154.02374, 6.094004), (-6.7910614, 150.75035, 5.9416037), (-7.141875, 150.32155, 5.9416037), (-8.498948, 146.90897, 5.7892036), (-9.856017, 143.49638, 5.636803), (-11.225716, 138.32407, 5.3320026), (-11.552559, 137.84177, 5.3320026), (-13.23537, 134.99846, 5.3320026), (-11.225716, 134.7569, 5.027202), (-13.581751, 130.72665, 5.027202), (-13.606931, 130.68358, 5.027202), (-15.797725, 126.81424, 5.027202), (-16.276276, 125.89214, 5.027202), (-17.183802, 123.73036, 5.027202), (-17.7569, 122.77365, 5.027202), (-17.873169, 122.68908, 5.027202), (-18.57989, 121.55879, 5.027202), (-20.887985, 116.26041, 4.7224016), (-21.52576, 114.3778, 4.4176006), (-21.893736, 114.04008, 4.4176006), (-22.51584, 113.41064, 4.4176006), (-23.169159, 112.56247, 4.4176006), (-23.347254, 112.36639, 4.4176006), (-24.64105, 110.31778, 4.4176006), (-25.144459, 107.69436, 4.4176006), (-26.868902, 105.04549, 4.4176006), (-29.180132, 102.25822, 4.4176006), (-31.491362, 99.47095, 4.4176006), (-33.187637, 96.78506, 4.2652006), (-34.883907, 94.09917, 4.1128), (-36.761555, 90.72427, 3.8079996), (-38.04446, 89.094734, 3.8079996), (-38.17707, 88.88475, 3.8079996), (-38.79088, 87.079895, 3.8079996), (-39.15621, 86.154625, 3.8079996), (-40.694588, 83.96038, 3.8079996), (-40.81516, 83.800835, 3.8079996), (-44.300568, 79.18877, 3.8079996), (-45.6334, 76.158035, 3.5031989), (-48.31176, 72.01449, 3.5031989), (-50.99012, 67.87093, 3.5031989), (-53.050774, 64.74629, 3.5031989), (-54.54766, 62.96345, 3.5031989), (-53.18896, 62.260746, 3.1983984), (-56.834, 57.91621, 3.1983984), (-60.479034, 53.571674, 3.1983984), (-61.186672, 52.20859, 3.1983984), (-62.919758, 48.492653, 3.1983984), (-65.554344, 45.535397, 2.8935978), (-67.42354, 42.575695, 2.7411973), (-69.29274, 39.61599, 2.588797), (-69.444214, 39.15478, 2.588797), (-71.6716, 35.7386, 2.4363968), (-73.89899, 32.322422, 2.2839966), (-75.25772, 29.239878, 2.2839966), (-75.60175, 28.545513, 2.2839966), (-75.82025, 28.161959, 2.2839966), (-77.93975, 25.924255, 1.979196), (-80.37259, 22.072086, 1.6743953), (-83.56144, 18.482687, 1.5727961), (-86.75029, 14.8932905, 1.4711939), (-89.93914, 11.303894, 1.3695947), (-93.35614, 7.5731535, 1.0647941), (-96.77117, 3.8445518, 0.7599935), (-97.03498, 3.3215292, 0.7599935), (-100.94998, -0.7179475, 0.45519286), (-104.124504, -4.183948, 0.15039226), (-106.17425, -6.4218946, -0.15440834), (-107.90951, -8.3164835, -0.45920897), (-109.64477, -10.211072, -0.76400954), (-111.38003, -12.105661, -1.0688102), (-113.391624, -14.30196, -1.3736107), (-116.02743, -17.179781, -1.6784114), (-118.775314, -20.179976, -1.983212), (-121.33307, -22.97258, -2.1356122), (-123.89082, -25.765184, -2.2880125), (-126.95599, -29.111795, -2.5928133), (-128.06903, -30.327028, -2.8976138), (-129.18648, -31.547081, -3.2024145), (-130.2793, -32.74023, -3.507215), (-131.15033, -33.691246, -3.8120158), (-132.02136, -34.642265, -4.116816), (-132.89241, -35.59328, -4.421617), (-133.76344, -36.5443, -4.7264175), (-134.65636, -37.519196, -5.031218), (-135.97487, -38.95876, -5.3360186), (-136.05844, -41.503284, -5.6408195), (-135.53531, -42.086384, -5.6408195), (-135.22546, -42.490604, -5.6408195), (-135.14105, -42.543293, -5.6408195), (-134.82393, -42.961452, -5.6408195), (-134.38261, -43.654224, -5.6408195), (-133.87126, -44.35336, -5.6408195), (-133.4897, -44.97906, -5.6408195), (-131.20905, -46.201218, -5.3360186), (-130.74408, -46.828667, -5.3360186), (-130.48538, -47.13111, -5.3360186), (-130.29947, -47.397648, -5.3360186), (-129.6197, -48.17988, -5.3360186), (-129.17477, -48.96363, -5.3360186), (-128.12952, -49.754017, -5.3360186), (-126.89478, -50.80564, -5.3360186), (-126.445175, -51.15513, -5.3360186), (-123.54837, -53.053993, -5.3360186), (-121.87057, -54.102703, -5.3360186), (-122.91866, -55.272266, -5.6408195), (-123.229324, -56.719566, -5.94562), (-124.10666, -58.2667, -6.2504206), (-125.702805, -59.94048, -6.555221), (-126.37838, -61.046146, -6.555221), (-125.95701, -61.119385, -6.555221), (-125.467995, -61.216755, -6.555221), (-124.98151, -61.32605, -6.555221), (-124.49783, -61.44721, -6.555221), (-124.01727, -61.58015, -6.555221), (-123.5401, -61.724808, -6.555221), (-123.06661, -61.881084, -6.555221), (-122.97835, -61.91263, -6.555221), (-118.02497, -63.147156, -6.555221), (-112.59315, -64.08436, -6.2504206), (-111.92516, -65.22569, -6.2504206), (-110.23789, -66.69288, -6.2504206), (-108.76191, -67.91549, -6.2504206), (-108.23632, -68.383026, -6.2626123), (-107.76247, -68.6962, -6.2504206), (-104.19322, -71.54312, -6.2504206), (-104.85375, -72.8624, -6.555221), (-100.83682, -75.985275, -6.555221), (-96.81989, -79.10816, -6.555221), (-96.02508, -81.45904, -6.8600216), (-93.24947, -83.66056, -6.8600216), (-90.47388, -85.862076, -6.8600216), (-87.46602, -88.21061, -6.8600216), (-86.98568, -90.26087, -7.1648226), (-82.85386, -93.30295, -7.1648226), (-82.301186, -93.6494, -7.1648226), (-81.37667, -94.34739, -7.1648226), (-77.98436, -96.56074, -7.1648226), (-79.375206, -97.67132, -7.469623), (-78.02897, -98.63069, -7.469623), (-74.57951, -100.92274, -7.469623), (-73.47711, -101.589355, -7.469623), (-72.18584, -102.410164, -7.469623), (-72.94877, -103.928856, -7.7744236), (-71.89441, -104.57443, -7.7744236), (-69.11698, -106.41495, -7.7744236), (-64.74018, -109.442116, -7.7744236), (-64.56582, -109.562706, -7.7744236), (-61.79634, -111.40973, -7.7744236), (-62.079956, -112.75748, -8.079225), (-58.83946, -114.723236, -8.079225), (-55.132008, -116.77232, -8.079225), (-51.4669, -118.72762, -8.079225), (-47.80179, -120.68292, -8.079225), (-45.227535, -122.10788, -8.079225), (-46.66064, -123.00122, -8.384025), (-45.742207, -123.51683, -8.384025), (-40.93831, -126.357025, -8.384025), (-40.696957, -126.49972, -8.384025), (-35.792835, -129.16312, -8.384025), (-35.59139, -129.27252, -8.384025), (-32.093803, -131.2498, -8.384025), (-31.098267, -131.98935, -9.146027), (-31.34904, -133.1734, -8.688826), (-27.989748, -135.10577, -8.688826), (-23.046465, -138.02689, -8.688826), (-19.422096, -140.09511, -8.688826), (-15.797725, -142.16331, -8.688826), (-14.450829, -144.39963, -8.993626), (-12.154037, -145.72842, -8.993626), (-11.165621, -144.76381, -8.688826), (-10.177201, -143.7992, -8.384025), (-9.188785, -142.83456, -8.079225), (-8.199843, -141.87012, -7.7744236), (-6.3184285, -141.19693, -7.469623), (-3.7149985, -140.75935, -7.1648226), (-1.1115714, -140.3218, -6.8600216), (0.88589364, -139.54578, -6.555221), (1.3331825, -137.90399, -6.2504206), (2.4288673, -134.73274, -5.6408195), (2.7292423, -133.00891, -5.3360186), (2.9385245, -131.2342, -5.031218), (4.799631, -130.49231, -4.7264175), (6.3841276, -129.42918, -4.421617), (8.256509, -125.280075, -4.421617), (10.128887, -121.13098, -4.421617), (10.894598, -123.026855, -4.116816), (11.302509, -122.10891, -4.116816), (13.861381, -118.98172, -4.116816), (14.370629, -118.94028, -4.116816), (16.26784, -119.50646, -4.116816), (16.568552, -119.728195, -4.111854), (17.1945, -120.12277, -4.1020303), (17.87593, -120.41113, -4.0922036), (18.594975, -120.58572, -4.082377), (19.332766, -120.64195, -4.072553), (20.069962, -120.57836, -4.0627265), (20.787224, -120.3966, -4.0528994), (21.465742, -120.10145, -4.043076), (22.08772, -119.700645, -4.033249), (26.203257, -116.54926, -3.964416), (26.405851, -116.394135, -3.964416), (30.723984, -113.087616, -3.964416), (35.042114, -109.7811, -3.964416), (35.829273, -109.17835, -3.964416), (38.401497, -107.208725, -4.040616), (39.36025, -106.47458, -4.040616), (40.021404, -105.93447, -4.040616), (40.25158, -105.74644, -4.0231786), (41.095337, -104.96366, -3.9556499), (41.888176, -104.12935, -3.8881214), (42.753937, -103.16347, -3.8120158), (46.982784, -103.79406, -3.8120158), (-33.2255, -88.13131, -2.8549418), (-33.2255, -84.4737, -2.7421656), (-33.27771, -84.144035, -2.7336311), (-33.429237, -83.84665, -2.7250967), (-33.66525, -83.610634, -2.7165623), (-33.96264, -83.459114, -2.7080278), (-34.2923, -83.4069, -2.6994934), (-36.04113, -83.4069, -2.7086375), (-36.04113, -80.32612, -2.5928133), (-36.04113, -76.21131, -2.4271724), (-36.04113, -75.17728, -2.3855488), (-34.2923, -75.17728, -2.3764048), (-33.96264, -75.12507, -2.3660417), (-33.66525, -74.97354, -2.3556783), (-33.429237, -74.737526, -2.3453152), (-33.27771, -74.44014, -2.3349519), (-33.2255, -74.11048, -2.3245888), (-33.2255, -72.315475, -2.2880125), (-33.2255, -69.99567, -2.2483885), (-27.129486, -69.99567, -2.1970448), (-21.033474, -69.99567, -2.1457043), (-14.937461, -69.99567, -2.0943606), (-8.841449, -69.99567, -2.04302), (-2.745437, -69.99567, -1.9916763), (-1.7403264, -69.99567, -1.983212), (3.3505754, -69.99567, -1.9435879), (3.3505754, -72.434074, -1.983212), (3.3505754, -74.72008, -2.0350282), (3.3853774, -74.89504, -2.0350282), (3.4844863, -75.043365, -2.0350282), (3.6328146, -75.14248, -2.0350282), (3.8077762, -75.17728, -2.0350282), (7.4653835, -75.17728, -1.9984521), (7.6403484, -75.14248, -1.9925237), (7.7886734, -75.043365, -1.9865984), (7.8524985, -74.96334, -1.983212), (7.916123, -74.796684, -1.9768112), (7.9225845, -74.72008, -1.9740679), (7.9225845, -69.99567, -1.8826278), (12.799395, -69.99567, -1.8379227), (17.676205, -69.99567, -1.7932206), (22.553013, -69.99567, -1.7485155), (22.553013, -74.72008, -1.8338597), (22.600815, -74.923615, -1.8391937), (22.734226, -75.08459, -1.8445277), (22.925348, -75.169334, -1.8498617), (23.134216, -75.16014, -1.8551958), (23.563335, -74.99696, -1.8437657), (23.956919, -74.760605, -1.8323357), (24.302599, -74.45849, -1.8209057), (24.589529, -74.1001, -1.8094757), (27.147255, -70.25011, -1.7055234), (27.814365, -69.24593, -1.6784114), (29.704977, -66.40011, -1.6022112), (29.961832, -65.90497, -1.5881904), (30.10675, -65.36632, -1.5741696), (30.13301, -64.80913, -1.5601487), (30.039398, -64.25924, -1.5461279), (29.83025, -63.74213, -1.5321071), (29.515263, -63.281776, -1.5180863), (29.109037, -62.899513, -1.5040654), (28.630404, -62.613064, -1.4900446), (28.10155, -62.435703, -1.4760238), (27.546986, -62.375656, -1.462003), (25.75342, -62.375656, -1.474195), (25.578459, -62.410458, -1.484101), (25.43013, -62.509567, -1.494007), (25.331022, -62.657894, -1.503913), (25.296219, -62.832855, -1.5138191), (25.296219, -67.55727, -1.6601233), (22.937788, -67.55727, -1.6784114), (16.849773, -67.55727, -1.739594), (10.761757, -67.55727, -1.8007766), (8.379786, -67.55727, -1.8247157), (2.8933744, -67.55727, -1.8795798), (-3.1946397, -67.55727, -1.9316915), (-9.21376, -67.55727, -1.983212), (-15.301774, -67.55727, -2.0359943), (-21.389788, -67.55727, -2.0887766), (-27.477806, -67.55727, -2.141559), (-32.768295, -67.55727, -2.1874285), (-35.5115, -67.55727, -2.2087646), (-35.58393, -67.55727, -2.2093132), (-39.165012, -67.49791, -2.2364738), (-42.74216, -67.31989, -2.2636347), (-45.946243, -67.05924, -2.2880125), (-49.505127, -66.65672, -2.3151734), (-53.048717, -66.136475, -2.3423343), (-56.57312, -65.49908, -2.369495), (-60.07446, -64.74522, -2.3966558), (-63.548893, -63.875732, -2.4238164), (-63.903187, -63.78016, -2.4265993), (-63.82231, -63.487286, -2.4289005), (-33.240738, -88.283745, -2.7055743), (-33.240738, -84.4737, -2.5897653), (-33.292202, -84.14875, -2.5812309), (-33.441566, -83.855606, -2.5726964), (-33.674206, -83.62297, -2.564162), (-33.96735, -83.4736, -2.5556276), (-34.2923, -83.422134, -2.5470932), (-36.05637, -83.422134, -2.5562372), (-36.05637, -80.32612, -2.440413), (-36.05637, -76.196075, -2.27465), (-36.05637, -75.16204, -2.2331486), (-34.2923, -75.16204, -2.2240045), (-33.96735, -75.11057, -2.2136412), (-33.674206, -74.96121, -2.203278), (-33.441566, -74.72857, -2.1929147), (-33.292202, -74.43543, -2.1825516), (-33.240738, -74.11048, -2.1721883), (-33.240738, -72.315475, -2.1356122), (-33.240738, -69.98043, -2.0959883), (-28.011229, -69.98043, -2.051966), (-22.781721, -69.98043, -2.0079436), (-17.552214, -69.98043, -1.9639181), (-12.322708, -69.98043, -1.9198958), (-7.0931983, -69.98043, -1.8758734), (-1.8636913, -69.98043, -1.831851), (-1.7403264, -69.98043, -1.8308117), (3.3658154, -69.98043, -1.7911876), (3.3658154, -72.434074, -1.8308117), (3.3658154, -74.72008, -1.8826278), (3.425029, -74.94106, -1.8826278), (3.5867958, -75.10283, -1.8826278), (3.8077762, -75.16204, -1.8826278), (7.4653835, -75.16204, -1.8460517), (7.686364, -75.10283, -1.8381482), (7.8395934, -74.95523, -1.8308117), (7.907037, -74.736626, -1.8222773), (7.9073443, -74.72008, -1.8216677), (7.9073443, -69.98043, -1.7302275), (12.794316, -69.98043, -1.6855224), (17.681286, -69.98043, -1.6408204), (22.568254, -69.98043, -1.5961152), (22.568254, -74.72008, -1.6814594), (22.614464, -74.916824, -1.6867934), (22.743425, -75.07243, -1.6921275), (22.928177, -75.154366, -1.6974615), (23.130083, -75.14548, -1.7027954), (23.556679, -74.98325, -1.6913654), (23.947947, -74.74829, -1.6799353), (24.291597, -74.447945, -1.6685053), (24.576838, -74.09167, -1.6570754), (27.13456, -70.24167, -1.5531231), (27.801674, -69.2375, -1.5260111), (29.692282, -66.39168, -1.449811), (29.947628, -65.899445, -1.4357901), (30.091694, -65.36396, -1.4217693), (30.1178, -64.81006, -1.4077485), (30.024738, -64.2634, -1.3937277), (29.816818, -63.749332, -1.3797067), (29.503683, -63.291687, -1.3656859), (29.099848, -62.91167, -1.3516651), (28.62403, -62.626907, -1.3376443), (28.098288, -62.45059, -1.3236235), (27.546986, -62.390896, -1.3096026), (25.75342, -62.390896, -1.3217946), (25.53244, -62.450108, -1.3350017), (25.370672, -62.611874, -1.3482118), (25.311459, -62.832855, -1.3614187), (25.311459, -67.5725, -1.5077231), (22.937788, -67.5725, -1.5260111), (16.84825, -67.5725, -1.587209), (10.758708, -67.5725, -1.6484069), (8.379786, -67.5725, -1.6723154), (2.8933744, -67.5725, -1.7271795), (-3.196164, -67.5725, -1.7793034), (-9.21376, -67.5725, -1.8308117), (-15.303298, -67.5725, -1.8836062), (-21.392836, -67.5725, -1.9364038), (-27.482378, -67.5725, -1.9891983), (-32.768295, -67.5725, -2.0350282), (-35.5115, -67.5725, -2.056364), (-35.58393, -67.5725, -2.056913), (-39.16743, -67.51308, -2.0840888), (-42.74699, -67.33485, -2.111265), (-45.947704, -67.07441, -2.1356122), (-49.508987, -66.67159, -2.1627884), (-53.05496, -66.1509, -2.1899612), (-56.58171, -65.51291, -2.2171373), (-60.08537, -64.75832, -2.2443132), (-63.562077, -63.887978, -2.2714863), (-63.921947, -63.79085, -2.2743149), (-63.837006, -63.48323, -2.276735), (58.560177, -62.390896, -1.1543585), (61.602085, -62.390896, -1.1250459), (61.602085, -62.390896, -1.1250459), (61.602085, -68.16343, -1.3054605), (61.602085, -70.34399, -1.3736107), (61.602085, -73.39199, -1.6784114), (61.602085, -76.44, -1.983212), (61.602085, -79.48801, -2.2880125), (61.602085, -79.7085, -2.3007746), (61.55724, -80.44641, -2.34359), (61.42335, -81.17346, -2.3864052), (61.2024, -81.87894, -2.4292207), (60.897636, -82.55247, -2.472036), (60.513542, -83.18413, -2.5148513), (60.05578, -83.764626, -2.5576668), (59.651546, -84.21774, -2.5928133), (57.62247, -86.49221, -2.8976138), (55.593395, -88.76668, -3.2024145), (52.622177, -92.09722, -3.507215), (48.988655, -96.170166, -3.6194181), (47.686916, -97.62933, -3.6596153), (44.0534, -101.70228, -3.7718186), (42.751663, -103.16144, -3.8120158), (41.888176, -104.12935, -3.8880513), (41.095337, -104.96366, -3.955528), (40.25158, -105.74644, -4.0230045), (40.023407, -105.94186, -4.040616), (39.36025, -106.47458, -4.040616), (38.395634, -107.21321, -4.040616), (35.829273, -109.17835, -3.964416), (31.51114, -112.48486, -3.964416), (27.193012, -115.79138, -3.964416), (26.203257, -116.54926, -3.964416), (22.08772, -119.700645, -4.0332093), (21.465742, -120.10145, -4.043042), (20.787224, -120.3966, -4.052872), (20.069962, -120.57836, -4.062702), (19.332766, -120.64195, -4.072535), (18.594975, -120.58572, -4.0823646), (17.87593, -120.41113, -4.0921946), (17.1945, -120.12277, -4.1020274), (16.568552, -119.728195, -4.111857), (16.269669, -119.50402, -4.116816), (13.655963, -117.54371, -4.421617), (12.975405, -117.03328, -4.4434285), (9.826772, -121.23138, -4.5779705), (6.6781383, -125.42947, -4.7125125), (6.352703, -125.86338, -4.7264175), (3.2040668, -130.06148, -5.005127), (2.9093034, -130.45448, -5.031218), (0.9579911, -133.05618, -5.3360186), (0.38087255, -133.82565, -5.452751), (-1.13751, -134.13551, -5.6408195), (-5.138603, -134.95198, -5.941929), (-5.1876516, -134.96199, -5.94562), (-7.435986, -135.42079, -6.2504206), (-7.621314, -135.45862, -6.2504206), (-7.6506143, -135.31505, -6.2504206), (-7.9695606, -133.75206, -5.94562), (-8.229526, -132.47813, -5.7103415), (-7.8530936, -132.40132, -5.6408195), (-4.4976106, -131.71658, -5.3360186), (-1.3593957, -131.07619, -5.118391), (-0.58962786, -130.04985, -5.031218), (2.3856955, -126.082825, -4.7936993), (3.228527, -124.959076, -4.7264175), (6.2038503, -120.99206, -4.6991925), (9.179173, -117.02503, -4.671968), (10.541895, -115.20811, -4.6594987), (9.4329815, -114.37641, -4.6518874), (9.178771, -114.20943, -4.6502175), (8.755072, -114.01842, -4.6638265), (8.302851, -113.91116, -4.677436), (7.838499, -113.89155, -4.6910453), (7.3788447, -113.96028, -4.7046547), (6.940544, -114.11487, -4.718264), (6.796727, -114.187454, -4.722976), (6.693415, -114.24395, -4.7264175), (5.2276382, -111.57847, -4.7264175), (5.3099403, -111.53286, -4.7250977), (6.0241218, -111.20174, -4.7140455), (6.778357, -110.97629, -4.7029934), (7.557104, -110.86117, -4.6919413), (8.34431, -110.85874, -4.6808896), (9.123749, -110.96907, -4.6698375), (9.879358, -111.189865, -4.6587853), (10.438689, -111.43418, -4.6502175), (11.114149, -111.83847, -4.633484), (11.2576065, -111.94249, -4.6297226), (13.356003, -113.51632, -4.574017), (15.650186, -115.23699, -4.421617), (18.094835, -117.07051, -4.116816), (18.393723, -117.294685, -4.1033196), (18.737726, -117.48883, -4.0890093), (19.12002, -117.58824, -4.074699), (19.515024, -117.58627, -4.0603886), (19.896305, -117.48305, -4.046081), (20.238356, -117.28548, -4.0317707), (21.718657, -116.15197, -3.964416), (26.036787, -112.84545, -3.964416), (30.35492, -109.53893, -3.964416), (32.133545, -108.17699, -3.964416), (35.27251, -105.77339, -4.040616), (37.107124, -104.368576, -4.116816), (37.51088, -104.05941, -4.083727), (38.253925, -103.4524, -4.021289), (38.957317, -102.79985, -3.9588504), (39.61826, -102.10433, -3.896412), (40.481747, -101.13642, -3.8120158), (44.115265, -97.06348, -3.6998124), (45.417004, -95.60431, -3.6596153), (49.05052, -91.53137, -3.5474122), (50.35226, -90.072205, -3.507215), (53.323475, -86.74166, -3.2024145), (55.352554, -84.46719, -2.8976138), (57.38163, -82.192726, -2.5928133), (57.785862, -81.73961, -2.5321367), (58.11606, -81.29369, -2.476614), (58.36003, -80.79535, -2.4210916), (58.509724, -80.26106, -2.365569), (58.560177, -79.7085, -2.3100467), (58.560177, -79.48801, -2.2880125), (58.560177, -76.44, -1.983212), (58.560177, -73.39199, -1.6784114), (58.560177, -70.34399, -1.3736107), (58.560177, -64.57146, -1.2144713), (58.560177, -62.390896, -1.1543585), (-32.784298, -67.5725, -2.0414288), (-32.904694, -69.98043, -2.0895875), (41.99827, 9.053667, 1.0647941), (42.162773, 9.145297, 1.0647941), (42.470848, 8.993408, 1.0647941), (-80.30329, -3.301148, 0.15039226), (-80.280396, -3.5629716, 0.15039226), (-80.12763, -4.6002874, 0.15039226), (-79.656876, -5.9875417, 0.15039226), (-79.95313, -7.7951465, 0.15039226), (-79.75957, -8.502616, 0.15039226), (30.82835, -44.822437, -0.45920897), (31.21976, -44.401566, -0.45920897), (33.590546, -43.597805, -0.45920897), (33.96422, -43.436718, -0.45920897), (32.415073, 90.81555, 2.8935978), (32.23424, 90.871895, 2.8935978), (28.426079, 91.803314, 2.8935978), (27.844278, 91.90873, 2.8935978), (26.116453, 92.30485, 2.8935978), (24.513205, 92.88673, 2.8935978), (36.33203, 85.44394, 2.8935978), (36.322895, 85.45782, 2.8935978), (35.704582, 86.890434, 2.8935978), (35.278717, 87.753975, 2.8935978), (34.856487, 88.50065, 2.8935978), (34.510925, 89.81186, 2.8935978), (34.33537, 89.99878, 2.8935978), (-81.95283, -9.765033, -0.15440834), (-81.31949, -10.2595415, -0.15440834), (-84.25067, -7.3732386, -0.15440834), (-83.823944, -7.76178, -0.15440834), (-83.70398, -8.13506, -0.15440834), (-82.6396, -8.924591, -0.15440834), (-82.547935, -9.209396, -0.15440834), (-15.747826, -4.074235, 1.3695947), (-14.500332, -3.9359348, 1.3695947), (-12.320986, -3.808199, 1.3695947), (-11.452325, -3.6041746, 1.3695947), (-10.936432, -3.4554288, 1.3695947), (-8.404319, -3.8719633, 1.3695947), (-8.051256, -3.6727304, 1.3695947), (-5.2692924, -4.1859508, 1.3695947), (-0.9824061, -5.039612, 1.3695947), (-53.228264, -24.906317, -0.15440834), (-51.489265, -25.419827, -0.15440834), (-47.86792, -26.297165, -0.15440834), (-43.66963, -27.063288, -0.15440834), (-39.132656, -27.572287, -0.15440834), (-35.712498, -27.772297, -0.15440834), (-34.14203, -27.805079, -0.15440834), (-32.866127, -27.86092, -0.15440834), (-31.294357, -27.887465, -0.15440834), (-80.05333, -11.266606, -0.15440834), (-78.94761, -12.234211, -0.15440834), (-76.063095, -14.299771, -0.15440834), (-75.46046, -14.707634, -0.15440834), (-75.175545, -14.9376, -0.15440834), (-72.70432, -16.504992, -0.15440834), (-72.15257, -16.895126, -0.15440834), (-69.36321, -18.45082, -0.15440834), (-68.42431, -19.00217, -0.15440834), (-65.93679, -20.200695, -0.15440834), (-64.88082, -20.757378, -0.15440834), (-61.29797, -22.271515, -0.15440834), (-59.054096, -23.051846, -0.15440834), (-58.408592, -23.301874, -0.15440834), (-57.523285, -23.591053, -0.15440834), (-56.771034, -23.87495, -0.15440834), (-54.778828, -24.452856, -0.15440834), (-82.79099, -35.44111, -1.3736107), (-81.78516, -36.021755, -1.3736107), (-78.014305, -37.955936, -1.3736107), (-76.96941, -38.456642, -1.3736107), (-73.007286, -40.19764, -1.3736107), (-69.36444, -41.6068, -1.3736107), (-66.50077, -42.572483, -1.3736107), (-63.98633, -43.35063, -1.3736107), (-60.393806, -44.320347, -1.3736107), (-12.974475, 92.8542, 2.588797), (-10.817118, 93.226456, 2.588797), (-9.657452, 92.898186, 2.588797), (-7.6977825, 93.12153, 2.588797), (-6.3162584, 92.98839, 2.588797), (-4.901636, 93.12796, 2.588797), (-16.833601, 90.14434, 2.588797), (-15.654703, 91.05149, 2.588797), (-15.049707, 91.47839, 2.588797), (-14.500332, 91.76715, 2.588797), (-14.048858, 92.29978, 2.588797), (-18.418253, 80.03073, 2.2839966), (-18.466314, 79.99214, 2.2839966), (-18.89878, 79.81355, 2.2839966), (-20.416431, 78.74067, 2.2839966), (-21.388603, 78.18884, 2.2839966), (-21.946787, 77.98856, 2.2839966), (-22.963129, 77.22302, 2.2839966), (-23.47079, 76.904274, 2.2839966), (-24.042288, 76.270515, 2.2839966), (-24.277342, 75.69902, 2.2839966), (-24.455162, 75.159386, 2.2839966), (-24.260294, 74.17502, 2.2839966), (-23.21122, 73.215836, 2.2839966), (-21.428623, 72.65102, 2.2839966), (-18.89878, 72.14527, 2.2839966), (-16.483858, 71.76009, 2.2839966), (-15.750081, 71.59247, 2.2839966), (-12.708253, 71.18548, 2.2839966), (-8.237219, 70.751755, 2.2839966), (-3.7661805, 70.31804, 2.2839966), (0.70485425, 69.884315, 2.2839966), (2.045462, 69.82288, 2.2839966), (2.183884, 69.60945, 2.2839966), (2.0399876, 69.42157, 2.2839966), (1.8244418, 69.387115, 2.2839966), (-1.5284991, 69.344406, 2.2839966), (-4.8814397, 69.3017, 2.2839966), (-9.815991, 69.28323, 2.2839966), (-14.7505455, 69.26478, 2.2839966), (-19.685097, 69.24632, 2.2839966), (-24.619648, 69.22786, 2.2839966), (-25.97619, 69.0604, 2.2839966), (-28.515957, 68.55216, 2.2839966), (-32.90177, 67.80344, 2.2839966), (-33.91173, 67.80342, 2.2839966), (-34.138813, 67.486275, 2.2839966), (-35.43282, 66.325005, 2.2839966), (-35.662815, 66.2387, 2.2839966), (-37.22022, 65.23304, 2.2839966), (-38.77386, 63.665222, 2.2839966), (-39.48418, 61.982994, 2.2839966), (-39.62261, 61.370777, 2.2839966), (-39.89926, 60.458992, 2.2839966), (-40.09051, 58.93499, 2.2839966), (-40.2079, 57.410984, 2.2839966), (-40.242924, 55.886982, 2.2839966), (-40.200657, 54.36298, 2.2839966), (-40.08806, 52.838978, 2.2839966), (-39.82174, 50.901886, 2.2839966), (-39.569695, 49.79097, 2.2839966), (-39.315655, 48.8718, 2.2839966), (-39.08437, 48.266968, 2.2839966), (-38.98123, 48.065697, 2.2839966), (-38.94677, 47.09697, 2.2839966), (-93.71446, -25.944983, -1.0688102), (-91.92227, -27.323584, -1.0688102), (-89.48023, -29.126778, -1.0688102), (-87.64944, -30.371407, -1.0688102), (-85.74107, -31.625849, -1.0688102), (-83.27468, -33.120884, -1.0688102), (-81.613945, -34.073673, -1.0688102), (-78.25015, -35.86101, -1.0688102), (-74.62486, -37.58132, -1.0688102), (-73.32807, -38.139984, -1.0688102), (-70.466286, -39.306923, -1.0688102), (-69.927414, -39.512104, -1.0688102), (-34.998028, -41.709026, -0.76400954), (-33.271217, -42.0345, -0.76400954), (3.5607963, -41.4725, -0.45920897), (3.8013053, -41.530983, -0.45920897), (7.099318, -41.925606, -0.45920897), (7.8768644, -41.93541, -0.45920897), (-52.931866, -23.857574, 0.15039226), (-50.882057, -24.44574, 0.15039226), (-47.515835, -25.26162, 0.15039226), (-43.53816, -25.974068, 0.15039226), (-39.080513, -26.472185, 0.15039226), (-35.758076, -26.661804, 0.15039226), (-33.53133, -26.706957, 0.15039226), (-32.82826, -26.680367, 0.15039226), (-27.843155, -26.764559, 0.15039226), (-22.858046, -26.848751, 0.15039226), (-17.872942, -26.93294, 0.15039226), (-12.079203, -26.591501, 0.15039226), (-6.2854614, -26.250065, 0.15039226), (-2.2294428, -26.627237, 0.15039226), (1.8265723, -27.00441, 0.15039226), (3.5888624, -27.107256, 0.15039226), (5.9057493, -26.820288, 0.15039226), (7.6500773, -26.198294, 0.15039226), (9.446588, -26.225817, 0.15039226), (14.519558, -26.53836, 0.15039226), (19.592525, -26.850903, 0.15039226), (24.665495, -27.163443, 0.15039226), (29.738462, -27.475985, 0.15039226), (34.013515, -27.637419, 0.15039226), (-78.60382, -9.634036, 0.15039226), (-76.78393, -11.330339, 0.15039226), (-75.52099, -12.306183, 0.15039226), (-73.58914, -13.857606, 0.15039226), (-72.6555, -14.4743, 0.15039226), (-70.44525, -16.04145, 0.15039226), (-69.56312, -16.535378, 0.15039226), (-67.44253, -17.84412, 0.15039226), (-63.49517, -19.924147, 0.15039226), (-60.121277, -21.382652, 0.15039226), (-58.686565, -21.93837, 0.15039226), (-58.30682, -22.062412, 0.15039226), (-55.874687, -22.980288, 0.15039226), (-54.479153, -23.392529, 0.15039226), (30.82835, -20.81149, 0.45519286), (30.893404, -20.798252, 0.45519286), (31.094524, -20.816336, 0.45519286), (31.198467, -20.860529, 0.45519286), (31.954979, -20.40583, 0.45519286), (-30.382023, -25.5405, 0.45519286), (-29.811274, -25.550142, 0.45519286), (-29.64771, -25.5405, 0.45519286), (-36.070015, -25.538712, 0.45519286), (-35.628147, -25.5637, 0.45519286), (-34.8971, -25.573425, 0.45519286), (-33.271217, -25.511929, 0.45519286), (30.82835, -8.021485, 0.7599935), (31.21976, -8.791177, 0.7599935), (32.743336, -9.035547, 0.7599935), (34.013515, -9.401071, 0.7599935), (-0.4298209, -6.8562236, 0.7599935), (-0.10428164, -6.74965, 0.7599935), (1.5055258, -6.39243, 0.7599935), (3.950804, -5.8960648, 0.7599935), (4.6606817, -6.0977607, 0.7599935), (4.8745785, -6.272073, 0.7599935), (6.3985815, -6.280431, 0.7599935), (6.496148, -6.1943064, 0.7599935), (6.7548842, -5.874823, 0.7599935), (7.552913, -5.9875417, 0.7599935), (13.227785, -6.6422715, 0.7599935), (19.141088, -6.8562236, 0.7599935), (-15.806143, -9.811402, 1.0647941), (-14.500332, -8.747207, 1.0647941), (-14.1973505, -8.327054, 1.0647941), (-14.06878, -8.220219, 1.0647941), (-50.177834, -2.077282, 1.0647941), (-48.94174, -2.6987948, 1.0647941), (-45.95221, -3.882683, 1.0647941), (-45.25692, -4.0748963, 1.0647941), (-42.86098, -4.813285, 1.0647941), (-40.794525, -5.2601686, 1.0647941), (-38.88366, -5.5877347, 1.0647941), (-35.831017, -5.9487314, 1.0647941), (-35.3591, -5.975816, 1.0647941), (-34.489304, -4.869164, 1.0647941), (-33.271217, -6.5265965, 1.0647941), (-50.90791, 27.542421, 1.6743953), (-51.09758, 26.807898, 1.6743953), (-50.902843, 26.637407, 1.6743953), (-50.21256, 25.406921, 1.6743953), (-49.37884, 24.76366, 1.6743953), (-48.609917, 23.882917, 1.6743953), (-47.85484, 23.169003, 1.6743953), (-46.330837, 21.424, 1.6743953), (-44.80683, 19.292828, 1.6743953), (-43.366222, 17.786905, 1.6743953), (-42.377872, 17.058832, 1.6743953), (38.84617, 90.4938, 3.1983984), (37.315773, 90.55592, 3.1983984), (36.660084, 91.26276, 3.1983984), (34.496067, 91.777374, 3.1983984), (33.54096, 91.97628, 3.1983984), (29.560114, 92.93883, 3.1983984), (27.265999, 93.34181, 3.1983984), (25.95214, 93.52068, 3.1983984), (24.3388, 93.67416, 3.1983984), (18.730585, 93.72574, 3.1983984), (13.122367, 93.77733, 3.1983984), (12.727086, 93.94422, 3.1983984), (10.661562, 94.39411, 3.1983984), (10.649115, 94.39854, 3.1983984), (49.639317, 109.12035, 4.1128), (46.601933, 108.8579, 4.1128), (46.49628, 108.77037, 4.1128), (45.642952, 108.71025, 4.1128), (45.337597, 108.712585, 4.1128), (31.085758, 134.28654, 5.027202), (31.223696, 134.22417, 5.027202), (34.267662, 132.99301, 5.027202), (-101.02002, -27.047758, -1.3736107), (-99.91775, -27.08422, -1.3736107), (-99.844505, -27.104958, -1.3736107), (-97.07308, -27.268787, -1.3736107), (-3.0959575, 108.80439, 3.5031989), (-3.8219316, 108.965576, 3.5031989), (-4.9532113, 108.94155, 3.5031989), (-40.55838, 47.17465, 1.979196), (-40.51525, 47.03797, 1.979196), (-40.63727, 46.55344, 1.979196), (-40.99548, 43.529957, 1.979196), (-41.39148, 42.019707, 1.979196), (-41.403404, 41.767647, 1.979196), (-42.590538, 38.430653, 1.979196), (-43.02794, 37.34405, 1.979196), (-43.35378, 36.14589, 1.979196), (-43.61219, 34.880302, 1.979196), (-43.724857, 34.550938, 1.979196), (-43.86157, 33.605675, 1.979196), (-44.02402, 33.026936, 1.979196), (-44.10476, 32.32486, 1.979196), (-44.298626, 31.502934, 1.979196), (-44.33632, 31.032415, 1.979196), (-44.539207, 29.97893, 1.979196), (-44.64698, 28.454927, 1.979196), (-44.47627, 26.930923, 1.979196), (-44.084908, 25.406921, 1.979196), (-43.456856, 23.882917, 1.979196), (-43.28283, 23.519537, 1.979196), (-42.89174, 22.358915, 1.979196), (-42.837734, 21.913815, 1.979196), (-42.515812, 20.834911, 1.979196), (-41.89279, 19.31091, 1.979196), (-41.758827, 19.12734, 1.979196), (-41.238106, 17.948107, 1.979196), (-40.573948, 47.22398, 1.979196), (-40.55838, 47.17465, 1.979196), (-43.141945, 57.624115, 1.979196), (-43.18408, 57.410984, 1.979196), (-43.352238, 55.786793, 1.979196), (-43.356075, 54.3323, 1.979196), (-43.20521, 52.838978, 1.979196), (-42.90132, 51.314972, 1.979196), (-42.382095, 49.79097, 1.979196), (-41.758827, 48.80661, 1.979196), (-41.48219, 48.266968, 1.979196), (-40.665005, 47.512543, 1.979196), (-40.573948, 47.22398, 1.979196), (-1.0712402, -2.0354054, 1.979196), (0.091909364, -2.2343183, 1.979196), (0.71379405, -2.199123, 1.979196), (1.1161156, -2.0919156, 1.979196), (3.4808624, -2.590679, 1.979196), (3.8874848, -2.7617056, 1.979196), (4.5362496, -2.9280782, 1.979196), (-8.9790325, -2.0708537, 1.6743953), (-5.953268, -2.6355183, 1.6743953), (-2.9275033, -3.2001827, 1.6743953), (1.148522, -4.0118575, 1.6743953), (4.5362496, -4.6239552, 1.6743953), (-11.809466, -6.8562236, 1.0647941), (-10.953882, -6.5724998, 1.0647941), (-8.567994, -5.823867, 1.0647941), (-8.404319, -5.850793, 1.0647941), (-7.9844594, -5.6138654, 1.0647941), (-7.4104314, -5.3909616, 1.0647941), (-3.3079402, -46.571743, -0.76400954), (0.22289743, -46.72697, -0.76400954), (3.753735, -46.882202, -0.76400954), (3.6188731, -47.284866, -0.76400954), (4.569778, -47.34325, -0.76400954), (3.3962955, -48.93017, -1.0688102), (3.4531224, -48.934536, -1.0688102), (4.569778, -48.957012, -1.0688102), (-46.81246, -45.84466, -1.0688102), (-45.16334, -46.140602, -1.0688102), (-40.920223, -46.674282, -1.0688102), (-40.164032, -46.74839, -1.0688102), (-35.956768, -47.05251, -1.0688102), (-31.78404, -47.243637, -1.0688102), (-27.611315, -47.434757, -1.0688102), (-23.438585, -47.625885, -1.0688102), (-18.554228, -47.8377, -1.0688102), (-13.669871, -48.049522, -1.0688102), (-8.785512, -48.261345, -1.0688102), (-3.8457944, -48.5073, -1.0688102), (1.0939231, -48.753265, -1.0688102), (3.2471383, -48.91871, -1.0688102), (-35.008583, -65.00104, -1.983212), (-33.271217, -65.45773, -1.983212), (-35.008583, -48.93145, -1.3736107), (-33.271217, -49.015766, -1.3736107), (-35.271103, -48.91871, -1.3736107), (-35.008583, -48.93145, -1.3736107), (-58.838608, -44.7574, -1.3736107), (-54.13584, -46.118732, -1.3736107), (-49.623257, -47.16912, -1.3736107), (-45.0294, -47.98487, -1.3736107), (-40.32686, -48.57127, -1.3736107), (-35.64785, -48.900425, -1.3736107), (-35.271103, -48.91871, -1.3736107), (-65.98405, 5.8046207, 0.7599935), (-64.521286, 4.084451, 0.7599935), (-62.03829, 1.7280012, 0.7599935), (-59.232212, -0.4509513, 0.7599935), (-58.365707, -1.0155244, 0.7599935), (-93.531685, -18.53632, -0.76400954), (-93.35015, -20.371714, -0.76400954), (-93.07536, -20.935795, -0.76400954), (-93.156296, -21.725994, -0.76400954), (40.296917, 95.88688, 3.5031989), (40.21015, 95.85657, 3.5031989), (37.668297, 94.50245, 3.5031989), (37.315773, 94.4062, 3.5031989), (36.491005, 93.768394, 3.5031989), (36.308777, 93.65771, 3.5031989), (30.82835, -5.5215898, 1.0647941), (31.021973, -5.500007, 1.0647941), (31.21976, -5.093025, 1.0647941), (33.020306, -4.7400813, 1.0647941), (34.013515, -3.2474816, 1.0647941), (-9.099454, 94.87302, 2.8935978), (-9.376313, 94.94821, 2.8935978), (-9.377804, 94.98097, 2.8935978), (-11.452325, 96.53434, 2.8935978), (-12.699076, 96.39792, 2.8935978), (-13.432907, 96.58443, 2.8935978), (-16.949144, 20.060244, 2.2839966), (-15.724862, 20.06183, 2.2839966), (-14.525956, 18.746391, 2.2839966), (-14.326772, 18.659176, 2.2839966), (-12.802769, 18.336697, 2.2839966), (-11.6403265, 18.148466, 2.2839966), (-11.278766, 18.115622, 2.2839966), (-7.9902353, 17.546381, 2.2839966), (-6.7067566, 17.475409, 2.2839966), (-6.2512474, 17.331394, 2.2839966), (-5.1827536, 17.084164, 2.2839966), (-3.6587505, 16.556362, 2.2839966), (-2.1222231, 15.958102, 2.2839966), (-1.4550055, 14.175018, 2.2839966), (-16.949144, 18.254976, 1.979196), (-15.724862, 18.255957, 1.979196), (-14.985306, 17.444517, 1.979196), (-14.326772, 17.162725, 1.979196), (-12.802769, 16.77986, 1.979196), (-11.278766, 16.445625, 1.979196), (-10.1716175, 16.170858, 1.979196), (-9.168783, 15.857265, 1.979196), (-9.07432, 15.283643, 1.979196), (-8.839413, 14.189296, 1.979196), (-8.69427, 13.176641, 1.979196), (-8.582369, 12.882798, 1.979196), (-16.949144, 16.449713, 1.6743953), (-15.724862, 16.450085, 1.6743953), (-15.444658, 16.142643, 1.6743953), (-13.989873, 15.547667, 1.6743953), (-13.427588, 15.398918, 1.6743953), (-13.375303, 14.7389, 1.6743953), (-13.427891, 13.4763155, 1.6743953), (-13.730738, 13.214897, 1.6743953), (-13.839974, 12.728097, 1.6743953), (-14.321182, 11.685301, 1.6743953), (-15.118016, 10.805262, 1.6743953), (-0.35275206, 117.69266, 3.8079996), (-0.8669415, 117.74254, 3.8079996), (-1.2912209, 117.84004, 3.8079996), (-2.308307, 117.54345, 3.8079996), (-3.140376, 117.67872, 3.8079996), (-3.9800775, 117.33935, 3.8079996), (-4.1660604, 117.2411, 3.8079996), (-69.03003, 9.244942, 0.7599935), (-68.998955, 9.139164, 0.7599935), (-67.76176, 7.498596, 0.7599935), (-67.150925, 7.300101, 0.7599935), (-66.994354, 7.0924582, 0.7599935), (-98.167465, -22.56785, -1.0688102), (-98.14441, -22.575485, -1.0688102), (-96.79649, -23.689714, -1.0688102), (-96.5822, -24.202948, -1.0688102), (-95.02296, -24.938156, -1.0688102), (-94.999146, -24.957838, -1.0688102), (-35.008583, -1.2024951, 1.3695947), (-33.271217, -0.7456935, 1.3695947), (2.3904533, 129.99881, 4.4176006), (1.7642802, 129.14412, 4.4176006), (0.73969907, 129.17117, 4.4176006), (0.18004552, 128.68439, 4.4176006), (-1.0120845, 128.12473, 4.4176006), (-2.02843, 127.81109, 4.4176006), (-2.6160703, 126.87367, 4.4176006), (-3.0948145, 126.379295, 4.4176006), (34.300686, -74.43714, -1.6784114), (34.494377, -74.42245, -1.6784114), (34.756256, -74.65192, -1.6784114), (35.67897, -75.07059, -1.6784114), (-11.384062, 127.13671, 4.4176006), (-13.294653, 123.6133, 4.4176006), (-15.205247, 120.089874, 4.4176006), (-15.791991, 119.15262, 4.4176006), (-16.329151, 118.6975, 4.4176006), (-17.359545, 118.42248, 4.4176006), (-27.768005, 99.1732, 2.8935978), (-28.259958, 98.80589, 2.8935978), (-30.429392, 97.31225, 2.8935978), (-30.866203, 97.03594, 2.8935978), (-3.9527154, 151.04126, 5.9416037), (-5.129703, 150.81741, 5.9416037), (-6.3409195, 150.84964, 5.9416037), (-6.653706, 150.69603, 5.9416037), (-6.7910614, 150.75035, 5.9416037), (-7.141875, 150.32155, 5.9416037), (22.598734, -74.56041, -1.6784114), (23.624187, -74.742805, -1.6784114), (23.797993, -74.8136, -1.6784114), (72.382675, 106.33318, 4.4176006), (72.12495, 107.75515, 4.4176006), (71.86215, 109.83669, 4.4176006), (70.84384, 110.58258, 4.4176006), (69.80086, 112.052185, 4.4176006), (69.43394, 112.195206, 4.4176006), (8.291189, -67.60298, -1.6784114), (13.033011, -69.94995, -1.6784114), (-112.66044, -29.490543, -1.6784114), (-112.29345, -29.611723, -1.6784114), (64.88982, 6.696346, 1.3695947), (67.5873, 5.2125273, 1.3695947), (68.38626, 9.607335, 1.3695947), (69.18523, 14.002142, 1.3695947), (69.54645, 15.804099, 1.3695947), (69.88586, 17.050148, 1.3695947), (70.17148, 17.949118, 1.3695947), (70.42886, 18.574152, 1.3695947), (70.59524, 19.049362, 1.3695947), (71.126045, 20.042559, 1.3695947), (71.68611, 21.006493, 1.3695947), (72.21882, 21.622158, 1.3695947), (73.15702, 22.583595, 1.3695947), (73.85117, 23.14616, 1.3695947), (74.74045, 23.623646, 1.3695947), (74.37842, 23.906523, 1.3695947), (74.73917, 24.118874, 1.3695947), (75.46183, 24.416319, 1.3695947), (75.302826, 26.194166, 1.3695947), (74.79933, 31.151638, 1.3695947), (74.73927, 31.505447, 1.3695947), (74.74707, 31.731533, 1.3695947), (74.31653, 31.93938, 1.3695947), (74.114395, 32.287373, 1.3695947), (72.61645, 33.814182, 1.3695947), (71.96361, 35.338184, 1.3695947), (71.806625, 36.07436, 1.3695947), (71.73431, 36.862186, 1.3695947), (71.71198, 38.386192, 1.3695947), (71.80401, 39.910194, 1.3695947), (72.0986, 42.9582, 1.3695947), (72.393196, 46.006207, 1.3695947), (72.73748, 49.924065, 1.3695947), (73.081764, 53.841923, 1.3695947), (73.4542, 54.032593, 1.3695947), (74.118454, 54.2611, 1.3695947), (79.139114, 55.09059, 1.3695947), (84.159775, 55.920082, 1.3695947), (84.87808, 51.033634, 1.3695947), (85.59639, 46.147186, 1.3695947), (86.3147, 41.260742, 1.3695947), (87.033005, 36.374294, 1.3695947), (87.18755, 36.079647, 1.3695947), (87.3007, 36.10687, 1.3695947), (88.06044, 36.125916, 1.3695947), (88.188095, 36.206047, 1.3695947), (88.26106, 36.53825, 1.3695947), (89.057884, 41.942413, 1.3695947), (89.85471, 47.346577, 1.3695947), (90.651535, 52.75074, 1.3695947), (91.448364, 58.154903, 1.3695947), (91.68518, 58.50647, 1.3695947), (92.0928, 58.637566, 1.3695947), (97.78537, 59.09915, 1.3695947), (103.47795, 59.56074, 1.3695947), (109.170525, 60.022327, 1.3695947), (110.69453, 59.9444, 1.3695947), (111.03798, 59.722233, 1.3695947), (112.198975, 58.19823, 1.3695947), (112.822914, 53.978584, 1.3695947), (113.44685, 49.758938, 1.3695947), (114.07079, 45.53929, 1.3695947), (114.9852, 45.40866, 1.3695947), (115.60733, 49.650654, 1.3695947), (116.22947, 53.892647, 1.3695947), (116.8516, 58.13464, 1.3695947), (116.77504, 59.079605, 1.3695947), (116.58539, 59.97106, 1.3695947), (116.32704, 60.70042, 1.3695947), (116.18603, 60.98721, 1.3695947), (64.88982, -39.921032, -0.15440834), (67.5873, -41.167217, -0.15440834), (68.25944, -37.966587, -0.15440834), (68.931564, -34.765957, -0.15440834), (69.5415, -31.717949, -0.15440834), (69.7405, -30.193947, -0.15440834), (69.91783, -27.14594, -0.15440834), (70.09516, -24.097935, -0.15440834), (70.22635, -22.57393, -0.15440834), (70.44751, -21.049929, -0.15440834), (71.396164, -15.824774, -0.15440834), (72.34482, -10.59962, -0.15440834), (73.29347, -5.3744655, -0.15440834), (74.24213, -0.14931454, -0.15440834), (75.19078, 5.0758395, -0.15440834), (76.139435, 10.300994, -0.15440834), (77.08809, 15.526145, -0.15440834), (77.467094, 17.012905, -0.15440834), (77.50076, 17.21671, -0.15440834), (77.85054, 18.04352, -0.15440834), (78.619286, 18.372583, -0.15440834), (78.69047, 18.277138, -0.15440834), (78.94825, 18.316362, -0.15440834), (79.64683, 18.574152, -0.15440834), (81.73847, 19.079386, -0.15440834), (83.14393, 18.692698, -0.15440834), (83.262474, 18.694828, -0.15440834), (83.3464, 18.574152, -0.15440834), (83.473045, 17.050148, -0.15440834), (84.21591, 11.996353, -0.15440834), (84.95878, 6.9425573, -0.15440834), (85.701645, 1.8887621, -0.15440834), (86.44451, -3.165033, -0.15440834), (87.187386, -8.218828, -0.15440834), (88.10178, -8.0882, -0.15440834), (88.86988, -2.8630457, -0.15440834), (89.63798, 2.3621085, -0.15440834), (90.406075, 7.5872593, -0.15440834), (91.17417, 12.812413, -0.15440834), (91.94227, 18.037567, -0.15440834), (96.51428, 20.558704, -0.15440834), (101.08629, 23.079842, -0.15440834), (105.6583, 25.600975, -0.15440834), (110.23031, 28.122112, -0.15440834), (110.998405, 22.896961, -0.15440834), (111.7665, 17.671806, -0.15440834), (112.5346, 12.446653, -0.15440834), (113.3027, 7.221499, -0.15440834), (114.07079, 1.9963477, -0.15440834), (114.9852, 1.8657192, -0.15440834), (115.73712, 6.9808555, -0.15440834), (116.489044, 12.095989, -0.15440834), (117.240974, 17.211126, -0.15440834), (117.9929, 22.326262, -0.15440834), (118.74482, 27.441399, -0.15440834), (28.82386, 176.06943, 7.4656067), (29.85984, 174.44482, 7.4656067), (31.293058, 173.87988, 7.4656067), (31.612833, 173.47023, 7.4656067), (32.255474, 172.83827, 7.4656067), (33.708527, 172.9758, 7.4656067), (34.046402, 173.08615, 7.4656067), (34.988255, 172.55965, 7.4656067), (36.44446, 171.31825, 7.4656067), (36.62872, 171.23877, 7.4656067), (38.280403, 167.99065, 7.4656067), (38.90756, 166.78789, 7.4656067), (37.50227, 165.12424, 7.4656067), (37.300064, 164.8843, 7.4656067), (39.519497, 159.6923, 7.4656067), (40.990807, 156.29752, 7.4656067), (40.39403, 156.56238, 7.4656067), (38.916397, 156.42213, 7.4656067), (38.824905, 155.93323, 7.4656067), (34.813766, 159.26208, 7.4656067), (34.631947, 159.40042, 7.4656067), (31.891973, 161.62857, 7.4656067), (29.151999, 163.85674, 7.4656067), (26.78552, 166.53604, 7.4656067), (25.360855, 167.8755, 7.4656067), (25.16937, 167.70349, 7.4656067), (25.123747, 167.70888, 7.4656067), (22.548817, 167.27573, 7.4656067), (22.07574, 167.34389, 7.4656067), (19.664314, 167.11223, 7.4656067), (19.027735, 167.14386, 7.4656067), (16.696852, 167.03168, 7.4656067), (15.97973, 167.03137, 7.4656067), (15.249409, 167.03119, 7.4656067), (15.189547, 167.02898, 7.4656067), (59.14338, 89.431915, 3.5031989), (57.218674, 89.933784, 3.5031989), (53.71876, 90.703926, 3.5031989), (5.133659, 136.44669, 4.7224016), (4.8713446, 136.45972, 4.7224016), (3.7877052, 135.88043, 4.7224016), (3.0096314, 134.99881, 4.7224016), (2.0283747, 134.22073, 4.7224016), (1.2131764, 133.77501, 4.7224016), (0.73969907, 133.32762, 4.7224016), (-0.7515379, 132.11668, 4.7224016), (-2.200051, 131.06448, 4.7224016), (-2.308307, 131.01366, 4.7224016), (-2.534027, 130.82877, 4.7224016), (8.123189, 148.40211, 5.3320026), (7.784665, 147.51836, 5.3320026), (6.8357115, 147.78508, 5.3320026), (5.797539, 146.41277, 5.3320026), (4.278004, 145.8229, 5.3320026), (4.217675, 145.74246, 5.3320026), (3.7877052, 144.86372, 5.3320026), (0.7713099, 140.40132, 5.3320026), (0.7705601, 140.40024, 5.3320026), (-19.157576, 112.807014, 3.5031989), (-19.498093, 112.707825, 3.5031989), (-21.37785, 111.04611, 3.5031989), (-22.728403, 109.921394, 3.5031989), (-13.511016, 112.629295, 3.5031989), (-13.745983, 112.54553, 3.5031989), (-14.273722, 112.46198, 3.5031989), (-15.028801, 112.29342, 3.5031989), (-16.567888, 112.3085, 3.5031989), (-17.321728, 112.42349, 3.5031989), (-18.075583, 112.794, 3.5031989), (-18.87612, 112.88901, 3.5031989), (-18.914652, 112.877785, 3.5031989), (42.576168, -63.35476, -1.3736107), (44.62945, -65.24602, -1.3736107), (46.226482, -66.77002, -1.3736107), (46.747955, -67.45854, -1.3736107), (64.88982, 15.143172, 1.6743953), (64.974434, 15.112, 1.6743953), (67.5873, 13.595672, 1.6743953), (68.23742, 17.050148, 1.6743953), (68.49398, 18.102615, 1.6743953), (69.010414, 19.562126, 1.6743953), (68.90519, 20.591328, 1.6743953), (69.04817, 20.84643, 1.6743953), (69.43605, 21.315271, 1.6743953), (69.95537, 22.589987, 1.6743953), (70.75273, 23.150513, 1.6743953), (-52.204376, 56.759823, 1.979196), (-52.165157, 57.130295, 1.979196), (-52.03326, 57.339237, 1.979196), (64.88982, 46.376183, 2.2839966), (67.5873, 43.591465, 2.2839966), (67.90861, 47.08484, 2.2839966), (68.22991, 50.578217, 2.2839966), (68.57856, 54.642223, 2.2839966), (68.92721, 58.706234, 2.2839966), (69.275856, 62.77024, 2.2839966), (69.49434, 64.29424, 2.2839966), (69.93375, 65.818245, 2.2839966), (70.36753, 67.0985, 2.2839966), (71.07271, 68.863266, 2.2839966), (71.54418, 69.91454, 2.2839966), (72.05945, 70.95863, 2.2839966), (72.39384, 71.57339, 2.2839966), (64.88982, 63.70547, 2.588797), (64.974434, 63.570732, 2.588797), (65.94727, 62.77024, 2.588797), (67.5873, 60.857548, 2.588797), (67.80094, 63.349106, 2.588797), (67.968895, 64.36412, 2.588797), (68.302795, 65.537895, 2.588797), (68.66824, 66.69645, 2.588797), (69.04138, 67.75784, 2.588797), (69.54645, 69.02442, 2.588797), (70.147415, 70.39025, 2.588797), (71.07045, 72.20362, 2.588797), (71.77235, 73.43826, 2.588797), (72.72004, 74.927505, 2.588797), (73.53569, 76.08734, 2.588797), (74.54715, 77.38322, 2.588797), (75.92887, 78.95344, 2.588797), (68.68023, 102.19905, 4.1128), (67.79583, 103.5142, 4.1128), (67.57942, 103.74068, 4.1128), (66.58327, 105.57612, 4.1128), (65.79269, 106.77139, 4.1128), (65.6266, 106.87605, 4.1128), (-10.792801, 131.89774, 4.7224016), (-12.008501, 129.82637, 4.7224016), (-12.863211, 128.30237, 4.7224016), (-14.273722, 125.6689, 4.7224016), (-16.509367, 121.394, 4.7224016), (-17.185762, 120.27608, 4.7224016), (-17.719206, 119.55583, 4.7224016), (-17.955576, 119.158356, 4.7224016), (-19.798101, 116.901794, 4.7224016), (-20.887985, 116.26041, 4.7224016), (-9.544365, 136.87595, 5.027202), (-10.095249, 136.31592, 5.027202), (-11.225716, 134.7569, 5.027202), (-13.606931, 130.68358, 5.027202), (-15.797725, 126.81424, 5.027202), (-16.276276, 125.89214, 5.027202), (-17.183802, 123.73036, 5.027202), (-17.7569, 122.77365, 5.027202), (-17.873169, 122.68908, 5.027202), (-18.57989, 121.55879, 5.027202), (-7.6433935, 141.76045, 5.3320026), (-8.17771, 141.44478, 5.3320026), (-9.701713, 140.10455, 5.3320026), (-10.326574, 139.41914, 5.3320026), (-11.225716, 138.32407, 5.3320026), (-11.552559, 137.84177, 5.3320026), (-13.23537, 134.99846, 5.3320026), (-5.7894106, 146.42259, 5.636803), (-7.328946, 145.74164, 5.636803), (-8.17771, 145.46204, 5.636803), (-8.520332, 145.04323, 5.636803), (-8.866071, 144.46443, 5.636803), (-9.645952, 143.72588, 5.636803), (-9.856017, 143.49638, 5.636803), (-2.1102567, 155.67442, 6.2464046), (-2.1399353, 155.6762, 6.2464046), (-2.3857265, 155.73442, 6.2464046), (-3.6057, 156.17294, 6.2464046), (-4.1753116, 156.75189, 6.2464046), (-4.367909, 157.29713, 6.2464046), (7.275575, 156.73132, 6.551205), (9.883718, 157.94798, 6.551205), (10.441429, 158.04707, 6.551205), (12.944662, 158.59184, 6.551205), (15.791049, 158.79347, 6.551205), (18.884117, 158.74841, 6.551205), (22.264624, 158.41591, 6.551205), (25.123747, 157.88937, 6.551205), (26.128534, 157.59999, 6.551205), (28.171755, 156.95683, 6.551205), (31.21976, 155.60518, 6.551205), (33.75897, 152.30106, 6.551205), (34.402435, 150.43712, 6.551205), (66.71879, 35.559208, 1.979196), (67.48808, 35.06943, 1.979196), (68.07306, 34.835247, 1.979196), (68.47107, 36.514744, 1.979196), (68.53737, 37.162827, 1.979196), (68.61673, 38.386192, 1.979196), (69.11997, 43.7202, 1.979196), (69.62321, 49.05421, 1.979196), (70.054955, 54.02811, 1.979196), (70.4867, 59.002007, 1.979196), (70.91846, 63.975903, 1.979196), (71.22936, 65.05399, 1.979196), (27.87846, 150.45874, 5.636803), (23.100716, 150.94637, 5.636803), (22.301176, 151.0494, 5.636803), (21.214006, 151.14555, 5.636803), (17.342758, 151.40628, 5.636803), (15.990461, 151.44934, 5.636803), (14.551013, 151.46312, 5.636803), (11.492461, 151.84651, 5.636803), (9.448779, 151.84404, 5.636803), (7.774875, 151.44087, 5.636803), (6.8357115, 150.45297, 5.636803), (3.9634166, 147.00824, 5.636803), (2.4870143, 144.71655, 5.636803), (4.219257, 142.52957, 5.027202), (3.7877052, 141.94432, 5.027202), (2.4756575, 138.5808, 5.027202), (0.73969907, 137.52988, 5.027202), (-0.29319403, 136.43596, 5.027202), (-1.2769074, 135.25156, 5.027202), (-11.952467, 122.28796, 4.1128), (-13.875844, 118.760475, 4.1128), (-14.503967, 117.8646, 4.1128), (-14.915543, 117.634346, 4.1128), (-15.4516325, 117.28825, 4.1128), (-16.598375, 116.911, 4.1128), (-17.321728, 116.74324, 4.1128), (-18.573002, 116.50108, 4.1128), (-12.521676, 117.43237, 3.8079996), (-13.126732, 116.48736, 3.8079996), (-13.698291, 116.110344, 3.8079996), (-14.273722, 115.68511, 3.8079996), (-15.01649, 115.32911, 3.8079996), (-16.211485, 115.00011, 3.8079996), (-17.321728, 114.83725, 3.8079996), (-18.836483, 114.670296, 3.8079996), (-19.822596, 114.52247, 3.8079996), (-23.28943, 106.26461, 3.1983984), (-24.941742, 104.89379, 3.1983984), (-26.797304, 103.47867, 3.1983984), (64.19795, 97.068275, 3.8079996), (60.99368, 98.4608, 3.8079996), (59.04907, 99.23264, 3.8079996), (51.878555, 81.740395, 3.1983984), (51.68307, 81.86427, 3.1983984), (49.507797, 82.76355, 3.1983984), (47.58043, 82.99565, 3.1983984), (47.28602, 83.08024, 3.1983984), (22.598734, -83.88122, -1.983212), (23.826355, -84.239456, -1.983212), (25.07688, -85.05806, -1.983212), (27.36844, -87.10869, -1.983212), (-41.244774, -67.45466, -2.2880125), (-39.620148, -68.29402, -2.2880125), (-38.65777, -69.08863, -2.2880125), (-38.00671, -69.81802, -2.2880125), (-37.075573, -71.342026, -2.2880125), (-36.360355, -72.866035, -2.2880125), (-36.096584, -73.90321, -2.2880125), (-35.90986, -74.39004, -2.2880125), (-35.805756, -75.13156, -2.2880125), (-88.52462, -53.74556, -2.2880125), (-84.03594, -55.82905, -2.2880125), (-83.126755, -56.199585, -2.2880125), (-88.58754, -53.71636, -2.2880125), (-88.52462, -53.74556, -2.2880125), (-24.810501, -67.60298, -1.983212), (-24.331724, -67.849724, -1.983212), (-23.644808, -68.27114, -1.983212), (-20.439701, -69.91446, -1.983212), (-20.36267, -69.94995, -1.983212), (-115.41072, -32.315056, -1.983212), (-114.23292, -33.315998, -1.983212), (25.34194, -63.33672, -1.3736107), (25.434055, -63.379143, -1.3736107), (26.874361, -63.601063, -1.3736107), (28.378147, -63.682804, -1.3736107), (29.592371, -63.451912, -1.3736107), (66.81118, 108.198746, 4.1128), (67.33278, 107.81802, 4.1128), (67.65292, 109.007706, 4.1128), (64.88982, -54.498505, -0.76400954), (67.5873, -55.681534, -0.76400954), (68.74147, -50.169254, -0.76400954), (69.895645, -44.656975, -0.76400954), (71.04981, -39.1447, -0.76400954), (72.20398, -33.63242, -0.76400954), (72.551865, -31.67536, -0.76400954), (72.724304, -30.323801, -0.76400954), (72.95277, -27.504251, -0.76400954), (73.1243, -24.627775, -0.76400954), (73.24081, -23.220282, -0.76400954), (73.39947, -21.854946, -0.76400954), (73.592606, -20.52408, -0.76400954), (74.48392, -15.603586, -0.76400954), (75.37522, -10.683092, -0.76400954), (76.26653, -5.762599, -0.76400954), (77.15784, -0.84210193, -0.76400954), (78.04915, 4.078392, -0.76400954), (80.76195, 5.83465, -0.76400954), (82.409935, 6.8636446, -0.76400954), (83.20618, 1.447036, -0.76400954), (84.00242, -3.9695725, -0.76400954), (84.79866, -9.386181, -0.76400954), (85.5949, -14.80279, -0.76400954), (86.39114, -20.219398, -0.76400954), (87.187386, -25.636007, -0.76400954), (88.10178, -25.505375, -0.76400954), (88.86988, -20.280224, -0.76400954), (89.63798, -15.05507, -0.76400954), (90.406075, -9.829916, -0.76400954), (91.17417, -4.604765, -0.76400954), (91.94227, 0.6203893, -0.76400954), (96.51428, 3.1415262, -0.76400954), (101.08629, 5.662663, -0.76400954), (105.6583, 8.1838, -0.76400954), (110.23031, 10.704937, -0.76400954), (110.998405, 5.4797826, -0.76400954), (111.7665, 0.25462857, -0.76400954), (112.5346, -4.9705257, -0.76400954), (113.3027, -10.195677, -0.76400954), (114.07079, -15.420831, -0.76400954), (114.9852, -15.551459, -0.76400954), (115.8, -10.008572, -0.76400954), (116.61481, -4.4656873, -0.76400954), (117.42961, 1.0772, -0.76400954), (118.244415, 6.6200843, -0.76400954), (119.05922, 12.162972, -0.76400954), (64.88982, -47.20977, -0.45920897), (67.5873, -48.424377, -0.45920897), (68.66328, -43.278496, -0.45920897), (69.73926, -38.132614, -0.45920897), (70.81523, -32.986736, -0.45920897), (71.0422, -31.689695, -0.45920897), (71.21744, -30.340933, -0.45920897), (71.43108, -27.506575, -0.45920897), (71.59534, -24.622826, -0.45920897), (71.769455, -22.57393, -0.45920897), (71.98032, -21.049929, -0.45920897), (73.01743, -15.323669, -0.45920897), (74.054535, -9.597411, -0.45920897), (75.091644, -3.8711524, -0.45920897), (76.128746, 1.855103, -0.45920897), (77.165855, 7.581362, -0.45920897), (78.20296, 13.30762, -0.45920897), (82.23895, 16.735365, -0.45920897), (83.06369, 11.124901, -0.45920897), (83.88843, 5.5144386, -0.45920897), (84.71317, -0.09602624, -0.45920897), (85.5379, -5.706488, -0.45920897), (86.36264, -11.316953, -0.45920897), (87.187386, -16.927418, -0.45920897), (88.10178, -16.79679, -0.45920897), (88.86988, -11.571635, -0.45920897), (89.63798, -6.346481, -0.45920897), (90.406075, -1.1213267, -0.45920897), (91.17417, 4.1038246, -0.45920897), (91.94227, 9.328979, -0.45920897), (96.51428, 11.850116, -0.45920897), (101.08629, 14.371252, -0.45920897), (105.6583, 16.89239, -0.45920897), (110.23031, 19.413523, -0.45920897), (110.998405, 14.188372, -0.45920897), (111.7665, 8.963218, -0.45920897), (112.5346, 3.7380636, -0.45920897), (113.3027, -1.4870875, -0.45920897), (114.07079, -6.7122416, -0.45920897), (114.9852, -6.84287, -0.45920897), (115.76857, -1.5138185, -0.45920897), (116.55194, 3.815233, -0.45920897), (117.33531, 9.144284, -0.45920897), (118.118675, 14.473336, -0.45920897), (118.902054, 19.802391, -0.45920897), (71.01095, 32.61006, 1.6743953), (70.40183, 33.185905, 1.6743953), (70.12294, 33.550365, 1.6743953), (69.75644, 34.295856, 1.6743953), (70.182205, 36.22643, 1.6743953), (70.122215, 36.862186, 1.6743953), (70.12318, 37.43892, 1.6743953), (70.34936, 40.631283, 1.6743953), (70.88638, 46.19027, 1.6743953), (71.27677, 50.683704, 1.6743953), (71.66715, 55.177135, 1.6743953), (72.05753, 59.670567, 1.6743953), (76.46129, 60.42741, 1.6743953), (80.33046, 61.13024, 1.6743953), (84.19964, 61.833076, 1.6743953), (86.46145, 62.200447, 1.6743953), (86.074936, 61.5944, 1.6743953), (85.7276, 60.891712, 1.6743953), (85.51, 60.362656, 1.6743953), (85.36736, 59.90568, 1.6743953), (85.20162, 58.991055, 1.6743953), (85.14413, 58.19823, 1.6743953), (85.32908, 56.67423, 1.6743953), (85.94852, 52.460384, 1.6743953), (86.56795, 48.246544, 1.6743953), (87.187386, 44.032703, 1.6743953), (88.10178, 44.163334, 1.6743953), (88.79446, 48.841633, 1.6743953), (89.48714, 53.51993, 1.6743953), (90.17981, 58.19823, 1.6743953), (90.3679, 58.712826, 1.6743953), (90.88249, 59.25357, 1.6743953), (91.03876, 59.485554, 1.6743953), (91.77467, 59.722233, 1.6743953), (92.222435, 59.906292, 1.6743953), (92.406494, 59.941715, 1.6743953), (98.026474, 60.398014, 1.6743953), (103.646454, 60.854313, 1.6743953), (109.26643, 61.31061, 1.6743953), (110.73332, 61.292572, 1.6743953), (112.21853, 60.550858, 1.6743953), (112.53915, 60.31038, 1.6743953), (112.842865, 59.9411, 1.6743953), (113.04485, 59.50773, 1.6743953), (113.368744, 58.949867, 1.6743953), (114.07079, 54.24788, 1.6743953), (114.9852, 54.117252, 1.6743953), (115.56634, 58.186203, 1.6743953), (115.55186, 58.364933, 1.6743953), (115.28169, 59.762978, 1.6743953), (114.98077, 60.55129, 1.6743953), (114.45345, 61.389732, 1.6743953), (113.78346, 62.096283, 1.6743953), (113.55223, 62.301403, 1.6743953), (112.743835, 62.827457, 1.6743953), (112.14129, 63.086857, 1.6743953), (111.39928, 63.33043, 1.6743953), (110.586586, 63.439686, 1.6743953), (107.064156, 63.722862, 1.6743953), (103.541725, 64.00604, 1.6743953), (64.88982, -32.632298, 0.15039226), (67.5873, -33.91006, 0.15039226), (68.04683, -31.717949, 0.15039226), (68.24892, -30.193947, 0.15039226), (68.4059, -27.14594, 0.15039226), (68.56289, -24.097935, 0.15039226), (68.66785, -22.57393, 0.15039226), (69.54645, -17.54332, 0.15039226), (70.514206, -12.237506, 0.15039226), (71.48198, -6.931692, 0.15039226), (72.449745, -1.6258785, 0.15039226), (73.4175, 3.6799383, 0.15039226), (74.38527, 8.985752, 0.15039226), (75.353035, 14.291565, 0.15039226), (75.62891, 15.5397, 0.15039226), (75.997444, 16.695162, 0.15039226), (76.08884, 17.050148, 0.15039226), (76.41607, 17.800539, 0.15039226), (76.8412, 18.574152, 0.15039226), (76.97194, 18.768675, 0.15039226), (77.894005, 19.370617, 0.15039226), (78.69047, 19.690792, 0.15039226), (79.02241, 19.766209, 0.15039226), (80.158966, 20.153652, 0.15039226), (81.35865, 20.477978, 0.15039226), (81.73847, 20.613249, 0.15039226), (82.7338, 20.626825, 0.15039226), (83.262474, 20.770935, 0.15039226), (84.68012, 20.204506, 0.15039226), (84.786476, 20.217133, 0.15039226), (84.836296, 20.098154, 0.15039226), (84.75442, 17.050148, 0.15039226), (85.56541, 11.53002, 0.15039226), (86.376396, 6.009892, 0.15039226), (87.187386, 0.4897609, 0.15039226), (88.10178, 0.6203893, 0.15039226), (88.906845, 6.0969768, 0.15039226), (89.7119, 11.573564, 0.15039226), (90.51696, 17.050148, 0.15039226), (90.52003, 17.412611, 0.15039226), (90.66525, 18.574152, 0.15039226), (90.62156, 18.835081, 0.15039226), (90.69121, 20.098154, 0.15039226), (90.66035, 20.320293, 0.15039226), (90.75068, 21.622158, 0.15039226), (90.72757, 21.777075, 0.15039226), (90.859535, 23.14616, 0.15039226), (91.06254, 23.983852, 0.15039226), (90.90911, 24.416319, 0.15039226), (91.48866, 25.829588, 0.15039226), (91.94227, 26.746157, 0.15039226), (96.51428, 29.267294, 0.15039226), (101.08629, 31.788427, 0.15039226), (105.6583, 34.309566, 0.15039226), (110.23031, 36.8307, 0.15039226), (110.998405, 31.605547, 0.15039226), (111.7665, 26.380396, 0.15039226), (112.5346, 21.155243, 0.15039226), (113.3027, 15.930088, 0.15039226), (114.07079, 10.704937, 0.15039226), (114.9852, 10.574306, 0.15039226), (115.82935, 16.316847, 0.15039226), (116.6735, 22.059385, 0.15039226), (117.517654, 27.801926, 0.15039226), (118.36181, 33.544464, 0.15039226), (64.88982, -18.453085, 0.45519286), (67.5873, -19.936903, 0.45519286), (68.586136, -14.444701, 0.45519286), (69.58497, -8.952501, 0.45519286), (70.5838, -3.4602995, 0.45519286), (71.582634, 2.0318997, 0.45519286), (72.58147, 7.524099, 0.45519286), (73.5803, 13.016301, 0.45519286), (73.83131, 14.2892885, 0.45519286), (74.131836, 15.512761, 0.45519286), (74.634056, 17.050148, 0.45519286), (74.938034, 17.75458, 0.45519286), (75.4441, 18.772514, 0.45519286), (76.071594, 19.669022, 0.45519286), (76.93939, 20.325224, 0.45519286), (77.97776, 20.81086, 0.45519286), (80.09487, 21.622158, 0.45519286), (81.31547, 22.045156, 0.45519286), (81.73847, 22.2197, 0.45519286), (82.49845, 22.386185, 0.45519286), (83.262474, 22.71328, 0.45519286), (83.67085, 22.737782, 0.45519286), (87.04808, 24.422808, 0.45519286), (87.59234, 26.194166, 0.45519286), (88.03333, 27.51932, 0.45519286), (88.43682, 28.639837, 0.45519286), (88.87359, 29.727074, 0.45519286), (89.79743, 31.731533, 0.45519286), (90.54461, 32.033726, 0.45519286), (90.751915, 32.29018, 0.45519286), (90.834274, 32.33839, 0.45519286), (90.88249, 32.419525, 0.45519286), (91.37171, 32.85277, 0.45519286), (91.94227, 35.454746, 0.45519286), (96.51428, 37.97588, 0.45519286), (101.08629, 40.497017, 0.45519286), (105.6583, 43.018154, 0.45519286), (110.23031, 45.53929, 0.45519286), (110.998405, 40.314137, 0.45519286), (111.7665, 35.088985, 0.45519286), (112.5346, 29.86383, 0.45519286), (113.3027, 24.638678, 0.45519286), (114.07079, 19.413523, 0.45519286), (114.9852, 19.282894, 0.45519286), (115.73071, 24.354427, 0.45519286), (116.47623, 29.425955, 0.45519286), (117.22174, 34.497486, 0.45519286), (117.967255, 39.56902, 0.45519286), (64.88982, -10.069943, 0.7599935), (67.5873, -11.553759, 0.7599935), (68.51754, -6.4425783, 0.7599935), (69.44778, -1.3313984, 0.7599935), (70.378006, 3.7797818, 0.7599935), (71.30824, 8.890962, 0.7599935), (72.23848, 14.002142, 0.7599935), (72.60323, 15.526145, 0.7599935), (73.10402, 17.050148, 0.7599935), (73.40112, 17.76748, 0.7599935), (73.89769, 18.794914, 0.7599935), (74.118454, 19.131924, 0.7599935), (74.470535, 19.746077, 0.7599935), (75.14333, 20.597277, 0.7599935), (75.9745, 21.290117, 0.7599935), (76.94852, 21.840101, 0.7599935), (79.08886, 22.747768, 0.7599935), (83.18546, 24.416319, 0.7599935), (83.697784, 27.28286, 0.7599935), (83.96074, 28.543907, 0.7599935), (84.140434, 29.242172, 0.7599935), (84.24848, 29.78017, 0.7599935), (84.51745, 30.766176, 0.7599935), (84.74792, 31.39343, 0.7599935), (84.78064, 31.731533, 0.7599935), (84.1864, 32.0394, 0.7599935), (83.79517, 32.29018, 0.7599935), (83.262474, 32.579308, 0.7599935), (82.74972, 32.802933, 0.7599935), (81.73847, 33.313953, 0.7599935), (80.21447, 33.964066, 0.7599935), (78.69047, 34.479805, 0.7599935), (77.85177, 34.652874, 0.7599935), (77.16646, 34.86772, 0.7599935), (75.91447, 35.06618, 0.7599935), (75.642456, 35.14387, 0.7599935), (74.87258, 35.740154, 0.7599935), (74.67823, 36.650227, 0.7599935), (74.70541, 37.102787, 0.7599935), (74.68136, 38.01448, 0.7599935), (75.02259, 41.684425, 0.7599935), (80.21447, 42.366367, 0.7599935), (83.538376, 42.730083, 0.7599935), (84.424286, 36.738632, 0.7599935), (84.786476, 36.067078, 0.7599935), (85.1422, 35.338184, 0.7599935), (86.16009, 33.964573, 0.7599935), (86.220825, 33.814182, 0.7599935), (86.31048, 33.71101, 0.7599935), (86.361786, 33.69291, 0.7599935), (87.19076, 32.5739, 0.7599935), (87.83448, 32.78025, 0.7599935), (88.5624, 33.08627, 0.7599935), (89.41619, 33.75648, 0.7599935), (89.45048, 33.814182, 0.7599935), (90.17473, 34.521946, 0.7599935), (90.61006, 35.61061, 0.7599935), (90.870735, 36.873947, 0.7599935), (91.4065, 40.51864, 0.7599935), (91.94227, 44.163334, 0.7599935), (96.51428, 46.68447, 0.7599935), (101.08629, 49.20561, 0.7599935), (105.6583, 51.72674, 0.7599935), (110.23031, 54.24788, 0.7599935), (110.998405, 49.022728, 0.7599935), (111.7665, 43.797573, 0.7599935), (112.5346, 38.572422, 0.7599935), (113.3027, 33.347267, 0.7599935), (114.07079, 28.122112, 0.7599935), (114.9852, 27.991484, 0.7599935), (115.68288, 32.73762, 0.7599935), (116.38056, 37.483765, 0.7599935), (117.07825, 42.229904, 0.7599935), (117.775925, 46.976044, 0.7599935), (64.88982, -1.6867989, 1.0647941), (67.5873, -3.170614, 1.0647941), (68.64751, 2.6544793, 1.0647941), (69.70772, 8.479575, 1.0647941), (70.76792, 14.304668, 1.0647941), (71.04873, 15.547865, 1.0647941), (71.40195, 16.71865, 1.0647941), (71.8102, 17.834396, 1.0647941), (72.285484, 18.883125, 1.0647941), (72.59445, 19.388227, 1.0647941), (72.8402, 19.852402, 1.0647941), (73.45582, 20.760788, 1.0647941), (74.18966, 21.550955, 1.0647941), (74.9937, 22.27092, 1.0647941), (75.90721, 22.881407, 1.0647941), (76.467926, 23.14616, 1.0647941), (76.7104, 23.305494, 1.0647941), (77.48219, 23.66541, 1.0647941), (79.32365, 24.416319, 1.0647941), (79.35814, 25.526491, 1.0647941), (79.41066, 26.194166, 1.0647941), (79.432495, 26.976141, 1.0647941), (79.49404, 27.71817, 1.0647941), (79.51467, 28.41797, 1.0647941), (79.586945, 29.242172, 1.0647941), (79.60593, 29.85071, 1.0647941), (79.69108, 30.766176, 1.0647941), (79.677925, 30.843674, 1.0647941), (79.76386, 31.731533, 1.0647941), (78.86587, 32.177456, 1.0647941), (75.642456, 33.52201, 1.0647941), (75.16343, 33.814182, 1.0647941), (74.118454, 34.582428, 1.0647941), (73.63235, 35.338184, 1.0647941), (73.5142, 35.942444, 1.0647941), (73.27213, 36.862186, 1.0647941), (73.22346, 38.386192, 1.0647941), (73.32717, 39.910194, 1.0647941), (73.732506, 44.147465, 1.0647941), (74.13784, 48.38473, 1.0647941), (75.188416, 48.52992, 1.0647941), (76.08944, 48.60724, 1.0647941), (78.783325, 48.961353, 1.0647941), (83.79336, 49.70414, 1.0647941), (84.42351, 45.423492, 1.0647941), (85.05366, 41.142838, 1.0647941), (85.68381, 36.862186, 1.0647941), (86.388756, 35.421364, 1.0647941), (87.189156, 34.326775, 1.0647941), (87.65749, 34.4859, 1.0647941), (87.83448, 34.516495, 1.0647941), (88.34857, 34.824093, 1.0647941), (88.816505, 35.338184, 1.0647941), (89.110016, 35.522427, 1.0647941), (89.35848, 36.25204, 1.0647941), (89.549355, 36.67132, 1.0647941), (90.34699, 42.07152, 1.0647941), (91.14463, 47.471725, 1.0647941), (91.94227, 52.87192, 1.0647941), (96.69825, 55.494507, 1.0647941), (101.45422, 58.117085, 1.0647941), (105.619415, 58.454613, 1.0647941), (109.78461, 58.79214, 1.0647941), (110.415695, 58.758106, 1.0647941), (110.90712, 58.19823, 1.0647941), (111.69804, 52.85635, 1.0647941), (112.48896, 47.514465, 1.0647941), (113.27988, 42.172585, 1.0647941), (114.07079, 36.8307, 1.0647941), (114.9852, 36.700073, 1.0647941), (115.832, 42.46066, 1.0647941), (116.67881, 48.221245, 1.0647941), (117.52562, 53.98183, 1.0647941), (64.88982, -61.85372, -1.0688102), (65.44675, -62.19801, -1.0688102), (67.5873, -64.47194, -1.0688102), (67.86759, -61.881596, -1.0688102), (68.057846, -60.70941, -1.0688102), (69.17925, -55.36655, -1.0688102), (70.30065, -50.02369, -1.0688102), (71.42206, -44.68083, -1.0688102), (72.54346, -39.337963, -1.0688102), (73.19721, -36.156216, -1.0688102), (73.85097, -32.974464, -1.0688102), (74.070335, -31.66983, -1.0688102), (74.24058, -30.31607, -1.0688102), (74.37407, -28.925558, -1.0688102), (74.76295, -23.218424, -1.0688102), (74.917854, -21.849325, -1.0688102), (75.11027, -20.517736, -1.0688102), (76.08132, -15.160562, -1.0688102), (77.052376, -9.803386, -1.0688102), (78.02343, -4.4462137, -1.0688102), (82.379974, -1.641152, -1.0688102), (83.18121, -7.0917244, -1.0688102), (83.982445, -12.5423, -1.0688102), (84.783676, -17.992872, -1.0688102), (85.584915, -23.443449, -1.0688102), (86.38615, -28.89402, -1.0688102), (87.187386, -34.344593, -1.0688102), (88.10178, -34.213966, -1.0688102), (88.86988, -28.988813, -1.0688102), (89.63798, -23.763659, -1.0688102), (90.406075, -18.538506, -1.0688102), (91.17417, -13.313351, -1.0688102), (91.94227, -8.0882, -1.0688102), (96.51428, -5.567063, -1.0688102), (101.08629, -3.045926, -1.0688102), (105.6583, -0.5247893, -1.0688102), (110.23031, 1.9963477, -1.0688102), (110.998405, -3.2288065, -1.0688102), (111.7665, -8.45396, -1.0688102), (112.5346, -13.6791115, -1.0688102), (113.3027, -18.904266, -1.0688102), (114.07079, -24.12942, -1.0688102), (114.9852, -24.260048, -1.0688102), (115.83318, -18.491463, -1.0688102), (116.68116, -12.722877, -1.0688102), (117.529144, -6.954287, -1.0688102), (118.37713, -1.1857007, -1.0688102), (119.225105, 4.5828857, -1.0688102), (18.835733, 169.85359, 7.7704077), (19.41993, 169.87596, 7.7704077), (47.851936, 139.82901, 5.3320026), (47.58651, 139.87422, 5.3320026), (47.45323, 139.92072, 5.3320026), (34.53251, 149.8555, 5.636803), (33.721794, 150.18683, 5.636803), (33.334496, 150.24423, 5.636803), (19.420038, 169.87598, 7.7704077), (20.352207, 169.94614, 7.7704077), (21.122566, 170.83472, 7.7704077), (21.12828, 171.084, 7.7704077), (21.982702, 172.2907, 7.7704077), (-1.2671539, 124.352295, 4.1128), (-1.7062192, 123.87486, 4.1128), (-2.308307, 122.884026, 4.1128), (-2.9317615, 122.554665, 4.1128), (-3.6273744, 121.83634, 4.1128), (70.75282, 23.150578, 1.6743953), (71.2161, 23.589325, 1.6743953), (71.28043, 23.615194, 1.6743953), (75.2123, 98.48206, 4.189), (74.95718, 98.27433, 4.18961), (74.650345, 98.15561, 4.1902194), (74.32184, 98.13751, 4.1908293), (74.00382, 98.22182, 4.1914387), (73.72742, 98.40027, 4.1920485), (73.51969, 98.655396, 4.192658), (73.40097, 98.96223, 4.1932673), (73.38287, 99.290726, 4.193877), (73.46717, 99.60875, 4.1944866), (73.64562, 99.88515, 4.1950965), (74.73294, 101.09924, 4.2652006), (77.44422, 104.12664, 4.31563), (80.155495, 107.154045, 4.366059), (81.77946, 108.96735, 4.3962646), (82.03457, 109.17508, 4.3849874), (82.3414, 109.293816, 4.3737097), (82.66991, 109.31192, 4.362432), (82.98792, 109.22763, 4.3511543), (83.264336, 109.04919, 4.3398767), (83.47207, 108.79407, 4.328599), (83.590805, 108.48724, 4.3173213), (83.60891, 108.15874, 4.3060436), (83.52462, 107.84072, 4.294766), (83.34618, 107.56431, 4.2834888), (80.63487, 104.53687, 4.276201), (77.923584, 101.50947, 4.268913), (76.54204, 99.966835, 4.2652006), (75.2123, 98.48206, 4.189), (75.223656, 98.47189, 4.0366), (74.96483, 98.261154, 4.0372095), (74.65355, 98.14071, 4.0378194), (74.32028, 98.12235, 4.038429), (73.99766, 98.20787, 4.0390387), (73.717255, 98.38891, 4.039648), (73.506516, 98.64773, 4.0402575), (73.38607, 98.959015, 4.0408673), (73.36771, 99.292274, 4.0414767), (73.45323, 99.6149, 4.0420866), (73.63426, 99.89531, 4.042696), (74.72159, 101.10941, 4.1128), (77.43287, 104.13681, 4.1632295), (80.14414, 107.16421, 4.213659), (81.7681, 108.97751, 4.2438645), (82.02692, 109.188255, 4.232587), (82.338196, 109.30871, 4.221309), (82.67146, 109.32708, 4.2100315), (82.99409, 109.24157, 4.198754), (83.2745, 109.06054, 4.187476), (83.485245, 108.80172, 4.1761985), (83.6057, 108.49045, 4.1649213), (83.62407, 108.15718, 4.1536436), (83.53856, 107.83455, 4.142366), (83.35753, 107.55414, 4.1310883), (80.64622, 104.52671, 4.1238003), (77.93494, 101.499306, 4.116513), (76.55339, 99.95667, 4.1128), (75.223656, 98.47189, 4.0366), (10.208589, 99.61063, 3.3995667), (10.429569, 99.551414, 3.3914378), (10.591339, 99.38965, 3.3833117), (10.65055, 99.16867, 3.3751826), (10.65055, 98.4891, 3.3507986), (10.65055, 95.983505, 3.2380223), (6.1090207, 95.983505, 3.1770623), (6.1090207, 99.16867, 3.3203187), (6.1682343, 99.38965, 3.3346686), (6.3300014, 99.551414, 3.3490186), (6.355315, 99.56496, 3.3507986), (6.5509815, 99.61063, 3.3629906), (10.208589, 99.61063, 3.3995667), (-33.240738, -66.01802, -2.01674), (-33.240738, -62.832855, -1.8826278), (-33.29995, -62.611874, -1.8744987), (-33.46172, -62.450108, -1.8663728), (-33.682697, -62.390896, -1.8582437), (-34.5971, -62.390896, -1.8859653), (-34.81808, -62.450108, -1.8929819), (-34.979847, -62.611874, -1.8999953), (-35.039062, -62.832855, -1.9070119), (-35.039062, -66.01802, -2.0380762), (-33.240738, -66.01802, -2.01674), (7.9073443, -87.04926, -2.2422924), (7.9073443, -83.8641, -2.1752365), (7.848134, -83.64312, -2.1630445), (7.686364, -83.48135, -2.1508524), (7.4653835, -83.422134, -2.1386602), (3.8077762, -83.422134, -2.1752365), (3.5867958, -83.48135, -2.1803174), (3.425029, -83.64312, -2.1853955), (3.3658154, -83.8641, -2.1904764), (3.3658154, -87.04926, -2.2575326), (7.9073443, -87.04926, -2.2422924), (7.9073443, -66.01802, -1.6540273), (3.3658154, -66.01802, -1.7088914), (3.3658154, -62.832855, -1.5839232), (3.425029, -62.611874, -1.5707161), (3.5867958, -62.450108, -1.5575061), (3.8077762, -62.390896, -1.5442991), (5.970401, -62.390896, -1.5260111), (7.4653835, -62.390896, -1.5138191), (7.686364, -62.450108, -1.5224814), (7.7623873, -62.505566, -1.5260111), (7.88624, -62.697918, -1.5355818), (7.9073443, -62.832855, -1.5412511), (7.9073443, -66.01802, -1.6540273), (-91.46197, -19.918106, -0.7030494), (-94.66282, -23.418814, -0.78117895), (-94.06683, -23.96461, -0.7944896), (-94.25567, -24.175028, -0.91640985), (-95.58074, -25.651533, -1.2212105), (-95.991516, -26.109253, -1.3156986), (-98.83866, -29.281782, -1.504675), (-98.97763, -29.385649, -1.504675), (-99.145874, -29.428019, -1.504675), (-99.31747, -29.40236, -1.504675), (-99.46596, -29.312634, -1.504675), (-100.259445, -28.578123, -1.504675), (-100.59034, -28.201443, -1.4719089), (-100.84198, -27.767794, -1.439143), (-101.00484, -27.293608, -1.4063768), (-101.07275, -26.796852, -1.3736107), (-101.04312, -26.296354, -1.3408448), (-100.91708, -25.811079, -1.3080786), (-100.699425, -25.359415, -1.2753125), (-100.398384, -24.958477, -1.2425466), (-100.12277, -24.65756, -1.2212105), (-97.5476, -21.84594, -1.030576), (-96.00542, -20.162151, -0.91640985), (-95.24804, -19.335236, -0.86154574), (-94.851616, -18.983204, -0.8348757), (-94.39151, -18.719797, -0.80820566), (-93.88722, -18.556181, -0.78153557), (-93.36012, -18.49928, -0.7548655), (-92.832535, -18.551514, -0.7281955), (-92.32682, -18.710667, -0.70152545), (-91.8644, -18.96999, -0.6748554), (-91.46488, -19.318502, -0.6481853), (-91.3603, -19.509098, -0.6664734), (-91.35924, -19.726501, -0.6847614), (-91.46197, -19.918106, -0.7030494), (-92.90628, -24.998812, -0.8005856), (-90.49728, -27.031424, -0.8217266), (-88.01625, -28.975475, -0.8428645), (-85.46647, -30.828417, -0.8640055), (-82.85126, -32.58782, -0.88514644), (-80.17406, -34.251377, -0.9062844), (-78.870926, -35.013523, -0.91640985), (-76.108505, -36.53137, -0.9425861), (-73.29293, -37.948193, -0.96875936), (-70.42791, -39.262142, -0.99493563), (-67.51719, -40.47149, -1.0211089), (-64.56459, -41.574654, -1.0472852), (-61.573986, -42.570183, -1.0734584), (-60.001926, -43.045826, -1.0870982), (-60.103436, -43.405006, -1.2212105), (-60.628654, -45.26338, -1.5260111), (-60.65683, -45.36308, -1.6174513), (-63.753235, -44.39757, -1.5921284), (-66.8126, -43.320442, -1.5668056), (-69.830894, -42.133095, -1.5414858), (-71.65335, -41.353966, -1.5260111), (-74.59717, -39.9924, -1.5009413), (-77.489685, -38.525005, -1.4758713), (-80.3271, -36.953697, -1.4508015), (-83.10568, -35.280552, -1.4257317), (-85.82177, -33.507763, -1.4006587), (-88.471794, -31.637665, -1.3755889), (-91.05228, -29.672712, -1.3505191), (-93.55982, -27.615498, -1.3254492), (-94.51468, -26.791025, -1.3156986), (-94.42188, -26.68762, -1.2212105), (-93.09541, -25.209557, -0.91640985), (-92.90628, -24.998812, -0.8005856), (-35.039062, -44.98678, -0.91031384), (-35.039062, -41.801613, -0.7701056), (-34.979847, -41.58063, -0.7701056), (-34.81808, -41.418865, -0.7701056), (-34.5971, -41.359653, -0.7701056), (-33.682697, -41.359653, -0.7243855), (-33.46172, -41.418865, -0.7335295), (-33.29995, -41.58063, -0.7426735), (-33.240738, -41.801613, -0.7518175), (-33.240738, -44.98678, -0.8920258), (-35.039062, -44.98678, -0.91031384), (30.79787, -46.541264, -0.483593), (30.79787, -41.813896, -0.39824882), (30.84942, -41.60675, -0.40142182), (30.99205, -41.44793, -0.40459782), (31.19248, -41.37448, -0.4077708), (31.731758, -41.37315, -0.41572306), (32.25949, -41.484146, -0.42367834), (32.75255, -41.702602, -0.43163058), (33.189304, -42.018936, -0.4395859), (33.550617, -42.419285, -0.44753814), (33.82064, -42.886097, -0.45549342), (33.987537, -43.3989, -0.4634457), (34.043995, -43.93522, -0.47140098), (34.043995, -47.21002, -0.6116093), (34.043995, -51.020035, -0.77196485), (34.043995, -51.555256, -0.7944896), (33.987537, -52.09157, -0.8236895), (33.82064, -52.604374, -0.85289246), (33.550617, -53.071182, -0.88209236), (33.189304, -53.47153, -0.9112953), (33.11775, -53.53345, -0.91640985), (32.669666, -53.83353, -0.93283254), (32.168922, -54.03372, -0.94925517), (31.637465, -54.12525, -0.96567786), (31.192484, -54.11597, -0.97922623), (30.99205, -54.042526, -0.98577946), (30.84942, -53.8837, -0.99233264), (30.79791, -53.68249, -0.99870604), (30.79787, -53.676556, -0.99858713), (30.79787, -49.536224, -0.91640985), (30.79787, -48.94919, -0.91336185), (30.096243, -48.94919, -0.91640985), (24.373611, -48.94919, -0.9722219), (18.65098, -48.94919, -1.028037), (12.9283495, -48.94919, -1.0838491), (7.9073443, -48.94919, -1.1328183), (7.9073443, -52.30122, -1.2212105), (7.9073443, -53.688835, -1.2638825), (7.848134, -53.909817, -1.2730266), (7.686364, -54.071587, -1.2821707), (7.4653835, -54.1308, -1.2913146), (3.8077762, -54.1308, -1.2974106), (3.5867958, -54.071587, -1.2902997), (3.425029, -53.909817, -1.2831856), (3.3658154, -53.688835, -1.2760745), (3.3658154, -52.034748, -1.2212105), (3.3658154, -48.94919, -1.1328183), (-1.8636913, -48.94919, -1.172229), (-7.0931983, -48.94919, -1.2116427), (-8.362903, -48.94919, -1.2212105), (-13.59241, -48.94919, -1.2609352), (-18.821918, -48.94919, -1.3006598), (-24.051426, -48.94919, -1.3403845), (-29.280933, -48.94919, -1.3801061), (-33.240738, -48.94919, -1.4101869), (-33.240738, -52.68099, -1.5260111), (-33.240738, -53.688835, -1.5625871), (-33.29995, -53.909817, -1.5757942), (-33.46172, -54.071587, -1.5890043), (-33.682697, -54.1308, -1.6022112), (-34.5971, -54.1308, -1.6083072), (-34.81808, -54.071587, -1.6001782), (-34.979847, -53.909817, -1.5920522), (-35.039062, -53.688835, -1.5839232), (-35.039062, -52.064613, -1.5260111), (-35.039062, -48.94919, -1.4315228), (-35.58393, -48.94919, -1.4355706), (-38.565746, -48.89947, -1.4577266), (-41.544247, -48.750378, -1.4798826), (-44.516125, -48.502068, -1.5020385), (-47.47807, -48.154827, -1.5241945), (-47.72029, -48.12199, -1.5260111), (-50.667786, -47.668137, -1.5493497), (-53.59851, -47.11628, -1.5726882), (-56.50921, -46.467022, -1.5960268), (-59.160942, -45.785847, -1.6174513), (-59.133778, -45.68974, -1.5260111), (-58.607845, -43.82882, -1.2212105), (-58.506035, -43.468594, -1.0870982), (-55.69673, -44.185482, -1.0630007), (-52.86511, -44.808403, -1.0389062), (-50.01431, -45.336662, -1.0148087), (-47.1475, -45.76968, -0.9907111), (-44.26785, -46.106964, -0.9666136), (-41.37857, -46.348152, -0.94251907), (-38.482857, -46.492973, -0.91842157), (-38.240948, -46.500698, -0.91640985), (-37.469784, -46.520832, -0.91640985), (-35.58393, -46.541264, -0.9281508), (-35.5115, -46.541264, -0.92860186), (-33.883335, -46.541264, -0.91640985), (-32.768295, -46.541264, -0.91031384), (-26.733585, -46.541264, -0.86904997), (-20.69888, -46.541264, -0.82778907), (-14.664167, -46.541264, -0.7865252), (-8.62946, -46.541264, -0.74526125), (-2.5947495, -46.541264, -0.7040004), (2.8933744, -46.541264, -0.6664734), (8.379786, -46.541264, -0.6298973), (11.204747, -46.541264, -0.6116093), (17.239454, -46.541264, -0.5721803), (23.274166, -46.541264, -0.53275126), (29.308874, -46.541264, -0.49332222), (30.79787, -46.541264, -0.483593), (7.9073443, -44.98678, -0.6116093), (3.3658154, -44.98678, -0.6481853), (3.3658154, -44.78297, -0.6116093), (3.3658154, -41.801613, -0.48054498), (3.425029, -41.58063, -0.46530497), (3.5867958, -41.418865, -0.45006493), (3.8077762, -41.359653, -0.4348249), (7.4653835, -41.359653, -0.41653687), (7.686364, -41.418865, -0.42872888), (7.848134, -41.58063, -0.44092092), (7.9073443, -41.801613, -0.45311293), (7.9073443, -44.98678, -0.6116093), (3.3658154, -23.955538, 0.24488045), (3.3658154, -21.820034, 0.30279258), (3.3658154, -20.77037, 0.32717663), (3.425029, -20.54939, 0.33225766), (3.5867958, -20.387625, 0.33733562), (3.8077762, -20.328411, 0.34241664), (7.4653835, -20.328411, 0.3119366), (7.686364, -20.387625, 0.3044964), (7.7306, -20.416834, 0.30279258), (7.871838, -20.596806, 0.294185), (7.9073443, -20.77037, 0.28755254), (7.9073443, -23.955538, 0.19001634), (3.3658154, -23.955538, 0.24488045), (-52.7859, -23.22904, 0.44909686), (-50.374054, -23.831617, 0.46429726), (-47.941227, -24.342945, 0.47949463), (-45.490868, -24.762297, 0.49469504), (-43.026455, -25.089079, 0.50989544), (-40.551487, -25.322824, 0.5250958), (-38.069473, -25.463207, 0.5402932), (-35.58393, -25.510021, 0.5554936), (-35.039062, -25.510021, 0.5588251), (-35.039062, -22.337122, 0.6075932), (-35.039062, -20.77037, 0.63502526), (-34.979847, -20.54939, 0.63502526), (-34.81808, -20.387625, 0.63502526), (-34.5971, -20.328411, 0.63502526), (-33.682697, -20.328411, 0.6776973), (-33.46172, -20.387625, 0.67363435), (-33.29995, -20.54939, 0.6695683), (-33.240738, -20.77037, 0.6655053), (-33.240738, -22.675217, 0.6075932), (-33.240738, -25.510021, 0.53444105), (-27.419046, -25.510021, 0.48500544), (-21.597355, -25.510021, 0.43556982), (-15.775662, -25.510021, 0.38613725), (-9.953971, -25.510021, 0.33670163), (-5.960748, -25.510021, 0.30279258), (-0.13905634, -25.510021, 0.25268945), (2.8933744, -25.510021, 0.22659242), (8.379786, -25.510021, 0.17172831), (14.201477, -25.510021, 0.21527213), (20.023169, -25.510021, 0.25881594), (25.84486, -25.510021, 0.3023628), (25.902462, -25.510021, 0.30279258), (30.79787, -25.510021, 0.33632064), (30.79787, -20.782654, 0.4582409), (30.84942, -20.57551, 0.46794268), (30.99205, -20.416687, 0.47764754), (31.19248, -20.343239, 0.48734933), (31.357883, -20.330784, 0.49481696), (31.896132, -20.364172, 0.47223428), (32.415627, -20.508907, 0.44964856), (32.893597, -20.758646, 0.42706588), (33.309086, -21.10244, 0.40448016), (33.643875, -21.525215, 0.38189748), (33.883293, -22.008438, 0.3593148), (34.016834, -22.530924, 0.33672908), (34.043995, -22.903975, 0.3210806), (34.043995, -23.375057, 0.30279258), (34.043995, -27.185064, 0.16633944), (34.043995, -30.52399, 0.04676006), (33.99451, -31.02646, 0.034903318), (33.847942, -31.509619, 0.023049623), (33.609936, -31.954899, 0.011192878), (33.289635, -32.345192, -0.0006608175), (33.248585, -32.385334, -0.0020080362), (32.85125, -32.69686, -0.02127753), (32.400772, -32.924885, -0.040547024), (31.914467, -33.060642, -0.059819568), (31.468431, -33.099556, -0.076900594), (31.354132, -33.099556, -0.081256196), (31.239832, -33.099556, -0.0778089), (31.01885, -33.040344, -0.07082897), (30.857084, -32.878574, -0.06385208), (30.79787, -32.657597, -0.056872144), (30.79787, -31.356438, -0.0020080362), (30.79787, -27.917946, 0.12600821), (25.07524, -27.917946, 0.12067421), (19.352608, -27.917946, 0.115340196), (13.629976, -27.917946, 0.11000619), (7.9073443, -27.917946, 0.10467218), (7.9073443, -30.95497, -0.0020080362), (7.9073443, -32.657597, -0.07211217), (7.848134, -32.878574, -0.085319184), (7.686364, -33.040344, -0.09852924), (7.4653835, -33.099556, -0.11173625), (3.8077762, -33.099556, -0.11478426), (3.5867958, -33.040344, -0.10360722), (3.425029, -32.878574, -0.09243324), (3.3658154, -32.657597, -0.081256196), (3.3658154, -30.831837, -0.0020080362), (3.3658154, -27.917946, 0.10467218), (-1.8636913, -27.917946, 0.054593436), (-7.0931983, -27.917946, 0.0045177448), (-7.7746468, -27.917946, -0.0020080362), (-13.004153, -27.917946, -0.05333341), (-18.23366, -27.917946, -0.10465878), (-23.463171, -27.917946, -0.15598416), (-28.692677, -27.917946, -0.20730649), (-33.240738, -27.917946, -0.25194454), (-33.240738, -29.805082, -0.30680865), (-33.240738, -32.657597, -0.41653687), (-33.29995, -32.878574, -0.4297439), (-33.46172, -33.040344, -0.44295394), (-33.682697, -33.099556, -0.45616093), (-34.5971, -33.099556, -0.46225697), (-34.81808, -33.040344, -0.45311293), (-34.979847, -32.878574, -0.44396892), (-35.039062, -32.657597, -0.4348249), (-35.039062, -29.13788, -0.30680865), (-35.039062, -27.917946, -0.2793766), (-35.58393, -27.917946, -0.283403), (-38.164196, -27.869272, -0.30247742), (-38.74986, -27.844652, -0.30680865), (-41.325108, -27.676622, -0.3289829), (-43.89219, -27.411581, -0.35116017), (-46.447445, -27.049908, -0.37333444), (-48.98724, -26.592117, -0.39551172), (-51.50796, -26.038862, -0.41768596), (-53.440826, -25.546352, -0.4348249), (-52.7859, -23.22904, 0.44909686), (-80.19076, -11.375481, -0.20622444), (-78.59184, -9.574634, 0.19916037), (-76.43885, -11.346351, 0.23176794), (-74.21295, -13.025558, 0.26437247), (-71.91812, -14.60926, 0.29698002), (-71.5021, -14.881334, 0.30279258), (-70.4306, -15.561783, 0.30279258), (-69.3519, -16.218124, 0.30279258), (-66.926575, -17.593678, 0.32753325), (-64.44531, -18.865568, 0.3522739), (-61.912556, -20.031534, 0.3770115), (-59.332813, -21.08949, 0.40175217), (-56.71069, -22.03755, 0.42649284), (-54.28179, -22.806269, 0.44909686), (-54.936714, -25.123583, -0.4348249), (-57.44779, -24.330147, -0.41400093), (-59.926468, -23.440657, -0.39317694), (-62.369076, -22.456427, -0.37235603), (-64.771996, -21.378923, -0.35153204), (-67.13166, -20.209736, -0.33070806), (-69.44459, -18.9506, -0.30988407), (-69.78204, -18.757105, -0.30680865), (-72.037094, -17.39704, -0.28607917), (-74.23814, -15.951193, -0.26534966), (-76.3819, -14.42171, -0.24462017), (-78.4652, -12.810851, -0.22389069), (-80.19076, -11.375481, -0.20622444), (-76.60878, -4.999823, 0.29974458), (-78.983284, -7.6742043, 0.21557997), (-79.44648, -8.195901, 0.19916037), (-81.35778, -10.348583, -0.20622444), (-82.83817, -8.975709, -0.18488841), (-85.22946, -11.514004, -0.30680865), (-86.08542, -12.422584, -0.35557675), (-86.27089, -12.5399685, -0.37386477), (-86.48995, -12.553651, -0.39215282), (-86.68858, -12.46026, -0.41044086), (-86.817795, -12.282826, -0.42872888), (-86.95283, -11.822139, -0.40993184), (-87.00002, -11.344394, -0.39113784), (-86.95773, -10.866189, -0.37234077), (-86.82744, -10.404139, -0.35354373), (-86.61365, -9.974297, -0.33474973), (-86.32381, -9.5915985, -0.31595266), (-86.215485, -9.473327, -0.30680865), (-83.576126, -6.591626, -0.09964482), (-82.33221, -5.233495, -0.0020080362), (-81.04509, -3.828197, 0.098576166), (-80.66507, -3.4880455, 0.12410322), (-80.22547, -3.2294497, 0.14963026), (-79.743546, -3.0625439, 0.17515732), (-79.23817, -2.9938724, 0.20068437), (-78.72917, -3.0261323, 0.22621141), (-78.23652, -3.1580563, 0.25173846), (-77.77951, -3.3844712, 0.27726552), (-77.376076, -3.6964986, 0.30279258), (-77.33525, -3.7350743, 0.30279258), (-76.640945, -4.3803186, 0.3149846), (-76.51855, -4.5710754, 0.30959877), (-76.5068, -4.797417, 0.30421296), (-76.52323, -4.855515, 0.30279258), (-76.60878, -4.999823, 0.29974458), (-66.37791, 7.7175555, 0.8483857), (-68.32966, 5.595887, 0.6533133), (-69.83015, 3.9647682, 0.6075932), (-71.21323, 2.4612875, 0.5679691), (-71.407104, 2.338526, 0.5579503), (-71.636406, 2.3295283, 0.54792845), (-71.83932, 2.4367235, 0.5379097), (-71.846436, 2.4433622, 0.53748906), (-72.178085, 2.8210223, 0.55108315), (-72.43008, 3.2559056, 0.5646742), (-72.59281, 3.7314465, 0.5782683), (-72.66009, 4.2295423, 0.59186244), (-72.62935, 4.731217, 0.60545653), (-72.615616, 4.809185, 0.6075932), (-72.473145, 5.2911844, 0.6216262), (-72.23977, 5.7363367, 0.63566226), (-71.98555, 6.063177, 0.6472173), (-68.592155, 9.76815, 0.7721855), (-67.8288, 10.667132, 0.80114156), (-67.13502, 11.620835, 0.8300976), (-66.80591, 12.018201, 0.85241514), (-66.40421, 12.341993, 0.8747296), (-65.94603, 12.579226, 0.8970471), (-65.60764, 12.687034, 0.9123938), (-65.09667, 12.758571, 0.93447965), (-64.5817, 12.726829, 0.9565655), (-64.08339, 12.59308, 0.9786483), (-63.93438, 12.53115, 0.98554593), (-63.769672, 12.402228, 0.96715426), (-63.68269, 12.212008, 0.9487626), (-63.692917, 12.003095, 0.93037397), (-63.7948, 11.825707, 0.9123938), (-63.79806, 11.822281, 0.9123938), (-63.804096, 11.815999, 0.9123938), (-67.087975, 8.3994465, 0.8270496), (-66.37791, 7.7175555, 0.8483857), (-35.039062, -4.4787784, 1.3147306), (-35.039062, 0.26087087, 1.4000747), (-34.979847, 0.48185134, 1.4092188), (-34.81808, 0.64361817, 1.4183629), (-34.5971, 0.70283175, 1.4275068), (-34.246048, 0.65661484, 1.4178538), (-33.91892, 0.5211127, 1.4082038), (-33.638004, 0.30556077, 1.3985507), (-33.422455, 0.024650415, 1.3888978), (-33.286953, -0.3024799, 1.3792478), (-33.240738, -0.65353096, 1.3695947), (-33.240738, -3.8285384, 1.2171944), (-33.240738, -8.857748, 0.97579235), (-33.240738, -10.17855, 0.9123938), (-33.240738, -10.711951, 0.8880097), (-33.286953, -11.063005, 0.87023073), (-33.422455, -11.390132, 0.85244864), (-33.638004, -11.671046, 0.83466965), (-33.91892, -11.886598, 0.8168906), (-34.246048, -12.022097, 0.79910856), (-34.5971, -12.068314, 0.7813295), (-34.81808, -12.009103, 0.7904735), (-34.979847, -11.847333, 0.7996176), (-35.039062, -11.626353, 0.8087616), (-35.039062, -6.8867035, 0.89715374), (-35.58393, -6.8867035, 0.8934352), (-37.860104, -6.8320007, 0.8778934), (-40.13102, -6.668012, 0.86234856), (-42.391438, -6.395121, 0.8468068), (-44.636135, -6.0139527, 0.83126503), (-46.859932, -5.5253906, 0.81572324), (-49.05769, -4.9305663, 0.80018145), (-51.224335, -4.2308445, 0.7846366), (-52.5181, -3.7571967, 0.7752335), (-54.624386, -2.8925962, 0.75874686), (-56.6867, -1.9278078, 0.7422602), (-58.700283, -0.8650595, 0.7257735), (-60.660496, 0.29319194, 0.70928687), (-62.562794, 1.5442735, 0.6927971), (-64.4028, 2.8852956, 0.6763105), (-66.176254, 4.3131647, 0.65982383), (-66.8574, 4.9002624, 0.6533133), (-65.22673, 6.672891, 0.8483857), (-63.449795, 5.1944957, 0.89923555), (-62.977814, 4.826982, 0.9123938), (-61.109005, 3.4665747, 0.9452086), (-59.172764, 2.203987, 0.9780265), (-57.17421, 1.0425503, 1.0108414), (-55.118618, -0.014662767, 1.0436562), (-53.01142, -0.9648634, 1.0764741), (-52.38233, -1.2237214, 1.0861301), (-50.216625, -2.0317295, 1.122118), (-48.012264, -2.7273974, 1.1581028), (-45.775074, -3.3088868, 1.1940905), (-44.324097, -3.6213195, 1.2171944), (-42.045845, -4.0121226, 1.2413346), (-39.750523, -4.285355, 1.2654718), (-37.444195, -4.4402885, 1.2896119), (-35.58393, -4.4787784, 1.30904), (-35.039062, -4.4787784, 1.3147306), (29.243387, -6.8867035, 0.7691375), (23.909376, -6.8867035, 0.73461884), (19.352608, -6.8867035, 0.7051294), (14.018597, -6.8867035, 0.6738782), (8.684586, -6.8867035, 0.64262694), (7.9073443, -6.8867035, 0.63807327), (7.9073443, -8.513864, 0.6075932), (7.9073443, -11.626353, 0.52529705), (7.848134, -11.847333, 0.520216), (7.686364, -12.009103, 0.51513803), (7.4653835, -12.068314, 0.510057), (3.8077762, -12.068314, 0.516153), (3.5867958, -12.009103, 0.523264), (3.425029, -11.847333, 0.53037804), (3.3658154, -11.626353, 0.53748906), (3.3658154, -8.667693, 0.6075932), (3.3658154, -6.8867035, 0.63807327), (-2.4355552, -6.8867035, 0.7894098), (-7.149967, -6.8867035, 0.9123938), (-12.951341, -6.8867035, 1.0587164), (-14.0383, -6.8867035, 1.0861301), (-14.0383, -11.626353, 0.94896984), (-14.09751, -11.847333, 0.9388109), (-14.25928, -12.009103, 0.9286488), (-14.48026, -12.068314, 0.9184898), (-14.831311, -12.022097, 0.93779284), (-15.158442, -11.886598, 0.9570989), (-15.439352, -11.671046, 0.9764019), (-15.654904, -11.390132, 0.99570495), (-15.790406, -11.063005, 1.0150111), (-15.836623, -10.711951, 1.034314), (-15.836623, -7.663945, 1.1864948), (-15.836623, -7.0490584, 1.2171944), (-15.836623, -4.6159387, 1.3391147), (-15.787132, -4.113472, 1.3689607), (-15.640569, -3.6303144, 1.3988068), (-15.402562, -3.185034, 1.4286498), (-15.082256, -2.79474, 1.4584959), (-14.691966, -2.4744372, 1.4883419), (-14.246682, -2.2364275, 1.518188), (-14.186777, -2.2124884, 1.5219951), (-13.700099, -2.0780714, 1.5512955), (-13.261058, -2.0403738, 1.5768591), (-7.507684, -2.0403738, 1.8082728), (-7.04717, -2.0403738, 1.8267956), (-1.7543106, -2.0403738, 2.037108), (-0.88610435, -1.9827421, 2.0838127), (-0.03313204, -1.8108588, 2.1305172), (-0.013700998, -1.8055493, 2.1315963), (0.8081969, -1.5199084, 2.1568885), (1.5851276, -1.1281329, 2.182181), (2.3034542, -0.6371022, 2.2074733), (2.9365008, -0.06983777, 2.2321804), (3.328898, 0.2579814, 2.2443724), (3.7783234, 0.5018249, 2.2565644), (4.267059, 0.65208244, 2.2687564), (4.7758474, 0.70283175, 2.2809486), (7.4653835, 0.70283175, 2.2809486), (7.686364, 0.64361817, 2.2718046), (7.848134, 0.48185134, 2.2626605), (7.9073443, 0.26087087, 2.2535164), (7.9073443, -4.4787784, 2.1803644), (9.620906, -4.4787784, 2.1315963), (14.954917, -4.4787784, 1.9182358), (17.240921, -4.4787784, 1.8267956), (19.352608, -4.4787784, 1.7414515), (24.686619, -4.4787784, 1.5289414), (24.860937, -4.4787784, 1.5219951), (29.243387, -4.4787784, 1.3025385), (29.243387, -6.8867035, 0.7691375), (30.79787, -11.614073, 0.6837933), (30.79787, -7.359144, 0.7691375), (30.79787, -4.0063376, 1.3025385), (30.79787, 0.26087087, 1.3452107), (30.857084, 0.48185134, 1.3401296), (31.01885, 0.64361817, 1.3350517), (31.239832, 0.70283175, 1.3299706), (31.468431, 0.70283175, 1.3178761), (31.970901, 0.6533413, 1.2911177), (32.45406, 0.50677794, 1.2643592), (32.899338, 0.26876828, 1.2376008), (33.20278, 0.031359076, 1.2171944), (33.540928, -0.34358224, 1.1905792), (33.799427, -0.77728915, 1.163967), (33.96835, -1.253092, 1.1373519), (34.0412, -1.752709, 1.1107367), (34.043995, -1.8727334, 1.1044182), (34.043995, -5.682741, 0.931773), (34.043995, -6.110422, 0.9123938), (34.043995, -9.492748, 0.7599935), (33.987537, -10.029067, 0.7474205), (33.82064, -10.541872, 0.7348474), (33.550617, -11.008683, 0.7222744), (33.189304, -11.409033, 0.70970136), (32.75255, -11.725368, 0.69712836), (32.25949, -11.943821, 0.68455535), (31.731758, -12.054817, 0.6719823), (31.19248, -12.053489, 0.6594093), (30.99205, -11.980041, 0.66753834), (30.84942, -11.821218, 0.6756643), (30.79787, -11.614073, 0.6837933), (52.941635, -7.4995904, 0.89715374), (52.941456, -7.443422, 0.8983242), (52.882145, -6.485528, 0.91832215), (52.717342, -5.540055, 0.9383232), (52.44907, -4.6185846, 0.9583242), (52.080616, -3.7324042, 0.97832215), (51.63137, -2.9161818, 0.99773794), (51.079796, -2.1307867, 0.9987743), (50.444813, -1.4111525, 0.99980754), (49.73419, -0.76609683, 1.0008439), (48.956642, -0.20351723, 1.0018802), (48.12169, 0.26969182, 1.0029166), (48.096504, 0.28212464, 1.002947), (47.481903, 0.52498364, 1.0036602), (46.836258, 0.66593874, 1.0043734), (46.17636, 0.70132303, 1.0050867), (45.51935, 0.6302191, 1.0057999), (44.882294, 0.45447108, 1.0065131), (44.566154, 0.32392803, 1.006882), (43.9907, -0.0009924598, 1.0002099), (43.474926, -0.41415578, 0.9935409), (43.03224, -0.90482074, 0.9868688), (42.67415, -1.4602406, 0.9801967), (42.40995, -2.06598, 0.97352767), (42.31813, -2.3718443, 0.9703059), (42.313187, -2.5715194, 0.9657339), (42.396656, -2.7529793, 0.9611619), (42.551483, -2.8791637, 0.9565899), (42.746056, -2.9242954, 0.95201784), (47.485703, -2.9242954, 0.99468994), (47.485703, -8.646927, 0.77980554), (47.485703, -14.369558, 0.5649211), (47.485703, -20.09219, 0.35156068), (47.485703, -25.814821, 0.13820024), (42.746056, -25.814821, 0.08768564), (42.525074, -25.874035, 0.0852198), (42.363308, -26.0358, 0.082753964), (42.304092, -26.256783, 0.08028813), (42.304092, -27.171185, 0.062000092), (42.363308, -27.392164, 0.056919064), (42.525074, -27.553934, 0.051841088), (42.746056, -27.613144, 0.04676006), (47.485703, -27.613144, 0.10467218), (47.485703, -33.335777, -0.11478426), (47.485703, -39.058407, -0.3342407), (47.485703, -44.78104, -0.55369717), (47.485703, -50.50367, -0.7731536), (42.746056, -50.50367, -0.81582564), (42.551483, -50.548805, -0.8226837), (42.396656, -50.674988, -0.8295417), (42.313187, -50.856445, -0.83639973), (42.31813, -51.05612, -0.8432577), (42.534378, -51.680588, -0.857943), (42.84815, -52.262196, -0.87262833), (43.251297, -52.78583, -0.88731664), (43.73334, -53.23789, -0.9020019), (44.281757, -53.606617, -0.91668725), (44.882294, -53.88244, -0.9313725), (45.51935, -54.058186, -0.9460578), (46.17636, -54.12929, -0.9607431), (46.836258, -54.093906, -0.97543144), (47.481903, -53.952953, -0.9901168), (48.096504, -53.71009, -1.004802), (48.93772, -53.236572, -0.96334916), (49.721092, -52.67249, -0.9218963), (50.436913, -52.024826, -0.8804434), (51.07631, -51.301617, -0.8389905), (51.63136, -50.511818, -0.7975376), (52.09519, -49.665222, -0.75608474), (52.462044, -48.772316, -0.71463186), (52.72738, -47.844166, -0.673179), (52.887905, -46.892277, -0.6317261), (52.941635, -45.928448, -0.5902732), (52.941635, -40.43861, -0.39463085), (52.941635, -34.948772, -0.19898848), (52.941635, -29.458935, -0.003349159), (52.941635, -26.684408, 0.095528156), (52.941635, -21.194574, 0.32491806), (52.941635, -15.704738, 0.55430794), (52.941635, -10.214901, 0.7836948), (52.941635, -7.4995904, 0.89715374), (-26.611324, 15.2977, 1.6240026), (-26.611324, 14.586499, 1.6097776), (-26.611324, 13.214875, 1.5812483), (-26.611324, 11.538493, 1.5463791), (-26.660812, 11.036023, 1.5414261), (-26.807379, 10.552866, 1.536473), (-27.045385, 10.107586, 1.53152), (-27.365688, 9.717292, 1.526567), (-27.755981, 9.396989, 1.521614), (-28.201262, 9.158979, 1.516661), (-28.68442, 9.012416, 1.511708), (-29.18689, 8.962928, 1.506755), (-29.59022, 8.962928, 1.506755), (-29.811201, 9.022139, 1.517932), (-29.972971, 9.183908, 1.529106), (-30.03218, 9.404889, 1.5402831), (-30.03218, 14.144539, 1.6286752), (-35.58393, 14.144539, 1.6439153), (-37.286915, 14.199625, 1.6082536), (-38.98278, 14.364662, 1.5725919), (-40.664433, 14.638959, 1.5369302), (-42.324837, 15.021361, 1.5012686), (-43.957066, 15.51028, 1.4656069), (-45.554276, 16.103662, 1.4299452), (-47.1098, 16.799032, 1.3942835), (-48.617126, 17.593483, 1.3586218), (-50.06996, 18.483688, 1.3229603), (-51.462223, 19.465927, 1.2872986), (-54.24461, 15.640293, 1.2019544), (-54.374073, 15.521616, 1.1966203), (-54.539536, 15.462734, 1.1912863), (-54.714863, 15.472942, 1.1859523), (-54.872375, 15.55063, 1.1806183), (-55.323215, 15.905856, 1.1957273), (-56.04577, 16.555737, 1.2213244), (-56.69106, 17.282381, 1.2469217), (-57.251, 18.076672, 1.2725157), (-57.718548, 18.928621, 1.2981129), (-58.087826, 19.82754, 1.32371), (-58.354206, 20.762133, 1.3493072), (-58.514343, 21.72066, 1.3749013), (-58.56622, 22.69109, 1.4004984), (-58.509186, 23.661228, 1.4260956), (-58.34396, 24.618893, 1.4516897), (-58.21576, 25.108498, 1.4650155), (-57.890434, 26.02424, 1.4906646), (-57.46469, 26.897833, 1.5163105), (-57.236904, 27.281929, 1.5280911), (-57.22649, 27.298452, 1.5280911), (-56.76097, 28.035564, 1.5280911), (-56.592907, 28.190784, 1.5402831), (-56.36975, 28.24118, 1.5524751), (-56.151295, 28.173246, 1.5646671), (-52.143925, 25.64239, 1.6378193), (-49.770885, 29.399874, 1.6815063), (-47.39785, 33.157356, 1.7251965), (-45.02481, 36.91484, 1.7688835), (-44.065697, 38.52449, 1.7866626), (-43.191307, 40.181694, 1.8044446), (-42.404003, 41.882, 1.8222237), (-41.705894, 43.62083, 1.8400027), (-41.09886, 45.39351, 1.8577847), (-40.58454, 47.195274, 1.8755637), (-45.16836, 48.44025, 1.7688835), (-45.363056, 48.552284, 1.7698985), (-45.47753, 48.745552, 1.7709166), (-45.48222, 48.97013, 1.7719315), (-45.117203, 50.704426, 1.7993636), (-44.702507, 52.693047, 1.8405391), (-44.181946, 54.656616, 1.8817146), (-43.557014, 56.5895, 1.9228871), (-42.829502, 58.48616, 1.9640626), (-42.0015, 60.341152, 2.005238), (-41.075382, 62.14916, 2.0464137), (-40.053795, 63.904995, 2.087589), (-39.200886, 65.22281, 2.1194043), (-38.017445, 66.873886, 2.0993452), (-36.74732, 68.459236, 2.0792832), (-35.394135, 69.97433, 2.0592244), (-34.256374, 71.13096, 2.043204), (-32.763737, 72.508865, 2.0632844), (-31.199478, 73.804886, 2.0833645), (-30.508127, 74.33443, 2.091972), (-28.923822, 75.58583, 2.1163228), (-28.747389, 75.73382, 2.1190994), (-28.463955, 75.97537, 2.1236348), (-26.969036, 77.3323, 2.1480188), (-26.698053, 77.5942, 2.1525695), (-26.03095, 78.26159, 2.1639051), (-25.964037, 78.33037, 2.1651244), (-25.316854, 78.92313, 2.1776547), (-24.604475, 79.43569, 2.190185), (-23.836777, 79.860954, 2.2027154), (-23.02441, 80.193016, 2.2152457), (-22.17864, 80.42728, 2.2277792), (-21.311192, 80.560486, 2.2403095), (-20.434101, 80.5908, 2.2528398), (-19.559528, 80.51779, 2.2653701), (-18.699602, 80.34247, 2.2779005), (-18.503902, 80.23103, 2.2819636), (-18.388521, 80.037636, 2.2860296), (-18.383417, 79.812485, 2.2900925), (-19.488184, 75.197655, 2.3541007), (-17.064995, 74.649574, 2.3682892), (-15.245648, 74.30505, 2.3788657), (-13.42543, 74.01676, 2.3906767), (-11.760818, 73.80182, 2.3998208), (-9.28751, 73.567314, 2.4148595), (-8.752118, 73.52981, 2.4181087), (-6.270273, 73.417175, 2.4331477), (-5.733687, 73.40603, 2.4363968), (-4.7266407, 73.39777, 2.4420936), (-4.1170397, 73.39777, 2.445541), (-1.3738341, 73.39777, 2.4607809), (1.3693714, 73.39777, 2.479069), (2.8933744, 73.39777, 2.488213), (4.722178, 73.39777, 2.4983718), (6.1090207, 73.39777, 2.503453), (6.1090207, 78.13743, 2.433349), (6.1682343, 78.358406, 2.431316), (6.3300014, 78.52017, 2.4292858), (6.5509815, 78.579384, 2.4272528), (9.141787, 78.579384, 2.442493), (10.208589, 78.579384, 2.4485888), (10.429569, 78.52017, 2.4567635), (10.452893, 78.50573, 2.457733), (10.576892, 78.38173, 2.4639113), (10.649699, 78.16485, 2.4720128), (10.65055, 78.13743, 2.4729729), (10.65055, 77.070625, 2.490499), (10.65055, 73.39777, 2.543077), (12.037393, 73.39777, 2.5481582), (13.866197, 73.39777, 2.5583172), (15.999801, 73.39777, 2.5716612), (16.303026, 73.39727, 2.5735571), (19.031496, 73.347244, 2.588797), (21.75724, 73.21539, 2.6040373), (23.26946, 73.106834, 2.613181), (25.115229, 72.93992, 2.6256018), (25.986086, 72.84798, 2.6314692), (29.008152, 72.462875, 2.7057917), (32.015625, 71.9768, 2.7801144), (35.00514, 71.39029, 2.85444), (37.131485, 70.90931, 2.9076247), (41.16603, 69.94573, 3.0088155), (45.200577, 68.982155, 3.110006), (46.30159, 73.59215, 3.033806), (46.410515, 73.79333, 3.028725), (46.60544, 73.91309, 3.023647), (46.83413, 73.91935, 3.018566), (47.4881, 73.76316, 3.039902), (48.338963, 73.503006, 3.0282648), (48.761223, 73.328964, 3.0222938), (49.155766, 73.13661, 3.0165544), (49.915863, 72.674126, 3.0049171), (50.467102, 72.24839, 2.9958096), (50.876938, 71.870094, 2.9885156), (51.466347, 71.203575, 2.9768784), (51.512337, 71.1439, 2.975894), (52.0066, 70.40407, 2.9642565), (52.40512, 69.60856, 2.9526193), (52.701717, 68.76971, 2.940979), (52.891796, 67.9005, 2.9293418), (52.972412, 67.01441, 2.9177043), (52.971214, 66.56933, 2.9118857), (52.941635, 64.821175, 2.8417816), (52.941635, 58.92283, 2.6061373), (52.941635, 53.02449, 2.370493), (52.941635, 49.486168, 2.2291324), (52.941635, 47.047764, 2.2047484), (52.941635, 41.14942, 2.131401), (52.941635, 35.251083, 2.058054), (52.941635, 32.341103, 2.021868), (52.941635, 26.442762, 1.9485208), (52.941635, 20.544418, 1.8751736), (52.941635, 17.634441, 1.8389876), (52.887104, 16.663536, 1.7876074), (52.7727, 15.931158, 1.7484497), (52.666283, 15.466608, 1.7232792), (52.370766, 14.540164, 1.671899), (52.15305, 14.021347, 1.6421779), (51.944756, 13.597735, 1.6172483), (51.444523, 12.763828, 1.565868), (50.854073, 11.991171, 1.5144848), (50.401775, 11.502744, 1.4793229), (49.90658, 11.044659, 1.4436886), (49.13332, 10.455007, 1.3923085), (48.461323, 10.043077, 1.3506696), (47.585003, 9.621541, 1.2992893), (46.666992, 9.300773, 1.2479092), (45.718845, 9.0848055, 1.1965289), (44.752476, 8.976355, 1.1451486), (44.270058, 8.962928, 1.1196582), (42.212654, 8.962928, 1.0373621), (41.991673, 9.022139, 1.0576831), (41.829906, 9.183908, 1.0780011), (41.77069, 9.404889, 1.0983222), (41.77069, 14.144539, 1.1836663), (36.126804, 14.144539, 1.4031228), (30.48291, 14.144539, 1.6225792), (24.839018, 14.144539, 1.8420357), (19.19513, 14.144539, 2.0614922), (13.551237, 14.144539, 2.2809486), (7.9073443, 14.144539, 2.500405), (7.9073443, 10.471691, 2.4363968), (7.9073443, 9.404889, 2.4150608), (7.848134, 9.183908, 2.419124), (7.8336864, 9.160585, 2.4196055), (7.709687, 9.036587, 2.4227083), (7.4928064, 8.9637785, 2.4267712), (7.4653835, 8.962928, 2.4272528), (6.3985815, 8.962928, 2.4272528), (5.78898, 8.962928, 2.4272528), (3.8077762, 8.962928, 2.4272528), (3.5867958, 9.022139, 2.4079497), (3.425029, 9.183908, 2.3886437), (3.3658154, 9.404889, 2.3693407), (3.3658154, 14.144539, 2.454685), (-2.5930367, 14.144539, 2.2352285), (-8.551888, 14.144539, 2.015772), (-8.551888, 9.404889, 1.9304278), (-8.611099, 9.183908, 1.9263648), (-8.772869, 9.022139, 1.9222988), (-8.99385, 8.962928, 1.9182358), (-10.736928, 8.962928, 1.8298436), (-11.55052, 9.016253, 1.8038167), (-12.350192, 9.175317, 1.7777867), (-13.122258, 9.437399, 1.7517598), (-13.853514, 9.798015, 1.7257329), (-14.165916, 9.990866, 1.7140194), (-14.816001, 10.482969, 1.6879925), (-15.39629, 11.0557165, 1.6619625), (-15.896857, 11.699309, 1.6359355), (-16.309137, 12.402728, 1.6099087), (-16.46393, 12.735638, 1.5981952), (-16.73609, 13.50421, 1.608028), (-16.905602, 14.301733, 1.6178609), (-16.969566, 15.114557, 1.6276938), (-16.9701, 15.196101, 1.6286752), (-16.9701, 15.747936, 1.6381606), (-16.979626, 15.747936, 1.6383252), (-16.979626, 19.811934, 1.7081764), (-16.979626, 23.875933, 1.7780275), (-18.870499, 23.875933, 1.7780275), (-20.546902, 23.875933, 1.7780275), (-26.611324, 23.875933, 1.7780275), (-26.611324, 22.678955, 1.7536435), (-28.948128, 22.678955, 1.8024116), (-28.948128, 18.866405, 1.7307835), (-28.948128, 15.05386, 1.6591552), (-26.580845, 15.05386, 1.6146787), (-26.580845, 15.272301, 1.6105762), (10.208589, 86.839485, 2.218312), (10.429569, 86.8987, 2.2188697), (10.591339, 87.06046, 2.2194307), (10.65055, 87.28145, 2.2199883), (10.65055, 92.021095, 2.3053327), (15.999801, 92.021095, 2.3358126), (18.403715, 91.99473, 2.4363968), (21.479921, 91.88399, 2.5275567), (24.551802, 91.686905, 2.6187165), (27.616941, 91.40362, 2.709876), (28.668055, 91.28643, 2.7411973), (31.72032, 90.8877, 2.8094575), (34.382294, 90.468376, 2.8692138), (33.60694, 85.78957, 2.7838695), (33.62878, 85.56309, 2.7848663), (33.760395, 85.37748, 2.7858598), (33.966904, 85.28195, 2.7868567), (34.674255, 85.15587, 2.7899656), (35.19889, 85.115135, 2.8213174), (35.720856, 85.18188, 2.8526661), (36.21836, 85.35331, 2.884018), (36.670643, 85.622284, 2.9153697), (37.05882, 85.97756, 2.9467216), (37.366684, 86.40431, 2.9780703), (37.58139, 86.884735, 3.009422), (37.739586, 87.359726, 3.045998), (38.577663, 89.708664, 3.1708353), (39.49821, 92.02652, 3.2956693), (39.930695, 93.039474, 3.3507986), (40.292507, 93.85482, 3.3812788), (40.45634, 94.34291, 3.411759), (40.519825, 94.85383, 3.4422388), (40.480415, 95.367165, 3.472719), (40.339695, 95.86241, 3.5031989), (40.103287, 96.31977, 3.533679), (39.780632, 96.72098, 3.5641592), (39.384624, 97.04999, 3.594639), (38.93109, 97.29366, 3.6251192), (38.438152, 97.44226, 3.6555994), (38.416924, 97.446396, 3.6555994), (37.437813, 97.63291, 3.7043674), (37.208645, 97.614746, 3.6901424), (37.019604, 97.483925, 3.6759202), (36.921837, 97.27586, 3.6616952), (36.892353, 97.11021, 3.6555994), (36.091705, 92.6121, 3.4910069), (32.77087, 93.16622, 3.4533215), (29.434877, 93.620285, 3.4156327), (26.086744, 93.97386, 3.3779473), (23.669138, 94.16612, 3.3507986), (20.307207, 94.34615, 3.308014), (16.941381, 94.42506, 3.265229), (15.999801, 94.429016, 3.2532625), (10.818191, 94.429016, 3.1914093), (5.63658, 94.429016, 3.1295562), (0.45496956, 94.429016, 3.067703), (-1.3632209, 94.429016, 3.045998), (-4.7266407, 94.429016, 2.9941819), (-6.910985, 94.48811, 2.965226), (-9.088944, 94.665215, 2.9362698), (-8.779386, 97.863396, 3.045998), (-8.6314535, 99.39174, 3.1069582), (-8.667551, 99.61395, 3.1211832), (-8.808421, 99.78956, 3.1354053), (-9.017514, 99.872986, 3.1496303), (-9.559023, 99.943726, 3.1465824), (-10.049404, 99.96443, 3.1262918), (-10.534811, 99.89175, 3.1060011), (-10.997615, 99.728294, 3.0857136), (-11.421007, 99.48002, 3.065423), (-11.775204, 99.17115, 3.045998), (-12.078785, 98.78548, 3.0255337), (-12.090051, 98.76781, 3.024662), (-14.286526, 95.28989, 2.8520381), (-15.696869, 93.05674, 2.7411973), (-16.483002, 91.81197, 2.6802373), (-16.721283, 91.32935, 2.6547103), (-16.854057, 90.80775, 2.6291833), (-16.875525, 90.269936, 2.6036563), (-16.784748, 89.73942, 2.578129), (-16.585691, 89.239334, 2.552602), (-16.287048, 88.79155, 2.527075), (-15.901862, 88.41561, 2.501548), (-15.446954, 88.12794, 2.4760208), (-15.25228, 88.08215, 2.478307), (-15.057361, 88.12686, 2.480593), (-14.902095, 88.25291, 2.482879), (-14.818284, 88.43448, 2.4851649), (-13.870821, 93.0091, 2.5705092), (-12.062402, 92.654305, 2.5071716), (-10.240389, 92.37766, 2.443834), (-10.025745, 92.350334, 2.4363968), (-8.192537, 92.16163, 2.365552), (-6.3529077, 92.051994, 2.2947073), (-4.7266407, 92.021095, 2.2321804), (0.69119006, 92.021095, 2.2626605), (6.1090207, 92.021095, 2.2931406), (6.1090207, 87.28145, 2.2077963), (6.1682343, 87.06046, 2.2083542), (6.3300014, 86.8987, 2.208915), (6.5509815, 86.839485, 2.209473), (10.208589, 86.839485, 2.218312), (44.480885, 105.09591, 3.942112), (44.48051, 104.900925, 3.932206), (44.564075, 104.724754, 3.9222999), (44.715313, 104.601685, 3.9123938), (44.904797, 104.55568, 3.9024878), (45.401943, 104.59614, 3.9140701), (45.88197, 104.73166, 3.9256525), (46.32687, 104.95717, 3.937235), (46.719963, 105.264206, 3.9488175), (47.046497, 105.64125, 3.9603999), (48.771748, 107.97163, 4.0548882), (50.591263, 110.22917, 4.1493764), (50.883984, 110.659096, 4.1706758), (51.08436, 111.13907, 4.1919785), (51.18422, 111.649506, 4.213278), (51.17949, 112.1696, 4.234577), (51.070366, 112.67814, 4.25588), (50.990753, 112.89173, 4.2652006), (50.74039, 113.347626, 4.286579), (50.403545, 113.74393, 4.307958), (49.993942, 114.06447, 4.3293366), (49.528294, 114.29618, 4.350715), (49.248867, 114.38376, 4.3627367), (48.633083, 114.53739, 4.3627367), (48.403397, 114.53262, 4.3539004), (48.207134, 114.413216, 4.3450675), (48.097324, 114.21142, 4.336231), (47.661472, 112.394455, 4.2652006), (46.850067, 109.0119, 4.14328), (45.450626, 109.344795, 4.1676645), (44.56373, 105.458885, 3.9603999), (44.480885, 105.09591, 3.942112), (36.342377, 125.77192, 4.7711697), (36.688778, 128.27142, 4.8748016), (37.077, 131.07266, 4.9723377), (33.95192, 131.48238, 4.937286), (30.818922, 131.82639, 4.9022336), (31.239695, 136.20865, 5.100354), (31.320261, 136.42366, 5.11279), (31.497833, 136.56924, 5.125226), (31.724474, 136.6061, 5.137662), (31.994066, 136.57835, 5.15217), (32.502914, 136.47284, 5.149122), (32.98023, 136.26733, 5.1460743), (33.406567, 135.9702, 5.1430264), (33.764584, 135.59354, 5.1399784), (36.160507, 132.49974, 5.0439663), (38.556435, 129.40594, 4.9479537), (38.841286, 128.94505, 4.9274592), (39.02341, 128.43477, 4.9069614), (39.094757, 127.897675, 4.8864665), (39.08448, 127.58913, 4.8748016), (38.97757, 127.05797, 4.854895), (38.7619, 126.56093, 4.8349886), (38.447025, 126.12, 4.815082), (38.046875, 125.75471, 4.7951756), (37.57916, 125.4812, 4.775269), (37.064575, 125.3116, 4.7553625), (36.83402, 125.27259, 4.7467856), (36.63465, 125.29394, 4.7528815), (36.46523, 125.40118, 4.7589774), (36.360626, 125.57224, 4.7650733), (36.342377, 125.77192, 4.7711697), (7.9225845, -87.06451, -2.394693), (7.9225845, -83.8641, -2.3276367), (7.8877826, -83.68913, -2.3184927), (7.7886734, -83.54081, -2.3093486), (7.6403484, -83.441696, -2.3002045), (7.4653835, -83.4069, -2.2910607), (3.8077762, -83.4069, -2.3276367), (3.6328146, -83.441696, -2.3314466), (3.4844863, -83.54081, -2.3352568), (3.3853774, -83.68913, -2.3390667), (3.3505754, -83.8641, -2.3428767), (3.3505754, -87.06451, -2.4099329), (7.9225845, -87.06451, -2.394693), (7.9225845, -66.033264, -1.8064276), (3.3505754, -66.033264, -1.8612918), (3.3505754, -62.832855, -1.7363235), (3.3853774, -62.657894, -1.7264175), (3.4844863, -62.509567, -1.7165115), (3.6328146, -62.410458, -1.7066054), (3.8077762, -62.375656, -1.6966994), (5.970401, -62.375656, -1.6784114), (7.4653835, -62.375656, -1.6662194), (7.6403484, -62.410458, -1.6727177), (7.772629, -62.494278, -1.6784114), (7.878809, -62.63763, -1.6855894), (7.922048, -62.810703, -1.6927644), (7.9225845, -62.832855, -1.6936514), (7.9225845, -66.033264, -1.8064276), (-33.2255, -66.033264, -2.1691403), (-33.2255, -62.832855, -2.0350282), (-33.2603, -62.657894, -2.028932), (-33.35941, -62.509567, -2.022836), (-33.507732, -62.410458, -2.01674), (-33.682697, -62.375656, -2.010644), (-34.5971, -62.375656, -2.0379603), (-34.77206, -62.410458, -2.0433216), (-34.92039, -62.509567, -2.0486863), (-35.0195, -62.657894, -2.0540476), (-35.054302, -62.832855, -2.0594122), (-35.054302, -66.033264, -2.1904764), (-33.2255, -66.033264, -2.1691403), (7.9225845, -45.002018, -0.76400954), (3.3505754, -45.002018, -0.8005856), (3.3505754, -44.78297, -0.76400954), (3.3505754, -41.801613, -0.6329453), (3.3853774, -41.62665, -0.6215153), (3.4844863, -41.478325, -0.61008525), (3.6328146, -41.379215, -0.5986552), (3.8077762, -41.344414, -0.5872252), (7.4653835, -41.344414, -0.5689372), (7.6403484, -41.379215, -0.5780812), (7.7886734, -41.478325, -0.5872252), (7.8877826, -41.62665, -0.5963692), (7.9225845, -41.801613, -0.6055132), (7.9225845, -45.002018, -0.76400954), (-35.054302, -45.002018, -1.0627141), (-35.054302, -41.801613, -0.92250586), (-35.0195, -41.62665, -0.92250586), (-34.92039, -41.478325, -0.92250586), (-34.77206, -41.379215, -0.92250586), (-34.5971, -41.344414, -0.92250586), (-33.682697, -41.344414, -0.8767858), (-33.507732, -41.379215, -0.8836438), (-33.35941, -41.478325, -0.8905018), (-33.2603, -41.62665, -0.89735985), (-33.2255, -41.801613, -0.90421784), (-33.2255, -45.002018, -1.0444261), (-35.054302, -45.002018, -1.0627141), (30.78263, -46.526024, -0.6359933), (30.78263, -41.813896, -0.5506491), (30.835958, -41.599606, -0.5539014), (30.983505, -41.435307, -0.5571536), (31.190847, -41.359325, -0.5604058), (31.733318, -41.35799, -0.56833065), (32.264175, -41.469643, -0.57625544), (32.760147, -41.68939, -0.58418024), (33.199486, -42.0076, -0.592102), (33.562935, -42.410316, -0.60002685), (33.83456, -42.879887, -0.60795164), (34.002445, -43.395725, -0.61587644), (34.05924, -43.93522, -0.6238013), (34.05924, -47.21002, -0.76400954), (34.05924, -51.020035, -0.92436516), (34.05924, -51.555256, -0.94688994), (34.002445, -52.094746, -0.97608984), (33.83456, -52.610584, -1.0052928), (33.562935, -53.080154, -1.0344926), (33.19949, -53.48287, -1.0636957), (33.127506, -53.54516, -1.0688102), (32.676773, -53.84701, -1.0851231), (32.173065, -54.048386, -1.101436), (31.638464, -54.140457, -1.117749), (31.19085, -54.131126, -1.1312059), (30.983505, -54.055145, -1.1379024), (30.83596, -53.890846, -1.1445957), (30.782673, -53.682697, -1.1511064), (30.78263, -53.676556, -1.1509844), (30.78263, -49.536224, -1.0688102), (30.78263, -48.964428, -1.0657622), (30.096243, -48.964428, -1.0688102), (24.381231, -48.964428, -1.1245856), (18.666222, -48.964428, -1.1803641), (12.951209, -48.964428, -1.2361397), (7.9225845, -48.964428, -1.2852186), (7.9225845, -52.30122, -1.3736107), (7.9225845, -53.688835, -1.4162829), (7.8877826, -53.8638, -1.4231409), (7.7886734, -54.012127, -1.4299989), (7.6403484, -54.111237, -1.4368569), (7.4653835, -54.146038, -1.443715), (3.8077762, -54.146038, -1.449811), (3.6328146, -54.111237, -1.444477), (3.4844863, -54.012127, -1.439143), (3.3853774, -53.8638, -1.4338089), (3.3505754, -53.688835, -1.4284749), (3.3505754, -52.034748, -1.3736107), (3.3505754, -48.964428, -1.2852186), (-2.745437, -48.964428, -1.3312191), (-8.362903, -48.964428, -1.3736107), (-14.458915, -48.964428, -1.4199466), (-20.554928, -48.964428, -1.4662793), (-26.65094, -48.964428, -1.5126151), (-32.746952, -48.964428, -1.5589509), (-33.2255, -48.964428, -1.5625871), (-33.2255, -52.68099, -1.6784114), (-33.2255, -53.688835, -1.7149875), (-33.2603, -53.8638, -1.7248935), (-33.35941, -54.012127, -1.7347995), (-33.507732, -54.111237, -1.7447056), (-33.682697, -54.146038, -1.7546115), (-34.5971, -54.146038, -1.7607075), (-34.77206, -54.111237, -1.7546115), (-34.92039, -54.012127, -1.7485155), (-35.0195, -53.8638, -1.7424195), (-35.054302, -53.688835, -1.7363235), (-35.054302, -52.064613, -1.6784114), (-35.054302, -48.964428, -1.5839232), (-35.58393, -48.964428, -1.5878612), (-38.568172, -48.91464, -1.6100599), (-41.549095, -48.765327, -1.6322554), (-44.52338, -48.51666, -1.6544541), (-47.487713, -48.168907, -1.6766497), (-47.72236, -48.13709, -1.6784114), (-50.67225, -47.682835, -1.7017348), (-53.605343, -47.130432, -1.7250581), (-56.51838, -46.48049, -1.7483784), (-59.179787, -45.796494, -1.7698516), (-59.148445, -45.685593, -1.6784114), (-58.62251, -43.824677, -1.3736107), (-58.516594, -43.449913, -1.2394985), (-55.70607, -44.1676, -1.215404), (-52.873184, -44.791218, -1.1913096), (-50.02109, -45.32007, -1.167215), (-47.152958, -45.75357, -1.1431205), (-44.271965, -46.091236, -1.1190261), (-41.38132, -46.332695, -1.0949316), (-38.484238, -46.477676, -1.0708371), (-38.24048, -46.485466, -1.0688102), (-37.469456, -46.505596, -1.0688102), (-35.58393, -46.526024, -1.0805511), (-35.5115, -46.526024, -1.0810022), (-33.883335, -46.526024, -1.0688102), (-32.768295, -46.526024, -1.0627141), (-26.734974, -46.526024, -1.0214593), (-20.701649, -46.526024, -0.9802077), (-14.668325, -46.526024, -0.9389529), (-8.635001, -46.526024, -0.8977012), (-2.6016777, -46.526024, -0.85644644), (2.8933744, -46.526024, -0.81887364), (8.379786, -46.526024, -0.7822976), (11.204747, -46.526024, -0.76400954), (17.238071, -46.526024, -0.7245592), (23.271395, -46.526024, -0.6851089), (29.30472, -46.526024, -0.64565855), (30.78263, -46.526024, -0.6359933), (-92.90757, -24.97743, -0.95298594), (-90.49739, -27.011688, -0.97412384), (-88.015076, -28.95727, -0.9952618), (-85.46389, -30.811623, -1.0163997), (-82.847176, -32.572308, -1.0375407), (-80.16839, -34.237015, -1.0586786), (-78.86334, -35.0003, -1.0688102), (-76.09918, -36.51905, -1.0949895), (-73.2818, -37.936634, -1.1211718), (-70.4149, -39.251194, -1.1473511), (-67.50225, -40.461, -1.1735336), (-64.54767, -41.564465, -1.1997129), (-61.555042, -42.56014, -1.2258953), (-59.98621, -43.034542, -1.2394985), (-59.98315, -43.035435, -1.2405897), (-60.08877, -43.40915, -1.3736107), (-60.613987, -45.26752, -1.6784114), (-60.64548, -45.37895, -1.7698516), (-60.646347, -45.382015, -1.7698272), (-63.74588, -44.416073, -1.7445257), (-66.80832, -43.338295, -1.7192211), (-69.82964, -42.150112, -1.6939197), (-71.65949, -41.36791, -1.6784114), (-74.606125, -40.004997, -1.6533324), (-77.50136, -38.536064, -1.6282535), (-80.34139, -36.963043, -1.6031744), (-83.122475, -35.288006, -1.5780954), (-85.84094, -33.513165, -1.5530164), (-88.493225, -31.640846, -1.5279374), (-91.07582, -29.673527, -1.5028615), (-93.585335, -27.61379, -1.4777825), (-94.53393, -26.794426, -1.468099), (-94.53632, -26.792326, -1.4661878), (-94.43323, -26.67744, -1.3736107), (-93.10675, -25.199377, -1.0688102), (-92.90757, -24.97743, -0.95298594), (-91.45072, -19.92839, -0.85544974), (-94.64134, -23.417912, -0.93354577), (-94.045364, -23.963505, -0.94688994), (-94.24432, -24.185205, -1.0688102), (-95.5694, -25.661715, -1.3736107), (-95.98017, -26.11943, -1.468099), (-98.827324, -29.29196, -1.6570754), (-98.971085, -29.399408, -1.6570754), (-99.14513, -29.443241, -1.6570754), (-99.32263, -29.416698, -1.6570754), (-99.47625, -29.323877, -1.6570754), (-100.26987, -28.589247, -1.6570754), (-100.602715, -28.210339, -1.6243093), (-100.85584, -27.774122, -1.5915432), (-101.01967, -27.29713, -1.5587771), (-101.087975, -26.797438, -1.5260111), (-101.058174, -26.293978, -1.493245), (-100.9314, -25.80583, -1.4604789), (-100.71245, -25.351494, -1.4277129), (-100.40962, -24.948185, -1.3949468), (-100.13401, -24.647266, -1.3736107), (-97.55884, -21.835646, -1.1829762), (-96.016655, -20.151857, -1.0688102), (-95.25928, -19.324944, -1.013946), (-94.86051, -18.970829, -0.987276), (-94.39768, -18.705862, -0.960606), (-93.89041, -18.541275, -0.9339359), (-93.36019, -18.484041, -0.90726584), (-92.82948, -18.536583, -0.8805958), (-92.32077, -18.696676, -0.85392576), (-91.85562, -18.957537, -0.82725567), (-91.453735, -19.30811, -0.8005856), (-91.34554, -19.505278, -0.81887364), (-91.34445, -19.730179, -0.8371617), (-91.45072, -19.92839, -0.85544974), (-76.59738, -5.0099425, 0.14734426), (-78.976974, -7.6900573, 0.06299679), (-79.43508, -8.2060175, 0.04676006), (-81.356575, -10.370175, -0.35862476), (-82.8376, -8.997326, -0.3372887), (-85.21837, -11.524455, -0.45920897), (-86.074326, -12.433035, -0.50797707), (-86.26619, -12.554468, -0.5262651), (-86.492805, -12.568623, -0.5445531), (-86.698296, -12.47201, -0.5628412), (-86.831955, -12.288456, -0.5811292), (-86.96779, -11.825044, -0.56233215), (-87.01527, -11.34447, -0.54353815), (-86.972725, -10.863437, -0.52474105), (-86.84166, -10.398653, -0.505944), (-86.6266, -9.966269, -0.48715), (-86.335045, -9.581303, -0.46835297), (-86.22672, -9.463034, -0.45920897), (-83.587364, -6.5813327, -0.25204512), (-82.343445, -5.2231994, -0.15440834), (-81.05633, -3.8179038, -0.05382414), (-80.674065, -3.4757407, -0.028297089), (-80.231865, -3.2156117, -0.0027700376), (-79.74708, -3.0477183, 0.022757014), (-79.238716, -2.9786444, 0.048284065), (-78.72671, -3.0110936, 0.073811114), (-78.23113, -3.1437976, 0.09933817), (-77.77143, -3.3715508, 0.12486522), (-77.36561, -3.6854253, 0.15039226), (-77.32479, -3.7239916, 0.15039226), (-76.63066, -4.369075, 0.16258429), (-76.525795, -4.51131, 0.15854569), (-76.4827, -4.68269, 0.15450403), (-76.50781, -4.857612, 0.15046541), (-76.50889, -4.860657, 0.15039226), (-76.59738, -5.0099425, 0.14734426), (-80.21244, -11.376941, -0.35862476), (-78.593285, -9.553304, 0.04676006), (-76.43883, -11.32696, 0.07934629), (-74.21132, -13.007944, 0.11193253), (-71.91473, -14.5932455, 0.14451876), (-71.493805, -14.868547, 0.15039226), (-70.42256, -15.548841, 0.15039226), (-69.34411, -16.20503, 0.15039226), (-66.916695, -17.58169, 0.17513599), (-64.43325, -18.854492, 0.19987969), (-61.89821, -20.021156, 0.22462341), (-59.316113, -21.079594, 0.24936712), (-56.691574, -22.02792, 0.27411082), (-54.263027, -22.795918, 0.29669657), (-54.92624, -25.14256, -0.5872252), (-57.440716, -24.348614, -0.5663982), (-59.922733, -23.458384, -0.5455742), (-62.36861, -22.473188, -0.5247472), (-64.77472, -21.39449, -0.5039232), (-67.137474, -20.22389, -0.48309618), (-69.45338, -18.963129, -0.46226916), (-69.789665, -18.770304, -0.45920897), (-72.04759, -17.40844, -0.43848252), (-74.25138, -15.960593, -0.41775608), (-76.39775, -14.428918, -0.39702964), (-78.48351, -12.815681, -0.3763032), (-80.21244, -11.376941, -0.35862476), (3.3505754, -23.970778, 0.09248015), (3.3505754, -21.820034, 0.15039226), (3.3505754, -20.77037, 0.17477632), (3.3853774, -20.59541, 0.17858632), (3.4844863, -20.44708, 0.18239634), (3.6328146, -20.347973, 0.18620634), (3.8077762, -20.31317, 0.19001634), (7.4653835, -20.31317, 0.15953629), (7.6403484, -20.347973, 0.15395844), (7.7397466, -20.404644, 0.15039226), (7.8588204, -20.537476, 0.14393659), (7.9179974, -20.705765, 0.13748397), (7.9225845, -20.77037, 0.13515224), (7.9225845, -23.970778, 0.037616044), (3.3505754, -23.970778, 0.09248015), (-52.79647, -23.210398, 0.29669657), (-50.38322, -23.81387, 0.31190917), (-47.94894, -24.325958, 0.32712176), (-45.49709, -24.745937, 0.34233436), (-43.031155, -25.073208, 0.35754696), (-40.554634, -25.307304, 0.37275955), (-38.07105, -25.447897, 0.38797215), (-35.58393, -25.494781, 0.40318474), (-35.054302, -25.494781, 0.4064248), (-35.054302, -22.337122, 0.45519286), (-35.054302, -20.77037, 0.48262492), (-35.0195, -20.59541, 0.48262492), (-34.92039, -20.44708, 0.48262492), (-34.77206, -20.347973, 0.48262492), (-34.5971, -20.31317, 0.48262492), (-33.682697, -20.31317, 0.52529705), (-33.507732, -20.347973, 0.522249), (-33.35941, -20.44708, 0.519201), (-33.2603, -20.59541, 0.516153), (-33.2255, -20.77037, 0.513105), (-33.2255, -22.675217, 0.45519286), (-33.2255, -25.494781, 0.38204074), (-27.406576, -25.494781, 0.33260208), (-21.587656, -25.494781, 0.28316343), (-15.768735, -25.494781, 0.23372476), (-9.949814, -25.494781, 0.18428305), (-5.960748, -25.494781, 0.15039226), (-0.14182699, -25.494781, 0.10031353), (2.8933744, -25.494781, 0.074192114), (8.379786, -25.494781, 0.019328006), (14.198707, -25.494781, 0.06285048), (20.017628, -25.494781, 0.106376015), (25.836548, -25.494781, 0.14989848), (25.902462, -25.494781, 0.15039226), (30.78263, -25.494781, 0.18392034), (30.78263, -20.782654, 0.30584058), (30.835958, -20.568365, 0.31559724), (30.983505, -20.404064, 0.32535696), (31.190847, -20.328085, 0.33511364), (31.357227, -20.31556, 0.34241664), (31.89866, -20.349142, 0.31983396), (32.42123, -20.494734, 0.29724824), (32.90203, -20.74595, 0.27466556), (33.319977, -21.09178, 0.25207984), (33.656746, -21.517057, 0.22949716), (33.897583, -22.00314, 0.2069145), (34.031918, -22.528717, 0.18432876), (34.05924, -22.903975, 0.16868031), (34.05924, -23.375057, 0.15039226), (34.05924, -27.185064, 0.013939132), (34.05924, -30.52399, -0.10564024), (34.009457, -31.029432, -0.11749699), (33.862026, -31.51545, -0.12935068), (33.62261, -31.963366, -0.14120743), (33.300407, -32.35597, -0.15306112), (33.259117, -32.396347, -0.15440834), (32.859432, -32.709717, -0.17368393), (32.406292, -32.93909, -0.19296257), (31.917107, -33.07565, -0.21223816), (31.468431, -33.114796, -0.22932528), (31.354132, -33.114796, -0.2336565), (31.239832, -33.114796, -0.23030978), (31.064869, -33.079994, -0.22504893), (30.916542, -32.980885, -0.21979111), (30.817432, -32.83256, -0.21453026), (30.78263, -32.657597, -0.20927244), (30.78263, -31.356438, -0.15440834), (30.78263, -27.933186, -0.026392085), (25.06762, -27.933186, -0.031726096), (19.352608, -27.933186, -0.037060108), (13.637596, -27.933186, -0.042394117), (7.9225845, -27.933186, -0.04772813), (7.9225845, -30.95497, -0.15440834), (7.9225845, -32.657597, -0.22451249), (7.8877826, -32.83256, -0.2344185), (7.7886734, -32.980885, -0.24432452), (7.6403484, -33.079994, -0.25423053), (7.4653835, -33.114796, -0.26413655), (3.8077762, -33.114796, -0.26718456), (3.6328146, -33.079994, -0.25880256), (3.4844863, -32.980885, -0.25042054), (3.3853774, -32.83256, -0.24203852), (3.3505754, -32.657597, -0.2336565), (3.3505754, -30.831837, -0.15440834), (3.3505754, -27.933186, -0.04772813), (-2.745437, -27.933186, -0.10618279), (-7.7746468, -27.933186, -0.15440834), (-13.870659, -27.933186, -0.21427423), (-19.966671, -27.933186, -0.27413708), (-26.062683, -27.933186, -0.33400294), (-32.158695, -27.933186, -0.39386883), (-33.2255, -27.933186, -0.40434483), (-33.2255, -29.805082, -0.45920897), (-33.2255, -32.657597, -0.5689372), (-33.2603, -32.83256, -0.5788432), (-33.35941, -32.980885, -0.58874923), (-33.507732, -33.079994, -0.5986552), (-33.682697, -33.114796, -0.6085613), (-34.5971, -33.114796, -0.6146573), (-34.77206, -33.079994, -0.60779923), (-34.92039, -32.980885, -0.60094124), (-35.0195, -32.83256, -0.59408325), (-35.054302, -32.657597, -0.5872252), (-35.054302, -29.13788, -0.45920897), (-35.054302, -27.933186, -0.43177688), (-35.58393, -27.933186, -0.43570578), (-38.16697, -27.884417, -0.4548747), (-38.750565, -27.859875, -0.45920897), (-41.328583, -27.691622, -0.48138013), (-43.898407, -27.426174, -0.50355136), (-46.456383, -27.063906, -0.52572256), (-48.998863, -26.605337, -0.54789376), (-51.522217, -26.05112, -0.57006496), (-53.459682, -25.55704, -0.5872252), (-52.79647, -23.210398, 0.29669657), (52.956875, -7.4995904, 0.7447535), (52.956696, -7.443324, 0.7459239), (52.897278, -6.4837446, 0.76592183), (52.73219, -5.5366106, 0.7859229), (52.463444, -4.6135216, 0.8059239), (52.094345, -3.7257838, 0.82592183), (51.64431, -2.9081259, 0.8453376), (51.091766, -2.12135, 0.84637094), (50.455666, -1.4004539, 0.8474073), (49.743797, -0.7542645, 0.8484405), (48.964878, -0.19069731, 0.8494769), (48.128456, 0.28334385, 0.8505101), (48.103233, 0.295798, 0.8505406), (47.48634, 0.5395623, 0.85125387), (46.838303, 0.6810416, 0.85197014), (46.175945, 0.71655697, 0.85268337), (45.51649, 0.64518785, 0.8533966), (44.87707, 0.46878758, 0.85411286), (44.559753, 0.33775988, 0.8544817), (43.98216, 0.011629334, 0.8478096), (43.464474, -0.40306714, 0.84114057), (43.02014, -0.8955579, 0.8344685), (42.660717, -1.4530412, 0.8277964), (42.395535, -2.061033, 0.82112736), (42.30337, -2.3680344, 0.8179056), (42.29826, -2.5745947, 0.8133336), (42.384605, -2.7623122, 0.8087616), (42.544777, -2.892846, 0.80418956), (42.746056, -2.9395356, 0.7996176), (47.470463, -2.9395356, 0.8422896), (47.470463, -8.654547, 0.6274052), (47.470463, -14.369558, 0.4125208), (47.470463, -20.08457, 0.19916037), (47.470463, -25.799582, -0.014200061), (42.746056, -25.799582, -0.06447083), (42.57109, -25.834383, -0.066381924), (42.422764, -25.933493, -0.06828998), (42.323654, -26.081821, -0.07020108), (42.288853, -26.256783, -0.07211217), (42.288853, -27.171185, -0.09040021), (42.323654, -27.34615, -0.09421022), (42.422764, -27.494474, -0.098020226), (42.57109, -27.593582, -0.10183024), (42.746056, -27.628386, -0.10564024), (47.470463, -27.628386, -0.04772813), (47.470463, -33.343395, -0.26718456), (47.470463, -39.058407, -0.48664102), (47.470463, -44.77342, -0.7060974), (47.470463, -50.48843, -0.92555386), (42.746056, -50.48843, -0.96822596), (42.544777, -50.535122, -0.975084), (42.384605, -50.665657, -0.981942), (42.29826, -50.85337, -0.9888), (42.30337, -51.059933, -0.99565804), (42.520424, -51.68672, -1.0103433), (42.835365, -52.27049, -1.0250286), (43.24001, -52.796074, -1.039717), (43.72385, -53.24981, -1.0544022), (44.274303, -53.61991, -1.0690875), (44.87707, -53.896755, -1.0837728), (45.51649, -54.07316, -1.0984582), (46.175945, -54.144527, -1.1131434), (46.838303, -54.109013, -1.1278318), (47.48634, -53.967533, -1.1425171), (48.103233, -53.723766, -1.1572024), (48.945923, -53.249416, -1.1157495), (49.730675, -52.68434, -1.0742966), (50.44775, -52.03554, -1.0328437), (51.088272, -51.31106, -0.9913908), (51.6443, -50.519875, -0.94993794), (52.10894, -49.671787, -0.90848505), (52.47644, -48.777313, -0.8670322), (52.74224, -47.847534, -0.8255793), (52.90305, -46.89397, -0.7841264), (52.956875, -45.928448, -0.7426735), (52.956875, -40.43861, -0.54703116), (52.956875, -34.948772, -0.35138878), (52.956875, -29.458935, -0.15574947), (52.956875, -26.684408, -0.056872144), (52.956875, -21.194574, 0.17251775), (52.956875, -15.704738, 0.40190762), (52.956875, -10.214901, 0.6312945), (52.956875, -7.4995904, 0.7447535), (30.78263, -11.614073, 0.53139305), (30.78263, -7.359144, 0.6167372), (30.78263, -4.0063376, 1.1501383), (30.78263, 0.26087087, 1.1928103), (30.817432, 0.43583253, 1.1890004), (30.916542, 0.5841607, 1.1851903), (31.064869, 0.6832697, 1.1813803), (31.239832, 0.7180718, 1.1775703), (31.468431, 0.7180718, 1.1655368), (31.973873, 0.6682887, 1.1387631), (32.45989, 0.5208567, 1.1119864), (32.907806, 0.28144187, 1.0852127), (33.213043, 0.042624507, 1.0647941), (33.55319, -0.33453578, 1.0381789), (33.81322, -0.770806, 1.0115668), (33.98314, -1.2494253, 0.98495156), (34.056423, -1.7519988, 0.9583364), (34.05924, -1.8727334, 0.95201784), (34.05924, -5.682741, 0.7793727), (34.05924, -6.110422, 0.7599935), (34.05924, -9.492748, 0.6075932), (34.002445, -10.032243, 0.5950202), (33.83456, -10.548081, 0.5824471), (33.562935, -11.017653, 0.5698741), (33.199486, -11.420372, 0.5573011), (32.760147, -11.738578, 0.54472804), (32.264175, -11.958326, 0.53215504), (31.733318, -12.069978, 0.51958203), (31.190847, -12.068643, 0.50700897), (30.983505, -11.99266, 0.51513803), (30.835958, -11.828362, 0.523264), (30.78263, -11.614073, 0.53139305), (29.258627, -6.901943, 0.6167372), (23.924616, -6.901943, 0.5822703), (19.352608, -6.901943, 0.55272907), (14.018597, -6.901943, 0.5214352), (8.684586, -6.901943, 0.49014437), (7.9225845, -6.901943, 0.48567295), (7.9225845, -8.513864, 0.45519286), (7.9225845, -11.626353, 0.3728967), (7.8877826, -11.801317, 0.3690867), (7.7886734, -11.949643, 0.3652767), (7.6403484, -12.048752, 0.36146668), (7.4653835, -12.083554, 0.3576567), (3.8077762, -12.083554, 0.3637527), (3.6328146, -12.048752, 0.3690867), (3.4844863, -11.949643, 0.3744207), (3.3853774, -11.801317, 0.37975472), (3.3505754, -11.626353, 0.38508874), (3.3505754, -8.667693, 0.45519286), (3.3505754, -6.901943, 0.48567295), (-2.4406362, -6.901943, 0.6369638), (-7.149967, -6.901943, 0.7599935), (-12.941178, -6.901943, 0.9063831), (-14.02306, -6.901943, 0.9337298), (-14.02306, -11.626353, 0.7965696), (-14.057861, -11.801317, 0.78894955), (-14.15697, -11.949643, 0.7813295), (-14.305296, -12.048752, 0.77370954), (-14.48026, -12.083554, 0.7660895), (-14.835256, -12.0368185, 0.7853925), (-15.166061, -11.899796, 0.8046986), (-15.4501295, -11.681821, 0.8240016), (-15.668102, -11.397753, 0.84330463), (-15.805125, -11.066949, 0.8626107), (-15.851863, -10.711951, 0.8819137), (-15.851863, -7.663945, 1.0340946), (-15.851863, -7.0490584, 1.0647941), (-15.851863, -4.6159387, 1.1867143), (-15.80208, -4.1105003, 1.2165604), (-15.654648, -3.6244805, 1.2464064), (-15.415233, -3.1765668, 1.2762495), (-15.093032, -2.7839653, 1.3060956), (-14.70043, -2.4617636, 1.3359417), (-14.252517, -2.222349, 1.3657877), (-14.192254, -2.1982665, 1.3695947), (-13.702696, -2.0630538, 1.3988951), (-13.261058, -2.0251336, 1.4244589), (-7.507684, -2.0251336, 1.6558726), (-7.04717, -2.0251336, 1.6743953), (-1.7543106, -2.0251336, 1.8847077), (-0.8881191, -1.9676361, 1.9314123), (-0.037124924, -1.7961491, 1.978117), (-0.017739607, -1.7908548, 1.979196), (0.8022502, -1.5058753, 2.0044882), (1.5773795, -1.1150112, 2.0297806), (2.2940419, -0.62512046, 2.055073), (2.9256194, -0.05916975, 2.07978), (3.320336, 0.27058792, 2.091972), (3.7724195, 0.5158732, 2.1041641), (4.2640476, 0.66702074, 2.1163561), (4.7758474, 0.7180718, 2.1285481), (7.4653835, 0.7180718, 2.1285481), (7.6403484, 0.6832697, 2.1216903), (7.7886734, 0.5841607, 2.1148322), (7.8877826, 0.43583253, 2.1079743), (7.9225845, 0.26087087, 2.1011162), (7.9225845, -4.4635386, 2.027964), (9.620906, -4.4635386, 1.979196), (14.954917, -4.4635386, 1.7658355), (17.240921, -4.4635386, 1.6743953), (19.352608, -4.4635386, 1.5890511), (24.686619, -4.4635386, 1.3765411), (24.860937, -4.4635386, 1.3695947), (29.258627, -4.4635386, 1.1501383), (29.258627, -6.901943, 0.6167372), (-66.35648, 7.718339, 0.6959854), (-68.31844, 5.58557, 0.50091296), (-69.81894, 3.9544508, 0.45519286), (-71.20201, 2.45097, 0.4155688), (-71.34659, 2.3455272, 0.4080524), (-71.52057, 2.3036568, 0.400533), (-71.69729, 2.3317685, 0.3930166), (-71.849686, 2.4255588, 0.38549718), (-71.85685, 2.432237, 0.38508874), (-72.19047, 2.8121312, 0.39868283), (-72.44395, 3.249587, 0.4122739), (-72.60764, 3.7279444, 0.425868), (-72.675316, 4.228985, 0.43946213), (-72.644394, 4.733628, 0.45305622), (-72.630585, 4.812059, 0.45519286), (-72.48727, 5.2969117, 0.46922588), (-72.25251, 5.744697, 0.48326197), (-71.99679, 6.07347, 0.49481696), (-68.60339, 9.778443, 0.6197852), (-67.840775, 10.676554, 0.64874125), (-67.14767, 11.6293335, 0.6776973), (-66.81661, 12.029049, 0.7000148), (-66.41254, 12.354758, 0.72232926), (-65.951645, 12.593393, 0.7446468), (-65.61126, 12.701841, 0.7599935), (-65.09727, 12.773802, 0.78207934), (-64.57925, 12.741868, 0.8041652), (-64.07798, 12.607328, 0.826248), (-63.928093, 12.545033, 0.8331456), (-63.757706, 12.411668, 0.81475395), (-63.667725, 12.214889, 0.7963623), (-63.6783, 11.99877, 0.77797365), (-63.7837, 11.815262, 0.7599935), (-63.78707, 11.81172, 0.7599935), (-63.79311, 11.805438, 0.7599935), (-67.066536, 8.39976, 0.6746493), (-66.35648, 7.718339, 0.6959854), (-35.054302, -4.4635386, 1.1623303), (-35.054302, 0.26087087, 1.2476745), (-35.0195, 0.43583253, 1.2545325), (-34.92039, 0.5841607, 1.2613904), (-34.77206, 0.6832697, 1.2682486), (-34.5971, 0.7180718, 1.2751065), (-34.242104, 0.6713337, 1.2654535), (-33.9113, 0.5343106, 1.2558035), (-33.62723, 0.3163385, 1.2461505), (-33.409256, 0.03227043, 1.2364974), (-33.272232, -0.29853576, 1.2268474), (-33.2255, -0.65353096, 1.2171944), (-33.2255, -3.8285384, 1.0647941), (-33.2255, -8.857748, 0.82339203), (-33.2255, -10.17855, 0.7599935), (-33.2255, -10.711951, 0.7356094), (-33.272232, -11.066949, 0.7178304), (-33.409256, -11.397753, 0.7000483), (-33.62723, -11.681821, 0.68226933), (-33.9113, -11.899796, 0.66449034), (-34.242104, -12.0368185, 0.64670825), (-34.5971, -12.083554, 0.6289292), (-34.77206, -12.048752, 0.63578725), (-34.92039, -11.949643, 0.64264524), (-35.0195, -11.801317, 0.6495033), (-35.054302, -11.626353, 0.6563613), (-35.054302, -6.901943, 0.7447535), (-35.58393, -6.901943, 0.7411355), (-37.86187, -6.8471737, 0.72557235), (-40.134552, -6.6829805, 0.7100092), (-42.396713, -6.4097543, 0.6944492), (-44.64313, -6.0281167, 0.67888606), (-46.868607, -5.5389576, 0.6633229), (-49.068005, -4.9434013, 0.6477598), (-51.236233, -4.2428293, 0.63219666), (-52.52355, -3.771431, 0.6228332), (-54.631462, -2.9061325, 0.6063526), (-56.69535, -1.9405271, 0.5898751), (-58.710445, -0.8768431, 0.57339454), (-60.672085, 0.2824599, 0.556917), (-62.575745, 1.5347028, 0.54043645), (-64.417015, 2.8769927, 0.5239589), (-66.19165, 4.3062243, 0.50747836), (-66.87917, 4.899107, 0.50091296), (-65.227875, 6.69416, 0.6959854), (-63.451195, 5.215018, 0.74660057), (-62.968533, 4.8390675, 0.7599935), (-61.09948, 3.47852, 0.79282355), (-59.162964, 2.2158468, 0.8256567), (-57.164097, 1.0543888, 0.8584868), (-55.10817, -0.0027816393, 0.89131683), (-53.000618, -0.9528726, 0.92414993), (-52.376637, -1.2095848, 0.9337298), (-50.210663, -2.017666, 0.9697329), (-48.006012, -2.71334, 1.0057359), (-45.768517, -3.2947655, 1.041739), (-44.321133, -3.6063693, 1.0647941), (-42.042603, -3.9971936, 1.088983), (-39.746994, -4.270377, 1.113172), (-37.440376, -4.4251947, 1.137361), (-35.58393, -4.4635386, 1.1567891), (-35.054302, -4.4635386, 1.1623303), (-26.596085, 15.2977, 1.4716023), (-26.596085, 14.586499, 1.4573773), (-26.596085, 13.214875, 1.4288479), (-26.596085, 11.538493, 1.3939787), (-26.645864, 11.0330515, 1.3890257), (-26.793297, 10.547035, 1.3840728), (-27.032715, 10.099118, 1.3791198), (-27.354914, 9.706517, 1.3741667), (-27.747515, 9.3843155, 1.3692137), (-28.19543, 9.1449, 1.3642607), (-28.681448, 8.997468, 1.3593076), (-29.18689, 8.947688, 1.3543546), (-29.59022, 8.947688, 1.3543546), (-29.765184, 8.982491, 1.3627367), (-29.91351, 9.081599, 1.3711187), (-30.012619, 9.229924, 1.3795007), (-30.04742, 9.404889, 1.3878827), (-30.04742, 14.129298, 1.476275), (-35.58393, 14.129298, 1.4915149), (-37.28635, 14.184319, 1.4558532), (-38.981667, 14.349152, 1.4201916), (-40.6628, 14.623106, 1.38453), (-42.32274, 15.005043, 1.3488683), (-43.954548, 15.493363, 1.3132066), (-45.551426, 16.086037, 1.277545), (-47.106697, 16.780579, 1.2418833), (-48.613876, 17.5741, 1.2062216), (-50.066673, 18.463284, 1.1705599), (-51.459023, 19.44442, 1.1348982), (-54.232285, 15.631329, 1.0495541), (-54.36621, 15.508558, 1.0442201), (-54.53738, 15.447646, 1.0388861), (-54.718758, 15.458208, 1.033552), (-54.8817, 15.538575, 1.028218), (-55.332756, 15.893972, 1.0433087), (-56.056576, 16.544992, 1.0689089), (-56.703007, 17.272917, 1.094506), (-57.263927, 18.0686, 1.1201032), (-57.732296, 18.92205, 1.1457003), (-58.102226, 19.822548, 1.1713005), (-58.369076, 20.758781, 1.1968977), (-58.52949, 21.718996, 1.2224948), (-58.581463, 22.69113, 1.248095), (-58.524326, 23.662973, 1.2736923), (-58.35881, 24.622322, 1.2992893), (-58.23038, 25.112785, 1.3126153), (-57.904488, 26.030138, 1.3382642), (-57.477993, 26.905266, 1.3639102), (-57.249805, 27.290037, 1.3756907), (-57.23938, 27.306591, 1.3756907), (-56.773857, 28.043703, 1.3756907), (-56.651005, 28.173048, 1.3848348), (-56.488007, 28.245539, 1.3939787), (-56.309673, 28.250132, 1.4031228), (-56.14316, 28.18613, 1.4122669), (-52.14867, 25.663414, 1.4854189), (-49.778343, 29.416601, 1.529106), (-47.40802, 33.16979, 1.5727961), (-45.037693, 36.922977, 1.6164832), (-44.08021, 38.529762, 1.6342622), (-43.20719, 40.183964, 1.6520443), (-42.420975, 41.881138, 1.6698233), (-41.72368, 43.61674, 1.6876023), (-41.11716, 45.386112, 1.7053844), (-40.603054, 47.18451, 1.7231634), (-45.17235, 48.425545, 1.6164832), (-45.37376, 48.54144, 1.6174982), (-45.492188, 48.74137, 1.6185162), (-45.497036, 48.973698, 1.6195312), (-45.132202, 50.707138, 1.6469632), (-44.71734, 52.696556, 1.6881387), (-44.196568, 54.660915, 1.7293143), (-43.571384, 56.594578, 1.7704867), (-42.843582, 58.491997, 1.8116623), (-42.015247, 60.347736, 1.8528378), (-41.088753, 62.156467, 1.8940133), (-40.06676, 63.913006, 1.9351888), (-39.213505, 65.231346, 1.967004), (-38.02959, 66.88309, 1.946945), (-36.75895, 68.469086, 1.926883), (-35.405228, 69.98478, 1.9068241), (-34.267006, 71.14187, 1.8908037), (-32.77377, 72.52033, 1.910884), (-31.208885, 73.81688, 1.9309642), (-30.517256, 74.346634, 1.9395719), (-28.933578, 75.59754, 1.9639224), (-28.75722, 75.74546, 1.9666991), (-28.473898, 75.98692, 1.9712346), (-26.979576, 77.343315, 1.9956186), (-26.708698, 77.60511, 2.0001693), (-26.041862, 78.272224, 2.011505), (-25.974977, 78.34098, 2.012724), (-25.326468, 78.93495, 2.0252542), (-24.61263, 79.44856, 2.0377848), (-23.843363, 79.874695, 2.0503151), (-23.029335, 80.20744, 2.0628455), (-22.181833, 80.44218, 2.075379), (-21.312616, 80.57566, 2.0879092), (-20.43373, 80.60603, 2.1004395), (-19.55737, 80.532875, 2.1129699), (-18.695686, 80.3572, 2.1255002), (-18.493235, 80.24192, 2.129563), (-18.373875, 80.04185, 2.1336293), (-18.368599, 79.80894, 2.1376922), (-19.469843, 75.20882, 2.2017004), (-17.04959, 74.66197, 2.2159255), (-15.243039, 74.32007, 2.2264655), (-13.423273, 74.03185, 2.2382765), (-11.75907, 73.81696, 2.2474205), (-9.28889, 73.5827, 2.262444), (-8.751119, 73.54501, 2.2657084), (-6.2724094, 73.43247, 2.2807322), (-5.733437, 73.421265, 2.2839966), (-4.7266407, 73.41302, 2.2896934), (-4.1170397, 73.41302, 2.2931406), (-1.3738341, 73.41302, 2.3083806), (1.3693714, 73.41302, 2.3266687), (2.8933744, 73.41302, 2.3358126), (4.722178, 73.41302, 2.3459716), (6.093781, 73.41302, 2.3510528), (6.093781, 78.13743, 2.2809486), (6.128583, 78.312386, 2.2794244), (6.227692, 78.46072, 2.2779005), (6.37602, 78.55982, 2.2763765), (6.5509815, 78.59463, 2.2748525), (9.141787, 78.59463, 2.2900925), (10.208589, 78.59463, 2.2961886), (10.3835535, 78.55982, 2.302318), (10.461318, 78.518425, 2.3053327), (10.587883, 78.39271, 2.3114073), (10.58959, 78.39015, 2.3115108), (10.657305, 78.22511, 2.3175855), (10.66579, 78.13743, 2.3205726), (10.66579, 77.070625, 2.3380985), (10.66579, 73.41302, 2.3906767), (12.037393, 73.41302, 2.3957577), (13.866197, 73.41302, 2.4059167), (15.999801, 73.41302, 2.419261), (16.303078, 73.41251, 2.421157), (19.032005, 73.36247, 2.4363968), (21.758207, 73.230606, 2.4516368), (23.27068, 73.122025, 2.4607809), (25.116756, 72.95508, 2.4732015), (25.98776, 72.86312, 2.479069), (29.01033, 72.47796, 2.5534556), (32.018307, 71.9918, 2.6278422), (35.00832, 71.4052, 2.7022288), (37.13503, 70.92413, 2.755456), (41.16216, 69.962326, 2.856531), (45.189293, 69.00051, 2.9576058), (46.286766, 73.59569, 2.8814058), (46.36126, 73.757774, 2.8775957), (46.492115, 73.87902, 2.8737857), (46.65941, 73.94096, 2.8699758), (46.83767, 73.93417, 2.8661656), (47.491642, 73.777985, 2.8875017), (48.34432, 73.51728, 2.8758645), (48.76748, 73.342865, 2.8698933), (49.16286, 73.1501, 2.864154), (49.92458, 72.68663, 2.8525167), (50.476994, 72.25999, 2.8434093), (50.887703, 71.88088, 2.8361154), (51.47837, 71.212944, 2.8244781), (51.52446, 71.15314, 2.8234937), (52.019775, 70.41173, 2.8118563), (52.419144, 69.614525, 2.800219), (52.716373, 68.77388, 2.7885787), (52.906857, 67.902824, 2.7769413), (52.987644, 67.01485, 2.765304), (52.986443, 66.56881, 2.7594855), (52.956875, 64.821175, 2.6893814), (52.956875, 58.92283, 2.453737), (52.956875, 53.02449, 2.2180924), (52.956875, 49.486168, 2.0767322), (52.956875, 47.047764, 2.0523481), (52.956875, 41.14942, 1.9790008), (52.956875, 35.251083, 1.9056536), (52.956875, 32.341103, 1.8694677), (52.956875, 26.442762, 1.7961205), (52.956875, 20.544418, 1.7227733), (52.956875, 17.634441, 1.6865873), (52.902252, 16.661833, 1.635207), (52.787647, 15.9281645, 1.5960493), (52.681038, 15.462798, 1.570879), (52.385002, 14.534726, 1.5194987), (52.1669, 14.014996, 1.4897776), (51.95824, 13.59064, 1.4648479), (51.457134, 12.755266, 1.4134678), (50.865646, 11.981253, 1.3620844), (50.412556, 11.491965, 1.3269227), (49.91649, 11.033079, 1.2912884), (49.141865, 10.44239, 1.2399081), (48.46869, 10.0297365, 1.1982694), (47.590828, 9.60746, 1.1468891), (46.671207, 9.286127, 1.0955088), (45.72139, 9.069779, 1.0441287), (44.753326, 8.961139, 0.9927484), (44.270058, 8.947688, 0.9672579), (42.212654, 8.947688, 0.8849617), (42.037693, 8.982491, 0.9002018), (41.889362, 9.081599, 0.9154418), (41.790253, 9.229924, 0.9306818), (41.75545, 9.404889, 0.94592184), (41.75545, 14.129298, 1.031266), (36.116642, 14.129298, 1.2507225), (30.477829, 14.129298, 1.470179), (24.839018, 14.129298, 1.6896354), (19.200207, 14.129298, 1.9090918), (13.561396, 14.129298, 2.1285481), (7.9225845, 14.129298, 2.3480046), (7.9225845, 10.471691, 2.2839966), (7.9225845, 9.404889, 2.2626605), (7.8877826, 9.229924, 2.2657084), (7.8463845, 9.152161, 2.267205), (7.7206693, 9.025596, 2.2702532), (7.718112, 9.023889, 2.270308), (7.5530715, 8.956174, 2.273356), (7.4653835, 8.947688, 2.2748525), (6.3985815, 8.947688, 2.2748525), (5.78898, 8.947688, 2.2748525), (3.8077762, 8.947688, 2.2748525), (3.6328146, 8.982491, 2.2603745), (3.4844863, 9.081599, 2.2458966), (3.3853774, 9.229924, 2.2314184), (3.3505754, 9.404889, 2.2169404), (3.3505754, 14.129298, 2.3022845), (-2.5930367, 14.129298, 2.082828), (-8.536649, 14.129298, 1.8633717), (-8.536649, 9.404889, 1.7780275), (-8.57145, 9.229924, 1.7749795), (-8.67056, 9.081599, 1.7719315), (-8.818885, 8.982491, 1.7688835), (-8.99385, 8.947688, 1.7658355), (-10.736928, 8.947688, 1.6774433), (-11.552507, 9.001144, 1.6514164), (-12.3541355, 9.160598, 1.6253865), (-13.128092, 9.423321, 1.5993595), (-13.861135, 9.784817, 1.5733325), (-14.174301, 9.97814, 1.561619), (-14.825974, 10.471448, 1.5355922), (-15.407683, 11.045594, 1.5095623), (-15.909473, 11.69076, 1.4835353), (-16.322762, 12.395901, 1.4575083), (-16.477932, 12.729621, 1.4457948), (-16.750757, 13.500074, 1.4556277), (-16.920683, 14.299545, 1.4654605), (-16.984804, 15.114359, 1.4752935), (-16.98534, 15.196101, 1.476275), (-16.98534, 15.732697, 1.4855134), (-16.994865, 15.732697, 1.4856781), (-16.994865, 19.796694, 1.5556542), (-16.994865, 23.860693, 1.6256272), (-18.870499, 23.860693, 1.6256272), (-20.546902, 23.860693, 1.6256272), (-26.596085, 23.860693, 1.6256272), (-26.596085, 22.663715, 1.6012431), (-28.932888, 22.663715, 1.6500113), (-28.932888, 18.866405, 1.5783831), (-28.932888, 15.069099, 1.506755), (-26.596085, 15.069099, 1.4626747), (-26.596085, 15.272301, 1.4588434), (10.208589, 99.62587, 3.2471664), (10.3835535, 99.591064, 3.2410705), (10.531878, 99.49196, 3.2349744), (10.630988, 99.34363, 3.2288785), (10.66579, 99.16867, 3.2227824), (10.66579, 98.4891, 3.1983984), (10.66579, 95.96826, 3.085622), (6.093781, 95.96826, 3.024662), (6.093781, 99.16867, 3.1679182), (6.128583, 99.34363, 3.178681), (6.227692, 99.49196, 3.1894433), (6.34857, 99.57862, 3.1983984), (6.5208583, 99.62488, 3.2088377), (6.5509815, 99.62587, 3.2105904), (10.208589, 99.62587, 3.2471664), (10.208589, 86.82424, 2.065869), (10.3835535, 86.85905, 2.0662987), (10.531878, 86.95815, 2.0667286), (10.630988, 87.10648, 2.0671582), (10.66579, 87.28145, 2.067588), (10.66579, 92.00585, 2.1529322), (15.999801, 92.00585, 2.1834123), (18.40338, 91.97949, 2.2839966), (21.476631, 91.8689, 2.3750832), (24.545572, 91.672104, 2.4661667), (27.607779, 91.38927, 2.5572534), (28.666292, 91.27129, 2.588797), (31.715631, 90.87298, 2.657179), (34.364777, 90.4559, 2.7168133), (33.591908, 85.79206, 2.6314692), (33.597412, 85.61473, 2.6322281), (33.670006, 85.45285, 2.6329901), (33.798756, 85.330795, 2.6337492), (33.96428, 85.26694, 2.6345081), (34.671528, 85.14088, 2.6375651), (35.199272, 85.0999, 2.668917), (35.724323, 85.16704, 2.700266), (36.224773, 85.339485, 2.7316175), (36.67973, 85.61005, 2.7629693), (37.0702, 85.96743, 2.794321), (37.37989, 86.396706, 2.82567), (37.595867, 86.879974, 2.8570216), (37.75403, 87.35486, 2.8935978), (38.591923, 89.703285, 3.018435), (39.51227, 92.020645, 3.143269), (39.944664, 93.03339, 3.1983984), (40.306396, 93.84856, 3.2288785), (40.471203, 94.33952, 3.2593584), (40.535057, 94.85347, 3.2898386), (40.49542, 95.36985, 3.3203187), (40.353867, 95.86802, 3.3507986), (40.11606, 96.328094, 3.3812788), (39.791492, 96.73167, 3.411759), (39.393143, 97.06262, 3.4422388), (38.936924, 97.30774, 3.472719), (38.44107, 97.45722, 3.5031989), (38.419838, 97.46136, 3.5031989), (37.440605, 97.647896, 3.5519671), (37.26135, 97.6455, 3.541299), (37.096798, 97.57437, 3.530631), (36.97224, 97.44544, 3.519963), (36.906834, 97.278534, 3.509295), (36.877346, 97.11288, 3.5031989), (36.079384, 92.62984, 3.3386066), (32.76054, 93.183205, 3.3009028), (29.426575, 93.636635, 3.263199), (26.080496, 93.98973, 3.225492), (23.670181, 94.18133, 3.1983984), (20.310339, 94.36129, 3.155644), (16.94661, 94.440254, 3.1128926), (15.999801, 94.44426, 3.1008623), (10.818191, 94.44426, 3.039009), (5.63658, 94.44426, 2.9771557), (0.45496956, 94.44426, 2.9153025), (-1.3632209, 94.44426, 2.8935978), (-4.7266407, 94.44426, 2.8417816), (-6.9026427, 94.50292, 2.8128257), (-9.072323, 94.67875, 2.7838695), (-8.764215, 97.86193, 2.8935978), (-8.616286, 99.390274, 2.954558), (-8.653627, 99.62015, 2.968783), (-8.799356, 99.8018, 2.9830048), (-9.015657, 99.888115, 2.99723), (-9.5569315, 99.95882, 2.9941819), (-10.050215, 99.97965, 2.9738915), (-10.538493, 99.90653, 2.953601), (-11.004037, 99.74211, 2.9333134), (-11.4299345, 99.49237, 2.9130228), (-11.786225, 99.18167, 2.8935978), (-12.091605, 98.79372, 2.8731334), (-12.102935, 98.77594, 2.8722618), (-14.299413, 95.29803, 2.699638), (-15.709756, 93.06487, 2.588797), (-16.495888, 91.82011, 2.527837), (-16.73558, 91.33463, 2.50231), (-16.869139, 90.809944, 2.476783), (-16.890734, 90.26895, 2.4512558), (-16.799417, 89.73529, 2.4257288), (-16.599186, 89.232254, 2.4002018), (-16.298775, 88.781815, 2.3746748), (-15.911311, 88.403656, 2.3491476), (-15.4537115, 88.11427, 2.3236206), (-15.252323, 88.06691, 2.3259065), (-15.050679, 88.11317, 2.3281927), (-14.890065, 88.24355, 2.3304787), (-14.803361, 88.43139, 2.3327646), (-13.859022, 92.99093, 2.4181087), (-12.052868, 92.63718, 2.354625), (-10.233184, 92.36136, 2.2911441), (-10.027633, 92.33521, 2.2839966), (-8.196844, 92.14668, 2.2132707), (-6.359647, 92.037, 2.1425447), (-4.7266407, 92.00585, 2.07978), (0.68357, 92.00585, 2.1102602), (6.093781, 92.00585, 2.1407402), (6.093781, 87.28145, 2.055396), (6.128583, 87.10648, 2.055826), (6.227692, 86.95815, 2.0562556), (6.37602, 86.85905, 2.0566854), (6.5509815, 86.82424, 2.057115), (10.208589, 86.82424, 2.065869), (44.46603, 105.099304, 3.7897115), (44.465637, 104.89759, 3.7798054), (44.552082, 104.71535, 3.7698996), (44.70854, 104.588036, 3.7599936), (44.904556, 104.54044, 3.7500875), (45.404644, 104.58114, 3.7616699), (45.88751, 104.71746, 3.7732522), (46.335045, 104.944305, 3.7848346), (46.73046, 105.25316, 3.7964172), (47.05893, 105.63244, 3.8079996), (48.783806, 107.96231, 3.9024878), (50.60293, 110.21937, 3.996976), (50.89738, 110.65184, 4.0182753), (51.098946, 111.13464, 4.039578), (51.199394, 111.6481, 4.0608773), (51.194637, 112.17128, 4.0821767), (51.08487, 112.68282, 4.1034794), (51.004784, 112.897675, 4.1128), (50.752945, 113.35627, 4.134179), (50.4141, 113.75491, 4.1555576), (50.002075, 114.077354, 4.176936), (49.533672, 114.31044, 4.198315), (49.25259, 114.39854, 4.210336), (48.636738, 114.552185, 4.210336), (48.45777, 114.56024, 4.2035456), (48.28945, 114.49892, 4.1967545), (48.157616, 114.37762, 4.1899633), (48.082508, 114.21497, 4.1831727), (47.646652, 112.39801, 4.1128), (46.838814, 109.03033, 3.99088), (45.439167, 109.3631, 4.015264), (44.54887, 105.46227, 3.8079996), (44.46603, 105.099304, 3.7897115), (36.32728, 125.77401, 4.618769), (36.673687, 128.27351, 4.7224016), (37.05982, 131.05971, 4.8199377), (33.935013, 131.46906, 4.7848854), (30.802301, 131.81273, 4.7498336), (31.224522, 136.2101, 4.9479537), (31.276207, 136.38153, 4.9573693), (31.389765, 136.51997, 4.9667816), (31.547781, 136.60419, 4.976197), (31.72602, 136.62125, 4.985612), (31.99564, 136.5935, 4.99977), (32.5075, 136.48738, 4.9967217), (32.987633, 136.28065, 4.993674), (33.416496, 135.98177, 4.990626), (33.77663, 135.60286, 4.987578), (36.172558, 132.50908, 4.891566), (38.568485, 129.41528, 4.7955537), (38.85502, 128.95166, 4.7750587), (39.038223, 128.43835, 4.754561), (39.10999, 127.89809, 4.734066), (39.09966, 127.58771, 4.7224016), (38.992107, 127.053406, 4.702495), (38.775166, 126.55342, 4.6825886), (38.458427, 126.10989, 4.662682), (38.055912, 125.74243, 4.6427755), (37.585426, 125.46731, 4.6228685), (37.0678, 125.2967, 4.602962), (36.83588, 125.25747, 4.594385), (36.62963, 125.27954, 4.600481), (36.45437, 125.39048, 4.6065774), (36.346157, 125.567444, 4.6126733), (36.32728, 125.77401, 4.618769), (48.643627, 37.25128, 2.8631177), (47.140263, 37.25128, 2.8935978), (48.536736, 35.143936, 2.8661656), (47.140263, 35.143936, 2.8935978), (48.536736, 35.143936, 2.8661656), (48.643627, 37.25128, 2.8631177), (48.841537, 22.511316, 1.985292), (48.841537, 24.035318, 2.07978), (-35.8671, 25.887934, 2.8173976), (-35.8671, 29.95079, 2.8173976), (-35.8671, 34.013645, 2.8173976), (-35.867096, 37.214046, 2.8425436), (-35.867092, 40.414448, 2.8676927), (-35.8671, 40.468422, 2.8676927), (-34.57183, 40.468422, 2.8935978), (-34.57183, 43.771156, 2.8935978), (-34.57183, 47.07389, 2.8935978), (-35.8671, 47.07389, 2.8676927), (-35.86393, 48.34207, 2.7411973), (-35.864986, 52.778976, 2.7411973), (-35.866043, 57.215885, 2.7411973), (-35.8671, 61.65279, 2.7411973), (-33.46555, 61.65913, 2.7411973), (-33.160748, 61.657722, 2.893543), (-32.090828, 61.65279, 2.893549), (-26.367483, 61.65279, 2.8935978), (-20.809952, 61.65279, 2.8783576), (-15.25242, 61.65279, 2.8631177), (-9.694891, 61.65279, 2.8478777), (-4.1373577, 61.65279, 2.8326375), (1.4201725, 61.65279, 2.8173976), (1.4201725, 60.1399, 2.847655), (4.0827184, 60.1399, 2.8935978), (4.313599, 61.5504, 2.8650136), (4.5356464, 62.906918, 2.8925035), (4.544482, 62.960896, 2.8935978), (8.989387, 62.960896, 2.8935978), (8.989387, 62.90692, 2.8935978), (8.989387, 61.65279, 2.8173976), (8.989387, 60.1399, 2.8924851), (9.85299, 60.1399, 2.8924851), (9.85299, 61.65279, 2.8935978), (10.541102, 61.65279, 2.7411973), (16.565533, 61.65279, 2.7411973), (22.589962, 61.65279, 2.7411973), (28.614391, 61.65279, 2.7411973), (34.63882, 61.65279, 2.7411973), (40.66325, 61.65279, 2.7411973), (43.901756, 61.65279, 2.7411973), (47.140263, 61.65279, 2.7411973), (47.140263, 57.41785, 2.7411973), (47.140263, 53.182915, 2.7411973), (47.140263, 48.947975, 2.7411973), (47.140263, 48.40032, 2.7411973), (47.140263, 48.095516, 2.8676927), (47.140263, 47.07389, 2.8676927), (45.844994, 47.07389, 2.8935978), (45.844994, 44.928417, 2.8935978), (45.844994, 43.771156, 2.8935978), (45.844994, 40.468422, 2.8768306), (47.140263, 40.468422, 2.8509257), (47.140263, 37.25128, 2.8935978), (47.140263, 35.143936, 2.8935978), (47.140263, 33.020557, 2.7411973), (47.140263, 29.45504, 2.7411973), (47.140263, 25.88952, 2.7411973), (47.001755, 25.786016, 2.7411973), (46.696953, 25.816498, 2.8935978), (41.858242, 25.816498, 2.8935978), (37.019535, 25.816498, 2.8935978), (32.180824, 25.816498, 2.8935978), (27.342113, 25.816498, 2.8935978), (21.512405, 25.852478, 2.8935978), (15.682698, 25.888464, 2.8935978), (9.85299, 25.924446, 2.8935978), (9.85299, 27.462738, 2.8935978), (5.63658, 27.462738, 2.8935978), (1.4201725, 27.462738, 2.8935978), (1.4201725, 25.88952, 2.8935978), (1.389537, 25.889496, 2.8935978), (-2.748055, 25.886333, 2.8935978), (-6.885644, 25.883173, 2.8935978), (-12.540012, 25.884361, 2.8745477), (-18.19438, 25.885553, 2.8554976), (-23.84875, 25.886742, 2.8364477), (-29.503117, 25.887934, 2.8173976), (-32.68511, 25.887934, 2.8173976), (-35.8671, 25.887934, 2.8173976), (48.841537, 22.511316, 1.985292), (48.536736, 22.511316, 2.488213), (45.79274, 64.31329, 2.4128113), (43.071087, 64.93717, 2.3798532), (40.314075, 65.379326, 2.346892), (37.53382, 65.63781, 2.313934), (34.742546, 65.71148, 2.280973), (34.625645, 65.70681, 2.2839966), (31.952532, 65.60002, 2.248015), (28.546234, 65.60002, 2.2839966), (23.422613, 65.60002, 2.33812), (18.298988, 65.60002, 2.3922434), (16.581665, 65.60002, 2.4103851), (15.76333, 65.544846, 2.4185934), (14.959808, 65.38032, 2.4268017), (14.185649, 65.10941, 2.43501), (13.210976, 64.58337, 2.5320828), (12.34757, 63.88965, 2.6291587), (10.888069, 62.4806, 2.8067236), (10.698431, 62.35747, 2.811274), (10.476481, 62.31434, 2.815822), (10.031744, 62.31434, 2.824719), (9.726943, 62.232666, 2.8311014), (9.503814, 62.009537, 2.837484), (9.422143, 61.704735, 2.8438694), (9.422143, 60.742306, 2.8631177), (13.1692, 18.139332, 2.6558533), (15.257203, 18.139332, 2.2839966), (21.20259, 18.139332, 2.0605319), (27.14798, 18.139332, 1.8370705), (33.093372, 18.139332, 1.6136059), (39.03876, 18.139332, 1.3901443), (41.450653, 18.139332, 1.2994906), (47.39604, 18.139332, 1.6329455), (48.841537, 18.139332, 1.7140194), (48.841537, 22.511316, 1.985292), (13.1692, 20.476133, 2.7706442), (7.225274, 20.476133, 2.7716775), (7.225274, 15.958102, 2.543077), (12.929504, 15.958102, 2.3387053), (14.456458, 15.958102, 2.2839966), (20.160688, 15.958102, 2.0577796), (22.142282, 15.958102, 1.979196), (27.846514, 15.958102, 1.7531801), (29.834862, 15.958102, 1.6743953), (35.53909, 15.958102, 1.4487057), (37.53863, 15.958102, 1.3695947), (41.450653, 15.958102, 1.2141464), (44.55028, 15.717353, 1.3695947), (48.16979, 15.436226, 1.5506859), (48.689667, 15.395849, 1.5766945), (48.689667, 16.494978, 1.631522), (48.730347, 17.356548, 1.6745629), (48.83882, 18.139826, 1.7140194), (49.03382, 18.980026, 1.7572432), (49.307117, 19.798115, 1.80047), (49.65628, 20.586813, 1.8436937), (49.688683, 20.650944, 1.8472935), (50.049084, 21.473759, 1.8923217), (50.06574, 21.519293, 1.8947479), (50.32133, 22.380445, 1.9156206), (50.473804, 23.265694, 1.9364903), (50.52113, 24.081995, 1.9554886), (50.5212, 24.114246, 1.9558909), (50.5212, 30.03389, 2.029604), (50.571293, 30.989698, 2.0415277), (50.72102, 31.935038, 2.0534515), (50.96874, 32.859547, 2.0653753), (51.011562, 32.98809, 2.0670638), (51.367767, 33.87646, 2.0708373), (51.746265, 34.6059, 2.0740743), (51.89007, 34.85498, 2.0752082), (51.89007, 39.36481, 2.1284325), (51.89007, 40.666, 2.1437883), (51.89007, 41.123203, 2.1437883), (51.89007, 45.633034, 2.2086773), (51.89007, 46.419117, 2.2199883), (51.89007, 46.87635, 2.2199883), (51.89007, 48.38447, 2.2553453), (51.22819, 49.530884, 2.2839966), (50.935623, 50.03763, 2.3062835), (50.34983, 51.146004, 2.3540459), (49.848503, 52.295055, 2.401808), (49.434444, 53.478363, 2.4495704), (49.109978, 54.689297, 2.4973326), (48.876907, 55.921097, 2.5450919), (48.744843, 57.060654, 2.588797), (48.690006, 58.313107, 2.6380377), (48.689667, 58.419647, 2.6422195), (48.689667, 61.62041, 2.7679102), (48.689667, 64.821175, 2.8935978), (48.708687, 66.27973, 2.923398), (44.709194, 67.23494, 3.007404), (44.468002, 67.29254, 3.01247), (40.46851, 68.24775, 2.9794722), (36.7102, 69.145355, 2.9484618), (33.794903, 69.790215, 2.8742337), (33.115875, 69.92579, 2.8570216), (30.176464, 70.44986, 2.7827966), (29.492369, 70.55732, 2.7655816), (26.533844, 70.9597, 2.6913533), (25.845951, 71.03884, 2.6741414), (24.9335, 71.13548, 2.6683502), (23.12453, 71.29907, 2.500405), (20.144735, 71.48781, 2.4817634), (17.160292, 71.57666, 2.4631217), (16.296982, 71.58372, 2.457733), (15.999801, 71.58421, 2.4558706), (13.866197, 71.58421, 2.442493), (12.037393, 71.58421, 2.567461), (10.0133705, 71.58421, 2.555269), (1.9828771, 69.61456, 2.2533305), (-3.9691443, 69.895935, 2.1937451), (-9.921168, 70.17731, 2.1341565), (-15.873193, 70.45868, 2.0745711), (-21.825218, 70.74006, 2.0149825), (-27.777239, 71.02143, 1.9553971), (-28.653442, 70.71712, 1.9461068), (-29.5722, 70.58975, 1.9368165), (-30.498142, 70.64424, 1.9275261), (-31.39562, 70.87847, 1.9182358), (-31.39562, 70.87847, 1.9182358), (7.590815, -45.486645, -0.76400954), (11.204747, -46.06882, -0.76400954), (-119.85453, -38.473534, -2.90371), (-116.06734, -42.1612, -2.9142804), (-112.25455, -45.70967, -2.924604), (-108.28549, -49.082428, -2.9349244), (-104.16824, -52.272602, -2.9452481), (-99.911194, -55.27369, -2.9555686), (-95.52303, -58.079567, -2.9658892), (-91.012695, -60.684525, -2.9762127), (-86.38937, -63.083244, -2.9865334), (-81.6625, -65.27084, -2.9968538), (-76.8417, -67.24286, -3.0071774), (-71.936806, -68.99527, -3.017498), (-66.95781, -70.52451, -3.0278184), (-61.91487, -71.82746, -3.0381422), (-56.818256, -72.90146, -3.0484626), (-51.67836, -73.74432, -3.0587864), (-51.67836, -73.74432, -3.0587864), (-51.67836, -73.74432, -3.0587864), (-50.426346, -74.02358, -3.0613527), (-49.234333, -74.49752, -3.0639222), (-48.13238, -75.1542, -3.0664885), (-47.148285, -75.97704, -3.0690582), (-46.30687, -76.94531, -3.0716276), (-45.629356, -78.03457, -3.074194), (-45.132828, -79.217354, -3.0767634), (-44.829807, -80.46384, -3.07933), (-44.727947, -81.74256, -3.0818994), (-44.727947, -81.74256, -3.0818994), (-44.727947, -85.54576, -3.089504), (-44.646652, -86.83167, -3.0913603), (-44.404068, -88.0971, -3.0932167), (-44.004047, -89.32191, -3.0950727), (-43.452965, -90.48659, -3.096926), (-42.759598, -91.572586, -3.0987823), (-42.759598, -91.572586, -3.0987823), (-42.386223, -92.08322, -3.100047), (-118.313286, -33.61387, -2.446509), (-121.49236, -36.87875, -2.446509), (-121.905014, -37.46292, -2.446509), (-122.11696, -38.14602, -2.446509), (-122.10744, -38.861176, -2.446509), (-121.87738, -39.53839, -2.446509), (-121.44932, -40.111366, -2.446509), (-121.44932, -40.111366, -2.446509), (-117.66212, -43.79903, -2.4570794), (-113.77378, -47.417812, -2.467403), (-109.726074, -50.8574, -2.4777236), (-105.527245, -54.110786, -2.4880471), (-101.185844, -57.17134, -2.4983678), (-96.71073, -60.032818, -2.5086882), (-92.111015, -62.689392, -2.5190117), (-87.39609, -65.13564, -2.5293324), (-82.57555, -67.366585, -2.5396528), (-77.659225, -69.37768, -2.5499766), (-72.657135, -71.16482, -2.560297), (-67.57948, -72.72436, -2.5706177), (-62.43662, -74.05312, -2.5809412), (-57.239017, -75.14841, -2.5912619), (-51.997272, -76.00798, -2.6015854), (-51.997272, -76.00798, -2.6015854), (-51.997272, -76.00798, -2.6015854), (-50.85006, -76.29135, -2.6053221), (-49.78425, -76.80169, -2.609059), (-48.844215, -77.51775, -2.612799), (-48.069103, -78.40972, -2.616536), (-47.49118, -79.44045, -2.6202757), (-47.134518, -80.56703, -2.6240127), (-47.01395, -81.74256, -2.6277525), (-47.01395, -81.74256, -2.6277525), (-47.01395, -81.74256, -2.6277525), (-47.01395, -85.54576, -2.6353574), (-46.91446, -87.11956, -2.636601), (-46.617558, -88.6683, -2.6378474), (-46.127983, -90.16731, -2.639091), (-45.453526, -91.592735, -2.6403377), (-44.604923, -92.921875, -2.6415813), (-44.604923, -92.921875, -2.6415813), (-43.242073, -94.78575, -2.6343484), (-118.96842, -32.975956, -2.428221), (-122.14749, -36.24084, -2.428221), (-122.64723, -36.910378, -2.428221), (-122.95664, -37.686443, -2.428221), (-123.05466, -38.516148, -2.428221), (-122.934586, -39.34295, -2.428221), (-122.604614, -40.1105, -2.428221), (-122.087234, -40.766495, -2.428221), (-122.087234, -40.766495, -2.428221), (-122.087234, -40.766495, -2.428221), (-118.300026, -44.454163, -2.4387913), (-114.38148, -48.10107, -2.449115), (-110.302315, -51.56739, -2.4594355), (-106.07085, -54.846066, -2.4697592), (-101.6957, -57.9304, -2.4800797), (-97.18581, -60.814117, -2.4904003), (-92.55035, -63.49134, -2.5007238), (-87.798775, -65.956604, -2.5110443), (-82.940765, -68.20489, -2.521365), (-77.98624, -70.23161, -2.5316885), (-72.945274, -72.03264, -2.542009), (-67.828156, -73.6043, -2.5523295), (-62.645317, -74.9434, -2.5626533), (-57.407322, -76.04719, -2.5729737), (-52.124836, -76.91344, -2.5832973), (-52.124836, -76.91344, -2.5832973), (-52.124836, -76.91344, -2.5832973), (-51.15876, -77.15207, -2.5870342), (-50.26124, -77.581825, -2.590771), (-49.46963, -78.18483, -2.594511), (-48.816902, -78.93596, -2.5982478), (-48.330235, -79.80394, -2.6019876), (-48.02988, -80.75264, -2.6057246), (-47.928352, -81.74256, -2.6094644), (-47.928352, -81.74256, -2.6094644), (-47.928352, -81.74256, -2.6094644), (-47.928352, -85.54576, -2.6170692), (-47.82158, -87.23472, -2.6183128), (-47.502956, -88.896774, -2.6195595), (-46.977554, -90.50547, -2.620803), (-46.25375, -92.035194, -2.6220498), (-45.343056, -93.46159, -2.6232932), (-45.343056, -93.46159, -2.6232932), (-44.034107, -95.25175, -2.6273074), (-118.36607, -36.944897, -2.90371), (-114.578865, -40.632565, -2.9142804), (-110.8366, -44.115406, -2.924604), (-106.94094, -47.42579, -2.9349244), (-102.89984, -50.55696, -2.9452481), (-98.72153, -53.502544, -2.9555686), (-94.41451, -56.25653, -2.9658892), (-89.987595, -58.81331, -2.9762127), (-85.449776, -61.167667, -2.9865334), (-80.81032, -63.314808, -2.9968538), (-76.078674, -65.25035, -3.0071774), (-71.26449, -66.97036, -3.017498), (-66.37758, -68.47132, -3.0278184), (-61.427902, -69.75017, -3.0381422), (-56.42555, -70.804306, -3.0484626), (-51.38071, -71.631584, -3.0587864), (-51.38071, -71.631584, -3.0587864), (-51.38071, -71.631584, -3.0587864), (-49.953487, -71.938034, -3.0609565), (-48.58454, -72.44486, -3.0631266), (-47.301857, -73.141716, -3.065297), (-46.131653, -74.01436, -3.06747), (-45.09784, -75.044945, -3.0696402), (-44.22155, -76.212425, -3.0718105), (-43.52069, -77.49292, -3.0739806), (-43.009586, -78.860275, -3.0761538), (-42.69869, -80.28654, -3.078324), (-42.59434, -81.74256, -3.0804942), (-42.59434, -81.74256, -3.0804942), (-42.59434, -81.74256, -3.0804942), (-42.59434, -85.54576, -3.0896382), (-42.49394, -86.81538, -3.0921893), (-42.195217, -88.05342, -3.0947375), (-41.705612, -89.229126, -3.0972886), (-41.03729, -90.313255, -3.0998368), (-41.03729, -90.313255, -3.0998368), (-40.663918, -90.82389, -3.1011019), (64.31372, -85.37872, -3.2800868), (64.61136, -82.629196, -3.2024145), (64.66413, -82.14028, -3.1884484), (65.07368, -78.34581, -3.0800705), (65.427124, -78.29858, -3.0835452), (66.304016, -78.181404, -3.092168), (70.11976, -77.6565, -3.126717), (70.82575, -77.43701, -3.1283937), (71.20795, -77.28499, -3.1278968), (71.40626, -77.191246, -3.1272538), (71.503746, -77.145164, -3.1262965), (71.572205, -77.1128, -3.1266136), (71.68551, -77.05924, -3.1259675), (72.14251, -76.802185, -3.1228158), (72.14651, -76.799934, -3.1227913), (72.148346, -76.79873, -3.1227732), (72.14992, -76.79769, -3.122761), (72.15319, -76.795525, -3.1226907), (72.168884, -76.78518, -3.1225536), (72.58887, -76.50808, -3.1177316), (72.69753, -76.424805, -3.1162534), (72.763145, -76.37451, -3.1146898), (72.845406, -76.31147, -3.114007), (73.00861, -76.18639, -3.1111662), (73.25053, -75.97238, -3.1067557), (73.26469, -75.959854, -3.1064115), (73.3262, -75.905426, -3.1049087), (73.329285, -75.90271, -3.1048265), (73.35893, -75.87648, -3.1046162), (73.40399, -75.83662, -3.103787), (73.773735, -75.46017, -3.0945911), (73.81322, -75.41391, -3.0933142), (73.81623, -75.410385, -3.0932167), (73.8177, -75.40866, -3.0931494), (73.844376, -75.37741, -3.0919456), (73.848625, -75.37243, -3.091851), (73.91382, -75.29606, -3.0902112), (74.11661, -75.05848, -3.0841243), (74.24311, -74.88745, -3.0791895), (74.24852, -74.880135, -3.0789366), (74.307785, -74.80001, -3.076163), (74.35337, -74.73839, -3.075026), (74.43135, -74.632965, -3.0722127), (74.71609, -74.18611, -3.0589478), (75.10963, -73.56903, -3.0509925), (75.44004, -72.917755, -3.040553), (75.70539, -72.23707, -3.0277271), (75.903755, -71.53183, -3.0125937), (76.03269, -70.81105, -2.9953635), (76.0914, -70.082794, -2.976228), (76.08003, -69.352104, -2.955346), (75.99875, -68.62407, -2.932858), (76.2184, -67.99514, -2.9203916), (76.36543, -67.29664, -2.904219), (76.388336, -67.04295, -2.8976138), (76.4254, -66.63247, -2.8869245), (76.42076, -65.93848, -2.8672373), (76.28014, -62.169304, -2.7575457), (76.22147, -61.308853, -2.7271907), (32.48892, 167.34871, 8.075208), (34.650517, 164.53783, 7.9228077), (36.81211, 161.72693, 7.7704077), (38.901463, 159.01222, 7.618007), (40.990807, 156.29752, 7.4656067), (43.438828, 152.75452, 7.3132067), (45.88684, 149.2115, 7.160806), (49.172752, 145.23862, 6.8560057), (51.0368, 143.38956, 6.551205), (52.835285, 140.78574, 6.551205), (31.141832, 167.25931, 8.075208), (32.939312, 164.65158, 7.9228077), (34.736786, 162.04387, 7.7704077), (36.82659, 159.233, 7.618007), (38.916397, 156.42213, 7.4656067), (30.458872, 166.9215, 8.075208), (32.54559, 164.20352, 7.9228077), (34.6323, 161.48553, 7.7704077), (36.7286, 158.70938, 7.618007), (38.824905, 155.93323, 7.4656067), (41.48582, 152.52635, 7.3132067), (44.14674, 149.11949, 7.160806), (44.95799, 146.3041, 6.8560057), (45.593323, 144.7655, 6.551205), (46.334354, 142.28642, 6.2464046), (54.19234, 138.8306, 6.551205), (56.953373, 135.27779, 6.3988047), (59.7144, 131.72498, 6.2464046), (63.147377, 127.46201, 5.9416037), (65.52721, 124.61452, 5.7892036), (67.907036, 121.76701, 5.636803), (70.337776, 118.78974, 5.484403), (72.76851, 115.81246, 5.3320026), (49.86913, 140.59302, 6.2464046), (49.64047, 142.97104, 6.551205), (48.867302, 145.14708, 6.8560057), (45.797535, 149.14813, 7.160806), (29.89034, 181.74094, 7.4656067), (28.960285, 179.94083, 7.4656067), (28.508436, 179.37474, 7.4656067), (28.171755, 178.83649, 7.4656067), (27.36242, 177.70216, 7.4656067), (26.596935, 176.02104, 7.4656067), (-2.5635715, 22.844563, 2.8042912), (-2.5635715, 20.299479, 2.6732268), (-5.212289, 20.299479, 2.679323), (-5.212289, 22.844563, 2.8256273), (-2.5635715, 22.844563, 2.8042912), (-8.261472, 23.430851, 2.8439152), (-11.376567, 23.430874, 2.8439152), (-14.196677, 23.430893, 2.8439152), (-14.194053, 22.554308, 2.8264532), (-14.189264, 20.982874, 2.7951472), (-13.949094, 20.982874, 2.7951472), (-8.268842, 20.982874, 2.7951472), (-8.268266, 21.175194, 2.7989786), (-8.261472, 23.430851, 2.8439152), (-35.995747, 40.414448, 2.868394), (-35.965263, 40.416122, 2.8935978), (-35.965527, 46.97474, 2.8935978), (-35.996006, 46.9757, 2.8639438), (9.135691, 91.70106, 2.3449566), (9.135691, 93.22506, 3.1435342), (7.62388, 93.22506, 3.1435342), (7.62388, 91.70106, 2.3449566), (9.135691, 91.70106, 2.3449566), (9.135691, 90.78665, 2.3266687), (7.62388, 91.70106, 2.3449566), (7.62388, 90.78665, 2.3236206), (12.500687, -90.42341, -2.2377236), (12.494594, -90.41731, -2.2301004), (-1.2214338, -90.41731, -2.3154447), (-1.2275268, -90.42341, -2.4113562), (12.494594, -88.28675, -2.2194324), (12.494621, -88.28371, -2.2193046), (22.248213, -88.28371, -2.1234202), (22.248259, -88.28675, -2.103913), (21.299194, 193.25603, 7.908561), (21.419353, 193.34978, 7.7555575), (37.16866, 173.04987, 7.053157), (37.047592, 172.95729, 7.2055573), (76.38798, 110.12761, 4.449989), (76.25758, 110.2065, 4.6021056), (73.530914, 31.883934, 1.5951471), (73.530914, 31.731533, 1.4434844), (73.530914, 28.073927, 1.4827397), (73.530914, 24.416319, 1.5219951), (73.530914, 24.26392, 1.6743953), (76.38798, 110.12761, 4.449989), (78.9112, 112.632195, 4.4176006), (81.73716, 115.43727, 4.249662), (82.039894, 115.73777, 4.2316723), (4.8806744, 1.0228785, 2.2809486), (6.3924856, 1.0228754, 2.2809486), (6.3924856, 1.0228754, 2.2809486), (6.3924856, -1.5456641, 2.2291324), (4.8806744, -1.5456641, 2.2291324), (4.8806744, 1.0228785, 2.2809486), (4.8806744, -12.388354, 0.513105), (4.8806744, -8.883147, 0.65483725), (4.8806744, -5.37794, 0.7965696), (6.3924856, -12.388354, 0.513105), (6.3924856, -8.883147, 0.65483725), (6.3924856, -5.37794, 0.7965696), (6.3924856, -5.37794, 0.7965696), (6.3924856, -4.2888694, 0.7965696), (6.3924856, -4.2858214, 0.93982583), (6.3924856, -3.9871168, 0.93982583), (6.3924856, -3.9840689, 1.0830821), (6.3924856, -3.6823163, 1.0830821), (6.3924856, -3.6792684, 1.2263384), (6.3924856, -3.3775158, 1.2263384), (6.3924856, -3.3744676, 1.3695947), (6.3924856, -3.072715, 1.3695947), (6.3924856, -3.069667, 1.512851), (6.3924856, -2.7679145, 1.512851), (6.3924856, -2.7648666, 1.6561073), (6.3924856, -2.4631138, 1.6561073), (6.3924856, -2.4600658, 1.7993636), (6.3924856, -2.1583133, 1.7993636), (6.3924856, -2.1552653, 1.9426198), (6.3924856, -1.8535126, 1.9426198), (6.3924856, -1.8504647, 2.0858762), (6.3924856, -1.548712, 2.0858762), (6.3924856, -1.5456641, 2.2291324), (4.8806744, -5.37794, 0.7965696), (4.8806744, -4.2888694, 0.7965696), (4.8806744, -4.2858214, 0.93982583), (4.8806744, -3.9871168, 0.93982583), (4.8806744, -3.9840689, 1.0830821), (4.8806744, -3.6823163, 1.0830821), (4.8806744, -3.6792684, 1.2263384), (4.8806744, -3.3775158, 1.2263384), (4.8806744, -3.3744676, 1.3695947), (4.8806744, -3.072715, 1.3695947), (4.8806744, -3.069667, 1.512851), (4.8806744, -2.7679145, 1.512851), (4.8806744, -2.7648666, 1.6561073), (4.8806744, -2.4631138, 1.6561073), (4.8806744, -2.4600658, 1.7993636), (4.8806744, -2.1583133, 1.7993636), (4.8806744, -2.1552653, 1.9426198), (4.8806744, -1.8535126, 1.9426198), (4.8806744, -1.8504647, 2.0858762), (4.8806744, -1.548712, 2.0858762), (9.446588, 92.92026, 3.1435342), (9.446588, 90.78665, 2.3266687), (9.141787, 90.78665, 2.3266687), (9.141787, 93.22506, 3.1435342), (13.587429, 93.22506, 3.1465824), (18.033068, 93.22506, 3.1496303), (22.478706, 93.22506, 3.1542022), (26.924345, 93.22506, 3.1587744), (26.924345, 92.92026, 3.1587744), (22.479267, 92.92026, 3.1542022), (18.03419, 92.92026, 3.1496303), (13.74039, 92.92026, 3.1465824), (9.446588, 92.92026, 3.1435342), (7.62388, 91.70106, 2.3449566), (9.135691, 91.70106, 2.3449566), (1.3748395, 93.2281, 2.8783576), (4.4978356, 93.2281, 3.010946), (7.620832, 93.2281, 3.1435342), (7.620832, 90.78361, 2.3236206), (7.309935, 90.78361, 2.3236206), (7.309935, 92.917206, 2.536981), (1.3761623, 92.917206, 2.536981), (-1.7474953, 92.917206, 2.5354571), (-4.8711557, 92.917206, 2.533933), (-4.8711557, 93.2281, 2.613181), (-1.7481598, 93.2281, 2.7457695), (1.3748395, 93.2281, 2.8783576), (1.3748395, 93.22506, 2.8783576), (4.4963117, 93.22506, 3.010946), (7.617784, 93.22506, 3.1435342), (7.617784, 90.78665, 2.3266687), (7.3129835, 90.78665, 2.3266687), (7.3129835, 92.92026, 3.1435342), (1.3761623, 92.92026, 2.8783576), (-1.7459712, 92.92026, 2.7457695), (-4.868108, 92.92026, 2.613181), (-4.868108, 93.22506, 2.613181), (-1.7466357, 93.22506, 2.7457695), (1.3748395, 93.22506, 2.8783576), (6.3955336, -46.830822, -0.6664734), (6.3955336, -47.745224, -0.6847614), (6.3955336, -48.046978, -0.6847614), (6.3970575, -48.050026, -0.89507383), (6.3955336, -48.35178, -0.89507383), (6.3955336, -48.354828, -1.1084342), (4.8776264, -48.354828, -1.1084342), (4.8776264, -48.35178, -0.89507383), (4.8776264, -48.050026, -0.89507383), (4.8776264, -48.046978, -0.6847614), (4.8776264, -47.745224, -0.6847614), (4.8776264, -46.830822, -0.6664734), (6.3955336, -48.354828, -1.1084342), (6.3955336, -49.26923, -1.1267223), (6.3955336, -54.45084, -1.2943627), (4.8745785, -46.830822, -0.6664734), (4.8745785, -49.26923, -1.1267223), (4.569778, -49.26923, -1.1267223), (4.569778, -46.830822, -0.6664734), (4.8745785, -46.830822, -0.6664734), (6.3985815, -46.830822, -0.6573293), (6.703382, -46.830822, -0.6573293), (6.703382, -49.26923, -1.1267223), (6.3985815, -49.26923, -1.1267223), (6.3985815, -46.830822, -0.6573293), (6.3985815, -1.5456641, 2.2291324), (6.703382, -1.5456641, 2.2291324), (6.703382, -5.0731397, 1.979196), (12.173276, -5.0731397, 1.7749795), (17.64317, -5.0731397, 1.5707631), (23.113064, -5.0731397, 1.3665468), (28.582954, -5.0731397, 1.1623303), (28.582954, -5.37794, 1.1623303), (23.036863, -5.37794, 1.3665468), (17.49077, -5.37794, 1.5707631), (11.944675, -5.37794, 1.7749795), (6.3985815, -5.37794, 1.979196), (6.3985815, -1.5456641, 2.2291324), (46.982784, -103.79406, -3.8120158), (51.21164, -104.424644, -3.8120158), (52.08318, -100.24305, -3.7104166), (52.954723, -96.06145, -3.6088142), (53.826267, -91.879845, -3.507215), (56.77701, -89.42672, -3.3548148), (59.727757, -86.973595, -3.2024145), (64.31372, -85.37872, -3.2800868), (64.61136, -82.629196, -3.2024145), (64.66413, -82.14028, -3.1884484), (65.07368, -78.34581, -3.0800705), (65.427124, -78.29858, -3.0835452), (66.304016, -78.181404, -3.092168), (70.11976, -77.6565, -3.126717), (70.82575, -77.43701, -3.1283937), (71.20795, -77.28499, -3.1278968), (71.40626, -77.191246, -3.1272538), (71.503746, -77.145164, -3.1262965), (71.572205, -77.1128, -3.1266136), (71.68551, -77.05924, -3.1259675), (72.14251, -76.802185, -3.1228158), (72.14651, -76.799934, -3.1227913), (72.148346, -76.79873, -3.1227732), (72.14992, -76.79769, -3.122761), (72.15319, -76.795525, -3.1226907), (72.168884, -76.78518, -3.1225536), (72.58887, -76.50808, -3.1177316), (72.69753, -76.424805, -3.1162534), (72.763145, -76.37451, -3.1146898), (72.845406, -76.31147, -3.114007), (73.00861, -76.18639, -3.1111662), (73.25053, -75.97238, -3.1067557), (73.26469, -75.959854, -3.1064115), (73.3262, -75.905426, -3.1049087), (73.329285, -75.90271, -3.1048265), (73.35893, -75.87648, -3.1046162), (73.40399, -75.83662, -3.103787), (73.773735, -75.46017, -3.0945911), (73.81322, -75.41391, -3.0933142), (73.81623, -75.410385, -3.0932167), (73.8177, -75.40866, -3.0931494), (73.844376, -75.37741, -3.0919456), (73.848625, -75.37243, -3.091851), (73.91382, -75.29606, -3.0902112), (74.11661, -75.05848, -3.0841243), (74.24311, -74.88745, -3.0791895), (74.24852, -74.880135, -3.0789366), (74.307785, -74.80001, -3.076163), (74.35337, -74.73839, -3.075026), (74.43135, -74.632965, -3.0722127), (74.71609, -74.18611, -3.0589478), (75.10963, -73.56903, -3.0509925), (75.44004, -72.917755, -3.040553), (75.70539, -72.23707, -3.0277271), (75.903755, -71.53183, -3.0125937), (76.03269, -70.81105, -2.9953635), (76.0914, -70.082794, -2.976228), (76.08003, -69.352104, -2.955346), (75.99875, -68.62407, -2.932858), (76.2184, -67.99514, -2.9203916), (76.36543, -67.29664, -2.904219), (76.388336, -67.04295, -2.8976138), (76.4254, -66.63247, -2.8869245), (76.42076, -65.93848, -2.8672373), (76.26467, -61.94239, -2.7495418), (80.228806, -60.69131, -2.798898), (84.19294, -59.44023, -2.8482575), (88.157074, -58.18915, -2.8976138), (88.791275, -58.41153, -2.8976138), (89.359314, -58.572205, -2.8976138), (90.11152, -58.734333, -2.8976138), (90.67465, -58.820484, -2.8976138), (91.47304, -58.880352, -2.8976138), (92.038376, -58.896423, -2.8976138), (96.702415, -58.518074, -2.8976138), (101.36645, -58.139725, -2.8976138), (106.29551, -58.397346, -3.050014), (111.22456, -58.65497, -3.2024145), (111.659935, -58.60008, -3.2024145), (112.04871, -58.537617, -3.2024145), (113.076866, -58.29185, -3.2024145), (113.57576, -58.134453, -3.2024145), (114.57129, -57.728016, -3.2024145), (115.09911, -57.457382, -3.2024145), (115.95903, -56.93071, -3.2024145), (117.47762, -53.57276, -2.8976138), (117.98991, -52.729355, -2.8976138), (118.484955, -51.648094, -2.8976138), (118.87671, -50.326904, -2.8976138), (119.08888, -48.919575, -2.8976138), (119.10202, -48.53199, -2.8976138), (119.75035, -44.095585, -2.8976138), (119.29805, -38.457626, -2.5928133), (120.14777, -32.68345, -2.5928133), (120.06374, -28.901464, -2.440413), (119.97972, -25.119482, -2.2880125), (120.087105, -24.387573, -2.2880125), (119.98026, -20.76009, -2.1356122), (119.87342, -17.132607, -1.983212), (119.75808, -13.562964, -1.8308117), (119.64273, -9.993322, -1.6784114), (119.52258, -6.4563828, -1.5260111), (119.40243, -2.9194431, -1.3736107), (119.41615, -2.826098, -1.3736107), (119.32063, 0.8783939, -1.2212105), (119.225105, 4.5828857, -1.0688102), (119.142166, 8.372929, -0.91640985), (119.05922, 12.162972, -0.76400954), (118.98064, 15.982681, -0.6116093), (118.902054, 19.802391, -0.45920897), (118.82343, 23.621893, -0.30680865), (118.74482, 27.441399, -0.15440834), (118.553314, 30.492931, -0.0020080362), (118.36181, 33.544464, 0.15039226), (117.967255, 39.56902, 0.45519286), (117.87159, 43.27253, 0.6075932), (117.775925, 46.976044, 0.7599935), (117.65077, 50.478935, 0.9123938), (117.52562, 53.98183, 1.0647941), (116.8516, 58.13464, 1.3695947), (116.77504, 59.079605, 1.3695947), (116.58539, 59.97106, 1.3695947), (116.32704, 60.70042, 1.3695947), (116.18603, 60.98721, 1.3695947), (112.743835, 62.827457, 1.6743953), (112.14129, 63.086857, 1.6743953), (111.39928, 63.33043, 1.6743953), (110.586586, 63.439686, 1.6743953), (107.064156, 63.722862, 1.6743953), (103.541725, 64.00604, 1.6743953), (100.179214, 63.63657, 1.8267956), (96.816696, 63.267097, 1.979196), (91.94227, 63.662216, 1.979196), (91.100746, 63.590378, 1.979196), (90.745735, 63.528202, 1.979196), (89.929634, 63.273495, 1.979196), (86.46145, 62.200447, 1.6743953), (84.19964, 61.833076, 1.6743953), (80.33046, 61.13024, 1.6743953), (76.46129, 60.42741, 1.6743953), (72.05753, 59.670567, 1.6743953), (70.91846, 63.975903, 1.979196), (71.22936, 65.05399, 1.979196), (71.54418, 69.91454, 2.2839966), (72.05945, 70.95863, 2.2839966), (72.39384, 71.57339, 2.2839966), (73.4705, 74.4783, 2.4363968), (74.54715, 77.38322, 2.588797), (75.92887, 78.95344, 2.588797), (78.30532, 81.8884, 2.7411973), (80.68177, 84.82336, 2.8935978), (84.27249, 89.18985, 3.1983984), (87.594, 93.44333, 3.5031989), (87.54006, 98.58366, 3.8293357), (87.48613, 103.723976, 4.1554723), (87.477936, 103.736824, 4.003072), (87.3141, 103.99385, 4.1554723), (87.23219, 104.12237, 4.003072), (90.07626, 108.600555, 3.9085839), (86.05808, 112.16916, 4.070128), (82.039894, 115.73777, 4.2316723), (78.80423, 119.80542, 4.415062), (75.568565, 123.87307, 4.5984483), (72.3329, 127.94073, 4.7818375), (69.09724, 132.00838, 4.965227), (65.86157, 136.07603, 5.1486135), (62.625904, 140.14369, 5.3320026), (60.350533, 143.10031, 5.484403), (58.075157, 146.05696, 5.636803), (54.605488, 150.52412, 5.9018607), (54.08524, 151.19394, 5.9416037), (50.61557, 155.66112, 6.171707), (49.489254, 157.11125, 6.2464046), (46.019585, 161.57841, 6.4462166), (44.196484, 163.92566, 6.551205), (41.958134, 166.81932, 6.703605), (39.71978, 169.71298, 6.8560057), (37.16866, 173.04987, 7.053157), (35.4435, 175.30637, 7.160806), (35.076035, 175.4343, 7.160806), (32.48319, 178.58762, 7.3132067), (29.89034, 181.74094, 7.4656067), (27.410816, 185.09834, 7.618007), (24.931288, 188.45575, 7.7704077), (22.492191, 191.60025, 7.760727), (22.00501, 192.5052, 7.7581425), (21.419353, 193.34978, 7.7555575), (19.29632, 195.85896, 8.067783), (17.173286, 198.36815, 8.380009), (16.980375, 198.79167, 8.380009), (14.703103, 201.25134, 8.532409), (12.425834, 203.71103, 8.68481), (11.357032, 205.99908, 8.68481), (8.545362, 209.60278, 8.83721), (5.7336926, 213.20648, 8.98961), (3.6940978, 213.91219, 9.294411), (2.7784982, 213.18924, 9.294411), (0.90075266, 211.6387, 9.294411), (2.3857596, 206.78578, 9.294411), (4.1679926, 207.5342, 9.294411), (6.0680985, 205.11516, 9.142037), (7.968204, 202.6961, 8.989668), (7.9687037, 202.69505, 8.98961), (8.483109, 201.61201, 8.98961), (8.233212, 201.20871, 8.98961), (8.659641, 201.22142, 8.98961), (9.38015, 199.59792, 8.98961), (9.925328, 198.73627, 8.98961), (11.063229, 196.43279, 8.98961), (9.8626, 193.24785, 8.83721), (8.661973, 190.0629, 8.68481), (7.9551983, 188.2856, 8.380009), (7.2484236, 186.5083, 8.075208), (5.909343, 183.14096, 7.7704077), (4.5359783, 179.68741, 7.4656067), (3.1626139, 176.23387, 7.160806), (1.4783193, 171.99843, 6.8560057), (0.11961574, 168.58176, 6.703605), (-1.2390848, 165.16507, 6.551205), (-2.8034983, 161.23111, 6.3988047), (-4.367909, 157.29713, 6.2464046), (-5.579485, 154.02374, 6.094004), (-6.7910614, 150.75035, 5.9416037), (-7.141875, 150.32155, 5.9416037), (-8.498948, 146.90897, 5.7892036), (-9.856017, 143.49638, 5.636803), (-11.225716, 138.32407, 5.3320026), (-11.552559, 137.84177, 5.3320026), (-13.23537, 134.99846, 5.3320026), (-11.225716, 134.7569, 5.027202), (-13.581751, 130.72665, 5.027202), (-13.606931, 130.68358, 5.027202), (-15.797725, 126.81424, 5.027202), (-16.276276, 125.89214, 5.027202), (-17.183802, 123.73036, 5.027202), (-17.7569, 122.77365, 5.027202), (-17.873169, 122.68908, 5.027202), (-18.57989, 121.55879, 5.027202), (-20.887985, 116.26041, 4.7224016), (-21.52576, 114.3778, 4.4176006), (-21.893736, 114.04008, 4.4176006), (-22.51584, 113.41064, 4.4176006), (-23.169159, 112.56247, 4.4176006), (-23.347254, 112.36639, 4.4176006), (-24.64105, 110.31778, 4.4176006), (-25.144459, 107.69436, 4.4176006), (-26.868902, 105.04549, 4.4176006), (-29.180132, 102.25822, 4.4176006), (-31.491362, 99.47095, 4.4176006), (-33.187637, 96.78506, 4.2652006), (-34.883907, 94.09917, 4.1128), (-36.761555, 90.72427, 3.8079996), (-38.04446, 89.094734, 3.8079996), (-38.17707, 88.88475, 3.8079996), (-38.79088, 87.079895, 3.8079996), (-39.15621, 86.154625, 3.8079996), (-40.694588, 83.96038, 3.8079996), (-40.81516, 83.800835, 3.8079996), (-44.300568, 79.18877, 3.8079996), (-45.6334, 76.158035, 3.5031989), (-48.31176, 72.01449, 3.5031989), (-50.99012, 67.87093, 3.5031989), (-53.050774, 64.74629, 3.5031989), (-54.54766, 62.96345, 3.5031989), (-53.18896, 62.260746, 3.1983984), (-56.834, 57.91621, 3.1983984), (-60.479034, 53.571674, 3.1983984), (-61.186672, 52.20859, 3.1983984), (-62.919758, 48.492653, 3.1983984), (-65.554344, 45.535397, 2.8935978), (-67.42354, 42.575695, 2.7411973), (-69.29274, 39.61599, 2.588797), (-69.444214, 39.15478, 2.588797), (-71.6716, 35.7386, 2.4363968), (-73.89899, 32.322422, 2.2839966), (-75.25772, 29.239878, 2.2839966), (-75.60175, 28.545513, 2.2839966), (-75.82025, 28.161959, 2.2839966), (-77.93975, 25.924255, 1.979196), (-80.37259, 22.072086, 1.6743953), (-83.56144, 18.482687, 1.5727961), (-86.75029, 14.8932905, 1.4711939), (-89.93914, 11.303894, 1.3695947), (-93.35614, 7.5731535, 1.0647941), (-96.77117, 3.8445518, 0.7599935), (-97.03498, 3.3215292, 0.7599935), (-100.94998, -0.7179475, 0.45519286), (-104.124504, -4.183948, 0.15039226), (-106.17425, -6.4218946, -0.15440834), (-107.90951, -8.3164835, -0.45920897), (-109.64477, -10.211072, -0.76400954), (-111.38003, -12.105661, -1.0688102), (-113.391624, -14.30196, -1.3736107), (-116.02743, -17.179781, -1.6784114), (-118.775314, -20.179976, -1.983212), (-121.33307, -22.97258, -2.1356122), (-123.89082, -25.765184, -2.2880125), (-126.95599, -29.111795, -2.5928133), (-128.06903, -30.327028, -2.8976138), (-129.18648, -31.547081, -3.2024145), (-130.2793, -32.74023, -3.507215), (-131.15033, -33.691246, -3.8120158), (-132.02136, -34.642265, -4.116816), (-132.89241, -35.59328, -4.421617), (-133.76344, -36.5443, -4.7264175), (-134.65636, -37.519196, -5.031218), (-135.97487, -38.95876, -5.3360186), (-136.05844, -41.503284, -5.6408195), (-135.53531, -42.086384, -5.6408195), (-135.22546, -42.490604, -5.6408195), (-135.14105, -42.543293, -5.6408195), (-134.82393, -42.961452, -5.6408195), (-134.38261, -43.654224, -5.6408195), (-133.87126, -44.35336, -5.6408195), (-133.4897, -44.97906, -5.6408195), (-131.20905, -46.201218, -5.3360186), (-130.74408, -46.828667, -5.3360186), (-130.48538, -47.13111, -5.3360186), (-130.29947, -47.397648, -5.3360186), (-129.6197, -48.17988, -5.3360186), (-129.17477, -48.96363, -5.3360186), (-128.12952, -49.754017, -5.3360186), (-126.89478, -50.80564, -5.3360186), (-126.445175, -51.15513, -5.3360186), (-123.54837, -53.053993, -5.3360186), (-121.87057, -54.102703, -5.3360186), (-122.91866, -55.272266, -5.6408195), (-123.229324, -56.719566, -5.94562), (-124.10666, -58.2667, -6.2504206), (-125.702805, -59.94048, -6.555221), (-126.37838, -61.046146, -6.555221), (-125.95701, -61.119385, -6.555221), (-125.467995, -61.216755, -6.555221), (-124.98151, -61.32605, -6.555221), (-124.49783, -61.44721, -6.555221), (-124.01727, -61.58015, -6.555221), (-123.5401, -61.724808, -6.555221), (-123.06661, -61.881084, -6.555221), (-122.97835, -61.91263, -6.555221), (-118.02497, -63.147156, -6.555221), (-112.59315, -64.08436, -6.2504206), (-111.92516, -65.22569, -6.2504206), (-110.23789, -66.69288, -6.2504206), (-108.76191, -67.91549, -6.2504206), (-108.23632, -68.383026, -6.2626123), (-107.76247, -68.6962, -6.2504206), (-104.19322, -71.54312, -6.2504206), (-104.85375, -72.8624, -6.555221), (-100.83682, -75.985275, -6.555221), (-96.81989, -79.10816, -6.555221), (-96.02508, -81.45904, -6.8600216), (-93.24947, -83.66056, -6.8600216), (-90.47388, -85.862076, -6.8600216), (-87.46602, -88.21061, -6.8600216), (-86.98568, -90.26087, -7.1648226), (-82.85386, -93.30295, -7.1648226), (-82.301186, -93.6494, -7.1648226), (-81.37667, -94.34739, -7.1648226), (-77.98436, -96.56074, -7.1648226), (-79.375206, -97.67132, -7.469623), (-78.02897, -98.63069, -7.469623), (-74.57951, -100.92274, -7.469623), (-73.47711, -101.589355, -7.469623), (-72.18584, -102.410164, -7.469623), (-72.94877, -103.928856, -7.7744236), (-71.89441, -104.57443, -7.7744236), (-69.11698, -106.41495, -7.7744236), (-64.74018, -109.442116, -7.7744236), (-64.56582, -109.562706, -7.7744236), (-61.79634, -111.40973, -7.7744236), (-62.079956, -112.75748, -8.079225), (-58.83946, -114.723236, -8.079225), (-55.132008, -116.77232, -8.079225), (-51.4669, -118.72762, -8.079225), (-47.80179, -120.68292, -8.079225), (-45.227535, -122.10788, -8.079225), (-46.66064, -123.00122, -8.384025), (-45.742207, -123.51683, -8.384025), (-40.93831, -126.357025, -8.384025), (-40.696957, -126.49972, -8.384025), (-35.792835, -129.16312, -8.384025), (-35.59139, -129.27252, -8.384025), (-32.093803, -131.2498, -8.384025), (-31.098267, -131.98935, -9.146027), (-31.34904, -133.1734, -8.688826), (-27.989748, -135.10577, -8.688826), (-23.046465, -138.02689, -8.688826), (-19.422096, -140.09511, -8.688826), (-15.797725, -142.16331, -8.688826), (-14.450829, -144.39963, -8.993626), (-12.154037, -145.72842, -8.993626), (-11.165621, -144.76381, -8.688826), (-10.177201, -143.7992, -8.384025), (-9.188785, -142.83456, -8.079225), (-8.199843, -141.87012, -7.7744236), (-6.3184285, -141.19693, -7.469623), (-3.7149985, -140.75935, -7.1648226), (-1.1115714, -140.3218, -6.8600216), (0.88589364, -139.54578, -6.555221), (1.3331825, -137.90399, -6.2504206), (2.4288673, -134.73274, -5.6408195), (2.7292423, -133.00891, -5.3360186), (2.9385245, -131.2342, -5.031218), (4.799631, -130.49231, -4.7264175), (6.3841276, -129.42918, -4.421617), (8.256509, -125.280075, -4.421617), (10.128887, -121.13098, -4.421617), (10.894598, -123.026855, -4.116816), (11.302509, -122.10891, -4.116816), (13.861381, -118.98172, -4.116816), (14.370629, -118.94028, -4.116816), (16.26784, -119.50646, -4.116816), (16.568552, -119.728195, -4.111854), (17.1945, -120.12277, -4.1020303), (17.87593, -120.41113, -4.0922036), (18.594975, -120.58572, -4.082377), (19.332766, -120.64195, -4.072553), (20.069962, -120.57836, -4.0627265), (20.787224, -120.3966, -4.0528994), (21.465742, -120.10145, -4.043076), (22.08772, -119.700645, -4.033249), (26.203257, -116.54926, -3.964416), (26.405851, -116.394135, -3.964416), (30.723984, -113.087616, -3.964416), (35.042114, -109.7811, -3.964416), (35.829273, -109.17835, -3.964416), (38.401497, -107.208725, -4.040616), (39.36025, -106.47458, -4.040616), (40.021404, -105.93447, -4.040616), (40.25158, -105.74644, -4.0231786), (41.095337, -104.96366, -3.9556499), (41.888176, -104.12935, -3.8881214), (42.753937, -103.16347, -3.8120158), (46.982784, -103.79406, -3.8120158), (90.07626, 108.600555, 3.9085839), (87.75292, 110.597916, 4.000667), (85.42958, 112.595276, 4.0927505), (82.736046, 115.08372, 4.2029634), (82.039894, 115.73777, 4.2316723), (53.414074, -7.4995904, 0.7447535), (53.413883, -7.4403644, 0.7459239), (53.35134, -6.4302826, 0.76592183), (53.177563, -5.433298, 0.7859229), (52.894676, -4.4616246, 0.8059239), (52.50615, -3.5271637, 0.82592183), (52.032425, -2.6664708, 0.8453376), (51.4508, -1.8382878, 0.8463496), (50.781223, -1.0794472, 0.84735847), (50.03189, -0.39924797, 0.84837043), (49.211975, 0.19397935, 0.8493793), (48.33153, 0.69297147, 0.85039127), (48.304977, 0.706081, 0.8504187), (47.619545, 0.97692984, 0.8511563), (46.899498, 1.1341277, 0.85189086), (46.163548, 1.1735902, 0.85262847), (45.43082, 1.0942903, 0.8533661), (44.720356, 0.89829123, 0.8541007), (44.36778, 0.75270325, 0.8544817), (43.72601, 0.390338, 0.8478096), (43.1508, -0.07043823, 0.84114057), (42.6571, -0.6176498, 0.8344685), (42.25774, -1.2370747, 0.8277964), (41.963093, -1.9126196, 0.82112736), (41.86069, -2.253734, 0.8179056), (41.837383, -2.5845494, 0.814248), (41.9336, -2.901917, 0.8105904), (42.136684, -3.1640973, 0.8069328), (42.41992, -3.3365993, 0.80327517), (42.746056, -3.3967364, 0.7996176), (47.013264, -3.3967364, 0.8422896), (47.013264, -8.883147, 0.6274052), (47.013264, -14.369558, 0.4125208), (47.013264, -19.855968, 0.19916037), (47.013264, -25.34238, -0.014200061), (42.746056, -25.34238, -0.057527468), (42.46349, -25.387135, -0.06044441), (42.208584, -25.517015, -0.063361354), (42.006287, -25.719313, -0.066278294), (41.876408, -25.974216, -0.06919523), (41.831654, -26.256783, -0.07211217), (41.831654, -27.171185, -0.09040021), (41.876408, -27.453753, -0.09344822), (42.006287, -27.708656, -0.096496224), (42.208584, -27.910954, -0.099544235), (42.46349, -28.040833, -0.10259224), (42.746056, -28.085587, -0.10564024), (47.013264, -28.085587, -0.04772813), (47.013264, -33.572, -0.26718456), (47.013264, -39.058407, -0.48664102), (47.013264, -44.54482, -0.7060974), (47.013264, -50.03123, -0.92555386), (42.746056, -50.03123, -0.96822596), (42.41992, -50.09137, -0.9737124), (42.136684, -50.26387, -0.9791988), (41.9336, -50.52605, -0.9846852), (41.837383, -50.84342, -0.9901716), (41.86069, -51.174232, -0.99565804), (42.101856, -51.870667, -1.0103433), (42.45179, -52.519295, -1.0250286), (42.901398, -53.103275, -1.039717), (43.438995, -53.60743, -1.0544022), (44.050613, -54.01865, -1.0690875), (44.720356, -54.32626, -1.0837728), (45.43082, -54.52226, -1.0984582), (46.163548, -54.60156, -1.1131434), (46.899498, -54.562096, -1.1278318), (47.619545, -54.4049, -1.1425171), (48.304977, -54.13405, -1.1572024), (49.192024, -53.63473, -1.1157495), (50.018074, -53.039917, -1.0742966), (50.772892, -52.356968, -1.0328437), (51.44713, -51.594357, -0.9913908), (52.032417, -50.761528, -0.94993794), (52.52151, -49.86881, -0.90848505), (52.90835, -48.927254, -0.8670322), (53.188145, -47.94854, -0.8255793), (53.357418, -46.94479, -0.7841264), (53.414074, -45.928448, -0.7426735), (53.414074, -40.43861, -0.54703116), (53.414074, -34.948772, -0.35138878), (53.414074, -29.458935, -0.15574947), (53.414074, -26.684408, -0.056872144), (53.414074, -21.194574, 0.17251775), (53.414074, -15.704738, 0.40190762), (53.414074, -10.214901, 0.6312945), (53.414074, -7.4995904, 0.7447535), (42.04767, -25.95198, 0.08352207), (45.368668, -25.95198, 0.11492262), (47.165665, -25.95198, 0.13191526), (48.689667, -25.95198, 0.13820024), (48.689667, -20.660496, 0.33722895), (48.689667, -15.369009, 0.5362607), (48.689667, -10.077524, 0.7352894), (48.689667, -4.786036, 0.9343181), (48.689667, -2.5813124, 1.0172452), (48.689667, -0.7525088, 0.8648449), (48.689667, 0.505449, 0.8499859), (52.804474, -25.94117, 0.008339944), (53.037758, -25.894768, 0.006081372), (53.23553, -25.76262, 0.0038227995), (53.367672, -25.564854, 0.001567275), (53.414074, -25.33157, -0.0006912975), (48.689667, -53.565174, -1.1103393), (48.648556, -53.785244, -1.125247), (48.530777, -53.975628, -1.1401519), (48.352207, -54.110657, -1.1550566), (50.21367, -0.5507034, 0.84813267), (50.21367, -2.5813124, 1.0172818), (50.21367, -7.6594033, 0.826184), (50.21367, -12.737497, 0.63508314), (50.21367, -17.815592, 0.4439823), (50.21367, -22.893686, 0.2528845), (50.21367, -25.94117, 0.13820024), (51.432873, -25.94117, 0.12259445), (53.261677, -25.94117, -0.029744891), (53.414074, -25.94117, -0.026008036), (50.21367, -0.7525088, 0.86494243), (48.689667, -0.7525088, 0.8648449), (50.21367, -52.180553, -1.0059054), (50.265026, -52.34987, -1.0131749), (50.401787, -52.462135, -1.0204414), (50.577866, -52.47951, -1.0277109), (50.733932, -52.396145, -1.0349773), (42.04767, -27.475985, 0.058007203), (45.368668, -27.475985, 0.09236737), (47.165665, -27.475985, 0.110960215), (48.689667, -27.475985, 0.10467218), (48.689667, -32.76747, -0.12161789), (48.689667, -38.05896, -0.34790492), (48.689667, -43.350445, -0.57419497), (48.689667, -48.641933, -0.8004851), (48.689667, -50.846664, -0.894769), (48.689667, -53.933422, -1.1395422), (47.165665, -25.494781, 0.13820024), (47.165665, -27.933186, 0.10467218), (53.414074, -28.074774, -0.10642053), (53.367672, -27.84149, -0.085349664), (53.23553, -27.643723, -0.06428185), (53.037758, -27.511576, -0.043210983), (52.804474, -27.465174, -0.022140117), (53.414074, -27.465174, -0.084697396), (53.261677, -27.465174, -0.060224954), (51.432873, -27.465174, 0.09211439), (50.21367, -27.465174, 0.10467218), (50.21367, -32.547592, -0.11258055), (50.21367, -37.630016, -0.32983327), (50.21367, -42.712433, -0.547086), (50.21367, -47.794853, -0.76433873), (50.21367, -50.846664, -0.8947934), (50.21367, -52.877274, -1.0639426), (53.261677, -25.94117, -0.029744891), (53.261677, -26.703173, -0.04498492), (53.261677, -27.465174, -0.060224954), (51.432873, -26.703173, 0.10749463), (53.261677, -26.703173, -0.044844713), (53.414074, -26.703173, -0.05753966), (50.21367, -50.846664, -0.894769), (48.689667, -50.846664, -0.894769), (50.21367, -2.5813124, 1.0172452), (48.689667, -2.5813124, 1.0172452), (51.432873, -25.94117, 0.122655414), (51.432873, -26.703173, 0.107415386), (51.432873, -27.465174, 0.09217535), (50.733932, -1.0318372, 0.8474255), (50.577866, -0.94847125, 0.86211085), (50.401787, -0.96584487, 0.87679917), (50.265026, -1.078109, 0.8914845), (50.21367, -1.2474288, 0.9061698), (48.689667, 0.13720414, 0.85433537), (48.648556, 0.35727018, 0.85301256), (48.530777, 0.5476578, 0.8516897), (48.352207, 0.6826875, 0.8503669), (51.88954, 46.419113, 2.2199883), (51.88954, 46.876312, 2.2199883), (50.08341, 46.876312, 2.2687564), (49.55803, 46.876312, 2.469925), (48.643627, 46.876312, 2.8234937), (48.587536, 46.876312, 2.8234937), (48.94843, 40.666, 2.2047484), (51.88954, 40.666, 2.1437883), (51.88954, 41.123203, 2.1437883), (13.1692, 20.476133, 2.7706442), (13.1692, 20.780935, 2.7747254), (18.757158, 20.780935, 2.7747254), (24.34512, 20.780935, 2.7747254), (29.933077, 20.780935, 2.7747254), (35.521034, 20.780935, 2.7747254), (41.108994, 20.780935, 2.7747254), (46.696953, 20.780935, 2.7747254), (46.696953, 24.438541, 2.8610694), (41.858242, 24.438541, 2.8612645), (37.019535, 24.438541, 2.8614566), (32.180824, 24.438541, 2.8616517), (27.342113, 24.438541, 2.8618467), (27.342113, 25.816498, 2.8935978), (-28.729689, 18.249859, 2.7411973), (-32.798576, 18.249859, 2.7411973), (-36.867466, 18.249859, 2.7411973), (-40.93635, 18.249859, 2.7411973), (-40.910175, 20.474632, 2.5857491), (-26.138884, 23.403492, 1.6256272), (-26.291285, 23.578117, 2.8448296), (48.536736, 24.035318, 2.5735571), (48.460537, 24.035318, 2.569677), (48.460537, 22.511316, 2.492093), (48.536736, 22.511316, 2.488213), (-26.138884, 22.206514, 1.6012431), (-26.291285, 22.358915, 2.8448296), (-26.138884, 23.403492, 1.6256272), (-20.546902, 23.403492, 1.6256272), (-20.546902, 23.457466, 1.6256272), (-18.870499, 23.457466, 1.6256272), (-18.870499, 23.403492, 1.6256272), (-17.452066, 23.403492, 1.6256272), (49.121468, 46.571514, 2.8636177), (48.739937, 46.571514, 2.8570216), (48.739937, 46.723915, 2.8570216), (49.121468, 46.723915, 2.8636053), (49.57867, 46.723915, 2.8714936), (51.73714, 46.723915, 2.9087403), (51.73714, 46.71832, 2.9088378), (51.73714, 46.571514, 2.9088378), (49.57867, 46.571514, 2.871521), (49.121468, 46.571514, 2.8636177), (-26.291285, 23.349518, 2.8448296), (-26.291285, 22.358915, 2.8448296), (-26.443684, 22.358915, 2.8448296), (-26.443684, 23.349518, 2.8448296), (-26.443684, 23.806719, 2.8448296), (-26.443684, 25.406921, 2.8448296), (-26.291285, 25.406921, 2.8448296), (-26.291285, 23.806719, 2.8448296), (-26.291285, 23.349518, 2.8448296), (-17.452066, 15.275496, 1.476275), (-17.452066, 19.339493, 1.5509511), (-17.452066, 23.403492, 1.6256272), (-17.248865, 23.574942, 2.8448296), (-26.596085, 22.206514, 1.6012431), (-26.138884, 22.206514, 1.6012431), (-26.138884, 23.381266, 1.6256272), (-26.138884, 23.403492, 1.6260874), (-26.138884, 15.272301, 1.470179), (-28.729689, 15.272301, 1.6195312), (-28.729689, 17.951155, 1.9639559), (-28.729689, 18.249859, 2.7411973), (-28.729689, 21.843967, 2.806239), (-28.729689, 22.460514, 2.8173976), (-26.596085, 22.460514, 2.8356857), (-26.291285, 23.578117, 2.8448296), (-21.770073, 23.578117, 2.8448296), (-17.248865, 23.578117, 2.8448296), (-26.596085, 22.206514, 1.6012431), (-26.443684, 22.358915, 2.8448296), (-26.596085, 22.460514, 2.8356857), (51.60379, 46.36196, 2.8905497), (51.60379, 43.76858, 2.8905497), (51.60379, 41.18035, 2.8905497), (51.838745, 41.18035, 2.8905497), (51.838745, 42.92343, 2.8905497), (51.787945, 42.92343, 2.8905497), (51.787945, 42.92978, 2.8905497), (51.838745, 42.92978, 2.8905497), (51.838745, 43.76858, 2.8905497), (51.838745, 44.714134, 2.8905497), (51.787945, 44.714134, 2.8905497), (51.787945, 44.720486, 2.8905497), (51.838745, 44.720486, 2.8905497), (51.838745, 46.36196, 2.8905497), (51.60379, 46.36196, 2.8905497), (-17.248865, 23.578117, 2.8448296), (-17.248865, 23.403492, 2.8162363), (-17.248865, 19.339493, 2.150829), (-17.248865, 15.275496, 1.4854189), (-17.452066, 15.275496, 1.476275), (49.121468, 40.8184, 2.8636084), (48.739937, 40.8184, 2.8570216), (48.739937, 40.970802, 2.8570216), (49.121468, 40.970802, 2.8636177), (49.57867, 40.970802, 2.871521), (51.73714, 40.970802, 2.9088378), (51.73714, 40.82326, 2.9088378), (51.73714, 40.8184, 2.9087524), (49.57867, 40.8184, 2.8714998), (49.121468, 40.8184, 2.8636084), (7.62388, 90.78665, 2.3236206), (7.62388, 86.51944, 2.2123685), (9.135691, 90.78665, 2.3266687), (9.135691, 86.51944, 2.2154164), (16.698185, 92.88673, 2.588797), (20.256536, 92.7159, 2.588797), (21.523525, 92.33597, 2.588797), (22.836699, 91.838165, 2.588797), (1.6074634, 93.25858, 2.8935978), (-1.2599789, 94.10756, 2.8935978), (-5.285017, 94.396355, 2.8935978), (-5.4868073, 94.37803, 2.8935978), (-5.8445396, 94.413994, 2.8935978), (4.8745785, -45.30682, -0.63527703), (4.8745785, -41.03961, -0.4294909), (4.8745785, -87.3693, -2.252046), (4.8745785, -84.9309, -2.1569483), (4.8745785, -83.1021, -2.1645684), (6.3985815, -83.1021, -2.1493282), (6.3985815, -84.9309, -2.1569483), (6.3985815, -87.3693, -2.247779), (6.3985815, -67.252464, -1.6921275), (6.3985815, -71.36727, -1.7744236), (6.3985815, -75.48208, -1.8567197), (4.8745785, -67.252464, -1.7073674), (4.8745785, -71.36727, -1.7896636), (4.8745785, -75.48208, -1.8719598), (6.3985815, -62.070854, -1.522518), (6.3985815, -66.338066, -1.6735346), (4.8745785, -62.070854, -1.535277), (4.8745785, -66.338066, -1.6893842), (6.3955336, -46.830822, -0.6664734), (6.3955336, -46.221222, -0.64312565), (4.8776264, -46.830822, -0.6664734), (4.8776264, -46.221222, -0.65324503), (6.3985815, -45.30682, -0.62451756), (6.3985815, -41.03961, -0.4218709), (6.3985815, -33.419598, -0.11262628), (6.3985815, -28.237986, 0.10467218), (9.446588, -28.237986, 0.10584261), (9.446588, -27.475985, 0.13820024), (14.430078, -27.475985, 0.14119339), (19.413567, -27.475985, 0.14418958), (24.397057, -27.475985, 0.14718272), (29.380547, -27.475985, 0.15017585), (29.738462, -27.475985, 0.15039226), (34.364037, -27.475985, 0.15592135), (4.8745785, -33.419598, -0.11389425), (4.8745785, -28.237986, 0.10467218), (3.0457747, -28.237986, 0.10467218), (1.8265723, -28.237986, 0.09265084), (1.8265723, -25.18998, 0.23577301), (5.63658, -25.18998, 0.19853857), (8.380014, -25.18998, 0.17172831), (9.446588, -25.18998, 0.17965312), (9.446588, -25.95198, 0.13820024), (14.430078, -25.95198, 0.15265998), (19.413567, -25.95198, 0.16711973), (24.397057, -25.95198, 0.18158251), (29.380547, -25.95198, 0.19604225), (34.364037, -25.95198, 0.210502), (6.3985815, -24.275578, 0.20938033), (6.3985815, -20.00837, 0.32082763), (4.8745785, -24.275578, 0.22551647), (4.8745785, -20.00837, 0.33352563), (24.426249, -5.4114685, 1.0647941), (25.423193, -5.5307765, 1.0647941), (28.933863, -5.7166133, 1.0647941), (29.212908, -5.6911535, 1.0647941), (23.474743, -5.039612, 1.3695947), (26.681293, -4.5092587, 1.3695947), (15.66264, -5.039612, 1.6743953), (18.921303, -4.5092587, 1.6743953), (7.8505325, -5.039612, 1.979196), (11.16131, -4.5092587, 1.979196), (4.56673, -1.542616, 2.2291324), (4.8776264, -1.542616, 2.2291324), (4.8776264, -5.3809886, 0.7965696), (0.79176813, -5.3809886, 0.88597673), (-3.2940931, -5.3809886, 0.9753869), (-7.3799515, -5.3809886, 1.0647941), (-7.3799515, -5.0700917, 1.0647941), (-1.4066093, -5.0700917, 1.3238746), (4.56673, -5.0700917, 1.5829551), (4.56673, -1.542616, 2.2291324), (6.3955336, -1.542616, 2.2291324), (6.70643, -1.542616, 2.2291324), (6.70643, -5.0700917, 1.979196), (12.176324, -5.0700917, 1.7673595), (17.646217, -5.0700917, 1.555523), (23.116112, -5.0700917, 1.3436867), (28.586002, -5.0700917, 1.1318502), (28.586002, -5.3809886, 1.1318502), (23.038387, -5.3809886, 1.04803), (17.49077, -5.3809886, 0.9642099), (11.943151, -5.3809886, 0.88038975), (6.3955336, -5.3809886, 0.7965696), (6.3955336, -1.542616, 2.2291324), (7.62388, 94.74906, 3.1532788), (7.62388, 93.22506, 3.1435342), (4.569778, -1.5456641, 2.2291324), (4.8745785, -1.5456641, 2.2291324), (4.8745785, -5.37794, 1.5951471), (0.7907501, -5.37794, 1.4285218), (-3.293075, -5.37794, 1.2618995), (-7.3769035, -5.37794, 1.0952742), (-7.3769035, -5.0731397, 1.0952742), (-1.4035614, -5.0731397, 1.3452107), (4.569778, -5.0731397, 1.5951471), (4.569778, -1.5456641, 2.2291324), (4.8776264, -48.35178, -0.89507383), (6.3955336, -48.35178, -0.89507383), (4.8776264, -54.45084, -1.2943627), (4.8776264, -49.26923, -1.1267223), (4.8776264, -48.354828, -1.1084342), (6.3955336, -48.354828, -1.1084342), (4.8806744, -1.548712, 2.0858762), (4.8806744, -1.5456641, 2.2291324), (9.135691, 94.74906, 3.171326), (9.135691, 93.22506, 3.1435342), (9.4496355, 92.917206, 2.5461252), (9.4496355, 90.78361, 2.3327646), (9.138739, 90.78361, 2.3266687), (9.138739, 93.2281, 3.1435342), (13.585905, 93.2281, 3.1465824), (18.033068, 93.2281, 3.1496303), (22.48023, 93.2281, 3.1542022), (26.927393, 93.2281, 3.1587744), (26.927393, 92.917206, 3.085622), (22.480791, 92.917206, 2.8478777), (18.03419, 92.917206, 2.6101332), (13.741914, 92.917206, 2.578129), (9.4496355, 92.917206, 2.5461252), (-25.871408, 75.22353, 2.2300467), (-25.922363, 75.0799, 2.2300467), (-28.487577, 76.052864, 2.1353147), (-28.648657, 76.08608, 2.129603), (-28.811068, 76.06014, 2.123894), (-28.95379, 75.97841, 2.118185), (-29.8166, 75.271736, 2.1050787), (-30.699808, 74.59072, 2.091972), (-32.30685, 73.32032, 2.0719407), (-33.843582, 71.965706, 2.0519123), (-34.48863, 71.351494, 2.043204), (-35.91683, 69.88291, 2.0632997), (-37.264366, 68.33997, 2.083395), (-38.52737, 66.727104, 2.1034906), (-39.46525, 65.40319, 2.1194043), (-40.567875, 63.67672, 2.0782318), (-41.5765, 61.893692, 2.0370593), (-42.488228, 60.059223, 1.9958899), (-43.300438, 58.17858, 1.9547174), (-44.01081, 56.25715, 1.9135449), (-44.6173, 54.30045, 1.8723725), (-45.118164, 52.314087, 1.8312), (-45.43214, 50.76135, 1.7993636), (-45.793385, 49.044987, 1.7719315), (-45.806038, 48.753387, 1.7711695), (-45.708138, 48.47842, 1.7704076), (-45.514046, 48.260433, 1.7696455), (-45.252243, 48.1314, 1.7688835), (-40.97461, 46.96958, 1.8755637), (-41.483944, 45.238445, 1.8577847), (-42.07983, 43.535156, 1.8400027), (-42.760754, 41.864048, 1.8222237), (-43.524986, 40.22936, 1.8044446), (-44.370583, 38.63524, 1.7866626), (-45.295403, 37.08573, 1.7688835), (-47.611477, 33.418446, 1.7251965), (-49.92755, 29.751162, 1.6815063), (-52.24362, 26.083878, 1.6378193), (-55.980404, 28.443838, 1.5646671), (-56.257927, 28.550507, 1.555523), (-56.555145, 28.54285, 1.5463791), (-56.826813, 28.422037, 1.537235), (-57.031567, 28.206457, 1.5280911), (-57.04881, 28.179155, 1.5290085), (-57.110657, 28.024244, 1.5337725), (-57.112823, 27.857454, 1.5385365), (-57.05501, 27.700987, 1.5433006), (-56.40008, 26.66088, 1.5782155), (-55.69481, 25.65423, 1.6131305), (-55.817436, 25.563742, 1.6131305), (-13.380113, 74.33358, 2.2504685), (-15.190848, 74.62037, 2.3787894), (-17.09971, 74.983475, 2.3667834), (-18.996067, 75.407074, 2.3547804), (-19.102806, 75.432816, 2.3541007), (-18.072174, 79.737976, 2.2939787), (-18.059958, 80.03035, 2.2899797), (-18.158838, 80.30577, 2.2859807), (-18.35423, 80.52361, 2.2819817), (-18.617315, 80.65175, 2.2779827), (-19.51417, 80.83458, 2.265544), (-20.426298, 80.91072, 2.253105), (-21.341053, 80.8791, 2.240669), (-22.24575, 80.740166, 2.2282302), (-23.12784, 80.49584, 2.2157912), (-23.975096, 80.14953, 2.2033525), (-24.77576, 79.70601, 2.1909165), (-25.51874, 79.17144, 2.1784775), (-26.193724, 78.55324, 2.1660388), (-26.259533, 78.484505, 2.1639051), (-26.372053, 78.29009, 2.164222), (-26.378405, 78.06555, 2.1645422), (-26.27705, 77.8651, 2.164859), (-26.092459, 77.7371, 2.1651793), (-25.107143, 77.378, 2.1666484), (-25.158092, 77.23437, 2.1666484), (23.295036, 73.42585, 2.4744968), (23.246319, 72.8182, 2.4866889), (21.747932, 72.92584, 2.4760208), (19.33295, 73.046936, 2.462494), (19.027159, 73.05766, 2.4607809), (16.609634, 73.10616, 2.4472356), (16.307083, 73.1077, 2.445541), (15.999801, 73.108215, 2.4436238), (13.866197, 73.108215, 2.4303007), (13.866197, 73.71782, 2.4181087), (15.999801, 73.71782, 2.4314256), (16.308048, 73.71729, 2.433349), (18.74198, 73.67662, 2.4468699), (19.051208, 73.6668, 2.4485888), (21.482817, 73.55301, 2.4621556), (21.782768, 73.53446, 2.4638288), (23.295036, 73.42585, 2.4744968), (13.866197, 73.87022, 2.407264), (13.866197, 73.71782, 2.4181087), (12.037393, 73.71782, 2.5482588), (10.970591, 73.71782, 2.543077), (10.970591, 77.070625, 2.4906514), (10.970591, 78.64288, 2.3114285), (49.007565, 70.77595, 3.0127747), (48.85603, 70.79217, 3.0127747), (49.157078, 73.1361, 3.0203278), (49.14389, 73.33174, 3.0209618), (49.049965, 73.50386, 3.0215926), (48.892574, 73.62081, 3.0222237), (48.238205, 73.87899, 3.0310628), (47.562447, 74.07444, 3.039902), (46.908474, 74.23064, 3.018566), (46.61137, 74.24196, 3.0221474), (46.33255, 74.13872, 3.0257287), (46.114464, 73.936646, 3.0293102), (45.990307, 73.66649, 3.0328918), (44.96364, 69.36778, 3.1097014), (41.084736, 70.29419, 3.0110314), (37.205833, 71.2206, 2.9123614), (34.453587, 71.83315, 2.8425956), (31.683731, 72.36041, 2.7728326), (28.898916, 72.80189, 2.7030668), (26.101795, 73.15714, 2.633301), (26.02817, 73.16531, 2.6314692), (25.147299, 73.25835, 2.625678), (23.295036, 73.42585, 2.4744968), (50.585777, 15.348501, 1.5445503), (50.585777, 15.500901, 1.5445503), (52.638214, 15.500901, 1.7006996), (52.840244, 15.547959, 1.7166224), (53.000683, 15.679444, 1.7325422), (53.08651, 15.868296, 1.7484618), (53.217773, 16.747036, 1.7937248), (53.261677, 17.634441, 1.8389876), (53.261677, 23.532785, 1.912344), (53.261677, 29.431124, 1.9857004), (53.261677, 32.339314, 2.021868), (53.261677, 34.18266, 2.0447798), (53.261677, 40.081, 2.1180935), (53.261677, 45.97934, 2.1914072), (53.261677, 47.052555, 2.2047484), (53.261677, 49.05679, 2.2248104), (53.261677, 49.488396, 2.2291324), (53.261677, 55.386738, 2.4648104), (53.261677, 61.28508, 2.7004914), (53.261677, 64.821175, 2.8417816), (53.29107, 66.5585, 2.9118857), (53.269424, 67.432724, 2.9202282), (53.145733, 68.29842, 2.9285705), (52.92168, 69.14372, 2.93691), (52.600353, 69.95704, 2.9452524), (52.186142, 70.7272, 2.9535947), (51.767277, 71.33737, 2.9606538), (51.197414, 72.00069, 2.9846935), (51.10302, 72.09662, 2.9883907), (51.00201, 72.141, 2.9898171), (50.89752, 72.10559, 2.9912436), (50.844303, 72.00894, 2.99267), (50.67444, 70.597466, 3.010641), (50.522903, 70.613686, 3.010641), (52.09312, 13.672098, 1.6048611), (50.585777, 13.672098, 1.5445503), (50.36607, 13.672098, 1.5527555), (50.36607, 12.716243, 1.4604253), (50.36607, 11.382357, 1.4753149), (50.410694, 11.274606, 1.4766499), (50.51844, 11.229956, 1.4779879), (50.6262, 11.274564, 1.4793229), (51.23215, 11.944278, 1.5253478), (51.76786, 12.671404, 1.5713727), (52.227924, 13.448603, 1.6173975), (52.24248, 13.549982, 1.6132188), (52.189587, 13.637683, 1.60904), (52.09312, 13.672098, 1.6048611), (8.2273855, 8.899432, 2.2672324), (8.2273855, 10.471691, 2.4363968), (8.2273855, 13.824498, 2.500405), (13.764597, 13.824498, 2.2809303), (19.30181, 13.824498, 2.0614524), (24.837574, 13.824498, 1.8420357), (30.374786, 13.824498, 1.6225975), (35.912, 13.824498, 1.4031624), (41.449207, 13.824498, 1.1837243), (41.450653, 13.824498, 1.1836663), (41.450653, 9.404889, 1.0983222), (41.508656, 9.113283, 1.0830821), (41.67384, 8.866072, 1.0678421), (41.921047, 8.7008915, 1.052602), (42.212654, 8.642888, 1.0373621), (44.270058, 8.642888, 1.1196582), (45.308002, 8.7029915, 1.1669663), (46.332066, 8.882509, 1.2142713), (47.328568, 9.179041, 1.2615795), (48.284172, 9.58862, 1.3088845), (48.4181, 9.68989, 1.3165624), (48.506435, 9.83268, 1.3242434), (48.537266, 9.997732, 1.3319213), (48.537266, 12.716243, 1.4555485), (48.689667, 12.716243, 1.4555485), (-13.896058, 13.824498, 1.6225792), (-13.896058, 13.672098, 1.6225792), (-16.05786, 13.672098, 1.6082078), (-16.351307, 13.613326, 1.6062053), (-16.599487, 13.446085, 1.6042027), (-16.764122, 13.196167, 1.6022003), (-16.819818, 12.90212, 1.6001977), (-16.75798, 12.609303, 1.5981952), (-16.373692, 11.853722, 1.6239295), (-15.895081, 11.154063, 1.6496607), (-15.330157, 10.522041, 1.675395), (-14.688378, 9.968227, 1.7011263), (-14.35805, 9.734226, 1.7134098), (-13.622706, 9.312489, 1.7391533), (-12.83908, 8.9892025, 1.7648997), (-12.020275, 8.769776, 1.7906432), (-11.179998, 8.657881, 1.8163867), (-10.736928, 8.642888, 1.8298436), (-8.99385, 8.642888, 1.9182358), (-8.702244, 8.7008915, 1.9212077), (-8.455032, 8.866072, 1.9241794), (-8.289851, 9.113283, 1.9271512), (-8.231848, 9.404889, 1.930123), (-8.231848, 13.824498, 2.015772), (-2.5930367, 13.824498, 2.2352285), (3.0457747, 13.824498, 2.454685), (3.0457747, 9.404889, 2.3693407), (3.1037784, 9.113283, 2.3838186), (3.268962, 8.866072, 2.3982968), (3.5161705, 8.7008915, 2.4127748), (3.8077762, 8.642888, 2.4272528), (5.78898, 8.642888, 2.4272528), (5.963945, 8.67769, 2.4283257), (6.11227, 8.776799, 2.4294016), (6.211379, 8.925124, 2.4304745), (6.246181, 9.100088, 2.4315474), (6.246181, 10.471691, 2.4397497), (6.3985815, 10.471691, 2.4397497), (-57.04371, 24.658842, 1.520858), (-57.166336, 24.568354, 1.5168347), (-57.707043, 25.328407, 1.4922129), (-57.857452, 25.466942, 1.4867692), (-58.053207, 25.526049, 1.4813285), (-58.255154, 25.493912, 1.4758848), (-58.42289, 25.376953, 1.470441), (-58.52286, 25.198572, 1.4649973), (-58.74415, 24.260515, 1.4404852), (-58.86376, 23.30416, 1.4159732), (-58.880325, 22.340492, 1.391458), (-58.793644, 21.380594, 1.366946), (-58.604717, 20.435486, 1.3424339), (-58.31572, 19.516027, 1.3179219), (-57.929962, 18.632786, 1.2934067), (-57.451885, 17.795906, 1.2688947), (-56.886982, 17.015007, 1.2443826), (-56.241737, 16.299059, 1.2198706), (-55.523567, 15.656285, 1.1953585), (-55.068157, 15.29746, 1.1806183), (-54.796585, 15.163511, 1.1859523), (-54.494286, 15.145906, 1.1912863), (-54.209003, 15.247432, 1.1966203), (-53.985783, 15.452048, 1.2019544), (-51.39388, 19.015785, 1.2872986), (-50.000088, 18.0565, 1.3229603), (-48.54827, 17.187521, 1.3586218), (-47.044277, 16.412354, 1.3942835), (-45.494156, 15.734114, 1.4299452), (-43.904144, 15.155535, 1.4656069), (-42.280647, 14.67894, 1.5012686), (-40.630196, 14.306253, 1.5369302), (-38.959435, 14.038971, 1.5725919), (-37.275085, 13.87817, 1.6082536), (-35.58393, 13.824498, 1.6439153), (-30.352222, 13.824498, 1.6286752), (-30.352222, 9.404889, 1.5402831), (-30.294218, 9.113283, 1.531901), (-30.129038, 8.866072, 1.523519), (-29.881826, 8.7008915, 1.515137), (-29.59022, 8.642888, 1.506755), (-29.18689, 8.642888, 1.506755), (-28.621984, 8.698526, 1.511708), (-28.078787, 8.863301, 1.516661), (-27.578176, 9.130882, 1.521614), (-27.139385, 9.49099, 1.526567), (-26.779282, 9.92978, 1.53152), (-26.511698, 10.43039, 1.536473), (-26.346922, 10.973588, 1.5414261), (-26.291285, 11.538493, 1.5463791), (-26.291285, 13.214912, 1.5603999), (-26.326086, 13.3898735, 1.5633839), (-26.425196, 13.538196, 1.566371), (-26.573523, 13.637299, 1.5693549), (-26.748486, 13.672098, 1.5723419), (-28.120087, 13.672098, 1.5951471), (-28.120087, 13.824498, 1.5951471), (4.722178, 71.58421, 2.530885), (4.722178, 71.431816, 2.530885), (2.89182, 71.431816, 2.524789), (-1.8325895, 71.431816, 2.4964364), (-4.7266407, 71.431816, 2.479069), (-7.4531493, 71.49046, 2.4724395), (-10.17461, 71.66632, 2.465807), (-11.982157, 71.84835, 2.4613905), (-13.705765, 72.07089, 2.445541), (-15.582279, 72.368126, 2.4214616), (-15.556182, 72.51827, 2.4214616), (-26.138884, 15.2977, 1.4716023), (-26.138884, 14.586499, 1.4573773), (-26.138884, 13.214875, 1.4288479), (-26.138884, 11.538493, 1.3939787), (-26.197449, 10.943855, 1.3890257), (-26.370897, 10.37207, 1.3840728), (-26.652565, 9.84511, 1.3791198), (-27.031624, 9.383227, 1.3741667), (-27.493505, 9.004168, 1.3692137), (-28.020466, 8.722502, 1.3642607), (-28.59225, 8.549051, 1.3593076), (-29.18689, 8.490487, 1.3543546), (-29.59022, 8.490487, 1.3543546), (-29.872786, 8.535241, 1.3610603), (-30.127693, 8.66512, 1.3677659), (-30.329987, 8.867416, 1.3744715), (-30.459867, 9.122321, 1.3811772), (-30.504622, 9.404889, 1.3878827), (-30.504622, 13.672098, 1.476275), (-35.58393, 13.672098, 1.4915149), (-37.26945, 13.725109, 1.4558532), (-38.94831, 13.883934, 1.4201916), (-40.613873, 14.1479435, 1.38453), (-42.259552, 14.516097, 1.3488683), (-43.87884, 14.986935, 1.3132066), (-45.465347, 15.5586, 1.277545), (-47.012794, 16.228832, 1.2418833), (-48.51506, 16.99498, 1.2062216), (-49.966217, 17.854017, 1.1705599), (-51.360523, 18.802544, 1.1348982), (-53.862534, 15.36241, 1.0495541), (-54.06929, 15.157068, 1.0452869), (-54.33015, 15.0272045, 1.0410197), (-54.61862, 14.986002, 1.0367525), (-54.905407, 15.03765, 1.0324852), (-55.16138, 15.176898, 1.028218), (-55.61897, 15.537444, 1.0427905), (-56.380886, 16.222727, 1.0684395), (-57.061337, 16.988962, 1.0940855), (-57.651783, 17.826525, 1.1197313), (-58.144802, 18.724894, 1.1453804), (-58.534206, 19.672783, 1.1710262), (-58.815098, 20.658295, 1.1966752), (-58.983955, 21.669044, 1.2223212), (-59.03866, 22.692345, 1.2479701), (-58.97852, 23.71534, 1.2736161), (-58.80429, 24.725176, 1.299265), (-58.6691, 25.241453, 1.3126153), (-58.326057, 26.20709, 1.3382642), (-57.877117, 27.128277, 1.3639102), (-57.636917, 27.533302, 1.3756907), (-57.625942, 27.550724, 1.3756907), (-57.16042, 28.287836, 1.3756907), (-56.971695, 28.502848, 1.383006), (-56.72577, 28.649015, 1.3903211), (-56.44671, 28.712036, 1.3976364), (-56.16183, 28.685738, 1.4049516), (-55.899025, 28.572693, 1.4122669), (-52.2911, 26.294111, 1.4854189), (-50.00215, 29.918442, 1.529106), (-47.713207, 33.542778, 1.5727961), (-45.424263, 37.16711, 1.6164832), (-44.515793, 38.68799, 1.6342622), (-43.683975, 40.252106, 1.6520443), (-42.93086, 41.855602, 1.6698233), (-42.258305, 43.494522, 1.6876023), (-41.667973, 45.164818, 1.7053844), (-41.161312, 46.86237, 1.7231634), (-45.292187, 47.98433, 1.6164832), (-45.54868, 48.09868, 1.6170928), (-45.758373, 48.28547, 1.6177024), (-45.90149, 48.52709, 1.618312), (-45.96453, 48.800747, 1.6189216), (-45.941555, 49.080627, 1.6195312), (-45.58211, 50.788456, 1.6469632), (-45.16225, 52.80184, 1.6881387), (-44.635204, 54.789867, 1.7293143), (-44.00249, 56.746826, 1.7704867), (-43.26592, 58.667107, 1.8116623), (-42.4276, 60.545204, 1.8528378), (-41.48995, 62.37573, 1.8940133), (-40.455643, 64.15343, 1.9351888), (-39.592106, 65.487656, 1.967004), (-38.39393, 67.1593, 1.946945), (-37.10798, 68.7644, 1.926883), (-35.73795, 70.298355, 1.9068241), (-34.586014, 71.46939, 1.8908037), (-33.074787, 72.864456, 1.910884), (-31.491045, 74.17663, 1.9309642), (-30.791082, 74.71276, 1.9395719), (-29.226337, 75.948715, 1.9639224), (-29.052082, 76.09487, 1.9666991), (-28.772148, 76.33345, 1.9712346), (-27.295685, 77.67362, 1.9956186), (-27.028046, 77.93229, 2.0001693), (-26.369179, 78.59144, 2.011505), (-26.303095, 78.65937, 2.012724), (-25.614883, 79.2897, 2.0252542), (-24.85734, 79.83476, 2.0377848), (-24.040974, 80.28699, 2.0503151), (-23.177109, 80.6401, 2.0628455), (-22.277718, 80.88921, 2.075379), (-21.355282, 81.03087, 2.0879092), (-20.422588, 81.063095, 2.1004395), (-19.492573, 80.98546, 2.1129699), (-18.578135, 80.79903, 2.1255002), (-18.320429, 80.68561, 2.1279385), (-18.109447, 80.49917, 2.130377), (-17.965195, 80.25737, 2.1328154), (-17.901348, 79.98315, 2.135254), (-17.923962, 79.70249, 2.1376922), (-18.919157, 75.54536, 2.2017004), (-16.587143, 75.03515, 2.2171202), (-15.164754, 74.770515, 2.2264655), (-13.358533, 74.48444, 2.2382765), (-11.706721, 74.27116, 2.2474205), (-9.330349, 74.044304, 2.2619839), (-8.72116, 74.00123, 2.2657084), (-6.336509, 73.89148, 2.2802718), (-5.7259417, 73.87841, 2.2839966), (-4.7266407, 73.87022, 2.289675), (-4.1170397, 73.87022, 2.2931406), (-1.3738341, 73.87022, 2.3083806), (1.3693714, 73.87022, 2.3266687), (2.8933744, 73.87022, 2.3358126), (4.722178, 73.87022, 2.3459716), (5.63658, 73.87022, 2.3510528), (5.63658, 78.13743, 2.2809486), (5.681334, 78.41999, 2.2797294), (5.8112154, 78.6749, 2.27851), (6.0135117, 78.87719, 2.2772908), (6.2684164, 79.00707, 2.2760718), (6.5509815, 79.05183, 2.2748525), (9.141787, 79.05183, 2.2900925), (10.208589, 79.05183, 2.2961886), (10.491155, 79.00707, 2.3010929), (10.7140465, 78.89943, 2.3053327), (10.924776, 78.70594, 2.3101943), (10.970591, 78.64288, 2.3115108), (11.08949, 78.38267, 2.3163724), (11.122991, 78.13743, 2.3205726), (11.122991, 77.070625, 2.3380985), (11.122991, 73.87022, 2.3906767), (12.037393, 73.87022, 2.3957577), (13.866197, 73.87022, 2.4059167), (15.999801, 73.87022, 2.419252), (16.304602, 73.86971, 2.421157), (19.047243, 73.81942, 2.4363968), (21.787142, 73.68689, 2.4516368), (23.307215, 73.57777, 2.4607809), (25.16257, 73.40998, 2.4732015), (26.037949, 73.317566, 2.479069), (29.07571, 72.930466, 2.555388), (32.0988, 72.441864, 2.631707), (35.10384, 71.85231, 2.708026), (37.241238, 71.36883, 2.7626371), (41.046024, 70.46012, 2.8601215), (44.850807, 69.551414, 2.9576058), (45.842075, 73.70189, 2.8814058), (45.951244, 73.96633, 2.8783576), (46.136787, 74.18409, 2.8753097), (46.38054, 74.33386, 2.8722618), (46.658646, 74.40098, 2.8692138), (46.94388, 74.37887, 2.8661656), (47.597847, 74.22268, 2.8875017), (48.50495, 73.94533, 2.8758645), (48.955124, 73.75978, 2.8698933), (49.37574, 73.55472, 2.864154), (50.18608, 73.06166, 2.8525167), (50.773754, 72.60779, 2.8434093), (51.21068, 72.20448, 2.8361154), (51.83905, 71.49391, 2.8244781), (51.88808, 71.43028, 2.8234937), (52.415012, 70.641556, 2.8118563), (52.839874, 69.793465, 2.800219), (53.156075, 68.89916, 2.7885787), (53.35872, 67.9725, 2.7769413), (53.44466, 67.027855, 2.765304), (53.443382, 66.553345, 2.7594855), (53.414074, 64.821175, 2.6893814), (53.414074, 58.92283, 2.453737), (53.414074, 53.02449, 2.2180924), (53.414074, 49.486168, 2.0767322), (53.414074, 47.047764, 2.0523481), (53.414074, 41.14942, 1.9790008), (53.414074, 35.251083, 1.9056536), (53.414074, 32.341103, 1.8694677), (53.414074, 26.442762, 1.7961205), (53.414074, 20.544418, 1.7227733), (53.414074, 17.634441, 1.6865873), (53.35658, 16.610641, 1.635207), (53.23594, 15.838358, 1.5960493), (53.123722, 15.348501, 1.570879), (52.812107, 14.371582, 1.5194987), (52.582523, 13.824498, 1.4897776), (52.36288, 13.377807, 1.4648479), (51.8354, 12.498466, 1.4134678), (51.21278, 11.683716, 1.3620844), (50.73584, 11.168675, 1.3269227), (50.21367, 10.685634, 1.2912884), (49.398277, 10.063859, 1.2399081), (48.689667, 9.629484, 1.1982694), (47.765602, 9.184981, 1.1468891), (46.797585, 8.846738, 1.0955088), (45.797775, 8.619003, 1.0441287), (44.77876, 8.504645, 0.9927484), (44.270058, 8.490487, 0.9672579), (42.212654, 8.490487, 0.8849617), (41.930088, 8.535241, 0.89715374), (41.675182, 8.66512, 0.9093458), (41.472885, 8.867416, 0.9215378), (41.343006, 9.122321, 0.9337298), (41.298252, 9.404889, 0.94592184), (41.298252, 13.672098, 1.031266), (35.81184, 13.672098, 1.2507225), (30.32543, 13.672098, 1.470179), (24.839018, 13.672098, 1.6896354), (19.352608, 13.672098, 1.9090918), (13.866197, 13.672098, 2.1285481), (8.379786, 13.672098, 2.3480046), (8.379786, 10.471691, 2.2839966), (8.379786, 9.404889, 2.2626605), (8.3350315, 9.122321, 2.2650988), (8.2273855, 8.899432, 2.267205), (8.033897, 8.688699, 2.2696435), (7.9708405, 8.642888, 2.270308), (7.710629, 8.523988, 2.2727463), (7.4653835, 8.490487, 2.2748525), (6.3985815, 8.490487, 2.2748525), (5.78898, 8.490487, 2.2748525), (3.8077762, 8.490487, 2.2748525), (3.5252109, 8.535241, 2.2632701), (3.270306, 8.66512, 2.2516878), (3.0680099, 8.867416, 2.2401052), (2.9381282, 9.122321, 2.2285228), (2.8933744, 9.404889, 2.2169404), (2.8933744, 13.672098, 2.3022845), (-2.5930367, 13.672098, 2.082828), (-8.079448, 13.672098, 1.8633717), (-8.079448, 9.404889, 1.7780275), (-8.124202, 9.122321, 1.7755891), (-8.254083, 8.867416, 1.7731507), (-8.456376, 8.66512, 1.7707123), (-8.711284, 8.535241, 1.768274), (-8.99385, 8.490487, 1.7658355), (-10.736928, 8.490487, 1.6774433), (-11.612185, 8.547853, 1.6514164), (-12.472468, 8.718975, 1.6253865), (-13.303053, 9.000921, 1.5993595), (-14.089734, 9.388869, 1.5733325), (-14.425817, 9.596337, 1.561619), (-15.125173, 10.125739, 1.5355922), (-15.749447, 10.7419, 1.5095623), (-16.287954, 11.43427, 1.4835353), (-16.731482, 12.191008, 1.4575083), (-16.898006, 12.549149, 1.4457948), (-17.190794, 13.375975, 1.4553473), (-17.373154, 14.233943, 1.4649028), (-17.441965, 15.1083765, 1.4744552), (-17.442541, 15.196101, 1.4754093), (-17.442541, 15.275496, 1.476275), (-17.452066, 15.275496, 1.4764487), (-17.452066, 19.339493, 1.5510395), (-17.452066, 23.403492, 1.6256272), (-18.870499, 23.403492, 1.6256272), (-20.546902, 23.403492, 1.6256272), (-26.138884, 23.403492, 1.6256272), (-26.138884, 22.206514, 1.6012431), (-26.596085, 22.206514, 1.6012431), (-28.475687, 22.206514, 1.6500113), (-28.475687, 18.866405, 1.5783831), (-28.475687, 15.5263, 1.506755), (-26.138884, 15.5263, 1.4717029), (-26.138884, 15.272301, 1.4678929), (-26.138884, 15.2977, 1.4675119), (9.141787, 77.070625, 2.4760208), (8.989387, 77.070625, 2.4760208), (8.989387, 78.44223, 2.4516156), (8.954588, 78.61719, 2.4484181), (8.855482, 78.76551, 2.4452238), (8.707156, 78.864624, 2.4420295), (8.532195, 78.89943, 2.4388351), (6.5509815, 78.89943, 2.4275577), (6.259376, 78.84142, 2.4293864), (6.0121675, 78.67624, 2.4312153), (5.846984, 78.42903, 2.433044), (5.78898, 78.13743, 2.4348729), (5.78898, 73.71782, 2.503453), (4.722178, 73.71782, 2.4982715), (2.8933744, 73.71782, 2.3467855), (2.8933744, 73.87022, 2.3358126), (2.8933744, 73.71782, 2.3467855), (2.8933744, 73.108215, 2.3589776), (-0.9166332, 73.108215, 2.336587), (-4.7266407, 73.108215, 2.314196), (-6.9184957, 73.14715, 2.3013122), (-9.107586, 73.263885, 2.2884283), (-11.291147, 73.4583, 2.2755444), (-13.46643, 73.730125, 2.2626605), (-13.380113, 74.33358, 2.2504685), (-11.716691, 74.1189, 2.2602222), (-9.556319, 73.90896, 2.2734473), (-8.727423, 73.848915, 2.27851), (-6.559349, 73.74531, 2.291717), (-5.724537, 73.72597, 2.2967982), (-4.7266407, 73.71782, 2.3020988), (-4.117695, 73.71782, 2.3053327), (-1.3718376, 73.71782, 2.321792), (1.3698012, 73.71782, 2.3388608), (2.8933744, 73.71782, 2.3467855), (12.037393, 71.431816, 2.567461), (15.999801, 71.431816, 2.6071126), (16.301666, 71.431305, 2.6101332), (19.278732, 71.37139, 2.6281042), (22.252127, 71.21193, 2.6460752), (23.11235, 71.147156, 2.6512814), (24.91823, 70.98385, 2.6683502), (-45.746532, -120.5385, -8.079225), (-44.807938, -119.337814, -7.7744236), (-43.869347, -118.13714, -7.469623), (-42.93075, -116.93646, -7.1648226), (-41.992157, -115.73579, -6.8600216), (-41.053562, -114.53511, -6.555221), (-40.11497, -113.33443, -6.2504206), (-39.176376, -112.13375, -5.94562), (-38.237778, -110.933075, -5.6408195), (-37.299187, -109.7324, -5.3360186), (-36.36059, -108.53172, -5.031218), (-36.35684, -108.52692, -5.031218), (-28.937048, -133.6788, -8.079225), (-27.998453, -132.47813, -7.7744236), (-27.05986, -131.27745, -7.469623), (-26.121265, -130.07678, -7.1648226), (-25.182673, -128.8761, -6.8600216), (-24.244078, -127.67542, -6.555221), (-23.305485, -126.47475, -6.2504206), (-22.366888, -125.27407, -5.94562), (-21.428293, -124.07339, -5.6408195), (-20.4897, -122.87271, -5.3360186), (-19.551105, -121.672035, -5.031218), (-19.547354, -121.66724, -5.031218), (-21.712326, -119.98257, -6.09802), (-22.650919, -121.18324, -6.402821), (-23.589516, -122.38392, -6.7076216), (-24.52811, -123.5846, -7.012422), (-25.466703, -124.78528, -7.3172226), (-26.405298, -125.985954, -7.622023), (-27.343891, -127.18663, -7.926824), (-28.282486, -128.38731, -8.231625), (-29.221079, -129.58798, -8.536425), (-30.159674, -130.78867, -8.841226), (-31.098267, -131.98935, -9.146027), (-34.19937, -110.22118, -6.09802), (-35.137966, -111.42187, -6.402821), (-36.07656, -112.62254, -6.7076216), (-37.015152, -113.82322, -7.012422), (-37.953747, -115.023895, -7.3172226), (-38.892345, -116.22458, -7.622023), (-39.83094, -117.425255, -7.926824), (-40.76953, -118.62593, -8.231625), (-41.708126, -119.82661, -8.536425), (-42.64672, -121.02729, -8.841226), (-43.585316, -122.22797, -9.146027), (91.94227, 31.731533, 0.32488146), (91.94227, 35.454746, 0.45519286), (91.94227, 40.731857, 0.6398929), (91.94227, 44.163334, 0.7599935), (91.94227, 49.440445, 0.9446935), (91.94227, 52.87192, 1.0647941), (91.94227, 58.102654, 1.2478695), (91.94227, 58.117085, 1.2483755), (21.110664, -90.42736, -2.2880125), (21.978148, -90.829865, -2.2880125), (22.302351, -90.94594, -2.2880125), (23.826355, -92.019714, -2.2880125), (25.350357, -93.41617, -2.2880125), (25.981152, -94.20207, -2.2880125), (26.874361, -95.24089, -2.2880125), (27.451973, -96.12619, -2.2880125), (28.076143, -96.904434, -2.2880125), (28.469633, -96.841415, -2.2880125), (29.071058, -96.61207, -2.2880125), (30.135645, -95.726074, -2.2880125), (33.776077, -91.91607, -2.2880125), (37.416508, -88.106064, -2.2880125), (41.05694, -84.29605, -2.2880125), (44.69737, -80.486046, -2.2880125), (45.705223, -79.50487, -2.2880125), (46.54067, -78.816315, -2.2880125), (47.48767, -78.23931, -2.2880125), (48.594707, -77.82235, -2.2880125), (51.25841, -76.97472, -2.2880125), (52.782413, -76.61489, -2.2880125), (54.306416, -76.58439, -2.2880125), (55.056675, -76.687775, -2.2880125), (55.830418, -76.88075, -2.2880125), (56.25395, -77.01451, -2.2880125), (56.890697, -77.43804, -2.2880125), (57.21725, -77.57521, -2.2880125), (57.354424, -77.709496, -2.2880125), (58.55713, -79.48801, -2.2880125), (59.755783, -79.48742, -2.2880125), (60.823082, -79.72392, -2.2880125), (61.605133, -79.48801, -2.2880125), (62.734867, -76.72247, -2.2880125), (63.359917, -75.823524, -2.2880125), (64.13173, -75.071335, -2.2880125), (65.106636, -74.522224, -2.2880125), (66.22811, -74.119705, -2.2880125), (67.44208, -73.80967, -2.2880125), (68.592514, -73.436104, -2.2880125), (69.62488, -72.94446, -2.2880125), (70.54929, -72.34487, -2.2880125), (71.32112, -71.5927, -2.2880125), (71.958496, -70.70608, -2.2880125), (72.45847, -69.682045, -2.2880125), (72.85135, -68.55092, -2.2880125), (73.14701, -67.32257, -2.2880125), (73.39486, -66.046425, -2.2880125), (73.612206, -64.73977, -2.2880125), (73.96544, -62.04499, -2.2880125), (74.174286, -60.72984, -2.2880125), (75.14332, -56.07238, -2.2880125), (76.11234, -51.41492, -2.2880125), (77.081375, -46.75746, -2.2880125), (80.08804, -44.0926, -2.2880125), (83.0947, -41.42774, -2.2880125), (83.618835, -44.972836, -2.2880125), (84.14297, -48.517933, -2.2880125), (84.15004, -48.752087, -2.2880125), (84.34874, -50.074234, -2.2880125), (84.786476, -51.450108, -2.2880125), (85.68629, -53.053993, -2.2880125), (86.69005, -54.19842, -2.2880125), (87.83448, -55.043945, -2.2880125), (88.70339, -55.446903, -2.2880125), (89.35848, -55.786385, -2.2880125), (90.88249, -56.19132, -2.2880125), (92.406494, -56.28097, -2.2880125), (97.15446, -55.926044, -2.2880125), (101.667816, -55.5522, -2.2880125), (106.18117, -55.178356, -2.2880125), (110.69453, -54.804512, -2.2880125), (112.141594, -54.47194, -2.2880125), (113.19285, -54.028305, -2.2880125), (114.113846, -53.425304, -2.2880125), (114.91726, -52.66194, -2.2880125), (115.54023, -51.80368, -2.2880125), (116.03834, -50.777782, -2.2880125), (116.29014, -50.005985, -2.2880125), (116.55213, -48.481983, -2.2880125), (117.43587, -42.458378, -2.2880125), (118.31962, -36.43478, -2.2880125), (119.203354, -30.411179, -2.2880125), (120.087105, -24.387573, -2.2880125), (29.079666, -88.64139, -1.983212), (32.226475, -91.37077, -1.983212), (36.170296, -87.23453, -1.983212), (40.114113, -83.09829, -1.983212), (44.057934, -78.96204, -1.983212), (45.1624, -77.86593, -1.983212), (45.390095, -77.66574, -1.983212), (45.727093, -77.43804, -1.983212), (46.268234, -77.019875, -1.983212), (47.34823, -76.57587, -1.983212), (48.210403, -76.37753, -1.983212), (49.734406, -75.89964, -1.983212), (50.844658, -75.50029, -1.983212), (52.07208, -75.203705, -1.983212), (52.782413, -75.065216, -1.983212), (53.447655, -75.055275, -1.983212), (54.306416, -74.99993, -1.983212), (55.18646, -75.034, -1.983212), (56.495613, -75.24884, -1.983212), (57.354424, -75.61953, -1.983212), (57.43804, -75.58322, -1.983212), (58.55713, -76.44, -1.983212), (61.605133, -76.44, -1.983212), (61.825497, -75.99156, -1.983212), (61.92643, -75.70116, -1.983212), (62.376762, -74.84036, -1.983212), (62.786858, -74.39004, -1.983212), (63.051834, -73.99143, -1.983212), (63.450436, -73.66557, -1.983212), (63.91594, -73.331535, -1.983212), (64.9877, -72.879295, -1.983212), (66.49844, -72.49816, -1.983212), (67.39749, -72.24107, -1.983212), (68.022446, -72.03324, -1.983212), (68.50609, -71.825676, -1.983212), (69.453705, -71.24928, -1.983212), (70.25891, -70.53049, -1.983212), (70.84786, -69.595436, -1.983212), (71.375534, -68.29402, -1.983212), (71.73944, -66.77002, -1.983212), (72.00833, -65.24602, -1.983212), (72.42439, -62.19801, -1.983212), (72.66646, -60.674007, -1.983212), (73.27498, -57.626, -1.983212), (74.51269, -51.732166, -1.983212), (75.75039, -45.838333, -1.983212), (76.9881, -39.9445, -1.983212), (78.2258, -34.050663, -1.983212), (78.69047, -33.6831, -1.983212), (79.39388, -33.24195, -1.983212), (79.86776, -32.89524, -1.983212), (80.21447, -32.707283, -1.983212), (80.81299, -32.316467, -1.983212), (82.88476, -31.200829, -1.983212), (83.728294, -36.961212, -1.983212), (84.57184, -42.721596, -1.983212), (85.415375, -48.481983, -1.983212), (85.66265, -50.005985, -1.983212), (86.24135, -51.529987, -1.983212), (86.85801, -52.50646, -1.983212), (87.59776, -53.290714, -1.983212), (88.459145, -53.953335, -1.983212), (89.39775, -54.44192, -1.983212), (90.88249, -54.898483, -1.983212), (92.406494, -55.01137, -1.983212), (98.26714, -54.542767, -1.983212), (104.1278, -54.07416, -1.983212), (109.98846, -53.605556, -1.983212), (111.119644, -53.489075, -1.983212), (111.385895, -53.430252, -1.983212), (112.28007, -53.115524, -1.983212), (113.31498, -52.50292, -1.983212), (114.09953, -51.744076, -1.983212), (114.68003, -50.848015, -1.983212), (115.06736, -49.820732, -1.983212), (115.86837, -44.37271, -1.983212), (116.66938, -38.92469, -1.983212), (117.47039, -33.476665, -1.983212), (118.2714, -28.028648, -1.983212), (119.07241, -22.580627, -1.983212), (119.87342, -17.132607, -1.983212), (-99.82129, -63.117718, -3.8120158), (-99.46059, -63.800667, -3.8120158), (-99.07398, -64.26592, -3.8120158), (-98.33636, -65.24602, -3.8120158), (-97.09988, -66.77002, -3.8120158), (-96.569885, -67.36155, -3.8120158), (-95.82127, -68.29402, -3.8120158), (-93.52188, -70.76106, -3.8120158), (-92.24112, -71.42152, -3.8120158), (-90.47388, -72.11156, -3.8120158), (-88.94987, -72.64582, -3.8120158), (-87.425865, -73.07756, -3.8120158), (-85.90186, -73.428535, -3.8120158), (-85.20439, -73.5635, -3.8120158), (-83.21376, -74.03013, -3.8120158), (-81.045364, -74.67453, -3.8120158), (-76.57289, -76.19752, -3.8120158), (-72.10042, -77.720505, -3.8120158), (-67.627945, -79.24349, -3.8120158), (-66.18011, -79.87571, -3.8120158), (-66.15356, -80.09708, -3.8120158), (-66.04534, -80.21174, -3.8120158), (-65.63042, -81.80506, -3.8120158), (-64.87244, -82.51634, -3.8120158), (-63.19338, -83.23402, -3.8120158), (-62.632057, -83.53405, -3.8120158), (-61.517815, -84.264725, -3.8120158), (-60.61031, -85.05806, -3.8120158), (-59.993813, -85.637245, -3.8120158), (-59.084282, -86.58206, -3.8120158), (-58.46981, -87.29169, -3.8120158), (-57.825512, -88.106064, -3.8120158), (-56.72548, -89.630066, -3.8120158), (-54.67161, -92.67807, -3.8120158), (-52.617737, -95.726074, -3.8120158), (-51.484184, -97.250084, -3.8120158), (-50.849796, -97.94019, -3.8120158), (-50.028145, -98.774086, -3.8120158), (-49.32579, -99.37068, -3.8120158), (-47.80179, -100.44397, -3.8120158), (-46.277786, -101.17588, -3.8120158), (-44.753784, -101.77788, -3.8120158), (-43.22978, -102.25183, -3.8120158), (-41.705776, -102.57718, -3.8120158), (-40.82894, -102.69892, -3.8120158), (-40.181774, -102.731064, -3.8120158), (-39.340477, -102.50479, -3.8120158), (-38.65777, -102.46771, -3.8120158), (-38.248676, -102.231186, -3.8120158), (-37.39534, -101.56052, -3.8120158), (-36.602024, -100.82983, -3.8120158), (-34.331203, -98.52864, -3.8120158), (-33.546085, -97.78976, -3.8120158), (-32.708477, -97.103355, -3.8120158), (-31.799744, -96.48809, -3.8120158), (-31.037754, -96.10371, -3.8120158), (-30.766619, -95.997215, -3.8120158), (-29.484085, -95.755745, -3.8120158), (-28.002192, -95.71363, -3.8120158), (-26.42987, -95.761955, -3.8120158), (-20.802868, -96.05495, -3.8120158), (-15.175861, -96.34794, -3.8120158), (-9.548855, -96.64093, -3.8120158), (-3.9218514, -96.93393, -3.8120158), (-0.5576939, -97.05495, -3.8120158), (0.9663092, -97.47754, -3.8120158), (2.490312, -97.942535, -3.8120158), (3.2890818, -98.04885, -3.8120158), (4.014315, -98.109146, -3.8120158), (4.331314, -98.09416, -3.8120158), (5.377283, -98.340355, -3.8120158), (5.538318, -98.33562, -3.8120158), (7.062321, -98.881065, -3.8120158), (8.586325, -99.33076, -3.8120158), (12.661856, -100.29809, -3.8120158), (15.348795, -100.96454, -3.8120158), (18.967918, -101.82209, -3.8120158), (21.392189, -102.43593, -3.8120158), (22.302351, -102.73837, -3.8120158), (23.369196, -103.180244, -3.8120158), (26.431427, -102.69587, -3.8120158), (29.493658, -102.211494, -3.8120158), (31.482227, -101.82209, -3.8120158), (32.63462, -101.494736, -3.8120158), (32.925545, -101.367325, -3.8120158), (33.75206, -101.07977, -3.8120158), (34.494377, -100.69028, -3.8120158), (34.77637, -100.580086, -3.8120158), (35.240322, -100.29809, -3.8120158), (35.748802, -100.0285, -3.8120158), (36.01838, -99.8388, -3.8120158), (36.686802, -99.442505, -3.8120158), (37.551826, -98.7745, -3.8120158), (38.32321, -98.12639, -3.8120158), (38.533558, -97.917, -3.8120158), (40.479473, -101.13439, -3.8120158), (42.753937, -103.16347, -3.8120158), (46.982784, -103.79406, -3.8120158), (51.21164, -104.424644, -3.8120158), (-90.46878, -73.80383, -4.116816), (-88.94987, -74.294785, -4.116816), (-87.85424, -74.56051, -4.116816), (-86.35211, -74.82186, -4.116816), (-85.71146, -74.84816, -4.116816), (-84.79563, -75.00366, -4.116816), (-82.85386, -75.44691, -4.116816), (-81.32986, -75.87955, -4.116816), (-76.898415, -77.38421, -4.116816), (-72.46697, -78.88887, -4.116816), (-72.376236, -79.319244, -4.116816), (-72.33896, -79.36735, -4.116816), (-71.924034, -80.96067, -4.116816), (-71.15924, -81.678345, -4.116816), (-66.713974, -83.53405, -4.116816), (-66.08983, -83.82549, -4.116816), (-64.56582, -84.59789, -4.116816), (-63.76926, -85.05806, -4.116816), (-63.04182, -85.5343, -4.116816), (-61.517815, -86.74825, -4.116816), (-59.993813, -88.332794, -4.116816), (-58.46981, -90.18624, -4.116816), (-56.94581, -92.19232, -4.116816), (-54.35492, -95.726074, -4.116816), (-53.178528, -97.250084, -4.116816), (-51.81626, -98.774086, -4.116816), (-50.849796, -99.66221, -4.116816), (-50.08893, -100.29809, -4.116816), (-49.32579, -100.86733, -4.116816), (-47.80179, -101.80177, -4.116816), (-46.277786, -102.48726, -4.116816), (-44.753784, -103.081215, -4.116816), (-43.22978, -103.57224, -4.116816), (-41.705776, -103.956696, -4.116816), (-40.934742, -104.11713, -4.116816), (-40.181774, -104.230385, -4.116816), (-39.51456, -104.20288, -4.116816), (-38.65777, -104.313446, -4.116816), (-37.891876, -104.111984, -4.116816), (-37.133766, -103.58719, -4.116816), (-36.226646, -102.72921, -4.116816), (-35.486893, -101.94496, -4.116816), (-33.322968, -99.53687, -4.116816), (-32.524754, -98.81109, -4.116816), (-31.66524, -98.1466, -4.116816), (-31.037754, -97.76835, -4.116816), (-30.696894, -97.59094, -4.116816), (-29.572924, -97.19091, -4.116816), (-28.198814, -97.041016, -4.116816), (-26.662142, -97.05368, -4.116816), (-21.847261, -97.296555, -4.116816), (-16.524868, -97.59873, -4.116816), (-11.202477, -97.90091, -4.116816), (-5.8800855, -98.20309, -4.116816), (-0.5576939, -98.505264, -4.116816), (0.9663092, -98.78794, -4.116816), (2.490312, -99.21708, -4.116816), (3.0757396, -99.35951, -4.116816), (4.014315, -99.503876, -4.116816), (5.2212496, -99.98102, -4.116816), (5.538318, -100.06746, -4.116816), (6.03101, -100.29809, -4.116816), (7.062321, -100.8784, -4.116816), (8.586325, -101.47242, -4.116816), (10.110328, -101.985695, -4.116816), (11.634331, -102.447975, -4.116816), (13.158334, -102.843414, -4.116816), (14.682337, -103.1779, -4.116816), (16.206339, -103.46555, -4.116816), (17.730343, -103.70416, -4.116816), (18.09854, -103.71429, -4.116816), (19.254345, -103.88212, -4.116816), (19.80642, -103.89816, -4.116816), (20.778349, -104.05673, -4.116816), (21.419838, -104.2286, -4.116816), (22.00376, -104.271645, -4.116816), (22.426533, -104.4371, -4.116816), (22.681847, -106.58524, -4.116816), (22.489119, -107.78556, -4.116816), (22.5131, -107.97615, -4.116816), (22.302351, -108.396355, -4.116816), (21.993942, -109.1337, -4.116816), (21.788296, -109.44211, -4.116816), (20.683477, -110.87124, -4.116816), (17.169006, -114.95321, -4.116816), (17.09829, -115.48461, -4.116816), (17.036026, -115.55619, -4.116816), (18.096664, -117.06808, -4.116816), (16.26784, -119.50646, -4.116816), (14.370629, -118.94028, -4.116816), (13.861381, -118.98172, -4.116816), (11.302509, -122.10891, -4.116816), (10.894598, -123.026855, -4.116816), (6.3841276, -129.42918, -4.421617), (8.256509, -125.280075, -4.421617), (10.128887, -121.13098, -4.421617), (13.040141, -117.58221, -4.421617), (13.478752, -117.493805, -4.421617), (13.654135, -117.54615, -4.421617), (15.652014, -115.23455, -4.421617), (15.577703, -115.11695, -4.421617), (15.851985, -114.16204, -4.421617), (18.077429, -111.561806, -4.421617), (20.302876, -108.96158, -4.421617), (20.883722, -108.023476, -4.421617), (21.4824, -106.865585, -4.421617), (21.554726, -106.33376, -4.421617), (21.48388, -105.693954, -4.421617), (20.914293, -105.62187, -4.421617), (20.778349, -105.75966, -4.421617), (20.128368, -105.74412, -4.421617), (19.254345, -106.02692, -4.421617), (18.876991, -106.01675, -4.421617), (17.730343, -106.19289, -4.421617), (17.510328, -106.17409, -4.421617), (16.206339, -106.20206, -4.421617), (14.682337, -106.07843, -4.421617), (13.158334, -105.80713, -4.421617), (11.634331, -105.36471, -4.421617), (9.876485, -104.63625, -4.421617), (8.586325, -104.03883, -4.421617), (7.493096, -103.34609, -4.421617), (7.062321, -103.1285, -4.421617), (5.378731, -101.82209, -4.421617), (4.014315, -100.99438, -4.421617), (2.8548567, -100.66263, -4.421617), (2.451627, -100.50452, -4.421617), (0.7777321, -100.10951, -4.421617), (-0.5576939, -99.9461, -4.421617), (-5.1331625, -99.65309, -4.421617), (-9.7086315, -99.36009, -4.421617), (-14.2841, -99.067085, -4.421617), (-18.859566, -98.774086, -4.421617), (-22.087975, -98.58676, -4.421617), (-25.316381, -98.399445, -4.421617), (-26.907454, -98.332375, -4.421617), (-27.989748, -98.34679, -4.421617), (-28.379192, -98.38464, -4.421617), (-29.598984, -98.68885, -4.421617), (-30.81571, -99.262764, -4.421617), (-31.542236, -99.7936, -4.421617), (-32.27159, -100.462975, -4.421617), (-33.044926, -101.33892, -4.421617), (-33.67395, -102.162766, -4.421617), (-34.085762, -102.75293, -4.421617), (-34.58643, -103.34609, -4.421617), (-35.006565, -103.94929, -4.421617), (-36.520565, -105.4833, -4.421617), (-37.133766, -105.93921, -4.421617), (-37.46977, -106.0581, -4.421617), (-38.65777, -105.99777, -4.421617), (-39.56501, -105.77733, -4.421617), (-40.181774, -105.71039, -4.421617), (-41.705776, -105.34637, -4.421617), (-43.22978, -104.911156, -4.421617), (-44.753784, -104.40207, -4.421617), (-46.277786, -103.81459, -4.421617), (-47.80179, -103.15445, -4.421617), (-49.32579, -102.33024, -4.421617), (-50.08851, -101.82209, -4.421617), (-50.849796, -101.26819, -4.421617), (-52.047123, -100.29809, -4.421617), (-53.63477, -98.774086, -4.421617), (-54.95889, -97.250084, -4.421617), (-58.634586, -92.67807, -4.421617), (-59.897385, -91.15407, -4.421617), (-61.517815, -89.32837, -4.421617), (-63.04182, -87.897545, -4.421617), (-64.56582, -86.758286, -4.421617), (-66.08983, -85.81979, -4.421617), (-67.61383, -85.00201, -4.421617), (-69.13783, -84.296425, -4.421617), (-70.874374, -83.53405, -4.421617), (-74.12135, -82.20128, -4.421617), (-77.36833, -80.8685, -4.421617), (-77.48777, -80.80121, -4.421617), (-78.21766, -80.11629, -4.421617), (-78.7606, -78.04449, -4.421617), (-81.32986, -77.172676, -4.421617), (-84.29738, -76.22527, -4.421617), (-126.09208, -38.671898, -2.8976138), (-125.67898, -39.50635, -2.8976138), (-125.52595, -39.701885, -2.8976138), (-124.77501, -40.86197, -2.8976138), (-124.354996, -41.29817, -2.8976138), (-124.00194, -41.58225, -2.8976138), (-121.715935, -43.837894, -2.8976138), (-119.42993, -46.093544, -2.8976138), (-116.62403, -48.703663, -2.8976138), (-113.54832, -51.315586, -2.8976138), (-111.80991, -52.744473, -2.8976138), (-109.43592, -54.577995, -2.8976138), (-107.23791, -56.230335, -2.8976138), (-102.89719, -59.24627, -2.8976138), (-98.09389, -62.271408, -2.8976138), (-92.92646, -65.24602, -2.8976138), (-91.99788, -65.870514, -2.8976138), (-90.47388, -66.76226, -2.8976138), (-88.94987, -67.570625, -2.8976138), (-87.425865, -68.27953, -2.8976138), (-84.37786, -69.45953, -2.8976138), (-81.32986, -70.54112, -2.8976138), (-78.28185, -71.69751, -2.8976138), (-75.23384, -72.75628, -2.8976138), (-72.18584, -73.78265, -2.8976138), (-69.13783, -74.72489, -2.8976138), (-64.56582, -76.01784, -2.8976138), (-61.517815, -76.99722, -2.8976138), (-59.993813, -77.37154, -2.8976138), (-58.46981, -77.7957, -2.8976138), (-57.887875, -78.01997, -2.8976138), (-55.091927, -78.96204, -2.8976138), (-53.8978, -79.48869, -2.8976138), (-52.35369, -80.50615, -2.8976138), (-51.13469, -82.01005, -2.8976138), (-50.849796, -82.58246, -2.8976138), (-50.47324, -83.53405, -2.8976138), (-50.41867, -83.96517, -2.8976138), (-50.149292, -85.05806, -2.8976138), (-50.030193, -85.877655, -2.8976138), (-49.856293, -86.58206, -2.8976138), (-49.563583, -87.960655, -2.8976138), (-48.47886, -90.722176, -2.8976138), (-49.622295, -92.77319, -2.8976138), (-48.746075, -94.630005, -2.8976138), (-48.26413, -95.514565, -2.8976138), (-47.80179, -96.10746, -2.8976138), (-47.31271, -96.66959, -2.8976138), (-46.277786, -97.409065, -2.8976138), (-45.446983, -97.83003, -2.8976138), (-44.87076, -98.05187, -2.8976138), (-43.420914, -98.40678, -2.8976138), (-41.995598, -98.41732, -2.8976138), (-41.705776, -98.36123, -2.8976138), (-40.878456, -98.0774, -2.8976138), (-40.181774, -97.71721, -2.8976138), (-39.890312, -97.54154, -2.8976138), (-38.788612, -96.75344, -2.8976138), (-38.155655, -96.228195, -2.8976138), (-37.342396, -95.469444, -2.8976138), (-37.133766, -95.2277, -2.8976138), (-36.1157, -94.20207, -2.8976138), (-35.609764, -93.63622, -2.8976138), (-35.129696, -93.15814, -2.8976138), (-34.085762, -92.30486, -2.8976138), (-33.378906, -91.860916, -2.8976138), (-32.561756, -91.65669, -2.8976138), (-32.110043, -91.60578, -2.8976138), (-28.94168, -91.72614, -2.8976138), (-24.659527, -91.94428, -2.8976138), (-20.377375, -92.16243, -2.8976138), (-16.095222, -92.38058, -2.8976138), (-11.445025, -92.599884, -2.8976138), (-6.7948256, -92.81919, -2.8976138), (-4.9349566, -92.87282, -2.8976138), (-3.4229689, -92.8608, -2.8976138), (-2.0292742, -92.71333, -2.8976138), (-1.2650721, -92.53742, -2.8976138), (12.529609, -92.071976, -2.5928133), (12.829009, -92.108765, -2.5928133), (13.158334, -92.05657, -2.5928133), (14.196683, -92.19242, -2.5928133), (14.682337, -92.153366, -2.5928133), (15.835495, -92.30722, -2.5928133), (16.206339, -92.3156, -2.5928133), (17.730343, -92.55506, -2.5928133), (19.254345, -92.90858, -2.5928133), (20.778349, -93.43352, -2.5928133), (22.302351, -94.21149, -2.5928133), (23.826355, -95.1766, -2.5928133), (24.497377, -95.726074, -2.5928133), (25.350357, -96.359146, -2.5928133), (26.73422, -97.655716, -2.5928133), (27.136087, -98.15782, -2.5928133), (28.398363, -97.95747, -2.5928133), (28.949219, -97.800934, -2.5928133), (30.00028, -97.327995, -2.5928133), (30.915987, -96.719696, -2.5928133), (32.16419, -95.726074, -2.5928133), (33.704697, -94.20207, -2.5928133), (37.57594, -90.13806, -2.5928133), (41.447178, -86.07406, -2.5928133), (45.31842, -82.01005, -2.5928133), (45.999245, -81.3229, -2.5928133), (46.801895, -80.60154, -2.5928133), (47.677635, -79.95328, -2.5928133), (48.684464, -79.436104, -2.5928133), (51.25841, -78.53117, -2.5928133), (52.782413, -78.15311, -2.5928133), (53.38905, -78.04467, -2.5928133), (54.306416, -78.02314, -2.5928133), (55.830418, -78.32215, -2.5928133), (56.28103, -78.51144, -2.5928133), (56.74133, -78.96204, -2.5928133), (57.10621, -79.12413, -2.5928133), (57.69164, -80.3558, -2.5928133), (57.66949, -81.06011, -2.5928133), (57.5697, -81.5206, -2.5928133), (57.379356, -82.1907, -2.5928133), (59.65382, -84.21977, -2.5928133), (60.265213, -83.84358, -2.5928133), (60.934975, -83.38175, -2.5928133), (61.698643, -82.67122, -2.5928133), (62.174294, -81.99938, -2.5928133), (62.60543, -80.11564, -2.5928133), (63.058136, -78.740456, -2.5928133), (63.615284, -77.53023, -2.5928133), (63.731518, -77.43804, -2.5928133), (64.261055, -76.724655, -2.5928133), (64.974434, -76.21917, -2.5928133), (66.49844, -75.60989, -2.5928133), (67.50024, -75.39183, -2.5928133), (68.69442, -75.06201, -2.5928133), (69.79958, -74.643166, -2.5928133), (70.805374, -74.12496, -2.5928133), (71.69679, -73.49238, -2.5928133), (72.45524, -72.72682, -2.5928133), (73.11764, -71.86521, -2.5928133), (73.65158, -70.87516, -2.5928133), (74.06267, -69.76224, -2.5928133), (74.40829, -68.58385, -2.5928133), (74.67083, -67.322395, -2.5928133), (74.81872, -66.77002, -2.5928133), (75.092674, -65.24602, -2.5928133), (75.45472, -62.19801, -2.5928133), (75.642456, -60.973595, -2.5928133), (75.84464, -59.90383, -2.5928133), (76.42701, -57.130653, -2.5928133), (80.21447, -54.143112, -2.5928133), (83.42577, -51.657894, -2.5928133), (83.72116, -52.367725, -2.5928133), (84.06432, -53.012283, -2.5928133), (84.4433, -53.613304, -2.5928133), (85.2258, -54.577995, -2.5928133), (85.85755, -55.224735, -2.5928133), (86.31048, -55.58102, -2.5928133), (87.49575, -56.382504, -2.5928133), (87.83448, -56.55874, -2.5928133), (88.56661, -56.83413, -2.5928133), (89.35848, -57.168964, -2.5928133), (90.88249, -57.501827, -2.5928133), (92.406494, -57.568275, -2.5928133), (96.4705, -57.246445, -2.5928133), (100.53451, -56.924618, -2.5928133), (104.59852, -56.602787, -2.5928133), (110.527466, -56.101997, -2.5928133), (112.21853, -55.774204, -2.5928133), (112.80106, -55.51947, -2.5928133), (113.74254, -55.158672, -2.5928133), (115.01221, -54.32366, -2.5928133), (115.79472, -53.582176, -2.5928133), (116.460205, -52.723656, -2.5928133), (117.01071, -51.75016, -2.5928133), (117.42757, -50.643005, -2.5928133), (117.598595, -50.005985, -2.5928133), (118.44832, -44.231808, -2.5928133), (119.29805, -38.457626, -2.5928133), (120.14777, -32.68345, -2.5928133), (36.54077, -76.726295, -1.6784114), (36.844337, -77.43804, -1.6784114), (38.102924, -78.96204, -1.6784114), (40.01243, -80.98971, -1.6784114), (43.858883, -76.95334, -1.6784114), (45.1624, -75.65945, -1.6784114), (45.982174, -75.20981, -1.6784114), (47.123043, -75.22746, -1.6784114), (48.005856, -75.06099, -1.6784114), (48.210403, -74.91787, -1.6784114), (48.620728, -74.80036, -1.6784114), (49.366505, -74.39004, -1.6784114), (49.44718, -74.25366, -1.6784114), (50.80974, -73.88842, -1.6784114), (52.782413, -73.508514, -1.6784114), (53.387974, -73.47159, -1.6784114), (54.306416, -73.32181, -1.6784114), (55.473915, -73.222534, -1.6784114), (55.830418, -73.23889, -1.6784114), (57.00836, -73.21209, -1.6784114), (57.354424, -73.28469, -1.6784114), (57.817432, -73.14497, -1.6784114), (58.083557, -73.02943, -1.6784114), (58.55713, -73.39199, -1.6784114), (61.605133, -73.39199, -1.6784114), (61.813503, -72.96796, -1.6784114), (62.650417, -72.06601, -1.6784114), (63.682205, -71.5738, -1.6784114), (64.912605, -71.2802, -1.6784114), (66.49844, -70.96613, -1.6784114), (68.022446, -70.46178, -1.6784114), (68.44145, -70.23703, -1.6784114), (69.23034, -69.501915, -1.6784114), (69.75762, -68.505196, -1.6784114), (69.84268, -68.29402, -1.6784114), (70.23006, -66.77002, -1.6784114), (70.49727, -65.24602, -1.6784114), (70.89716, -62.19801, -1.6784114), (71.1391, -60.674007, -1.6784114), (72.24216, -55.389977, -1.6784114), (73.345215, -50.105953, -1.6784114), (74.448265, -44.821922, -1.6784114), (75.55132, -39.53789, -1.6784114), (76.65437, -34.25387, -1.6784114), (77.142494, -31.693977, -1.6784114), (77.34318, -30.284298, -1.6784114), (77.46157, -28.90402, -1.6784114), (77.624176, -25.721657, -1.6784114), (77.78678, -22.539293, -1.6784114), (77.88921, -21.950788, -1.6784114), (79.184105, -21.049929, -1.6784114), (80.76239, -20.07385, -1.6784114), (81.66331, -19.450762, -1.6784114), (82.37811, -19.045639, -1.6784114), (83.128426, -24.162668, -1.6784114), (83.878746, -29.2797, -1.6784114), (84.62906, -34.396732, -1.6784114), (85.37938, -39.513763, -1.6784114), (86.12969, -44.630795, -1.6784114), (86.88001, -49.747826, -1.6784114), (87.26691, -50.844154, -1.6784114), (87.75003, -51.614445, -1.6784114), (88.07805, -52.012676, -1.6784114), (88.582, -52.52437, -1.6784114), (89.36009, -53.0533, -1.6784114), (89.736244, -53.268944, -1.6784114), (90.87687, -53.649887, -1.6784114), (92.10859, -53.76944, -1.6784114), (97.74292, -53.318016, -1.6784114), (97.506035, -52.403614, -1.6784114), (92.17222, -51.970867, -1.6784114), (91.13842, -51.740963, -1.6784114), (90.907036, -51.711636, -1.6784114), (90.69029, -51.625515, -1.6784114), (90.501884, -51.48804, -1.6784114), (89.6865, -51.03065, -1.6784114), (89.08816, -50.25147, -1.6784114), (88.67521, -49.27948, -1.6784114), (88.56274, -48.675167, -1.6784114), (88.55864, -48.53363, -1.6784114), (89.40454, -42.776566, -1.6784114), (90.25046, -37.0195, -1.6784114), (91.09637, -31.26244, -1.6784114), (91.94227, -25.505375, -1.6784114), (96.51428, -22.984241, -1.6784114), (101.08629, -20.463104, -1.6784114), (105.6583, -17.941967, -1.6784114), (110.23031, -15.420831, -1.6784114), (110.998405, -20.645985, -1.6784114), (111.7665, -25.871136, -1.6784114), (112.5346, -31.09629, -1.6784114), (113.3027, -36.321445, -1.6784114), (114.07079, -41.5466, -1.6784114), (114.9852, -41.677227, -1.6784114), (115.76145, -36.396576, -1.6784114), (116.53771, -31.115925, -1.6784114), (117.313965, -25.835274, -1.6784114), (118.09022, -20.554625, -1.6784114), (118.86648, -15.273972, -1.6784114), (119.64273, -9.993322, -1.6784114), (45.34421, -69.62855, -1.3736107), (45.59748, -69.81802, -1.3736107), (46.6864, -70.37133, -1.3736107), (47.0956, -70.22723, -1.3736107), (48.210403, -70.08822, -1.3736107), (48.399055, -70.006676, -1.3736107), (49.636593, -69.60589, -1.3736107), (49.734406, -69.54851, -1.3736107), (50.746487, -69.3061, -1.3736107), (51.25841, -69.083725, -1.3736107), (52.01288, -69.04849, -1.3736107), (52.782413, -68.977295, -1.3736107), (54.306416, -69.1014, -1.3736107), (55.830418, -69.36143, -1.3736107), (56.20196, -69.44648, -1.3736107), (57.354424, -69.79077, -1.3736107), (58.55713, -70.34399, -1.3736107), (61.605133, -70.34399, -1.3736107), (62.828598, -70.196815, -1.3736107), (63.118137, -70.075066, -1.3736107), (66.907814, -69.36913, -1.3736107), (67.76478, -69.11104, -1.3736107), (68.022446, -68.69319, -1.3736107), (68.23041, -68.50198, -1.3736107), (68.33494, -68.29402, -1.3736107), (68.753876, -66.77002, -1.3736107), (69.0019, -65.24602, -1.3736107), (69.36314, -62.19801, -1.3736107), (69.603035, -60.674007, -1.3736107), (70.74892, -55.187595, -1.3736107), (71.8948, -49.701187, -1.3736107), (73.04068, -44.214775, -1.3736107), (74.18656, -38.728363, -1.3736107), (75.33244, -33.24195, -1.3736107), (75.642456, -31.31514, -1.3736107), (75.78778, -30.193947, -1.3736107), (75.93211, -28.669943, -1.3736107), (76.19223, -24.097935, -1.3736107), (76.322845, -22.57393, -1.3736107), (76.53435, -21.049929, -1.3736107), (77.27931, -16.937317, -1.3736107), (78.02428, -12.82471, -1.3736107), (79.66297, -11.90591, -1.3736107), (82.367035, -10.261687, -1.3736107), (83.170425, -15.726936, -1.3736107), (83.973816, -21.192184, -1.3736107), (84.77721, -26.657436, -1.3736107), (85.5806, -32.122684, -1.3736107), (86.383995, -37.587933, -1.3736107), (87.187386, -43.05318, -1.3736107), (88.10178, -42.922554, -1.3736107), (88.86988, -37.6974, -1.3736107), (89.63798, -32.472248, -1.3736107), (90.406075, -27.247095, -1.3736107), (91.17417, -22.02194, -1.3736107), (91.94227, -16.79679, -1.3736107), (96.51428, -14.275652, -1.3736107), (101.08629, -11.754516, -1.3736107), (105.6583, -9.233378, -1.3736107), (110.23031, -6.7122416, -1.3736107), (110.998405, -11.937396, -1.3736107), (111.7665, -17.16255, -1.3736107), (112.5346, -22.387701, -1.3736107), (113.3027, -27.612856, -1.3736107), (114.07079, -32.83801, -1.3736107), (114.9852, -32.96864, -1.3736107), (115.87138, -26.94013, -1.3736107), (116.757576, -20.911621, -1.3736107), (117.64377, -14.883114, -1.3736107), (118.52996, -8.854606, -1.3736107), (119.41615, -2.826098, -1.3736107), (-73.89899, 32.322422, 2.2839966), (-75.25772, 29.239878, 2.2839966), (-75.60175, 28.545513, 2.2839966), (-75.82025, 28.161959, 2.2839966), (-76.19793, 27.327263, 2.2839966), (-76.93572, 24.7513, 2.2839966), (-76.32299, 24.579876, 2.2839966), (-75.23384, 25.446207, 2.2839966), (-74.323044, 26.36461, 2.2839966), (-73.70984, 27.112576, 2.2839966), (-70.36679, 30.766176, 2.2839966), (-69.80296, 31.43131, 2.2839966), (-69.0757, 32.228046, 2.2839966), (-68.397194, 33.07355, 2.2839966), (-67.6677, 33.868053, 2.2839966), (-67.01975, 34.744106, 2.2839966), (-65.6533, 36.42566, 2.2839966), (-64.24496, 38.065327, 2.2839966), (-62.86989, 39.738266, 2.2839966), (-60.847134, 42.28752, 2.2839966), (-58.82438, 44.836773, 2.2839966), (-58.17605, 45.71245, 2.2839966), (-57.565014, 46.625416, 2.2839966), (-56.979935, 47.56434, 2.2839966), (-56.434555, 48.54296, 2.2839966), (-55.957626, 49.590034, 2.2839966), (-55.56978, 50.72619, 2.2839966), (-55.23178, 51.912197, 2.2839966), (-54.92031, 53.12473, 2.2839966), (-54.760216, 53.62622, 2.2839966), (-54.590878, 54.319298, 2.2839966), (-54.312946, 55.150223, 2.2839966), (-54.302544, 55.554966, 2.2839966), (-54.14404, 56.67423, 2.2839966), (-54.176353, 57.91968, 2.2839966), (-54.338093, 58.841644, 2.2839966), (-54.350723, 59.108646, 2.2839966), (-54.48993, 59.62998, 2.2839966), (-14.450829, -144.39963, -8.993626), (-12.154037, -145.72842, -8.993626), (-32.768295, -29.805082, -0.45920897), (-29.730326, -30.587767, -0.45920897), (-26.692356, -31.37045, -0.45920897), (-23.64435, -32.105915, -0.45920897), (-20.596344, -32.84138, -0.45920897), (-17.548338, -33.535984, -0.45920897), (-14.500332, -34.230587, -0.45920897), (-11.452325, -34.887974, -0.45920897), (-8.404319, -35.545357, -0.45920897), (-3.8323102, -36.470028, -0.45920897), (0.73969907, -37.3947, -0.45920897), (3.7877052, -37.921837, -0.45920897), (5.4228783, -38.10278, -0.45920897), (8.670794, -38.302685, -0.45920897), (9.883718, -38.344074, -0.45920897), (11.901991, -38.485878, -0.45920897), (12.931724, -38.52498, -0.45920897), (17.503733, -38.83937, -0.45920897), (22.07574, -39.153767, -0.45920897), (25.123747, -39.288525, -0.45920897), (28.171755, -39.28469, -0.45920897), (30.850948, -39.1468, -0.45920897), (31.21976, -39.17057, -0.45920897), (33.899353, -39.147198, -0.45920897), (34.267765, -39.168095, -0.45920897), (36.727436, -38.927273, -0.45920897), (37.315773, -38.82294, -0.45920897), (40.363777, -38.518303, -0.45920897), (43.411785, -38.349667, -0.45920897), (46.45979, -38.34876, -0.45920897), (46.982784, -38.367752, -0.45920897), (8.661973, 190.0629, 8.68481), (9.0550375, 189.7312, 8.68481), (11.11634, 187.7385, 8.68481), (11.634331, 187.1578, 8.68481), (12.5322275, 186.2145, 8.68481), (13.158334, 185.595, 8.68481), (14.682337, 184.62335, 8.68481), (16.167486, 184.76279, 8.68481), (16.656698, 185.76413, 8.68481), (16.650179, 187.29465, 8.68481), (16.67631, 187.7385, 8.68481), (15.965148, 189.2625, 8.68481), (13.823567, 193.59775, 8.68481), (11.681983, 197.933, 8.68481), (13.279117, 199.74934, 8.68481), (13.425948, 199.94942, 8.68481), (13.380567, 200.35916, 8.68481), (13.393066, 201.21979, 8.68481), (12.425834, 203.71103, 8.68481), (11.357032, 205.99908, 8.68481), (110.23031, -41.5466, -2.5928133), (105.988884, -43.88544, -2.5928133), (101.74746, -46.22428, -2.5928133), (97.506035, -48.563126, -2.5928133), (103.51075, -49.04974, -2.5928133), (109.515465, -49.536354, -2.5928133), (110.524124, -49.476345, -2.5928133), (110.69453, -49.215157, -2.5928133), (111.08888, -48.876335, -2.5928133), (111.248344, -48.481983, -2.5928133), (110.73933, -45.01429, -2.5928133), (110.23031, -41.5466, -2.5928133), (-84.88558, -11.837964, -0.45920897), (-80.90695, -14.301816, -0.45920897), (-79.3426, -15.13156, -0.45920897), (-77.18841, -16.317581, -0.45920897), (-75.78741, -16.970863, -0.45920897), (-73.9905, -17.721893, -0.45920897), (-72.412445, -18.334085, -0.45920897), (-70.01815, -19.166319, -0.45920897), (30.096243, -49.421627, -1.0688102), (30.32543, -49.536224, -1.0688102), (67.67637, 110.14709, 4.1128), (65.80133, 109.38244, 4.1128), (66.32453, 108.705536, 4.1128), (-95.22913, -25.967081, -1.3736107), (-94.77136, -26.369701, -1.3736107), (-8.362903, -49.421627, -1.3736107), (-2.7347627, -50.72819, -1.3736107), (2.8933744, -52.034748, -1.3736107), (8.379786, -52.30122, -1.3736107), (9.883718, -52.860588, -1.3736107), (12.931724, -53.930454, -1.3736107), (15.97973, -55.000324, -1.3736107), (19.027735, -56.100433, -1.3736107), (22.07574, -57.24911, -1.3736107), (25.123747, -58.433956, -1.3736107), (26.064917, -58.744816, -1.3736107), (28.171755, -59.561447, -1.3736107), (30.12548, -59.75737, -1.3736107), (31.21976, -60.06511, -1.3736107), (33.623363, -60.207253, -1.3736107), (34.267765, -60.28309, -1.3736107), (38.839775, -60.491287, -1.3736107), (43.411785, -60.699486, -1.3736107), (46.30661, -60.69847, -1.3736107), (46.45979, -60.677696, -1.3736107), (48.510853, -61.163708, -1.3736107), (49.6591, -61.51892, -1.3736107), (51.06888, -61.918453, -1.3736107), (15.623076, 71.34803, 2.588797), (16.072569, 71.28731, 2.588797), (20.725298, 70.31373, 2.588797), (21.549839, 70.302475, 2.588797), (23.006027, 69.99452, 2.588797), (24.081278, 69.97444, 2.588797), (25.210863, 69.91789, 2.588797), (25.388418, 69.84145, 2.588797), (26.720367, 69.75161, 2.588797), (26.868183, 69.69291, 2.588797), (28.539948, 69.40838, 2.588797), (29.869316, 68.96487, 2.588797), (30.775288, 68.69704, 2.588797), (31.39332, 68.48152, 2.588797), (32.917324, 68.01914, 2.588797), (34.441326, 67.62802, 2.588797), (34.968006, 67.55232, 2.588797), (35.96533, 67.305214, 2.588797), (36.843204, 67.201126, 2.588797), (38.7121, 66.85623, 2.588797), (43.138145, 65.80507, 2.588797), (46.43979, 64.86574, 2.588797), (46.62703, 63.51306, 2.588797), (45.69376, 62.92258, 2.588797), (40.96891, 63.075424, 2.588797), (39.013336, 63.03653, 2.588797), (38.058636, 62.93769, 2.588797), (36.571957, 62.900364, 2.588797), (33.517284, 62.907036, 2.588797), (30.421652, 62.95466, 2.588797), (27.326021, 63.002285, 2.588797), (22.63752, 63.11878, 2.588797), (17.949017, 63.23527, 2.588797), (14.629286, 63.376785, 2.588797), (13.76122, 63.506996, 2.588797), (13.107453, 63.663277, 2.588797), (12.704022, 64.18141, 2.588797), (12.574628, 65.031, 2.588797), (12.435453, 65.70083, 2.588797), (12.580996, 66.555, 2.588797), (12.534428, 67.125854, 2.588797), (12.804704, 68.07901, 2.588797), (12.640513, 68.54378, 2.588797), (12.879347, 69.60301, 2.588797), (11.58128, 70.830246, 2.588797), (10.44911, 70.735176, 2.588797), (10.029204, 70.8698, 2.588797), (10.0133705, 70.86824, 2.588797), (-103.17291, -65.505066, -4.421617), (-106.26368, -62.19801, -4.421617), (-107.79418, -60.674007, -4.421617), (-108.76191, -59.872055, -4.421617), (-109.577835, -59.150005, -4.421617), (-113.314606, -56.101997, -4.421617), (-116.03319, -53.815994, -4.421617), (-118.75178, -51.529987, -4.421617), (-119.42993, -50.998623, -4.421617), (-122.477936, -48.882996, -4.421617), (-124.00194, -47.7815, -4.421617), (-125.52595, -46.57011, -4.421617), (-126.74038, -45.433975, -4.421617), (-127.04995, -45.111233, -4.421617), (-128.00491, -43.909973, -4.421617), (-128.99483, -42.38597, -4.421617), (-129.86473, -40.86197, -4.421617), (-131.52687, -37.81396, -4.421617), (-132.42467, -36.28996, -4.421617), (-132.89241, -35.59328, -4.421617), (-118.775314, -20.179976, -1.983212), (-119.902245, -22.57393, -1.983212), (-120.267, -23.260866, -1.983212), (-121.74621, -25.045414, -1.983212), (-122.268265, -25.800388, -1.983212), (-122.94819, -27.14594, -1.983212), (-122.987976, -28.159908, -1.983212), (-123.057045, -28.669943, -1.983212), (-122.477936, -29.411743, -1.983212), (-122.18841, -29.725489, -1.983212), (-120.95393, -30.107157, -1.983212), (-119.42993, -30.24153, -1.983212), (-117.90593, -30.64905, -1.983212), (-116.83415, -31.265722, -1.983212), (-116.38193, -31.46881, -1.983212), (-116.06615, -31.717949, -1.983212), (-115.50579, -32.23426, -1.983212), (-115.41072, -32.315056, -1.983212), (-114.14071, -33.188824, -1.983212), (-111.8484, -34.45864, -1.983212), (-110.03224, -35.41876, -1.983212), (-108.98852, -36.011444, -1.983212), (-105.94051, -37.620007, -1.983212), (-102.89251, -39.12959, -1.983212), (-99.844505, -40.688267, -1.983212), (-96.79649, -42.182228, -1.983212), (-93.74849, -43.564262, -1.983212), (-90.700485, -44.80763, -1.983212), (-87.65248, -45.919003, -1.983212), (-84.60447, -46.920265, -1.983212), (-81.556465, -47.824978, -1.983212), (-78.50846, -48.630795, -1.983212), (-75.46046, -49.34287, -1.983212), (-72.412445, -49.959763, -1.983212), (-69.36444, -50.467426, -1.983212), (-66.31644, -50.975086, -1.983212), (-63.26843, -51.584305, -1.983212), (-60.220425, -52.43943, -1.983212), (-57.172417, -53.549404, -1.983212), (-54.124413, -54.828434, -1.983212), (-51.076405, -56.040928, -1.983212), (-48.028397, -57.123093, -1.983212), (-44.980392, -58.09689, -1.983212), (-41.932384, -58.995464, -1.983212), (-38.88438, -59.83346, -1.983212), (-35.836372, -60.581425, -1.983212), (-33.095005, -61.22405, -1.983212), (-32.914192, -61.202816, -1.983212), (-31.275393, -61.597057, -1.983212), (-31.090559, -61.735096, -1.983212), (-25.595268, -63.065563, -1.983212), (-20.09998, -64.39603, -1.983212), (-14.656868, -65.74805, -1.983212), (-9.21376, -67.10007, -1.983212), (-1.7403264, -70.45287, -1.983212), (0.013977945, -70.972885, -1.983212), (1.0602944, -71.365875, -1.983212), (1.8068974, -71.75987, -1.983212), (2.8933744, -72.434074, -1.983212), (8.239611, -75.206604, -1.983212), (8.780663, -75.08568, -1.983212), (9.883718, -75.19, -1.983212), (12.931724, -76.05123, -1.983212), (15.97973, -77.002304, -1.983212), (19.027735, -78.07455, -1.983212), (22.07574, -79.05479, -1.983212), (25.123747, -79.81972, -1.983212), (25.656332, -80.01293, -1.983212), (27.618294, -80.36417, -1.983212), (28.01491, -80.48552, -1.983212), (28.764208, -80.60531, -1.983212), (29.38547, -80.63266, -1.983212), (29.050594, -80.995895, -1.983212), (-31.34904, -133.1734, -8.688826), (-27.989748, -135.10577, -8.688826), (-23.046465, -138.02689, -8.688826), (-19.422096, -140.09511, -8.688826), (-15.797725, -142.16331, -8.688826), (-11.49016, -144.6579, -8.688826), (-11.165621, -144.76381, -8.688826), (-123.89082, -25.765184, -2.2880125), (-124.47107, -26.969677, -2.2880125), (-125.00022, -27.544403, -2.2880125), (-125.11878, -28.179623, -2.2880125), (-125.01029, -28.669943, -2.2880125), (-124.25149, -30.193947, -2.2880125), (-124.00194, -30.567339, -2.2880125), (-122.477936, -31.806461, -2.2880125), (-120.95393, -32.26892, -2.2880125), (-120.47695, -32.19493, -2.2880125), (-119.42993, -32.24599, -2.2880125), (-119.2723, -32.14763, -2.2880125), (-118.478165, -32.39549, -2.2880125), (-117.2311, -33.24195, -2.2880125), (-116.38193, -33.90339, -2.2880125), (-114.857925, -35.195034, -2.2880125), (-112.50723, -37.2665, -2.2880125), (-110.15655, -39.337963, -2.2880125), (-108.33902, -40.86197, -2.2880125), (-105.713905, -42.98016, -2.2880125), (-102.6659, -45.238457, -2.2880125), (-101.14189, -46.32163, -2.2880125), (-97.98067, -48.41246, -2.2880125), (-96.569885, -49.292313, -2.2880125), (-93.284584, -51.231403, -2.2880125), (-88.619835, -53.701363, -2.2880125), (-88.58754, -53.71636, -2.2880125), (-82.83398, -56.17, -2.2880125), (-82.841934, -56.14194, -2.2880125), (-79.086365, -57.038383, -2.2880125), (-75.46046, -57.749844, -2.2880125), (-72.04824, -58.312176, -2.2880125), (-68.33298, -58.83511, -2.2880125), (-66.31644, -59.172634, -2.2880125), (-63.26843, -59.932484, -2.2880125), (-62.569057, -60.15228, -2.2880125), (-60.289715, -61.004948, -2.2880125), (-56.102547, -62.829784, -2.2880125), (-53.48607, -63.89966, -2.2880125), (-50.90966, -64.89033, -2.2880125), (-45.902397, -66.60414, -2.2880125), (-32.768295, -72.315475, -2.2880125), (-30.128578, -72.71151, -2.2880125), (-28.886, -73.04368, -2.2880125), (-26.692356, -73.50641, -2.2880125), (-23.64435, -74.29272, -2.2880125), (-20.596344, -75.145905, -2.2880125), (-16.71813, -76.31259, -2.2880125), (-12.839918, -77.47927, -2.2880125), (-7.815731, -79.13969, -2.2880125), (-2.308307, -81.01614, -2.2880125), (0.73969907, -81.89973, -2.2880125), (3.5628538, -81.962845, -2.2880125), (5.84827, -82.436195, -2.2880125), (7.3712735, -82.83581, -2.2880125), (7.4411426, -82.681015, -2.2880125), (8.846777, -82.956696, -2.2880125), (9.883718, -83.71056, -2.2880125), (12.931724, -85.06462, -2.2880125), (13.376372, -85.2357, -2.2880125), (14.442416, -85.82143, -2.2880125), (17.643703, -86.976364, -2.2880125), (20.844994, -88.13131, -2.2880125), (-133.4897, -44.97906, -5.6408195), (-133.87126, -44.35336, -5.6408195), (-134.38261, -43.654224, -5.6408195), (-134.82393, -42.961452, -5.6408195), (-135.14105, -42.543293, -5.6408195), (-135.22546, -42.490604, -5.6408195), (-135.53531, -42.086384, -5.6408195), (-136.05844, -41.503284, -5.6408195), (-8.14526, -103.313644, -5.3360186), (-13.096298, -102.967064, -5.3360186), (-18.047338, -102.620476, -5.3360186), (-19.650188, -102.54163, -5.3360186), (-21.1057, -102.61012, -5.3360186), (-21.893736, -102.90356, -5.3360186), (-22.257278, -102.98255, -5.3360186), (-22.354876, -103.34609, -5.3360186), (-22.932695, -103.83114, -5.3360186), (-23.41774, -104.70961, -5.3360186), (-23.441145, -104.805244, -5.3360186), (-25.285011, -106.79516, -5.3360186), (-29.339876, -104.32148, -5.3360186), (-29.895628, -104.44462, -5.3360186), (-30.34941, -104.786545, -5.3360186), (-30.62062, -105.285835, -5.3360186), (-30.747942, -106.94843, -5.3360186), (-30.827864, -107.30685, -5.3360186), (-26.185284, -110.94604, -5.3360186), (-21.542707, -114.58523, -5.3360186), (-20.426508, -115.30504, -5.3360186), (-19.239311, -115.77667, -5.3360186), (-17.984465, -116.01459, -5.3360186), (-16.707273, -116.01028, -5.3360186), (-16.006214, -115.903114, -5.3360186), (-14.406273, -117.15581, -5.3360186), (-14.236819, -118.42174, -5.3360186), (-13.830401, -119.63258, -5.3360186), (-13.20178, -120.744385, -5.3360186), (-12.37374, -121.71686, -5.3360186), (-11.839114, -122.18307, -5.3360186), (-9.701713, -123.8302, -5.3360186), (-9.19425, -124.17467, -5.3360186), (-8.171647, -124.67607, -5.3360186), (-6.9188733, -124.9473, -5.3360186), (-6.653706, -124.98539, -5.3360186), (-5.129703, -124.65585, -5.3360186), (-4.1638694, -124.12397, -5.3360186), (-3.422515, -123.34132, -5.3360186), (-1.0359199, -120.25516, -5.3360186), (1.3506749, -117.169, -5.3360186), (-0.10167255, -114.52793, -5.3360186), (3.2065754, -110.15837, -5.3360186), (3.5980065, -109.44211, -5.3360186), (3.712779, -109.14057, -5.3360186), (3.9679887, -107.9181, -5.3360186), (3.742814, -106.3941, -5.3360186), (2.8565028, -105.23629, -5.3360186), (2.605728, -104.870094, -5.3360186), (2.490312, -104.776146, -5.3360186), (0.9663092, -104.01433, -5.3360186), (-0.5576939, -103.848404, -5.3360186), (-4.351477, -103.581024, -5.3360186), (-8.14526, -103.313644, -5.3360186), (88.157074, -58.18915, -2.8976138), (88.791275, -58.41153, -2.8976138), (89.359314, -58.572205, -2.8976138), (90.11152, -58.734333, -2.8976138), (90.67465, -58.820484, -2.8976138), (91.47304, -58.880352, -2.8976138), (92.038376, -58.896423, -2.8976138), (96.702415, -58.518074, -2.8976138), (101.36645, -58.139725, -2.8976138), (106.03049, -57.76137, -2.8976138), (110.69453, -57.383022, -2.8976138), (111.805145, -57.212612, -2.8976138), (112.21853, -57.126514, -2.8976138), (113.01211, -56.895573, -2.8976138), (114.08739, -56.46186, -2.8976138), (115.26654, -55.758682, -2.8976138), (116.71672, -54.504173, -2.8976138), (117.47762, -53.57276, -2.8976138), (117.98991, -52.729355, -2.8976138), (118.484955, -51.648094, -2.8976138), (118.87671, -50.326904, -2.8976138), (119.08888, -48.919575, -2.8976138), (119.10202, -48.53199, -2.8976138), (119.75035, -44.095585, -2.8976138), (110.23031, -32.83801, -2.2880125), (105.6583, -35.359146, -2.2880125), (101.08629, -37.88028, -2.2880125), (96.51428, -40.401417, -2.2880125), (91.94227, -42.922554, -2.2880125), (91.12578, -48.50061, -2.2880125), (91.496284, -49.170322, -2.2880125), (92.215706, -49.413002, -2.2880125), (97.86732, -49.871525, -2.2880125), (103.51892, -50.33004, -2.2880125), (109.170525, -50.788563, -2.2880125), (109.94495, -50.780407, -2.2880125), (110.69453, -50.72807, -2.2880125), (111.21635, -50.5278, -2.2880125), (111.743835, -50.005985, -2.2880125), (111.99916, -49.786613, -2.2880125), (112.21853, -49.2441, -2.2880125), (112.509224, -48.65653, -2.2880125), (112.527664, -48.481983, -2.2880125), (111.76188, -43.267323, -2.2880125), (110.99609, -38.052666, -2.2880125), (110.23031, -32.83801, -2.2880125), (110.23031, -24.12942, -1.983212), (105.6583, -26.650557, -1.983212), (101.08629, -29.171694, -1.983212), (96.51428, -31.692827, -1.983212), (91.94227, -34.213966, -1.983212), (91.24457, -38.96997, -1.983212), (90.54687, -43.725975, -1.983212), (89.84916, -48.481983, -1.983212), (90.545975, -49.66947, -1.983212), (90.69174, -50.005985, -1.983212), (90.765335, -50.106358, -1.983212), (90.88249, -50.172073, -1.983212), (91.10325, -50.226746, -1.983212), (92.406494, -50.708393, -1.983212), (98.2362, -51.1815, -1.983212), (104.0659, -51.654602, -1.983212), (109.895615, -52.12771, -1.983212), (110.530655, -52.117603, -1.983212), (111.17404, -51.99786, -1.983212), (112.19589, -51.507347, -1.983212), (112.859406, -50.95582, -1.983212), (113.312645, -50.33465, -1.983212), (113.59659, -49.62005, -1.983212), (113.715065, -49.380573, -1.983212), (113.81248, -48.49927, -1.983212), (113.09604, -43.625298, -1.983212), (112.37961, -38.75133, -1.983212), (111.66318, -33.87736, -1.983212), (110.94674, -29.00339, -1.983212), (110.23031, -24.12942, -1.983212), (-96.92346, -64.87179, -3.507215), (-95.755264, -66.35691, -3.507215), (-95.04588, -67.191635, -3.507215), (-93.867516, -68.29402, -3.507215), (-93.52188, -68.66136, -3.507215), (-91.99788, -69.607124, -3.507215), (-90.47388, -70.36375, -3.507215), (-88.94987, -70.997, -3.507215), (-87.425865, -71.51135, -3.507215), (-82.85386, -72.79044, -3.507215), (-81.32986, -73.2534, -3.507215), (-78.28185, -74.303734, -3.507215), (-75.23384, -75.35406, -3.507215), (-70.661835, -76.890526, -3.507215), (-67.61383, -77.86118, -3.507215), (-66.08983, -78.41817, -3.507215), (-64.45213, -79.07574, -3.507215), (-61.749012, -80.25485, -3.507215), (-60.72452, -80.64382, -3.507215), (-59.586136, -81.16155, -3.507215), (-59.414894, -81.26935, -3.507215), (-59.224796, -82.35971, -3.507215), (-59.182045, -82.95407, -3.507215), (-58.858948, -83.47443, -3.507215), (-58.675674, -83.81813, -3.507215), (-58.490288, -83.96477, -3.507215), (-57.750767, -85.05806, -3.507215), (-56.637383, -86.41875, -3.507215), (-56.578167, -86.58206, -3.507215), (-55.533123, -88.106064, -3.507215), (-52.877247, -92.67807, -3.507215), (-52.3738, -93.49427, -3.507215), (-51.97692, -94.20207, -3.507215), (-50.996307, -95.726074, -3.507215), (-49.864323, -97.250084, -3.507215), (-49.32579, -97.795784, -3.507215), (-48.21237, -98.774086, -3.507215), (-47.80179, -99.07901, -3.507215), (-46.277786, -99.88503, -3.507215), (-44.753784, -100.50114, -3.507215), (-43.22978, -100.95619, -3.507215), (-42.418922, -101.10894, -3.507215), (-41.705776, -101.208694, -3.507215), (-40.75263, -101.25123, -3.507215), (-40.181774, -101.16746, -3.507215), (-38.911003, -100.551315, -3.507215), (-38.65777, -100.46008, -3.507215), (-37.710804, -99.721054, -3.507215), (-36.907207, -99.00064, -3.507215), (-34.57203, -96.76381, -3.507215), (-33.762497, -96.04934, -3.507215), (-32.90403, -95.383804, -3.507215), (-32.561756, -95.146255, -3.507215), (-31.959112, -94.80472, -3.507215), (-31.037754, -94.5099, -3.507215), (-30.783499, -94.45633, -3.507215), (-29.342085, -94.37374, -3.507215), (-27.790907, -94.40092, -3.507215), (-22.179905, -94.6779, -3.507215), (-16.568903, -94.954895, -3.507215), (-10.957902, -95.23189, -3.507215), (-5.346901, -95.50887, -3.507215), (-2.2296166, -95.578156, -3.507215), (-0.7076954, -95.57607, -3.507215), (-0.5576939, -95.553055, -3.507215), (-0.22864638, -95.726074, -3.507215), (0.9663092, -96.20688, -3.507215), (1.0925972, -96.278496, -3.507215), (2.3874145, -96.68773, -3.507215), (7.460263, -97.15608, -3.507215), (8.586325, -97.35707, -3.507215), (10.110328, -97.55798, -3.507215), (11.634331, -97.84022, -3.507215), (14.682337, -98.585205, -3.507215), (17.730343, -99.37343, -3.507215), (19.254345, -99.81863, -3.507215), (20.778349, -100.330986, -3.507215), (22.302351, -100.95158, -3.507215), (24.31178, -101.92349, -3.507215), (29.244682, -101.1444, -3.507215), (30.500341, -100.87606, -3.507215), (31.64512, -100.49684, -3.507215), (32.71486, -100.04257, -3.507215), (33.730858, -99.53456, -3.507215), (35.586475, -98.34218, -3.507215), (36.01838, -97.99642, -3.507215), (36.45623, -97.687935, -3.507215), (37.277195, -96.98489, -3.507215), (38.583687, -95.668205, -3.507215), (38.80327, -96.031265, -3.507215), (41.519615, -93.35837, -3.507215), (45.9348, -91.71427, -3.507215), (50.349983, -90.070175, -3.507215), (52.62445, -92.09925, -3.507215), (53.826267, -91.879845, -3.507215), (88.36228, 21.622158, 0.45519286), (87.83448, 23.096672, 0.45519286), (87.187386, 24.179424, 0.45519286), (86.49311, 20.81772, 0.45519286), (86.31048, 19.706366, 0.45519286), (86.091225, 18.79341, 0.45519286), (86.03343, 17.050148, 0.45519286), (86.610405, 13.124249, 0.45519286), (87.187386, 9.19835, 0.45519286), (88.10178, 9.328979, 0.45519286), (88.67395, 13.221286, 0.45519286), (89.246124, 17.113596, 0.45519286), (89.25707, 18.508432, 0.45519286), (89.19949, 18.574152, 0.45519286), (89.10507, 18.827566, 0.45519286), (88.77589, 20.098154, 0.45519286), (88.494965, 20.961676, 0.45519286), (88.36228, 21.622158, 0.45519286), (80.83657, 36.192142, 0.45519286), (81.12281, 36.109055, 0.45519286), (82.60361, 35.952545, 0.45519286), (83.14741, 35.84452, 0.45519286), (83.30097, 36.135693, 0.45519286), (83.200874, 36.321278, 0.45519286), (83.11087, 36.929714, 0.45519286), (79.77395, 36.251617, 0.45519286), (80.83657, 36.192142, 0.45519286), (11.892064, -93.58384, -2.8976138), (12.909156, -93.86119, -2.8976138), (13.158334, -93.89588, -2.8976138), (16.206339, -94.551476, -2.8976138), (17.730343, -94.92719, -2.8976138), (19.254345, -95.40004, -2.8976138), (20.778349, -96.0013, -2.8976138), (22.302351, -96.73913, -2.8976138), (23.826355, -97.62994, -2.8976138), (25.350357, -98.68251, -2.8976138), (26.195673, -99.41168, -2.8976138), (28.639532, -99.01525, -2.8976138), (29.810934, -98.66265, -2.8976138), (30.86923, -98.196945, -2.8976138), (31.44637, -97.83149, -2.8976138), (31.824028, -97.62774, -2.8976138), (32.714962, -96.99467, -2.8976138), (33.568092, -96.3238, -2.8976138), (34.373768, -95.60547, -2.8976138), (35.906166, -94.08986, -2.8976138), (39.499577, -90.31922, -2.8976138), (43.09299, -86.54858, -2.8976138), (46.6864, -82.77793, -2.8976138), (47.86338, -81.663025, -2.8976138), (48.210403, -81.42904, -2.8976138), (48.860733, -81.136375, -2.8976138), (49.734406, -80.69186, -2.8976138), (49.891136, -80.58215, -2.8976138), (50.93356, -80.161194, -2.8976138), (51.25841, -80.051575, -2.8976138), (53.098576, -79.62969, -2.8976138), (54.916645, -79.30216, -2.8976138), (55.891365, -79.42521, -2.8976138), (56.339993, -79.624504, -2.8976138), (56.537113, -80.03922, -2.8976138), (56.52966, -80.27638, -2.8976138), (56.431965, -80.657074, -2.8976138), (55.203262, -80.98355, -2.8976138), (55.350277, -84.465164, -2.8976138), (57.624744, -86.49424, -2.8976138), (61.722286, -84.72038, -2.8976138), (62.43526, -84.25401, -2.8976138), (62.860245, -83.858604, -2.8976138), (63.124947, -83.48472, -2.8976138), (64.14942, -79.00853, -2.8976138), (64.31894, -78.49358, -2.8976138), (64.52757, -78.04041, -2.8976138), (64.99938, -77.66621, -2.8976138), (65.779236, -77.43804, -2.8976138), (66.49844, -77.16005, -2.8976138), (68.809975, -76.70157, -2.8976138), (69.93085, -76.37166, -2.8976138), (71.05503, -75.89862, -2.8976138), (72.03211, -75.3517, -2.8976138), (72.93089, -74.67019, -2.8976138), (73.68147, -73.95305, -2.8976138), (74.268394, -73.19723, -2.8976138), (74.480995, -72.88021, -2.8976138), (75.052155, -71.868645, -2.8976138), (75.36965, -71.06922, -2.8976138), (75.68388, -69.77392, -2.8976138), (75.87501, -68.509445, -2.8976138), (76.07102, -68.07162, -2.8976138), (76.333984, -67.273735, -2.8976138), (76.388336, -67.04295, -2.8976138), (-25.566992, 70.90603, 1.979196), (-25.400032, 70.90905, 1.979196), (-27.0277, 71.08431, 1.979196), (-27.557636, 71.3058, 1.979196), (-27.864662, 71.55788, 1.979196), (-28.042799, 71.56251, 1.979196), (-28.566029, 71.650246, 1.979196), (-29.566803, 71.708466, 1.979196), (-30.120552, 71.680756, 1.979196), (-31.090805, 71.87236, 1.979196), (-32.22837, 71.127014, 1.979196), (-32.39992, 71.083206, 1.979196), (-31.81961, 70.43491, 1.979196), (-30.99045, 70.284805, 1.979196), (-30.288126, 70.246185, 1.979196), (-28.662548, 70.49463, 1.979196), (-27.81135, 70.83924, 1.979196), (-27.522785, 70.891716, 1.979196), (-25.566992, 70.90603, 1.979196), (92.427246, 61.22548, 1.979196), (96.940735, 61.591526, 1.979196), (101.45422, 61.957573, 1.979196), (101.69112, 62.871975, 1.979196), (96.816696, 63.267097, 1.979196), (91.94227, 63.662216, 1.979196), (91.100746, 63.590378, 1.979196), (90.745735, 63.528202, 1.979196), (89.929634, 63.273495, 1.979196), (89.14943, 62.876945, 1.979196), (88.377815, 62.3497, 1.979196), (87.63187, 61.57132, 1.979196), (87.039185, 60.68368, 1.979196), (86.61439, 59.55878, 1.979196), (86.42782, 58.187374, 1.979196), (86.551056, 57.07007, 1.979196), (87.187386, 52.741295, 1.979196), (88.10178, 52.87192, 1.979196), (88.93102, 58.528442, 1.979196), (89.422554, 59.658165, 1.979196), (90.33216, 60.63856, 1.979196), (91.14731, 60.98142, 1.979196), (92.427246, 61.22548, 1.979196), (29.817032, 65.451454, 2.2839966), (31.120106, 65.37265, 2.2839966), (32.41675, 65.32623, 2.2839966), (33.03011, 65.43445, 2.2839966), (34.998837, 65.68304, 2.2839966), (33.283897, 65.79229, 2.2839966), (33.063213, 65.82854, 2.2839966), (32.204594, 65.84952, 2.2839966), (31.746763, 65.951416, 2.2839966), (31.167833, 65.95974, 2.2839966), (29.902302, 65.8394, 2.2839966), (28.546234, 65.60002, 2.2839966), (29.817032, 65.451454, 2.2839966), (-44.300568, 79.18877, 3.8079996), (-40.694588, 83.96038, 3.8079996), (-39.15621, 86.154625, 3.8079996), (-38.79088, 87.079895, 3.8079996), (-38.17707, 88.88475, 3.8079996), (7.9551983, 188.2856, 8.380009), (8.566814, 187.71933, 8.380009), (10.110328, 185.82442, 8.380009), (11.634331, 184.12807, 8.380009), (13.158334, 182.88608, 8.380009), (14.682337, 182.15485, 8.380009), (15.734124, 182.11469, 8.380009), (16.206339, 182.12686, 8.380009), (16.835796, 182.53702, 8.380009), (17.317898, 183.16647, 8.380009), (17.545776, 183.35104, 8.380009), (17.730343, 183.98715, 8.380009), (17.921066, 184.49976, 8.380009), (17.917017, 184.69049, 8.380009), (17.858515, 184.83775, 8.380009), (17.853333, 186.21255, 8.380009), (17.921894, 187.51236, 8.380009), (17.957876, 187.79742, 8.380009), (17.324507, 189.2625, 8.380009), (15.420457, 193.1179, 8.380009), (17.042807, 194.96283, 8.380009), (17.488548, 195.6003, 8.380009), (17.668852, 196.944, 8.380009), (17.173286, 198.36815, 8.380009), (16.980375, 198.79167, 8.380009), (2.3857596, 206.78578, 9.294411), (4.1679926, 207.5342, 9.294411), (5.800389, 209.39233, 9.294411), (3.6940978, 213.91219, 9.294411), (-113.391624, -14.30196, -1.3736107), (-114.77343, -17.862713, -1.3736107), (-116.15524, -21.423468, -1.3736107), (-116.52761, -22.238657, -1.3736107), (-115.94776, -22.508116, -1.3736107), (-114.42508, -23.006773, -1.3736107), (-113.333916, -23.412268, -1.3736107), (-111.80991, -23.84238, -1.3736107), (-111.569176, -23.857193, -1.3736107), (-110.90951, -23.821127, -1.3736107), (-110.323326, -23.519989, -1.3736107), (-118.02497, -63.147156, -6.555221), (-118.260544, -61.132114, -6.555221), (-118.840195, -59.90932, -6.555221), (-119.04396, -59.649826, -6.555221), (-120.19732, -59.57767, -6.555221), (-123.21631, -59.502407, -6.555221), (-125.702805, -59.94048, -6.555221), (-88.94987, -58.674084, -2.8976138), (-93.55912, -56.17028, -2.8976138), (-97.78523, -53.60715, -2.8976138), (-98.746315, -52.986904, -2.8976138), (-102.61867, -50.35344, -2.8976138), (-105.932144, -47.877815, -2.8976138), (-107.796555, -46.39933, -2.8976138), (-110.57794, -44.106937, -2.8976138), (-114.50695, -40.557777, -2.8976138), (-118.345856, -36.91613, -2.8976138), (-118.39267, -36.92852, -2.8976138), (-118.57026, -37.111694, -2.8976138), (-118.26697, -37.81396, -2.8976138), (-118.33612, -38.90777, -2.8976138), (-119.77304, -38.346947, -2.8976138), (-119.879295, -38.458683, -2.8976138), (-119.877815, -38.49184, -2.8976138), (-116.13608, -42.21032, -2.8976138), (-113.1771, -45.017612, -2.8976138), (-53.395786, 16.00416, 1.0647941), (-53.295563, 15.359577, 1.0647941), (-53.269474, 14.14605, 1.0647941), (-53.294624, 13.940502, 1.0647941), (-53.350727, 13.838223, 1.0647941), (-53.18602, 13.35031, 1.0647941), (-52.752544, 12.300495, 1.0647941), (-51.368156, 9.252489, 1.0647941), (-51.076405, 8.678543, 1.0647941), (-49.67978, 6.2044826, 1.0647941), (-48.028397, 3.6053686, 1.0647941), (-45.0441, -0.36645144, 1.0647941), (-42.303772, -3.487689, 1.0647941), (-67.985725, -70.870476, -2.8976138), (-66.08983, -71.44784, -2.8976138), (-62.018085, -72.50751, -2.8976138), (-59.84755, -73.0123, -2.8976138), (-56.28495, -73.76609, -2.8976138), (-52.69018, -74.39004, -2.8976138), (-50.849796, -74.78049, -2.8976138), (-50.129795, -75.11003, -2.8976138), (-49.224136, -75.47772, -2.8976138), (-48.83685, -75.733986, -2.8976138), (-48.062225, -76.32168, -2.8976138), (-47.406864, -76.99081, -2.8976138), (-46.830925, -77.74525, -2.8976138), (-46.1979, -79.02428, -2.8976138), (-45.80187, -80.32551, -2.8976138), (-45.65954, -81.77217, -2.8976138), (-45.688915, -85.05806, -2.8976138), (-45.60804, -86.79671, -2.8976138), (-45.487038, -87.63856, -2.8976138), (-45.32135, -88.38942, -2.8976138), (-44.915264, -89.630066, -2.8976138), (-44.389404, -90.81044, -2.8976138), (-44.18726, -91.15407, -2.8976138), (-43.19303, -92.65216, -2.8976138), (-42.993378, -92.67807, -2.8976138), (-41.705776, -93.02639, -2.8976138), (-41.469955, -92.8788, -2.8976138), (-41.227673, -92.67807, -2.8976138), (-40.719875, -92.13997, -2.8976138), (-40.181774, -91.82608, -2.8976138), (-39.792187, -91.388985, -2.8976138), (-39.6633, -91.15407, -2.8976138), (-39.771137, -90.040695, -2.8976138), (-39.576656, -89.630066, -2.8976138), (-39.77343, -88.514404, -2.8976138), (-39.756912, -88.106064, -2.8976138), (-40.244217, -85.05806, -2.8976138), (-40.55596, -82.01005, -2.8976138), (-40.8107, -80.486046, -2.8976138), (-41.18415, -78.96204, -2.8976138), (-41.704525, -77.43804, -2.8976138), (-42.50942, -75.91404, -2.8976138), (-43.436256, -74.54299, -2.8976138), (-44.881157, -73.046974, -2.8976138), (-46.277786, -72.15499, -2.8976138), (-47.96165, -71.342026, -2.8976138), (-49.32579, -70.87667, -2.8976138), (-50.849796, -70.52306, -2.8976138), (-55.518623, -69.72121, -2.8976138), (-58.46981, -69.16423, -2.8976138), (-62.263786, -68.29402, -2.8976138), (-64.56582, -67.718216, -2.8976138), (-69.13783, -66.47641, -2.8976138), (-70.661835, -66.03455, -2.8976138), (-75.23384, -64.55672, -2.8976138), (-79.805855, -62.84493, -2.8976138), (-83.74586, -61.160446, -2.8976138), (-84.82042, -60.674007, -2.8976138), (-88.94987, -58.674084, -2.8976138), (-92.041016, -60.5257, -2.8976138), (-90.838005, -61.229366, -2.8976138), (-85.90186, -63.81926, -2.8976138), (-81.11172, -66.05442, -2.8976138), (-76.45633, -67.9788, -2.8976138), (-71.33081, -69.81802, -2.8976138), (-68.02408, -70.85861, -2.8976138), (-113.10726, -45.083866, -2.8976138), (-111.82145, -46.26559, -2.8976138), (-111.77818, -46.303005, -2.8976138), (-108.25312, -49.350544, -2.8976138), (-104.03265, -52.670532, -2.8976138), (-99.91962, -55.614414, -2.8976138), (-95.080475, -58.746876, -2.8976138), (-92.08616, -60.499294, -2.8976138), (-33.469334, 63.182877, 2.588797), (-34.138813, 63.147648, 2.588797), (-35.08774, 62.931923, 2.588797), (-35.662815, 62.910755, 2.588797), (-36.303394, 62.623573, 2.588797), (-36.890846, 61.982994, 2.588797), (-36.98673, 61.93293, 2.588797), (-37.22253, 60.494705, 2.588797), (-37.306587, 57.53075, 2.588797), (-37.309357, 54.485516, 2.588797), (-37.20774, 51.335896, 2.588797), (-37.105495, 49.701897, 2.588797), (-36.971085, 48.279213, 2.588797), (-37.36576, 47.696842, 2.588797), (-37.34442, 47.09697, 2.588797), (-7.8632646, -104.55565, -5.6408195), (-13.354498, -104.162415, -5.6408195), (-18.84573, -103.76918, -5.6408195), (-20.369734, -103.86084, -5.6408195), (-20.706173, -103.98635, -5.6408195), (-21.604889, -104.222404, -5.6408195), (-21.893736, -104.52682, -5.6408195), (-22.080357, -104.68348, -5.6408195), (-22.183397, -104.870094, -5.6408195), (-22.5814, -105.22275, -5.6408195), (-24.01299, -106.76808, -5.6408195), (-24.140894, -107.04941, -5.6408195), (-24.270992, -107.18824, -5.6408195), (-24.725859, -107.829506, -5.6408195), (-24.765526, -107.968704, -5.6408195), (-24.941742, -109.294685, -5.6408195), (-24.989304, -109.39455, -5.6408195), (-24.276333, -110.5369, -5.6408195), (-23.41774, -111.298874, -5.6408195), (-22.13903, -112.49011, -5.6408195), (-20.369734, -113.87382, -5.6408195), (-19.306341, -114.39033, -5.6408195), (-18.84573, -114.55093, -5.6408195), (-18.238138, -114.621704, -5.6408195), (-17.321728, -114.767235, -5.6408195), (-15.797725, -114.82331, -5.6408195), (-15.0946045, -115.06842, -5.6408195), (-59.653385, 52.44265, 3.1983984), (-59.993813, 53.036972, 3.1983984), (-60.479214, 53.57074, 3.1983984), (-60.834538, 52.26416, 3.1983984), (-61.186672, 52.20859, 3.1983984), (-62.919758, 48.492653, 3.1983984), (-63.704906, 46.665737, 3.1983984), (-63.023464, 46.603107, 3.1983984), (-62.04761, 47.665768, 3.1983984), (-60.11352, 50.001186, 3.1983984), (-59.828247, 50.41265, 3.1983984), (-59.590744, 50.85086, 3.1983984), (-59.473022, 51.482986, 3.1983984), (-59.682648, 52.10222, 3.1983984), (-59.653385, 52.44265, 3.1983984), (-35.58393, -80.32612, -2.5928133), (-33.819942, -80.5456, -2.5928133), (-31.567032, -80.966354, -2.5928133), (-29.740362, -81.6724, -2.5928133), (-26.692356, -82.614075, -2.5928133), (-23.64435, -83.55575, -2.5928133), (-20.452011, -84.61441, -2.5928133), (-17.259672, -85.67308, -2.5928133), (-14.077271, -86.89672, -2.5928133), (-10.89487, -88.12037, -2.5928133), (-28.913816, -90.42412, -2.5928133), (-23.492361, -90.70086, -2.5928133), (-18.070906, -90.97759, -2.5928133), (-12.649451, -91.25433, -2.5928133), (-9.451867, -91.403915, -2.5928133), (-6.25428, -91.55349, -2.5928133), (-3.6057, -91.62573, -2.5928133), (-2.081697, -91.452, -2.5928133), (-1.9253647, -91.414085, -2.5928133), (-1.6711122, -91.2174, -2.5928133), (-1.5652763, -91.40949, -2.5928133), (6.703382, -48.968636, -1.0688102), (7.8768644, -48.95268, -1.0688102), (6.703382, -47.386543, -0.76400954), (7.6537137, -47.377296, -0.76400954), (7.520409, -47.00612, -0.76400954), (11.599849, -47.22547, -0.76400954), (17.471077, -47.483135, -0.76400954), (23.342308, -47.7408, -0.76400954), (26.910069, -47.975178, -0.76400954), (30.477829, -48.209557, -0.76400954), (31.175493, -48.514145, -0.76400954), (31.21976, -48.47515, -0.76400954), (31.732065, -48.659626, -0.76400954), (34.013515, -50.519974, -0.76400954), (50.01529, 48.40032, 2.2839966), (50.03321, 48.57394, 2.2839966), (50.825836, 48.64649, 2.2839966), (51.228558, 48.80572, 2.2839966), (51.22819, 49.530884, 2.2839966), (52.11331, 50.407017, 2.2839966), (52.911156, 50.7172, 2.2839966), (48.652855, 48.40032, 2.588797), (48.240784, 49.79097, 2.588797), (48.16332, 51.314972, 2.588797), (48.155502, 54.353138, 2.588797), (48.216717, 55.73024, 2.588797), (48.351967, 56.637405, 2.588797), (48.49525, 57.140896, 2.588797), (49.299267, 56.882412, 2.588797), (51.01387, 57.602474, 2.588797), (52.911156, 58.338203, 2.588797), (60.892757, 123.423965, 4.7224016), (60.180912, 124.23762, 4.7224016), (59.89589, 124.19159, 4.7224016), (-69.29274, 39.61599, 2.588797), (-69.444214, 39.15478, 2.588797), (-71.287895, 34.9648, 2.588797), (-73.13157, 30.774822, 2.588797), (-72.424194, 30.753256, 2.588797), (-71.67006, 31.621841, 2.588797), (-70.661835, 32.98949, 2.588797), (-70.32819, 33.480545, 2.588797), (-70.030716, 33.814182, 2.588797), (-68.16655, 36.309464, 2.588797), (-67.01325, 37.78562, 2.588797), (-65.4885, 39.308872, 2.588797), (-64.05321, 40.92158, 2.588797), (-61.2393, 44.20369, 2.588797), (-59.8524, 45.864796, 2.588797), (-59.18858, 46.72498, 2.588797), (-58.56314, 47.62354, 2.588797), (-57.96162, 48.54602, 2.588797), (-57.436287, 49.544693, 2.588797), (-57.008675, 50.641087, 2.588797), (-56.626812, 52.10222, 2.588797), (-56.434746, 53.115166, 2.588797), (-56.30484, 53.62622, 2.588797), (-56.180325, 54.384747, 2.588797), (-55.984993, 55.150223, 2.588797), (-55.956074, 56.192238, 2.588797), (-55.989033, 56.88916, 2.588797), (-56.05793, 57.147194, 2.588797), (-35.330997, 89.96636, 2.588797), (-34.932865, 90.12389, 2.588797), (-33.334415, 90.97495, 2.588797), (-32.858788, 91.726295, 2.588797), (-32.241177, 92.090355, 2.588797), (-53.18896, 62.260746, 3.1983984), (-56.834, 57.91621, 3.1983984), (-60.479034, 53.571674, 3.1983984), (-36.456223, 88.755486, 3.5031989), (-36.911247, 88.17248, 3.5031989), (-37.012085, 87.87533, 3.5031989), (-41.722404, 80.41698, 3.5031989), (-43.45616, 78.15791, 3.5031989), (-44.753784, 76.92203, 3.5031989), (-45.6334, 76.158035, 3.5031989), (-48.31176, 72.01449, 3.5031989), (-50.99012, 67.87093, 3.5031989), (-53.050774, 64.74629, 3.5031989), (-54.54766, 62.96345, 3.5031989), (-33.439236, 93.5326, 3.8079996), (-36.761555, 90.72427, 3.8079996), (-38.04446, 89.094734, 3.8079996), (-21.354303, 112.66796, 4.1128), (-22.011978, 111.83165, 4.1128), (-23.108934, 110.612175, 4.1128), (-23.39219, 110.02118, 4.1128), (-23.552727, 109.186966, 4.1128), (-29.929743, 99.089554, 4.1128), (-31.002815, 97.7994, 4.1128), (-33.166374, 95.556595, 4.1128), (-34.883907, 94.09917, 4.1128), (72.26748, 115.480804, 4.7224016), (71.9283, 114.84824, 4.7224016), (70.84384, 114.82414, 4.7224016), (69.58523, 114.484665, 4.7224016), (69.3064, 114.31119, 4.7224016), (53.919304, 131.99438, 5.027202), (53.583817, 132.00446, 5.027202), (30.158085, 150.70538, 5.636803), (29.658361, 150.538, 5.636803), (28.884064, 150.38463, 5.636803), (41.753864, 147.70328, 5.636803), (41.474545, 147.79239, 5.636803), (40.950653, 147.7761, 5.636803), (40.5721, 147.72418, 5.636803), (40.222927, 147.61432, 5.636803), (39.965134, 147.4732, 5.636803), (38.13025, 147.78337, 5.636803), (37.315773, 148.45316, 5.636803), (37.09796, 148.67212, 5.636803), (32.952377, 150.58961, 6.2464046), (32.53418, 151.80103, 6.2464046), (31.21976, 153.53717, 6.2464046), (28.171755, 154.65878, 6.2464046), (25.123747, 155.38779, 6.2464046), (22.07574, 155.91022, 6.2464046), (19.027735, 156.20021, 6.2464046), (15.97973, 156.26598, 6.2464046), (12.931724, 156.10292, 6.2464046), (12.4835205, 156.00499, 6.2464046), (9.894852, 155.54564, 6.2464046), (6.8357115, 154.39474, 6.2464046), (5.878003, 153.24374, 6.2464046), (5.909343, 183.14096, 7.7704077), (6.3734994, 182.47766, 7.7704077), (8.586325, 179.6371, 7.7704077), (10.110328, 177.81653, 7.7704077), (10.826734, 177.07047, 7.7704077), (11.634331, 176.03944, 7.7704077), (12.126641, 175.54646, 7.7704077), (12.311759, 175.32578, 7.7704077), (3.1626139, 176.23387, 7.160806), (3.745847, 175.278, 7.160806), (4.392326, 174.02246, 7.160806), (4.857357, 172.49846, 7.160806), (5.059623, 170.97446, 7.160806), (5.2236576, 169.45045, 7.160806), (5.257981, 169.00139, 7.160806), (1.4783193, 171.99843, 6.8560057), (1.677543, 170.95703, 6.8560057), (1.6397631, 170.62842, 6.8560057), (1.8197356, 169.45045, 6.8560057), (2.3328156, 165.09448, 6.8560057), (-1.2390848, 165.16507, 6.551205), (-0.8769573, 163.03519, 6.551205), (-0.2408506, 160.62569, 6.551205), (-0.15164156, 160.51273, 6.551205), (43.677578, 143.97473, 5.3320026), (40.18651, 143.72661, 5.3320026), (36.16412, 145.22417, 5.3320026), (35.191753, 145.42523, 5.3320026), (34.267765, 145.49973, 5.3320026), (31.21976, 146.33284, 5.3320026), (28.28598, 147.05862, 5.3320026), (25.123747, 147.80215, 5.3320026), (23.370075, 148.16644, 5.3320026), (22.07574, 148.50053, 5.3320026), (19.454823, 149.03368, 5.3320026), (19.027735, 149.14346, 5.3320026), (17.501736, 149.46077, 5.3320026), (15.985759, 149.73538, 5.3320026), (14.938287, 150.0588, 5.3320026), (14.39465, 150.37517, 5.3320026), (-99.16272, -68.48873, -5.3360186), (-96.13186, -71.742836, -5.3360186), (-96.64436, -74.50264, -5.3360186), (-95.43588, -75.71904, -5.3360186), (-93.769585, -77.472755, -5.3360186), (49.89846, 135.94188, 5.027202), (46.65512, 135.89445, 5.027202), (43.411785, 135.84705, 5.027202), (40.363777, 135.87463, 5.027202), (38.6055, 135.97902, 5.027202), (37.315773, 136.08342, 5.027202), (35.596737, 136.51898, 5.027202), (34.23535, 136.92224, 5.027202), (34.09316, 137.03635, 5.027202), (33.855328, 137.14151, 5.027202), (33.151905, 137.52681, 5.027202), (32.430695, 137.61806, 5.027202), (31.623835, 137.94731, 5.027202), (31.21976, 138.19763, 5.027202), (27.155752, 139.49904, 5.027202), (23.091743, 140.80043, 5.027202), (19.027735, 142.10182, 5.027202), (15.97973, 143.04526, 5.027202), (12.931724, 143.95332, 5.027202), (9.883718, 144.79526, 5.027202), (8.928024, 144.93541, 5.027202), (8.5702915, 144.85335, 5.027202), (7.938038, 144.98154, 5.027202), (7.6235356, 145.00948, 5.027202), (7.1441727, 145.19356, 5.027202), (-104.63244, -64.915726, -5.6408195), (-101.44812, -68.27007, -5.6408195), (-101.960625, -71.02988, -5.6408195), (-98.816864, -74.1757, -5.6408195), (34.267765, 132.99298, 5.027202), (35.374596, 132.58298, 5.027202), (36.245182, 132.34062, 5.027202), (56.133232, 127.95142, 4.7224016), (52.5558, 127.93564, 4.7224016), (49.507797, 127.88083, 4.7224016), (46.45979, 127.82601, 4.7224016), (43.411785, 127.73162, 4.7224016), (40.363777, 127.63722, 4.7224016), (39.796124, 127.54267, 4.7224016), (39.55487, 127.545135, 4.7224016), (36.220814, 128.33627, 4.7224016), (34.903553, 128.83565, 4.7224016), (31.910015, 130.04424, 4.7224016), (28.916477, 131.25282, 4.7224016), (25.007383, 132.73679, 4.7224016), (21.098291, 134.22073, 4.7224016), (16.868406, 135.72844, 4.7224016), (12.63852, 137.23613, 4.7224016), (8.408635, 138.74382, 4.7224016), (6.8357115, 139.35439, 4.7224016), (6.4650617, 139.56305, 4.7224016), (6.138486, 139.51236, 4.7224016), (4.722178, 139.7965, 4.7224016), (86.92627, 97.91534, 4.1128), (85.85499, 96.29831, 4.1128), (85.402466, 95.68232, 4.1128), (84.786476, 95.148056, 4.1128), (84.67416, 95.02621, 4.1128), (83.7331, 94.30367, 4.1128), (79.24772, 91.08642, 4.1128), (78.03811, 93.77911, 4.1128), (62.292492, 111.735985, 4.1128), (62.08512, 111.74647, 4.1128), (58.651814, 112.24638, 4.1128), (55.60381, 112.58275, 4.1128), (52.5558, 112.91912, 4.1128), (51.425705, 113.076164, 4.1128), (47.202065, 112.50466, 4.1128), (46.45979, 112.43866, 4.1128), (46.236412, 112.39792, 4.1128), (43.652145, 112.4602, 4.1128), (40.25996, 112.780876, 4.1128), (37.315773, 113.294975, 4.1128), (34.267765, 114.08444, 4.1128), (31.21976, 115.05514, 4.1128), (28.171755, 116.134544, 4.1128), (25.123747, 117.284195, 4.1128), (22.07574, 118.4991, 4.1128), (19.027735, 119.771324, 4.1128), (15.97973, 121.10101, 4.1128), (12.931724, 122.43071, 4.1128), (9.883718, 123.79674, 4.1128), (6.8357115, 125.162766, 4.1128), (3.7877052, 126.41493, 4.1128), (3.1255746, 126.64444, 4.1128), (2.7399561, 126.70333, 4.1128), (-123.229324, -56.719566, -5.94562), (-123.01788, -56.682316, -5.94562), (-121.401085, -56.749966, -5.94562), (-120.58574, -56.657433, -5.94562), (-120.18254, -56.487694, -5.94562), (-119.24083, -56.269363, -5.94562), (-119.123535, -56.19343, -5.94562), (-118.51459, -55.970173, -5.94562), (-118.35496, -55.951717, -5.94562), (-122.91866, -55.272266, -5.6408195), (-121.68438, -55.27217, -5.6408195), (-121.28336, -55.179466, -5.6408195), (-120.37009, -55.161842, -5.6408195), (-120.1027, -55.06381, -5.6408195), (-119.77263, -55.025646, -5.6408195), (61.82319, 103.38302, 3.8079996), (58.651814, 103.75333, 3.8079996), (55.60381, 104.13633, 3.8079996), (52.5558, 104.519325, 3.8079996), (49.507797, 104.96183, 3.8079996), (47.434074, 105.37106, 3.8079996), (-135.97487, -38.95876, -5.3360186), (-135.73163, -39.337963, -5.3360186), (-134.66997, -40.615063, -5.3360186), (-132.93951, -43.408142, -5.3360186), (-131.20905, -46.201218, -5.3360186), (-130.74408, -46.828667, -5.3360186), (-130.48538, -47.13111, -5.3360186), (-130.29947, -47.397648, -5.3360186), (-130.2609, -47.4149, -5.3360186), (-129.6197, -48.17988, -5.3360186), (-129.17477, -48.96363, -5.3360186), (-128.12952, -49.754017, -5.3360186), (-126.89478, -50.80564, -5.3360186), (-126.445175, -51.15513, -5.3360186), (-123.54837, -53.053993, -5.3360186), (-121.87057, -54.102703, -5.3360186), (-121.735275, -54.12882, -5.3360186), (-121.1903, -54.09958, -5.3360186), (-134.65636, -37.519196, -5.031218), (-134.53214, -37.81396, -5.031218), (-133.77501, -39.337963, -5.031218), (-132.0232, -42.38597, -5.031218), (-131.10107, -43.909973, -5.031218), (-130.09795, -45.453964, -5.031218), (-128.95883, -46.95798, -5.031218), (-128.57394, -47.419876, -5.031218), (-127.501724, -48.481983, -5.031218), (-127.04995, -48.87885, -5.031218), (-125.55816, -50.046257, -5.031218), (-123.37956, -51.529987, -5.031218), (-120.98353, -53.053993, -5.031218), (-119.16353, -54.577995, -5.031218), (-116.8629, -56.562313, -5.031218), (-132.02136, -34.642265, -4.116816), (-130.9083, -36.28996, -4.116816), (-130.00789, -37.81396, -4.116816), (-129.17773, -39.337963, -4.116816), (-128.3876, -40.86197, -4.116816), (-127.49415, -42.38597, -4.116816), (-127.04995, -43.037872, -4.116816), (-126.36926, -43.909973, -4.116816), (-125.52595, -44.785458, -4.116816), (-124.00194, -46.066418, -4.116816), (-122.477936, -47.223274, -4.116816), (-118.58062, -50.005985, -4.116816), (-117.90593, -50.528343, -4.116816), (-113.35148, -54.3371, -4.116816), (-110.00036, -56.968506, -4.116816), (-107.23791, -59.24071, -4.116816), (-105.40979, -60.674007, -4.116816), (-104.1899, -61.808, -4.116816), (-103.714226, -62.19801, -4.116816), (-102.2, -63.722015, -4.116816), (-99.455666, -66.77002, -4.116816), (-96.805176, -69.66469, -4.116816), (55.714264, 95.26415, 3.5031989), (55.24073, 95.31059, 3.5031989), (53.675995, 95.71685, 3.5031989), (52.5558, 95.928406, 3.5031989), (50.72072, 96.43175, 3.5031989), (46.910564, 97.64467, 3.5031989), (43.411785, 98.64952, 3.5031989), (42.5617, 98.49475, 3.5031989), (40.363777, 98.66241, 3.5031989), (39.02624, 98.18787, 3.5031989), (38.507263, 97.91003, 3.5031989), (36.42722, 97.19299, 3.5031989), (35.95918, 97.42366, 3.5031989), (35.502262, 97.7249, 3.5031989), (34.267765, 98.298355, 3.5031989), (33.24369, 98.66874, 3.5031989), (31.21976, 99.4902, 3.5031989), (28.171755, 100.566895, 3.5031989), (25.123747, 101.64359, 3.5031989), (22.07574, 102.77386, 3.5031989), (19.027735, 103.947426, 3.5031989), (15.97973, 105.176125, 3.5031989), (12.931724, 106.45037, 3.5031989), (9.883718, 107.78892, 3.5031989), (6.8357115, 109.26436, 3.5031989), (3.7877052, 110.93743, 3.5031989), (0.15016896, 113.22854, 3.5031989), (0.018659683, 113.1895, 3.5031989), (-2.5930367, 112.53657, 3.5031989), (-131.15033, -33.691246, -3.8120158), (-130.37683, -34.765957, -3.8120158), (-129.35907, -36.28996, -3.8120158), (-128.46198, -37.81396, -3.8120158), (-126.98744, -40.768612, -3.8120158), (-126.340065, -41.914196, -3.8120158), (-125.27341, -43.25564, -3.8120158), (-124.00194, -44.343163, -3.8120158), (-120.79753, -46.79665, -3.8120158), (-130.2793, -32.74023, -3.507215), (-129.88612, -33.24195, -3.507215), (-128.7784, -34.765957, -3.507215), (-127.740295, -36.28996, -3.507215), (-127.04995, -37.461056, -3.507215), (-126.871635, -37.673153, -3.507215), (-126.75134, -38.117268, -3.507215), (-126.38311, -39.04122, -3.507215), (51.137283, 86.22537, 3.1983984), (48.59342, 87.995445, 3.1983984), (47.77599, 88.50065, 3.1983984), (46.45979, 89.22246, 3.1983984), (44.575844, 90.38459, 3.1983984), (43.411785, 91.15163, 3.1983984), (42.900723, 91.54865, 3.1983984), (40.496456, 93.12502, 3.1983984), (40.36373, 92.85058, 3.1983984), (-128.06903, -30.327028, -2.8976138), (-126.43875, -33.24195, -2.8976138), (-125.39197, -34.969044, -2.8976138), (23.70149, 94.63745, 3.1983984), (22.838633, 94.97419, 3.1983984), (18.304367, 96.50159, 3.1983984), (15.982696, 97.23918, 3.1983984), (14.557786, 97.64467, 3.1983984), (12.931724, 98.161476, 3.1983984), (11.122991, 98.4891, 3.1983984), (6.146155, 99.98857, 3.1983984), (4.6642995, 100.69267, 3.1983984), (3.0794003, 101.40097, 3.1983984), (0.73969907, 102.512115, 3.1983984), (-2.308307, 103.785385, 3.1983984), (-5.356313, 104.9597, 3.1983984), (-8.19786, 105.93183, 3.1983984), (-9.905938, 106.78868, 3.1983984), (-11.452325, 107.65623, 3.1983984), (-14.500332, 108.93796, 3.1983984), (-14.703185, 108.885635, 3.1983984), (-14.996239, 108.886, 3.1983984), (-17.67572, 109.709305, 3.1983984), (-20.074335, 110.41357, 3.1983984), (-29.091442, 96.13582, 2.588797), (-24.843893, 95.18143, 2.588797), (-20.596344, 94.227036, 2.588797), (-17.548338, 93.59739, 2.588797), (-17.282652, 93.58624, 2.588797), (-16.315609, 93.39215, 2.588797), (-16.09632, 93.30901, 2.588797), (28.613443, 90.81716, 2.588797), (29.61483, 90.66786, 2.588797), (30.239138, 89.742165, 2.588797), (31.21976, 87.89367, 2.588797), (32.235886, 85.67171, 2.588797), (32.87431, 84.69887, 2.588797), (32.875347, 84.58012, 2.588797), (32.577705, 82.40463, 2.588797), (32.47977, 81.14462, 2.588797), (32.201817, 79.35663, 2.588797), (32.107227, 78.46916, 2.588797), (31.600977, 75.92741, 2.588797), (31.21976, 74.77958, 2.588797), (30.89076, 73.589615, 2.588797), (30.671703, 73.26062, 2.588797), (30.405716, 72.728294, 2.588797), (-28.506227, 87.430595, 2.2839966), (-27.915676, 87.36453, 2.2839966), (-24.617058, 86.545906, 2.2839966), (-21.318438, 85.72728, 2.2839966), (-21.21312, 85.77088, 2.2839966), (-20.245335, 85.99115, 2.2839966), (-17.548338, 86.027374, 2.2839966), (-17.25355, 86.09411, 2.2839966), (-16.863262, 86.268005, 2.2839966), (-15.121722, 86.66303, 2.2839966), (-14.617231, 87.07572, 2.2839966), (-13.44456, 87.60824, 2.2839966), (-12.883291, 88.31092, 2.2839966), (-12.821152, 88.42428, 2.2839966), (-10.084228, 91.88152, 2.2839966), (18.39335, 91.5224, 2.2839966), (19.41094, 91.46801, 2.2839966), (20.418673, 90.41279, 2.2839966), (22.045877, 88.42789, 2.2839966), (24.02006, 85.722015, 2.2839966), (23.967575, 85.5902, 2.2839966), (23.856104, 85.452644, 2.2839966), (23.420753, 84.10763, 2.2839966), (22.07574, 82.91566, 2.2839966), (21.97062, 82.758316, 2.2839966), (19.72885, 81.06905, 2.2839966), (19.027735, 80.965065, 2.2839966), (17.938046, 80.44631, 2.2839966), (15.97973, 80.149895, 2.2839966), (15.244638, 80.09172, 2.2839966), (11.392081, 79.55063, 2.2839966), (10.940059, 79.546745, 2.2839966), (8.006935, 79.05183, 2.2839966), (5.63658, 78.03895, 2.2839966), (4.8001523, 77.81081, 2.2839966), (0.28765535, 76.0935, 2.2839966), (-4.2248383, 74.37618, 2.2839966), (-5.607664, 73.87658, 2.2839966), (2.4518616, 13.672098, 2.2839966), (2.8933744, 12.789069, 2.2839966), (8.379786, 10.522224, 2.2839966), (9.9547205, 13.672098, 2.2839966), (-77.93975, 25.924255, 1.979196), (-79.35465, 20.895239, 1.979196), (-78.7452, 20.73601, 1.979196), (-75.23384, 23.503246, 1.979196), (-74.632416, 24.068737, 1.979196), (-73.87332, 24.833643, 1.979196), (-71.07441, 27.827156, 1.979196), (-68.2755, 30.820671, 1.979196), (-65.47658, 33.814182, 1.979196), (-65.07056, 34.318916, 1.979196), (-64.11561, 35.338184, 1.979196), (-62.292374, 37.636745, 1.979196), (-59.52587, 41.434196, 1.979196), (-57.775085, 43.787483, 1.979196), (-57.14833, 44.68473, 1.979196), (-56.471466, 45.73008, 1.979196), (-55.421803, 47.546337, 1.979196), (-54.96714, 48.47075, 1.979196), (-54.28778, 50.188236, 1.979196), (-53.29289, 53.280266, 1.979196), (-52.64673, 55.150223, 1.979196), (-52.616375, 55.3928, 1.979196), (-52.449932, 55.874954, 1.979196), (-48.61536, 64.53892, 1.979196), (-48.16777, 65.33879, 1.979196), (-44.397774, 65.60353, 1.979196), (-41.932384, 66.339554, 1.979196), (-40.59638, 66.207275, 1.979196), (-40.729183, 67.164604, 1.979196), (-40.14326, 68.423485, 1.979196), (-39.984337, 70.21261, 1.979196), (-39.73506, 72.32762, 1.979196), (-39.549767, 73.35172, 1.979196), (-39.458454, 74.013565, 1.979196), (-38.738964, 75.33054, 1.979196), (-38.349174, 76.13345, 1.979196), (-35.836372, 76.500435, 1.979196), (-35.674393, 76.4706, 1.979196), (-32.78837, 76.577126, 1.979196), (-30.035376, 76.60364, 1.979196), (-29.740362, 76.58472, 1.979196), (-28.35337, 76.69928, 1.979196), (-5.168154, 13.672098, 1.979196), (-4.4896584, 12.300495, 1.979196), (-3.909327, 10.699471, 1.979196), (-3.4405408, 9.252489, 1.979196), (-3.4395685, 9.137866, 1.979196), (-3.501388, 9.116051, 1.979196), (-3.6197665, 8.490487, 1.979196), (-1.2987586, 3.1564767, 1.979196), (0.51428986, -1.1218449, 1.979196), (-0.1388948, -1.3500004, 1.979196), (9.620906, -4.0063376, 1.979196), (9.958347, -2.9395356, 1.979196), (10.780024, -0.7878383, 1.979196), (11.157059, 0.55122393, 1.979196), (11.273297, 1.1325336, 1.979196), (11.199191, 1.1752727, 1.979196), (13.042542, 4.8328924, 1.979196), (14.885895, 8.490515, 1.979196), (15.335981, 9.194876, 1.979196), (17.574736, 13.672098, 1.979196), (-80.37259, 22.072086, 1.6743953), (-80.610535, 21.176855, 1.6743953), (-80.64871, 20.789984, 1.6743953), (-80.697464, 20.726175, 1.6743953), (-80.744995, 20.504387, 1.6743953), (-83.806915, 17.05946, 1.6743953), (-84.479, 16.402676, 1.6743953), (-88.04514, 11.90836, 1.6743953), (-88.22039, 11.572786, 1.6743953), (-87.62396, 11.321418, 1.6743953), (-87.4816, 11.418432, 1.6743953), (-85.20444, 13.516049, 1.6743953), (-83.2908, 14.877968, 1.6743953), (-82.151695, 15.849383, 1.6743953), (-80.08113, 17.532547, 1.6743953), (-78.65067, 18.822496, 1.6743953), (-78.5849, 18.836594, 1.6743953), (-78.52852, 18.910395, 1.6743953), (-78.28185, 19.078758, 1.6743953), (-77.03741, 20.098154, 1.6743953), (-75.180176, 21.568491, 1.6743953), (-74.38618, 22.29849, 1.6743953), (-72.11891, 24.60324, 1.6743953), (-69.139885, 27.72023, 1.6743953), (-66.160866, 30.837221, 1.6743953), (-62.275158, 34.830505, 1.6743953), (-10.795346, 8.490741, 1.6743953), (-10.046442, 6.2044826, 1.6743953), (-9.217689, 3.9698431, 1.6743953), (-8.940391, 3.1564767, 1.6743953), (-8.404319, 1.7519585, 1.6743953), (-7.04717, -1.5679327, 1.6743953), (17.240921, -4.0063376, 1.6743953), (18.552397, 0.52042997, 1.6743953), (18.819206, 1.1752727, 1.6743953), (20.662598, 4.8329077, 1.6743953), (22.50599, 8.490545, 1.6743953), (22.95608, 9.252489, 1.6743953), (24.517237, 12.300495, 1.6743953), (25.194752, 13.672098, 1.6743953), (-93.35614, 7.5731535, 1.0647941), (-95.1019, 4.05943, 1.0647941), (-94.51756, 3.801264, 1.0647941), (-93.21696, 4.553201, 1.0647941), (-92.8116, 4.858124, 1.0647941), (-91.99788, 5.3665614, 1.0647941), (-91.33916, 5.723413, 1.0647941), (-90.47388, 6.39473, 1.0647941), (-89.49878, 6.931033, 1.0647941), (-88.94987, 7.343163, 1.0647941), (-88.59706, 7.55332, 1.0647941), (-88.12773, 7.90613, 1.0647941), (-87.68757, 8.167829, 1.0647941), (-87.425865, 8.355101, 1.0647941), (-86.74561, 8.749876, 1.0647941), (-85.889145, 9.417417, 1.0647941), (-84.938416, 9.990688, 1.0647941), (-84.37786, 10.400334, 1.0647941), (-84.03395, 10.610223, 1.0647941), (-83.15268, 11.252962, 1.0647941), (-82.22213, 11.846409, 1.0647941), (-80.45559, 13.127876, 1.0647941), (-79.15558, 14.002142, 1.0647941), (-77.24952, 15.526145, 1.0647941), (-76.19159, 16.483892, 1.0647941), (-75.43977, 17.25608, 1.0647941), (-74.6525, 17.992811, 1.0647941), (-73.84291, 18.707224, 1.0647941), (-72.18584, 20.371895, 1.0647941), (-69.94209, 22.690626, 1.0647941), (-66.45323, 27.273079, 1.0647941), (-65.32181, 25.487148, 1.0647941), (-62.8351, 21.444513, 1.0647941), (-61.6658, 19.84188, 1.0647941), (-60.65695, 18.396507, 1.0647941), (-60.220425, 17.965622, 1.0647941), (-58.481873, 16.854689, 1.0647941), (-57.36307, 16.492176, 1.0647941), (-56.746483, 16.255005, 1.0647941), (-56.318565, 16.160612, 1.0647941), (-32.768295, -3.8285384, 1.0647941), (-30.742678, -4.221865, 1.0647941), (-29.740362, -4.2074084, 1.0647941), (-28.204487, -4.4754105, 1.0647941), (-26.692356, -4.6065145, 1.0647941), (-24.547394, -5.0845, 1.0647941), (-23.64435, -5.253719, 1.0647941), (-21.119411, -5.9875417, 1.0647941), (-17.548338, -6.819187, 1.0647941), (-16.309065, -7.0490584, 1.0647941), (33.520916, 0.3806301, 1.0647941), (34.267765, 1.6614022, 1.0647941), (34.925823, 2.4984183, 1.0647941), (35.17916, 3.1564767, 1.0647941), (35.96269, 4.509557, 1.0647941), (36.618866, 6.2044826, 1.0647941), (37.4228, 7.8497415, 1.0647941), (39.74581, 12.300495, 1.0647941), (40.43478, 13.672098, 1.0647941), (-96.77117, 3.8445518, 0.7599935), (-97.03498, 3.3215292, 0.7599935), (-99.2013, -0.41638082, 0.7599935), (-98.57374, -0.63374937, 0.7599935), (-93.95644, 2.3068237, 0.7599935), (-89.339134, 5.2473936, 0.7599935), (-86.59443, 7.0746946, 0.7599935), (-85.69661, 7.700877, 0.7599935), (-84.77534, 8.303608, 0.7599935), (-82.06095, 10.161227, 0.7599935), (-81.17629, 10.800574, 0.7599935), (-80.250984, 11.39927, 0.7599935), (-79.805855, 11.740491, 0.7599935), (-76.37472, 14.134746, 0.7599935), (-75.08643, 15.151286, 0.7599935), (-74.008644, 16.33117, 0.7599935), (-73.83503, 16.543102, 0.7599935), (-32.768295, -10.17855, 0.7599935), (-32.08043, -10.331118, 0.7599935), (-29.740362, -11.379446, 0.7599935), (-27.38713, -12.083554, 0.7599935), (-26.692356, -12.342147, 0.7599935), (-26.385637, -12.390271, 0.7599935), (-23.64435, -13.041377, 0.7599935), (-22.682667, -13.045237, 0.7599935), (-20.596344, -13.336973, 0.7599935), (-19.44044, -13.239458, 0.7599935), (-17.548338, -13.363028, 0.7599935), (-16.086264, -13.303789, 0.7599935), (-15.078757, -13.148338, 0.7599935), (-14.655304, -12.858397, 0.7599935), (-14.48151, -12.702271, 0.7599935), (-14.092749, -12.794321, 0.7599935), (-13.762613, -12.699812, 0.7599935), (-13.081012, -12.296881, 0.7599935), (-12.619346, -12.0882845, 0.7599935), (-12.382878, -11.882257, 0.7599935), (-10.254889, -10.232987, 0.7599935), (-8.805507, -8.905249, 0.7599935), (-8.239187, -8.446862, 0.7599935), (-7.149967, -7.359144, 0.7599935), (34.516438, -6.110422, 0.7599935), (37.001488, -5.5255675, 0.7599935), (37.315773, -5.410801, 0.7599935), (39.563404, -5.1871686, 0.7599935), (40.363777, -4.871374, 0.7599935), (41.12423, -4.7333174, 0.7599935), (41.364235, -4.759948, 0.7599935), (43.007763, -4.822039, 0.7599935), (43.1049, -4.7932477, 0.7599935), (44.457207, -5.235495, 0.7599935), (46.982784, -5.487495, 0.7599935), (-62.690044, 5.2016673, 0.7599935), (-61.78858, 4.564966, 0.7599935), (-62.20376, 5.7242694, 0.7599935), (-62.992302, 8.976361, 0.7599935), (-63.081566, 9.252382, 0.7599935), (-100.94998, -0.7179475, 0.45519286), (-102.585464, -4.1112714, 0.45519286), (-102.00599, -4.381145, 0.45519286), (-100.95327, -3.9951668, 0.45519286), (-98.32504, -2.4861598, 0.45519286), (-94.606705, -0.15306358, 0.45519286), (-90.89918, 2.235424, 0.45519286), (-87.23875, 4.6710033, 0.45519286), (-83.605194, 7.1334634, 0.45519286), (-79.8834, 9.714881, 0.45519286), (-69.48245, 3.6449137, 0.45519286), (-69.19627, 3.1564767, 0.45519286), (-66.50956, 0.10847058, 0.45519286), (-63.26843, -3.4984484, 0.45519286), (-60.220425, -6.6778693, 0.45519286), (-57.172417, -9.480483, 0.45519286), (-54.124413, -11.95141, 0.45519286), (-51.076405, -14.15724, 0.45519286), (-48.028397, -16.08784, 0.45519286), (-44.980392, -17.810858, 0.45519286), (-41.932384, -19.388363, 0.45519286), (-38.88438, -20.843105, 0.45519286), (-35.5115, -22.337122, 0.45519286), (-32.768295, -22.675217, 0.45519286), (-31.37035, -22.388668, 0.45519286), (-29.740362, -22.381556, 0.45519286), (-28.800848, -22.167086, 0.45519286), (-26.692356, -21.90094, 0.45519286), (-26.137156, -21.782776, 0.45519286), (-23.507923, -21.364, 0.45519286), (-20.920425, -20.903492, 0.45519286), (-20.596344, -20.86765, 0.45519286), (-18.333714, -20.442198, 0.45519286), (-17.548338, -20.330156, 0.45519286), (-14.500332, -19.730425, 0.45519286), (-10.773251, -18.858643, 0.45519286), (-8.445492, -18.138393, 0.45519286), (-6.2262874, -17.309591, 0.45519286), (-5.356313, -16.752274, 0.45519286), (-4.3043427, -16.18353, 0.45519286), (-2.730517, -14.709353, 0.45519286), (-1.203731, -13.188129, 0.45519286), (-0.18030502, -12.083554, 0.45519286), (0.27781335, -11.621671, 0.45519286), (2.8933744, -8.667693, 0.45519286), (8.379786, -8.513864, 0.45519286), (12.179759, -9.486826, 0.45519286), (15.97973, -10.459786, 0.45519286), (19.027735, -11.285839, 0.45519286), (22.07574, -12.158312, 0.45519286), (25.123747, -13.068114, 0.45519286), (28.956152, -14.308239, 0.45519286), (31.177616, -14.873634, 0.45519286), (31.211382, -14.851015, 0.45519286), (31.284115, -14.914359, 0.45519286), (33.657116, -14.420875, 0.45519286), (33.938667, -14.471734, 0.45519286), (36.162685, -13.978475, 0.45519286), (37.315773, -13.7716675, 0.45519286), (38.8048, -13.572581, 0.45519286), (40.363777, -13.431291, 0.45519286), (41.6256, -13.345377, 0.45519286), (43.411785, -13.273697, 0.45519286), (46.982784, -13.2935295, 0.45519286), (-93.69299, -72.06174, -5.031218), (-90.814445, -75.19963, -5.031218), (-90.89241, -75.67913, -5.031218), (-90.93849, -76.258575, -5.031218), (-91.075356, -77.32535, -5.031218), (-91.114815, -78.00431, -5.031218), (-90.659195, -78.37651, -5.031218), (-89.09149, -79.40622, -5.031218), (-87.308, -80.270874, -5.031218), (-86.78471, -80.45898, -5.031218), (-104.124504, -4.183948, 0.15039226), (-104.70698, -5.680382, 0.15039226), (-104.93968, -6.681652, 0.15039226), (-104.42073, -7.017603, 0.15039226), (-104.40653, -7.1242104, 0.15039226), (-104.16456, -7.258944, 0.15039226), (-103.101395, -7.012138, 0.15039226), (-102.6659, -6.95543, 0.15039226), (-101.14189, -6.201594, 0.15039226), (-99.61789, -5.342254, 0.15039226), (-97.85948, -4.285895, 0.15039226), (-93.52188, -1.551763, 0.15039226), (-90.47388, 0.4460403, 0.15039226), (-87.715416, 2.3107617, 0.15039226), (-84.956955, 4.17548, 0.15039226), (87.594, 93.44333, 3.5031989), (84.09751, 90.891266, 3.5031989), (81.426155, 88.99061, 3.5031989), (78.7548, 87.08995, 3.5031989), (76.764145, 85.63029, 3.5031989), (75.642456, 84.73072, 3.5031989), (74.118454, 83.37738, 3.5031989), (73.24884, 82.53141, 3.5031989), (72.591225, 81.85067, 3.5031989), (71.71089, 80.88039, 3.5031989), (70.57895, 82.24138, 3.5031989), (69.87184, 83.1703, 3.5031989), (86.988396, 95.2659, 3.8079996), (86.83069, 95.02596, 3.8079996), (86.51456, 94.65749, 3.8079996), (85.65008, 93.910706, 3.8079996), (83.9163, 92.59647, 3.8079996), (80.210236, 89.94999, 3.8079996), (76.50417, 87.3035, 3.8079996), (75.01915, 86.155365, 3.8079996), (73.681366, 88.53605, 3.8079996), (73.58945, 88.71875, 3.8079996), (34.516438, -23.375057, 0.15039226), (37.315773, -21.991545, 0.15039226), (40.363777, -21.256617, 0.15039226), (43.411785, -21.000483, 0.15039226), (46.45979, -21.052275, 0.15039226), (46.982784, -21.094408, 0.15039226), (2.8933744, -21.820034, 0.15039226), (1.8339211, -22.853611, 0.15039226), (0.73969907, -23.304499, 0.15039226), (0.09244886, -23.62833, 0.15039226), (-4.1095843, -24.665604, 0.15039226), (-5.960748, -25.03758, 0.15039226), (25.902462, -25.03758, 0.15039226), (22.07574, -23.99359, 0.15039226), (18.011768, -22.856344, 0.15039226), (13.947795, -21.719099, 0.15039226), (9.883824, -20.581852, 0.15039226), (-42.18051, 79.12079, 2.2839966), (-40.181774, 80.54275, 2.2839966), (-39.500584, 81.05827, 2.2839966), (-38.064262, 81.98878, 2.2839966), (-36.96084, 82.40935, 2.2839966), (-36.36066, 82.582275, 2.2839966), (-35.609764, 82.838394, 2.2839966), (-34.085762, 83.24668, 2.2839966), (-32.76435, 83.53579, 2.2839966), (-32.451366, 83.563835, 2.2839966), (-69.11026, -15.812159, 0.15039226), (-67.89124, -16.485695, 0.15039226), (-69.11698, -15.13156, 0.15039226), (-71.06318, -12.753323, 0.15039226), (-71.51566, -12.083554, 0.15039226), (-73.39179, -9.587361, 0.15039226), (-73.69676, -9.0356455, 0.15039226), (-107.90951, -8.3164835, -0.45920897), (-108.4102, -10.470829, -0.45920897), (-107.89125, -10.806784, -0.45920897), (-107.893135, -10.977091, -0.45920897), (-107.733116, -11.90591, -0.45920897), (-107.23791, -13.163545, -0.45920897), (-106.289894, -12.853919, -0.45920897), (-105.713905, -13.039302, -0.45920897), (-104.96209, -12.657728, -0.45920897), (-104.1899, -12.366772, -0.45920897), (-102.6659, -11.561896, -0.45920897), (-100.63155, -10.3819065, -0.45920897), (-98.13121, -8.8579035, -0.45920897), (-95.12235, -6.9232855, -0.45920897), (7.2484236, 186.5083, 8.075208), (7.369984, 186.35112, 8.075208), (7.419133, 186.00647, 8.075208), (7.931643, 185.21104, 8.075208), (8.183643, 184.69049, 8.075208), (9.364373, 183.16647, 8.075208), (10.110328, 182.25581, 8.075208), (11.634331, 180.66939, 8.075208), (13.158334, 179.51575, 8.075208), (14.682337, 178.80222, 8.075208), (15.828329, 178.97249, 8.075208), (16.206339, 178.95502, 8.075208), (17.30959, 179.69772, 8.075208), (17.971483, 180.17891, 8.075208), (19.32419, 181.64124, 8.075208), (20.078651, 183.03706, 8.075208), (20.168827, 183.25826, 8.075208), (20.025074, 185.47081, 8.075208), (19.070332, 185.97377, 8.075208), (19.00023, 186.19452, 8.075208), (19.241413, 188.12984, 8.075208), (19.158928, 188.3028, 8.075208), (20.795443, 190.16374, 8.075208), (20.936413, 190.36342, 8.075208), (21.792738, 191.09424, 8.075208), (22.056768, 191.34386, 8.075208), (-38.771725, -28.316587, -0.45920897), (-35.5115, -29.13788, -0.45920897), (-109.64477, -10.211072, -0.76400954), (-110.001945, -11.777022, -0.76400954), (-110.43443, -13.911568, -0.76400954), (-109.78958, -13.965936, -0.76400954), (-109.798454, -14.239506, -0.76400954), (-109.70794, -14.633848, -0.76400954), (-109.56607, -15.758078, -0.76400954), (-108.992645, -16.477919, -0.76400954), (-108.76191, -16.665483, -0.76400954), (-108.637245, -16.602585, -0.76400954), (-107.77707, -16.477919, -0.76400954), (-107.36044, -16.355387, -0.76400954), (-107.23791, -16.395458, -0.76400954), (-106.29561, -15.896214, -0.76400954), (-105.713905, -15.682252, -0.76400954), (-105.25417, -15.41365, -0.76400954), (-103.97051, -14.734527, -0.76400954), (-101.14189, -13.058739, -0.76400954), (-100.206314, -12.474046, -0.76400954), (-96.32977, -8.9861765, -0.76400954), (-95.91556, -9.458376, -0.76400954), (-95.16802, -10.455077, -0.76400954), (-93.74849, -12.151561, -0.76400954), (-91.321266, -15.13156, -0.76400954), (-90.992065, -15.640409, -0.76400954), (-90.700485, -16.590433, -0.76400954), (-89.738884, -18.179565, -0.76400954), (-89.18649, -18.760677, -0.76400954), (-88.95339, -18.857397, -0.76400954), (-87.65248, -19.893188, -0.76400954), (-85.6285, -21.227571, -0.76400954), (-84.60447, -21.874645, -0.76400954), (-81.556465, -23.540766, -0.76400954), (-78.50846, -24.95966, -0.76400954), (-77.41075, -25.373283, -0.76400954), (-75.46046, -26.153849, -0.76400954), (-72.412445, -27.142357, -0.76400954), (-69.36444, -27.993073, -0.76400954), (-66.31644, -28.718964, -0.76400954), (-63.26843, -29.323683, -0.76400954), (-60.220425, -29.859634, -0.76400954), (-57.172417, -30.49391, -0.76400954), (-54.124413, -31.367554, -0.76400954), (-51.076405, -32.487198, -0.76400954), (-48.028397, -33.687027, -0.76400954), (-44.980392, -34.765488, -0.76400954), (-41.932384, -35.725384, -0.76400954), (-38.88438, -36.59433, -0.76400954), (-35.836372, -37.367317, -0.76400954), (-32.78837, -37.93504, -0.76400954), (-29.740362, -38.62249, -0.76400954), (-26.692356, -39.30994, -0.76400954), (-23.64435, -39.943428, -0.76400954), (-20.596344, -40.57692, -0.76400954), (-17.548338, -41.168224, -0.76400954), (-14.500332, -41.759533, -0.76400954), (-11.452325, -42.317497, -0.76400954), (-8.404319, -42.87546, -0.76400954), (-5.356313, -43.403145, -0.76400954), (-2.308307, -43.93083, -0.76400954), (2.8933744, -44.78297, -0.76400954), (34.516438, -47.21002, -0.76400954), (36.201813, -46.779613, -0.76400954), (37.315773, -46.410828, -0.76400954), (39.937138, -46.03826, -0.76400954), (40.363777, -45.944805, -0.76400954), (43.411785, -45.837112, -0.76400954), (43.66481, -45.864647, -0.76400954), (46.982784, -45.987743, -0.76400954), (-111.38003, -12.105661, -1.0688102), (-111.64978, -13.429913, -1.0688102), (-112.00587, -14.537135, -1.0688102), (-112.82032, -16.75715, -1.0688102), (-113.779724, -19.238462, -1.0688102), (-113.22391, -19.53541, -1.0688102), (-111.80991, -19.880335, -1.0688102), (-111.302734, -20.033104, -1.0688102), (-110.28591, -20.23152, -1.0688102), (-109.83585, -19.975988, -1.0688102), (-108.76191, -19.896532, -1.0688102), (-107.53121, -19.232618, -1.0688102), (-107.23791, -19.123552, -1.0688102), (-105.3216, -18.052235, -1.0688102), (-105.307434, -18.043549, -1.0688102), (-93.90406, -24.490576, -1.0688102), (-93.44489, -24.891638, -1.0688102), (-110.10216, -61.34272, -5.94562), (-106.76438, -64.79732, -5.94562), (-107.276886, -67.55712, -5.94562), (-105.5158, -69.24133, -5.94562), (-103.864136, -70.87865, -5.94562), (46.19166, 8.694671, 1.0647941), (46.721394, 7.6910167, 1.0647941), (47.94542, 6.2044826, 1.0647941), (49.507797, 4.653432, 1.0647941), (51.7563, 3.9559748, 1.0647941), (52.5558, 3.6661215, 1.0647941), (55.60381, 2.9684756, 1.0647941), (58.651814, 2.718533, 1.0647941), (61.69982, 2.6649096, 1.0647941), (62.52029, 2.6212437, 1.0647941), (64.386894, 2.6975842, 1.0647941), (-5.852617, 67.27535, 2.588797), (-10.424026, 67.367325, 2.588797), (-14.995431, 67.459305, 2.588797), (-19.566837, 67.551285, 2.588797), (-22.82269, 67.56562, 2.588797), (-24.34549, 67.292046, 2.588797), (-59.64967, -43.53656, -1.3736107), (-59.062477, -43.70033, -1.3736107), (33.420284, -53.89632, -1.0688102), (34.15067, -53.94778, -1.0688102), (35.698154, -53.982395, -1.0688102), (36.32596, -53.959545, -1.0688102), (38.458233, -53.613182, -1.0688102), (40.363777, -53.620956, -1.0688102), (41.199085, -53.599083, -1.0688102), (41.784195, -53.762543, -1.0688102), (43.094196, -53.804955, -1.0688102), (43.57165, -53.947186, -1.0688102), (43.902027, -53.967262, -1.0688102), (-78.635956, -34.603657, -1.0688102), (-80.49344, -33.47471, -1.0688102), (-78.23578, -34.24436, -1.0688102), (-77.298065, -34.54007, -1.0688102), (-74.69009, -35.28223, -1.0688102), (-72.412445, -35.87841, -1.0688102), (-69.380615, -36.57177, -1.0688102), (-66.31644, -37.157948, -1.0688102), (-63.26843, -37.641758, -1.0688102), (-60.220425, -38.183346, -1.0688102), (-57.172417, -38.972794, -1.0688102), (-54.124413, -40.029266, -1.0688102), (-51.076405, -41.24282, -1.0688102), (-48.028397, -42.373367, -1.0688102), (-45.069805, -43.346504, -1.0688102), (-41.932384, -44.251057, -1.0688102), (-40.09737, -44.753048, -1.0688102), (-35.777863, -45.717594, -1.0688102), (-33.883335, -46.06882, -1.0688102), (-4.5736156, 86.1305, 1.979196), (-4.6385746, 86.15104, 1.979196), (-4.7470226, 86.14117, 1.979196), (-4.796242, 86.06443, 1.979196), (-4.762324, 86.027695, 1.979196), (-4.368893, 86.06224, 1.979196), (-4.5736156, 86.1305, 1.979196), (84.27249, 89.18985, 3.1983984), (81.15634, 86.973206, 3.1983984), (78.04019, 84.75655, 3.1983984), (76.34927, 83.39947, 3.1983984), (74.75686, 81.94388, 3.1983984), (73.26141, 80.39132, 3.1983984), (72.53707, 79.562325, 3.1983984), (71.19914, 77.88158, 3.1983984), (70.5517, 76.99189, 3.1983984), (69.82374, 75.91473, 3.1983984), (69.33536, 75.12517, 3.1983984), (67.95269, 76.32454, 3.1983984), (67.13678, 77.07929, 3.1983984), (-73.696815, -9.035547, 0.15039226), (-75.784256, -5.71302, 0.15039226), (-76.0785, -5.0149136, 0.15039226), (44.10313, 105.56401, 3.8079996), (43.8922, 105.53527, 3.8079996), (43.230663, 105.543915, 3.8079996), (40.363777, 105.19449, 3.8079996), (38.987843, 105.41275, 3.8079996), (37.315773, 105.716545, 3.8079996), (34.267765, 106.48254, 3.8079996), (31.21976, 107.39396, 3.8079996), (28.171755, 108.418816, 3.8079996), (25.123747, 109.52783, 3.8079996), (22.07574, 110.69629, 3.8079996), (19.027735, 111.92693, 3.8079996), (15.97973, 113.2258, 3.8079996), (12.931724, 114.582634, 3.8079996), (9.883718, 116.01211, 3.8079996), (6.8357115, 117.5177, 3.8079996), (3.7877052, 119.15631, 3.8079996), (0.73969907, 120.96379, 3.8079996), (0.56581336, 121.12968, 3.8079996), (0.31390783, 121.165764, 3.8079996), (-0.7642329, 121.486694, 3.8079996), (-21.921806, -111.21813, -5.94562), (-21.425066, -111.64872, -5.94562), (-20.27879, -112.49011, -5.94562), (-18.84573, -113.26323, -5.94562), (-18.409037, -113.40513, -5.94562), (-17.419401, -113.54962, -5.94562), (-17.176573, -113.53907, -5.94562), (-15.797725, -113.596214, -5.94562), (-15.561571, -113.63567, -5.94562), (-14.360385, -114.10078, -5.94562), (-13.815813, -116.07205, -5.6408195), (-13.572027, -116.36043, -5.6408195), (-13.255977, -117.06212, -5.6408195), (-13.184566, -117.45969, -5.6408195), (-12.826751, -118.66071, -5.6408195), (-12.064414, -120.11012, -5.6408195), (-11.63071, -120.67694, -5.6408195), (-10.562475, -121.63413, -5.6408195), (-9.224684, -122.68111, -5.6408195), (-8.17771, -123.339676, -5.6408195), (-7.168688, -123.67311, -5.6408195), (-6.653706, -123.76899, -5.6408195), (-6.1432414, -123.668594, -5.6408195), (-5.129703, -123.30758, -5.6408195), (-5.033328, -123.25451, -5.6408195), (-4.2912364, -122.472595, -5.6408195), (-1.3200916, -118.62945, -5.6408195), (-2.7642584, -116.00326, -5.6408195), (-0.5353459, -113.08631, -5.6408195), (1.6935664, -110.169365, -5.6408195), (2.327564, -109.27935, -5.6408195), (2.490312, -108.76557, -5.6408195), (2.723954, -108.15174, -5.6408195), (2.7727313, -107.9181, -5.6408195), (2.490312, -106.7934, -5.6408195), (2.359562, -106.3941, -5.6408195), (0.9663092, -105.27053, -5.6408195), (-0.5576939, -105.07117, -5.6408195), (-4.2104793, -104.81341, -5.6408195), (-7.8632646, -104.55565, -5.6408195), (-13.065361, -115.11358, -5.94562), (-12.720579, -115.51884, -5.94562), (-12.001738, -117.06212, -5.94562), (-11.551065, -118.58612, -5.94562), (-10.910923, -119.65062, -5.94562), (-10.730469, -119.84792, -5.94562), (-9.701713, -120.76752, -5.94562), (-8.3614645, -121.81788, -5.94562), (-7.457447, -122.437874, -5.94562), (-6.653706, -122.64698, -5.94562), (-5.8608985, -122.42693, -5.94562), (-5.177371, -121.63152, -5.94562), (-3.9908583, -120.089905, -5.94562), (-5.426847, -117.47859, -5.94562), (-2.230269, -113.292114, -5.94562), (0.9663092, -109.10564, -5.94562), (1.4647343, -108.41653, -5.94562), (1.6226181, -107.9181, -5.94562), (0.9663092, -106.63057, -5.94562), (0.93087, -106.50921, -5.94562), (-0.5576939, -106.29145, -5.94562), (-4.0694814, -106.044556, -5.94562), (-7.5812693, -105.79766, -5.94562), (-7.5812693, -105.79766, -5.94562), (-12.543371, -105.44703, -5.94562), (-17.505474, -105.096405, -5.94562), (-18.862524, -104.935, -5.94562), (-19.524658, -104.95524, -5.94562), (-83.3433, -81.27379, -5.031218), (-83.10172, -81.53501, -5.031218), (-82.78922, -81.80621, -5.031218), (-81.32986, -82.49366, -5.031218), (-78.28185, -83.82483, -5.031218), (-75.23384, -85.156, -5.031218), (-72.18584, -86.54589, -5.031218), (-70.661835, -87.30377, -5.031218), (-69.13783, -88.132515, -5.031218), (-67.61383, -89.05563, -5.031218), (-66.08983, -90.10998, -5.031218), (-64.56582, -91.34132, -5.031218), (-63.04182, -92.747185, -5.031218), (-61.517815, -94.317696, -5.031218), (-58.46981, -97.62521, -5.031218), (-55.960613, -100.29809, -5.031218), (-54.293568, -101.82209, -5.031218), (-52.334297, -103.34609, -5.031218), (-50.849796, -104.330055, -5.031218), (-49.32579, -105.18429, -5.031218), (-47.80179, -105.88082, -5.031218), (-46.277786, -106.51277, -5.031218), (-44.753784, -107.097374, -5.031218), (-41.705776, -108.14674, -5.031218), (-37.213554, -109.573364, -5.031218), (-85.35726, -81.003586, -5.3360186), (-84.430855, -82.01005, -5.3360186), (-82.85386, -83.3169, -5.3360186), (-81.32986, -84.09141, -5.3360186), (-78.28185, -85.50875, -5.3360186), (-75.23384, -86.9261, -5.3360186), (-72.780594, -88.106064, -5.3360186), (-70.661835, -89.24362, -5.3360186), (-69.13783, -90.15135, -5.3360186), (-67.61383, -91.16673, -5.3360186), (-66.08983, -92.33332, -5.3360186), (-64.56582, -93.637566, -5.3360186), (-63.04182, -95.08505, -5.3360186), (-60.49589, -97.691574, -5.3360186), (-57.949966, -100.29809, -5.3360186), (-56.358818, -101.82209, -5.3360186), (-55.421803, -102.62661, -5.3360186), (-54.53735, -103.34609, -5.3360186), (-53.8978, -103.8267, -5.3360186), (-52.3738, -104.88905, -5.3360186), (-50.849796, -105.81, -5.3360186), (-49.32579, -106.582344, -5.3360186), (-47.80179, -107.260056, -5.3360186), (-46.277786, -107.88758, -5.3360186), (-44.753784, -108.47807, -5.3360186), (-41.705776, -109.56626, -5.3360186), (-39.524002, -110.308334, -5.3360186), (-38.18467, -110.81564, -5.3360186), (-89.29722, -80.13837, -5.6408195), (-87.44851, -81.29545, -5.6408195), (-86.878784, -81.5862, -5.6408195), (-86.44353, -82.01005, -5.6408195), (-85.90186, -82.451225, -5.6408195), (-84.733086, -83.53405, -5.6408195), (-84.37786, -83.83316, -5.6408195), (-82.85386, -84.91245, -5.6408195), (-81.32986, -85.72203, -5.6408195), (-78.28185, -87.22611, -5.6408195), (-75.23384, -88.7302, -5.6408195), (-73.458305, -89.630066, -5.6408195), (-72.18584, -90.32881, -5.6408195), (-70.661835, -91.22424, -5.6408195), (-69.13783, -92.20731, -5.6408195), (-67.61383, -93.31547, -5.6408195), (-66.08983, -94.544266, -5.6408195), (-64.56582, -95.8922, -5.6408195), (-61.517815, -98.83455, -5.6408195), (-58.46981, -101.77689, -5.6408195), (-56.94581, -103.140015, -5.6408195), (-55.421803, -104.35796, -5.6408195), (-53.8978, -105.44696, -5.6408195), (-52.3738, -106.42108, -5.6408195), (-50.849796, -107.2581, -5.6408195), (-49.32579, -107.98255, -5.6408195), (-47.80179, -108.65383, -5.6408195), (-44.753784, -109.88214, -5.6408195), (-41.705776, -111.01706, -5.6408195), (-39.122086, -112.01481, -5.6408195), (-95.211716, -76.89477, -5.94562), (-93.2188, -78.501854, -5.94562), (-92.78392, -78.96204, -5.94562), (-91.99788, -79.63363, -5.94562), (-91.67794, -79.9363, -5.94562), (-90.47388, -80.8854, -5.94562), (-88.90748, -82.01005, -5.94562), (-87.425865, -83.03286, -5.94562), (-84.37786, -85.533195, -5.94562), (-82.85386, -86.5488, -5.94562), (-81.32986, -87.392395, -5.94562), (-78.28185, -88.98128, -5.94562), (-75.23384, -90.57017, -5.94562), (-73.70984, -91.3939, -5.94562), (-71.544334, -92.67807, -5.94562), (-70.661835, -93.23688, -5.94562), (-69.13783, -94.29291, -5.94562), (-67.61383, -95.46066, -5.94562), (-66.08983, -96.727425, -5.94562), (-64.56582, -98.08582, -5.94562), (-61.517815, -100.8988, -5.94562), (-58.46981, -103.66962, -5.94562), (-56.94581, -104.91258, -5.94562), (-55.421803, -106.02009, -5.94562), (-53.8978, -107.02069, -5.94562), (-52.3738, -107.91742, -5.94562), (-50.849796, -108.687675, -5.94562), (-49.32579, -109.392944, -5.94562), (-47.80179, -110.06425, -5.94562), (-44.753784, -111.31011, -5.94562), (-41.705776, -112.51355, -5.94562), (-40.05507, -113.20831, -5.94562), (-104.85375, -72.8624, -6.555221), (-100.83682, -75.985275, -6.555221), (-96.81989, -79.10816, -6.555221), (-94.70593, -80.826004, -6.555221), (-91.30435, -83.53405, -6.555221), (-87.84111, -86.208405, -6.555221), (-84.37786, -88.88276, -6.555221), (-82.85386, -89.91114, -6.555221), (-79.805855, -91.72662, -6.555221), (-75.23384, -94.366714, -6.555221), (-72.18584, -96.27588, -6.555221), (-70.661835, -97.33003, -6.555221), (-69.13783, -98.48027, -6.555221), (-66.08983, -100.94757, -6.555221), (-63.04182, -103.5141, -6.555221), (-59.993813, -106.037506, -6.555221), (-58.46981, -107.18723, -6.555221), (-56.94581, -108.23409, -6.555221), (-55.421803, -109.18807, -6.555221), (-53.8978, -110.042816, -6.555221), (-52.3738, -110.82086, -6.555221), (-49.32579, -112.25949, -6.555221), (-46.277786, -113.5987, -6.555221), (-43.22978, -114.93792, -6.555221), (-41.88997, -115.55557, -6.555221), (-96.02508, -81.45904, -6.8600216), (-93.24947, -83.66056, -6.8600216), (-90.47388, -85.862076, -6.8600216), (-87.46602, -88.21061, -6.8600216), (-84.37786, -90.53728, -6.8600216), (-82.85386, -91.6159, -6.8600216), (-81.32986, -92.59903, -6.8600216), (-78.28185, -94.46606, -6.8600216), (-75.23384, -96.33309, -6.8600216), (-73.70984, -97.30089, -6.8600216), (-72.18584, -98.311005, -6.8600216), (-70.661835, -99.39891, -6.8600216), (-67.61383, -101.74135, -6.8600216), (-64.56582, -104.176, -6.8600216), (-61.517815, -106.610664, -6.8600216), (-59.993813, -107.77659, -6.8600216), (-58.46981, -108.83751, -6.8600216), (-56.94581, -109.81226, -6.8600216), (-55.421803, -110.69645, -6.8600216), (-53.8978, -111.508064, -6.8600216), (-50.849796, -113.00887, -6.8600216), (-47.80179, -114.39929, -6.8600216), (-44.753784, -115.78971, -6.8600216), (-42.80603, -116.727425, -6.8600216), (-86.98568, -90.26087, -7.1648226), (-82.85386, -93.30295, -7.1648226), (-82.301186, -93.6494, -7.1648226), (-81.37667, -94.34739, -7.1648226), (-77.98436, -96.56074, -7.1648226), (-74.59206, -98.774086, -7.1648226), (-72.303474, -100.29809, -7.1648226), (-70.661835, -101.44897, -7.1648226), (-67.61383, -103.71267, -7.1648226), (-64.56582, -106.05574, -7.1648226), (-61.517815, -108.34618, -7.1648226), (-59.993813, -109.438034, -7.1648226), (-58.46981, -110.427956, -7.1648226), (-56.94581, -111.3379, -7.1648226), (-55.421803, -112.17705, -7.1648226), (-52.3738, -113.73827, -7.1648226), (-48.56379, -115.55171, -7.1648226), (-44.753784, -117.36514, -7.1648226), (-43.72021, -117.89687, -7.1648226), (-79.375206, -97.67132, -7.469623), (-78.02897, -98.63069, -7.469623), (-74.57951, -100.92274, -7.469623), (-73.47711, -101.589355, -7.469623), (-72.18584, -102.410164, -7.469623), (-70.661835, -103.4381, -7.469623), (-66.08983, -106.7359, -7.469623), (-64.56582, -107.86071, -7.469623), (-61.517815, -110.00256, -7.469623), (-59.832264, -111.127655, -7.469623), (-58.46981, -111.956024, -7.469623), (-56.94581, -112.825905, -7.469623), (-53.8978, -114.44835, -7.469623), (-50.08779, -116.32538, -7.469623), (-46.277786, -118.202415, -7.469623), (-44.63082, -119.06175, -7.469623), (-62.079956, -112.75748, -8.079225), (-58.83946, -114.723236, -8.079225), (-55.132008, -116.77232, -8.079225), (-51.4669, -118.72762, -8.079225), (-47.80179, -120.68292, -8.079225), (-45.227535, -122.10788, -8.079225), (-42.366947, -123.78156, -8.079225), (-39.50636, -125.45525, -8.079225), (-27.780058, -132.24825, -8.079225), (-24.278194, -134.35791, -8.079225), (-20.776329, -136.46756, -8.079225), (-17.480267, -138.39816, -8.079225), (-13.782444, -140.47018, -8.079225), (-10.084621, -142.54222, -8.079225), (-9.188785, -142.83456, -8.079225), (-26.184214, -130.20679, -7.469623), (-23.276974, -131.9997, -7.469623), (-20.369734, -133.7926, -7.469623), (-17.321728, -135.64034, -7.469623), (-14.273722, -137.3916, -7.469623), (-11.476401, -138.90907, -7.469623), (-8.679082, -140.42654, -7.469623), (-6.3184285, -141.19693, -7.469623), (-25.386377, -129.18617, -7.1648226), (-21.35405, -131.69199, -7.1648226), (-17.321728, -134.19778, -7.1648226), (-14.273722, -135.99046, -7.1648226), (-11.225716, -137.65384, -7.1648226), (-7.976312, -139.36871, -7.1648226), (-3.7149985, -140.75935, -7.1648226), (-24.586885, -128.16344, -6.8600216), (-21.893736, -129.8466, -6.8600216), (-18.84573, -131.79039, -6.8600216), (-15.797725, -133.67664, -6.8600216), (-14.273722, -134.57959, -6.8600216), (-12.749719, -135.44406, -6.8600216), (-9.701713, -137.06755, -6.8600216), (-7.457191, -138.22466, -6.8600216), (-7.189195, -138.3384, -6.8600216), (-4.150385, -139.3301, -6.8600216), (-1.1115714, -140.3218, -6.8600216), (-23.7847, -127.13727, -6.555221), (-20.948217, -128.9577, -6.555221), (-18.111734, -130.77815, -6.555221), (-15.688658, -132.30215, -6.555221), (-13.136943, -133.82616, -6.555221), (-10.319174, -135.35016, -6.555221), (-6.5707726, -137.25302, -6.555221), (-5.129703, -137.70668, -6.555221), (-2.081697, -138.6028, -6.555221), (-1.7659266, -138.71393, -6.555221), (-0.5576939, -139.0537, -6.555221), (0.5409965, -139.4861, -6.555221), (0.88589364, -139.54578, -6.555221), (-22.17548, -125.078705, -5.94562), (-20.249224, -126.326645, -5.94562), (-15.891337, -129.25415, -5.94562), (-13.5065565, -130.77815, -5.94562), (-11.66436, -131.86351, -5.94562), (-10.871988, -132.30215, -5.94562), (-8.060962, -133.7094, -5.94562), (-6.653706, -134.3831, -5.94562), (-5.1876516, -134.96199, -5.94562), (-5.0776067, -135.00545, -5.94562), (-1.7753509, -135.65651, -5.94562), (1.0860165, -136.18346, -5.94562), (1.778112, -136.26195, -5.94562), (-21.366198, -124.04344, -5.6408195), (-18.84573, -125.70494, -5.6408195), (-15.797725, -127.82173, -5.6408195), (-14.273722, -128.84558, -5.6408195), (-12.749719, -129.8297, -5.6408195), (-11.225716, -130.74323, -5.6408195), (-9.701713, -131.53822, -5.6408195), (-8.0889, -132.30215, -5.6408195), (-7.070262, -132.7187, -5.6408195), (-6.653706, -132.92255, -5.6408195), (-5.756867, -133.19899, -5.6408195), (-5.129703, -133.33293, -5.6408195), (-3.6057, -133.58167, -5.6408195), (-1.1369004, -134.13849, -5.6408195), (0.9663092, -134.53615, -5.6408195), (1.7449193, -134.60199, -5.6408195), (2.4288673, -134.73274, -5.6408195), (-20.543253, -122.990715, -5.3360186), (-18.84573, -124.11113, -5.3360186), (-14.273722, -127.36207, -5.3360186), (-12.749719, -128.40616, -5.3360186), (-11.225716, -129.3738, -5.3360186), (-9.701713, -130.18338, -5.3360186), (-8.17771, -130.8816, -5.3360186), (-7.100111, -131.22455, -5.3360186), (-6.653706, -131.42296, -5.3360186), (-5.854519, -131.57733, -5.3360186), (-5.129703, -131.63707, -5.3360186), (-4.1523385, -131.75551, -5.3360186), (-3.6057, -131.78113, -5.3360186), (-2.3784568, -132.00539, -5.3360186), (-2.081697, -132.03818, -5.3360186), (-0.5576939, -132.41368, -5.3360186), (0.7825967, -132.81656, -5.3360186), (0.96042955, -133.05801, -5.3360186), (1.7325382, -133.18501, -5.3360186), (2.490312, -132.98518, -5.3360186), (2.7292423, -133.00891, -5.3360186), (-19.69133, -121.9009, -5.031218), (-18.84573, -122.452156, -5.031218), (-15.24513, -125.09115, -5.031218), (-11.644529, -127.73014, -5.031218), (-11.225716, -128.00392, -5.031218), (-9.701713, -128.85803, -5.031218), (-8.17771, -129.52003, -5.031218), (-7.108746, -129.70918, -5.031218), (-6.653706, -129.87372, -5.031218), (-5.9837937, -129.92406, -5.031218), (-5.129703, -129.87872, -5.031218), (-4.47579, -129.90805, -5.031218), (-3.6057, -129.84091, -5.031218), (-2.9467363, -129.9131, -5.031218), (-2.081697, -129.90617, -5.031218), (-1.2910167, -130.04482, -5.031218), (-0.5576939, -130.04817, -5.031218), (0.4520374, -130.26387, -5.031218), (0.9663092, -130.27663, -5.031218), (2.490312, -130.396, -5.031218), (2.9117417, -130.45631, -5.031218), (2.9385245, -131.2342, -5.031218), (-32.686897, -108.26206, -5.031218), (-32.36931, -107.822845, -5.031218), (-32.02244, -107.05363, -5.031218), (-31.877813, -106.12237, -5.031218), (-31.879725, -105.882195, -5.031218), (-31.793459, -104.78983, -5.031218), (-31.468477, -103.74337, -5.031218), (-30.990969, -102.892136, -5.031218), (-30.633345, -102.58988, -5.031218), (-30.172993, -102.50428, -5.031218), (-29.76556, -102.635376, -5.031218), (-25.236103, -105.397026, -5.031218), (-23.79059, -103.83702, -5.031218), (-24.49898, -102.30084, -5.031218), (-24.579655, -101.8396, -5.031218), (-24.421436, -101.398895, -5.031218), (-24.06581, -101.0943, -5.031218), (-23.604559, -101.005775, -5.031218), (-17.842842, -101.4106, -5.031218), (-12.081126, -101.81542, -5.031218), (-6.31941, -102.220245, -5.031218), (-0.5576939, -102.62507, -5.031218), (0.9663092, -102.75913, -5.031218), (1.3671981, -102.82755, -5.031218), (2.5269065, -103.296135, -5.031218), (4.014315, -104.41918, -5.031218), (4.2497187, -104.64206, -5.031218), (4.399339, -104.870094, -5.031218), (4.6920853, -105.54786, -5.031218), (5.131821, -106.3941, -5.031218), (5.280783, -107.9181, -5.031218), (4.9601054, -109.44211, -5.031218), (4.668731, -110.09652, -5.031218), (4.1248817, -110.99343, -5.031218), (2.5609162, -113.0526, -5.031218), (4.0214443, -115.708534, -5.031218), (0.73844326, -119.963905, -5.031218), (-2.544558, -124.21928, -5.031218), (-3.3627374, -125.08696, -5.031218), (-4.1888385, -125.623, -5.031218), (-5.129703, -126.03939, -5.031218), (-6.6868043, -126.29549, -5.031218), (-8.17771, -126.06243, -5.031218), (-9.14903, -125.65345, -5.031218), (-9.925039, -125.20314, -5.031218), (-11.225716, -124.2283, -5.031218), (-14.534009, -121.6382, -5.031218), (-17.842306, -119.04809, -5.031218), (-19.505312, -117.83383, -5.031218), (-20.096928, -118.1039, -5.031218), (-24.293585, -114.82329, -5.031218), (-28.49024, -111.54267, -5.031218), (-32.686897, -108.26206, -5.031218), (-46.66064, -123.00122, -8.384025), (-45.742207, -123.51683, -8.384025), (-40.696957, -126.49972, -8.384025), (-35.59139, -129.27252, -8.384025), (-32.093803, -131.2498, -8.384025), (-28.581785, -133.27383, -8.384025), (-24.475758, -135.71149, -8.384025), (-20.369734, -138.14914, -8.384025), (-15.578561, -140.87459, -8.384025), (-10.787391, -143.60005, -8.384025), (-10.177201, -143.7992, -8.384025), (112.04871, -58.537617, -3.2024145), (113.076866, -58.29185, -3.2024145), (113.57576, -58.134453, -3.2024145), (114.57129, -57.728016, -3.2024145), (115.09911, -57.457382, -3.2024145), (115.95903, -56.93071, -3.2024145), (-32.768295, -52.68099, -1.6784114), (-28.71098, -53.611275, -1.6784114), (-24.65366, -54.54156, -1.6784114), (-20.596344, -55.471848, -1.6784114), (-16.532337, -56.436184, -1.6784114), (-12.468327, -57.400524, -1.6784114), (-8.404319, -58.36486, -1.6784114), (-3.8323102, -59.48174, -1.6784114), (0.73969907, -60.598618, -1.6784114), (3.635305, -61.259666, -1.6784114), (3.7973247, -61.36286, -1.6784114), (4.7530756, -61.585407, -1.6784114), (5.970401, -61.918453, -1.6784114), (8.379786, -30.95497, -0.15440834), (13.961105, -31.087202, -0.15440834), (19.542429, -31.219433, -0.15440834), (25.123747, -31.351665, -0.15440834), (28.171755, -31.374418, -0.15440834), (29.08308, -31.338911, -0.15440834), (30.32543, -31.356438, -0.15440834), (-124.10666, -58.2667, -6.2504206), (-123.117096, -58.09236, -6.2504206), (-120.873215, -58.158657, -6.2504206), (-119.8835, -58.22766, -6.2504206), (-119.56854, -58.191917, -6.2504206), (-119.28609, -58.06523, -6.2504206), (-119.22248, -57.95917, -6.2504206), (-117.85939, -57.492035, -6.2504206), (-117.179436, -57.05188, -6.2504206), (-116.662796, -57.645687, -6.2504206), (-115.40763, -58.600292, -6.2504206), (-114.73738, -59.182915, -6.2504206), (-112.897545, -60.48511, -6.2504206), (-112.080635, -61.32456, -6.2504206), (-112.59315, -64.08436, -6.2504206), (-111.92516, -65.22569, -6.2504206), (-110.23789, -66.69288, -6.2504206), (-108.76191, -67.91549, -6.2504206), (-108.20942, -68.336266, -6.2504206), (33.575123, -32.726765, -0.15440834), (34.096638, -32.468853, -0.15440834), (34.52609, -32.345715, -0.15440834), (35.18113, -31.925488, -0.15440834), (37.315773, -31.056053, -0.15440834), (40.419006, -30.30201, -0.15440834), (43.36259, -30.206583, -0.15440834), (43.53727, -30.29194, -0.15440834), (46.45979, -30.644068, -0.15440834), (46.83792, -30.74105, -0.15440834), (46.982784, -30.747492, -0.15440834), (-41.255993, 14.278682, 1.3695947), (-40.94814, 13.7471, 1.3695947), (-39.26012, 11.469337, 1.3695947), (-36.654633, 8.945268, 1.3695947), (-35.63492, 8.028754, 1.3695947), (-35.005188, 8.017236, 1.3695947), (-33.30018, 8.490487, 1.3695947), (-31.725681, 8.573963, 1.3695947), (-30.522133, 8.722465, 1.3695947), (-30.20705, 8.729869, 1.3695947), (-116.02743, -17.179781, -1.6784114), (-117.21155, -20.220304, -1.6784114), (-118.2864, -22.57393, -1.6784114), (-118.69255, -23.360554, -1.6784114), (-119.117874, -24.257658, -1.6784114), (-120.63642, -26.091105, -1.6784114), (-121.1466, -26.755024, -1.6784114), (-121.64312, -27.823862, -1.6784114), (-121.06654, -28.096897, -1.6784114), (-120.65252, -27.943518, -1.6784114), (-120.0585, -27.866922, -1.6784114), (-119.42993, -27.55538, -1.6784114), (-118.97711, -27.598759, -1.6784114), (-117.90593, -27.465403, -1.6784114), (-117.44296, -27.608902, -1.6784114), (-116.38193, -27.787449, -1.6784114), (-115.175064, -28.352798, -1.6784114), (-114.857925, -28.454473, -1.6784114), (-114.37894, -28.669943, -1.6784114), (-113.333916, -29.26816, -1.6784114), (-112.66044, -29.490543, -1.6784114), (-47.784397, -48.59006, -1.6784114), (-45.44676, -49.395298, -1.6784114), (-41.1967, -50.64561, -1.6784114), (-39.179073, -51.193436, -1.6784114), (-35.5115, -52.064613, -1.6784114), (4.799631, -130.49231, -4.7264175), (4.6028275, -130.29411, -4.7264175), (4.5849233, -129.72514, -4.7264175), (4.803779, -129.25415, -4.7264175), (4.8545103, -129.06747, -4.7264175), (5.0001473, -128.86053, -4.7264175), (6.355141, -125.865204, -4.7264175), (6.252527, -125.83557, -4.7264175), (5.926506, -125.81795, -4.7264175), (5.538318, -125.64795, -4.7264175), (4.6482763, -125.31609, -4.7264175), (4.014315, -125.18332, -4.7264175), (2.490312, -124.75589, -4.7264175), (1.9175705, -124.68214, -4.7264175), (0.9663092, -124.20328, -4.7264175), (-0.30251482, -124.426956, -4.7264175), (-1.8482959, -125.33215, -4.7264175), (111.22456, -58.65497, -3.2024145), (111.659935, -58.60008, -3.2024145), (8.079874, -62.155704, -1.6784114), (8.402084, -62.2272, -1.6784114), (8.68088, -62.42344, -1.6784114), (12.964779, -63.89966, -1.6784114), (15.996256, -64.89356, -1.6784114), (19.027735, -65.88747, -1.6784114), (22.937788, -67.10007, -1.6784114), (-103.787766, -60.16446, -3.2024145), (-99.61798, -62.870285, -3.2024145), (-94.63578, -65.76167, -3.2024145), (-93.52188, -66.661766, -3.2024145), (-91.99788, -67.70529, -3.2024145), (-90.47388, -68.56687, -3.2024145), (-88.94987, -69.29998, -3.2024145), (-87.425865, -69.91972, -3.2024145), (-85.90186, -70.44341, -3.2024145), (-81.32986, -71.90645, -3.2024145), (-78.28185, -73.009315, -3.2024145), (-75.23384, -74.04522, -3.2024145), (-72.18584, -75.081116, -3.2024145), (-69.13783, -76.060295, -3.2024145), (-67.61383, -76.49805, -3.2024145), (-66.08983, -76.97384, -3.2024145), (-64.56582, -77.503914, -3.2024145), (-61.517815, -78.66304, -3.2024145), (-59.993813, -79.14538, -3.2024145), (-59.655262, -79.3006, -3.2024145), (-58.46981, -79.76897, -3.2024145), (-56.99376, -80.559044, -3.2024145), (-56.55856, -80.87329, -3.2024145), (-55.421803, -81.61209, -3.2024145), (-54.90509, -82.01005, -3.2024145), (-54.171787, -82.82758, -3.2024145), (-53.66021, -83.53405, -3.2024145), (-52.8624, -85.07917, -3.2024145), (-53.333897, -86.42873, -3.2024145), (-53.453743, -86.675766, -3.2024145), (-53.596867, -87.16941, -3.2024145), (-53.692646, -87.3241, -3.2024145), (-53.35153, -88.15371, -3.2024145), (-52.67859, -89.630066, -3.2024145), (-52.3738, -90.22895, -3.2024145), (-51.967995, -91.15407, -3.2024145), (-51.212067, -92.67807, -3.2024145), (-50.849796, -93.33253, -3.2024145), (-50.414303, -94.20207, -3.2024145), (-49.497612, -95.726074, -3.2024145), (-48.29037, -97.250084, -3.2024145), (-47.80179, -97.687325, -3.2024145), (-46.277786, -98.622574, -3.2024145), (-44.753784, -99.263084, -3.2024145), (-43.22978, -99.685486, -3.2024145), (-42.183525, -99.820335, -3.2024145), (-41.705776, -99.822136, -3.2024145), (-40.77734, -99.70252, -3.2024145), (-40.181774, -99.46485, -3.2024145), (-38.812366, -98.61949, -3.2024145), (-37.961952, -97.9459, -3.2024145), (-36.37189, -96.48795, -3.2024145), (-34.818882, -94.99295, -3.2024145), (-34.00657, -94.281265, -3.2024145), (-33.135883, -93.62795, -3.2024145), (-32.561756, -93.31143, -3.2024145), (-32.098183, -93.14164, -3.2024145), (-30.706003, -93.00982, -3.2024145), (-29.157757, -93.034065, -3.2024145), (-24.347254, -93.27256, -3.2024145), (-19.536747, -93.511055, -3.2024145), (-14.726244, -93.74955, -3.2024145), (-9.91574, -93.988045, -3.2024145), (-5.1577234, -94.17405, -3.2024145), (-3.6169472, -94.19083, -3.2024145), (-2.1324675, -94.1513, -3.2024145), (-0.63536316, -93.79001, -3.2024145), (-0.5660027, -93.83735, -3.2024145), (-0.4600998, -93.96541, -3.2024145), (84.40083, 96.817055, 4.4176006), (84.45842, 96.904655, 4.4176006), (83.733795, 96.98856, 4.4176006), (83.66767, 96.37241, 4.4176006), (83.76652, 96.13208, 4.4176006), (84.07969, 96.35946, 4.4176006), (84.40083, 96.817055, 4.4176006), (-31.491362, 99.47095, 4.4176006), (-29.180132, 102.25822, 4.4176006), (-26.868902, 105.04549, 4.4176006), (-25.144459, 107.69436, 4.4176006), (-24.64105, 110.31778, 4.4176006), (11.063229, 196.43279, 8.98961), (13.401299, 191.69977, 8.98961), (15.739373, 186.96675, 8.98961), (9.925328, 198.73627, 8.98961), (9.38015, 199.59792, 8.98961), (8.659641, 201.22142, 8.98961), (8.233212, 201.20871, 8.98961), (8.483109, 201.61201, 8.98961), (7.943512, 202.74811, 8.98961), (9.603688, 204.64333, 8.98961), (9.53497, 205.0307, 8.98961), (9.120061, 206.02652, 8.98961), (7.720264, 209.07454, 8.98961), (5.7336926, 213.20648, 8.98961), (10.44467, -95.48226, -3.2024145), (11.361702, -95.61002, -3.2024145), (11.597861, -95.62301, -3.2024145), (11.933279, -95.726074, -3.2024145), (15.577, -96.62074, -3.2024145), (17.925323, -97.250084, -3.2024145), (19.254345, -97.66838, -3.2024145), (20.778349, -98.24746, -3.2024145), (22.302351, -98.96003, -3.2024145), (23.826355, -99.78071, -3.2024145), (24.62197, -100.29809, -3.2024145), (25.254148, -100.66702, -3.2024145), (28.398363, -100.17171, -3.2024145), (29.559841, -99.93556, -3.2024145), (30.71639, -99.56811, -3.2024145), (31.765265, -99.09297, -3.2024145), (32.745865, -98.549576, -3.2024145), (33.68149, -97.9612, -3.2024145), (34.55425, -97.30995, -3.2024145), (35.403114, -96.63482, -3.2024145), (36.207844, -95.91554, -3.2024145), (36.97595, -95.159645, -3.2024145), (40.22439, -91.746216, -3.2024145), (43.47283, -88.332794, -3.2024145), (46.721275, -84.919365, -3.2024145), (46.854984, -84.89634, -3.2024145), (50.088093, -85.817986, -3.2024145), (53.3212, -86.73963, -3.2024145), (55.59567, -88.76871, -3.2024145), (59.727757, -86.973595, -3.2024145), (63.859848, -85.17848, -3.2024145), (64.02185, -85.04598, -3.2024145), (64.0756, -84.970055, -3.2024145), (64.61136, -82.629196, -3.2024145), (-111.670044, -25.73497, -1.6784114), (-111.60915, -25.795158, -1.6784114), (-110.35154, -26.229395, -1.6784114), (-108.98852, -27.026806, -1.6784114), (-108.373405, -27.323584, -1.6784114), (-105.94051, -28.602135, -1.6784114), (-103.941505, -29.322596, -1.6784114), (-102.89251, -29.776333, -1.6784114), (-102.490486, -29.890728, -1.6784114), (-102.05869, -29.848736, -1.6784114), (-99.075035, -30.579243, -1.6784114), (-98.106895, -31.175621, -1.6784114), (-96.79649, -32.050537, -1.6784114), (-94.593, -33.419598, -1.6784114), (-93.74849, -33.895966, -1.6784114), (-90.700485, -35.50596, -1.6784114), (-87.65248, -36.903206, -1.6784114), (-83.5585, -38.469715, -1.6784114), (-81.58236, -39.138634, -1.6784114), (-78.50846, -40.09438, -1.6784114), (-76.66175, -40.608665, -1.6784114), (-73.87141, -41.345325, -1.6784114), (-71.8468, -41.784996, -1.6784114), (-60.174885, -45.39493, -1.6784114), (-59.588413, -45.561245, -1.6784114), (28.19519, -69.49893, -1.6784114), (28.460815, -69.490875, -1.6784114), (30.962862, -69.23841, -1.6784114), (33.160046, -68.887955, -1.6784114), (37.94669, -68.04018, -1.6784114), (-133.76344, -36.5443, -4.7264175), (-132.88368, -38.076244, -4.7264175), (-131.03387, -41.45005, -4.7264175), (-130.09795, -43.04729, -4.7264175), (-129.56197, -43.909973, -4.7264175), (-128.50119, -45.433975, -4.7264175), (-127.1099, -46.95798, -4.7264175), (-125.34679, -48.481983, -4.7264175), (-123.22503, -50.005985, -4.7264175), (-120.91893, -51.529987, -4.7264175), (-119.42993, -52.651707, -4.7264175), (-115.59052, -55.930252, -4.7264175), (-111.75112, -59.208797, -4.7264175), (-109.99626, -60.867107, -4.7264175), (-109.54066, -61.345448, -4.7264175), (4.5359783, 179.68741, 7.4656067), (6.3587046, 177.07047, 7.4656067), (7.3004527, 175.54646, 7.4656067), (8.12944, 174.02246, 7.4656067), (8.699966, 172.53493, 7.4656067), (8.705339, 172.46027, 7.4656067), (62.717888, 120.183136, 4.4176006), (57.3779, 120.254616, 4.4176006), (52.5558, 120.26681, 4.4176006), (49.507797, 120.17969, 4.4176006), (46.45979, 120.09256, 4.4176006), (43.411785, 120.060524, 4.4176006), (40.363777, 120.126625, 4.4176006), (38.71439, 120.379326, 4.4176006), (37.315773, 120.51665, 4.4176006), (34.267765, 121.42691, 4.4176006), (31.21976, 122.534454, 4.4176006), (28.171755, 123.73064, 4.4176006), (24.107746, 125.40821, 4.4176006), (20.043737, 127.08579, 4.4176006), (15.97973, 128.76337, 4.4176006), (12.931724, 129.98381, 4.4176006), (9.883718, 131.20425, 4.4176006), (6.8357115, 132.34386, 4.4176006), (5.9456506, 132.63705, 4.4176006), (5.63658, 132.76472, 4.4176006), (31.506824, 150.72908, 5.9416037), (31.30939, 151.301, 5.9416037), (30.855062, 151.91812, 5.9416037), (28.171755, 152.52638, 5.9416037), (25.123747, 153.03444, 5.9416037), (22.07574, 153.46031, 5.9416037), (19.027735, 153.73842, 5.9416037), (15.97973, 153.82443, 5.9416037), (14.724649, 153.76385, 5.9416037), (12.931724, 153.7806, 5.9416037), (11.842966, 153.59753, 5.9416037), (9.883718, 153.59698, 5.9416037), (6.8533196, 152.48584, 5.9416037), (4.862883, 150.0565, 5.9416037), (4.20356, 149.03308, 5.9416037), (65.70982, 74.13983, 2.8935978), (65.34747, 74.139885, 2.8935978), (64.747826, 74.25687, 2.8935978), (63.609184, 74.39926, 2.8935978), (61.69982, 74.361275, 2.8935978), (60.50767, 74.45277, 2.8935978), (58.651814, 74.3222, 2.8935978), (57.50875, 74.40368, 2.8935978), (55.60381, 74.256004, 2.8935978), (54.462925, 74.401505, 2.8935978), (52.5558, 74.41862, 2.8935978), (51.25898, 74.64392, 2.8935978), (49.717506, 75.148735, 2.8935978), (49.198368, 75.04927, 2.8935978), (47.99577, 74.657265, 2.8935978), (47.213066, 74.92794, 2.8935978), (46.60034, 75.73099, 2.8935978), (46.460087, 75.64439, 2.8935978), (46.302914, 75.43924, 2.8935978), (45.526005, 76.308624, 2.8935978), (43.411785, 78.99142, 2.8935978), (43.17502, 79.59339, 2.8935978), (41.823437, 82.40463, 2.8935978), (40.23234, 85.321205, 2.8935978), (40.16911, 85.486, 2.8935978), (38.60777, 87.17357, 2.8935978), (38.28708, 87.44654, 2.8935978), (38.187286, 87.20885, 2.8935978), (80.68177, 84.82336, 2.8935978), (79.87436, 84.286736, 2.8935978), (78.22266, 83.05009, 2.8935978), (76.57879, 81.64595, 2.8935978), (75.80715, 80.91214, 2.8935978), (75.038635, 80.13809, 2.8935978), (74.30107, 79.33994, 2.8935978), (73.59678, 78.53195, 2.8935978), (72.91496, 77.68976, 2.8935978), (72.25725, 76.82347, 2.8935978), (71.62336, 75.93336, 2.8935978), (70.854675, 74.7465, 2.8935978), (69.875786, 73.108925, 2.8935978), (68.86484, 71.14766, 2.8935978), (68.35719, 70.03584, 2.8935978), (67.952705, 69.05457, 2.8935978), (67.152, 69.51981, 2.8935978), (65.95658, 70.32099, 2.8935978), (65.46193, 70.62556, 2.8935978), (-12.1169, 99.497406, 2.8935978), (-12.237157, 99.49995, 2.8935978), (-14.500332, 100.43609, 2.8935978), (-17.548338, 101.40173, 2.8935978), (-20.596344, 102.245995, 2.8935978), (-24.58289, 103.2747, 2.8935978), (-1.3632209, 94.90146, 2.8935978), (-5.079819, 96.4401, 2.8935978), (-6.074783, 96.88759, 2.8935978), (-8.039345, 97.686966, 2.8935978), (-129.18648, -31.547081, -3.2024145), (-128.98041, -31.938265, -3.2024145), (-128.17612, -33.24195, -3.2024145), (-126.249855, -36.0876, -3.2024145), (-126.047104, -36.329533, -3.2024145), (-89.93914, 11.303894, 1.3695947), (-91.70789, 7.765059, 1.3695947), (-91.12276, 7.501373, 1.3695947), (-88.62804, 9.108296, 1.3695947), (-85.936485, 10.9643135, 1.3695947), (-85.05682, 11.633103, 1.3695947), (-83.79991, 12.478139, 1.3695947), (-83.29071, 12.9149885, 1.3695947), (-81.78586, 14.002142, 1.3695947), (-79.89213, 15.526145, 1.3695947), (-78.28185, 16.877094, 1.3695947), (-76.39571, 18.574152, 1.3695947), (-75.23384, 19.526047, 1.3695947), (-73.70984, 20.90452, 1.3695947), (-69.9282, 24.802513, 1.3695947), (-66.14655, 28.700508, 1.3695947), (-57.618, 54.72886, 2.8935978), (-57.99778, 53.15419, 2.8935978), (-58.07666, 52.10222, 2.8935978), (-58.416954, 50.578217, 2.8935978), (-58.911827, 49.496227, 2.8935978), (-59.237133, 49.05421, 2.8935978), (-59.53267, 48.59307, 2.8935978), (-60.86122, 46.873615, 2.8935978), (-62.28562, 45.250008, 2.8935978), (-65.94552, 41.28989, 2.8935978), (-66.69359, 40.51634, 2.8935978), (-67.0702, 40.195488, 2.8935978), (-67.70999, 40.32406, 2.8935978), (-67.42117, 41.12073, 2.8935978), (-65.554344, 45.535397, 2.8935978), (-27.279192, 9.161302, 1.3695947), (-27.159119, 9.206784, 1.3695947), (-26.607485, 9.601745, 1.3695947), (-25.451418, 10.092087, 1.3695947), (-25.222095, 10.25887, 1.3695947), (-24.994793, 10.33522, 1.3695947), (-23.47079, 10.318907, 1.3695947), (-21.946787, 10.26136, 1.3695947), (-20.422785, 10.1657295, 1.3695947), (-18.773481, 9.984964, 1.3695947), (-17.503206, 9.584042, 1.3695947), (-17.07438, 8.642888, 1.3695947), (-16.9762, 8.5247345, 1.3695947), (-16.890724, 8.490487, 1.3695947), (-16.71006, 7.7617273, 1.3695947), (-16.888697, 6.2044826, 1.3695947), (-16.57828, 5.2344213, 1.3695947), (-16.259577, 3.1564767, 1.3695947), (-15.026704, 0.10847058, 1.3695947), (-14.635928, -0.6290524, 1.3695947), (-14.356582, -1.7716188, 1.3695947), (-19.523296, 115.5672, 4.4176006), (-21.52576, 114.3778, 4.4176006), (-21.893736, 114.04008, 4.4176006), (-22.51584, 113.41064, 4.4176006), (-23.169159, 112.56247, 4.4176006), (-23.347254, 112.36639, 4.4176006), (-106.17425, -6.4218946, -0.15440834), (-106.67494, -8.576241, -0.15440834), (-106.15599, -8.912191, -0.15440834), (-106.15818, -9.110142, -0.15440834), (-106.120316, -9.264313, -0.15440834), (-105.713905, -9.952693, -0.15440834), (-104.900246, -9.67156, -0.15440834), (-104.1899, -9.895256, -0.15440834), (-102.6659, -9.20769, -0.15440834), (-101.14189, -8.394527, -0.15440834), (-99.32297, -7.333901, -0.15440834), (-96.83205, -5.809898, -0.15440834), (-95.04588, -4.6821113, -0.15440834), (-91.143936, -2.1313019, -0.15440834), (-90.07486, -1.4123412, -0.15440834), (-7.7746468, -28.390387, -0.15440834), (-3.9018505, -29.328836, -0.15440834), (-0.50423795, -30.080338, -0.15440834), (2.8933744, -30.831837, -0.15440834), (24.860937, -4.0063376, 1.3695947), (26.05705, 0.5412265, 1.3695947), (26.200188, 0.58860165, 1.3695947), (26.439222, 1.1752727, 1.3695947), (28.282534, 4.83288, 1.3695947), (30.125845, 8.490487, 1.3695947), (30.55748, 9.252489, 1.3695947), (32.814766, 13.672098, 1.3695947), (67.32112, 116.297844, 4.4176006), (66.822716, 116.80153, 4.4176006), (66.71687, 116.757675, 4.4176006), (66.71443, 116.716515, 4.4176006), (64.80699, 116.35127, 4.4176006), (63.971752, 116.24934, 4.4176006), (-19.8486, -111.26689, -6.2504206), (-19.247787, -111.73731, -6.2504206), (-18.502672, -112.166626, -6.2504206), (-17.667297, -112.37074, -6.2504206), (-15.780281, -112.27044, -6.2504206), (-14.8287325, -112.46132, -6.2504206), (-13.954379, -112.88248, -6.2504206), (-13.591373, -113.1485, -6.2504206), (-12.314905, -114.15509, -6.2504206), (-11.617606, -114.78907, -6.2504206), (-11.105444, -115.58018, -6.2504206), (-10.812418, -116.47588, -6.2504206), (-10.751257, -117.01815, -6.2504206), (-10.600709, -117.86745, -6.2504206), (-10.218984, -118.6406, -6.2504206), (-9.566801, -119.33258, -6.2504206), (-6.6600795, -121.600876, -6.2504206), (-6.661628, -121.55036, -6.2504206), (-8.089436, -118.953926, -6.2504206), (-7.629391, -118.29006, -6.2504206), (-88.86031, -75.064644, -4.7264175), (-88.70068, -75.224815, -4.7264175), (-87.405525, -76.186905, -4.7264175), (-85.90996, -76.9112, -4.7264175), (-85.054214, -77.200096, -4.7264175), (-84.51226, -79.26811, -4.7264175), (-84.12888, -79.63073, -4.7264175), (-84.01653, -79.95334, -4.7264175), (-82.72312, -80.36906, -4.7264175), (-81.80368, -80.70034, -4.7264175), (-76.75784, -82.78159, -4.7264175), (-73.70984, -84.076485, -4.7264175), (-71.469765, -85.05806, -4.7264175), (-69.13783, -86.16958, -4.7264175), (-67.61383, -86.99536, -4.7264175), (-66.08983, -87.92559, -4.7264175), (-64.56582, -89.02281, -4.7264175), (-63.04182, -90.3359, -4.7264175), (-61.517815, -91.87559, -4.7264175), (-59.993813, -93.57497, -4.7264175), (-56.94581, -97.11705, -4.7264175), (-55.421803, -98.84854, -4.7264175), (-53.8978, -100.38738, -4.7264175), (-52.3738, -101.69642, -4.7264175), (-50.849796, -102.81812, -4.7264175), (-50.032135, -103.34609, -4.7264175), (-49.32579, -103.76848, -4.7264175), (-47.80179, -104.513, -4.7264175), (-46.277786, -105.15633, -4.7264175), (-44.753784, -105.73969, -4.7264175), (-43.22978, -106.26246, -4.7264175), (-41.705776, -106.74278, -4.7264175), (-40.181774, -107.18288, -4.7264175), (-39.5773, -107.31363, -4.7264175), (-38.65777, -107.600624, -4.7264175), (-36.84145, -108.09108, -4.7264175), (-36.253162, -108.344795, -4.7264175), (-107.76247, -68.6962, -6.2504206), (-104.19322, -71.54312, -6.2504206), (-100.62397, -74.39004, -6.2504206), (-97.73521, -76.67604, -6.2504206), (-94.846436, -78.96204, -6.2504206), (-93.03947, -80.486046, -6.2504206), (-90.47388, -82.52243, -6.2504206), (-87.425865, -84.791565, -6.2504206), (-84.37786, -87.21358, -6.2504206), (-82.85386, -88.21871, -6.2504206), (-81.32986, -89.097374, -6.2504206), (-78.28185, -90.77246, -6.2504206), (-75.23384, -92.44754, -6.2504206), (-73.70984, -93.3304, -6.2504206), (-72.18584, -94.267296, -6.2504206), (-70.661835, -95.275246, -6.2504206), (-69.13783, -96.38767, -6.2504206), (-67.61383, -97.59058, -6.2504206), (-66.08983, -98.87523, -6.2504206), (-62.65529, -101.872665, -6.2504206), (-59.220753, -104.870094, -6.2504206), (-58.46981, -105.46845, -6.2504206), (-56.94581, -106.60384, -6.2504206), (-55.421803, -107.62758, -6.2504206), (-53.8978, -108.55239, -6.2504206), (-52.3738, -109.373344, -6.2504206), (-50.849796, -110.11691, -6.2504206), (-47.80179, -111.492004, -6.2504206), (-44.753784, -112.773735, -6.2504206), (-41.705776, -114.055466, -6.2504206), (-40.981194, -114.39304, -6.2504206), (-72.94877, -103.928856, -7.7744236), (-71.89441, -104.57443, -7.7744236), (-69.11698, -106.41495, -7.7744236), (-64.56582, -109.562706, -7.7744236), (-61.79634, -111.40973, -7.7744236), (-59.993813, -112.54591, -7.7744236), (-58.46981, -113.450714, -7.7744236), (-55.421803, -115.13209, -7.7744236), (-51.611797, -117.08389, -7.7744236), (-47.80179, -119.03569, -7.7744236), (-45.54664, -120.23329, -7.7744236), (-26.98244, -131.2279, -7.7744236), (-23.793846, -133.17128, -7.7744236), (-20.605247, -135.11464, -7.7744236), (-17.661528, -136.87416, -7.7744236), (-14.975783, -138.39816, -7.7744236), (-12.170838, -139.94388, -7.7744236), (-9.365892, -141.4896, -7.7744236), (-8.199843, -141.87012, -7.7744236), (-22.98329, -126.112076, -6.2504206), (-20.369734, -127.78941, -6.2504206), (-17.321728, -129.79964, -6.2504206), (-14.273722, -131.73279, -6.2504206), (-12.749719, -132.647, -6.2504206), (-11.225716, -133.49669, -6.2504206), (-8.17771, -135.05937, -6.2504206), (-5.7740026, -136.22586, -6.2504206), (-5.354844, -136.34756, -6.2504206), (-5.129703, -136.38058, -6.2504206), (-2.081697, -137.14029, -6.2504206), (-1.0512453, -137.3677, -6.2504206), (-0.5576939, -137.5065, -6.2504206), (-0.23893341, -137.63196, -6.2504206), (0.85567266, -137.84985, -6.2504206), (1.3331825, -137.90399, -6.2504206), (-33.637215, -107.51918, -4.7264175), (-33.459797, -107.31341, -4.7264175), (-33.163906, -106.60404, -4.7264175), (-33.09801, -105.92756, -4.7264175), (-33.07094, -104.87382, -4.7264175), (-32.92433, -104.205894, -4.7264175), (-32.537823, -103.10266, -4.7264175), (-31.877245, -102.03196, -4.7264175), (-31.066652, -101.147675, -4.7264175), (-30.257135, -100.49211, -4.7264175), (-29.254812, -100.020905, -4.7264175), (-27.914896, -99.67796, -4.7264175), (-26.578436, -99.57472, -4.7264175), (-21.057974, -99.96241, -4.7264175), (-15.53751, -100.3501, -4.7264175), (-10.017047, -100.73778, -4.7264175), (-4.4965835, -101.125465, -4.7264175), (1.023883, -101.51315, -4.7264175), (2.2239745, -101.719345, -4.7264175), (3.3591433, -102.15994, -4.7264175), (4.384096, -102.817375, -4.7264175), (5.2579384, -103.66539, -4.7264175), (5.9458003, -104.67017, -4.7264175), (6.4202404, -105.79162, -4.7264175), (6.6623254, -106.98499, -4.7264175), (6.6623955, -108.20267, -4.7264175), (6.4204507, -109.396065, -4.7264175), (5.9461446, -110.51757, -4.7264175), (5.425664, -111.3149, -4.7264175), (5.223505, -111.57727, -4.7264175), (6.692211, -114.248085, -4.7264175), (3.8453765, -117.94277, -4.7264175), (0.99854183, -121.63747, -4.7264175), (-1.8482959, -125.33215, -4.7264175), (-2.6841261, -126.21767, -4.7264175), (-3.6792789, -126.91939, -4.7264175), (-4.7940445, -127.40932, -4.7264175), (-4.770407, -128.0417, -4.7264175), (-3.585833, -127.56384, -4.7264175), (-2.825267, -127.10256, -4.7264175), (-2.6841261, -126.21767, -4.7264175), (-8.264528, 23.427801, 2.9454138), (-11.376567, 23.427826, 2.9454138), (-14.19362, 23.427845, 2.9454138), (-14.191005, 22.554314, 2.927967), (-14.186229, 20.985922, 2.8966458), (-13.949094, 20.985922, 2.8966458), (-8.27188, 20.985922, 2.8966458), (-8.271314, 21.175203, 2.9004252), (-8.264528, 23.427801, 2.9454138), (-40.90132, 20.474632, 2.5858102), (-40.910175, 20.474632, 2.5857491), (-40.908424, 25.667261, 2.6069145), (-40.908413, 25.709055, 2.6070852), (-40.90666, 30.90168, 2.6524944), (-40.90512, 35.46857, 2.6924293), (-40.90337, 40.661198, 2.758187), (-40.90317, 41.245144, 2.7655816), (-39.98877, 41.245144, 2.7838695), (-39.98877, 46.731556, 2.7838695), (-35.996426, 46.731876, 2.8661656), (-35.99585, 47.06649, 2.8631177), (-40.323704, 47.06649, 2.021868), (-40.323704, 41.58008, 2.1315963), (-41.238106, 41.58008, 2.00358), (-41.238106, 36.30372, 2.2034316), (-41.238106, 35.46422, 2.2352285), (-41.238106, 30.187853, 2.1890574), (-41.238106, 25.711246, 2.1498842), (-41.238106, 20.474632, 2.1285481), (-40.91023, 20.474632, 2.5857491), (-41.238106, 20.474632, 2.1285481), (-41.238083, 20.455198, 2.1285481), (-41.235058, 17.951155, 1.979196), (-37.066605, 17.951155, 1.9741393), (-32.898148, 17.951155, 1.9690796), (-28.729689, 17.951155, 1.964023), (-35.995747, 40.414448, 2.867836), (-37.275616, 40.414448, 2.8527942), (-37.275616, 35.088646, 2.790194), (-37.275616, 29.762842, 2.7275972), (-37.275616, 24.43704, 2.6649973), (-33.389366, 24.43704, 2.6649973), (-29.503117, 24.43704, 2.6649973), (-29.503117, 20.474632, 2.5857491), (-35.202217, 20.474632, 2.5857491), (-40.90132, 20.474632, 2.5857491), (-32.121307, 61.786777, 2.8935978), (-33.130272, 61.786777, 2.8935978), (-33.130325, 66.92671, 2.7625334), (-27.769615, 66.92671, 2.7076695), (-22.408907, 66.92671, 2.6528053), (-22.408907, 67.231514, 2.6467092), (-16.379583, 67.231514, 2.626516), (-10.350261, 67.231514, 2.6063232), (-4.320939, 67.231514, 2.5861301), (1.7083828, 67.231514, 2.565937), (1.7083828, 63.330063, 2.6649973), (-3.929898, 63.330063, 2.696227), (-9.568182, 63.330063, 2.727457), (-15.206463, 63.330063, 2.758687), (-20.844744, 63.330063, 2.7899199), (-26.483028, 63.330063, 2.8211496), (-32.121307, 63.330063, 2.8523796), (-32.121307, 61.786777, 2.8935978), (-2.5666194, 22.841515, 2.9057899), (-2.5666194, 20.302526, 2.7747254), (-5.209241, 20.302526, 2.7808216), (-5.209241, 22.841515, 2.927126), (-2.5666194, 22.841515, 2.9057899), (-39.98877, 41.245144, 2.7838695), (-40.323704, 41.58008, 2.1315963), (-39.98877, 46.731556, 2.7838695), (-40.323704, 47.06649, 2.021868), (-40.90317, 41.245144, 2.7655816), (-41.238106, 41.58008, 2.00358), (48.94843, 40.666, 2.2047484), (48.94843, 37.55608, 2.1620762), (49.76917, 37.55608, 2.1437883), (49.76917, 37.25128, 2.1437883), (48.643627, 37.25128, 2.8631177), (48.643627, 40.666, 2.8265417), (48.94843, 40.666, 2.2047484), (47.26724, 48.095516, 2.8692138), (48.642162, 48.095516, 2.8204455), (50.08341, 48.095516, 2.2687564), (50.08341, 48.40032, 2.2687564), (48.646236, 48.40032, 2.591845), (47.266712, 48.40032, 2.7411973), (47.26724, 48.095516, 2.7536912), (48.536736, 24.035318, 2.5735571), (48.536736, 25.88952, 2.6802373), (48.536736, 29.462416, 2.6345172), (48.536736, 33.020557, 2.588797), (48.536736, 35.143936, 2.8661656), (49.76917, 35.143936, 2.1437883), (49.76917, 34.839134, 2.1407402), (48.841537, 34.839134, 2.2077963), (48.841537, 29.464088, 2.1407402), (48.841537, 24.062178, 2.080082), (48.841537, 24.035318, 2.07978), (48.536736, 24.035318, 2.5735571), (48.536736, 22.511316, 2.488213), (48.536736, 18.444132, 2.2565644), (42.642147, 18.444132, 2.0942917), (41.450653, 18.444132, 2.0614922), (35.556065, 18.444132, 2.1917243), (29.661472, 18.444132, 2.3219595), (23.766886, 18.444132, 2.4521916), (17.872295, 18.444132, 2.5824237), (13.1692, 18.444132, 2.6863334), (13.1692, 18.139332, 2.6558533), (-33.16075, 61.756298, 2.8935978), (-33.160805, 66.95719, 2.7625334), (-27.800097, 66.95719, 2.7076695), (-22.439388, 66.95719, 2.6528053), (-22.439388, 67.26199, 2.6467092), (-27.952496, 67.26199, 2.495833), (-33.465607, 67.26199, 2.3449566), (-33.465553, 61.756298, 2.7411973), (-33.16075, 61.756298, 2.8935978), (46.696953, 25.816498, 2.8935978), (46.696953, 20.780935, 2.7747254), (41.108994, 20.780935, 2.7747254), (35.521034, 20.780935, 2.7747254), (29.933077, 20.780935, 2.7747254), (24.34512, 20.780935, 2.7747254), (18.757158, 20.780935, 2.7747254), (13.1692, 20.780935, 2.7747254), (13.1692, 20.476133, 2.7698517), (18.807959, 20.476133, 2.6796644), (24.446718, 20.476133, 2.58948), (30.085478, 20.476133, 2.4992955), (35.724236, 20.476133, 2.409111), (41.362995, 20.476133, 2.3189266), (41.450653, 20.476133, 2.3175247), (47.001755, 20.476133, 2.3175247), (47.001755, 25.786016, 2.7411973), (46.696953, 25.816498, 2.8935978), (-18.740257, -120.684265, -4.7264175), (-14.7789345, -123.785164, -4.7264175), (-10.817609, -126.88606, -4.7264175), (-9.742455, -127.575714, -4.7264175), (-8.556046, -128.049, -4.7264175), (-8.398144, -127.45947, -4.7264175), (-9.526111, -127.00075, -4.7264175), (-10.440954, -126.406746, -4.7264175), (-14.395258, -123.29561, -4.7264175), (-18.349562, -120.18447, -4.7264175), (-36.35684, -108.52692, -5.031218), (-37.299187, -109.7324, -5.3360186), (-38.237778, -110.933075, -5.6408195), (-39.176376, -112.13375, -5.94562), (-40.11497, -113.33443, -6.2504206), (-41.053562, -114.53511, -6.555221), (-41.992157, -115.73579, -6.8600216), (-42.93075, -116.93646, -7.1648226), (-43.869347, -118.13714, -7.469623), (-44.807938, -119.337814, -7.7744236), (-45.746532, -120.5385, -8.079225), (-7.629391, -118.29006, -6.2504206), (-4.887316, -114.72477, -6.2504206), (-2.1452448, -111.15948, -6.2504206), (0.5968299, -107.594185, -6.2504206), (-4.039791, -107.26857, -6.2504206), (-8.676409, -106.942955, -6.2504206), (-13.313029, -106.61734, -6.2504206), (-17.949648, -106.291725, -6.2504206), (-41.053562, -114.53511, -6.555221), (-38.892345, -116.22458, -7.622023), (-34.729992, -119.47837, -7.622023), (-30.567646, -122.73216, -7.622023), (-26.405298, -125.985954, -7.622023), (-24.244078, -127.67542, -6.555221), (-23.855564, -106.86576, -6.509501), (-23.884293, -106.83916, -5.7264743), (-19.86676, -104.91429, -6.562262), (-19.857622, -104.88362, -5.9222293), (-17.660166, -109.20421, -6.3585243), (-17.739033, -109.27173, -6.2590523), (-17.99811, -106.359474, -6.615023), (-17.98258, -106.35008, -6.252057), (-44.807938, -119.337814, -7.7744236), (-42.64672, -121.02729, -8.841226), (-38.484367, -124.28108, -8.841226), (-34.32202, -127.534874, -8.841226), (-30.159674, -130.78867, -8.841226), (-27.998453, -132.47813, -7.7744236), (-20.582258, -118.53695, -5.031218), (-21.333136, -119.49749, -5.031218), (-17.484793, -107.628975, -6.358131), (-17.557009, -107.480965, -6.2636642), (-43.869347, -118.13714, -7.469623), (-41.708126, -119.82661, -8.536425), (-37.545776, -123.0804, -8.536425), (-33.383427, -126.3342, -8.536425), (-29.221079, -129.58798, -8.536425), (-27.05986, -131.27745, -7.469623), (-19.181383, -121.179565, -4.7264175), (-20.372593, -120.24837, -4.7264175), (-21.333136, -119.49749, -5.031218), (-25.53211, -116.215065, -5.031218), (-29.731083, -112.93265, -5.031218), (-33.820183, -109.736115, -5.031218), (-34.78072, -108.98524, -4.7264175), (-35.97728, -108.049866, -4.7264175), (-35.226406, -107.089325, -4.7264175), (-34.02985, -108.0247, -4.7264175), (-33.069305, -108.77557, -5.031218), (-28.87033, -112.058, -5.031218), (-24.671356, -115.34042, -5.031218), (-20.582258, -118.53695, -5.031218), (-19.621716, -119.28783, -4.7264175), (-18.430506, -120.21902, -4.7264175), (-19.181383, -121.179565, -4.7264175), (-41.992157, -115.73579, -6.8600216), (-39.83094, -117.425255, -7.926824), (-35.668587, -120.67905, -7.926824), (-31.506239, -123.93284, -7.926824), (-27.343891, -127.18663, -7.926824), (-25.182673, -128.8761, -6.8600216), (-26.825783, -113.656265, -5.031218), (-27.576658, -114.616806, -5.031218), (-19.547354, -121.66724, -5.031218), (-23.749725, -118.38216, -5.031218), (-27.952097, -115.09708, -5.031218), (-32.15447, -111.812, -5.031218), (-36.35684, -108.52692, -5.031218), (-34.855087, -106.605835, -5.031218), (-30.652716, -109.890915, -5.031218), (-26.450344, -113.175995, -5.031218), (-22.247972, -116.46107, -5.031218), (-18.0456, -119.74615, -5.031218), (-19.547354, -121.66724, -5.031218), (-39.176376, -112.13375, -5.94562), (-37.015152, -113.82322, -7.012422), (-32.852806, -117.07701, -7.012422), (-28.690458, -120.3308, -7.012422), (-24.52811, -123.5846, -7.012422), (-22.366888, -125.27407, -5.94562), (-38.237778, -110.933075, -5.6408195), (-36.07656, -112.62254, -6.7076216), (-31.914211, -115.876335, -6.7076216), (-27.751863, -119.13013, -6.7076216), (-23.589516, -122.38392, -6.7076216), (-21.428293, -124.07339, -5.6408195), (-37.299187, -109.7324, -5.3360186), (-35.137966, -111.42187, -6.402821), (-30.975618, -114.67566, -6.402821), (-26.81327, -117.92945, -6.402821), (-22.650919, -121.18324, -6.402821), (-20.4897, -122.87271, -5.3360186), (-45.746532, -120.5385, -8.079225), (-43.585316, -122.22797, -9.146027), (-39.422966, -125.48176, -9.146027), (-35.260616, -128.73555, -9.146027), (-31.098267, -131.98935, -9.146027), (-28.937048, -133.6788, -8.079225), (-40.11497, -113.33443, -6.2504206), (-37.953747, -115.023895, -7.3172226), (-33.7914, -118.277695, -7.3172226), (-29.629051, -121.53149, -7.3172226), (-25.466703, -124.78528, -7.3172226), (-23.305485, -126.47475, -6.2504206), (-42.93075, -116.93646, -7.1648226), (-40.76953, -118.62593, -8.231625), (-36.60718, -121.87972, -8.231625), (-32.44483, -125.133514, -8.231625), (-28.282486, -128.38731, -8.231625), (-26.121265, -130.07678, -7.1648226), (-36.36059, -108.53172, -5.031218), (-34.19937, -110.22118, -6.09802), (-30.037024, -113.47498, -6.09802), (-25.874676, -116.728775, -6.09802), (-21.712326, -119.98257, -6.09802), (-19.551105, -121.672035, -5.031218), (-34.02985, -108.0247, -4.7264175), (-34.78072, -108.98524, -4.7264175), (-19.621716, -119.28783, -4.7264175), (-20.372593, -120.24837, -4.7264175), (-33.069305, -108.77557, -5.031218), (-33.820183, -109.736115, -5.031218), (-22.221632, -105.101326, -6.509501), (-22.238829, -105.065544, -5.715535), (-22.238829, -105.065544, -5.715535), (-21.665785, -104.85531, -5.780339), (-21.064463, -104.752655, -5.822575), (-20.454798, -104.76214, -5.8677983), (-19.857622, -104.88362, -5.9222293), (-19.29508, -105.11606, -6.059027), (-18.78177, -105.44207, -6.0690155), (-18.339636, -105.859116, -6.1518693), (-17.98258, -106.35008, -6.252057), (-17.717922, -106.895966, -6.266273), (-17.557009, -107.480965, -6.2636642), (-22.221632, -105.101326, -6.509501), (-21.635979, -104.88578, -6.523147), (-21.020084, -104.78517, -6.53679), (-20.396282, -104.80316, -6.5504355), (-19.787205, -104.939095, -6.5640817), (-19.214947, -105.188034, -6.5777245), (-18.700268, -105.54096, -6.5913706), (-18.261837, -105.98507, -6.605016), (-17.915556, -106.50424, -6.6186595), (-17.673985, -107.07965, -6.632305), (-17.545893, -107.69042, -6.6459513), (-17.535923, -108.3144, -6.659594), (-17.545996, -108.41956, -6.6619015), (-17.674267, -109.0303, -6.6533546), (-17.915997, -109.60564, -6.6448083), (-18.262428, -110.12471, -6.6362615), (-18.700987, -110.56869, -6.627715), (-19.215767, -110.92147, -6.6191654), (-19.788095, -111.17025, -6.6106186), (-20.397211, -111.30601, -6.6020722), (-21.021017, -111.32382, -6.5935254), (-21.636885, -111.22304, -6.584979), (-22.222477, -111.00732, -6.576432), (-22.756548, -110.68449, -6.5678854), (-23.219727, -110.26626, -6.559339), (-23.595207, -109.7678, -6.550792), (-23.869375, -109.207184, -6.5422425), (-24.032282, -108.60476, -6.533696), (-24.07802, -107.98238, -6.5251493), (-24.004927, -107.36262, -6.516603), (-23.855564, -106.86576, -6.509501), (-22.221632, -105.101326, -6.509501), (-12.824995, -112.20233, -6.402821), (-11.577044, -113.179436, -6.402821), (-17.48218, -107.65994, -6.662959), (-11.91505, -108.28404, -6.6838746), (-11.4260025, -108.398346, -6.6857553), (-10.977226, -108.623795, -6.6876326), (-10.59358, -108.94791, -6.689513), (-10.296327, -109.35272, -6.691391), (-10.1019335, -109.815796, -6.6932716), (-10.021171, -110.311485, -6.6951523), (-10.058515, -110.812325, -6.6970296), (-10.2119, -111.29055, -6.69891), (-10.472818, -111.71968, -6.700788), (-11.5822525, -113.13665, -6.7075086), (-17.484793, -107.628975, -6.358131), (-11.9116535, -108.253746, -6.378958), (-11.415621, -108.36968, -6.3808537), (-10.960432, -108.59836, -6.3827496), (-10.571308, -108.9271, -6.3846455), (-10.269806, -109.33769, -6.3865447), (-10.072637, -109.80739, -6.38844), (-9.990721, -110.31016, -6.390336), (-10.028599, -110.81815, -6.392232), (-10.184172, -111.303215, -6.394128), (-10.448821, -111.73847, -6.3960238), (-11.577044, -113.179436, -6.402821), (-17.651411, -109.174515, -6.663343), (-12.084832, -109.79855, -6.691766), (-11.841257, -109.880356, -6.6930795), (-11.653021, -110.055244, -6.694393), (-11.553565, -110.29216, -6.695707), (-11.560563, -110.54901, -6.6970205), (-11.672772, -110.78016, -6.698334), (-12.782204, -112.19713, -6.707466), (-17.660166, -109.20421, -6.3585243), (-12.088228, -109.82884, -6.3871813), (-11.8568325, -109.906555, -6.38844), (-11.678006, -110.0727, -6.389696), (-11.583527, -110.297775, -6.390952), (-11.590175, -110.54178, -6.392211), (-11.69677, -110.76137, -6.3934665), (-12.824995, -112.20233, -6.402821), (-17.739033, -109.27173, -6.2590523), (-18.014116, -109.81273, -6.2504206), (-18.384043, -110.29383, -6.2504206), (-18.835852, -110.698906, -6.2504206), (-19.354204, -111.01424, -6.2504206), (-19.921467, -111.22933, -6.246662), (-20.518047, -111.34208, -6.1363487), (-21.125938, -111.34158, -6.065047), (-21.723911, -111.229225, -6.000164), (-22.29205, -111.00977, -5.916658), (-22.810099, -110.688446, -5.8600016), (-23.259338, -110.27598, -5.8421707), (-23.624538, -109.78754, -5.8443346), (-23.894035, -109.24054, -5.844679), (-24.059324, -108.6536, -5.8313866), (-24.11442, -108.046265, -5.8137264), (-24.059504, -107.4386, -5.749548), (-23.892103, -106.85154, -5.725313), (-23.884293, -106.83916, -5.7264743), (-23.475521, -106.398315, -5.734262), (-23.067041, -105.95721, -5.7341857), (-22.658564, -105.51609, -5.734061), (-22.250792, -105.074326, -5.714645), (-22.238829, -105.065544, -5.715535), (-22.221632, -105.101326, -6.509501), (-22.238829, -105.065544, -5.715535), (-22.221632, -105.101326, -6.509501), (-22.250792, -105.074326, -5.714645), (-22.630117, -105.542435, -6.509501), (-22.658564, -105.51609, -5.734061), (-23.038599, -105.98354, -6.509501), (-23.067041, -105.95721, -5.7341857), (-23.447083, -106.42465, -6.509501), (-23.475521, -106.398315, -5.734262), (-23.855564, -106.86576, -6.509501), (-23.892103, -106.85154, -5.725313), (-24.021759, -107.44574, -6.517764), (-24.059504, -107.4386, -5.749548), (-24.078804, -108.04636, -6.5260243), (-24.11442, -108.046265, -5.8137264), (-24.024755, -108.64725, -6.5342875), (-24.059324, -108.6536, -5.8313866), (-23.861456, -109.22804, -6.5425506), (-23.894035, -109.24054, -5.844679), (-23.594435, -109.76906, -6.550811), (-23.624538, -109.78754, -5.8443346), (-23.23275, -110.25194, -6.559074), (-23.259338, -110.27598, -5.8421707), (-22.788658, -110.66032, -6.5673337), (-22.810099, -110.688446, -5.8600016), (-22.277218, -110.980354, -6.5755973), (-22.29205, -111.00977, -5.916658), (-21.715773, -111.201195, -6.5838604), (-21.723911, -111.229225, -6.000164), (-21.123354, -111.31536, -6.59212), (-21.125938, -111.34158, -6.065047), (-20.520046, -111.31896, -6.6003833), (-20.518047, -111.34208, -6.1363487), (-19.926304, -111.21189, -6.6086464), (-19.921467, -111.22933, -6.246662), (-19.36226, -110.99777, -6.6169066), (-19.354204, -111.01424, -6.2504206), (-18.847033, -110.68387, -6.6251698), (-18.835852, -110.698906, -6.2504206), (-18.398094, -110.28082, -6.633433), (-18.384043, -110.29383, -6.2504206), (-18.030663, -109.8023, -6.641693), (-18.014116, -109.81273, -6.2504206), (-17.757198, -109.26451, -6.649956), (-17.739033, -109.27173, -6.2590523), (-17.575607, -107.48425, -6.6414003), (-17.557009, -107.480965, -6.2636642), (-17.734863, -106.90233, -6.628212), (-17.717922, -106.895966, -6.266273), (-18.356428, -105.874084, -6.6018314), (-18.339636, -105.859116, -6.1518693), (-18.797667, -105.46262, -6.5886426), (-18.78177, -105.44207, -6.0690155), (-19.306864, -105.13903, -6.575451), (-19.29508, -105.11606, -6.059027), (-20.45837, -104.79601, -6.5490704), (-20.454798, -104.76214, -5.8677983), (-21.06164, -104.78821, -6.5358815), (-21.064463, -104.752655, -5.822575), (-21.65611, -104.89114, -6.52269), (-21.665785, -104.85531, -5.780339), (114.9852, -41.677227, -1.6784114), (114.9852, -37.32293, -1.5260111), (114.9852, -32.96864, -1.3736107), (114.9852, -28.614342, -1.2212105), (114.9852, -24.260048, -1.0688102), (114.9852, -19.905756, -0.91640985), (114.9852, -15.551459, -0.76400954), (114.9852, -11.197166, -0.6116093), (114.9852, -6.84287, -0.45920897), (114.9852, -2.488577, -0.30680865), (114.9852, 1.8657192, -0.15440834), (114.9852, 6.220012, -0.0020080362), (114.9852, 10.574306, 0.15039226), (114.9852, 14.928601, 0.30279258), (114.9852, 19.282894, 0.45519286), (114.9852, 23.637192, 0.6075932), (114.9852, 27.991484, 0.7599935), (114.9852, 32.34578, 0.9123938), (114.9852, 36.700073, 1.0647941), (114.9852, 41.054367, 1.2171944), (114.9852, 45.40866, 1.3695947), (114.9954, 49.832333, 1.5219951), (115.00559, 54.256, 1.6743953), (8.379786, -45.45922, -0.76400954), (2.8933744, -45.45922, -0.8005856), (2.8933744, -44.78297, -0.76400954), (2.8933744, -41.801613, -0.6329453), (2.9381282, -41.519047, -0.6238013), (3.0680099, -41.264145, -0.6146573), (3.270306, -41.061848, -0.6055132), (3.5252109, -40.931965, -0.5963692), (3.8077762, -40.88721, -0.5872252), (7.4653835, -40.88721, -0.5689372), (7.747949, -40.931965, -0.5762524), (8.002857, -41.061848, -0.5835676), (8.20515, -41.264145, -0.59088284), (8.3350315, -41.519047, -0.59819806), (8.379786, -41.801613, -0.6055132), (8.379786, -45.45922, -0.76400954), (82.23895, 16.735365, -0.45920897), (82.34107, 11.686398, -0.6116093), (82.44319, 6.637428, -0.76400954), (82.41158, 2.498138, -0.91640985), (82.379974, -1.641152, -1.0688102), (82.373505, -5.95142, -1.2212105), (82.367035, -10.261687, -1.3736107), (82.372574, -14.653663, -1.5260111), (82.37811, -19.045639, -1.6784114), (82.551636, -23.128933, -1.7800106), (82.72516, -27.212229, -1.8816128), (82.89868, -31.295523, -1.983212), (82.99669, -36.361633, -2.1356122), (83.0947, -41.42774, -2.2880125), (83.22744, -46.567837, -2.440413), (83.36018, -51.707935, -2.5928133), (-35.5115, -4.0063376, 1.1623303), (-35.5115, 0.26087087, 1.2476745), (-35.466747, 0.5434363, 1.2531608), (-35.33687, 0.79834104, 1.2586473), (-35.13457, 1.0006372, 1.2641337), (-34.879665, 1.1305188, 1.2696201), (-34.5971, 1.1752727, 1.2751065), (-34.19015, 1.1294185, 1.2668343), (-33.80361, 0.9941632, 1.2585589), (-33.45686, 0.7762826, 1.2502866), (-33.167282, 0.4867068, 1.2420143), (-32.9494, 0.13995649, 1.233742), (-32.814148, -0.24658555, 1.2254667), (-32.768295, -0.65353096, 1.2171944), (-32.768295, -3.8285384, 1.0647941), (-32.768295, -8.857748, 0.82339203), (-32.768295, -10.17855, 0.7599935), (-32.768295, -10.711951, 0.7356094), (-32.814148, -11.118899, 0.7203694), (-32.9494, -11.505442, 0.7051294), (-33.167282, -11.852192, 0.6898894), (-33.45686, -12.1417675, 0.6746493), (-33.80361, -12.359649, 0.6594093), (-34.19015, -12.494904, 0.6441693), (-34.5971, -12.540754, 0.6289292), (-34.879665, -12.496001, 0.6344156), (-35.13457, -12.366122, 0.63990206), (-35.33687, -12.163826, 0.6453885), (-35.466747, -11.908921, 0.65087485), (-35.5115, -11.626353, 0.6563613), (-35.5115, -7.359144, 0.7447535), (-35.58393, -7.359144, 0.74425054), (-37.91498, -7.3023357, 0.72806257), (-40.240498, -7.1320434, 0.71187156), (-42.55496, -6.8486733, 0.6956836), (-44.85287, -6.452899, 0.67949563), (-47.128773, -5.945656, 0.6633046), (-49.37727, -5.328151, 0.64711666), (-51.59301, -4.601851, 0.6309287), (-52.686954, -4.198432, 0.6228332), (-54.84374, -3.3122518, 0.6065782), (-56.954796, -2.3220613, 0.5903201), (-59.01511, -1.2302136, 0.5740651), (-61.019794, -0.0392998, 0.5578101), (-62.964085, 1.2478518, 0.541552), (-64.84337, 2.6281872, 0.52529705), (-66.65318, 4.0984263, 0.509042), (-67.530685, 4.8661795, 0.50091296), (-65.26057, 7.333934, 0.6959854), (-63.491898, 5.83226, 0.7404466), (-62.690044, 5.2016673, 0.7599935), (-60.81374, 3.8368647, 0.7932808), (-58.868847, 2.5717137, 0.8265711), (-56.860664, 1.4096462, 0.85985833), (-54.794643, 0.35382593, 0.89314866), (-52.6764, -0.5928756, 0.92643595), (-52.205864, -0.78547305, 0.9337298), (-50.031757, -1.5957031, 0.9702358), (-47.81838, -2.2915142, 1.0067388), (-45.571743, -2.8710194, 1.0432447), (-44.23228, -3.1578856, 1.0647941), (-41.945362, -3.5493073, 1.0905833), (-39.64115, -3.8210006, 1.1163725), (-37.325912, -3.9722304, 1.1421616), (-35.58393, -4.0063376, 1.1615256), (-35.5115, -4.0063376, 1.1623303), (9.883718, -20.581821, 0.15039226), (8.413783, -20.093403, 0.15039226), (8.014107, -20.038914, 0.15039226), (-6.024098, -128.2863, -4.7264175), (-4.770407, -128.0417, -4.7264175), (30.14773, 150.54596, 5.6032753), (33.185658, 150.2626, 5.6319385), (35.312935, 150.03114, 5.6520433), (38.340706, 149.65446, 5.727149), (39.243656, 149.53134, 5.7495794), (39.81665, 149.39421, 5.728033), (40.3526, 149.1495, 5.706484), (40.831524, 148.80634, 5.6849375), (41.22129, 148.39581, 5.664235), (41.23556, 148.37752, 5.663525), (42.98723, 146.11565, 5.5758433), (46.262764, 141.88605, 5.4113574), (49.5383, 137.65643, 5.246875), (52.813835, 133.42682, 5.0823894), (54.33771, 131.45909, 5.005866), (57.00929, 128.08417, 4.874192), (59.752087, 124.76687, 4.7425184), (62.56487, 121.5087, 4.6108446), (65.44636, 118.311134, 4.4791703), (68.39525, 115.17561, 4.3474965), (68.74982, 114.729805, 4.3242555), (69.015335, 114.22586, 4.3010144), (69.18256, 113.681335, 4.2777734), (69.24565, 113.11523, 4.2545323), (69.202415, 112.54725, 4.2312913), (69.05435, 111.99721, 4.2080503), (68.80663, 111.484276, 4.184809), (68.46789, 111.02633, 4.161568), (66.66429, 109.01244, 4.0518403), (66.88681, 108.81316, 4.0518403), (68.6904, 110.82705, 4.1950965), (69.06231, 111.32983, 4.2838697), (69.33428, 111.892975, 4.3726425), (69.49684, 112.496864, 4.461416), (69.54431, 113.12045, 4.550189), (69.475044, 113.74199, 4.6389623), (69.29145, 114.33982, 4.7277355), (68.99993, 114.893105, 4.816509), (68.61065, 115.38256, 4.9052815), (65.666115, 118.51344, 5.065607), (62.788883, 121.70629, 5.225932), (59.980255, 124.95965, 5.386257), (57.241505, 128.27205, 5.546582), (54.573875, 131.64198, 5.7069073), (51.29834, 135.8716, 5.9784083), (48.0228, 140.1012, 6.24991), (44.747265, 144.33081, 6.521414), (43.24788, 146.26692, 6.6456933), (41.47173, 148.56041, 6.6456933), (41.12401, 148.94406, 6.6456933), (40.72132, 149.26953, 6.6456933), (40.27328, 149.52907, 6.6456933), (39.7906, 149.71645, 6.6456933), (39.28481, 149.82721, 6.6456933), (36.253754, 150.22092, 6.7238684), (35.38361, 150.32367, 6.7462773), (32.34422, 150.64676, 6.1147366), (30.172773, 150.84361, 5.664235), (30.14773, 150.54596, 5.6032753), (-65.764496, -62.942406, -2.4425282), (-65.79786, -63.060482, -2.440413), (-66.17486, -64.3944, -2.5928133), (-66.62715, -65.99476, -2.7627974), (-66.92928, -67.06378, -2.8976138), (-66.93256, -67.075386, -2.8976138), (-67.23156, -68.133316, -3.019534), (-67.25124, -68.20298, -3.0259745), (-67.83152, -70.256165, -3.0260081), (-67.837204, -70.27629, -3.019534), (-68.003555, -70.86488, -2.8976138), (-68.41763, -72.330025, -2.5928133), (-68.41899, -72.334816, -2.5928133), (-68.42229, -72.346466, -2.5928133), (-67.5446, -72.606064, -2.5928133), (-67.254196, -72.691956, -2.5928133), (-66.898155, -72.797264, -2.5928133), (-66.7319, -72.846436, -2.5928133), (-66.6743, -72.86348, -2.5928133), (-66.67382, -72.86178, -2.5928133), (-66.260216, -71.39834, -2.8976138), (-66.2596, -71.39613, -2.8976138), (-66.09508, -70.81402, -3.019534), (-66.07754, -70.751945, -3.029623), (-65.49726, -68.69877, -3.0296564), (-65.47304, -68.61307, -3.019534), (-65.17349, -67.55317, -2.8976138), (-65.171326, -67.54551, -2.8976138), (-64.87356, -66.49191, -2.7695305), (-64.42048, -64.8888, -2.5928133), (-64.045105, -63.560596, -2.440413), (-64.01049, -63.438126, -2.43122), (-64.26336, -63.36666, -2.43122), (-65.51169, -63.013855, -2.4425282), (-65.764496, -62.942406, -2.4425282), (79.22621, 91.1343, 4.1128), (77.12268, 88.64484, 3.9603999), (75.01915, 86.155365, 3.8079996), (73.36502, 83.517876, 3.6555994), (71.71089, 80.88039, 3.5031989), (70.523125, 78.00278, 3.3507986), (69.33536, 75.12517, 3.1983984), (68.644035, 72.089874, 3.045998), (67.952705, 69.05457, 2.8935978), (67.770004, 64.95606, 2.7411973), (67.5873, 60.857548, 2.588797), (67.5873, 55.10219, 2.4871979), (67.5873, 49.34683, 2.3855958), (67.5873, 43.591465, 2.2839966), (67.830185, 39.213356, 2.1315963), (68.07306, 34.835247, 1.979196), (-57.595524, 54.718266, 2.8875017), (-57.848076, 54.87777, 2.954558), (-54.93432, 59.491436, 3.1073513), (-52.79123, 62.884815, 3.2197344), (-52.020557, 64.1051, 3.2304208), (-50.026566, 67.262405, 3.2580721), (-47.73588, 70.88949, 3.2898386), (-45.101486, 75.06081, 3.381608), (-44.75778, 75.60504, 3.3935804), (-43.23408, 78.01766, 3.4466584), (-42.836, 78.647995, 3.460527), (-41.132454, 81.3454, 3.4779127), (-39.827003, 83.41246, 3.4912324), (-38.31275, 85.810135, 3.506686), (-36.846603, 88.131645, 3.5216486), (-35.667732, 89.998276, 3.533679), (-32.445076, 95.10106, 3.6554894), (-30.81759, 97.67802, 3.7170043), (-28.591532, 101.20278, 3.8011446), (-26.365469, 104.72755, 3.8852878), (-24.677877, 107.39969, 3.9490736), (-22.948694, 110.13769, 4.014435), (-22.926733, 110.172455, 4.015264), (-21.916824, 111.77155, 4.097347), (-21.351725, 112.666336, 4.14328), (-20.601696, 113.85394, 4.2042403), (-18.783049, 116.7336, 4.4176006), (-16.964401, 119.61326, 4.6309614), (-16.711845, 119.45376, 4.582193), (-18.526974, 116.57967, 4.132612), (-20.3421, 113.70559, 3.6830313), (-22.688171, 109.99081, 3.506247), (-25.9299, 104.85783, 3.2716846), (-29.171629, 99.72485, 3.0371192), (-32.413357, 94.59188, 2.8025568), (-35.40968, 89.84749, 2.5857491), (-38.651405, 84.71451, 2.443069), (-39.792473, 82.90774, 2.3928468), (-42.542583, 78.55319, 2.2718046), (-45.50976, 73.85494, 2.2736425), (-47.464333, 70.760056, 2.2748525), (-50.43151, 66.06181, 2.1159418), (-52.529476, 62.73988, 2.00358), (-55.49665, 58.041634, 2.521293), (-57.595524, 54.718266, 2.8875017), (-63.704906, 46.665737, 3.1983984), (-65.68283, 43.562675, 3.045998), (-67.66075, 40.459614, 2.8935978), (-70.39616, 35.617218, 2.7411973), (-73.13157, 30.774822, 2.588797), (-75.033646, 27.76306, 2.4363968), (-76.93572, 24.7513, 2.2839966), (-79.35465, 20.895239, 1.979196), (-82.294975, 17.816322, 1.8775967), (-85.235306, 14.73741, 1.7759945), (-88.17563, 11.658497, 1.6743953), (-91.70789, 7.765059, 1.3695947), (-95.1019, 4.05943, 1.0647941), (-99.2013, -0.41638082, 0.7599935), (-102.5212, -4.1411996, 0.45519286), (-104.93968, -6.681652, 0.15039226), (-106.67494, -8.576241, -0.15440834), (-108.4102, -10.470829, -0.45920897), (-110.43443, -13.911568, -0.76400954), (-112.10708, -16.575014, -0.91640985), (-113.779724, -19.238462, -1.0688102), (-116.52761, -22.238657, -1.3736107), (-119.085365, -25.031261, -1.5260111), (-121.64312, -27.823862, -1.6784114), (-63.023464, 46.603107, 3.1983984), (-65.04683, 43.3993, 3.045998), (-67.0702, 40.195488, 2.8935978), (-69.74719, 35.47437, 2.7411973), (-72.424194, 30.753256, 2.588797), (-74.37359, 27.666567, 2.4363968), (-76.32299, 24.579876, 2.2839966), (-78.78205, 20.73504, 1.979196), (-81.729355, 17.597168, 1.8775967), (-84.67666, 14.459291, 1.7759945), (-87.62396, 11.321418, 1.6743953), (-91.12276, 7.501373, 1.3695947), (-94.49145, 3.8114262, 1.0647941), (-98.57374, -0.63374937, 0.7599935), (-102.00599, -4.381145, 0.45519286), (-104.42073, -7.017603, 0.15039226), (-106.15599, -8.912191, -0.15440834), (-107.89125, -10.806784, -0.45920897), (-109.78958, -13.965936, -0.76400954), (-111.507164, -16.75051, -0.91640985), (-113.22475, -19.535084, -1.0688102), (40.01243, -80.98971, -1.6784114), (37.394928, -84.431, -1.7800106), (34.777428, -87.8723, -1.8816128), (32.15993, -91.31359, -1.983212), (30.118036, -94.10902, -2.1356122), (28.076143, -96.904434, -2.2880125), (67.5873, 13.595672, 1.6743953), (67.5873, 9.404099, 1.5219951), (67.5873, 5.2125273, 1.3695947), (67.5873, 1.0209552, 1.2171944), (67.5873, -3.170614, 1.0647941), (67.5873, -7.3621864, 0.9123938), (67.5873, -11.553759, 0.7599935), (67.5873, -15.745331, 0.6075932), (67.5873, -19.936903, 0.45519286), (67.5873, -24.594622, 0.35359368), (67.5873, -29.25234, 0.25199145), (67.5873, -33.91006, 0.15039226), (67.5873, -37.53864, -0.0020080362), (67.5873, -41.167217, -0.15440834), (67.5873, -44.7958, -0.30680865), (67.5873, -48.424377, -0.45920897), (67.5873, -52.052956, -0.6116093), (67.5873, -55.681534, -0.76400954), (67.5873, -60.076736, -0.91640985), (67.5873, -64.47194, -1.0688102), (88.10178, 52.87192, 1.979196), (88.10178, 48.517628, 1.8267956), (88.10178, 44.163334, 1.6743953), (88.081116, 40.144627, 1.5219951), (88.06044, 36.125916, 1.3695947), (87.187386, 52.741295, 1.979196), (87.187386, 48.387, 1.8267956), (87.187386, 44.032703, 1.6743953), (87.21041, 40.063972, 1.5219951), (87.233444, 36.09524, 1.3695947), (114.07079, 54.24788, 1.6743953), (114.07079, 49.893585, 1.5219951), (114.07079, 45.53929, 1.3695947), (114.07079, 41.184998, 1.2171944), (114.07079, 36.8307, 1.0647941), (114.07079, 32.47641, 0.9123938), (114.07079, 28.122112, 0.7599935), (114.07079, 23.767818, 0.6075932), (114.07079, 19.413523, 0.45519286), (114.07079, 15.05923, 0.30279258), (114.07079, 10.704937, 0.15039226), (114.07079, 6.350641, -0.0020080362), (114.07079, 1.9963477, -0.15440834), (114.07079, -2.3579485, -0.30680865), (114.07079, -6.7122416, -0.45920897), (114.07079, -11.066538, -0.6116093), (114.07079, -15.420831, -0.76400954), (114.07079, -19.775124, -0.91640985), (114.07079, -24.12942, -1.0688102), (114.07079, -28.483713, -1.2212105), (114.07079, -32.83801, -1.3736107), (114.07079, -37.192303, -1.5260111), (114.07079, -41.5466, -1.6784114), (88.10178, 9.328979, 0.45519286), (88.10178, 4.9746857, 0.30279258), (88.10178, 0.6203893, 0.15039226), (88.10178, -3.733904, -0.0020080362), (88.10178, -8.0882, -0.15440834), (88.10178, -12.442493, -0.30680865), (88.10178, -16.79679, -0.45920897), (88.10178, -21.151083, -0.6116093), (88.10178, -25.505375, -0.76400954), (88.10178, -29.859673, -0.91640985), (88.10178, -34.213966, -1.0688102), (88.10178, -38.56826, -1.2212105), (88.10178, -42.922554, -1.3736107), (87.187386, 9.19835, 0.45519286), (87.187386, 4.844054, 0.30279258), (87.187386, 0.4897609, 0.15039226), (87.187386, -3.8645322, -0.0020080362), (87.187386, -8.218828, -0.15440834), (87.187386, -12.573121, -0.30680865), (87.187386, -16.927418, -0.45920897), (87.187386, -21.281712, -0.6116093), (87.187386, -25.636007, -0.76400954), (87.187386, -29.9903, -0.91640985), (87.187386, -34.344593, -1.0688102), (87.187386, -38.69889, -1.2212105), (87.187386, -43.05318, -1.3736107), (78.20296, 13.30762, -0.45920897), (78.12605, 8.693006, -0.6116093), (78.04915, 4.078392, -0.76400954), (78.03629, -0.1839094, -0.91640985), (78.02343, -4.4462137, -1.0688102), (78.02386, -8.63546, -1.2212105), (78.02428, -12.82471, -1.3736107), (77.95675, -17.387749, -1.5260111), (77.88921, -21.950788, -1.6784114), (78.0575, -28.000727, -1.8308117), (78.2258, -34.050663, -1.983212), (77.84512, -38.28246, -2.0848112), (77.46445, -42.51425, -2.1864135), (77.08377, -46.746044, -2.2880125), (76.75539, -51.93835, -2.440413), (76.42701, -57.130653, -2.5928133), (-116.8629, -56.562313, -5.031218), (-113.20186, -58.953796, -4.8788176), (-109.54081, -61.345284, -4.7264175), (-106.35711, -63.424908, -4.574017), (-103.173416, -65.50453, -4.421617), (-99.989296, -67.58461, -4.2692165), (-96.805176, -69.66469, -4.116816), (-93.63698, -71.73427, -4.116816), (-90.46878, -73.80383, -4.116816), (-121.55467, -53.857918, -5.2567706), (-121.39131, -53.607838, -5.1958103), (-116.94201, -56.51428, -5.034205), (-116.85975, -56.56801, -5.031218), (-112.41044, -59.474445, -4.8627944), (-112.27008, -59.56613, -4.857482), (-107.82077, -62.472572, -4.7103148), (-103.37146, -65.37901, -4.563148), (-98.92215, -68.28545, -4.4159813), (-94.47284, -71.191895, -4.268811), (-90.24614, -73.95291, -4.1290083), (-89.33503, -74.4918, -4.167761), (-88.379616, -74.94752, -4.206513), (-87.38745, -75.31645, -4.245262), (-86.3664, -75.59569, -4.2840147), (-85.32457, -75.783005, -4.322767), (-85.28897, -75.78778, -4.3240805), (-81.964294, -76.23384, -4.2478805), (-82.00401, -76.52989, -4.3240805), (-85.2995, -76.08775, -4.467337), (-85.36429, -76.079056, -4.4718904), (-86.4323, -75.88703, -4.547524), (-87.47899, -75.600784, -4.623157), (-88.49608, -75.22258, -4.698787), (-89.4755, -74.75541, -4.7744207), (-90.38888, -74.21643, -4.8483377), (-90.4095, -74.20299, -4.849487), (-94.8588, -71.296555, -5.097558), (-99.30812, -68.390114, -5.345629), (-103.75743, -65.48367, -5.5937004), (-108.20674, -62.577236, -5.841771), (-112.42008, -59.824936, -6.076684), (-116.86939, -56.9185, -6.2280636), (-116.989, -56.84037, -6.2321324), (-121.43831, -53.93393, -5.28163), (-121.55467, -53.857918, -5.2567706), (-86.63063, -54.396465, -2.2502174), (-86.73047, -54.578346, -2.2880125), (-86.732956, -54.582886, -2.2880125), (-87.843704, -56.606445, -2.5928133), (-87.8505, -56.61883, -2.5928133), (-88.97204, -58.662045, -2.8976138), (-88.97254, -58.662968, -2.8976138), (-89.19821, -59.07409, -2.958574), (-89.26177, -59.189888, -2.9778616), (-90.288445, -61.060284, -2.9778283), (-90.339615, -61.1535, -2.958574), (-90.48338, -61.41543, -2.8976138), (-91.19977, -62.72053, -2.5928133), (-92.791176, -61.831795, -2.5928133), (-92.06618, -60.510986, -2.8976138), (-91.88492, -60.180767, -2.9742162), (-90.858284, -58.31044, -2.9741828), (-90.57955, -57.802643, -2.8976138), (-90.57371, -57.791996, -2.8976138), (-89.48103, -55.80137, -2.5928133), (-88.38752, -53.809196, -2.2880125), (-88.2795, -53.61241, -2.2575326), (-88.228455, -53.51941, -2.2526557), (-87.99814, -53.645832, -2.2526436), (-86.86095, -54.270042, -2.2501838), (-86.63063, -54.396465, -2.2502174), (-108.00161, -39.291103, -2.0700803), (-108.17571, -39.486217, -2.1051323), (-108.94783, -40.35148, -2.2880125), (-108.952965, -40.357235, -2.2880125), (-110.24601, -41.80628, -2.5928133), (-111.53086, -43.246143, -2.8976138), (-111.53454, -43.25026, -2.8976138), (-111.63963, -43.36804, -2.922388), (-113.06014, -44.959923, -2.9224215), (-113.14164, -45.05125, -2.8976138), (-114.05485, -46.07463, -2.6232932), (-114.15397, -46.185715, -2.5928133), (-114.13078, -46.207657, -2.5928133), (-112.81132, -47.41869, -2.5928133), (-112.71101, -47.306282, -2.6232932), (-111.799355, -46.284637, -2.8976138), (-111.703865, -46.177628, -2.9260366), (-110.28325, -44.58562, -2.92607), (-110.162, -44.44975, -2.8976138), (-107.54124, -41.5128, -2.2880125), (-107.53755, -41.50867, -2.2880125), (-106.755905, -40.632717, -2.1051323), (-106.64163, -40.50467, -2.067337), (-106.83734, -40.33003, -2.0673492), (-107.80525, -39.46632, -2.0700161), (-108.00161, -39.291103, -2.0700803), (51.731934, 135.31668, 5.9416037), (51.735912, 135.322, 5.9416037), (45.673416, 72.99572, 2.8935978), (44.86695, 72.30186, 2.8935978), (43.411785, 71.28816, 2.8935978), (42.83518, 70.789215, 2.8935978), (42.61266, 70.36235, 2.8935978), (42.361214, 70.14601, 2.8935978), (-8.039446, 97.68701, 2.8935978), (-8.309142, 97.81788, 2.8935978), (-8.398144, -127.45947, -4.7264175), (-7.201506, -127.68486, -4.7264175), (-8.556046, -128.049, -4.7264175), (-7.3014226, -128.28876, -4.7264175), (-4.7940445, -127.40932, -4.7264175), (-5.9839463, -127.667915, -4.7264175), (-7.201506, -127.68486, -4.7264175), (-7.3014226, -128.28876, -4.7264175), (-6.024098, -128.2863, -4.7264175), (-5.9839463, -127.667915, -4.7264175), (-37.45955, -46.0485, -1.0688102), (-38.226524, -46.028477, -1.0688102), (-34.766987, -33.37005, -0.45920897), (-34.711285, -33.305412, -0.45920897), (-34.01059, -33.41655, -0.45920897), (-71.24506, -14.484935, 0.15039226), (-70.181244, -15.160513, 0.15039226), (48.048286, 140.07327, 6.2464046), (48.050537, 140.0763, 6.2464046), (44.364635, 144.82986, 6.551205), (44.365166, 144.83057, 6.551205), (39.421757, 149.80835, 6.551205), (39.44711, 149.8095, 6.551205), (28.77192, -81.2346, -1.983212), (28.31841, -81.57714, -1.983212), (67.65295, 109.00781, 4.1128), (67.65396, 109.6652, 4.1128), (-63.0816, 9.252489, 0.7599935), (-63.427296, 11.463658, 0.7599935), (-63.450706, 11.501982, 0.7599935), (73.530914, 24.416319, 1.5219951), (75.46183, 24.416319, 1.3695947), (79.32365, 24.416319, 1.0647941), (83.18546, 24.416319, 0.7599935), (87.04729, 24.416319, 0.45519286), (90.90911, 24.416319, 0.15039226), (91.94227, 24.416319, 0.06884896), (91.94227, 26.746157, 0.15039226), (91.94227, 31.731533, 0.32488146), (91.899376, 31.731533, 0.32488146), (89.79743, 31.731533, 0.45519286), (85.19459, 31.731533, 0.7348444), (84.78064, 31.731533, 0.7599935), (80.1778, 31.731533, 1.039645), (79.76386, 31.731533, 1.0647941), (75.16102, 31.731533, 1.3444456), (74.74707, 31.731533, 1.3695947), (73.530914, 31.731533, 1.4427469), (73.530914, 28.073927, 1.482371), (73.530914, 24.416319, 1.5219951), (-8.089436, -118.953926, -6.2504206), (-6.661628, -121.55036, -6.2504206), (-3.9908583, -120.089905, -5.94562), (-1.3200916, -118.62945, -5.6408195), (1.3506749, -117.169, -5.3360186), (4.0214443, -115.708534, -5.031218), (6.692211, -114.248085, -4.7264175), (5.223505, -111.57727, -4.7264175), (2.5609162, -113.0526, -5.031218), (-0.10167255, -114.52793, -5.3360186), (-2.7642584, -116.00326, -5.6408195), (-5.426847, -117.47859, -5.94562), (-8.089436, -118.953926, -6.2504206), (73.530914, 24.26392, 1.6743953), (72.52418, 24.207382, 1.6948596), (71.5301, 24.038479, 1.715327), (70.56117, 23.759336, 1.7357913), (69.6296, 23.373468, 1.7562556), (68.747086, 22.885721, 1.7767199), (67.924736, 22.302229, 1.7971873), (67.17288, 21.630335, 1.8176516), (66.500984, 20.878483, 1.7971873), (65.917496, 20.056128, 1.7767199), (65.42975, 19.173618, 1.7562556), (65.04388, 18.242043, 1.7357913), (64.76474, 17.273123, 1.715327), (64.59583, 16.279041, 1.6948596), (64.5393, 15.272301, 1.6743953), (64.5393, 11.080729, 1.5219951), (64.5393, 5.1312556, 1.3056811), (64.5393, 2.6975842, 1.2171944), (64.5393, -3.251889, 1.0008805), (64.5393, -5.6855574, 0.9123938), (64.5393, -7.4995904, 0.8453376), (64.5393, -13.449063, 0.63001734), (64.5393, -14.068702, 0.6075932), (64.5393, -20.018175, 0.39127925), (64.5393, -22.451843, 0.30279258), (64.5393, -26.684408, 0.25707248), (64.5393, -32.633884, 0.09314462), (64.5393, -36.087208, -0.0020080362), (64.5393, -42.036682, -0.25188664), (64.5393, -43.344364, -0.30680865), (64.5393, -45.928448, -0.41653687), (64.5393, -50.601524, -0.6116093), (64.5393, -56.551, -0.86148787), (64.5393, -57.85868, -0.91640985), (64.5393, -62.070854, -1.0870982), (59.96729, -62.070854, -1.1326171), (55.39528, -62.070854, -1.1781361), (51.06888, -62.070854, -1.2212105), (50.82327, -62.070854, -1.2242584), (76.25758, 110.2065, 4.6021056), (76.1233, 109.984535, 4.594385), (75.57668, 109.37419, 4.570001), (72.940285, 106.4304, 4.451129), (70.70839, 103.93828, 4.2652006), (67.45457, 100.30508, 3.993675), (67.05582, 99.85983, 3.9603999), (66.36183, 99.08493, 3.9024878), (64.87912, 97.353516, 3.8328195), (63.4747, 95.55802, 3.7631512), (62.15134, 93.70197, 3.6934829), (61.520874, 92.75238, 3.6586473), (61.48869, 92.70265, 3.6555994), (60.293983, 90.76129, 3.5731263), (59.186596, 88.76883, 3.4906533), (58.168716, 86.72919, 3.4081805), (57.718075, 85.74704, 3.3690867), (57.372612, 85.06809, 3.3507986), (56.870773, 84.306786, 3.3285818), (56.279892, 83.61231, 3.3063648), (55.608772, 82.99503, 3.284151), (54.867424, 82.46415, 3.261934), (54.34118, 82.16301, 3.2471664), (53.507877, 81.792816, 3.225553), (52.63567, 81.52695, 3.2039397), (51.737564, 81.369354, 3.1823263), (50.82694, 81.3224, 3.1607127), (49.91739, 81.38678, 3.1390994), (49.46725, 81.46049, 3.1282942), (48.825264, 81.63694, 3.1423151), (48.217064, 81.90784, 3.1563358), (47.65646, 82.26702, 3.1703568), (47.156174, 82.706345, 3.1843774), (46.72756, 83.215836, 3.1983984), (46.380344, 83.78393, 3.2124193), (46.122406, 84.397736, 3.22644), (45.959602, 85.04333, 3.2404609), (45.895622, 85.70605, 3.2544818), (45.931923, 86.37086, 3.2685025), (46.01588, 86.63208, 3.2745986), (46.186916, 86.84663, 3.2806945), (46.42286, 86.98669, 3.2867906), (46.693115, 87.034096, 3.2928865), (46.962643, 86.98271, 3.2989826), (50.98692, 85.42452, 3.3325107), (51.27877, 86.16874, 3.3507986), (52.303764, 88.570244, 3.4293916), (53.436817, 90.9227, 3.5079875), (54.675575, 93.22124, 3.5865803), (55.635677, 94.84693, 3.6434073), (55.843643, 95.18362, 3.6555994), (57.27351, 97.36841, 3.733808), (58.801163, 99.48598, 3.8120198), (60.423454, 101.53195, 3.8902287), (61.820732, 103.15185, 3.954304), (61.936714, 103.28135, 3.9603999), (64.20209, 105.81086, 4.0604997), (66.35149, 108.21086, 4.1554723), (62.832485, 111.362404, 4.2469125), (62.46827, 111.75508, 4.262637), (62.41608, 111.82516, 4.2652006), (62.14421, 112.28661, 4.282556), (61.96198, 112.79024, 4.299908), (61.87562, 113.31882, 4.3172636), (61.868732, 113.49945, 4.3231125), (61.914585, 114.033066, 4.3400474), (62.05793, 114.54911, 4.356979), (62.293858, 115.02992, 4.373914), (62.614307, 115.45907, 4.3908453), (62.802906, 115.64958, 4.399313), (65.10909, 117.77303, 4.472465), (62.831635, 120.28456, 4.570001), (59.965553, 123.56917, 4.7005625), (57.17072, 126.914604, 4.8311267), (56.251926, 128.04703, 4.8748016), (53.85333, 131.08397, 4.990626), (51.019012, 134.74384, 5.130313), (50.01895, 136.03519, 5.179602), (47.18464, 139.69507, 5.3184724), (44.350323, 143.35493, 5.457346), (43.798073, 144.06804, 5.484403), (42.51607, 145.72345, 5.542315), (40.093193, 143.8471, 5.484403), (38.91382, 142.93376, 5.4539227), (38.53635, 142.71349, 5.4539227), (38.114773, 142.59827, 5.4539227), (37.677746, 142.59593, 5.4539227), (37.25496, 142.70663, 5.4539227), (37.057983, 142.80232, 5.4539227), (36.709606, 143.06621, 5.4539227), (36.441277, 143.41116, 5.4539227), (36.271225, 143.81377, 5.4539227), (36.211018, 144.24663, 5.4539227), (36.223682, 144.46526, 5.4539227), (36.315365, 145.20544, 5.484403), (36.814346, 149.23392, 5.639851), (32.666855, 149.69925, 5.615467), (28.509092, 150.06148, 5.591083), (24.343615, 150.32036, 5.566699), (20.172993, 150.47577, 5.542315), (15.999801, 150.52757, 5.517931), (14.39465, 150.52757, 5.484403), (10.631607, 150.52757, 5.4107904), (8.47371, 150.52757, 5.368579), (8.47371, 146.10796, 5.2192264), (8.415707, 145.81636, 5.2123685), (8.250525, 145.56915, 5.2055106), (8.003314, 145.40396, 5.1986523), (7.711708, 145.34596, 5.1917944), (7.1441727, 145.34596, 5.179602), (4.569778, 145.34596, 5.130834), (4.569778, 141.53595, 4.955053), (4.569778, 139.7965, 4.8748016), (4.569778, 137.72595, 4.7742176), (5.4841795, 137.72595, 4.7742176), (5.4841795, 132.76472, 4.570001), (5.4841795, 132.23953, 4.542569), (2.7409742, 132.23953, 4.481609), (2.7409742, 127.21033, 4.2865367), (2.6829705, 126.91872, 4.272281), (2.6131256, 126.787834, 4.2652006), (2.4031727, 126.57732, 4.2505913), (2.1286387, 126.463165, 4.235979), (1.9789726, 126.448326, 4.2286243), (-0.9166332, 126.448326, 4.185952), (-0.9166332, 122.63831, 4.0127525), (-0.9166332, 121.486694, 3.9603999), (-0.9166332, 118.82831, 3.8506718), (-0.0022313516, 118.82831, 3.8506718), (-0.0022313516, 113.341896, 3.6555994), (-2.745437, 113.341896, 3.6830313), (-2.745437, 112.53657, 3.6555994), (-2.745437, 108.31269, 3.487959), (-2.799661, 108.03037, 3.481863), (-2.9546216, 107.788246, 3.475767), (-3.1882603, 107.62075, 3.469671), (-3.4673266, 107.55174, 3.463575), (-3.7520988, 107.59103, 3.457479), (-4.25925, 107.81937, 3.469671), (-4.7133913, 108.140465, 3.481863), (-5.097763, 108.54246, 3.494055), (-5.398184, 109.01053, 3.506247), (-5.6035733, 109.527405, 3.518439), (-5.706352, 110.074005, 3.530631), (-5.702731, 110.63018, 3.542823), (-5.5928383, 111.1754, 3.555015), (-5.2388062, 112.47817, 3.6140306), (-5.0362115, 113.407364, 3.6555994), (-4.815795, 114.739265, 3.68383), (-4.7658443, 115.13525, 3.6921754), (-4.2951803, 119.15022, 3.9603999), (-3.7626204, 123.693184, 4.2652006), (-3.2300637, 128.23615, 4.570001), (-3.0753927, 129.55554, 4.6583934), (-2.8512208, 131.04465, 4.7594438), (-2.530135, 132.51591, 4.8604946), (-2.4769106, 132.72243, 4.8748016), (-2.0468948, 134.16562, 4.976489), (-1.6031325, 135.37979, 5.063778), (-0.95456254, 137.01073, 5.179602), (0.73565435, 141.26105, 5.484403), (2.4258714, 145.51138, 5.7892036), (4.1160884, 149.7617, 6.094004), (5.806305, 154.01202, 6.3988047), (6.6736517, 156.19312, 6.554253), (7.3852487, 157.8222, 6.674046), (7.5774345, 158.21664, 6.703605), (8.421829, 159.78102, 6.8228374), (9.368565, 161.28568, 6.942069), (9.938085, 162.0945, 7.008406), (10.146721, 162.37553, 7.03279), (11.26247, 163.75952, 7.1516137), (12.467942, 165.0661, 7.270437), (12.922792, 165.51633, 7.3132067), (14.241611, 166.70839, 7.432149), (15.126248, 167.4242, 7.508279), (16.425528, 168.43039, 7.618007), (19.60797, 170.89497, 7.886232), (24.244307, 174.48549, 7.7122025), (24.398922, 174.60522, 7.7063994), (25.232918, 175.17902, 7.6719294), (26.126123, 175.65544, 7.6374598), (26.652061, 175.87897, 7.618007), (27.61495, 176.19142, 7.58194), (28.60686, 176.39366, 7.545873), (29.615217, 176.48312, 7.509806), (30.62724, 176.45868, 7.473739), (31.6301, 176.32062, 7.437672), (32.611088, 176.07071, 7.4016047), (33.557766, 175.71213, 7.3655376), (34.458134, 175.24939, 7.329474), (34.84597, 175.00815, 7.3132067), (35.659046, 174.40508, 7.2771397), (36.39918, 173.71445, 7.2410727), (37.047592, 172.95729, 7.2055573), (-32.920696, -88.13131, -2.7025414), (-32.920696, -84.4737, -2.5897653), (-32.967434, -84.118706, -2.5826542), (-33.104454, -83.787895, -2.57554), (-33.32243, -83.50383, -2.5684292), (-33.6065, -83.28586, -2.5613182), (-33.9373, -83.148834, -2.5542042), (-34.2923, -83.1021, -2.5470932), (-35.73633, -83.1021, -2.5562372), (-35.73633, -80.32612, -2.440413), (-35.73633, -76.51611, -2.2773933), (-35.73633, -75.48208, -2.2331486), (-34.2923, -75.48208, -2.2240045), (-33.9373, -75.43535, -2.2153695), (-33.6065, -75.298325, -2.2067313), (-33.32243, -75.080345, -2.1980965), (-33.104454, -74.79628, -2.1894615), (-32.967434, -74.46548, -2.1808233), (-32.920696, -74.11048, -2.1721883), (-32.920696, -72.315475, -2.1356122), (-32.920696, -70.30047, -2.0959883), (-26.926285, -70.30047, -2.0450072), (-20.931871, -70.30047, -1.9940294), (-14.937461, -70.30047, -1.9430485), (-8.9430485, -70.30047, -1.8920674), (-2.948635, -70.30047, -1.8410865), (-1.7403264, -70.30047, -1.8308117), (3.0457747, -70.30047, -1.7911876), (3.0457747, -72.434074, -1.8308117), (3.0457747, -74.72008, -1.8826278), (3.1037784, -75.01169, -1.8826278), (3.268962, -75.258896, -1.8826278), (3.5161705, -75.42408, -1.8826278), (3.8077762, -75.48208, -1.8826278), (7.4653835, -75.48208, -1.8460517), (7.7569895, -75.42408, -1.8401233), (8.004201, -75.258896, -1.834198), (8.110574, -75.12552, -1.8308117), (8.216614, -74.84775, -1.8244109), (8.2273855, -74.72008, -1.8216677), (8.2273855, -70.30047, -1.7302275), (12.900996, -70.30047, -1.6855224), (17.574604, -70.30047, -1.6408204), (22.248213, -70.30047, -1.5961152), (22.248213, -74.72008, -1.6814594), (22.29953, -74.99499, -1.6857266), (22.446568, -75.232864, -1.6899939), (22.669523, -75.40168, -1.6942611), (22.938364, -75.47869, -1.6985282), (23.216885, -75.45352, -1.7027954), (23.696491, -75.27114, -1.6913654), (24.136374, -75.00697, -1.6799353), (24.522726, -74.66931, -1.6685053), (24.84341, -74.26876, -1.6570754), (27.401136, -70.41877, -1.5531231), (28.068247, -69.414604, -1.5260111), (29.958858, -66.56877, -1.449811), (30.224846, -66.0681, -1.4370642), (30.388176, -65.52519, -1.4243174), (30.442589, -64.96087, -1.4115736), (30.385996, -64.39676, -1.398827), (30.220572, -63.854485, -1.3860801), (29.952652, -63.354843, -1.3733335), (29.592512, -62.916985, -1.3605866), (29.153955, -62.557686, -1.3478398), (28.653795, -62.290733, -1.3350961), (28.111206, -62.126358, -1.3223494), (27.546986, -62.070854, -1.3096026), (25.75342, -62.070854, -1.3217946), (25.461815, -62.12886, -1.3317007), (25.214605, -62.29404, -1.3416067), (25.049421, -62.541252, -1.3515128), (24.991419, -62.832855, -1.3614187), (24.991419, -67.252464, -1.5077231), (22.937788, -67.252464, -1.5260111), (16.880253, -67.252464, -1.5868889), (10.822717, -67.252464, -1.6477637), (8.379786, -67.252464, -1.6723154), (4.8745785, -67.252464, -1.7073674), (2.8933744, -67.252464, -1.7271795), (-3.1641598, -67.252464, -1.7790291), (-9.21376, -67.252464, -1.8308117), (-15.271294, -67.252464, -1.8833288), (-21.328829, -67.252464, -1.9358491), (-27.386366, -67.252464, -1.9883661), (-32.768295, -67.252464, -2.0350282), (-35.5115, -67.252464, -2.056364), (-35.58393, -67.252464, -2.0569158), (-39.19283, -67.19201, -2.0843632), (-42.79768, -67.01071, -2.1118104), (-45.91701, -66.755844, -2.1356122), (-49.503483, -66.34957, -2.1630597), (-53.074326, -65.823395, -2.19051), (-56.62555, -65.17792, -2.2179573), (-60.153156, -64.41385, -2.2454076), (-63.653194, -63.53206, -2.2728548), (-64.11609, -63.40605, -2.2765033), (-64.26302, -63.365593, -2.43122), (-65.51135, -63.012787, -2.4425282), (-65.65776, -62.970455, -2.2930083), (-68.77253, -62.013676, -2.2652988), (-71.85698, -60.96325, -2.2375894), (-74.90825, -59.820038, -2.209877), (-77.92357, -58.585087, -2.1821675), (-80.900154, -57.259525, -2.154458), (-82.9009, -56.30691, -2.1356122), (-85.80633, -54.831886, -2.1079028), (-86.726326, -54.34149, -2.0990362), (-86.86041, -54.26906, -2.2501838), (-87.99759, -53.644855, -2.2526436), (-88.130745, -53.570717, -2.099146), (-90.950935, -51.938744, -2.0729117), (-93.72055, -50.222332, -2.0467842), (-96.437, -48.422962, -2.0206597), (-99.097786, -46.542274, -1.9945323), (-101.7005, -44.581993, -1.9684079), (-104.24275, -42.54391, -1.9422803), (-106.72221, -40.429886, -1.9161558), (-106.8366, -40.329185, -2.0673492), (-107.804504, -39.46549, -2.0700161), (-107.9176, -39.36334, -1.9162656), (-109.346466, -38.0453, -1.8972307), (-110.75139, -36.70177, -1.8783088), (-114.247025, -33.29801, -1.8308117), (-115.08453, -32.48251, -1.8216677), (-111.28764, -28.583143, -1.6265953), (-111.070076, -28.290092, -1.6164302), (-110.9375, -27.95004, -1.6062682), (-110.8993, -27.587063, -1.5961031), (-110.95818, -27.226858, -1.585938), (-111.10998, -26.89494, -1.5757759), (-111.34393, -26.614803, -1.5656108), (-112.071884, -25.94807, -1.5382031), (-111.78243, -25.632036, -1.5260111), (-108.06413, -21.572329, -1.3043723), (-106.66901, -20.049103, -1.2212105), (-102.95071, -15.9894, -0.9995717), (-101.55558, -14.466174, -0.91640985), (-97.83728, -10.406467, -0.69477105), (-96.442154, -8.883242, -0.6116093), (-93.42893, -5.593349, -0.43177688), (-91.328735, -3.3003097, -0.30680865), (-87.610435, 0.75939363, -0.08516984), (-86.21531, 2.2826195, -0.0020080362), (-82.49701, 6.3423257, 0.21963078), (-81.10188, 7.8655515, 0.30279258), (-77.38358, 11.925258, 0.5244314), (-75.98846, 13.448483, 0.6075932), (-74.888916, 14.648987, 0.6746493), (-74.02611, 15.679658, 0.68836534), (-73.25846, 16.78303, 0.7020814), (-70.54093, 21.085989, 0.9123938), (-67.80779, 25.413658, 1.1225111), (-67.329506, 26.170982, 1.1592823), (-66.582085, 27.354454, 1.2171944), (-63.84894, 31.682125, 1.4276257), (-62.623234, 33.62292, 1.5219951), (-59.890095, 37.950592, 1.6072721), (-57.156956, 42.278263, 1.6925492), (-56.85963, 42.74905, 1.7018274), (-55.92168, 44.33947, 1.7282444), (-55.082245, 45.98402, 1.7546585), (-54.344448, 47.676605, 1.7810755), (-53.711018, 49.41095, 1.8067641), (-53.29101, 50.78825, 1.8267956), (-52.848885, 52.580936, 1.8542734), (-52.766247, 52.979076, 1.8603237), (-52.27362, 55.158455, 1.9094515), (-51.675453, 57.311256, 1.9585762), (-50.973167, 59.43238, 2.007704), (-50.16843, 61.51679, 2.0568287), (-49.263153, 63.559544, 2.1059563), (-48.751446, 64.60752, 2.1315963), (-47.697353, 66.577614, 2.1698244), (-46.548573, 68.49403, 2.2080524), (-45.775936, 69.674, 2.2321804), (-44.478664, 71.493195, 2.2102866), (-43.09435, 73.247055, 2.1883929), (-41.62627, 74.93143, 2.166499), (-40.077915, 76.54232, 2.1446052), (-39.796436, 76.818855, 2.1407402), (-38.158344, 78.33841, 2.16357), (-36.448208, 79.77639, 2.1863995), (-35.263603, 80.69289, 2.2017004), (-33.94999, 81.73314, 2.2428546), (-32.695835, 82.84435, 2.2840087), (-31.504963, 84.02313, 2.325166), (-30.381016, 85.26589, 2.3663201), (-29.327417, 86.56883, 2.4074743), (-28.630836, 87.51834, 2.4363968), (-28.347393, 87.92796, 2.4485888), (-28.24442, 88.14861, 2.4571233), (-28.216307, 88.39048, 2.4656577), (-28.265923, 88.62886, 2.4741921), (-28.388199, 88.839424, 2.4827266), (-28.570656, 89.00067, 2.491261), (-32.293156, 91.35161, 2.540029), (-29.623959, 95.57804, 2.7147713), (-29.220295, 96.2172, 2.7411973), (-26.5511, 100.44363, 2.9219837), (-25.620161, 101.91768, 2.985038), (-24.711742, 103.35607, 3.045998), (-22.042547, 107.582504, 3.2264493), (-20.20319, 110.49495, 3.3507986), (-18.947165, 112.48375, 3.4300468), (-15.227239, 110.13443, 3.3873746), (-15.000433, 110.03828, 3.3849363), (-14.754804, 110.019516, 3.382498), (-14.516023, 110.08009, 3.3800595), (-14.309048, 110.213684, 3.3776212), (-14.155511, 110.40633, 3.3751826), (-13.616159, 111.46504, 3.4336953), (-13.161791, 112.56292, 3.4922109), (-12.795225, 113.693146, 3.5507236), (-12.518734, 114.84871, 3.609239), (-12.364779, 115.77752, 3.6555994), (-12.334034, 116.022446, 3.6677914), (-11.788035, 120.68005, 3.9603999), (-11.224554, 125.486824, 4.2625303), (-11.219577, 125.529274, 4.2652006), (-10.656092, 130.33604, 4.567331), (-10.651114, 130.3785, 4.570001), (-10.643586, 130.44273, 4.573049), (-10.415232, 132.03012, 4.6818814), (-10.104113, 133.60338, 4.7907104), (-9.8075695, 134.80661, 4.8748016), (-9.3519745, 136.34425, 4.963752), (-8.816528, 137.85596, 5.0527015), (-8.683819, 138.19556, 5.072922), (-8.048056, 139.79428, 5.179602), (-6.2438955, 144.33115, 5.484403), (-4.439735, 148.868, 5.7892036), (-2.6355715, 153.40486, 6.094004), (-0.83141094, 157.94171, 6.3988047), (-0.40703398, 159.00888, 6.4719567), (0.39934954, 160.87376, 6.599479), (1.1387745, 162.35892, 6.703605), (2.1408553, 164.12637, 6.839812), (3.245855, 165.83138, 6.976018), (3.5233333, 166.22694, 7.008406), (4.0583405, 166.9577, 7.051078), (5.3276644, 168.54417, 7.1811), (6.688721, 170.05267, 7.3111186), (6.711292, 170.07623, 7.3132067), (8.160658, 171.50009, 7.431006), (9.691809, 172.83563, 7.548805), (10.460586, 173.44882, 7.6058154), (10.59814, 173.55534, 7.618007), (14.458344, 176.54482, 7.9228077), (14.921572, 176.90355, 7.959384), (19.548971, 180.48714, 7.944674), (19.715387, 180.61603, 7.944144), (20.478386, 181.27875, 7.9416018), (21.162193, 182.0229, 7.9390597), (21.758173, 182.8391, 7.9365177), (22.258797, 183.71703, 7.9339786), (22.657738, 184.64558, 7.9314365), (22.949955, 185.61304, 7.9288945), (23.131763, 186.60718, 7.9263525), (23.20086, 187.61543, 7.9238105), (23.156372, 188.62509, 7.9212685), (22.998867, 189.62337, 7.91873), (22.730328, 190.59766, 7.916188), (22.354153, 191.53568, 7.9136457), (21.875092, 192.42554, 7.9111032), (21.299194, 193.25603, 7.908561), (48.080067, -62.070854, -1.2516905), (46.099625, -62.070854, -1.2699785), (45.18305, -62.12732, -1.2939817), (44.28033, -62.295856, -1.3179847), (43.405132, -62.573917, -1.3419877), (42.57067, -62.957302, -1.3659908), (41.789585, -63.44021, -1.3899938), (41.07367, -64.01533, -1.4139968), (40.43376, -64.67397, -1.438), (39.87953, -65.40619, -1.462003), (38.07363, -68.124504, -1.5260111), (34.923653, -72.86599, -1.6403114), (31.773674, -77.60747, -1.7546085), (30.429602, -79.63063, -1.8033797), (29.85275, -80.39272, -1.8167726), (29.186726, -81.078255, -1.8301655), (29.152496, -81.109215, -1.8308117), (28.868244, -81.35269, -1.8308117), (28.40567, -81.702095, -1.8308117), (27.58987, -82.2001, -1.8554213), (26.719116, -82.59422, -1.8800309), (25.806572, -82.87849, -1.9046406), (24.866034, -83.04859, -1.9292501), (23.95563, -83.1021, -1.952732), (23.010214, -83.1021, -1.9675269), (22.718609, -83.1601, -1.9722117), (22.471401, -83.32528, -1.9768934), (22.306217, -83.572495, -1.9815782), (22.248213, -83.8641, -1.98626), (22.248213, -88.28371, -2.1234202), (20.844994, -88.28371, -2.1356122), (14.977582, -88.28371, -2.1944175), (9.11017, -88.28371, -2.2532227), (8.376155, -88.28371, -2.2605805), (2.8595843, -88.28371, -2.2758205), (-1.2214338, -88.28371, -2.2758205), (-6.5046434, -88.28321, -2.3659866), (-10.865642, -88.2828, -2.440413), (-16.148855, -88.2823, -2.5032048), (-21.432064, -88.28181, -2.565997), (-26.715273, -88.28131, -2.628789), (-31.998486, -88.280815, -2.6915808), (-32.920696, -88.28073, -2.7025414), (-32.920696, -88.13131, -2.7025414), (73.530914, 31.883934, 1.5951471), (72.52418, 31.940472, 1.6363745), (71.5301, 32.10937, 1.6776018), (70.56117, 32.38851, 1.7188323), (69.6296, 32.774384, 1.7600595), (68.747086, 33.26213, 1.8012868), (68.230515, 33.612293, 1.8267956), (67.450615, 34.25142, 1.8687209), (67.17288, 34.517517, 1.8847077), (66.500984, 35.26937, 1.9256364), (65.917496, 36.09172, 1.9665619), (65.42975, 36.974236, 2.0074906), (65.04388, 37.905807, 2.0484192), (64.76474, 38.87473, 2.0893447), (64.59583, 39.86881, 2.1302733), (64.59225, 39.901222, 2.1315963), (64.5393, 40.875553, 2.1712203), (64.5393, 46.63352, 2.2763765), (64.5393, 52.391487, 2.3815327), (64.5393, 55.52543, 2.4363968), (64.5393, 61.283394, 2.5348048), (64.5393, 63.907425, 2.579653), (64.59383, 65.99748, 2.674754), (64.69657, 67.45465, 2.7411973), (64.93586, 69.531685, 2.8355484), (65.283134, 71.59341, 2.9298995), (65.73744, 73.634224, 3.0242505), (65.857216, 74.10107, 3.045998), (66.4415, 76.108536, 3.1401968), (67.12968, 78.0828, 3.2343953), (67.182335, 78.22129, 3.2410705), (67.97967, 80.154045, 3.3357568), (68.11556, 80.45714, 3.3507986), (69.02822, 82.33819, 3.445226), (70.03773, 84.1691, 3.539653), (71.141335, 85.94487, 3.6340804), (71.40569, 86.34134, 3.6555994), (72.620705, 88.04282, 3.7500753), (73.9228, 89.678635, 3.8445513), (74.76286, 90.64739, 3.9024878), (75.62154, 91.60618, 3.9603999), (78.97278, 95.34817, 4.186446), (80.14033, 96.65184, 4.2652006), (81.77273, 98.47457, 4.374929), (84.22133, 101.208664, 4.2652006), (84.816605, 101.87335, 4.2377687), (85.58355, 102.65506, 4.210336), (86.41835, 103.36385, 4.1829042), (87.3141, 103.99385, 4.1554723), (48.080067, -62.070854, -1.2516905), (48.255028, -62.105656, -1.2494807), (48.403355, -62.204765, -1.247271), (48.502464, -62.353092, -1.2450612), (48.537266, -62.528053, -1.2428514), (48.537266, -63.89966, -1.2455945), (50.36607, -63.89966, -1.2455945), (50.36607, -62.528053, -1.2340121), (50.40087, -62.353092, -1.2315737), (50.49998, -62.204765, -1.2291353), (50.648308, -62.105656, -1.2266968), (50.82327, -62.070854, -1.2242584), (-92.94542, -24.335054, -0.95298594), (-90.50022, -26.418966, -0.9740781), (-87.97938, -28.410704, -0.99517035), (-85.38637, -30.307531, -1.0162625), (-82.724754, -32.10683, -1.0373547), (-79.9982, -33.80612, -1.058447), (-78.635956, -34.603657, -1.0688102), (-75.81957, -36.1495, -1.0950352), (-72.94776, -37.589775, -1.1212603), (-70.02448, -38.92249, -1.1474853), (-67.05377, -40.145805, -1.1737103), (-64.0397, -41.258045, -1.1999323), (-60.98644, -42.25767, -1.2261574), (-59.4196, -42.722504, -1.2394985), (-59.64967, -43.53656, -1.3736107), (-60.174885, -45.39493, -1.6784114), (-60.331467, -45.948948, -1.7698516), (-63.280617, -45.049667, -1.7468452), (-66.197205, -44.049797, -1.7238358), (-69.0778, -42.950523, -1.7008295), (-71.8468, -41.784996, -1.6784114), (-74.64642, -40.49336, -1.6551094), (-77.400116, -39.106495, -1.6318073), (-80.10464, -37.626034, -1.6085054), (-82.75682, -36.053722, -1.5852034), (-85.35353, -34.391403, -1.5619013), (-87.89172, -32.641037, -1.5385994), (-90.368416, -30.804676, -1.5153004), (-92.78069, -28.88448, -1.4919984), (-95.12571, -26.882711, -1.4686964), (-95.18483, -26.83042, -1.468099), (-94.77136, -26.369701, -1.3736107), (-93.44489, -24.891638, -1.0688102), (-92.94684, -24.33666, -0.9533182), (-92.94542, -24.335054, -0.95298594), (75.56424, 98.16688, 4.0366), (75.262405, 97.907684, 4.037109), (74.90378, 97.73545, 4.037615), (74.512794, 97.6619, 4.038124), (74.11609, 97.692055, 4.038633), (73.74071, 97.82385, 4.039139), (73.41224, 98.04832, 4.039648), (73.153046, 98.35015, 4.040157), (72.98081, 98.70878, 4.0406632), (72.90726, 99.09976, 4.041172), (72.937416, 99.49647, 4.0416813), (73.069214, 99.87184, 4.042187), (73.29368, 100.200325, 4.042696), (74.381004, 101.41443, 4.1128), (77.092285, 104.441826, 4.1632295), (79.803566, 107.46923, 4.213659), (81.42752, 109.28253, 4.2438645), (81.72935, 109.54172, 4.2344675), (82.087975, 109.71396, 4.2250676), (82.47896, 109.78751, 4.2156706), (82.87566, 109.75737, 4.2062736), (83.25104, 109.62557, 4.196873), (83.57952, 109.401115, 4.187476), (83.838715, 109.09929, 4.178079), (84.01095, 108.74066, 4.168679), (84.0845, 108.34968, 4.159282), (84.05436, 107.95297, 4.149885), (83.92256, 107.57759, 4.1404853), (83.698105, 107.249115, 4.1310883), (80.98681, 104.22169, 4.1238003), (78.27552, 101.19428, 4.116513), (76.893974, 99.65165, 4.1128), (75.56424, 98.16688, 4.0366), (44.020287, 105.201035, 3.7897115), (44.00526, 104.87771, 3.7817867), (44.103832, 104.569374, 3.773862), (44.303654, 104.314705, 3.765937), (44.579685, 104.145615, 3.7580123), (44.897335, 104.0833, 3.7500875), (45.48568, 104.13117, 3.7616699), (46.053757, 104.29156, 3.7732522), (46.58027, 104.55843, 3.7848346), (47.045464, 104.92179, 3.7964172), (47.4319, 105.368004, 3.8079996), (47.434074, 105.37106, 3.8079996), (49.147896, 107.68575, 3.9025488), (50.952934, 109.92521, 3.996976), (51.272194, 110.384964, 4.01634), (51.501995, 110.89535, 4.035704), (51.63459, 111.43915, 4.055068), (51.665512, 111.998024, 4.074432), (51.59372, 112.55313, 4.093796), (51.425705, 113.076164, 4.1128), (51.1608, 113.569244, 4.132234), (50.810196, 114.00556, 4.1516714), (50.385715, 114.370415, 4.1711054), (49.901676, 114.65149, 4.1905394), (49.374397, 114.83932, 4.209974), (49.364304, 114.84188, 4.210336), (48.74638, 114.99605, 4.210336), (48.460094, 115.02027, 4.2018385), (48.18043, 114.95447, 4.1933374), (47.934982, 114.80513, 4.1848397), (47.747993, 114.587006, 4.176342), (47.637917, 114.321625, 4.1678443), (47.202065, 112.50466, 4.1128), (46.50106, 109.582344, 3.99088), (45.09534, 109.911354, 4.015264), (44.10313, 105.56401, 3.8079996), (44.020287, 105.201035, 3.7897115), (30.32543, -11.614073, 0.53139305), (30.32543, -7.359144, 0.6167372), (30.32543, -4.0063376, 1.1501383), (30.32543, 0.26087087, 1.1928103), (30.370184, 0.5434363, 1.1897624), (30.500065, 0.79834104, 1.1867143), (30.70236, 1.0006372, 1.1836663), (30.957266, 1.1305188, 1.1806183), (31.239832, 1.1752727, 1.1775703), (31.468431, 1.1752727, 1.1671766), (32.06307, 1.1167053, 1.1399671), (32.634853, 0.9432554, 1.1127545), (33.161816, 0.6615892, 1.085545), (33.520916, 0.3806301, 1.0647941), (33.92109, -0.06308949, 1.0381789), (34.227005, -0.5763493, 1.0115668), (34.42691, -1.1394289, 0.98495156), (34.513126, -1.7306902, 0.9583364), (34.516438, -1.8727334, 0.95201784), (34.516438, -5.682741, 0.7793727), (34.516438, -6.110422, 0.7599935), (34.516438, -9.492748, 0.6075932), (34.463608, -10.057794, 0.5964161), (34.30694, -10.603253, 0.58524215), (34.051872, -11.110212, 0.5740651), (33.707245, -11.561098, 0.5628881), (33.285004, -11.940282, 0.55171406), (32.799786, -12.234616, 0.54053706), (32.268417, -12.433901, 0.52936), (31.709312, -12.531223, 0.51818603), (31.14186, -12.523211, 0.50700897), (30.883715, -12.456279, 0.51188576), (30.65586, -12.317711, 0.5167626), (30.477674, -12.119295, 0.5216394), (30.364319, -11.877902, 0.5265162), (30.32543, -11.614073, 0.53139305), (29.715828, -7.359144, 0.6167372), (24.381817, -7.359144, 0.5837913), (19.352608, -7.359144, 0.55272907), (14.018597, -7.359144, 0.5201337), (8.684586, -7.359144, 0.48753527), (8.379786, -7.359144, 0.48567295), (8.379786, -8.513864, 0.45519286), (8.379786, -11.626353, 0.3728967), (8.3350315, -11.908921, 0.3698487), (8.20515, -12.163826, 0.3668007), (8.002857, -12.366122, 0.3637527), (7.747949, -12.496001, 0.3607047), (7.4653835, -12.540754, 0.3576567), (3.8077762, -12.540754, 0.3637527), (3.5252109, -12.496001, 0.3680199), (3.270306, -12.366122, 0.37228712), (3.0680099, -12.163826, 0.3765543), (2.9381282, -11.908921, 0.38082153), (2.8933744, -11.626353, 0.38508874), (2.8933744, -8.667693, 0.45519286), (2.8933744, -7.359144, 0.48567295), (-2.5930367, -7.359144, 0.63552815), (-7.149967, -7.359144, 0.7599935), (-12.636378, -7.359144, 0.9085594), (-13.565859, -7.359144, 0.9337298), (-13.565859, -11.626353, 0.7965696), (-13.610612, -11.908921, 0.7904735), (-13.740494, -12.163826, 0.7843775), (-13.942787, -12.366122, 0.7782815), (-14.197695, -12.496001, 0.7721855), (-14.48026, -12.540754, 0.7660895), (-14.887206, -12.494904, 0.7826371), (-15.273747, -12.359649, 0.7991817), (-15.6205015, -12.1417675, 0.8157293), (-15.910077, -11.852192, 0.8322739), (-16.127954, -11.505442, 0.8488215), (-16.26321, -11.118899, 0.8653661), (-16.309065, -10.711951, 0.8819137), (-16.309065, -7.663945, 1.0340946), (-16.309065, -7.0490584, 1.0647941), (-16.309065, -4.6159387, 1.1867143), (-16.250496, -4.021303, 1.2165604), (-16.077047, -3.4495187, 1.2464064), (-15.795381, -2.922558, 1.2762495), (-15.416321, -2.4606755, 1.3060956), (-14.954438, -2.0816164, 1.3359417), (-14.427478, -1.79995, 1.3657877), (-14.356582, -1.7716188, 1.3695947), (-13.780633, -1.6125464, 1.3988951), (-13.261058, -1.5679327, 1.4244589), (-7.507684, -1.5679327, 1.6558726), (-7.04717, -1.5679327, 1.6743953), (-1.7543106, -1.5679327, 1.8847077), (-0.94854885, -1.5144464, 1.9314123), (-0.15692681, -1.3549259, 1.978117), (-0.1388948, -1.3500004, 1.979196), (0.623887, -1.0849, 2.0044882), (1.3449355, -0.7213064, 2.0297806), (2.0115986, -0.2655929, 2.055073), (2.5991108, 0.26087087, 2.07978), (3.0634868, 0.6488211, 2.091972), (3.5953455, 0.93739414, 2.1041641), (4.1737323, 1.1152117, 2.1163561), (4.7758474, 1.1752727, 2.1285481), (7.4653835, 1.1752727, 2.1285481), (7.747949, 1.1305188, 2.123062), (8.002857, 1.0006372, 2.1175754), (8.20515, 0.79834104, 2.112089), (8.3350315, 0.5434363, 2.1066027), (8.379786, 0.26087087, 2.1011162), (8.379786, -4.0063376, 2.027964), (9.620906, -4.0063376, 1.979196), (14.954917, -4.0063376, 1.7658355), (17.240921, -4.0063376, 1.6743953), (19.352608, -4.0063376, 1.5890511), (24.686619, -4.0063376, 1.3765411), (24.860937, -4.0063376, 1.3695947), (29.682129, -4.0063376, 1.1501383), (29.715828, -4.0063376, 1.1448287), (29.715828, -7.359144, 0.6167372), (35.87441, 125.83679, 4.618769), (36.220814, 128.33627, 4.7224016), (36.54428, 130.67029, 4.8199377), (33.427765, 131.06891, 4.7848854), (30.303562, 131.40201, 4.7498336), (30.769415, 136.2538, 4.9479537), (30.841402, 136.53178, 4.956674), (30.996056, 136.77374, 4.9653916), (31.218122, 136.9558, 4.974112), (31.485704, 137.06001, 4.9828324), (31.77241, 137.0761, 4.9915495), (32.042824, 137.04826, 4.99977), (32.52679, 136.95808, 4.9973316), (32.989925, 136.79117, 4.994893), (33.42015, 136.55185, 4.9924545), (33.806232, 136.24641, 4.9900165), (34.13811, 135.8828, 4.987578), (36.53404, 132.78902, 4.891566), (38.929962, 129.69522, 4.7955537), (39.241253, 129.20216, 4.7769213), (39.452953, 128.65886, 4.758289), (39.557323, 128.08519, 4.739656), (39.55487, 127.545135, 4.7224016), (39.445293, 126.97243, 4.704305), (39.228657, 126.43107, 4.686209), (38.9129, 125.940865, 4.6681104), (38.50957, 125.51976, 4.6500144), (38.033436, 125.183174, 4.6319184), (37.50192, 124.943405, 4.6138225), (36.934467, 124.80924, 4.595723), (36.8916, 124.80367, 4.594385), (36.61381, 124.81211, 4.5984483), (36.351387, 124.90362, 4.6025143), (36.12857, 125.069725, 4.6065774), (35.965946, 125.29509, 4.61064), (35.878532, 125.55891, 4.614706), (35.87441, 125.83679, 4.618769), (2.8933744, -24.427979, 0.09248015), (2.8933744, -21.820034, 0.15039226), (2.8933744, -20.77037, 0.17477632), (2.9381282, -20.487806, 0.17782432), (3.0680099, -20.2329, 0.18087234), (3.270306, -20.030605, 0.18392034), (3.5252109, -19.900723, 0.18696834), (3.8077762, -19.855968, 0.19001634), (7.4653835, -19.855968, 0.15953629), (7.747949, -19.900723, 0.155074), (8.002857, -20.030605, 0.15060867), (8.014107, -20.038914, 0.15039226), (8.213285, -20.24428, 0.14522895), (8.339253, -20.50114, 0.14006563), (8.379786, -20.77037, 0.13515224), (8.379786, -24.427979, 0.037616044), (2.8933744, -24.427979, 0.09248015), (-35.5115, -45.45922, -1.0627141), (-35.5115, -41.801613, -0.92250586), (-35.466747, -41.519047, -0.92250586), (-35.33687, -41.264145, -0.92250586), (-35.13457, -41.061848, -0.92250586), (-34.879665, -40.931965, -0.92250586), (-34.5971, -40.88721, -0.92250586), (-33.682697, -40.88721, -0.8767858), (-33.400135, -40.931965, -0.8822722), (-33.145226, -41.061848, -0.8877586), (-32.942932, -41.264145, -0.89324504), (-32.81305, -41.519047, -0.8987314), (-32.768295, -41.801613, -0.90421784), (-32.768295, -45.45922, -1.0444261), (-35.5115, -45.45922, -1.0627141), (-91.11332, -20.236921, -0.85544974), (-93.996216, -23.389894, -0.94688994), (-93.40053, -23.9295, -0.95298594), (-93.90406, -24.490576, -1.0688102), (-95.22913, -25.967081, -1.3736107), (-95.6399, -26.4248, -1.468099), (-98.48705, -29.59733, -1.6570754), (-98.710625, -29.778622, -1.6570754), (-98.979485, -29.881433, -1.6570754), (-99.266975, -29.895575, -1.6570754), (-99.544624, -29.819645, -1.6570754), (-99.784904, -29.661163, -1.6570754), (-100.58236, -28.922985, -1.6570754), (-100.973946, -28.477211, -1.6243093), (-101.27174, -27.964016, -1.5915432), (-101.46448, -27.402847, -1.5587771), (-101.54484, -26.814972, -1.5260111), (-101.50978, -26.222666, -1.493245), (-101.36063, -25.648376, -1.4604789), (-101.10304, -25.113865, -1.4277129), (-100.74678, -24.639385, -1.3949468), (-100.47117, -24.338469, -1.3736107), (-97.895996, -21.526844, -1.1829762), (-96.353806, -19.843056, -1.0688102), (-95.596436, -19.01614, -1.013946), (-95.18354, -18.64093, -0.99023867), (-94.70917, -18.347267, -0.9665313), (-94.18922, -18.144989, -0.9428269), (-93.641106, -18.040869, -0.91911954), (-93.0832, -18.038404, -0.89541215), (-92.534195, -18.137669, -0.87170476), (-92.012474, -18.335337, -0.8480004), (-91.53552, -18.624794, -0.824293), (-91.11932, -18.996338, -0.8005856), (-90.96564, -19.22037, -0.8115585), (-90.88456, -19.479666, -0.8225313), (-90.88324, -19.75134, -0.8335041), (-90.96181, -20.011412, -0.84447694), (-91.11333, -20.23693, -0.85544974), (30.32543, -46.06882, -0.6359933), (30.32543, -41.813896, -0.5506491), (30.364319, -41.550064, -0.5536819), (30.477674, -41.308674, -0.5567177), (30.65586, -41.11026, -0.5597505), (30.883715, -40.97169, -0.56278324), (31.14186, -40.90476, -0.5658191), (31.709312, -40.896744, -0.5722625), (32.268417, -40.99407, -0.578703), (32.799786, -41.19335, -0.5851465), (33.285004, -41.487686, -0.5915899), (33.707245, -41.86687, -0.5980304), (34.051872, -42.317757, -0.6044739), (34.30694, -42.824715, -0.6109173), (34.463608, -43.37017, -0.6173578), (34.516438, -43.93522, -0.6238013), (34.516438, -47.21002, -0.76400954), (34.516438, -51.020035, -0.92436516), (34.516438, -51.555256, -0.94688994), (34.463608, -52.120277, -0.97284675), (34.30695, -52.665737, -0.99880356), (34.051884, -53.172695, -1.0247604), (33.70726, -53.62358, -1.0507172), (33.420284, -53.89632, -1.0688102), (32.952457, -54.21758, -1.0812125), (32.433186, -54.446537, -1.0936148), (31.88047, -54.575268, -1.1060141), (31.31347, -54.5993, -1.1184164), (31.14186, -54.585693, -1.1221746), (30.883715, -54.518764, -1.1280147), (30.65586, -54.380196, -1.1338546), (30.477674, -54.181778, -1.1396946), (30.364319, -53.940388, -1.1455346), (30.325512, -53.688835, -1.1511064), (30.32543, -53.676556, -1.1508625), (30.32543, -49.536224, -1.0688102), (30.32543, -49.421627, -1.0657622), (30.096243, -49.421627, -1.0688102), (24.609833, -49.421627, -1.1234822), (19.123423, -49.421627, -1.1781573), (13.637011, -49.421627, -1.2328295), (8.379786, -49.421627, -1.2852186), (8.379786, -52.30122, -1.3736107), (8.379786, -53.688835, -1.4162829), (8.3350315, -53.971405, -1.4217693), (8.20515, -54.22631, -1.4272556), (8.002857, -54.428608, -1.4327421), (7.747949, -54.558483, -1.4382285), (7.4653835, -54.603237, -1.443715), (3.8077762, -54.603237, -1.449811), (3.5252109, -54.558483, -1.4455438), (3.270306, -54.428608, -1.4412766), (3.0680099, -54.22631, -1.4370093), (2.9381282, -53.971405, -1.4327421), (2.8933744, -53.688835, -1.4284749), (2.8933744, -52.034748, -1.3736107), (2.8933744, -49.421627, -1.2852186), (-3.0502374, -49.421627, -1.3318927), (-8.362903, -49.421627, -1.3736107), (-14.306515, -49.421627, -1.4196327), (-20.250126, -49.421627, -1.4656575), (-26.193739, -49.421627, -1.5116794), (-32.137352, -49.421627, -1.5577012), (-32.768295, -49.421627, -1.5625871), (-32.768295, -52.68099, -1.6784114), (-32.768295, -53.688835, -1.7149875), (-32.81305, -53.971405, -1.7229123), (-32.942932, -54.22631, -1.7308371), (-33.145226, -54.428608, -1.7387619), (-33.400135, -54.558483, -1.7466867), (-33.682697, -54.603237, -1.7546115), (-34.5971, -54.603237, -1.7607075), (-34.879665, -54.558483, -1.7558308), (-35.13457, -54.428608, -1.7509539), (-35.33687, -54.22631, -1.7460772), (-35.466747, -53.971405, -1.7412003), (-35.5115, -53.688835, -1.7363235), (-35.5115, -52.064613, -1.6784114), (-35.5115, -49.421627, -1.5839232), (-35.58393, -49.421627, -1.5844779), (-38.64103, -49.369644, -1.6079476), (-41.6946, -49.213753, -1.6314173), (-44.7411, -48.954124, -1.6548868), (-47.777016, -48.591072, -1.6783534), (-47.784397, -48.59006, -1.6784114), (-50.80617, -48.12375, -1.7012867), (-53.810345, -47.554966, -1.7241589), (-56.79344, -46.88437, -1.7470342), (-59.744843, -46.114742, -1.7698516), (-59.588413, -45.561245, -1.6784114), (-59.062477, -43.70033, -1.3736107), (-58.83298, -42.888298, -1.2394985), (-55.985943, -43.63021, -1.215465), (-53.115345, -44.27494, -1.1914284), (-50.22449, -44.82175, -1.1673949), (-47.316727, -45.270008, -1.1433583), (-44.39541, -45.619186, -1.1193248), (-41.46391, -45.86889, -1.0952882), (-38.52562, -46.018826, -1.0712547), (-38.226524, -46.028477, -1.0688102), (-37.45955, -46.0485, -1.0688102), (-35.58393, -46.06882, -1.080548), (-35.5115, -46.06882, -1.0810022), (-33.883335, -46.06882, -1.0688102), (-32.768295, -46.06882, -1.0627141), (-26.776535, -46.06882, -1.0217459), (-20.784777, -46.06882, -0.9807746), (-14.793016, -46.06882, -0.93980634), (-8.801255, -46.06882, -0.8988381), (-2.8094969, -46.06882, -0.8578668), (2.8933744, -46.06882, -0.81887364), (8.379786, -46.06882, -0.7822976), (11.204747, -46.06882, -0.76400954), (17.196507, -46.06882, -0.7238948), (23.188267, -46.06882, -0.6837769), (29.180029, -46.06882, -0.6436621), (30.32543, -46.06882, -0.6359933), (-76.25551, -5.313512, 0.14734426), (-78.78738, -8.165129, 0.05759877), (-79.09319, -8.509572, 0.04676006), (-81.31925, -11.016761, -0.35862476), (-82.819374, -9.6447315, -0.3372887), (-84.88558, -11.837964, -0.45920897), (-85.74154, -12.746544, -0.50797707), (-85.98435, -12.930332, -0.5201691), (-86.274055, -13.024196, -0.5323611), (-86.57851, -13.017719, -0.5445531), (-86.86395, -12.911624, -0.5567452), (-87.09873, -12.717676, -0.5689372), (-87.256805, -12.457389, -0.5811292), (-87.41661, -11.912195, -0.56233215), (-87.47246, -11.346817, -0.54353815), (-87.42242, -10.780894, -0.52474105), (-87.26821, -10.234091, -0.505944), (-87.01521, -9.7254, -0.48715), (-86.6722, -9.272503, -0.46835297), (-86.56387, -9.154231, -0.45920897), (-83.92452, -6.27253, -0.25204512), (-82.6806, -4.9143996, -0.15440834), (-81.393486, -3.5091012, -0.05382414), (-80.943756, -3.1065571, -0.028297089), (-80.42352, -2.8005252, -0.0027700376), (-79.85319, -2.603002, 0.022757014), (-79.25512, -2.5217361, 0.048284065), (-78.652756, -2.5599124, 0.073811114), (-78.069725, -2.7160344, 0.09933817), (-77.52889, -2.9839816, 0.12486522), (-77.05146, -3.3532445, 0.15039226), (-77.01095, -3.3915212, 0.15039226), (-76.32204, -4.031755, 0.16258429), (-76.14512, -4.253144, 0.1593534), (-76.04449, -4.5180674, 0.15611947), (-76.02979, -4.801078, 0.15288858), (-76.0785, -5.0149136, 0.15039226), (-76.2143, -5.2636523, 0.14790814), (-76.25551, -5.313512, 0.14734426), (-53.1131, -22.649637, 0.29669657), (-50.657936, -23.280325, 0.31230846), (-48.180214, -23.815588, 0.32792035), (-45.68365, -24.254625, 0.34353223), (-43.17197, -24.596783, 0.35914412), (-40.64894, -24.84155, 0.374756), (-38.118332, -24.988556, 0.3903679), (-35.58393, -25.03758, 0.40597978), (-35.5115, -25.03758, 0.4064248), (-35.5115, -22.337122, 0.45519286), (-35.5115, -20.77037, 0.48262492), (-35.466747, -20.487806, 0.48262492), (-35.33687, -20.2329, 0.48262492), (-35.13457, -20.030605, 0.48262492), (-34.879665, -19.900723, 0.48262492), (-34.5971, -19.855968, 0.48262492), (-33.682697, -19.855968, 0.52529705), (-33.400135, -19.900723, 0.5228586), (-33.145226, -20.030605, 0.5204202), (-32.942932, -20.2329, 0.5179818), (-32.81305, -20.487806, 0.5155434), (-32.768295, -20.77037, 0.513105), (-32.768295, -22.675217, 0.45519286), (-32.768295, -25.03758, 0.38204074), (-27.032505, -25.03758, 0.3324771), (-21.29671, -25.03758, 0.28291348), (-15.560916, -25.03758, 0.23334984), (-9.825123, -25.03758, 0.18378623), (-5.960748, -25.03758, 0.15039226), (-0.22495525, -25.03758, 0.10102981), (2.8933744, -25.03758, 0.074192114), (8.379786, -25.03758, 0.019328006), (14.115578, -25.03758, 0.06222869), (19.851374, -25.03758, 0.10513242), (25.587166, -25.03758, 0.14803311), (25.902462, -25.03758, 0.15039226), (30.32543, -25.03758, 0.18392034), (30.32543, -20.782654, 0.30584058), (30.364319, -20.518822, 0.31222007), (30.477674, -20.277431, 0.31859952), (30.65586, -20.079016, 0.324979), (30.883715, -19.940449, 0.3313585), (31.14186, -19.873516, 0.33773798), (31.337605, -19.85878, 0.34241664), (31.904398, -19.887308, 0.3223425), (32.456078, -20.020418, 0.30226833), (32.973515, -20.253494, 0.28219414), (33.43878, -20.578451, 0.26211694), (33.83574, -20.984028, 0.24204277), (34.150627, -21.456163, 0.22196859), (34.372536, -21.978489, 0.20189443), (34.493767, -22.5329, 0.18182026), (34.516438, -22.903975, 0.16868031), (34.516438, -23.375057, 0.15039226), (34.516438, -27.185064, 0.013939132), (34.516438, -30.52399, -0.10564024), (34.457874, -31.11863, -0.11749699), (34.284424, -31.690414, -0.12935068), (34.002758, -32.217373, -0.14120743), (33.6237, -32.679256, -0.15306112), (33.575123, -32.726765, -0.15440834), (33.104904, -33.095432, -0.17384547), (32.571796, -33.365284, -0.19327956), (31.996284, -33.525944, -0.2127167), (31.468431, -33.572, -0.22994404), (31.354132, -33.572, -0.2336565), (31.239832, -33.572, -0.23185818), (30.957266, -33.527245, -0.22734103), (30.70236, -33.397366, -0.22282389), (30.500065, -33.19507, -0.21830674), (30.370184, -32.940163, -0.2137896), (30.32543, -32.657597, -0.20927244), (30.32543, -31.356438, -0.15440834), (30.32543, -28.390387, -0.026392085), (24.839018, -28.390387, -0.031726096), (19.352608, -28.390387, -0.037060108), (13.866197, -28.390387, -0.042394117), (8.379786, -28.390387, -0.04772813), (8.379786, -30.95497, -0.15440834), (8.379786, -32.657597, -0.22451249), (8.3350315, -32.940163, -0.2324373), (8.20515, -33.19507, -0.24036211), (8.002857, -33.397366, -0.24828693), (7.747949, -33.527245, -0.25621176), (7.4653835, -33.572, -0.26413655), (3.8077762, -33.572, -0.26718456), (3.5252109, -33.527245, -0.26047894), (3.270306, -33.397366, -0.25377333), (3.0680099, -33.19507, -0.24706772), (2.9381282, -32.940163, -0.24036211), (2.8933744, -32.657597, -0.2336565), (2.8933744, -30.831837, -0.15440834), (2.8933744, -28.390387, -0.04772813), (-3.0502374, -28.390387, -0.10716425), (-7.7746468, -28.390387, -0.15440834), (-13.718259, -28.390387, -0.21384446), (-19.661871, -28.390387, -0.2732806), (-25.605482, -28.390387, -0.3327167), (-31.549095, -28.390387, -0.39215282), (-32.768295, -28.390387, -0.40434483), (-32.768295, -29.805082, -0.45920897), (-32.768295, -32.657597, -0.5689372), (-32.81305, -32.940163, -0.576862), (-32.942932, -33.19507, -0.5847868), (-33.145226, -33.397366, -0.5927116), (-33.400135, -33.527245, -0.6006364), (-33.682697, -33.572, -0.6085613), (-34.5971, -33.572, -0.6146573), (-34.879665, -33.527245, -0.60917085), (-35.13457, -33.397366, -0.6036844), (-35.33687, -33.19507, -0.59819806), (-35.466747, -32.940163, -0.5927116), (-35.5115, -32.657597, -0.5872252), (-35.5115, -29.13788, -0.45920897), (-35.5115, -28.390387, -0.43177688), (-35.58393, -28.390387, -0.4323865), (-38.250225, -28.338766, -0.45481983), (-38.771725, -28.316587, -0.45920897), (-41.432774, -28.141632, -0.48126432), (-44.085056, -27.86381, -0.5033197), (-46.724598, -27.483534, -0.52537507), (-49.347443, -27.001379, -0.54743046), (-51.94966, -26.418062, -0.5694858), (-54.024963, -25.876099, -0.5872252), (-53.1131, -22.649637, 0.29669657), (-65.712036, 7.7435737, 0.6959854), (-67.98196, 5.276036, 0.50091296), (-69.48245, 3.6449137, 0.45519286), (-70.865524, 2.1414359, 0.4155688), (-71.09055, 1.9633317, 0.40952155), (-71.3597, 1.8637502, 0.4034743), (-71.64646, 1.8525001, 0.39742705), (-71.92259, 1.9306875, 0.39137676), (-72.16088, 2.0906103, 0.38532954), (-72.16931, 2.098468, 0.38508874), (-72.5618, 2.5454032, 0.39868283), (-72.860016, 3.060056, 0.4122739), (-73.0526, 3.6228309, 0.425868), (-73.13222, 4.212291, 0.43946213), (-73.09583, 4.8059874, 0.45305622), (-73.07958, 4.8982596, 0.45519286), (-72.91097, 5.4686728, 0.46922588), (-72.634796, 5.995481, 0.48326197), (-72.33395, 6.38227, 0.49481696), (-68.94055, 10.087246, 0.6197852), (-68.20014, 10.959195, 0.64874125), (-67.52722, 11.884226, 0.6776973), (-67.19149, 12.300102, 0.6972228), (-66.78828, 12.65094, 0.7167514), (-66.32997, 12.925949, 0.7362769), (-65.83068, 13.116674, 0.75580555), (-65.71968, 13.146, 0.7599935), (-65.19134, 13.226735, 0.77931786), (-64.657005, 13.213943, 0.7986422), (-64.13313, 13.108012, 0.8179666), (-63.73949, 12.961519, 0.8331456), (-63.4976, 12.801487, 0.8208835), (-63.317997, 12.573755, 0.80862445), (-63.21875, 12.3012295, 0.7963623), (-63.20984, 12.011331, 0.7841032), (-63.292164, 11.733228, 0.7718411), (-63.450706, 11.501982, 0.7599935), (-63.457443, 11.494895, 0.7599935), (-63.46348, 11.488613, 0.7599935), (-66.42169, 8.410886, 0.6746493), (-65.712036, 7.7435737, 0.6959854), (10.208589, 100.08307, 3.2471664), (10.491155, 100.038315, 3.2422895), (10.746062, 99.90843, 3.237413), (10.948356, 99.70614, 3.232536), (11.078237, 99.45123, 3.2276592), (11.122991, 99.16867, 3.2227824), (11.122991, 98.4891, 3.1983984), (11.122991, 95.51106, 3.085622), (5.63658, 95.51106, 3.024662), (5.63658, 99.16867, 3.1679182), (5.681334, 99.45123, 3.176529), (5.8112154, 99.70614, 3.1851397), (6.0135117, 99.90843, 3.193747), (6.146155, 99.98857, 3.1983984), (6.4193354, 100.07354, 3.20675), (6.5509815, 100.08307, 3.2105904), (10.208589, 100.08307, 3.2471664), (10.208589, 86.36704, 2.064906), (10.491155, 86.4118, 2.0654423), (10.746062, 86.54167, 2.0659788), (10.948356, 86.74397, 2.0665152), (11.078237, 86.99888, 2.0670516), (11.122991, 87.28145, 2.067588), (11.122991, 91.54865, 2.1529322), (15.999801, 91.54865, 2.1834123), (18.39335, 91.5224, 2.2839966), (21.974508, 91.384964, 2.3905914), (25.54922, 91.13, 2.4971833), (28.613443, 90.81716, 2.588797), (32.165928, 90.34449, 2.6757262), (33.839138, 90.080536, 2.7168133), (33.140858, 85.866806, 2.6314692), (33.138577, 85.582306, 2.632283), (33.22385, 85.310875, 2.6330938), (33.388424, 85.07879, 2.6339076), (33.616364, 84.90852, 2.6347184), (33.885605, 84.81656, 2.6355321), (34.589756, 84.69105, 2.6375651), (35.132656, 84.6419, 2.6649973), (35.67563, 84.69025, 2.6924293), (36.201305, 84.83453, 2.7198615), (36.69287, 85.07015, 2.7472935), (37.13461, 85.389565, 2.7747254), (37.512383, 85.782555, 2.8021576), (37.814114, 86.23656, 2.8295896), (38.03015, 86.73704, 2.8570216), (38.187286, 87.20885, 2.8935978), (39.019756, 89.54206, 3.018435), (39.93414, 91.844406, 3.143269), (40.36373, 92.85058, 3.1983984), (40.72312, 93.66047, 3.2288785), (40.90287, 94.17872, 3.2563105), (40.986824, 94.72079, 3.2837424), (40.97226, 95.269135, 3.3111746), (40.859646, 95.80598, 3.3386066), (40.652637, 96.31396, 3.3660388), (40.357933, 96.776596, 3.3934708), (39.985077, 97.178925, 3.4209027), (39.54615, 97.50791, 3.448335), (39.055367, 97.75291, 3.475767), (38.528618, 97.90596, 3.5031989), (38.5073, 97.91012, 3.5031989), (37.524246, 98.09738, 3.5519671), (37.236843, 98.10489, 3.5434327), (36.961315, 98.02279, 3.5348983), (36.724895, 97.859184, 3.5263638), (36.550964, 97.630264, 3.5178294), (36.456707, 97.35865, 3.509295), (36.42722, 97.19299, 3.5031989), (35.70954, 93.161, 3.3386066), (32.450607, 93.69186, 3.300357), (29.177488, 94.12681, 3.262111), (25.893019, 94.4655, 3.2238615), (23.70149, 94.63745, 3.1983984), (20.404388, 94.81518, 3.1566133), (17.103489, 94.89604, 3.114828), (15.999801, 94.90146, 3.1008623), (10.818191, 94.90146, 3.039009), (5.63658, 94.90146, 2.9771557), (0.45496956, 94.90146, 2.9153025), (-1.3632209, 94.90146, 2.8935978), (-4.7266407, 94.90146, 2.8417816), (-6.6522856, 94.94792, 2.8128257), (-8.57345, 95.0872, 2.7838695), (-8.309142, 97.81788, 2.8935978), (-8.16121, 99.34622, 2.954558), (-8.177532, 99.627205, 2.9630923), (-8.278541, 99.889915, 2.9716268), (-8.454657, 100.10945, 2.9801612), (-8.689204, 100.26503, 2.9886956), (-8.959955, 100.34191, 2.99723), (-9.494201, 100.4117, 2.9941819), (-10.074535, 100.4362, 2.9738915), (-10.648981, 100.35018, 2.953601), (-11.196677, 100.15675, 2.9333134), (-11.697733, 99.86293, 2.9130228), (-12.1169, 99.497406, 2.8935978), (-12.476169, 99.04099, 2.8731334), (-12.489498, 99.02007, 2.8722618), (-14.685976, 95.54216, 2.699638), (-16.09632, 93.30901, 2.588797), (-16.882452, 92.06424, 2.527837), (-17.139093, 91.55931, 2.5051477), (-17.297882, 91.01562, 2.4824553), (-17.353329, 90.45193, 2.459766), (-17.303524, 89.88771, 2.4370735), (-17.150183, 89.34245, 2.4143841), (-16.898603, 88.834984, 2.3916917), (-16.55747, 88.38282, 2.3690023), (-16.138567, 88.00159, 2.34631), (-15.656361, 87.704445, 2.3236206), (-15.336936, 87.613754, 2.3254495), (-15.006187, 87.64311, 2.3272781), (-14.707733, 87.788635, 2.329107), (-14.480919, 88.03115, 2.3309357), (-14.35566, 88.33866, 2.3327646), (-13.504541, 92.44812, 2.4181087), (-11.330161, 92.05537, 2.3326488), (-10.084228, 91.88152, 2.2839966), (-7.8853903, 91.66407, 2.1999812), (-5.67832, 91.55912, 2.115966), (-4.7266407, 91.54865, 2.07978), (0.45496956, 91.54865, 2.1102602), (5.63658, 91.54865, 2.1407402), (5.63658, 87.28145, 2.055396), (5.681334, 86.99888, 2.0559325), (5.8112154, 86.74397, 2.056469), (6.0135117, 86.54167, 2.0570054), (6.2684164, 86.4118, 2.0575418), (6.5509815, 86.36704, 2.0580783), (10.208589, 86.36704, 2.064906), (76.38798, 110.12761, 4.449989), (76.24632, 109.89346, 4.4419847), (75.690216, 109.27252, 4.4176006), (73.05381, 106.32873, 4.2987285), (70.821915, 103.8366, 4.1128), (67.56493, 100.19987, 3.8410094), (67.16935, 99.75816, 3.8079996), (66.47536, 98.98325, 3.7500875), (64.99705, 97.25698, 3.6804192), (63.596798, 95.46681, 3.610751), (62.27736, 93.61627, 3.5410826), (61.648766, 92.669495, 3.506247), (61.616676, 92.61992, 3.5031989), (60.425514, 90.68432, 3.420726), (59.321415, 88.69776, 3.338253), (58.306557, 86.664185, 3.2557802), (57.85725, 85.684944, 3.2166865), (57.504738, 84.99214, 3.1983984), (56.992657, 84.215294, 3.1761816), (56.389717, 83.50665, 3.1539645), (55.704903, 82.87678, 3.1317506), (54.948425, 82.33505, 3.1095338), (54.41144, 82.02777, 3.0947661), (53.561134, 81.650024, 3.0731528), (52.671124, 81.37872, 3.0515394), (51.754684, 81.21792, 3.0299258), (50.82548, 81.17001, 3.0083125), (49.897366, 81.2357, 2.986699), (49.438046, 81.31091, 2.975894), (48.773914, 81.493454, 2.9899147), (48.144745, 81.77369, 3.0039356), (47.56481, 82.14526, 3.0179565), (47.04727, 82.59973, 3.0319772), (46.603878, 83.12679, 3.045998), (46.24469, 83.71448, 3.0600188), (45.97786, 84.34945, 3.0740397), (45.80944, 85.017296, 3.0880606), (45.743256, 85.70287, 3.1020813), (45.780807, 86.3906, 3.1161022), (45.881557, 86.70407, 3.122198), (46.0868, 86.96153, 3.1282942), (46.369934, 87.1296, 3.1343904), (46.694237, 87.18649, 3.1404862), (47.01767, 87.12483, 3.1465824), (50.899643, 85.62174, 3.1801102), (51.137283, 86.22537, 3.1983984), (52.157104, 88.615845, 3.2764182), (53.283707, 90.95789, 3.354438), (54.514797, 93.24675, 3.4324608), (55.50574, 94.92658, 3.4910069), (55.714264, 95.26415, 3.5031989), (57.137104, 97.438995, 3.5808377), (58.65659, 99.54745, 3.6584766), (60.269627, 101.58523, 3.7361155), (61.707207, 103.25352, 3.8019035), (61.82319, 103.38302, 3.8079996), (64.03773, 105.85577, 3.9081602), (66.136284, 108.199005, 4.003072), (62.730812, 111.24888, 4.094512), (62.347424, 111.662224, 4.1102366), (62.292492, 111.735985, 4.1128), (62.006313, 112.221725, 4.1301556), (61.81449, 112.75186, 4.1475077), (61.723587, 113.30825, 4.164863), (61.716335, 113.4984, 4.1707125), (61.7646, 114.0601, 4.187647), (61.91549, 114.6033, 4.204579), (62.163837, 115.10943, 4.2215133), (62.501156, 115.56115, 4.2384453), (62.699677, 115.7617, 4.2469125), (64.89371, 117.781876, 4.3200645), (62.717888, 120.183136, 4.4176006), (59.874413, 123.441216, 4.5470223), (57.100986, 126.75912, 4.6764436), (56.133232, 127.95142, 4.7224016), (53.732838, 130.99065, 4.838226), (50.92185, 134.6204, 4.9767637), (49.89846, 135.94188, 5.027202), (47.087475, 139.57162, 5.1649294), (44.27649, 143.20137, 5.3026595), (43.677578, 143.97473, 5.3320026), (42.48889, 145.50964, 5.3899145), (40.18651, 143.72661, 5.3320026), (39.00713, 142.81326, 5.3015227), (38.639183, 142.59206, 5.3015227), (38.229805, 142.46272, 5.3015227), (37.801556, 142.43239, 5.3015227), (37.378033, 142.50273, 5.3015227), (36.982582, 142.66988, 5.3015227), (36.636997, 142.9246, 5.3015227), (36.360317, 143.25288, 5.3015227), (36.167797, 143.63663, 5.3015227), (36.07004, 144.05467, 5.3015227), (36.072437, 144.48398, 5.3015227), (36.16412, 145.22417, 5.3320026), (36.64438, 149.10147, 5.487451), (32.53053, 149.55963, 5.463067), (28.406643, 149.91628, 5.438683), (24.275219, 150.17116, 5.414299), (20.138767, 150.32416, 5.3899145), (15.999801, 150.37517, 5.3655305), (14.39465, 150.37517, 5.3320026), (10.707807, 150.37517, 5.2579756), (8.62611, 150.37517, 5.2161784), (8.62611, 146.10796, 5.066826), (8.581356, 145.8254, 5.06134), (8.451474, 145.5705, 5.0558534), (8.249178, 145.3682, 5.050367), (7.9942737, 145.23831, 5.0448804), (7.711708, 145.19356, 5.039394), (7.1441727, 145.19356, 5.027202), (4.722178, 145.19356, 4.978434), (4.722178, 141.53595, 4.80492), (4.722178, 139.7965, 4.7224016), (4.722178, 137.87834, 4.621817), (5.63658, 137.87834, 4.621817), (5.63658, 132.76472, 4.4176006), (5.63658, 132.08713, 4.3901687), (2.8933744, 132.08713, 4.329209), (2.8933744, 127.21033, 4.134136), (2.8486207, 126.92776, 4.1227307), (2.7399561, 126.70333, 4.1128), (2.546042, 126.49299, 4.101111), (2.2966206, 126.35287, 4.089425), (2.0161035, 126.29668, 4.077736), (1.9789726, 126.29592, 4.0762243), (-0.7642329, 126.29592, 4.033552), (-0.7642329, 122.63831, 3.8620102), (-0.7642329, 121.486694, 3.8079996), (-0.7642329, 118.980705, 3.6982713), (0.15016896, 118.980705, 3.6982713), (0.15016896, 113.22854, 3.5031989), (0.15016896, 113.1895, 3.5031989), (0.018659683, 113.1895, 3.5031989), (-2.5930367, 113.1895, 3.530631), (-2.5930367, 112.53657, 3.5031989), (-2.5930367, 108.31269, 3.3355587), (-2.6383908, 108.028275, 3.3304777), (-2.769955, 107.77209, 3.3253996), (-2.9746773, 107.56952, 3.3203187), (-3.232249, 107.440674, 3.3152375), (-3.5171218, 107.39833, 3.3101597), (-3.8010314, 107.4467, 3.3050785), (-4.3348775, 107.68706, 3.3172705), (-4.8129177, 108.02505, 3.3294625), (-5.2175193, 108.448204, 3.3416545), (-5.533753, 108.94091, 3.3538468), (-5.7499537, 109.484985, 3.3660388), (-5.858143, 110.060356, 3.3782308), (-5.8543267, 110.645805, 3.3904228), (-5.7386518, 111.21973, 3.4026148), (-5.3869944, 112.51375, 3.4616303), (-5.185759, 113.4367, 3.5031989), (-4.9668236, 114.75967, 3.5314295), (-4.917208, 115.15299, 3.5397751), (-4.446544, 119.16797, 3.8079996), (-3.9139845, 123.71092, 4.1128), (-3.3814278, 128.25388, 4.4176006), (-3.2267566, 129.57327, 4.505993), (-3.0011005, 131.07225, 4.6070437), (-2.677887, 132.55327, 4.708094), (-2.6243122, 132.76114, 4.7224016), (-2.1914465, 134.2139, 4.824089), (-1.744746, 135.43611, 4.911378), (-1.096176, 137.06705, 5.027202), (0.59404093, 141.31737, 5.3320026), (2.284258, 145.56769, 5.636803), (3.9744747, 149.81802, 5.9416037), (5.6646914, 154.06834, 6.2464046), (6.532038, 156.24944, 6.4018526), (7.247701, 157.88783, 6.5216455), (7.4409842, 158.28452, 6.551205), (8.290204, 159.85785, 6.670437), (9.24235, 161.3711, 6.789669), (9.815125, 162.18454, 6.8560057), (10.024953, 162.46718, 6.8803897), (11.147079, 163.85907, 6.999213), (12.359439, 165.17311, 7.1180367), (12.816887, 165.62592, 7.160806), (14.143242, 166.8248, 7.2797484), (15.032933, 167.54468, 7.355879), (16.332212, 168.55089, 7.4656067), (19.514654, 171.01546, 7.7338314), (24.150991, 174.60597, 7.5598025), (24.30561, 174.72572, 7.553999), (25.15374, 175.30923, 7.5195293), (26.062086, 175.79373, 7.4850593), (26.596935, 176.02104, 7.4656067), (27.576145, 176.33879, 7.4295397), (28.58487, 176.54446, 7.3934727), (29.610315, 176.63544, 7.3574057), (30.639492, 176.61058, 7.3213387), (31.65935, 176.47018, 7.2852716), (32.656963, 176.21605, 7.2492046), (33.619686, 175.85138, 7.2131376), (34.53532, 175.3808, 7.1770735), (34.929726, 175.13547, 7.160806), (35.756584, 174.52219, 7.124739), (36.509262, 173.81984, 7.088672), (37.16866, 173.04987, 7.053157), (-32.768295, -66.49046, -2.1691403), (-32.768295, -62.832855, -2.0350282), (-32.81305, -62.55029, -2.0301514), (-32.942932, -62.295383, -2.0252745), (-33.145226, -62.09309, -2.0203977), (-33.400135, -61.963207, -2.0155208), (-33.682697, -61.918453, -2.010644), (-34.5971, -61.918453, -2.029615), (-34.879665, -61.963207, -2.0355737), (-35.13457, -62.09309, -2.0415325), (-35.33687, -62.295383, -2.0474944), (-35.466747, -62.55029, -2.0534532), (-35.5115, -62.832855, -2.0594122), (-35.5115, -66.49046, -2.1904764), (-32.768295, -66.49046, -2.1691403), (73.530914, 24.416319, 1.5219951), (72.50711, 24.358822, 1.5424594), (71.49618, 24.187057, 1.5629267), (70.51084, 23.903187, 1.583391), (69.56348, 23.510775, 1.6038553), (68.66601, 23.014761, 1.6243197), (67.82971, 22.421381, 1.644787), (67.06512, 21.738098, 1.6652513), (66.381836, 20.973501, 1.644787), (65.78846, 20.13721, 1.6243197), (65.29244, 19.23974, 1.6038553), (64.90003, 18.292377, 1.583391), (64.61616, 17.307034, 1.5629267), (64.4444, 16.296104, 1.5424594), (64.386894, 15.272301, 1.5219951), (64.386894, 11.080729, 1.3695947), (64.386894, 5.142978, 1.1537044), (64.386894, 2.6975842, 1.0647941), (64.386894, -3.2401664, 0.84890383), (64.386894, -5.6855574, 0.7599935), (64.386894, -7.4995904, 0.6929374), (64.386894, -13.437341, 0.4780438), (64.386894, -14.068702, 0.45519286), (64.386894, -20.006453, 0.2393026), (64.386894, -22.451843, 0.15039226), (64.386894, -26.684408, 0.10467218), (64.386894, -32.622158, -0.0589326), (64.386894, -36.087208, -0.15440834), (64.386894, -42.02496, -0.40379316), (64.386894, -43.344364, -0.45920897), (64.386894, -45.928448, -0.5689372), (64.386894, -50.601524, -0.76400954), (64.386894, -56.539276, -1.0133944), (64.386894, -57.85868, -1.0688102), (64.386894, -61.918453, -1.2394985), (61.597694, -61.918453, -1.2675859), (58.56174, -61.918453, -1.2981573), (54.04053, -61.918453, -1.3436855), (51.06888, -61.918453, -1.3736107), (50.82327, -61.918453, -1.4040909), (50.58999, -61.96486, -1.3930418), (50.39222, -62.097004, -1.3819928), (50.26007, -62.294773, -1.3709438), (50.21367, -62.528053, -1.3598948), (8.379786, -87.521706, -2.394693), (8.379786, -83.8641, -2.3276367), (8.3350315, -83.581535, -2.3203216), (8.20515, -83.32663, -2.3130062), (8.002857, -83.12433, -2.305691), (7.747949, -82.994446, -2.2983758), (7.4653835, -82.94969, -2.2910607), (3.8077762, -82.94969, -2.3276367), (3.5252109, -82.994446, -2.3306847), (3.270306, -83.12433, -2.3337326), (3.0680099, -83.32663, -2.3367808), (2.9381282, -83.581535, -2.3398287), (2.8933744, -83.8641, -2.3428767), (2.8933744, -87.521706, -2.4099329), (8.379786, -87.521706, -2.394693), (-65.51135, -63.012787, -2.4425282), (-65.469025, -62.866383, -2.4412756), (-68.622154, -61.902115, -2.4141543), (-71.74425, -60.841686, -2.3870363), (-74.83239, -59.686085, -2.359915), (-77.88367, -58.4364, -2.332797), (-80.895226, -57.093807, -2.3056757), (-82.83398, -56.17, -2.2880125), (-85.77376, -54.67678, -2.2608914), (-86.78789, -54.13502, -2.2514365), (-86.86041, -54.26906, -2.2501838), (-87.99759, -53.644855, -2.2526436), (-87.923454, -53.5117, -2.2514365), (-90.77934, -51.863815, -2.225312), (-93.5834, -50.129196, -2.1991847), (-96.33298, -48.30947, -2.1730602), (-99.02551, -46.40635, -2.1469326), (-101.65847, -44.421623, -2.1208081), (-104.22938, -42.357147, -2.0946805), (-106.73582, -40.214863, -2.068556), (-106.8366, -40.329185, -2.0673492), (-107.804504, -39.46549, -2.0700161), (-107.702354, -39.35239, -2.068556), (-109.186646, -37.986282, -2.049241), (-110.645065, -36.592583, -2.0299258), (-114.14071, -33.188824, -1.983212), (-114.869026, -32.479645, -1.9740679), (-111.17845, -28.68946, -1.7789956), (-110.936714, -28.36385, -1.7680197), (-110.789406, -27.986013, -1.7570409), (-110.74696, -27.582705, -1.7460649), (-110.812386, -27.18248, -1.735086), (-110.98105, -26.81368, -1.7241101), (-111.241, -26.502419, -1.7131312), (-111.85657, -25.93862, -1.6906034), (-111.670044, -25.73497, -1.6784114), (-107.96204, -21.6865, -1.4573852), (-106.55662, -20.152037, -1.3736107), (-102.84862, -16.103573, -1.1525847), (-101.4432, -14.569108, -1.0688102), (-97.73519, -10.52064, -0.847784), (-96.32977, -8.9861765, -0.76400954), (-93.31655, -5.6962833, -0.5841772), (-91.21635, -3.403244, -0.45920897), (-87.50835, 0.6452214, -0.23818278), (-86.10292, 2.179685, -0.15440834), (-82.39492, 6.2281537, 0.066617824), (-80.9895, 7.7626176, 0.15039226), (-77.281494, 11.811086, 0.37141842), (-75.876076, 13.34555, 0.45519286), (-74.77653, 14.546053, 0.522249), (-73.90501, 15.587135, 0.535965), (-73.12961, 16.701654, 0.54968107), (-70.41208, 21.00461, 0.7599935), (-67.67894, 25.33228, 0.97011083), (-67.20065, 26.089607, 1.006882), (-66.45323, 27.273079, 1.0647941), (-63.72009, 31.600746, 1.2752254), (-62.494377, 33.541542, 1.3695947), (-59.761242, 37.869217, 1.4548718), (-57.028103, 42.196884, 1.540149), (-56.730778, 42.66767, 1.549427), (-55.78811, 44.266083, 1.5758442), (-54.94446, 45.9189, 1.6022582), (-54.202953, 47.619987, 1.6286752), (-53.566338, 49.36305, 1.6543639), (-53.144222, 50.74727, 1.6743953), (-52.699875, 52.54896, 1.7018731), (-52.616825, 52.94911, 1.7079234), (-52.12583, 55.121243, 1.7570511), (-51.52965, 57.266895, 1.8061758), (-50.8297, 59.38097, 1.8553036), (-50.027637, 61.458454, 1.9044284), (-49.125366, 63.494423, 1.9535561), (-48.61536, 64.53892, 1.979196), (-47.564766, 66.502464, 2.017424), (-46.419804, 68.41251, 2.0556521), (-45.649734, 69.58857, 2.07978), (-44.356773, 71.40171, 2.0578864), (-42.977055, 73.14975, 2.0359924), (-41.513855, 74.82853, 2.0140986), (-39.970646, 76.43407, 1.9922048), (-39.690098, 76.70969, 1.9883399), (-38.057453, 78.22418, 2.0111694), (-36.352997, 79.65739, 2.033999), (-35.172325, 80.57084, 2.0493), (-33.85211, 81.61632, 2.0904543), (-32.591652, 82.733116, 2.1316085), (-31.394802, 83.91783, 2.1727657), (-30.265203, 85.16683, 2.2139199), (-29.206312, 86.47631, 2.255074), (-28.506227, 87.430595, 2.2839966), (-28.221361, 87.84228, 2.2961886), (-28.097794, 88.107056, 2.304723), (-28.064058, 88.39729, 2.3132575), (-28.123596, 88.68336, 2.321792), (-28.27033, 88.936035, 2.3303263), (-28.489277, 89.129524, 2.3388608), (-32.082924, 91.399086, 2.3876288), (-29.446278, 95.573975, 2.5649343), (-29.091442, 96.13582, 2.588797), (-26.454794, 100.31071, 2.7673798), (-25.491308, 101.8363, 2.8326375), (-24.58289, 103.2747, 2.8935978), (-21.946241, 107.44958, 3.0718482), (-20.074335, 110.41357, 3.1983984), (-18.899689, 112.27351, 3.2776465), (-15.308617, 110.00558, 3.2349744), (-15.0364485, 109.8902, 3.232536), (-14.7416935, 109.867676, 3.2300975), (-14.45516, 109.94038, 3.2276592), (-14.20679, 110.100685, 3.225221), (-14.022544, 110.331856, 3.2227824), (-13.477747, 111.40127, 3.281295), (-13.01879, 112.51023, 3.3398106), (-12.648521, 113.65187, 3.3983233), (-12.369239, 114.81911, 3.4568388), (-12.213726, 115.7573, 3.5031989), (-12.182671, 116.0047, 3.515391), (-11.636672, 120.662315, 3.8079996), (-11.07319, 125.46908, 4.1101303), (-11.0682125, 125.51153, 4.1128), (-10.504727, 130.3183, 4.414931), (-10.49975, 130.36075, 4.4176006), (-10.492222, 130.42499, 4.4206486), (-10.265002, 132.00449, 4.529481), (-9.955434, 133.56992, 4.63831), (-9.660363, 134.76715, 4.7224016), (-9.207036, 136.29715, 4.8113513), (-8.674253, 137.80133, 4.9003015), (-8.542205, 138.13924, 4.9205217), (-7.9064426, 139.73796, 5.027202), (-6.102282, 144.27483, 5.3320026), (-4.2981186, 148.81169, 5.636803), (-2.493958, 153.34854, 5.9416037), (-0.6897975, 157.88539, 6.2464046), (-0.2654206, 158.95256, 6.3195567), (0.5373785, 160.80916, 6.447079), (1.2735177, 162.28772, 6.551205), (2.2711453, 164.04732, 6.6874113), (3.3712347, 165.74474, 6.8236175), (3.6474786, 166.13855, 6.8560057), (4.1801085, 166.86606, 6.898678), (5.4437904, 168.44548, 7.0286994), (6.7987967, 169.94728, 7.1587186), (6.8212667, 169.97072, 7.160806), (8.264193, 171.38826, 7.2786055), (9.78854, 172.71786, 7.3964047), (10.553901, 173.32832, 7.453415), (10.691451, 173.43486, 7.4656067), (14.55166, 176.42432, 7.7704077), (15.014883, 176.78305, 7.8069835), (19.642284, 180.36665, 7.792274), (19.808702, 180.49553, 7.7917438), (20.584633, 181.16948, 7.789159), (21.28003, 181.92625, 7.7865744), (21.88611, 182.75629, 7.7839894), (22.395218, 183.6491, 7.7814045), (22.80092, 184.59338, 7.77882), (23.098091, 185.57724, 7.776235), (23.28298, 186.58823, 7.7736506), (23.353249, 187.61359, 7.7710657), (23.308008, 188.64034, 7.7684813), (23.147833, 189.65553, 7.7658963), (22.874743, 190.64635, 7.763312), (22.492191, 191.60025, 7.760727), (22.00501, 192.5052, 7.7581425), (21.419353, 193.34978, 7.7555575), (8.379786, -66.49046, -1.8064276), (2.8933744, -66.49046, -1.8612918), (2.8933744, -62.832855, -1.7363235), (2.9381282, -62.55029, -1.7283987), (3.0680099, -62.295383, -1.7204739), (3.270306, -62.09309, -1.7125491), (3.5252109, -61.963207, -1.7046243), (3.8077762, -61.918453, -1.6966994), (5.970401, -61.918453, -1.6784114), (7.4653835, -61.918453, -1.6662194), (7.747949, -61.963207, -1.6714162), (8.002857, -62.09309, -1.6766161), (8.079874, -62.155704, -1.6784114), (8.2590475, -62.378735, -1.6841538), (8.360538, -62.646217, -1.6898932), (8.379786, -62.832855, -1.6936514), (8.379786, -66.49046, -1.8064276), (48.689667, -62.528053, -1.3598948), (48.643265, -62.294773, -1.3709438), (48.51112, -62.097004, -1.3819928), (48.31335, -61.96486, -1.3930418), (48.080067, -61.918453, -1.4040909), (46.099625, -61.918453, -1.4223789), (45.16434, -61.97607, -1.4463819), (44.243206, -62.14805, -1.470385), (43.35014, -62.43178, -1.494388), (42.498653, -62.82299, -1.518391), (41.701626, -63.31575, -1.5423942), (40.9711, -63.902615, -1.5663972), (40.31813, -64.5747, -1.5904002), (39.752594, -65.32185, -1.6144032), (37.94669, -68.04018, -1.6784114), (34.79671, -72.781654, -1.7927116), (31.646734, -77.52314, -1.9070088), (30.30266, -79.546295, -1.9557799), (29.737122, -80.29345, -1.9691728), (29.084154, -80.96554, -1.9825659), (29.050594, -80.995895, -1.983212), (28.77192, -81.2346, -1.983212), (28.31841, -81.57714, -1.983212), (27.518612, -82.06539, -2.0078216), (26.66493, -82.45178, -2.0324311), (25.770279, -82.73047, -2.0570407), (24.848185, -82.89724, -2.0816505), (23.95563, -82.94969, -2.1051323), (23.010214, -82.94969, -2.11844), (22.72765, -82.994446, -2.1224844), (22.472744, -83.12433, -2.1265292), (22.270449, -83.32663, -2.130574), (22.140566, -83.581535, -2.1346157), (22.095814, -83.8641, -2.1386602), (22.095814, -88.13131, -2.2758205), (20.844994, -88.13131, -2.2880125), (14.748981, -88.13131, -2.3491282), (8.652969, -88.13131, -2.4102407), (8.379786, -88.13131, -2.4129808), (2.8933744, -88.13131, -2.428221), (-3.2026377, -88.13131, -2.5011413), (-9.29865, -88.13131, -2.5740588), (-10.866423, -88.13131, -2.5928133), (-16.962435, -88.13131, -2.6657734), (-23.058447, -88.13131, -2.7387304), (-29.154459, -88.13131, -2.8116906), (-32.768295, -88.13131, -2.8549418), (-32.768295, -84.4737, -2.7421656), (-32.820225, -84.07926, -2.7350545), (-32.972473, -83.7117, -2.7279406), (-33.214664, -83.396065, -2.7208295), (-33.5303, -83.15388, -2.7137184), (-33.897858, -83.001625, -2.7066045), (-34.2923, -82.94969, -2.6994934), (-35.58393, -82.94969, -2.7086375), (-35.58393, -80.32612, -2.5928133), (-35.58393, -76.66851, -2.4312294), (-35.58393, -75.63448, -2.3855488), (-34.2923, -75.63448, -2.3764048), (-33.897858, -75.58255, -2.3677697), (-33.5303, -75.430305, -2.3591318), (-33.214664, -75.18811, -2.3504968), (-32.972473, -74.87248, -2.3418617), (-32.820225, -74.50492, -2.3332236), (-32.768295, -74.11048, -2.3245888), (-32.768295, -72.315475, -2.2880125), (-32.768295, -70.45287, -2.2483885), (-26.824684, -70.45287, -2.1975935), (-20.881073, -70.45287, -2.1467955), (-14.937461, -70.45287, -2.0960004), (-8.99385, -70.45287, -2.0452023), (-3.0502374, -70.45287, -1.9944073), (-1.7403264, -70.45287, -1.983212), (2.8933744, -70.45287, -1.9435879), (2.8933744, -72.434074, -1.983212), (2.8933744, -74.72008, -2.0350282), (2.9381282, -75.00265, -2.0350282), (3.0680099, -75.25755, -2.0350282), (3.270306, -75.45985, -2.0350282), (3.5252109, -75.58973, -2.0350282), (3.8077762, -75.63448, -2.0350282), (7.4653835, -75.63448, -1.9984521), (7.747949, -75.58973, -1.9937093), (8.002857, -75.45985, -1.9889697), (8.20515, -75.25755, -1.984227), (8.239611, -75.206604, -1.983212), (8.35206, -74.94354, -1.9780914), (8.379786, -74.72008, -1.9740679), (8.379786, -70.45287, -1.8826278), (12.951795, -70.45287, -1.8379227), (17.523804, -70.45287, -1.7932206), (22.095814, -70.45287, -1.7485155), (22.095814, -74.72008, -1.8338597), (22.138725, -74.99692, -1.8374168), (22.263437, -75.247765, -1.8409708), (22.458239, -75.44909, -1.8445277), (22.70485, -75.581985, -1.8480847), (22.980122, -75.63399, -1.8516387), (23.258219, -75.60021, -1.8551958), (23.763065, -75.40823, -1.8437657), (24.226105, -75.130165, -1.8323357), (24.632788, -74.77473, -1.8209057), (24.970354, -74.353096, -1.8094757), (27.528076, -70.503105, -1.7055234), (28.19519, -69.49893, -1.6784114), (30.085798, -66.65311, -1.6022112), (30.365786, -66.12608, -1.5894644), (30.53771, -65.5546, -1.5767177), (30.59499, -64.96057, -1.563974), (30.53542, -64.366776, -1.5512272), (30.361286, -63.79596, -1.5384805), (30.079266, -63.270023, -1.5257337), (29.70017, -62.809113, -1.5129869), (29.238531, -62.430912, -1.5002402), (28.71205, -62.149906, -1.4874965), (28.140902, -61.97688, -1.4747497), (27.546986, -61.918453, -1.462003), (25.75342, -61.918453, -1.474195), (25.470854, -61.963207, -1.4821198), (25.21595, -62.09309, -1.4900446), (25.013655, -62.295383, -1.4979694), (24.883772, -62.55029, -1.5058943), (24.839018, -62.832855, -1.5138191), (24.839018, -67.10007, -1.6601233), (22.937788, -67.10007, -1.6784114), (16.895494, -67.10007, -1.7391337), (10.853197, -67.10007, -1.7998592), (8.379786, -67.10007, -1.8247157), (2.8933744, -67.10007, -1.8795798), (-3.1489196, -67.10007, -1.9312984), (-9.191214, -67.10007, -1.98302), (-9.21376, -67.10007, -1.983212), (-15.256054, -67.10007, -2.035598), (-21.298347, -67.10007, -2.087984), (-27.340645, -67.10007, -2.1403701), (-32.768295, -67.10007, -2.1874285), (-35.5115, -67.10007, -2.2087646), (-35.58393, -67.10007, -2.2093163), (-38.80433, -67.05186, -2.2338433), (-42.021847, -66.90729, -2.2583706), (-45.233593, -66.66647, -2.282898), (-45.902397, -66.60414, -2.2880125), (-49.103333, -66.24732, -2.3125398), (-52.292152, -65.79485, -2.3370671), (-55.466003, -65.24714, -2.3615944), (-58.622036, -64.604675, -2.3861217), (-61.757427, -63.868034, -2.410649), (-64.22246, -63.21869, -2.4300618), (-64.26302, -63.365593, -2.43122), (50.793705, -61.918453, -1.4040909), (48.110546, -61.918453, -1.4040909), (-80.86161, -11.419478, -0.3582986), (-78.63546, -8.912189, 0.04676006), (-76.64069, -10.581886, 0.07586242), (-74.58124, -12.171099, 0.104964785), (-72.46032, -13.677322, 0.13406715), (-71.24501, -14.484971, 0.15039226), (-70.18118, -15.160549, 0.15039226), (-69.1102, -15.812195, 0.15039226), (-66.84909, -17.098417, 0.17299628), (-64.53872, -18.293888, 0.19559725), (-62.18272, -19.396723, 0.21820126), (-59.78481, -20.405184, 0.24080527), (-57.348763, -21.317684, 0.26340625), (-54.87842, -22.132784, 0.28601027), (-53.69972, -22.483845, 0.29669657), (-54.611588, -25.710304, -0.5872252), (-57.22816, -24.901642, -0.56633115), (-59.810524, -23.989609, -0.54543704), (-62.354595, -22.975649, -0.5245399), (-64.856346, -21.861366, -0.50364584), (-67.31183, -20.648518, -0.48275176), (-69.71716, -19.339027, -0.46185768), (-70.01821, -19.166283, -0.45920897), (-72.36249, -17.750385, -0.43856785), (-74.64863, -16.24242, -0.4179298), (-76.873024, -14.644778, -0.3972887), (-79.03215, -12.959977, -0.37664762), (-80.86161, -11.419478, -0.35862476), (73.530914, 31.731533, 1.4427469), (72.50711, 31.789028, 1.4839742), (71.49618, 31.960793, 1.5252016), (70.51084, 32.244667, 1.5664319), (69.56348, 32.637074, 1.6076592), (68.66601, 33.13309, 1.6488866), (68.14068, 33.489185, 1.6743953), (67.34756, 34.139145, 1.7163206), (67.06512, 34.40975, 1.7323074), (66.381836, 35.174347, 1.773236), (65.78846, 36.01064, 1.8141617), (65.29244, 36.908108, 1.8550903), (64.90003, 37.855473, 1.8960189), (64.61616, 38.840816, 1.9369445), (64.4444, 39.851746, 1.9778731), (64.44074, 39.88471, 1.979196), (64.386894, 40.875553, 2.01882), (64.386894, 46.63352, 2.1239762), (64.386894, 52.391487, 2.2291324), (64.386894, 55.52543, 2.2839966), (64.386894, 61.283394, 2.3824046), (64.386894, 63.907425, 2.4272528), (64.441635, 66.005424, 2.5223536), (64.54477, 67.46814, 2.588797), (64.78497, 69.55307, 2.6831481), (65.13356, 71.62263, 2.7774992), (65.58959, 73.6712, 2.8718503), (65.70982, 74.13983, 2.8935978), (66.29633, 76.15493, 2.9877963), (66.98713, 78.136696, 3.081995), (67.039986, 78.27571, 3.0886703), (67.840355, 80.21582, 3.1833565), (67.97676, 80.520065, 3.1983984), (68.89289, 82.40827, 3.2928257), (69.906235, 84.24613, 3.3872528), (71.01403, 86.028656, 3.4816802), (71.2794, 86.426636, 3.5031989), (72.49904, 88.13459, 3.597675), (73.806076, 89.77662, 3.692151), (74.64933, 90.74906, 3.7500875), (75.508, 91.70785, 3.8079996), (78.85925, 95.44984, 4.0340457), (80.0268, 96.75352, 4.1128), (81.6592, 98.57624, 4.2225285), (84.107796, 101.31034, 4.1128), (84.70308, 101.97502, 4.085368), (85.47973, 102.76663, 4.057936), (86.3251, 103.48439, 4.030504), (87.23219, 104.12237, 4.003072), (-124.549644, -33.901825, -2.6232932), (-125.102905, -34.54935, -2.793433), (-125.56751, -35.263165, -2.9635727), (-125.93562, -36.031204, -3.1337123), (-126.05544, -36.35378, -3.2024145), (-126.277985, -37.175884, -3.2831652), (-126.39203, -38.019917, -3.3639162), (-126.395645, -38.871605, -3.44467), (-126.28878, -39.71657, -3.525421), (-126.14479, -40.311275, -3.5834153), (-125.853325, -41.11155, -3.6030657), (-125.46053, -41.867264, -3.622713), (-124.973045, -42.565655, -3.6423635), (-124.473434, -43.122234, -3.6596153), (-121.82957, -45.79481, -3.7683742), (-119.108574, -48.388813, -3.8771334), (-117.65754, -49.711647, -3.9339359), (-114.82362, -52.181786, -3.9125297), (-111.91858, -54.56787, -3.8911235), (-108.94491, -56.867855, -3.8697205), (-105.90515, -59.07977, -3.8483143), (-102.80192, -61.20171, -3.826908), (-100.60678, -62.624023, -3.8120158), (-97.40202, -64.58928, -3.51268), (-94.85677, -66.06012, -3.2786145), (-94.70751, -65.79488, -3.2176545), (-97.948975, -63.90774, -3.2210865), (-100.4237, -62.379486, -3.2237506), (-103.56269, -60.326412, -3.2119882), (-106.640205, -58.1823, -3.200226), (-109.65362, -55.94898, -3.1884668), (-112.600334, -53.628372, -3.1767044), (-115.47783, -51.22247, -3.1649423), (-117.452934, -49.485657, -3.1566944), (-120.20703, -46.939426, -3.1748116), (-122.88538, -44.313633, -3.1929321), (-124.25611, -42.908485, -3.2024145), (-124.79429, -42.29995, -3.159919), (-125.24898, -41.626736, -3.1174238), (-125.61247, -40.900223, -3.0749254), (-125.85044, -40.23189, -3.037822), (-126.027885, -39.439133, -3.0082655), (-126.10099, -38.630054, -2.978712), (-126.068504, -37.81833, -2.9491556), (-125.93098, -37.01768, -2.919599), (-125.76186, -36.43733, -2.8976138), (-125.44776, -35.68813, -2.8111205), (-125.039116, -34.98602, -2.7246273), (-124.54283, -34.342857, -2.638131), (-124.33127, -34.114464, -2.6050053), (-124.549644, -33.901825, -2.6232932), (-108.23632, -68.383026, -6.2626123), (-103.183075, -71.683975, -6.1396775), (-98.12982, -74.984924, -6.016739), (-93.07658, -78.28588, -5.8938036), (-91.99155, -78.93855, -5.818256), (-90.86111, -79.50898, -5.742708), (-89.69148, -79.99402, -5.66716), (-88.48912, -80.391, -5.5916123), (-87.26063, -80.69775, -5.5160646), (-86.01278, -80.91256, -5.4405165), (-85.94776, -80.92128, -5.436603), (-82.652504, -81.363396, -4.927586), (-82.612785, -81.067345, -4.866626), (-85.956085, -80.61878, -5.031218), (-85.97306, -80.61651, -5.0317974), (-87.199066, -80.40546, -5.073948), (-88.40605, -80.10408, -5.116096), (-89.58737, -79.71404, -5.1582437), (-90.73653, -79.237495, -5.2003946), (-91.847176, -78.67705, -5.2425423), (-92.90114, -78.04368, -5.2842026), (-92.913216, -78.0358, -5.284931), (-97.96646, -74.73485, -5.589488), (-103.019714, -71.4339, -5.8940477), (-108.07296, -68.13295, -6.1986046), (-108.23632, -68.383026, -6.2626123), (91.94227, 58.117085, 1.2483755), (96.51428, 58.117085, 1.1601357), (101.08629, 58.117085, 1.071896), (101.45422, 58.117085, 1.0647941), (106.02624, 58.117085, 0.97655433), (110.23031, 58.117085, 0.8954164), (110.23031, 54.24788, 0.7599935), (110.23031, 48.3212, 0.55255836), (110.23031, 45.53929, 0.45519286), (110.23031, 39.612614, 0.24775778), (110.23031, 36.8307, 0.15039226), (110.23031, 30.904024, -0.057042833), (110.23031, 28.122112, -0.15440834), (110.23031, 22.195435, -0.36184344), (110.23031, 19.413523, -0.45920897), (110.23031, 13.486846, -0.66664404), (110.23031, 10.704937, -0.76400954), (110.23031, 4.778257, -0.97144467), (110.23031, 1.9963477, -1.0688102), (110.23031, -3.9303327, -1.2762452), (110.23031, -6.7122416, -1.3736107), (110.23031, -12.638922, -1.5810459), (110.23031, -15.420831, -1.6784114), (110.23031, -21.347507, -1.8858465), (110.23031, -24.12942, -1.983212), (110.23031, -30.056097, -2.1906471), (110.23031, -32.83801, -2.2880125), (110.23031, -38.764687, -2.4954476), (110.23031, -41.5466, -2.5928133), (110.23031, -47.473274, -2.8002484), (110.23031, -48.563126, -2.838391), (105.6583, -48.563126, -2.7501514), (101.08629, -48.563126, -2.6619115), (97.506035, -48.563126, -2.5928133), (92.93402, -48.563126, -2.5045733), (91.94227, -48.563126, -2.485432), (91.94227, -42.922554, -2.2880125), (91.94227, -36.840935, -2.075155), (91.94227, -34.213966, -1.983212), (91.94227, -28.132345, -1.7703545), (91.94227, -25.505375, -1.6784114), (91.94227, -19.423756, -1.4655539), (91.94227, -16.79679, -1.3736107), (91.94227, -10.715167, -1.1607533), (91.94227, -8.0882, -1.0688102), (91.94227, -2.0065775, -0.8559527), (91.94227, 0.6203893, -0.76400954), (91.94227, 6.7020087, -0.55115205), (91.94227, 9.328979, -0.45920897), (91.94227, 15.410598, -0.24635145), (91.94227, 18.037567, -0.15440834), (91.94227, 24.119188, 0.058449164), (91.94227, 24.416319, 0.06884896), (91.94227, 26.746157, 0.15039226), (91.94227, 31.731533, 0.32488146), (-1.3738341, 79.05183, 2.2277122), (31.952532, 65.60002, 2.248015), (13.561396, 79.05183, 2.3173234), (2.8933744, 79.05183, 2.2533152), (-4.1170397, 79.05183, 2.211253), (-5.641, 79.059326, 2.2023435), (-8.381627, 79.17171, 2.1853356), (-12.62482, 79.613846, 2.1608174), (-15.329742, 80.068886, 2.1448793), (-31.39562, 70.87847, 1.9182358), (1.3693714, 79.05183, 2.2441714), (-11.113415, 79.418686, 2.1690502), (26.606777, 78.46786, 2.3957243), (23.721302, 78.742805, 2.377799), (22.115091, 78.858116, 2.3682435), (19.21993, 78.99815, 2.3504004), (15.999801, 79.05183, 2.3319538), (-125.702805, -59.94048, -6.555221), (-124.10666, -58.2667, -6.2504206), (-123.229324, -56.719566, -5.94562), (-122.91866, -55.272266, -5.6408195), (-121.87057, -54.1027, -5.3360186), (-123.54837, -53.05399, -5.3360186), (-126.445175, -51.15513, -5.3360186), (-126.89478, -50.80564, -5.3360186), (-128.12952, -49.754017, -5.3360186), (-129.17477, -48.96363, -5.3360186), (-129.6197, -48.17988, -5.3360186), (-130.29947, -47.397648, -5.3360186), (-130.48538, -47.131115, -5.3360186), (-130.74408, -46.828667, -5.3360186), (-131.20905, -46.201218, -5.3360186), (-133.4897, -44.97906, -5.6408195), (-133.87126, -44.35336, -5.6408195), (-134.38261, -43.654224, -5.6408195), (-134.82393, -42.961452, -5.6408195), (-135.14105, -42.543293, -5.6408195), (-135.22546, -42.490604, -5.6408195), (-135.53531, -42.086388, -5.6408195), (-136.05844, -41.503284, -5.6408195), (-135.97487, -38.95876, -5.3360186), (-134.65636, -37.519196, -5.031218), (-133.76344, -36.544296, -4.7264175), (-132.89241, -35.59328, -4.421617), (-132.02136, -34.642265, -4.116816), (-131.15033, -33.691246, -3.8120158), (-130.2793, -32.74023, -3.507215), (-129.18648, -31.547081, -3.2024145), (-128.06903, -30.327028, -2.8976138), (-126.95599, -29.111794, -2.5928133), (-123.89082, -25.765184, -2.2880125), (-121.33307, -22.97258, -2.1356122), (-118.775314, -20.179977, -1.983212), (-116.02743, -17.179781, -1.6784114), (-113.391624, -14.301959, -1.3736107), (-111.38003, -12.105662, -1.0688102), (-109.64477, -10.211073, -0.76400954), (-107.90951, -8.3164835, -0.45920897), (-106.17425, -6.4218936, -0.15440834), (-104.124504, -4.183949, 0.15039226), (-100.94998, -0.7179481, 0.45519286), (-97.03499, 3.3215308, 0.7599935), (-96.77117, 3.8445516, 0.7599935), (-93.35614, 7.573152, 1.0647941), (-89.93914, 11.303893, 1.3695947), (-86.75029, 14.8932905, 1.4711949), (-83.56144, 18.482687, 1.5727952), (-80.37259, 22.072084, 1.6743953), (-77.93975, 25.924257, 1.979196), (-75.82026, 28.161959, 2.2839966), (-75.60175, 28.545513, 2.2839966), (-75.25772, 29.239878, 2.2839966), (-73.89899, 32.322426, 2.2839966), (-71.6716, 35.7386, 2.4363968), (-69.444214, 39.15478, 2.588797), (-69.29274, 39.61599, 2.588797), (-67.42354, 42.575695, 2.7411973), (-65.554344, 45.535397, 2.8935978), (-62.919758, 48.492653, 3.1983984), (-61.186672, 52.20859, 3.1983984), (-60.479214, 53.570744, 3.1983984), (-60.479034, 53.571674, 3.1983984), (-56.834, 57.91621, 3.1983984), (-53.188965, 62.26075, 3.1983984), (-54.547657, 62.96345, 3.5031989), (-53.050777, 64.74629, 3.5031989), (-50.99012, 67.87093, 3.5031989), (-48.31176, 72.01449, 3.5031989), (-45.6334, 76.158035, 3.5031989), (-44.300568, 79.18877, 3.8079996), (-40.81516, 83.800835, 3.8079996), (-40.694588, 83.96038, 3.8079996), (-39.15621, 86.154625, 3.8079996), (-38.790882, 87.079895, 3.8079996), (-38.17707, 88.88475, 3.8079996), (-38.04446, 89.09473, 3.8079996), (-36.761555, 90.72427, 3.8079996), (-34.883907, 94.09917, 4.1128), (-33.187634, 96.78506, 4.2652006), (-31.491362, 99.47095, 4.4176006), (-29.180132, 102.25822, 4.4176006), (-26.868904, 105.04549, 4.4176006), (-25.144459, 107.69436, 4.4176006), (-24.64105, 110.31778, 4.4176006), (-23.347254, 112.36639, 4.4176006), (-23.169159, 112.56247, 4.4176006), (-22.51584, 113.41064, 4.4176006), (-21.893738, 114.04008, 4.4176006), (-21.525759, 114.3778, 4.4176006), (-20.887985, 116.26041, 4.7224016), (-18.57989, 121.55879, 5.027202), (-17.87317, 122.68908, 5.027202), (-17.7569, 122.77365, 5.027202), (-17.1838, 123.73036, 5.027202), (-16.276278, 125.89214, 5.027202), (-15.797725, 126.81424, 5.027202), (-13.606931, 130.6836, 5.027202), (-13.58175, 130.72665, 5.027202), (-11.225716, 134.7569, 5.027202), (-13.235369, 134.99846, 5.3320026), (-11.552559, 137.84177, 5.3320026), (-11.225716, 138.32407, 5.3320026), (-9.856019, 143.49638, 5.636803), (-8.498947, 146.90897, 5.7892036), (-7.141875, 150.32155, 5.9416037), (-6.79106, 150.75035, 5.9416037), (-5.5794845, 154.02374, 6.094004), (-4.3679094, 157.29713, 6.2464046), (-2.8034976, 161.23111, 6.3988047), (-1.2390856, 165.16507, 6.551205), (0.11961659, 168.58176, 6.703605), (1.4783187, 171.99843, 6.8560057), (3.1626155, 176.23387, 7.160806), (4.5359797, 179.68741, 7.4656067), (5.909344, 183.14096, 7.7704077), (7.2484226, 186.5083, 8.075208), (7.955198, 188.2856, 8.380009), (8.661973, 190.0629, 8.68481), (9.8626, 193.24785, 8.83721), (11.063228, 196.43279, 8.98961), (9.925327, 198.73627, 8.98961), (9.38015, 199.59792, 8.98961), (8.659639, 201.22142, 8.98961), (8.233214, 201.20871, 8.98961), (8.4831085, 201.61201, 8.98961), (7.968705, 202.69505, 8.98961), (7.9682045, 202.69612, 8.989668), (6.068098, 205.11516, 9.142039), (4.167992, 207.5342, 9.294411), (2.3857586, 206.78578, 9.294411), (1.9995337, 208.04794, 9.294411), (0.90075266, 211.6387, 9.294411), (2.7784982, 213.18924, 9.294411), (3.694098, 213.9122, 9.294411), (5.7336917, 213.20648, 8.98961), (8.545362, 209.60278, 8.83721), (11.357033, 205.99908, 8.68481), (12.425833, 203.71103, 8.68481), (14.703103, 201.25134, 8.532409), (16.980373, 198.79167, 8.380009), (17.173285, 198.36815, 8.380009), (19.296318, 195.85896, 8.067783), (21.419353, 193.34978, 7.7555585), (22.00501, 192.5052, 7.7581434), (22.492191, 191.60025, 7.760728), (24.931288, 188.45575, 7.7704077), (27.410814, 185.09834, 7.618007), (29.890343, 181.74094, 7.4656067), (32.48319, 178.58762, 7.3132067), (35.076035, 175.4343, 7.160806), (35.4435, 175.30637, 7.160806), (37.168663, 173.04985, 7.053158), (39.71978, 169.71298, 6.8560057), (41.958134, 166.81932, 6.703605), (44.196484, 163.92564, 6.551205), (46.84287, 160.51845, 6.3988047), (49.48909, 157.11145, 6.2464046), (49.48925, 157.11125, 6.2464046), (51.787247, 154.1526, 6.094004), (54.08508, 151.19415, 5.9416037), (54.08524, 151.19394, 5.9416037), (56.080196, 148.62544, 5.7892036), (58.075157, 146.05696, 5.636803), (60.350533, 143.10033, 5.484403), (62.625908, 140.14369, 5.3320026), (65.86157, 136.07603, 5.1486144), (69.09724, 132.00838, 4.9652257), (72.3329, 127.94073, 4.7818375), (75.568565, 123.87307, 4.598449), (78.80423, 119.80542, 4.415061), (82.039894, 115.73777, 4.2316723), (86.05808, 112.16916, 4.070128), (90.07626, 108.600555, 3.9085839), (87.23219, 104.12237, 4.003072), (87.31411, 103.99386, 4.1554723), (87.477936, 103.736824, 4.003072), (87.48612, 103.723976, 4.1554723), (87.54006, 98.58366, 3.8293357), (87.594, 93.44333, 3.5031989), (84.27249, 89.18985, 3.1983984), (80.68176, 84.82336, 2.8935978), (78.30532, 81.8884, 2.7411973), (75.92887, 78.95344, 2.588797), (74.54715, 77.38322, 2.588797), (73.4705, 74.4783, 2.4363968), (72.39384, 71.57339, 2.2839966), (72.05945, 70.95863, 2.2839966), (71.54418, 69.91454, 2.2839966), (71.22936, 65.05399, 1.979196), (70.91846, 63.975903, 1.979196), (72.05753, 59.670567, 1.6743953), (76.46129, 60.42741, 1.6743953), (80.33046, 61.13024, 1.6743953), (84.19964, 61.833076, 1.6743953), (86.46145, 62.200443, 1.6743953), (89.929634, 63.273495, 1.979196), (90.745735, 63.528202, 1.979196), (91.100746, 63.590378, 1.979196), (91.94227, 63.662216, 1.979196), (96.816696, 63.267097, 1.979196), (100.179214, 63.63657, 1.8267956), (103.541725, 64.00604, 1.6743953), (107.064156, 63.722866, 1.6743953), (110.586586, 63.439686, 1.6743953), (111.39928, 63.33043, 1.6743953), (112.14129, 63.086857, 1.6743953), (112.743835, 62.827457, 1.6743953), (116.18603, 60.987213, 1.3695947), (116.32704, 60.70042, 1.3695947), (116.58539, 59.97106, 1.3695947), (116.77504, 59.079605, 1.3695947), (116.8516, 58.13464, 1.3695947), (117.52562, 53.981827, 1.0647941), (117.65077, 50.478935, 0.9123938), (117.775925, 46.976044, 0.7599935), (117.87159, 43.27253, 0.6075932), (117.967255, 39.569016, 0.45519286), (118.36181, 33.544464, 0.15039226), (118.553314, 30.492931, -0.0020080362), (118.74482, 27.441399, -0.15440834), (118.82344, 23.621895, -0.30680865), (118.902054, 19.80239, -0.45920897), (118.98064, 15.98268, -0.6116093), (119.05922, 12.162972, -0.76400954), (119.142166, 8.372929, -0.91640985), (119.22511, 4.5828853, -1.0688102), (119.32063, 0.8783935, -1.2212105), (119.41615, -2.8260982, -1.3736107), (119.40243, -2.9194427, -1.3736107), (119.52258, -6.4563828, -1.5260111), (119.64273, -9.993322, -1.6784114), (119.75807, -13.562964, -1.8308117), (119.87342, -17.132607, -1.983212), (119.98026, -20.76009, -2.1356122), (120.087105, -24.387575, -2.2880125), (119.97972, -25.119482, -2.2880125), (120.06374, -28.901464, -2.440413), (120.14777, -32.68345, -2.5928133), (119.29804, -38.457626, -2.5928133), (119.75035, -44.095585, -2.8976138), (119.10202, -48.531994, -2.8976138), (119.08888, -48.919575, -2.8976138), (118.87671, -50.326904, -2.8976138), (118.484955, -51.648094, -2.8976138), (117.98991, -52.729355, -2.8976138), (117.477615, -53.57276, -2.8976138), (115.95903, -56.93071, -3.2024145), (115.09911, -57.457382, -3.2024145), (114.57129, -57.728016, -3.2024145), (113.57577, -58.134453, -3.2024145), (113.076866, -58.29185, -3.2024145), (112.04871, -58.537617, -3.2024145), (111.659935, -58.600082, -3.2024145), (111.22456, -58.65497, -3.2024145), (106.29551, -58.397346, -3.050014), (101.36645, -58.139725, -2.8976138), (96.702415, -58.518074, -2.8976138), (92.038376, -58.896423, -2.8976138), (91.47304, -58.880352, -2.8976138), (90.67465, -58.820484, -2.8976138), (90.11152, -58.734333, -2.8976138), (89.359314, -58.5722, -2.8976138), (88.791275, -58.41153, -2.8976138), (88.157074, -58.18915, -2.8976138), (84.19294, -59.44023, -2.848256), (80.228806, -60.69131, -2.7988985), (76.26467, -61.942387, -2.7495408), (76.28014, -62.169304, -2.757546), (76.42076, -65.93848, -2.8672385), (76.4254, -66.63247, -2.8869252), (76.388336, -67.042946, -2.8976138), (76.36543, -67.29664, -2.9042196), (76.2184, -67.99514, -2.920392), (75.99875, -68.62407, -2.932858), (76.08003, -69.352104, -2.9553454), (76.0914, -70.082794, -2.9762294), (76.03269, -70.81105, -2.9953618), (75.903755, -71.53183, -3.0125952), (75.70539, -72.23707, -3.0277257), (75.44003, -72.917755, -3.040554), (75.10963, -73.56903, -3.0509915), (74.71609, -74.18611, -3.0589488), (74.43135, -74.632965, -3.0722136), (74.35337, -74.73839, -3.075027), (74.30779, -74.80001, -3.0761626), (74.24852, -74.880135, -3.078936), (74.24311, -74.88745, -3.0791893), (74.11661, -75.05848, -3.0841238), (73.91382, -75.29606, -3.0902104), (73.84863, -75.37243, -3.09185), (73.844376, -75.37741, -3.0919461), (73.8177, -75.40866, -3.0931497), (73.81623, -75.410385, -3.093216), (73.81322, -75.41391, -3.0933135), (73.773735, -75.46017, -3.0945902), (73.40399, -75.83662, -3.103787), (73.35893, -75.87648, -3.1046152), (73.32928, -75.90271, -3.1048257), (73.3262, -75.905426, -3.1049094), (73.26469, -75.959854, -3.1064098), (73.25053, -75.97238, -3.1067553), (73.00861, -76.18639, -3.1111674), (72.845406, -76.31148, -3.1140082), (72.763145, -76.37451, -3.11469), (72.697525, -76.424805, -3.116253), (72.58887, -76.50808, -3.1177313), (72.16888, -76.78518, -3.1225526), (72.15368, -76.795204, -3.122687), (72.15319, -76.795525, -3.12269), (72.14992, -76.79769, -3.122761), (72.148346, -76.79873, -3.122774), (72.14651, -76.799934, -3.1227903), (72.14251, -76.802185, -3.1228166), (71.68551, -77.05924, -3.1259663), (71.572205, -77.1128, -3.1266136), (71.503746, -77.145164, -3.126296), (71.40626, -77.191246, -3.1272547), (71.20795, -77.28499, -3.1278982), (70.82575, -77.43701, -3.1283932), (70.11976, -77.6565, -3.1267173), (66.304016, -78.181404, -3.092168), (65.427124, -78.29858, -3.083546), (65.07368, -78.34581, -3.0800705), (64.66413, -82.14028, -3.1884499), (64.61136, -82.629196, -3.2024145), (64.31372, -85.37872, -3.2800863), (59.72776, -86.973595, -3.2024145), (56.77701, -89.42672, -3.3548148), (53.826267, -91.879845, -3.507215), (52.954723, -96.06145, -3.6088152), (52.08318, -100.24305, -3.7104154), (51.211636, -104.424644, -3.8120158), (46.982788, -103.79406, -3.8120158), (42.753937, -103.16347, -3.8120158), (41.888176, -104.12935, -3.8881202), (41.095337, -104.96366, -3.955649), (40.25158, -105.74644, -4.0231776), (40.023407, -105.94186, -4.040616), (39.360245, -106.47458, -4.040616), (38.401497, -107.208725, -4.040616), (38.39563, -107.21321, -4.040616), (35.829273, -109.178345, -3.964416), (35.042114, -109.7811, -3.964416), (31.51114, -112.48486, -3.964416), (30.723984, -113.087616, -3.964416), (27.19301, -115.79138, -3.964416), (26.405851, -116.394135, -3.964416), (26.203259, -116.54926, -3.964416), (22.08772, -119.700645, -4.033249), (21.465742, -120.101456, -4.0430746), (20.787224, -120.39661, -4.0529003), (20.069962, -120.57836, -4.062726), (19.332766, -120.64195, -4.0725517), (18.594973, -120.585724, -4.0823774), (17.87593, -120.41113, -4.0922036), (17.194502, -120.12277, -4.1020293), (16.568554, -119.728195, -4.111855), (16.26784, -119.50646, -4.116816), (14.37063, -118.94028, -4.116816), (13.861381, -118.98172, -4.116816), (11.302508, -122.10891, -4.116816), (10.894597, -123.026855, -4.116816), (10.128888, -121.13098, -4.421617), (8.256508, -125.280075, -4.421617), (6.3841286, -129.42918, -4.421617), (4.7996297, -130.49231, -4.7264175), (2.9385252, -131.2342, -5.031218), (2.729241, -133.00891, -5.3360186), (2.4288669, -134.73274, -5.6408195), (1.3331826, -137.90399, -6.2504206), (0.8858946, -139.54578, -6.555221), (-1.1115711, -140.3218, -6.8600216), (-3.7149992, -140.75935, -7.1648226), (-6.3184276, -141.19693, -7.469623), (-8.199843, -141.87012, -7.7744236), (-9.188785, -142.83456, -8.079225), (-10.177202, -143.7992, -8.384025), (-11.165619, -144.76381, -8.688826), (-12.1540365, -145.72842, -8.993626), (-14.4508295, -144.39964, -8.993626), (-15.797725, -142.16331, -8.688826), (-19.422094, -140.09511, -8.688826), (-23.046465, -138.02689, -8.688826), (-27.98975, -135.10577, -8.688826), (-31.34904, -133.1734, -8.688826), (-31.098267, -131.98933, -9.146027), (-32.093803, -131.2498, -8.384025), (-35.59139, -129.27252, -8.384025), (-35.79283, -129.16312, -8.384025), (-40.696957, -126.49972, -8.384025), (-40.938313, -126.357025, -8.384025), (-45.742207, -123.51683, -8.384025), (-46.66064, -123.00122, -8.384025), (-45.22753, -122.10788, -8.079225), (-47.80179, -120.68292, -8.079225), (-51.4669, -118.72762, -8.079225), (-55.132008, -116.77232, -8.079225), (-58.83946, -114.723236, -8.079225), (-62.079956, -112.75748, -8.079225), (-61.796337, -111.40973, -7.7744236), (-64.56582, -109.562706, -7.7744236), (-64.74018, -109.442116, -7.7744236), (-69.11698, -106.41495, -7.7744236), (-71.89441, -104.57443, -7.7744236), (-72.94877, -103.92886, -7.7744236), (-72.18584, -102.410164, -7.469623), (-73.47711, -101.58936, -7.469623), (-74.57951, -100.92274, -7.469623), (-78.02896, -98.63069, -7.469623), (-79.375206, -97.671326, -7.469623), (-77.98436, -96.56074, -7.1648226), (-81.37667, -94.34739, -7.1648226), (-82.301186, -93.6494, -7.1648226), (-82.85386, -93.30295, -7.1648226), (-86.98568, -90.260864, -7.1648226), (-87.46602, -88.21061, -6.8600216), (-90.47388, -85.862076, -6.8600216), (-93.24947, -83.66056, -6.8600216), (-96.02508, -81.45904, -6.8600216), (-96.81989, -79.10816, -6.555221), (-100.83682, -75.985275, -6.555221), (-104.85375, -72.8624, -6.555221), (-104.19322, -71.54311, -6.2504206), (-107.76247, -68.696205, -6.2504206), (-108.23632, -68.383026, -6.2626123), (-108.76191, -67.91549, -6.2504206), (-110.23789, -66.69288, -6.2504206), (-111.92516, -65.22569, -6.2504206), (-112.59315, -64.08436, -6.2504206), (-118.02497, -63.147156, -6.555221), (-122.97835, -61.91263, -6.555221), (-123.06661, -61.881084, -6.555221), (-123.5401, -61.724808, -6.555221), (-124.01727, -61.58015, -6.555221), (-124.49783, -61.447205, -6.555221), (-124.98151, -61.32605, -6.555221), (-125.467995, -61.216755, -6.555221), (-125.95701, -61.119385, -6.555221), (-126.37838, -61.046146, -6.555221), (-125.702805, -59.94048, -6.555221)]
        color3f[] primvars:displayColor = [(0.14, 0.53, 0.67)]
        uniform token type = "linear"
        float[] widths = [0.2] (
            interpolation = "constant"
        )
    }
}

