{"type": "FeatureCollection", "features": [{"type": "Feature", "geometry": {"type": "Point", "coordinates": [2.4692000000000003, 48.8192, 80.0]}, "properties": {"source_index": 0, "ndvi": 0.5000000000000001, "observation_time": 0.0, "origin": "synthetic demonstration"}}, {"type": "Feature", "geometry": {"type": "Point", "coordinates": [2.4692250000000002, 48.8192, 80.0]}, "properties": {"source_index": 1, "ndvi": 0.4668873774561075, "observation_time": 0.0, "origin": "synthetic demonstration"}}, {"type": "Feature", "geometry": {"type": "Point", "coordinates": [2.46925, 48.8192, 80.0]}, "properties": {"source_index": 2, "ndvi": 0.43410443033248725, "observation_time": 0.0, "origin": "synthetic demonstration"}}, {"type": "Feature", "geometry": {"type": "Point", "coordinates": [2.469275, 48.8192, 80.0]}, "properties": {"source_index": 3, "ndvi": 0.4028285534714901, "observation_time": 0.0, "origin": "synthetic demonstration"}}, {"type": "Feature", "geometry": {"type": "Point", "coordinates": [2.4693, 48.8192, 80.0]}, "properties": {"source_index": 4, "ndvi": 0.373971828089037, "observation_time": 0.0, "origin": "synthetic demonstration"}}, {"type": "Feature", "geometry": {"type": "Point", "coordinates": [2.469325, 48.8192, 80.0]}, "properties": {"source_index": 5, "ndvi": 0.3482189625782495, "observation_time": 0.0, "origin": "synthetic demonstration"}}, {"type": "Feature", "geometry": {"type": "Point", "coordinates": [2.4693500000000004, 48.8192, 80.0]}, "properties": {"source_index": 6, "ndvi": 0.32606569426398707, "observation_time": 0.0, "origin": "synthetic demonstration"}}, {"type": "Feature", "geometry": {"type": "Point", "coordinates": [2.4693750000000003, 48.8192, 80.0]}, "properties": {"source_index": 7, "ndvi": 0.30785080670117726, "observation_time": 0.0, "origin": "synthetic demonstration"}}, {"type": "Feature", "geometry": {"type": "Point", "coordinates": [2.470075, 48.8192, 80.0]}, "properties": {"source_index": 35, "ndvi": 0.30408704772113243, "observation_time": 0.0, "origin": "synthetic demonstration"}}, {"type": "Feature", "geometry": {"type": "Point", "coordinates": [2.4701000000000004, 48.8192, 80.0]}, "properties": {"source_index": 36, "ndvi": 0.357445270184565, "observation_time": 0.0, "origin": "synthetic demonstration"}}, {"type": "Feature", "geometry": {"type": "Point", "coordinates": [2.4701250000000003, 48.8192, 80.0]}, "properties": {"source_index": 37, "ndvi": 0.4111707176892186, "observation_time": 0.0, "origin": "synthetic demonstration"}}, {"type": "Feature", "geometry": {"type": "Point", "coordinates": [2.4701500000000003, 48.8192, 80.0]}, "properties": {"source_index": 38, "ndvi": 0.4635583436120189, "observation_time": 0.0, "origin": "synthetic demonstration"}}, {"type": "Feature", "geometry": {"type": "Point", "coordinates": [2.4701750000000002, 48.8192, 80.0]}, "properties": {"source_index": 39, "ndvi": 0.5127161861165728, "observation_time": 0.0, "origin": "synthetic demonstration"}}, {"type": "Feature", "geometry": {"type": "Point", "coordinates": [2.4702, 48.8192, 80.0]}, "properties": {"source_index": 40, "ndvi": 0.5566411012371275, "observation_time": 0.0, "origin": "synthetic demonstration"}}, {"type": "Feature", "geometry": {"type": "Point", "coordinates": [2.470225, 48.8192, 80.0]}, "properties": {"source_index": 41, "ndvi": 0.5933417946545199, "observation_time": 0.0, "origin": "synthetic demonstration"}}, {"type": "Feature", "geometry": {"type": "Point", "coordinates": [2.47025, 48.8192, 80.0]}, "properties": {"source_index": 42, "ndvi": 0.6209999803028113, "observation_time": 0.0, "origin": "synthetic demonstration"}}, {"type": "Feature", "geometry": {"type": "Point", "coordinates": [2.470275, 48.8192, 80.0]}, "properties": {"source_index": 43, "ndvi": 0.6381482938150714, "observation_time": 0.0, "origin": "synthetic demonstration"}}, {"type": "Feature", "geometry": {"type": "Point", "coordinates": [2.4703000000000004, 48.8192, 80.0]}, "properties": {"source_index": 44, "ndvi": 0.6438337606706077, "observation_time": 0.0, "origin": "synthetic demonstration"}}, {"type": "Feature", "geometry": {"type": "Point", "coordinates": [2.4703250000000003, 48.8192, 80.0]}, "properties": {"source_index": 45, "ndvi": 0.6377329948325668, "observation_time": 0.0, "origin": "synthetic demonstration"}}, {"type": "Feature", "geometry": {"type": "Point", "coordinates": [2.4703500000000003, 48.8192, 80.0]}, "properties": {"source_index": 46, "ndvi": 0.620192858439946, "observation_time": 0.0, "origin": "synthetic demonstration"}}, {"type": "Feature", "geometry": {"type": "Point", "coordinates": [2.470375, 48.8192, 80.0]}, "properties": {"source_index": 47, "ndvi": 0.5921868810598232, "observation_time": 0.0, "origin": "synthetic demonstration"}}, {"type": "Feature", "geometry": {"type": "Point", "coordinates": [2.4704, 48.8192, 80.0]}, "properties": {"source_index": 48, "ndvi": 0.5551978286336352, "observation_time": 0.0, "origin": "synthetic demonstration"}}, {"type": "Feature", "geometry": {"type": "Point", "coordinates": [2.470425, 48.8192, 80.0]}, "properties": {"source_index": 49, "ndvi": 0.5110531337993958, "observation_time": 0.0, "origin": "synthetic demonstration"}}, {"type": "Feature", "geometry": {"type": "Point", "coordinates": [2.47045, 48.8192, 80.0]}, "properties": {"source_index": 50, "ndvi": 0.4617470852901264, "observation_time": 0.0, "origin": "synthetic demonstration"}}, {"type": "Feature", "geometry": {"type": "Point", "coordinates": [2.470475, 48.8192, 80.0]}, "properties": {"source_index": 51, "ndvi": 0.40928072514471114, "observation_time": 0.0, "origin": "synthetic demonstration"}}, {"type": "Feature", "geometry": {"type": "Point", "coordinates": [2.4705000000000004, 48.8192, 80.0]}, "properties": {"source_index": 52, "ndvi": 0.3555404053486257, "observation_time": 0.0, "origin": "synthetic demonstration"}}, {"type": "Feature", "geometry": {"type": "Point", "coordinates": [2.4705250000000003, 48.8192, 80.0]}, "properties": {"source_index": 53, "ndvi": 0.30222375732719037, "observation_time": 0.0, "origin": "synthetic demonstration"}}, {"type": "Feature", "geometry": {"type": "Point", "coordinates": [2.4692000000000003, 48.819225, 80.0]}, "properties": {"source_index": 64, "ndvi": 0.49902280229825324, "observation_time": 0.0, "origin": "synthetic demonstration"}}, {"type": "Feature", "geometry": {"type": "Point", "coordinates": [2.4692250000000002, 48.819225, 80.0]}, "properties": {"source_index": 65, "ndvi": 0.4658754649188552, "observation_time": 0.0, "origin": "synthetic demonstration"}}, {"type": "Feature", "geometry": {"type": "Point", "coordinates": [2.46925, 48.819225, 80.0]}, "properties": {"source_index": 66, "ndvi": 0.43307614282146506, "observation_time": 0.0, "origin": "synthetic demonstration"}}, {"type": "Feature", "geometry": {"type": "Point", "coordinates": [2.469275, 48.819225, 80.0]}, "properties": {"source_index": 67, "ndvi": 0.4018051523479229, "observation_time": 0.0, "origin": "synthetic demonstration"}}, {"type": "Feature", "geometry": {"type": "Point", "coordinates": [2.4693, 48.819225, 80.0]}, "properties": {"source_index": 68, "ndvi": 0.37297681766527946, "observation_time": 0.0, "origin": "synthetic demonstration"}}, {"type": "Feature", "geometry": {"type": "Point", "coordinates": [2.469325, 48.819225, 80.0]}, "properties": {"source_index": 69, "ndvi": 0.3472776300863388, "observation_time": 0.0, "origin": "synthetic demonstration"}}, {"type": "Feature", "geometry": {"type": "Point", "coordinates": [2.4693500000000004, 48.819225, 80.0]}, "properties": {"source_index": 70, "ndvi": 0.3252048821117656, "observation_time": 0.0, "origin": "synthetic demonstration"}}, {"type": "Feature", "geometry": {"type": "Point", "coordinates": [2.4693750000000003, 48.819225, 80.0]}, "properties": {"source_index": 71, "ndvi": 0.30709888025500437, "observation_time": 0.0, "origin": "synthetic demonstration"}}, {"type": "Feature", "geometry": {"type": "Point", "coordinates": [2.470075, 48.819225, 80.0]}, "properties": {"source_index": 99, "ndvi": 0.3036469996820529, "observation_time": 0.0, "origin": "synthetic demonstration"}}, {"type": "Feature", "geometry": {"type": "Point", "coordinates": [2.4701000000000004, 48.819225, 80.0]}, "properties": {"source_index": 100, "ndvi": 0.3568573223725516, "observation_time": 0.0, "origin": "synthetic demonstration"}}, {"type": "Feature", "geometry": {"type": "Point", "coordinates": [2.4701250000000003, 48.819225, 80.0]}, "properties": {"source_index": 101, "ndvi": 0.41047830078266023, "observation_time": 0.0, "origin": "synthetic demonstration"}}, {"type": "Feature", "geometry": {"type": "Point", "coordinates": [2.4701500000000003, 48.819225, 80.0]}, "properties": {"source_index": 102, "ndvi": 0.46280034215558774, "observation_time": 0.0, "origin": "synthetic demonstration"}}, {"type": "Feature", "geometry": {"type": "Point", "coordinates": [2.4701750000000002, 48.819225, 80.0]}, "properties": {"source_index": 103, "ndvi": 0.5119251666518317, "observation_time": 0.0, "origin": "synthetic demonstration"}}, {"type": "Feature", "geometry": {"type": "Point", "coordinates": [2.4702, 48.819225, 80.0]}, "properties": {"source_index": 104, "ndvi": 0.5558416570435359, "observation_time": 0.0, "origin": "synthetic demonstration"}}, {"type": "Feature", "geometry": {"type": "Point", "coordinates": [2.470225, 48.819225, 80.0]}, "properties": {"source_index": 105, "ndvi": 0.5925494279246185, "observation_time": 0.0, "origin": "synthetic demonstration"}}, {"type": "Feature", "geometry": {"type": "Point", "coordinates": [2.47025, 48.819225, 80.0]}, "properties": {"source_index": 106, "ndvi": 0.6202209756984266, "observation_time": 0.0, "origin": "synthetic demonstration"}}, {"type": "Feature", "geometry": {"type": "Point", "coordinates": [2.470275, 48.819225, 80.0]}, "properties": {"source_index": 107, "ndvi": 0.6373809106308325, "observation_time": 0.0, "origin": "synthetic demonstration"}}, {"type": "Feature", "geometry": {"type": "Point", "coordinates": [2.4703000000000004, 48.819225, 80.0]}, "properties": {"source_index": 108, "ndvi": 0.6430707821906382, "observation_time": 0.0, "origin": "synthetic demonstration"}}, {"type": "Feature", "geometry": {"type": "Point", "coordinates": [2.4703250000000003, 48.819225, 80.0]}, "properties": {"source_index": 109, "ndvi": 0.6369653005956557, "observation_time": 0.0, "origin": "synthetic demonstration"}}, {"type": "Feature", "geometry": {"type": "Point", "coordinates": [2.4703500000000003, 48.819225, 80.0]}, "properties": {"source_index": 110, "ndvi": 0.6194133690454672, "observation_time": 0.0, "origin": "synthetic demonstration"}}, {"type": "Feature", "geometry": {"type": "Point", "coordinates": [2.470375, 48.819225, 80.0]}, "properties": {"source_index": 111, "ndvi": 0.5913941038905632, "observation_time": 0.0, "origin": "synthetic demonstration"}}, {"type": "Feature", "geometry": {"type": "Point", "coordinates": [2.4704, 48.819225, 80.0]}, "properties": {"source_index": 112, "ndvi": 0.5543983626492563, "observation_time": 0.0, "origin": "synthetic demonstration"}}, {"type": "Feature", "geometry": {"type": "Point", "coordinates": [2.470425, 48.819225, 80.0]}, "properties": {"source_index": 113, "ndvi": 0.510262812270227, "observation_time": 0.0, "origin": "synthetic demonstration"}}, {"type": "Feature", "geometry": {"type": "Point", "coordinates": [2.47045, 48.819225, 80.0]}, "properties": {"source_index": 114, "ndvi": 0.4609908074085217, "observation_time": 0.0, "origin": "synthetic demonstration"}}, {"type": "Feature", "geometry": {"type": "Point", "coordinates": [2.470475, 48.819225, 80.0]}, "properties": {"source_index": 115, "ndvi": 0.40859131119692393, "observation_time": 0.0, "origin": "synthetic demonstration"}}, {"type": "Feature", "geometry": {"type": "Point", "coordinates": [2.4705000000000004, 48.819225, 80.0]}, "properties": {"source_index": 116, "ndvi": 0.35495693073366424, "observation_time": 0.0, "origin": "synthetic demonstration"}}, {"type": "Feature", "geometry": {"type": "Point", "coordinates": [2.4705250000000003, 48.819225, 80.0]}, "properties": {"source_index": 117, "ndvi": 0.30178978273632384, "observation_time": 0.0, "origin": "synthetic demonstration"}}, {"type": "Feature", "geometry": {"type": "Point", "coordinates": [2.4692000000000003, 48.819250000000004, 80.0]}, "properties": {"source_index": 128, "ndvi": 0.49608361498236886, "observation_time": 0.0, "origin": "synthetic demonstration"}}, {"type": "Feature", "geometry": {"type": "Point", "coordinates": [2.4692250000000002, 48.819250000000004, 80.0]}, "properties": {"source_index": 129, "ndvi": 0.46283254829061843, "observation_time": 0.0, "origin": "synthetic demonstration"}}, {"type": "Feature", "geometry": {"type": "Point", "coordinates": [2.46925, 48.819250000000004, 80.0]}, "properties": {"source_index": 130, "ndvi": 0.4299849868856892, "observation_time": 0.0, "origin": "synthetic demonstration"}}, {"type": "Feature", "geometry": {"type": "Point", "coordinates": [2.469275, 48.819250000000004, 80.0]}, "properties": {"source_index": 131, "ndvi": 0.39872995653423127, "observation_time": 0.0, "origin": "synthetic demonstration"}}, {"type": "Feature", "geometry": {"type": "Point", "coordinates": [2.4693, 48.819250000000004, 80.0]}, "properties": {"source_index": 132, "ndvi": 0.36998841827728046, "observation_time": 0.0, "origin": "synthetic demonstration"}}, {"type": "Feature", "geometry": {"type": "Point", "coordinates": [2.469325, 48.819250000000004, 80.0]}, "properties": {"source_index": 133, "ndvi": 0.344452085787313, "observation_time": 0.0, "origin": "synthetic demonstration"}}, {"type": "Feature", "geometry": {"type": "Point", "coordinates": [2.4693500000000004, 48.819250000000004, 80.0]}, "properties": {"source_index": 134, "ndvi": 0.3226227540253286, "observation_time": 0.0, "origin": "synthetic demonstration"}}, {"type": "Feature", "geometry": {"type": "Point", "coordinates": [2.4693750000000003, 48.819250000000004, 80.0]}, "properties": {"source_index": 135, "ndvi": 0.3048450895160983, "observation_time": 0.0, "origin": "synthetic demonstration"}}, {"type": "Feature", "geometry": {"type": "Point", "coordinates": [2.470075, 48.819250000000004, 80.0]}, "properties": {"source_index": 163, "ndvi": 0.302330407360822, "observation_time": 0.0, "origin": "synthetic demonstration"}}, {"type": "Feature", "geometry": {"type": "Point", "coordinates": [2.4701000000000004, 48.819250000000004, 80.0]}, "properties": {"source_index": 164, "ndvi": 0.35509623900332166, "observation_time": 0.0, "origin": "synthetic demonstration"}}, {"type": "Feature", "geometry": {"type": "Point", "coordinates": [2.4701250000000003, 48.819250000000004, 80.0]}, "properties": {"source_index": 165, "ndvi": 0.4084021389078165, "observation_time": 0.0, "origin": "synthetic demonstration"}}, {"type": "Feature", "geometry": {"type": "Point", "coordinates": [2.4701500000000003, 48.819250000000004, 80.0]}, "properties": {"source_index": 166, "ndvi": 0.46052537611282157, "observation_time": 0.0, "origin": "synthetic demonstration"}}, {"type": "Feature", "geometry": {"type": "Point", "coordinates": [2.4701750000000002, 48.819250000000004, 80.0]}, "properties": {"source_index": 167, "ndvi": 0.5095491084999523, "observation_time": 0.0, "origin": "synthetic demonstration"}}, {"type": "Feature", "geometry": {"type": "Point", "coordinates": [2.4702, 48.819250000000004, 80.0]}, "properties": {"source_index": 168, "ndvi": 0.5534385656429756, "observation_time": 0.0, "origin": "synthetic demonstration"}}, {"type": "Feature", "geometry": {"type": "Point", "coordinates": [2.470225, 48.819250000000004, 80.0]}, "properties": {"source_index": 169, "ndvi": 0.5901662262812274, "observation_time": 0.0, "origin": "synthetic demonstration"}}, {"type": "Feature", "geometry": {"type": "Point", "coordinates": [2.47025, 48.819250000000004, 80.0]}, "properties": {"source_index": 170, "ndvi": 0.617876960800069, "observation_time": 0.0, "origin": "synthetic demonstration"}}, {"type": "Feature", "geometry": {"type": "Point", "coordinates": [2.470275, 48.819250000000004, 80.0]}, "properties": {"source_index": 171, "ndvi": 0.6350712611659124, "observation_time": 0.0, "origin": "synthetic demonstration"}}, {"type": "Feature", "geometry": {"type": "Point", "coordinates": [2.4703000000000004, 48.819250000000004, 80.0]}, "properties": {"source_index": 172, "ndvi": 0.6407741924512974, "observation_time": 0.0, "origin": "synthetic demonstration"}}, {"type": "Feature", "geometry": {"type": "Point", "coordinates": [2.4703250000000003, 48.819250000000004, 80.0]}, "properties": {"source_index": 173, "ndvi": 0.6346547294711875, "observation_time": 0.0, "origin": "synthetic demonstration"}}, {"type": "Feature", "geometry": {"type": "Point", "coordinates": [2.4703500000000003, 48.819250000000004, 80.0]}, "properties": {"source_index": 174, "ndvi": 0.6170679244295905, "observation_time": 0.0, "origin": "synthetic demonstration"}}, {"type": "Feature", "geometry": {"type": "Point", "coordinates": [2.470375, 48.819250000000004, 80.0]}, "properties": {"source_index": 175, "ndvi": 0.5890097107975135, "observation_time": 0.0, "origin": "synthetic demonstration"}}, {"type": "Feature", "geometry": {"type": "Point", "coordinates": [2.4704, 48.819250000000004, 80.0]}, "properties": {"source_index": 176, "ndvi": 0.5519952614986176, "observation_time": 0.0, "origin": "synthetic demonstration"}}, {"type": "Feature", "geometry": {"type": "Point", "coordinates": [2.470425, 48.819250000000004, 80.0]}, "properties": {"source_index": 177, "ndvi": 0.5078889165109796, "observation_time": 0.0, "origin": "synthetic demonstration"}}, {"type": "Feature", "geometry": {"type": "Point", "coordinates": [2.47045, 48.819250000000004, 80.0]}, "properties": {"source_index": 178, "ndvi": 0.45872108643973625, "observation_time": 0.0, "origin": "synthetic demonstration"}}, {"type": "Feature", "geometry": {"type": "Point", "coordinates": [2.470475, 48.819250000000004, 80.0]}, "properties": {"source_index": 179, "ndvi": 0.406524226503041, "observation_time": 0.0, "origin": "synthetic demonstration"}}, {"type": "Feature", "geometry": {"type": "Point", "coordinates": [2.4705000000000004, 48.819250000000004, 80.0]}, "properties": {"source_index": 180, "ndvi": 0.3532093132435792, "observation_time": 0.0, "origin": "synthetic demonstration"}}, {"type": "Feature", "geometry": {"type": "Point", "coordinates": [2.4705250000000003, 48.819250000000004, 80.0]}, "properties": {"source_index": 181, "ndvi": 0.30049141556954184, "observation_time": 0.0, "origin": "synthetic demonstration"}}, {"type": "Feature", "geometry": {"type": "Point", "coordinates": [2.4692000000000003, 48.819275, 80.0]}, "properties": {"source_index": 192, "ndvi": 0.4911598723660691, "observation_time": 0.0, "origin": "synthetic demonstration"}}, {"type": "Feature", "geometry": {"type": "Point", "coordinates": [2.4692250000000002, 48.819275, 80.0]}, "properties": {"source_index": 193, "ndvi": 0.45773734038789715, "observation_time": 0.0, "origin": "synthetic demonstration"}}, {"type": "Feature", "geometry": {"type": "Point", "coordinates": [2.46925, 48.819275, 80.0]}, "properties": {"source_index": 194, "ndvi": 0.42481236893013635, "observation_time": 0.0, "origin": "synthetic demonstration"}}, {"type": "Feature", "geometry": {"type": "Point", "coordinates": [2.469275, 48.819275, 80.0]}, "properties": {"source_index": 195, "ndvi": 0.3935883083521853, "observation_time": 0.0, "origin": "synthetic demonstration"}}, {"type": "Feature", "geometry": {"type": "Point", "coordinates": [2.4693, 48.819275, 80.0]}, "properties": {"source_index": 196, "ndvi": 0.3649968663504058, "observation_time": 0.0, "origin": "synthetic demonstration"}}, {"type": "Feature", "geometry": {"type": "Point", "coordinates": [2.469325, 48.819275, 80.0]}, "properties": {"source_index": 197, "ndvi": 0.3397380313860383, "observation_time": 0.0, "origin": "synthetic demonstration"}}, {"type": "Feature", "geometry": {"type": "Point", "coordinates": [2.4693500000000004, 48.819275, 80.0]}, "properties": {"source_index": 198, "ndvi": 0.31832055265721354, "observation_time": 0.0, "origin": "synthetic demonstration"}}, {"type": "Feature", "geometry": {"type": "Point", "coordinates": [2.4693750000000003, 48.819275, 80.0]}, "properties": {"source_index": 199, "ndvi": 0.30109566386878833, "observation_time": 0.0, "origin": "synthetic demonstration"}}, {"type": "Feature", "geometry": {"type": "Point", "coordinates": [2.4695750000000003, 48.819275, 80.0]}, "properties": {"source_index": 207, "ndvi": 0.3032396142850873, "observation_time": 0.0, "origin": "synthetic demonstration"}}, {"type": "Feature", "geometry": {"type": "Point", "coordinates": [2.4696000000000002, 48.819275, 80.0]}, "properties": {"source_index": 208, "ndvi": 0.3081621682417817, "observation_time": 0.0, "origin": "synthetic demonstration"}}, {"type": "Feature", "geometry": {"type": "Point", "coordinates": [2.469625, 48.819275, 80.0]}, "properties": {"source_index": 209, "ndvi": 0.30733364742527597, "observation_time": 0.0, "origin": "synthetic demonstration"}}, {"type": "Feature", "geometry": {"type": "Point", "coordinates": [2.470075, 48.819275, 80.0]}, "properties": {"source_index": 227, "ndvi": 0.300148015420112, "observation_time": 0.0, "origin": "synthetic demonstration"}}, {"type": "Feature", "geometry": {"type": "Point", "coordinates": [2.4701000000000004, 48.819275, 80.0]}, "properties": {"source_index": 228, "ndvi": 0.35217048369392384, "observation_time": 0.0, "origin": "synthetic demonstration"}}, {"type": "Feature", "geometry": {"type": "Point", "coordinates": [2.4701250000000003, 48.819275, 80.0]}, "properties": {"source_index": 229, "ndvi": 0.40494574952731216, "observation_time": 0.0, "origin": "synthetic demonstration"}}, {"type": "Feature", "geometry": {"type": "Point", "coordinates": [2.4701500000000003, 48.819275, 80.0]}, "properties": {"source_index": 230, "ndvi": 0.45673083791684455, "observation_time": 0.0, "origin": "synthetic demonstration"}}, {"type": "Feature", "geometry": {"type": "Point", "coordinates": [2.4701750000000002, 48.819275, 80.0]}, "properties": {"source_index": 231, "ndvi": 0.5055792776758755, "observation_time": 0.0, "origin": "synthetic demonstration"}}, {"type": "Feature", "geometry": {"type": "Point", "coordinates": [2.4702, 48.819275, 80.0]}, "properties": {"source_index": 232, "ndvi": 0.5494177773929543, "observation_time": 0.0, "origin": "synthetic demonstration"}}, {"type": "Feature", "geometry": {"type": "Point", "coordinates": [2.470225, 48.819275, 80.0]}, "properties": {"source_index": 233, "ndvi": 0.5861740634356363, "observation_time": 0.0, "origin": "synthetic demonstration"}}, {"type": "Feature", "geometry": {"type": "Point", "coordinates": [2.47025, 48.819275, 80.0]}, "properties": {"source_index": 234, "ndvi": 0.6139470659093321, "observation_time": 0.0, "origin": "synthetic demonstration"}}, {"type": "Feature", "geometry": {"type": "Point", "coordinates": [2.470275, 48.819275, 80.0]}, "properties": {"source_index": 235, "ndvi": 0.6311969491076037, "observation_time": 0.0, "origin": "synthetic demonstration"}}, {"type": "Feature", "geometry": {"type": "Point", "coordinates": [2.4703000000000004, 48.819275, 80.0]}, "properties": {"source_index": 236, "ndvi": 0.6369211216528188, "observation_time": 0.0, "origin": "synthetic demonstration"}}, {"type": "Feature", "geometry": {"type": "Point", "coordinates": [2.4703250000000003, 48.819275, 80.0]}, "properties": {"source_index": 237, "ndvi": 0.6307789203901756, "observation_time": 0.0, "origin": "synthetic demonstration"}}, {"type": "Feature", "geometry": {"type": "Point", "coordinates": [2.4703500000000003, 48.819275, 80.0]}, "properties": {"source_index": 238, "ndvi": 0.6131357302281326, "observation_time": 0.0, "origin": "synthetic demonstration"}}, {"type": "Feature", "geometry": {"type": "Point", "coordinates": [2.470375, 48.819275, 80.0]}, "properties": {"source_index": 239, "ndvi": 0.5850156968254602, "observation_time": 0.0, "origin": "synthetic demonstration"}}, {"type": "Feature", "geometry": {"type": "Point", "coordinates": [2.4704, 48.819275, 80.0]}, "properties": {"source_index": 240, "ndvi": 0.5479746440385851, "observation_time": 0.0, "origin": "synthetic demonstration"}}, {"type": "Feature", "geometry": {"type": "Point", "coordinates": [2.470425, 48.819275, 80.0]}, "properties": {"source_index": 241, "ndvi": 0.5039229192650109, "observation_time": 0.0, "origin": "synthetic demonstration"}}, {"type": "Feature", "geometry": {"type": "Point", "coordinates": [2.47045, 48.819275, 80.0]}, "properties": {"source_index": 242, "ndvi": 0.45493553763756284, "observation_time": 0.0, "origin": "synthetic demonstration"}}, {"type": "Feature", "geometry": {"type": "Point", "coordinates": [2.470475, 48.819275, 80.0]}, "properties": {"source_index": 243, "ndvi": 0.4030831917203335, "observation_time": 0.0, "origin": "synthetic demonstration"}}, {"type": "Feature", "geometry": {"type": "Point", "coordinates": [2.4705000000000004, 48.819275, 80.0]}, "properties": {"source_index": 244, "ndvi": 0.35030615233494194, "observation_time": 0.0, "origin": "synthetic demonstration"}}, {"type": "Feature", "geometry": {"type": "Point", "coordinates": [2.4692000000000003, 48.8193, 80.0]}, "properties": {"source_index": 256, "ndvi": 0.4842147219104025, "observation_time": 0.0, "origin": "synthetic demonstration"}}, {"type": "Feature", "geometry": {"type": "Point", "coordinates": [2.4692250000000002, 48.8193, 80.0]}, "properties": {"source_index": 257, "ndvi": 0.45055522930787495, "observation_time": 0.0, "origin": "synthetic demonstration"}}, {"type": "Feature", "geometry": {"type": "Point", "coordinates": [2.46925, 48.8193, 80.0]}, "properties": {"source_index": 258, "ndvi": 0.41752828734544345, "observation_time": 0.0, "origin": "synthetic demonstration"}}, {"type": "Feature", "geometry": {"type": "Point", "coordinates": [2.469275, 48.8193, 80.0]}, "properties": {"source_index": 259, "ndvi": 0.38635687283540976, "observation_time": 0.0, "origin": "synthetic demonstration"}}, {"type": "Feature", "geometry": {"type": "Point", "coordinates": [2.4693, 48.8193, 80.0]}, "properties": {"source_index": 260, "ndvi": 0.3579870489877081, "observation_time": 0.0, "origin": "synthetic demonstration"}}, {"type": "Feature", "geometry": {"type": "Point", "coordinates": [2.469325, 48.8193, 80.0]}, "properties": {"source_index": 261, "ndvi": 0.3331294607608991, "observation_time": 0.0, "origin": "synthetic demonstration"}}, {"type": "Feature", "geometry": {"type": "Point", "coordinates": [2.4693500000000004, 48.8193, 80.0]}, "properties": {"source_index": 262, "ndvi": 0.3123014172542553, "observation_time": 0.0, "origin": "synthetic demonstration"}}, {"type": "Feature", "geometry": {"type": "Point", "coordinates": [2.4695500000000004, 48.8193, 80.0]}, "properties": {"source_index": 270, "ndvi": 0.3015780605003498, "observation_time": 0.0, "origin": "synthetic demonstration"}}, {"type": "Feature", "geometry": {"type": "Point", "coordinates": [2.4695750000000003, 48.8193, 80.0]}, "properties": {"source_index": 271, "ndvi": 0.3118265627478301, "observation_time": 0.0, "origin": "synthetic demonstration"}}, {"type": "Feature", "geometry": {"type": "Point", "coordinates": [2.4696000000000002, 48.8193, 80.0]}, "properties": {"source_index": 272, "ndvi": 0.319275864915422, "observation_time": 0.0, "origin": "synthetic demonstration"}}, {"type": "Feature", "geometry": {"type": "Point", "coordinates": [2.469625, 48.8193, 80.0]}, "properties": {"source_index": 273, "ndvi": 0.32104067975456035, "observation_time": 0.0, "origin": "synthetic demonstration"}}, {"type": "Feature", "geometry": {"type": "Point", "coordinates": [2.46965, 48.8193, 80.0]}, "properties": {"source_index": 274, "ndvi": 0.3144047771598039, "observation_time": 0.0, "origin": "synthetic demonstration"}}, {"type": "Feature", "geometry": {"type": "Point", "coordinates": [2.4701000000000004, 48.8193, 80.0]}, "properties": {"source_index": 292, "ndvi": 0.34809477243172293, "observation_time": 0.0, "origin": "synthetic demonstration"}}, {"type": "Feature", "geometry": {"type": "Point", "coordinates": [2.4701250000000003, 48.8193, 80.0]}, "properties": {"source_index": 293, "ndvi": 0.40011583641824083, "observation_time": 0.0, "origin": "synthetic demonstration"}}, {"type": "Feature", "geometry": {"type": "Point", "coordinates": [2.4701500000000003, 48.8193, 80.0]}, "properties": {"source_index": 294, "ndvi": 0.45141331928034606, "observation_time": 0.0, "origin": "synthetic demonstration"}}, {"type": "Feature", "geometry": {"type": "Point", "coordinates": [2.4701750000000002, 48.8193, 80.0]}, "properties": {"source_index": 295, "ndvi": 0.5000020217550727, "observation_time": 0.0, "origin": "synthetic demonstration"}}, {"type": "Feature", "geometry": {"type": "Point", "coordinates": [2.4702, 48.8193, 80.0]}, "properties": {"source_index": 296, "ndvi": 0.543756657111862, "observation_time": 0.0, "origin": "synthetic demonstration"}}, {"type": "Feature", "geometry": {"type": "Point", "coordinates": [2.470225, 48.8193, 80.0]}, "properties": {"source_index": 297, "ndvi": 0.5805433497921049, "observation_time": 0.0, "origin": "synthetic demonstration"}}, {"type": "Feature", "geometry": {"type": "Point", "coordinates": [2.47025, 48.8193, 80.0]}, "properties": {"source_index": 298, "ndvi": 0.6083969813982613, "observation_time": 0.0, "origin": "synthetic demonstration"}}, {"type": "Feature", "geometry": {"type": "Point", "coordinates": [2.470275, 48.8193, 80.0]}, "properties": {"source_index": 299, "ndvi": 0.6257210199239457, "observation_time": 0.0, "origin": "synthetic demonstration"}}, {"type": "Feature", "geometry": {"type": "Point", "coordinates": [2.4703000000000004, 48.8193, 80.0]}, "properties": {"source_index": 300, "ndvi": 0.6314737915740768, "observation_time": 0.0, "origin": "synthetic demonstration"}}, {"type": "Feature", "geometry": {"type": "Point", "coordinates": [2.4703250000000003, 48.8193, 80.0]}, "properties": {"source_index": 301, "ndvi": 0.6253009800619923, "observation_time": 0.0, "origin": "synthetic demonstration"}}, {"type": "Feature", "geometry": {"type": "Point", "coordinates": [2.4703500000000003, 48.8193, 80.0]}, "properties": {"source_index": 302, "ndvi": 0.6075826069511991, "observation_time": 0.0, "origin": "synthetic demonstration"}}, {"type": "Feature", "geometry": {"type": "Point", "coordinates": [2.470375, 48.8193, 80.0]}, "properties": {"source_index": 303, "ndvi": 0.5793826803100525, "observation_time": 0.0, "origin": "synthetic demonstration"}}, {"type": "Feature", "geometry": {"type": "Point", "coordinates": [2.4704, 48.8193, 80.0]}, "properties": {"source_index": 304, "ndvi": 0.5423141612310136, "observation_time": 0.0, "origin": "synthetic demonstration"}}, {"type": "Feature", "geometry": {"type": "Point", "coordinates": [2.470425, 48.8193, 80.0]}, "properties": {"source_index": 305, "ndvi": 0.49835151567172487, "observation_time": 0.0, "origin": "synthetic demonstration"}}, {"type": "Feature", "geometry": {"type": "Point", "coordinates": [2.47045, 48.8193, 80.0]}, "properties": {"source_index": 306, "ndvi": 0.4496311230449351, "observation_time": 0.0, "origin": "synthetic demonstration"}}, {"type": "Feature", "geometry": {"type": "Point", "coordinates": [2.470475, 48.8193, 80.0]}, "properties": {"source_index": 307, "ndvi": 0.3982752432862214, "observation_time": 0.0, "origin": "synthetic demonstration"}}, {"type": "Feature", "geometry": {"type": "Point", "coordinates": [2.4705000000000004, 48.8193, 80.0]}, "properties": {"source_index": 308, "ndvi": 0.34626238014825655, "observation_time": 0.0, "origin": "synthetic demonstration"}}, {"type": "Feature", "geometry": {"type": "Point", "coordinates": [2.4692000000000003, 48.819325, 80.0]}, "properties": {"source_index": 320, "ndvi": 0.47519827999288994, "observation_time": 0.0, "origin": "synthetic demonstration"}}, {"type": "Feature", "geometry": {"type": "Point", "coordinates": [2.4692250000000002, 48.819325, 80.0]}, "properties": {"source_index": 321, "ndvi": 0.4412396987501659, "observation_time": 0.0, "origin": "synthetic demonstration"}}, {"type": "Feature", "geometry": {"type": "Point", "coordinates": [2.46925, 48.819325, 80.0]}, "properties": {"source_index": 322, "ndvi": 0.40809292841741596, "observation_time": 0.0, "origin": "synthetic demonstration"}}, {"type": "Feature", "geometry": {"type": "Point", "coordinates": [2.469275, 48.819325, 80.0]}, "properties": {"source_index": 323, "ndvi": 0.37700538138147904, "observation_time": 0.0, "origin": "synthetic demonstration"}}, {"type": "Feature", "geometry": {"type": "Point", "coordinates": [2.4693, 48.819325, 80.0]}, "properties": {"source_index": 324, "ndvi": 0.34894032658290647, "observation_time": 0.0, "origin": "synthetic demonstration"}}, {"type": "Feature", "geometry": {"type": "Point", "coordinates": [2.469325, 48.819325, 80.0]}, "properties": {"source_index": 325, "ndvi": 0.3246204555417795, "observation_time": 0.0, "origin": "synthetic demonstration"}}, {"type": "Feature", "geometry": {"type": "Point", "coordinates": [2.4693500000000004, 48.819325, 80.0]}, "properties": {"source_index": 326, "ndvi": 0.3045720185861234, "observation_time": 0.0, "origin": "synthetic demonstration"}}, {"type": "Feature", "geometry": {"type": "Point", "coordinates": [2.4695500000000004, 48.819325, 80.0]}, "properties": {"source_index": 334, "ndvi": 0.3092019247801654, "observation_time": 0.0, "origin": "synthetic demonstration"}}, {"type": "Feature", "geometry": {"type": "Point", "coordinates": [2.4695750000000003, 48.819325, 80.0]}, "properties": {"source_index": 335, "ndvi": 0.3223390980918194, "observation_time": 0.0, "origin": "synthetic demonstration"}}, {"type": "Feature", "geometry": {"type": "Point", "coordinates": [2.4696000000000002, 48.819325, 80.0]}, "properties": {"source_index": 336, "ndvi": 0.3327676970903455, "observation_time": 0.0, "origin": "synthetic demonstration"}}, {"type": "Feature", "geometry": {"type": "Point", "coordinates": [2.469625, 48.819325, 80.0]}, "properties": {"source_index": 337, "ndvi": 0.33754194942723287, "observation_time": 0.0, "origin": "synthetic demonstration"}}, {"type": "Feature", "geometry": {"type": "Point", "coordinates": [2.46965, 48.819325, 80.0]}, "properties": {"source_index": 338, "ndvi": 0.33387075331391625, "observation_time": 0.0, "origin": "synthetic demonstration"}}, {"type": "Feature", "geometry": {"type": "Point", "coordinates": [2.469675, 48.819325, 80.0]}, "properties": {"source_index": 339, "ndvi": 0.3198966403901805, "observation_time": 0.0, "origin": "synthetic demonstration"}}, {"type": "Feature", "geometry": {"type": "Point", "coordinates": [2.4701000000000004, 48.819325, 80.0]}, "properties": {"source_index": 356, "ndvi": 0.3428909827093076, "observation_time": 0.0, "origin": "synthetic demonstration"}}, {"type": "Feature", "geometry": {"type": "Point", "coordinates": [2.4701250000000003, 48.819325, 80.0]}, "properties": {"source_index": 357, "ndvi": 0.39392356781529214, "observation_time": 0.0, "origin": "synthetic demonstration"}}, {"type": "Feature", "geometry": {"type": "Point", "coordinates": [2.4701500000000003, 48.819325, 80.0]}, "properties": {"source_index": 358, "ndvi": 0.4445700617168953, "observation_time": 0.0, "origin": "synthetic demonstration"}}, {"type": "Feature", "geometry": {"type": "Point", "coordinates": [2.4701750000000002, 48.819325, 80.0]}, "properties": {"source_index": 359, "ndvi": 0.49280019583292567, "observation_time": 0.0, "origin": "synthetic demonstration"}}, {"type": "Feature", "geometry": {"type": "Point", "coordinates": [2.4702, 48.819325, 80.0]}, "properties": {"source_index": 360, "ndvi": 0.5364252431431213, "observation_time": 0.0, "origin": "synthetic demonstration"}}, {"type": "Feature", "geometry": {"type": "Point", "coordinates": [2.470225, 48.819325, 80.0]}, "properties": {"source_index": 361, "ndvi": 0.5732340610390102, "observation_time": 0.0, "origin": "synthetic demonstration"}}, {"type": "Feature", "geometry": {"type": "Point", "coordinates": [2.47025, 48.819325, 80.0]}, "properties": {"source_index": 362, "ndvi": 0.6011797678684582, "observation_time": 0.0, "origin": "synthetic demonstration"}}, {"type": "Feature", "geometry": {"type": "Point", "coordinates": [2.470275, 48.819325, 80.0]}, "properties": {"source_index": 363, "ndvi": 0.6185926202127703, "observation_time": 0.0, "origin": "synthetic demonstration"}}, {"type": "Feature", "geometry": {"type": "Point", "coordinates": [2.4703000000000004, 48.819325, 80.0]}, "properties": {"source_index": 364, "ndvi": 0.6243801227794489, "observation_time": 0.0, "origin": "synthetic demonstration"}}, {"type": "Feature", "geometry": {"type": "Point", "coordinates": [2.4703250000000003, 48.819325, 80.0]}, "properties": {"source_index": 365, "ndvi": 0.6181701460934809, "observation_time": 0.0, "origin": "synthetic demonstration"}}, {"type": "Feature", "geometry": {"type": "Point", "coordinates": [2.4703500000000003, 48.819325, 80.0]}, "properties": {"source_index": 366, "ndvi": 0.6003618069768196, "observation_time": 0.0, "origin": "synthetic demonstration"}}, {"type": "Feature", "geometry": {"type": "Point", "coordinates": [2.470375, 48.819325, 80.0]}, "properties": {"source_index": 367, "ndvi": 0.5720709398233378, "observation_time": 0.0, "origin": "synthetic demonstration"}}, {"type": "Feature", "geometry": {"type": "Point", "coordinates": [2.4704, 48.819325, 80.0]}, "properties": {"source_index": 368, "ndvi": 0.5349842626841835, "observation_time": 0.0, "origin": "synthetic demonstration"}}, {"type": "Feature", "geometry": {"type": "Point", "coordinates": [2.470425, 48.819325, 80.0]}, "properties": {"source_index": 369, "ndvi": 0.49115805295402953, "observation_time": 0.0, "origin": "synthetic demonstration"}}, {"type": "Feature", "geometry": {"type": "Point", "coordinates": [2.47045, 48.819325, 80.0]}, "properties": {"source_index": 370, "ndvi": 0.4428055994678495, "observation_time": 0.0, "origin": "synthetic demonstration"}}, {"type": "Feature", "geometry": {"type": "Point", "coordinates": [2.470475, 48.819325, 80.0]}, "properties": {"source_index": 371, "ndvi": 0.39211200163378346, "observation_time": 0.0, "origin": "synthetic demonstration"}}, {"type": "Feature", "geometry": {"type": "Point", "coordinates": [2.4705000000000004, 48.819325, 80.0]}, "properties": {"source_index": 372, "ndvi": 0.3411001547140266, "observation_time": 0.0, "origin": "synthetic demonstration"}}, {"type": "Feature", "geometry": {"type": "Point", "coordinates": [2.4692000000000003, 48.81935, 80.0]}, "properties": {"source_index": 384, "ndvi": 0.4640496380386674, "observation_time": 0.0, "origin": "synthetic demonstration"}}, {"type": "Feature", "geometry": {"type": "Point", "coordinates": [2.4692250000000002, 48.81935, 80.0]}, "properties": {"source_index": 385, "ndvi": 0.4297345628476817, "observation_time": 0.0, "origin": "synthetic demonstration"}}, {"type": "Feature", "geometry": {"type": "Point", "coordinates": [2.46925, 48.81935, 80.0]}, "properties": {"source_index": 386, "ndvi": 0.3964591330308639, "observation_time": 0.0, "origin": "synthetic demonstration"}}, {"type": "Feature", "geometry": {"type": "Point", "coordinates": [2.469275, 48.81935, 80.0]}, "properties": {"source_index": 387, "ndvi": 0.3654992777899541, "observation_time": 0.0, "origin": "synthetic demonstration"}}, {"type": "Feature", "geometry": {"type": "Point", "coordinates": [2.4693, 48.81935, 80.0]}, "properties": {"source_index": 388, "ndvi": 0.3378372490113261, "observation_time": 0.0, "origin": "synthetic demonstration"}}, {"type": "Feature", "geometry": {"type": "Point", "coordinates": [2.469325, 48.81935, 80.0]}, "properties": {"source_index": 389, "ndvi": 0.3142078133938436, "observation_time": 0.0, "origin": "synthetic demonstration"}}, {"type": "Feature", "geometry": {"type": "Point", "coordinates": [2.4695250000000004, 48.81935, 80.0]}, "properties": {"source_index": 397, "ndvi": 0.3016560621328024, "observation_time": 0.0, "origin": "synthetic demonstration"}}, {"type": "Feature", "geometry": {"type": "Point", "coordinates": [2.4695500000000004, 48.81935, 80.0]}, "properties": {"source_index": 398, "ndvi": 0.31805990408832996, "observation_time": 0.0, "origin": "synthetic demonstration"}}, {"type": "Feature", "geometry": {"type": "Point", "coordinates": [2.4695750000000003, 48.81935, 80.0]}, "properties": {"source_index": 399, "ndvi": 0.3344375424766926, "observation_time": 0.0, "origin": "synthetic demonstration"}}, {"type": "Feature", "geometry": {"type": "Point", "coordinates": [2.4696000000000002, 48.81935, 80.0]}, "properties": {"source_index": 400, "ndvi": 0.34814160228107727, "observation_time": 0.0, "origin": "synthetic demonstration"}}, {"type": "Feature", "geometry": {"type": "Point", "coordinates": [2.469625, 48.81935, 80.0]}, "properties": {"source_index": 401, "ndvi": 0.3561620212101595, "observation_time": 0.0, "origin": "synthetic demonstration"}}, {"type": "Feature", "geometry": {"type": "Point", "coordinates": [2.46965, 48.81935, 80.0]}, "properties": {"source_index": 402, "ndvi": 0.35564119905041164, "observation_time": 0.0, "origin": "synthetic demonstration"}}, {"type": "Feature", "geometry": {"type": "Point", "coordinates": [2.469675, 48.81935, 80.0]}, "properties": {"source_index": 403, "ndvi": 0.34462362474451946, "observation_time": 0.0, "origin": "synthetic demonstration"}}, {"type": "Feature", "geometry": {"type": "Point", "coordinates": [2.4697, 48.81935, 80.0]}, "properties": {"source_index": 404, "ndvi": 0.3227868094723814, "observation_time": 0.0, "origin": "synthetic demonstration"}}, {"type": "Feature", "geometry": {"type": "Point", "coordinates": [2.4701000000000004, 48.81935, 80.0]}, "properties": {"source_index": 420, "ndvi": 0.3365894118197269, "observation_time": 0.0, "origin": "synthetic demonstration"}}, {"type": "Feature", "geometry": {"type": "Point", "coordinates": [2.4701250000000003, 48.81935, 80.0]}, "properties": {"source_index": 421, "ndvi": 0.3863863941440884, "observation_time": 0.0, "origin": "synthetic demonstration"}}, {"type": "Feature", "geometry": {"type": "Point", "coordinates": [2.4701500000000003, 48.81935, 80.0]}, "properties": {"source_index": 422, "ndvi": 0.43620107218171084, "observation_time": 0.0, "origin": "synthetic demonstration"}}, {"type": "Feature", "geometry": {"type": "Point", "coordinates": [2.4701750000000002, 48.81935, 80.0]}, "properties": {"source_index": 423, "ndvi": 0.4839552974508891, "observation_time": 0.0, "origin": "synthetic demonstration"}}, {"type": "Feature", "geometry": {"type": "Point", "coordinates": [2.4702, 48.81935, 80.0]}, "properties": {"source_index": 424, "ndvi": 0.5273881881358187, "observation_time": 0.0, "origin": "synthetic demonstration"}}, {"type": "Feature", "geometry": {"type": "Point", "coordinates": [2.470225, 48.81935, 80.0]}, "properties": {"source_index": 425, "ndvi": 0.5641973785090609, "observation_time": 0.0, "origin": "synthetic demonstration"}}, {"type": "Feature", "geometry": {"type": "Point", "coordinates": [2.47025, 48.81935, 80.0]}, "properties": {"source_index": 426, "ndvi": 0.592237199287713, "observation_time": 0.0, "origin": "synthetic demonstration"}}, {"type": "Feature", "geometry": {"type": "Point", "coordinates": [2.470275, 48.81935, 80.0]}, "properties": {"source_index": 427, "ndvi": 0.6097481311288906, "observation_time": 0.0, "origin": "synthetic demonstration"}}, {"type": "Feature", "geometry": {"type": "Point", "coordinates": [2.4703000000000004, 48.81935, 80.0]}, "properties": {"source_index": 428, "ndvi": 0.6155747948377744, "observation_time": 0.0, "origin": "synthetic demonstration"}}, {"type": "Feature", "geometry": {"type": "Point", "coordinates": [2.4703250000000003, 48.81935, 80.0]}, "properties": {"source_index": 429, "ndvi": 0.6093229256961141, "observation_time": 0.0, "origin": "synthetic demonstration"}}, {"type": "Feature", "geometry": {"type": "Point", "coordinates": [2.4703500000000003, 48.81935, 80.0]}, "properties": {"source_index": 430, "ndvi": 0.5914153671137578, "observation_time": 0.0, "origin": "synthetic demonstration"}}, {"type": "Feature", "geometry": {"type": "Point", "coordinates": [2.470375, 48.81935, 80.0]}, "properties": {"source_index": 431, "ndvi": 0.5630320657106003, "observation_time": 0.0, "origin": "synthetic demonstration"}}, {"type": "Feature", "geometry": {"type": "Point", "coordinates": [2.4704, 48.81935, 80.0]}, "properties": {"source_index": 432, "ndvi": 0.5259501468024783, "observation_time": 0.0, "origin": "synthetic demonstration"}}, {"type": "Feature", "geometry": {"type": "Point", "coordinates": [2.470425, 48.81935, 80.0]}, "properties": {"source_index": 433, "ndvi": 0.48232466886215286, "observation_time": 0.0, "origin": "synthetic demonstration"}}, {"type": "Feature", "geometry": {"type": "Point", "coordinates": [2.47045, 48.81935, 80.0]}, "properties": {"source_index": 434, "ndvi": 0.43445962850756453, "observation_time": 0.0, "origin": "synthetic demonstration"}}, {"type": "Feature", "geometry": {"type": "Point", "coordinates": [2.470475, 48.81935, 80.0]}, "properties": {"source_index": 435, "ndvi": 0.38461147317187383, "observation_time": 0.0, "origin": "synthetic demonstration"}}, {"type": "Feature", "geometry": {"type": "Point", "coordinates": [2.4705000000000004, 48.81935, 80.0]}, "properties": {"source_index": 436, "ndvi": 0.3348500948898064, "observation_time": 0.0, "origin": "synthetic demonstration"}}, {"type": "Feature", "geometry": {"type": "Point", "coordinates": [2.4692000000000003, 48.819375, 80.0]}, "properties": {"source_index": 448, "ndvi": 0.4506998830510154, "observation_time": 0.0, "origin": "synthetic demonstration"}}, {"type": "Feature", "geometry": {"type": "Point", "coordinates": [2.4692250000000002, 48.819375, 80.0]}, "properties": {"source_index": 449, "ndvi": 0.41597727442934695, "observation_time": 0.0, "origin": "synthetic demonstration"}}, {"type": "Feature", "geometry": {"type": "Point", "coordinates": [2.46925, 48.819375, 80.0]}, "properties": {"source_index": 450, "ndvi": 0.3825759738464269, "observation_time": 0.0, "origin": "synthetic demonstration"}}, {"type": "Feature", "geometry": {"type": "Point", "coordinates": [2.469275, 48.819375, 80.0]}, "properties": {"source_index": 451, "ndvi": 0.351803472605866, "observation_time": 0.0, "origin": "synthetic demonstration"}}, {"type": "Feature", "geometry": {"type": "Point", "coordinates": [2.4693, 48.819375, 80.0]}, "properties": {"source_index": 452, "ndvi": 0.3246613249014848, "observation_time": 0.0, "origin": "synthetic demonstration"}}, {"type": "Feature", "geometry": {"type": "Point", "coordinates": [2.469325, 48.819375, 80.0]}, "properties": {"source_index": 453, "ndvi": 0.30189461394094586, "observation_time": 0.0, "origin": "synthetic demonstration"}}, {"type": "Feature", "geometry": {"type": "Point", "coordinates": [2.4695250000000004, 48.819375, 80.0]}, "properties": {"source_index": 461, "ndvi": 0.30808834587934686, "observation_time": 0.0, "origin": "synthetic demonstration"}}, {"type": "Feature", "geometry": {"type": "Point", "coordinates": [2.4695500000000004, 48.819375, 80.0]}, "properties": {"source_index": 462, "ndvi": 0.3279191108425848, "observation_time": 0.0, "origin": "synthetic demonstration"}}, {"type": "Feature", "geometry": {"type": "Point", "coordinates": [2.4695750000000003, 48.819375, 80.0]}, "properties": {"source_index": 463, "ndvi": 0.34775931079381034, "observation_time": 0.0, "origin": "synthetic demonstration"}}, {"type": "Feature", "geometry": {"type": "Point", "coordinates": [2.4696000000000002, 48.819375, 80.0]}, "properties": {"source_index": 464, "ndvi": 0.3648832269907898, "observation_time": 0.0, "origin": "synthetic demonstration"}}, {"type": "Feature", "geometry": {"type": "Point", "coordinates": [2.469625, 48.819375, 80.0]}, "properties": {"source_index": 465, "ndvi": 0.37622018490209513, "observation_time": 0.0, "origin": "synthetic demonstration"}}, {"type": "Feature", "geometry": {"type": "Point", "coordinates": [2.46965, 48.819375, 80.0]}, "properties": {"source_index": 466, "ndvi": 0.37886491781179776, "observation_time": 0.0, "origin": "synthetic demonstration"}}, {"type": "Feature", "geometry": {"type": "Point", "coordinates": [2.469675, 48.819375, 80.0]}, "properties": {"source_index": 467, "ndvi": 0.37079492707988143, "observation_time": 0.0, "origin": "synthetic demonstration"}}, {"type": "Feature", "geometry": {"type": "Point", "coordinates": [2.4697, 48.819375, 80.0]}, "properties": {"source_index": 468, "ndvi": 0.35155492734250865, "observation_time": 0.0, "origin": "synthetic demonstration"}}, {"type": "Feature", "geometry": {"type": "Point", "coordinates": [2.4697250000000004, 48.819375, 80.0]}, "properties": {"source_index": 469, "ndvi": 0.32257261970143686, "observation_time": 0.0, "origin": "synthetic demonstration"}}, {"type": "Feature", "geometry": {"type": "Point", "coordinates": [2.4701000000000004, 48.819375, 80.0]}, "properties": {"source_index": 484, "ndvi": 0.3292303630656534, "observation_time": 0.0, "origin": "synthetic demonstration"}}, {"type": "Feature", "geometry": {"type": "Point", "coordinates": [2.4701250000000003, 48.819375, 80.0]}, "properties": {"source_index": 485, "ndvi": 0.3775304240609636, "observation_time": 0.0, "origin": "synthetic demonstration"}}, {"type": "Feature", "geometry": {"type": "Point", "coordinates": [2.4701500000000003, 48.819375, 80.0]}, "properties": {"source_index": 486, "ndvi": 0.426311980447112, "observation_time": 0.0, "origin": "synthetic demonstration"}}, {"type": "Feature", "geometry": {"type": "Point", "coordinates": [2.4701750000000002, 48.819375, 80.0]}, "properties": {"source_index": 487, "ndvi": 0.4734504462567727, "observation_time": 0.0, "origin": "synthetic demonstration"}}, {"type": "Feature", "geometry": {"type": "Point", "coordinates": [2.4702, 48.819375, 80.0]}, "properties": {"source_index": 488, "ndvi": 0.5166075645710456, "observation_time": 0.0, "origin": "synthetic demonstration"}}, {"type": "Feature", "geometry": {"type": "Point", "coordinates": [2.470225, 48.819375, 80.0]}, "properties": {"source_index": 489, "ndvi": 0.5533781542648188, "observation_time": 0.0, "origin": "synthetic demonstration"}}, {"type": "Feature", "geometry": {"type": "Point", "coordinates": [2.47025, 48.819375, 80.0]}, "properties": {"source_index": 490, "ndvi": 0.5815018665928818, "observation_time": 0.0, "origin": "synthetic demonstration"}}, {"type": "Feature", "geometry": {"type": "Point", "coordinates": [2.470275, 48.819375, 80.0]}, "properties": {"source_index": 491, "ndvi": 0.5991130083585386, "observation_time": 0.0, "origin": "synthetic demonstration"}}, {"type": "Feature", "geometry": {"type": "Point", "coordinates": [2.4703000000000004, 48.819375, 80.0]}, "properties": {"source_index": 492, "ndvi": 0.6049809929478905, "observation_time": 0.0, "origin": "synthetic demonstration"}}, {"type": "Feature", "geometry": {"type": "Point", "coordinates": [2.4703250000000003, 48.819375, 80.0]}, "properties": {"source_index": 493, "ndvi": 0.5986849423683097, "observation_time": 0.0, "origin": "synthetic demonstration"}}, {"type": "Feature", "geometry": {"type": "Point", "coordinates": [2.4703500000000003, 48.819375, 80.0]}, "properties": {"source_index": 494, "ndvi": 0.5806762239088752, "observation_time": 0.0, "origin": "synthetic demonstration"}}, {"type": "Feature", "geometry": {"type": "Point", "coordinates": [2.470375, 48.819375, 80.0]}, "properties": {"source_index": 495, "ndvi": 0.5522114384059558, "observation_time": 0.0, "origin": "synthetic demonstration"}}, {"type": "Feature", "geometry": {"type": "Point", "coordinates": [2.4704, 48.819375, 80.0]}, "properties": {"source_index": 496, "ndvi": 0.5151745761882638, "observation_time": 0.0, "origin": "synthetic demonstration"}}, {"type": "Feature", "geometry": {"type": "Point", "coordinates": [2.470425, 48.819375, 80.0]}, "properties": {"source_index": 497, "ndvi": 0.47183527269249415, "observation_time": 0.0, "origin": "synthetic demonstration"}}, {"type": "Feature", "geometry": {"type": "Point", "coordinates": [2.47045, 48.819375, 80.0]}, "properties": {"source_index": 498, "ndvi": 0.42459962309926064, "observation_time": 0.0, "origin": "synthetic demonstration"}}, {"type": "Feature", "geometry": {"type": "Point", "coordinates": [2.470475, 48.819375, 80.0]}, "properties": {"source_index": 499, "ndvi": 0.3758004029288979, "observation_time": 0.0, "origin": "synthetic demonstration"}}, {"type": "Feature", "geometry": {"type": "Point", "coordinates": [2.4705000000000004, 48.819375, 80.0]}, "properties": {"source_index": 500, "ndvi": 0.32755283487809356, "observation_time": 0.0, "origin": "synthetic demonstration"}}, {"type": "Feature", "geometry": {"type": "Point", "coordinates": [2.4692000000000003, 48.8194, 80.0]}, "properties": {"source_index": 512, "ndvi": 0.43507649143833005, "observation_time": 0.0, "origin": "synthetic demonstration"}}, {"type": "Feature", "geometry": {"type": "Point", "coordinates": [2.4692250000000002, 48.8194, 80.0]}, "properties": {"source_index": 513, "ndvi": 0.3999036536087769, "observation_time": 0.0, "origin": "synthetic demonstration"}}, {"type": "Feature", "geometry": {"type": "Point", "coordinates": [2.46925, 48.8194, 80.0]}, "properties": {"source_index": 514, "ndvi": 0.36639375712246763, "observation_time": 0.0, "origin": "synthetic demonstration"}}, {"type": "Feature", "geometry": {"type": "Point", "coordinates": [2.469275, 48.8194, 80.0]}, "properties": {"source_index": 515, "ndvi": 0.3358874675087305, "observation_time": 0.0, "origin": "synthetic demonstration"}}, {"type": "Feature", "geometry": {"type": "Point", "coordinates": [2.4693, 48.8194, 80.0]}, "properties": {"source_index": 516, "ndvi": 0.3094040378322808, "observation_time": 0.0, "origin": "synthetic demonstration"}}, {"type": "Feature", "geometry": {"type": "Point", "coordinates": [2.4695250000000004, 48.8194, 80.0]}, "properties": {"source_index": 525, "ndvi": 0.315092643671663, "observation_time": 0.0, "origin": "synthetic demonstration"}}, {"type": "Feature", "geometry": {"type": "Point", "coordinates": [2.4695500000000004, 48.8194, 80.0]}, "properties": {"source_index": 526, "ndvi": 0.33853700147735644, "observation_time": 0.0, "origin": "synthetic demonstration"}}, {"type": "Feature", "geometry": {"type": "Point", "coordinates": [2.4695750000000003, 48.8194, 80.0]}, "properties": {"source_index": 527, "ndvi": 0.3619391754368352, "observation_time": 0.0, "origin": "synthetic demonstration"}}, {"type": "Feature", "geometry": {"type": "Point", "coordinates": [2.4696000000000002, 48.8194, 80.0]}, "properties": {"source_index": 528, "ndvi": 0.38249179404083006, "observation_time": 0.0, "origin": "synthetic demonstration"}}, {"type": "Feature", "geometry": {"type": "Point", "coordinates": [2.469625, 48.8194, 80.0]}, "properties": {"source_index": 529, "ndvi": 0.397075393270512, "observation_time": 0.0, "origin": "synthetic demonstration"}}, {"type": "Feature", "geometry": {"type": "Point", "coordinates": [2.46965, 48.8194, 80.0]}, "properties": {"source_index": 530, "ndvi": 0.40276430154155024, "observation_time": 0.0, "origin": "synthetic demonstration"}}, {"type": "Feature", "geometry": {"type": "Point", "coordinates": [2.469675, 48.8194, 80.0]}, "properties": {"source_index": 531, "ndvi": 0.3975079371034041, "observation_time": 0.0, "origin": "synthetic demonstration"}}, {"type": "Feature", "geometry": {"type": "Point", "coordinates": [2.4697, 48.8194, 80.0]}, "properties": {"source_index": 532, "ndvi": 0.3807615217904225, "observation_time": 0.0, "origin": "synthetic demonstration"}}, {"type": "Feature", "geometry": {"type": "Point", "coordinates": [2.4697250000000004, 48.8194, 80.0]}, "properties": {"source_index": 533, "ndvi": 0.3537721106994396, "observation_time": 0.0, "origin": "synthetic demonstration"}}, {"type": "Feature", "geometry": {"type": "Point", "coordinates": [2.4697500000000003, 48.8194, 80.0]}, "properties": {"source_index": 534, "ndvi": 0.3193466781332891, "observation_time": 0.0, "origin": "synthetic demonstration"}}, {"type": "Feature", "geometry": {"type": "Point", "coordinates": [2.4701000000000004, 48.8194, 80.0]}, "properties": {"source_index": 548, "ndvi": 0.32086602293341226, "observation_time": 0.0, "origin": "synthetic demonstration"}}, {"type": "Feature", "geometry": {"type": "Point", "coordinates": [2.4701250000000003, 48.8194, 80.0]}, "properties": {"source_index": 549, "ndvi": 0.3673933680733066, "observation_time": 0.0, "origin": "synthetic demonstration"}}, {"type": "Feature", "geometry": {"type": "Point", "coordinates": [2.4701500000000003, 48.8194, 80.0]}, "properties": {"source_index": 550, "ndvi": 0.41491772247530767, "observation_time": 0.0, "origin": "synthetic demonstration"}}, {"type": "Feature", "geometry": {"type": "Point", "coordinates": [2.4701750000000002, 48.8194, 80.0]}, "properties": {"source_index": 551, "ndvi": 0.46127437563213075, "observation_time": 0.0, "origin": "synthetic demonstration"}}, {"type": "Feature", "geometry": {"type": "Point", "coordinates": [2.4702, 48.8194, 80.0]}, "properties": {"source_index": 552, "ndvi": 0.5040467740092016, "observation_time": 0.0, "origin": "synthetic demonstration"}}, {"type": "Feature", "geometry": {"type": "Point", "coordinates": [2.470225, 48.8194, 80.0]}, "properties": {"source_index": 553, "ndvi": 0.5407184899402796, "observation_time": 0.0, "origin": "synthetic demonstration"}}, {"type": "Feature", "geometry": {"type": "Point", "coordinates": [2.47025, 48.8194, 80.0]}, "properties": {"source_index": 554, "ndvi": 0.5689003588530303, "observation_time": 0.0, "origin": "synthetic demonstration"}}, {"type": "Feature", "geometry": {"type": "Point", "coordinates": [2.470275, 48.8194, 80.0]}, "properties": {"source_index": 555, "ndvi": 0.5866046579301839, "observation_time": 0.0, "origin": "synthetic demonstration"}}, {"type": "Feature", "geometry": {"type": "Point", "coordinates": [2.4703000000000004, 48.8194, 80.0]}, "properties": {"source_index": 556, "ndvi": 0.5925131733318706, "observation_time": 0.0, "origin": "synthetic demonstration"}}, {"type": "Feature", "geometry": {"type": "Point", "coordinates": [2.4703250000000003, 48.8194, 80.0]}, "properties": {"source_index": 557, "ndvi": 0.586173819598146, "observation_time": 0.0, "origin": "synthetic demonstration"}}, {"type": "Feature", "geometry": {"type": "Point", "coordinates": [2.4703500000000003, 48.8194, 80.0]}, "properties": {"source_index": 558, "ndvi": 0.5680714081151669, "observation_time": 0.0, "origin": "synthetic demonstration"}}, {"type": "Feature", "geometry": {"type": "Point", "coordinates": [2.470375, 48.8194, 80.0]}, "properties": {"source_index": 559, "ndvi": 0.539551821184096, "observation_time": 0.0, "origin": "synthetic demonstration"}}, {"type": "Feature", "geometry": {"type": "Point", "coordinates": [2.4704, 48.8194, 80.0]}, "properties": {"source_index": 560, "ndvi": 0.502621795071087, "observation_time": 0.0, "origin": "synthetic demonstration"}}, {"type": "Feature", "geometry": {"type": "Point", "coordinates": [2.470425, 48.8194, 80.0]}, "properties": {"source_index": 561, "ndvi": 0.45967953327539396, "observation_time": 0.0, "origin": "synthetic demonstration"}}, {"type": "Feature", "geometry": {"type": "Point", "coordinates": [2.47045, 48.8194, 80.0]}, "properties": {"source_index": 562, "ndvi": 0.4132414118991217, "observation_time": 0.0, "origin": "synthetic demonstration"}}, {"type": "Feature", "geometry": {"type": "Point", "coordinates": [2.470475, 48.8194, 80.0]}, "properties": {"source_index": 563, "ndvi": 0.3657171848980825, "observation_time": 0.0, "origin": "synthetic demonstration"}}, {"type": "Feature", "geometry": {"type": "Point", "coordinates": [2.4705000000000004, 48.8194, 80.0]}, "properties": {"source_index": 564, "ndvi": 0.31926086045895735, "observation_time": 0.0, "origin": "synthetic demonstration"}}, {"type": "Feature", "geometry": {"type": "Point", "coordinates": [2.4692000000000003, 48.819425, 80.0]}, "properties": {"source_index": 576, "ndvi": 0.4171095569673498, "observation_time": 0.0, "origin": "synthetic demonstration"}}, {"type": "Feature", "geometry": {"type": "Point", "coordinates": [2.4692250000000002, 48.819425, 80.0]}, "properties": {"source_index": 577, "ndvi": 0.38145447377791963, "observation_time": 0.0, "origin": "synthetic demonstration"}}, {"type": "Feature", "geometry": {"type": "Point", "coordinates": [2.46925, 48.819425, 80.0]}, "properties": {"source_index": 578, "ndvi": 0.3478708335831921, "observation_time": 0.0, "origin": "synthetic demonstration"}}, {"type": "Feature", "geometry": {"type": "Point", "coordinates": [2.469275, 48.819425, 80.0]}, "properties": {"source_index": 579, "ndvi": 0.31773215645858094, "observation_time": 0.0, "origin": "synthetic demonstration"}}, {"type": "Feature", "geometry": {"type": "Point", "coordinates": [2.4695250000000004, 48.819425, 80.0]}, "properties": {"source_index": 589, "ndvi": 0.3225250360401591, "observation_time": 0.0, "origin": "synthetic demonstration"}}, {"type": "Feature", "geometry": {"type": "Point", "coordinates": [2.4695500000000004, 48.819425, 80.0]}, "properties": {"source_index": 590, "ndvi": 0.3496715062558718, "observation_time": 0.0, "origin": "synthetic demonstration"}}, {"type": "Feature", "geometry": {"type": "Point", "coordinates": [2.4695750000000003, 48.819425, 80.0]}, "properties": {"source_index": 591, "ndvi": 0.37662621132360363, "observation_time": 0.0, "origin": "synthetic demonstration"}}, {"type": "Feature", "geometry": {"type": "Point", "coordinates": [2.4696000000000002, 48.819425, 80.0]}, "properties": {"source_index": 592, "ndvi": 0.4005044525943009, "observation_time": 0.0, "origin": "synthetic demonstration"}}, {"type": "Feature", "geometry": {"type": "Point", "coordinates": [2.469625, 48.819425, 80.0]}, "properties": {"source_index": 593, "ndvi": 0.4181573159291907, "observation_time": 0.0, "origin": "synthetic demonstration"}}, {"type": "Feature", "geometry": {"type": "Point", "coordinates": [2.46965, 48.819425, 80.0]}, "properties": {"source_index": 594, "ndvi": 0.42667133666327206, "observation_time": 0.0, "origin": "synthetic demonstration"}}, {"type": "Feature", "geometry": {"type": "Point", "coordinates": [2.469675, 48.819425, 80.0]}, "properties": {"source_index": 595, "ndvi": 0.4240092589054919, "observation_time": 0.0, "origin": "synthetic demonstration"}}, {"type": "Feature", "geometry": {"type": "Point", "coordinates": [2.4697, 48.819425, 80.0]}, "properties": {"source_index": 596, "ndvi": 0.40958121252055457, "observation_time": 0.0, "origin": "synthetic demonstration"}}, {"type": "Feature", "geometry": {"type": "Point", "coordinates": [2.4697250000000004, 48.819425, 80.0]}, "properties": {"source_index": 597, "ndvi": 0.3844933636611816, "observation_time": 0.0, "origin": "synthetic demonstration"}}, {"type": "Feature", "geometry": {"type": "Point", "coordinates": [2.4697500000000003, 48.819425, 80.0]}, "properties": {"source_index": 598, "ndvi": 0.35133654007732074, "observation_time": 0.0, "origin": "synthetic demonstration"}}, {"type": "Feature", "geometry": {"type": "Point", "coordinates": [2.4697750000000003, 48.819425, 80.0]}, "properties": {"source_index": 599, "ndvi": 0.31359799847727643, "observation_time": 0.0, "origin": "synthetic demonstration"}}, {"type": "Feature", "geometry": {"type": "Point", "coordinates": [2.4701000000000004, 48.819425, 80.0]}, "properties": {"source_index": 612, "ndvi": 0.3115625695472483, "observation_time": 0.0, "origin": "synthetic demonstration"}}, {"type": "Feature", "geometry": {"type": "Point", "coordinates": [2.4701250000000003, 48.819425, 80.0]}, "properties": {"source_index": 613, "ndvi": 0.3560280368490241, "observation_time": 0.0, "origin": "synthetic demonstration"}}, {"type": "Feature", "geometry": {"type": "Point", "coordinates": [2.4701500000000003, 48.819425, 80.0]}, "properties": {"source_index": 614, "ndvi": 0.40204712683617994, "observation_time": 0.0, "origin": "synthetic demonstration"}}, {"type": "Feature", "geometry": {"type": "Point", "coordinates": [2.4701750000000002, 48.819425, 80.0]}, "properties": {"source_index": 615, "ndvi": 0.44742662329548993, "observation_time": 0.0, "origin": "synthetic demonstration"}}, {"type": "Feature", "geometry": {"type": "Point", "coordinates": [2.4702, 48.819425, 80.0]}, "properties": {"source_index": 616, "ndvi": 0.48967585088303417, "observation_time": 0.0, "origin": "synthetic demonstration"}}, {"type": "Feature", "geometry": {"type": "Point", "coordinates": [2.470225, 48.819425, 80.0]}, "properties": {"source_index": 617, "ndvi": 0.5261627997390868, "observation_time": 0.0, "origin": "synthetic demonstration"}}, {"type": "Feature", "geometry": {"type": "Point", "coordinates": [2.47025, 48.819425, 80.0]}, "properties": {"source_index": 618, "ndvi": 0.5543579423898626, "observation_time": 0.0, "origin": "synthetic demonstration"}}, {"type": "Feature", "geometry": {"type": "Point", "coordinates": [2.470275, 48.819425, 80.0]}, "properties": {"source_index": 619, "ndvi": 0.5721367932123932, "observation_time": 0.0, "origin": "synthetic demonstration"}}, {"type": "Feature", "geometry": {"type": "Point", "coordinates": [2.4703000000000004, 48.819425, 80.0]}, "properties": {"source_index": 620, "ndvi": 0.5780812998303897, "observation_time": 0.0, "origin": "synthetic demonstration"}}, {"type": "Feature", "geometry": {"type": "Point", "coordinates": [2.4703250000000003, 48.819425, 80.0]}, "properties": {"source_index": 621, "ndvi": 0.5717035463954602, "observation_time": 0.0, "origin": "synthetic demonstration"}}, {"type": "Feature", "geometry": {"type": "Point", "coordinates": [2.4703500000000003, 48.819425, 80.0]}, "properties": {"source_index": 622, "ndvi": 0.5535267374187158, "observation_time": 0.0, "origin": "synthetic demonstration"}}, {"type": "Feature", "geometry": {"type": "Point", "coordinates": [2.470375, 48.819425, 80.0]}, "properties": {"source_index": 623, "ndvi": 0.5249984354407129, "observation_time": 0.0, "origin": "synthetic demonstration"}}, {"type": "Feature", "geometry": {"type": "Point", "coordinates": [2.4704, 48.819425, 80.0]}, "properties": {"source_index": 624, "ndvi": 0.48826283625671524, "observation_time": 0.0, "origin": "synthetic demonstration"}}, {"type": "Feature", "geometry": {"type": "Point", "coordinates": [2.470425, 48.819425, 80.0]}, "properties": {"source_index": 625, "ndvi": 0.44585805701113684, "observation_time": 0.0, "origin": "synthetic demonstration"}}, {"type": "Feature", "geometry": {"type": "Point", "coordinates": [2.47045, 48.819425, 80.0]}, "properties": {"source_index": 626, "ndvi": 0.4004147948805838, "observation_time": 0.0, "origin": "synthetic demonstration"}}, {"type": "Feature", "geometry": {"type": "Point", "coordinates": [2.470475, 48.819425, 80.0]}, "properties": {"source_index": 627, "ndvi": 0.35441531469644266, "observation_time": 0.0, "origin": "synthetic demonstration"}}, {"type": "Feature", "geometry": {"type": "Point", "coordinates": [2.4705000000000004, 48.819425, 80.0]}, "properties": {"source_index": 628, "ndvi": 0.3100405665450331, "observation_time": 0.0, "origin": "synthetic demonstration"}}, {"type": "Feature", "geometry": {"type": "Point", "coordinates": [2.4692000000000003, 48.81945, 80.0]}, "properties": {"source_index": 640, "ndvi": 0.3967404127316804, "observation_time": 0.0, "origin": "synthetic demonstration"}}, {"type": "Feature", "geometry": {"type": "Point", "coordinates": [2.4692250000000002, 48.81945, 80.0]}, "properties": {"source_index": 641, "ndvi": 0.3605844228760068, "observation_time": 0.0, "origin": "synthetic demonstration"}}, {"type": "Feature", "geometry": {"type": "Point", "coordinates": [2.46925, 48.81945, 80.0]}, "properties": {"source_index": 642, "ndvi": 0.32698265568455803, "observation_time": 0.0, "origin": "synthetic demonstration"}}, {"type": "Feature", "geometry": {"type": "Point", "coordinates": [2.4695, 48.81945, 80.0]}, "properties": {"source_index": 652, "ndvi": 0.30140704193829077, "observation_time": 0.0, "origin": "synthetic demonstration"}}, {"type": "Feature", "geometry": {"type": "Point", "coordinates": [2.4695250000000004, 48.81945, 80.0]}, "properties": {"source_index": 653, "ndvi": 0.3302411647615906, "observation_time": 0.0, "origin": "synthetic demonstration"}}, {"type": "Feature", "geometry": {"type": "Point", "coordinates": [2.4695500000000004, 48.81945, 80.0]}, "properties": {"source_index": 654, "ndvi": 0.36108949458053946, "observation_time": 0.0, "origin": "synthetic demonstration"}}, {"type": "Feature", "geometry": {"type": "Point", "coordinates": [2.4695750000000003, 48.81945, 80.0]}, "properties": {"source_index": 655, "ndvi": 0.3914964990296635, "observation_time": 0.0, "origin": "synthetic demonstration"}}, {"type": "Feature", "geometry": {"type": "Point", "coordinates": [2.4696000000000002, 48.81945, 80.0]}, "properties": {"source_index": 656, "ndvi": 0.4185122207242852, "observation_time": 0.0, "origin": "synthetic demonstration"}}, {"type": "Feature", "geometry": {"type": "Point", "coordinates": [2.469625, 48.81945, 80.0]}, "properties": {"source_index": 657, "ndvi": 0.43898337763461875, "observation_time": 0.0, "origin": "synthetic demonstration"}}, {"type": "Feature", "geometry": {"type": "Point", "coordinates": [2.46965, 48.81945, 80.0]}, "properties": {"source_index": 658, "ndvi": 0.4500431697264318, "observation_time": 0.0, "origin": "synthetic demonstration"}}, {"type": "Feature", "geometry": {"type": "Point", "coordinates": [2.469675, 48.81945, 80.0]}, "properties": {"source_index": 659, "ndvi": 0.4497069694483418, "observation_time": 0.0, "origin": "synthetic demonstration"}}, {"type": "Feature", "geometry": {"type": "Point", "coordinates": [2.4697, 48.81945, 80.0]}, "properties": {"source_index": 660, "ndvi": 0.4373802994292173, "observation_time": 0.0, "origin": "synthetic demonstration"}}, {"type": "Feature", "geometry": {"type": "Point", "coordinates": [2.4697250000000004, 48.81945, 80.0]}, "properties": {"source_index": 661, "ndvi": 0.4140657471272353, "observation_time": 0.0, "origin": "synthetic demonstration"}}, {"type": "Feature", "geometry": {"type": "Point", "coordinates": [2.4697500000000003, 48.81945, 80.0]}, "properties": {"source_index": 662, "ndvi": 0.38216441109831506, "observation_time": 0.0, "origin": "synthetic demonstration"}}, {"type": "Feature", "geometry": {"type": "Point", "coordinates": [2.4697750000000003, 48.81945, 80.0]}, "properties": {"source_index": 663, "ndvi": 0.3449511977366312, "observation_time": 0.0, "origin": "synthetic demonstration"}}, {"type": "Feature", "geometry": {"type": "Point", "coordinates": [2.4698, 48.81945, 80.0]}, "properties": {"source_index": 664, "ndvi": 0.3059371692205116, "observation_time": 0.0, "origin": "synthetic demonstration"}}, {"type": "Feature", "geometry": {"type": "Point", "coordinates": [2.4701000000000004, 48.81945, 80.0]}, "properties": {"source_index": 676, "ndvi": 0.30140242193654043, "observation_time": 0.0, "origin": "synthetic demonstration"}}, {"type": "Feature", "geometry": {"type": "Point", "coordinates": [2.4701250000000003, 48.81945, 80.0]}, "properties": {"source_index": 677, "ndvi": 0.34350634228521176, "observation_time": 0.0, "origin": "synthetic demonstration"}}, {"type": "Feature", "geometry": {"type": "Point", "coordinates": [2.4701500000000003, 48.81945, 80.0]}, "properties": {"source_index": 678, "ndvi": 0.38774845134830693, "observation_time": 0.0, "origin": "synthetic demonstration"}}, {"type": "Feature", "geometry": {"type": "Point", "coordinates": [2.4701750000000002, 48.81945, 80.0]}, "properties": {"source_index": 679, "ndvi": 0.4319241058054057, "observation_time": 0.0, "origin": "synthetic demonstration"}}, {"type": "Feature", "geometry": {"type": "Point", "coordinates": [2.4702, 48.81945, 80.0]}, "properties": {"source_index": 680, "ndvi": 0.47347848919200386, "observation_time": 0.0, "origin": "synthetic demonstration"}}, {"type": "Feature", "geometry": {"type": "Point", "coordinates": [2.470225, 48.81945, 80.0]}, "properties": {"source_index": 681, "ndvi": 0.5096648064670092, "observation_time": 0.0, "origin": "synthetic demonstration"}}, {"type": "Feature", "geometry": {"type": "Point", "coordinates": [2.47025, 48.81945, 80.0]}, "properties": {"source_index": 682, "ndvi": 0.537805269968593, "observation_time": 0.0, "origin": "synthetic demonstration"}}, {"type": "Feature", "geometry": {"type": "Point", "coordinates": [2.470275, 48.81945, 80.0]}, "properties": {"source_index": 683, "ndvi": 0.5556258508419929, "observation_time": 0.0, "origin": "synthetic demonstration"}}, {"type": "Feature", "geometry": {"type": "Point", "coordinates": [2.4703000000000004, 48.81945, 80.0]}, "properties": {"source_index": 684, "ndvi": 0.5615971432816246, "observation_time": 0.0, "origin": "synthetic demonstration"}}, {"type": "Feature", "geometry": {"type": "Point", "coordinates": [2.4703250000000003, 48.81945, 80.0]}, "properties": {"source_index": 685, "ndvi": 0.555190901358801, "observation_time": 0.0, "origin": "synthetic demonstration"}}, {"type": "Feature", "geometry": {"type": "Point", "coordinates": [2.4703500000000003, 48.81945, 80.0]}, "properties": {"source_index": 686, "ndvi": 0.5369735372605532, "observation_time": 0.0, "origin": "synthetic demonstration"}}, {"type": "Feature", "geometry": {"type": "Point", "coordinates": [2.470375, 48.81945, 80.0]}, "properties": {"source_index": 687, "ndvi": 0.5085059637108685, "observation_time": 0.0, "origin": "synthetic demonstration"}}, {"type": "Feature", "geometry": {"type": "Point", "coordinates": [2.4704, 48.81945, 80.0]}, "properties": {"source_index": 688, "ndvi": 0.4720825411310073, "observation_time": 0.0, "origin": "synthetic demonstration"}}, {"type": "Feature", "geometry": {"type": "Point", "coordinates": [2.470425, 48.81945, 80.0]}, "properties": {"source_index": 689, "ndvi": 0.43038893570571474, "observation_time": 0.0, "origin": "synthetic demonstration"}}, {"type": "Feature", "geometry": {"type": "Point", "coordinates": [2.47045, 48.81945, 80.0]}, "properties": {"source_index": 690, "ndvi": 0.38616903296936655, "observation_time": 0.0, "origin": "synthetic demonstration"}}, {"type": "Feature", "geometry": {"type": "Point", "coordinates": [2.470475, 48.81945, 80.0]}, "properties": {"source_index": 691, "ndvi": 0.34196733014021724, "observation_time": 0.0, "origin": "synthetic demonstration"}}, {"type": "Feature", "geometry": {"type": "Point", "coordinates": [2.4692000000000003, 48.819475, 80.0]}, "properties": {"source_index": 704, "ndvi": 0.3739332816979503, "observation_time": 0.0, "origin": "synthetic demonstration"}}, {"type": "Feature", "geometry": {"type": "Point", "coordinates": [2.4692250000000002, 48.819475, 80.0]}, "properties": {"source_index": 705, "ndvi": 0.33727400629348414, "observation_time": 0.0, "origin": "synthetic demonstration"}}, {"type": "Feature", "geometry": {"type": "Point", "coordinates": [2.46925, 48.819475, 80.0]}, "properties": {"source_index": 706, "ndvi": 0.303733531051636, "observation_time": 0.0, "origin": "synthetic demonstration"}}, {"type": "Feature", "geometry": {"type": "Point", "coordinates": [2.4695, 48.819475, 80.0]}, "properties": {"source_index": 716, "ndvi": 0.3054000068798475, "observation_time": 0.0, "origin": "synthetic demonstration"}}, {"type": "Feature", "geometry": {"type": "Point", "coordinates": [2.4695250000000004, 48.819475, 80.0]}, "properties": {"source_index": 717, "ndvi": 0.3381000823072307, "observation_time": 0.0, "origin": "synthetic demonstration"}}, {"type": "Feature", "geometry": {"type": "Point", "coordinates": [2.4695500000000004, 48.819475, 80.0]}, "properties": {"source_index": 718, "ndvi": 0.3725732525928803, "observation_time": 0.0, "origin": "synthetic demonstration"}}, {"type": "Feature", "geometry": {"type": "Point", "coordinates": [2.4695750000000003, 48.819475, 80.0]}, "properties": {"source_index": 719, "ndvi": 0.4062613924115066, "observation_time": 0.0, "origin": "synthetic demonstration"}}, {"type": "Feature", "geometry": {"type": "Point", "coordinates": [2.4696000000000002, 48.819475, 80.0]}, "properties": {"source_index": 720, "ndvi": 0.43616803742610144, "observation_time": 0.0, "origin": "synthetic demonstration"}}, {"type": "Feature", "geometry": {"type": "Point", "coordinates": [2.469625, 48.819475, 80.0]}, "properties": {"source_index": 721, "ndvi": 0.4591638566980967, "observation_time": 0.0, "origin": "synthetic demonstration"}}, {"type": "Feature", "geometry": {"type": "Point", "coordinates": [2.46965, 48.819475, 80.0]}, "properties": {"source_index": 722, "ndvi": 0.4724617084503604, "observation_time": 0.0, "origin": "synthetic demonstration"}}, {"type": "Feature", "geometry": {"type": "Point", "coordinates": [2.469675, 48.819475, 80.0]}, "properties": {"source_index": 723, "ndvi": 0.4741634463876287, "observation_time": 0.0, "origin": "synthetic demonstration"}}, {"type": "Feature", "geometry": {"type": "Point", "coordinates": [2.4697, 48.819475, 80.0]}, "properties": {"source_index": 724, "ndvi": 0.4637035476180624, "observation_time": 0.0, "origin": "synthetic demonstration"}}, {"type": "Feature", "geometry": {"type": "Point", "coordinates": [2.4697250000000004, 48.819475, 80.0]}, "properties": {"source_index": 725, "ndvi": 0.44201316774492216, "observation_time": 0.0, "origin": "synthetic demonstration"}}, {"type": "Feature", "geometry": {"type": "Point", "coordinates": [2.4697500000000003, 48.819475, 80.0]}, "properties": {"source_index": 726, "ndvi": 0.4113293246027298, "observation_time": 0.0, "origin": "synthetic demonstration"}}, {"type": "Feature", "geometry": {"type": "Point", "coordinates": [2.4697750000000003, 48.819475, 80.0]}, "properties": {"source_index": 727, "ndvi": 0.3747252799657861, "observation_time": 0.0, "origin": "synthetic demonstration"}}, {"type": "Feature", "geometry": {"type": "Point", "coordinates": [2.4698, 48.819475, 80.0]}, "properties": {"source_index": 728, "ndvi": 0.3355426502582302, "observation_time": 0.0, "origin": "synthetic demonstration"}}, {"type": "Feature", "geometry": {"type": "Point", "coordinates": [2.4701250000000003, 48.819475, 80.0]}, "properties": {"source_index": 741, "ndvi": 0.3299236893886678, "observation_time": 0.0, "origin": "synthetic demonstration"}}, {"type": "Feature", "geometry": {"type": "Point", "coordinates": [2.4701500000000003, 48.819475, 80.0]}, "properties": {"source_index": 742, "ndvi": 0.3720958546748453, "observation_time": 0.0, "origin": "synthetic demonstration"}}, {"type": "Feature", "geometry": {"type": "Point", "coordinates": [2.4701750000000002, 48.819475, 80.0]}, "properties": {"source_index": 743, "ndvi": 0.4148092226646451, "observation_time": 0.0, "origin": "synthetic demonstration"}}, {"type": "Feature", "geometry": {"type": "Point", "coordinates": [2.4702, 48.819475, 80.0]}, "properties": {"source_index": 744, "ndvi": 0.4554611256710535, "observation_time": 0.0, "origin": "synthetic demonstration"}}, {"type": "Feature", "geometry": {"type": "Point", "coordinates": [2.470225, 48.819475, 80.0]}, "properties": {"source_index": 745, "ndvi": 0.49119697754326425, "observation_time": 0.0, "origin": "synthetic demonstration"}}, {"type": "Feature", "geometry": {"type": "Point", "coordinates": [2.47025, 48.819475, 80.0]}, "properties": {"source_index": 746, "ndvi": 0.5191877572697133, "observation_time": 0.0, "origin": "synthetic demonstration"}}, {"type": "Feature", "geometry": {"type": "Point", "coordinates": [2.470275, 48.819475, 80.0]}, "properties": {"source_index": 747, "ndvi": 0.5370001795583146, "observation_time": 0.0, "origin": "synthetic demonstration"}}, {"type": "Feature", "geometry": {"type": "Point", "coordinates": [2.4703000000000004, 48.819475, 80.0]}, "properties": {"source_index": 748, "ndvi": 0.5429833820078759, "observation_time": 0.0, "origin": "synthetic demonstration"}}, {"type": "Feature", "geometry": {"type": "Point", "coordinates": [2.4703250000000003, 48.819475, 80.0]}, "properties": {"source_index": 749, "ndvi": 0.5365646474501254, "observation_time": 0.0, "origin": "synthetic demonstration"}}, {"type": "Feature", "geometry": {"type": "Point", "coordinates": [2.4703500000000003, 48.819475, 80.0]}, "properties": {"source_index": 750, "ndvi": 0.5183580232502659, "observation_time": 0.0, "origin": "synthetic demonstration"}}, {"type": "Feature", "geometry": {"type": "Point", "coordinates": [2.470375, 48.819475, 80.0]}, "properties": {"source_index": 751, "ndvi": 0.49004798185366083, "observation_time": 0.0, "origin": "synthetic demonstration"}}, {"type": "Feature", "geometry": {"type": "Point", "coordinates": [2.4704, 48.819475, 80.0]}, "properties": {"source_index": 752, "ndvi": 0.4540886196658207, "observation_time": 0.0, "origin": "synthetic demonstration"}}, {"type": "Feature", "geometry": {"type": "Point", "coordinates": [2.470425, 48.819475, 80.0]}, "properties": {"source_index": 753, "ndvi": 0.4133158034930707, "observation_time": 0.0, "origin": "synthetic demonstration"}}, {"type": "Feature", "geometry": {"type": "Point", "coordinates": [2.47045, 48.819475, 80.0]}, "properties": {"source_index": 754, "ndvi": 0.3705792517567561, "observation_time": 0.0, "origin": "synthetic demonstration"}}, {"type": "Feature", "geometry": {"type": "Point", "coordinates": [2.470475, 48.819475, 80.0]}, "properties": {"source_index": 755, "ndvi": 0.3284691258221618, "observation_time": 0.0, "origin": "synthetic demonstration"}}, {"type": "Feature", "geometry": {"type": "Point", "coordinates": [2.4692000000000003, 48.8195, 80.0]}, "properties": {"source_index": 768, "ndvi": 0.34869060142502284, "observation_time": 0.0, "origin": "synthetic demonstration"}}, {"type": "Feature", "geometry": {"type": "Point", "coordinates": [2.4692250000000002, 48.8195, 80.0]}, "properties": {"source_index": 769, "ndvi": 0.3115449345065107, "observation_time": 0.0, "origin": "synthetic demonstration"}}, {"type": "Feature", "geometry": {"type": "Point", "coordinates": [2.4695, 48.8195, 80.0]}, "properties": {"source_index": 780, "ndvi": 0.30944623614104266, "observation_time": 0.0, "origin": "synthetic demonstration"}}, {"type": "Feature", "geometry": {"type": "Point", "coordinates": [2.4695250000000004, 48.8195, 80.0]}, "properties": {"source_index": 781, "ndvi": 0.34596737646644393, "observation_time": 0.0, "origin": "synthetic demonstration"}}, {"type": "Feature", "geometry": {"type": "Point", "coordinates": [2.4695500000000004, 48.8195, 80.0]}, "properties": {"source_index": 782, "ndvi": 0.38392491187200845, "observation_time": 0.0, "origin": "synthetic demonstration"}}, {"type": "Feature", "geometry": {"type": "Point", "coordinates": [2.4695750000000003, 48.8195, 80.0]}, "properties": {"source_index": 783, "ndvi": 0.4206717137085833, "observation_time": 0.0, "origin": "synthetic demonstration"}}, {"type": "Feature", "geometry": {"type": "Point", "coordinates": [2.4696000000000002, 48.8195, 80.0]}, "properties": {"source_index": 784, "ndvi": 0.45318831742733656, "observation_time": 0.0, "origin": "synthetic demonstration"}}, {"type": "Feature", "geometry": {"type": "Point", "coordinates": [2.469625, 48.8195, 80.0]}, "properties": {"source_index": 785, "ndvi": 0.4783981639910645, "observation_time": 0.0, "origin": "synthetic demonstration"}}, {"type": "Feature", "geometry": {"type": "Point", "coordinates": [2.46965, 48.8195, 80.0]}, "properties": {"source_index": 786, "ndvi": 0.4936226350922248, "observation_time": 0.0, "origin": "synthetic demonstration"}}, {"type": "Feature", "geometry": {"type": "Point", "coordinates": [2.469675, 48.8195, 80.0]}, "properties": {"source_index": 787, "ndvi": 0.49707652709264355, "observation_time": 0.0, "origin": "synthetic demonstration"}}, {"type": "Feature", "geometry": {"type": "Point", "coordinates": [2.4697, 48.8195, 80.0]}, "properties": {"source_index": 788, "ndvi": 0.4882486709536999, "observation_time": 0.0, "origin": "synthetic demonstration"}}, {"type": "Feature", "geometry": {"type": "Point", "coordinates": [2.4697250000000004, 48.8195, 80.0]}, "properties": {"source_index": 789, "ndvi": 0.4680247041569243, "observation_time": 0.0, "origin": "synthetic demonstration"}}, {"type": "Feature", "geometry": {"type": "Point", "coordinates": [2.4697500000000003, 48.8195, 80.0]}, "properties": {"source_index": 790, "ndvi": 0.4385011215775526, "observation_time": 0.0, "origin": "synthetic demonstration"}}, {"type": "Feature", "geometry": {"type": "Point", "coordinates": [2.4697750000000003, 48.8195, 80.0]}, "properties": {"source_index": 791, "ndvi": 0.4025632985995353, "observation_time": 0.0, "origin": "synthetic demonstration"}}, {"type": "Feature", "geometry": {"type": "Point", "coordinates": [2.4698, 48.8195, 80.0]}, "properties": {"source_index": 792, "ndvi": 0.3633804558940093, "observation_time": 0.0, "origin": "synthetic demonstration"}}, {"type": "Feature", "geometry": {"type": "Point", "coordinates": [2.469825, 48.8195, 80.0]}, "properties": {"source_index": 793, "ndvi": 0.3239681055316942, "observation_time": 0.0, "origin": "synthetic demonstration"}}, {"type": "Feature", "geometry": {"type": "Point", "coordinates": [2.4701250000000003, 48.8195, 80.0]}, "properties": {"source_index": 805, "ndvi": 0.31540356293999566, "observation_time": 0.0, "origin": "synthetic demonstration"}}, {"type": "Feature", "geometry": {"type": "Point", "coordinates": [2.4701500000000003, 48.8195, 80.0]}, "properties": {"source_index": 806, "ndvi": 0.3551966812552363, "observation_time": 0.0, "origin": "synthetic demonstration"}}, {"type": "Feature", "geometry": {"type": "Point", "coordinates": [2.4701750000000002, 48.8195, 80.0]}, "properties": {"source_index": 807, "ndvi": 0.396159538383046, "observation_time": 0.0, "origin": "synthetic demonstration"}}, {"type": "Feature", "geometry": {"type": "Point", "coordinates": [2.4702, 48.8195, 80.0]}, "properties": {"source_index": 808, "ndvi": 0.4356643574266147, "observation_time": 0.0, "origin": "synthetic demonstration"}}, {"type": "Feature", "geometry": {"type": "Point", "coordinates": [2.470225, 48.8195, 80.0]}, "properties": {"source_index": 809, "ndvi": 0.47076291383415286, "observation_time": 0.0, "origin": "synthetic demonstration"}}, {"type": "Feature", "geometry": {"type": "Point", "coordinates": [2.47025, 48.8195, 80.0]}, "properties": {"source_index": 810, "ndvi": 0.49847833098538796, "observation_time": 0.0, "origin": "synthetic demonstration"}}, {"type": "Feature", "geometry": {"type": "Point", "coordinates": [2.470275, 48.8195, 80.0]}, "properties": {"source_index": 811, "ndvi": 0.5162128264373905, "observation_time": 0.0, "origin": "synthetic demonstration"}}, {"type": "Feature", "geometry": {"type": "Point", "coordinates": [2.4703000000000004, 48.8195, 80.0]}, "properties": {"source_index": 812, "ndvi": 0.5221863673942261, "observation_time": 0.0, "origin": "synthetic demonstration"}}, {"type": "Feature", "geometry": {"type": "Point", "coordinates": [2.4703250000000003, 48.8195, 80.0]}, "properties": {"source_index": 813, "ndvi": 0.5157783190757526, "observation_time": 0.0, "origin": "synthetic demonstration"}}, {"type": "Feature", "geometry": {"type": "Point", "coordinates": [2.4703500000000003, 48.8195, 80.0]}, "properties": {"source_index": 814, "ndvi": 0.4976540438531768, "observation_time": 0.0, "origin": "synthetic demonstration"}}, {"type": "Feature", "geometry": {"type": "Point", "coordinates": [2.470375, 48.8195, 80.0]}, "properties": {"source_index": 815, "ndvi": 0.4696293254377338, "observation_time": 0.0, "origin": "synthetic demonstration"}}, {"type": "Feature", "geometry": {"type": "Point", "coordinates": [2.4704, 48.8195, 80.0]}, "properties": {"source_index": 816, "ndvi": 0.43432301986975547, "observation_time": 0.0, "origin": "synthetic demonstration"}}, {"type": "Feature", "geometry": {"type": "Point", "coordinates": [2.470425, 48.8195, 80.0]}, "properties": {"source_index": 817, "ndvi": 0.3947174438699595, "observation_time": 0.0, "origin": "synthetic demonstration"}}, {"type": "Feature", "geometry": {"type": "Point", "coordinates": [2.47045, 48.8195, 80.0]}, "properties": {"source_index": 818, "ndvi": 0.3537536332918532, "observation_time": 0.0, "origin": "synthetic demonstration"}}, {"type": "Feature", "geometry": {"type": "Point", "coordinates": [2.470475, 48.8195, 80.0]}, "properties": {"source_index": 819, "ndvi": 0.3140444448923939, "observation_time": 0.0, "origin": "synthetic demonstration"}}, {"type": "Feature", "geometry": {"type": "Point", "coordinates": [2.470775, 48.8195, 80.0]}, "properties": {"source_index": 831, "ndvi": 0.3253370605434432, "observation_time": 0.0, "origin": "synthetic demonstration"}}, {"type": "Feature", "geometry": {"type": "Point", "coordinates": [2.4692000000000003, 48.819525, 80.0]}, "properties": {"source_index": 832, "ndvi": 0.3210725519919244, "observation_time": 0.0, "origin": "synthetic demonstration"}}, {"type": "Feature", "geometry": {"type": "Point", "coordinates": [2.4695, 48.819525, 80.0]}, "properties": {"source_index": 844, "ndvi": 0.3134810456035656, "observation_time": 0.0, "origin": "synthetic demonstration"}}, {"type": "Feature", "geometry": {"type": "Point", "coordinates": [2.4695250000000004, 48.819525, 80.0]}, "properties": {"source_index": 845, "ndvi": 0.353717528558214, "observation_time": 0.0, "origin": "synthetic demonstration"}}, {"type": "Feature", "geometry": {"type": "Point", "coordinates": [2.4695500000000004, 48.819525, 80.0]}, "properties": {"source_index": 846, "ndvi": 0.39496897174465034, "observation_time": 0.0, "origin": "synthetic demonstration"}}, {"type": "Feature", "geometry": {"type": "Point", "coordinates": [2.4695750000000003, 48.819525, 80.0]}, "properties": {"source_index": 847, "ndvi": 0.4345185800714345, "observation_time": 0.0, "origin": "synthetic demonstration"}}, {"type": "Feature", "geometry": {"type": "Point", "coordinates": [2.4696000000000002, 48.819525, 80.0]}, "properties": {"source_index": 848, "ndvi": 0.46934976133589257, "observation_time": 0.0, "origin": "synthetic demonstration"}}, {"type": "Feature", "geometry": {"type": "Point", "coordinates": [2.469625, 48.819525, 80.0]}, "properties": {"source_index": 849, "ndvi": 0.4964655297169526, "observation_time": 0.0, "origin": "synthetic demonstration"}}, {"type": "Feature", "geometry": {"type": "Point", "coordinates": [2.46965, 48.819525, 80.0]}, "properties": {"source_index": 850, "ndvi": 0.5133187293038068, "observation_time": 0.0, "origin": "synthetic demonstration"}}, {"type": "Feature", "geometry": {"type": "Point", "coordinates": [2.469675, 48.819525, 80.0]}, "properties": {"source_index": 851, "ndvi": 0.518255470512233, "observation_time": 0.0, "origin": "synthetic demonstration"}}, {"type": "Feature", "geometry": {"type": "Point", "coordinates": [2.4697, 48.819525, 80.0]}, "properties": {"source_index": 852, "ndvi": 0.5108362331684622, "observation_time": 0.0, "origin": "synthetic demonstration"}}, {"type": "Feature", "geometry": {"type": "Point", "coordinates": [2.4697250000000004, 48.819525, 80.0]}, "properties": {"source_index": 853, "ndvi": 0.4919208686271613, "observation_time": 0.0, "origin": "synthetic demonstration"}}, {"type": "Feature", "geometry": {"type": "Point", "coordinates": [2.4697500000000003, 48.819525, 80.0]}, "properties": {"source_index": 854, "ndvi": 0.4634862508877486, "observation_time": 0.0, "origin": "synthetic demonstration"}}, {"type": "Feature", "geometry": {"type": "Point", "coordinates": [2.4697750000000003, 48.819525, 80.0]}, "properties": {"source_index": 855, "ndvi": 0.4282454763050427, "observation_time": 0.0, "origin": "synthetic demonstration"}}, {"type": "Feature", "geometry": {"type": "Point", "coordinates": [2.4698, 48.819525, 80.0]}, "properties": {"source_index": 856, "ndvi": 0.3891984675849951, "observation_time": 0.0, "origin": "synthetic demonstration"}}, {"type": "Feature", "geometry": {"type": "Point", "coordinates": [2.469825, 48.819525, 80.0]}, "properties": {"source_index": 857, "ndvi": 0.34923919203864673, "observation_time": 0.0, "origin": "synthetic demonstration"}}, {"type": "Feature", "geometry": {"type": "Point", "coordinates": [2.46985, 48.819525, 80.0]}, "properties": {"source_index": 858, "ndvi": 0.3108924484672903, "observation_time": 0.0, "origin": "synthetic demonstration"}}, {"type": "Feature", "geometry": {"type": "Point", "coordinates": [2.4701250000000003, 48.819525, 80.0]}, "properties": {"source_index": 869, "ndvi": 0.3001020043233791, "observation_time": 0.0, "origin": "synthetic demonstration"}}, {"type": "Feature", "geometry": {"type": "Point", "coordinates": [2.4701500000000003, 48.819525, 80.0]}, "properties": {"source_index": 870, "ndvi": 0.33719927697055374, "observation_time": 0.0, "origin": "synthetic demonstration"}}, {"type": "Feature", "geometry": {"type": "Point", "coordinates": [2.4701750000000002, 48.819525, 80.0]}, "properties": {"source_index": 871, "ndvi": 0.37609890956166236, "observation_time": 0.0, "origin": "synthetic demonstration"}}, {"type": "Feature", "geometry": {"type": "Point", "coordinates": [2.4702, 48.819525, 80.0]}, "properties": {"source_index": 872, "ndvi": 0.4141768147587701, "observation_time": 0.0, "origin": "synthetic demonstration"}}, {"type": "Feature", "geometry": {"type": "Point", "coordinates": [2.470225, 48.819525, 80.0]}, "properties": {"source_index": 873, "ndvi": 0.44841310641315607, "observation_time": 0.0, "origin": "synthetic demonstration"}}, {"type": "Feature", "geometry": {"type": "Point", "coordinates": [2.47025, 48.819525, 80.0]}, "properties": {"source_index": 874, "ndvi": 0.47569422576770726, "observation_time": 0.0, "origin": "synthetic demonstration"}}, {"type": "Feature", "geometry": {"type": "Point", "coordinates": [2.470275, 48.819525, 80.0]}, "properties": {"source_index": 875, "ndvi": 0.4932587725646484, "observation_time": 0.0, "origin": "synthetic demonstration"}}, {"type": "Feature", "geometry": {"type": "Point", "coordinates": [2.4703000000000004, 48.819525, 80.0]}, "properties": {"source_index": 876, "ndvi": 0.4991934659437918, "observation_time": 0.0, "origin": "synthetic demonstration"}}, {"type": "Feature", "geometry": {"type": "Point", "coordinates": [2.4703250000000003, 48.819525, 80.0]}, "properties": {"source_index": 877, "ndvi": 0.49282744919926696, "observation_time": 0.0, "origin": "synthetic demonstration"}}, {"type": "Feature", "geometry": {"type": "Point", "coordinates": [2.4703500000000003, 48.819525, 80.0]}, "properties": {"source_index": 878, "ndvi": 0.4748798525439436, "observation_time": 0.0, "origin": "synthetic demonstration"}}, {"type": "Feature", "geometry": {"type": "Point", "coordinates": [2.470375, 48.819525, 80.0]}, "properties": {"source_index": 879, "ndvi": 0.44730179515781077, "observation_time": 0.0, "origin": "synthetic demonstration"}}, {"type": "Feature", "geometry": {"type": "Point", "coordinates": [2.4704, 48.819525, 80.0]}, "properties": {"source_index": 880, "ndvi": 0.41287571728528905, "observation_time": 0.0, "origin": "synthetic demonstration"}}, {"type": "Feature", "geometry": {"type": "Point", "coordinates": [2.470425, 48.819525, 80.0]}, "properties": {"source_index": 881, "ndvi": 0.3747188065490357, "observation_time": 0.0, "origin": "synthetic demonstration"}}, {"type": "Feature", "geometry": {"type": "Point", "coordinates": [2.47045, 48.819525, 80.0]}, "properties": {"source_index": 882, "ndvi": 0.3358411104069096, "observation_time": 0.0, "origin": "synthetic demonstration"}}, {"type": "Feature", "geometry": {"type": "Point", "coordinates": [2.4707500000000002, 48.819525, 80.0]}, "properties": {"source_index": 894, "ndvi": 0.3121983739691232, "observation_time": 0.0, "origin": "synthetic demonstration"}}, {"type": "Feature", "geometry": {"type": "Point", "coordinates": [2.470775, 48.819525, 80.0]}, "properties": {"source_index": 895, "ndvi": 0.3506399689775669, "observation_time": 0.0, "origin": "synthetic demonstration"}}, {"type": "Feature", "geometry": {"type": "Point", "coordinates": [2.4695, 48.81955, 80.0]}, "properties": {"source_index": 908, "ndvi": 0.3174421448217217, "observation_time": 0.0, "origin": "synthetic demonstration"}}, {"type": "Feature", "geometry": {"type": "Point", "coordinates": [2.4695250000000004, 48.81955, 80.0]}, "properties": {"source_index": 909, "ndvi": 0.3612355279144598, "observation_time": 0.0, "origin": "synthetic demonstration"}}, {"type": "Feature", "geometry": {"type": "Point", "coordinates": [2.4695500000000004, 48.81955, 80.0]}, "properties": {"source_index": 910, "ndvi": 0.40555319087135944, "observation_time": 0.0, "origin": "synthetic demonstration"}}, {"type": "Feature", "geometry": {"type": "Point", "coordinates": [2.4695750000000003, 48.81955, 80.0]}, "properties": {"source_index": 911, "ndvi": 0.44763170585025636, "observation_time": 0.0, "origin": "synthetic demonstration"}}, {"type": "Feature", "geometry": {"type": "Point", "coordinates": [2.4696000000000002, 48.81955, 80.0]}, "properties": {"source_index": 912, "ndvi": 0.4844831422623457, "observation_time": 0.0, "origin": "synthetic demonstration"}}, {"type": "Feature", "geometry": {"type": "Point", "coordinates": [2.469625, 48.81955, 80.0]}, "properties": {"source_index": 913, "ndvi": 0.5132128582577092, "observation_time": 0.0, "origin": "synthetic demonstration"}}, {"type": "Feature", "geometry": {"type": "Point", "coordinates": [2.46965, 48.81955, 80.0]}, "properties": {"source_index": 914, "ndvi": 0.5314212533345207, "observation_time": 0.0, "origin": "synthetic demonstration"}}, {"type": "Feature", "geometry": {"type": "Point", "coordinates": [2.469675, 48.81955, 80.0]}, "properties": {"source_index": 915, "ndvi": 0.5375962703513327, "observation_time": 0.0, "origin": "synthetic demonstration"}}, {"type": "Feature", "geometry": {"type": "Point", "coordinates": [2.4697, 48.81955, 80.0]}, "properties": {"source_index": 916, "ndvi": 0.5313800835104902, "observation_time": 0.0, "origin": "synthetic demonstration"}}, {"type": "Feature", "geometry": {"type": "Point", "coordinates": [2.4697250000000004, 48.81955, 80.0]}, "properties": {"source_index": 917, "ndvi": 0.5136209954154789, "observation_time": 0.0, "origin": "synthetic demonstration"}}, {"type": "Feature", "geometry": {"type": "Point", "coordinates": [2.4697500000000003, 48.81955, 80.0]}, "properties": {"source_index": 918, "ndvi": 0.4861944261471575, "observation_time": 0.0, "origin": "synthetic demonstration"}}, {"type": "Feature", "geometry": {"type": "Point", "coordinates": [2.4697750000000003, 48.81955, 80.0]}, "properties": {"source_index": 919, "ndvi": 0.45165768709715576, "observation_time": 0.0, "origin": "synthetic demonstration"}}, {"type": "Feature", "geometry": {"type": "Point", "coordinates": [2.4698, 48.81955, 80.0]}, "properties": {"source_index": 920, "ndvi": 0.41284912703118637, "observation_time": 0.0, "origin": "synthetic demonstration"}}, {"type": "Feature", "geometry": {"type": "Point", "coordinates": [2.469825, 48.81955, 80.0]}, "properties": {"source_index": 921, "ndvi": 0.37253599173517254, "observation_time": 0.0, "origin": "synthetic demonstration"}}, {"type": "Feature", "geometry": {"type": "Point", "coordinates": [2.46985, 48.81955, 80.0]}, "properties": {"source_index": 922, "ndvi": 0.3331725019069734, "observation_time": 0.0, "origin": "synthetic demonstration"}}, {"type": "Feature", "geometry": {"type": "Point", "coordinates": [2.4701500000000003, 48.81955, 80.0]}, "properties": {"source_index": 934, "ndvi": 0.31830083111334645, "observation_time": 0.0, "origin": "synthetic demonstration"}}, {"type": "Feature", "geometry": {"type": "Point", "coordinates": [2.4701750000000002, 48.81955, 80.0]}, "properties": {"source_index": 935, "ndvi": 0.35480963196713067, "observation_time": 0.0, "origin": "synthetic demonstration"}}, {"type": "Feature", "geometry": {"type": "Point", "coordinates": [2.4702, 48.81955, 80.0]}, "properties": {"source_index": 936, "ndvi": 0.3911512986577504, "observation_time": 0.0, "origin": "synthetic demonstration"}}, {"type": "Feature", "geometry": {"type": "Point", "coordinates": [2.470225, 48.81955, 80.0]}, "properties": {"source_index": 937, "ndvi": 0.4242641999815948, "observation_time": 0.0, "origin": "synthetic demonstration"}}, {"type": "Feature", "geometry": {"type": "Point", "coordinates": [2.47025, 48.81955, 80.0]}, "properties": {"source_index": 938, "ndvi": 0.4509182957168039, "observation_time": 0.0, "origin": "synthetic demonstration"}}, {"type": "Feature", "geometry": {"type": "Point", "coordinates": [2.470275, 48.81955, 80.0]}, "properties": {"source_index": 939, "ndvi": 0.4681973171583969, "observation_time": 0.0, "origin": "synthetic demonstration"}}, {"type": "Feature", "geometry": {"type": "Point", "coordinates": [2.4703000000000004, 48.81955, 80.0]}, "properties": {"source_index": 940, "ndvi": 0.4740557587412069, "observation_time": 0.0, "origin": "synthetic demonstration"}}, {"type": "Feature", "geometry": {"type": "Point", "coordinates": [2.4703250000000003, 48.81955, 80.0]}, "properties": {"source_index": 941, "ndvi": 0.4677719295989774, "observation_time": 0.0, "origin": "synthetic demonstration"}}, {"type": "Feature", "geometry": {"type": "Point", "coordinates": [2.4703500000000003, 48.81955, 80.0]}, "properties": {"source_index": 942, "ndvi": 0.4501193646781272, "observation_time": 0.0, "origin": "synthetic demonstration"}}, {"type": "Feature", "geometry": {"type": "Point", "coordinates": [2.470375, 48.81955, 80.0]}, "properties": {"source_index": 943, "ndvi": 0.42318332779570655, "observation_time": 0.0, "origin": "synthetic demonstration"}}, {"type": "Feature", "geometry": {"type": "Point", "coordinates": [2.4704, 48.81955, 80.0]}, "properties": {"source_index": 944, "ndvi": 0.38990072358812894, "observation_time": 0.0, "origin": "synthetic demonstration"}}, {"type": "Feature", "geometry": {"type": "Point", "coordinates": [2.470425, 48.81955, 80.0]}, "properties": {"source_index": 945, "ndvi": 0.3535030034631393, "observation_time": 0.0, "origin": "synthetic demonstration"}}, {"type": "Feature", "geometry": {"type": "Point", "coordinates": [2.47045, 48.81955, 80.0]}, "properties": {"source_index": 946, "ndvi": 0.31703905932762316, "observation_time": 0.0, "origin": "synthetic demonstration"}}, {"type": "Feature", "geometry": {"type": "Point", "coordinates": [2.4707500000000002, 48.81955, 80.0]}, "properties": {"source_index": 958, "ndvi": 0.3345260394679423, "observation_time": 0.0, "origin": "synthetic demonstration"}}, {"type": "Feature", "geometry": {"type": "Point", "coordinates": [2.470775, 48.81955, 80.0]}, "properties": {"source_index": 959, "ndvi": 0.3739603761716524, "observation_time": 0.0, "origin": "synthetic demonstration"}}, {"type": "Feature", "geometry": {"type": "Point", "coordinates": [2.4695, 48.819575, 80.0]}, "properties": {"source_index": 972, "ndvi": 0.32127050485984865, "observation_time": 0.0, "origin": "synthetic demonstration"}}, {"type": "Feature", "geometry": {"type": "Point", "coordinates": [2.4695250000000004, 48.819575, 80.0]}, "properties": {"source_index": 973, "ndvi": 0.36841781305992927, "observation_time": 0.0, "origin": "synthetic demonstration"}}, {"type": "Feature", "geometry": {"type": "Point", "coordinates": [2.4695500000000004, 48.819575, 80.0]}, "properties": {"source_index": 974, "ndvi": 0.41554818967753954, "observation_time": 0.0, "origin": "synthetic demonstration"}}, {"type": "Feature", "geometry": {"type": "Point", "coordinates": [2.4695750000000003, 48.819575, 80.0]}, "properties": {"source_index": 975, "ndvi": 0.4598760129946725, "observation_time": 0.0, "origin": "synthetic demonstration"}}, {"type": "Feature", "geometry": {"type": "Point", "coordinates": [2.4696000000000002, 48.819575, 80.0]}, "properties": {"source_index": 976, "ndvi": 0.49846552715898007, "observation_time": 0.0, "origin": "synthetic demonstration"}}, {"type": "Feature", "geometry": {"type": "Point", "coordinates": [2.469625, 48.819575, 80.0]}, "properties": {"source_index": 977, "ndvi": 0.5285418074291576, "observation_time": 0.0, "origin": "synthetic demonstration"}}, {"type": "Feature", "geometry": {"type": "Point", "coordinates": [2.46965, 48.819575, 80.0]}, "properties": {"source_index": 978, "ndvi": 0.5478618843612887, "observation_time": 0.0, "origin": "synthetic demonstration"}}, {"type": "Feature", "geometry": {"type": "Point", "coordinates": [2.469675, 48.819575, 80.0]}, "properties": {"source_index": 979, "ndvi": 0.5550590308794351, "observation_time": 0.0, "origin": "synthetic demonstration"}}, {"type": "Feature", "geometry": {"type": "Point", "coordinates": [2.4697, 48.819575, 80.0]}, "properties": {"source_index": 980, "ndvi": 0.549861145622656, "observation_time": 0.0, "origin": "synthetic demonstration"}}, {"type": "Feature", "geometry": {"type": "Point", "coordinates": [2.4697250000000004, 48.819575, 80.0]}, "properties": {"source_index": 981, "ndvi": 0.5331146826522832, "observation_time": 0.0, "origin": "synthetic demonstration"}}, {"type": "Feature", "geometry": {"type": "Point", "coordinates": [2.4697500000000003, 48.819575, 80.0]}, "properties": {"source_index": 982, "ndvi": 0.5066092324351148, "observation_time": 0.0, "origin": "synthetic demonstration"}}, {"type": "Feature", "geometry": {"type": "Point", "coordinates": [2.4697750000000003, 48.819575, 80.0]}, "properties": {"source_index": 983, "ndvi": 0.47276298899456975, "observation_time": 0.0, "origin": "synthetic demonstration"}}, {"type": "Feature", "geometry": {"type": "Point", "coordinates": [2.4698, 48.819575, 80.0]}, "properties": {"source_index": 984, "ndvi": 0.434263729800048, "observation_time": 0.0, "origin": "synthetic demonstration"}}, {"type": "Feature", "geometry": {"type": "Point", "coordinates": [2.469825, 48.819575, 80.0]}, "properties": {"source_index": 985, "ndvi": 0.3937526788530368, "observation_time": 0.0, "origin": "synthetic demonstration"}}, {"type": "Feature", "geometry": {"type": "Point", "coordinates": [2.46985, 48.819575, 80.0]}, "properties": {"source_index": 986, "ndvi": 0.35360311216829526, "observation_time": 0.0, "origin": "synthetic demonstration"}}, {"type": "Feature", "geometry": {"type": "Point", "coordinates": [2.469875, 48.819575, 80.0]}, "properties": {"source_index": 987, "ndvi": 0.31580493091581197, "observation_time": 0.0, "origin": "synthetic demonstration"}}, {"type": "Feature", "geometry": {"type": "Point", "coordinates": [2.4701750000000002, 48.819575, 80.0]}, "properties": {"source_index": 999, "ndvi": 0.3325447606185558, "observation_time": 0.0, "origin": "synthetic demonstration"}}, {"type": "Feature", "geometry": {"type": "Point", "coordinates": [2.4702, 48.819575, 80.0]}, "properties": {"source_index": 1000, "ndvi": 0.36682247142990854, "observation_time": 0.0, "origin": "synthetic demonstration"}}, {"type": "Feature", "geometry": {"type": "Point", "coordinates": [2.470225, 48.819575, 80.0]}, "properties": {"source_index": 1001, "ndvi": 0.39852135096919444, "observation_time": 0.0, "origin": "synthetic demonstration"}}, {"type": "Feature", "geometry": {"type": "Point", "coordinates": [2.47025, 48.819575, 80.0]}, "properties": {"source_index": 1002, "ndvi": 0.42432478200652446, "observation_time": 0.0, "origin": "synthetic demonstration"}}, {"type": "Feature", "geometry": {"type": "Point", "coordinates": [2.470275, 48.819575, 80.0]}, "properties": {"source_index": 1003, "ndvi": 0.4411798279040623, "observation_time": 0.0, "origin": "synthetic demonstration"}}, {"type": "Feature", "geometry": {"type": "Point", "coordinates": [2.4703000000000004, 48.819575, 80.0]}, "properties": {"source_index": 1004, "ndvi": 0.44691641712467567, "observation_time": 0.0, "origin": "synthetic demonstration"}}, {"type": "Feature", "geometry": {"type": "Point", "coordinates": [2.4703250000000003, 48.819575, 80.0]}, "properties": {"source_index": 1005, "ndvi": 0.4407637148321702, "observation_time": 0.0, "origin": "synthetic demonstration"}}, {"type": "Feature", "geometry": {"type": "Point", "coordinates": [2.4703500000000003, 48.819575, 80.0]}, "properties": {"source_index": 1006, "ndvi": 0.4235478287528039, "observation_time": 0.0, "origin": "synthetic demonstration"}}, {"type": "Feature", "geometry": {"type": "Point", "coordinates": [2.470375, 48.819575, 80.0]}, "properties": {"source_index": 1007, "ndvi": 0.3974802084315104, "observation_time": 0.0, "origin": "synthetic demonstration"}}, {"type": "Feature", "geometry": {"type": "Point", "coordinates": [2.4704, 48.819575, 80.0]}, "properties": {"source_index": 1008, "ndvi": 0.3656335946736875, "observation_time": 0.0, "origin": "synthetic demonstration"}}, {"type": "Feature", "geometry": {"type": "Point", "coordinates": [2.470425, 48.819575, 80.0]}, "properties": {"source_index": 1009, "ndvi": 0.3313234358808739, "observation_time": 0.0, "origin": "synthetic demonstration"}}, {"type": "Feature", "geometry": {"type": "Point", "coordinates": [2.4707250000000003, 48.819575, 80.0]}, "properties": {"source_index": 1021, "ndvi": 0.3170842295888806, "observation_time": 0.0, "origin": "synthetic demonstration"}}, {"type": "Feature", "geometry": {"type": "Point", "coordinates": [2.4707500000000002, 48.819575, 80.0]}, "properties": {"source_index": 1022, "ndvi": 0.3549950125594053, "observation_time": 0.0, "origin": "synthetic demonstration"}}, {"type": "Feature", "geometry": {"type": "Point", "coordinates": [2.470775, 48.819575, 80.0]}, "properties": {"source_index": 1023, "ndvi": 0.39519378322936527, "observation_time": 0.0, "origin": "synthetic demonstration"}}, {"type": "Feature", "geometry": {"type": "Point", "coordinates": [2.4695, 48.8196, 80.0]}, "properties": {"source_index": 1036, "ndvi": 0.32491105179664037, "observation_time": 0.0, "origin": "synthetic demonstration"}}, {"type": "Feature", "geometry": {"type": "Point", "coordinates": [2.4695250000000004, 48.8196, 80.0]}, "properties": {"source_index": 1037, "ndvi": 0.37517264050819316, "observation_time": 0.0, "origin": "synthetic demonstration"}}, {"type": "Feature", "geometry": {"type": "Point", "coordinates": [2.4695500000000004, 48.8196, 80.0]}, "properties": {"source_index": 1038, "ndvi": 0.4248461167180228, "observation_time": 0.0, "origin": "synthetic demonstration"}}, {"type": "Feature", "geometry": {"type": "Point", "coordinates": [2.4695750000000003, 48.8196, 80.0]}, "properties": {"source_index": 1039, "ndvi": 0.47114727513874854, "observation_time": 0.0, "origin": "synthetic demonstration"}}, {"type": "Feature", "geometry": {"type": "Point", "coordinates": [2.4696000000000002, 48.8196, 80.0]}, "properties": {"source_index": 1040, "ndvi": 0.5112120349776395, "observation_time": 0.0, "origin": "synthetic demonstration"}}, {"type": "Feature", "geometry": {"type": "Point", "coordinates": [2.469625, 48.8196, 80.0]}, "properties": {"source_index": 1041, "ndvi": 0.5423964399753826, "observation_time": 0.0, "origin": "synthetic demonstration"}}, {"type": "Feature", "geometry": {"type": "Point", "coordinates": [2.46965, 48.8196, 80.0]}, "properties": {"source_index": 1042, "ndvi": 0.5626165894773266, "observation_time": 0.0, "origin": "synthetic demonstration"}}, {"type": "Feature", "geometry": {"type": "Point", "coordinates": [2.469675, 48.8196, 80.0]}, "properties": {"source_index": 1043, "ndvi": 0.5706486925816604, "observation_time": 0.0, "origin": "synthetic demonstration"}}, {"type": "Feature", "geometry": {"type": "Point", "coordinates": [2.4697, 48.8196, 80.0]}, "properties": {"source_index": 1044, "ndvi": 0.5663057044006933, "observation_time": 0.0, "origin": "synthetic demonstration"}}, {"type": "Feature", "geometry": {"type": "Point", "coordinates": [2.4697250000000004, 48.8196, 80.0]}, "properties": {"source_index": 1045, "ndvi": 0.5504383855772349, "observation_time": 0.0, "origin": "synthetic demonstration"}}, {"type": "Feature", "geometry": {"type": "Point", "coordinates": [2.4697500000000003, 48.8196, 80.0]}, "properties": {"source_index": 1046, "ndvi": 0.524763896203314, "observation_time": 0.0, "origin": "synthetic demonstration"}}, {"type": "Feature", "geometry": {"type": "Point", "coordinates": [2.4697750000000003, 48.8196, 80.0]}, "properties": {"source_index": 1047, "ndvi": 0.4915776657245238, "observation_time": 0.0, "origin": "synthetic demonstration"}}, {"type": "Feature", "geometry": {"type": "Point", "coordinates": [2.4698, 48.8196, 80.0]}, "properties": {"source_index": 1048, "ndvi": 0.45343003527474646, "observation_time": 0.0, "origin": "synthetic demonstration"}}, {"type": "Feature", "geometry": {"type": "Point", "coordinates": [2.469825, 48.8196, 80.0]}, "properties": {"source_index": 1049, "ndvi": 0.41284138621861866, "observation_time": 0.0, "origin": "synthetic demonstration"}}, {"type": "Feature", "geometry": {"type": "Point", "coordinates": [2.46985, 48.8196, 80.0]}, "properties": {"source_index": 1050, "ndvi": 0.37209966861159693, "observation_time": 0.0, "origin": "synthetic demonstration"}}, {"type": "Feature", "geometry": {"type": "Point", "coordinates": [2.469875, 48.8196, 80.0]}, "properties": {"source_index": 1051, "ndvi": 0.3331506412582998, "observation_time": 0.0, "origin": "synthetic demonstration"}}, {"type": "Feature", "geometry": {"type": "Point", "coordinates": [2.4701750000000002, 48.8196, 80.0]}, "properties": {"source_index": 1063, "ndvi": 0.30963920852754473, "observation_time": 0.0, "origin": "synthetic demonstration"}}, {"type": "Feature", "geometry": {"type": "Point", "coordinates": [2.4702, 48.8196, 80.0]}, "properties": {"source_index": 1064, "ndvi": 0.3415246184645551, "observation_time": 0.0, "origin": "synthetic demonstration"}}, {"type": "Feature", "geometry": {"type": "Point", "coordinates": [2.470225, 48.8196, 80.0]}, "properties": {"source_index": 1065, "ndvi": 0.3715023450151337, "observation_time": 0.0, "origin": "synthetic demonstration"}}, {"type": "Feature", "geometry": {"type": "Point", "coordinates": [2.47025, 48.8196, 80.0]}, "properties": {"source_index": 1066, "ndvi": 0.3962084874092326, "observation_time": 0.0, "origin": "synthetic demonstration"}}, {"type": "Feature", "geometry": {"type": "Point", "coordinates": [2.470275, 48.8196, 80.0]}, "properties": {"source_index": 1067, "ndvi": 0.41248207331910003, "observation_time": 0.0, "origin": "synthetic demonstration"}}, {"type": "Feature", "geometry": {"type": "Point", "coordinates": [2.4703000000000004, 48.8196, 80.0]}, "properties": {"source_index": 1068, "ndvi": 0.4180440740453403, "observation_time": 0.0, "origin": "synthetic demonstration"}}, {"type": "Feature", "geometry": {"type": "Point", "coordinates": [2.4703250000000003, 48.8196, 80.0]}, "properties": {"source_index": 1069, "ndvi": 0.41207907846715824, "observation_time": 0.0, "origin": "synthetic demonstration"}}, {"type": "Feature", "geometry": {"type": "Point", "coordinates": [2.4703500000000003, 48.8196, 80.0]}, "properties": {"source_index": 1070, "ndvi": 0.3954608520593342, "observation_time": 0.0, "origin": "synthetic demonstration"}}, {"type": "Feature", "geometry": {"type": "Point", "coordinates": [2.470375, 48.8196, 80.0]}, "properties": {"source_index": 1071, "ndvi": 0.37051098018882417, "observation_time": 0.0, "origin": "synthetic demonstration"}}, {"type": "Feature", "geometry": {"type": "Point", "coordinates": [2.4704, 48.8196, 80.0]}, "properties": {"source_index": 1072, "ndvi": 0.34040895511070324, "observation_time": 0.0, "origin": "synthetic demonstration"}}, {"type": "Feature", "geometry": {"type": "Point", "coordinates": [2.470425, 48.8196, 80.0]}, "properties": {"source_index": 1073, "ndvi": 0.308514665769118, "observation_time": 0.0, "origin": "synthetic demonstration"}}, {"type": "Feature", "geometry": {"type": "Point", "coordinates": [2.4707250000000003, 48.8196, 80.0]}, "properties": {"source_index": 1085, "ndvi": 0.3344803978465047, "observation_time": 0.0, "origin": "synthetic demonstration"}}, {"type": "Feature", "geometry": {"type": "Point", "coordinates": [2.4707500000000002, 48.8196, 80.0]}, "properties": {"source_index": 1086, "ndvi": 0.37352193110139625, "observation_time": 0.0, "origin": "synthetic demonstration"}}, {"type": "Feature", "geometry": {"type": "Point", "coordinates": [2.470775, 48.8196, 80.0]}, "properties": {"source_index": 1087, "ndvi": 0.41429364103865446, "observation_time": 0.0, "origin": "synthetic demonstration"}}, {"type": "Feature", "geometry": {"type": "Point", "coordinates": [2.4695, 48.819625, 80.0]}, "properties": {"source_index": 1100, "ndvi": 0.3283131962785451, "observation_time": 0.0, "origin": "synthetic demonstration"}}, {"type": "Feature", "geometry": {"type": "Point", "coordinates": [2.4695250000000004, 48.819625, 80.0]}, "properties": {"source_index": 1101, "ndvi": 0.38141999699089996, "observation_time": 0.0, "origin": "synthetic demonstration"}}, {"type": "Feature", "geometry": {"type": "Point", "coordinates": [2.4695500000000004, 48.819625, 80.0]}, "properties": {"source_index": 1102, "ndvi": 0.43335870583513597, "observation_time": 0.0, "origin": "synthetic demonstration"}}, {"type": "Feature", "geometry": {"type": "Point", "coordinates": [2.4695750000000003, 48.819625, 80.0]}, "properties": {"source_index": 1103, "ndvi": 0.48136737048588657, "observation_time": 0.0, "origin": "synthetic demonstration"}}, {"type": "Feature", "geometry": {"type": "Point", "coordinates": [2.4696000000000002, 48.819625, 80.0]}, "properties": {"source_index": 1104, "ndvi": 0.5226678795303294, "observation_time": 0.0, "origin": "synthetic demonstration"}}, {"type": "Feature", "geometry": {"type": "Point", "coordinates": [2.469625, 48.819625, 80.0]}, "properties": {"source_index": 1105, "ndvi": 0.5547522046351658, "observation_time": 0.0, "origin": "synthetic demonstration"}}, {"type": "Feature", "geometry": {"type": "Point", "coordinates": [2.46965, 48.819625, 80.0]}, "properties": {"source_index": 1106, "ndvi": 0.5756920387366496, "observation_time": 0.0, "origin": "synthetic demonstration"}}, {"type": "Feature", "geometry": {"type": "Point", "coordinates": [2.469675, 48.819625, 80.0]}, "properties": {"source_index": 1107, "ndvi": 0.5843994442581785, "observation_time": 0.0, "origin": "synthetic demonstration"}}, {"type": "Feature", "geometry": {"type": "Point", "coordinates": [2.4697, 48.819625, 80.0]}, "properties": {"source_index": 1108, "ndvi": 0.580768287788333, "observation_time": 0.0, "origin": "synthetic demonstration"}}, {"type": "Feature", "geometry": {"type": "Point", "coordinates": [2.4697250000000004, 48.819625, 80.0]}, "properties": {"source_index": 1109, "ndvi": 0.565657143853444, "observation_time": 0.0, "origin": "synthetic demonstration"}}, {"type": "Feature", "geometry": {"type": "Point", "coordinates": [2.4697500000000003, 48.819625, 80.0]}, "properties": {"source_index": 1110, "ndvi": 0.5407222689454305, "observation_time": 0.0, "origin": "synthetic demonstration"}}, {"type": "Feature", "geometry": {"type": "Point", "coordinates": [2.4697750000000003, 48.819625, 80.0]}, "properties": {"source_index": 1111, "ndvi": 0.5081520632316741, "observation_time": 0.0, "origin": "synthetic demonstration"}}, {"type": "Feature", "geometry": {"type": "Point", "coordinates": [2.4698, 48.819625, 80.0]}, "properties": {"source_index": 1112, "ndvi": 0.47037379835376586, "observation_time": 0.0, "origin": "synthetic demonstration"}}, {"type": "Feature", "geometry": {"type": "Point", "coordinates": [2.469825, 48.819625, 80.0]}, "properties": {"source_index": 1113, "ndvi": 0.4297954340177564, "observation_time": 0.0, "origin": "synthetic demonstration"}}, {"type": "Feature", "geometry": {"type": "Point", "coordinates": [2.46985, 48.819625, 80.0]}, "properties": {"source_index": 1114, "ndvi": 0.3886200045599677, "observation_time": 0.0, "origin": "synthetic demonstration"}}, {"type": "Feature", "geometry": {"type": "Point", "coordinates": [2.469875, 48.819625, 80.0]}, "properties": {"source_index": 1115, "ndvi": 0.34874190469309496, "observation_time": 0.0, "origin": "synthetic demonstration"}}, {"type": "Feature", "geometry": {"type": "Point", "coordinates": [2.4699, 48.819625, 80.0]}, "properties": {"source_index": 1116, "ndvi": 0.3117138474358324, "observation_time": 0.0, "origin": "synthetic demonstration"}}, {"type": "Feature", "geometry": {"type": "Point", "coordinates": [2.4702, 48.819625, 80.0]}, "properties": {"source_index": 1128, "ndvi": 0.3157069929196885, "observation_time": 0.0, "origin": "synthetic demonstration"}}, {"type": "Feature", "geometry": {"type": "Point", "coordinates": [2.470225, 48.819625, 80.0]}, "properties": {"source_index": 1129, "ndvi": 0.3436607874267864, "observation_time": 0.0, "origin": "synthetic demonstration"}}, {"type": "Feature", "geometry": {"type": "Point", "coordinates": [2.47025, 48.819625, 80.0]}, "properties": {"source_index": 1130, "ndvi": 0.36701471696393556, "observation_time": 0.0, "origin": "synthetic demonstration"}}, {"type": "Feature", "geometry": {"type": "Point", "coordinates": [2.470275, 48.819625, 80.0]}, "properties": {"source_index": 1131, "ndvi": 0.382538635827691, "observation_time": 0.0, "origin": "synthetic demonstration"}}, {"type": "Feature", "geometry": {"type": "Point", "coordinates": [2.4703000000000004, 48.819625, 80.0]}, "properties": {"source_index": 1132, "ndvi": 0.3878687576138554, "observation_time": 0.0, "origin": "synthetic demonstration"}}, {"type": "Feature", "geometry": {"type": "Point", "coordinates": [2.4703250000000003, 48.819625, 80.0]}, "properties": {"source_index": 1133, "ndvi": 0.3821529157473883, "observation_time": 0.0, "origin": "synthetic demonstration"}}, {"type": "Feature", "geometry": {"type": "Point", "coordinates": [2.4703500000000003, 48.819625, 80.0]}, "properties": {"source_index": 1134, "ndvi": 0.36630413567449477, "observation_time": 0.0, "origin": "synthetic demonstration"}}, {"type": "Feature", "geometry": {"type": "Point", "coordinates": [2.470375, 48.819625, 80.0]}, "properties": {"source_index": 1135, "ndvi": 0.3427293673538606, "observation_time": 0.0, "origin": "synthetic demonstration"}}, {"type": "Feature", "geometry": {"type": "Point", "coordinates": [2.4704, 48.819625, 80.0]}, "properties": {"source_index": 1136, "ndvi": 0.31467556305831207, "observation_time": 0.0, "origin": "synthetic demonstration"}}, {"type": "Feature", "geometry": {"type": "Point", "coordinates": [2.4707000000000003, 48.819625, 80.0]}, "properties": {"source_index": 1148, "ndvi": 0.312961581506926, "observation_time": 0.0, "origin": "synthetic demonstration"}}, {"type": "Feature", "geometry": {"type": "Point", "coordinates": [2.4707250000000003, 48.819625, 80.0]}, "properties": {"source_index": 1149, "ndvi": 0.35011331835554965, "observation_time": 0.0, "origin": "synthetic demonstration"}}, {"type": "Feature", "geometry": {"type": "Point", "coordinates": [2.4707500000000002, 48.819625, 80.0]}, "properties": {"source_index": 1150, "ndvi": 0.39006587603038806, "observation_time": 0.0, "origin": "synthetic demonstration"}}, {"type": "Feature", "geometry": {"type": "Point", "coordinates": [2.470775, 48.819625, 80.0]}, "properties": {"source_index": 1151, "ndvi": 0.4312545016385562, "observation_time": 0.0, "origin": "synthetic demonstration"}}, {"type": "Feature", "geometry": {"type": "Point", "coordinates": [2.4695, 48.81965, 80.0]}, "properties": {"source_index": 1164, "ndvi": 0.33143121609319176, "observation_time": 0.0, "origin": "synthetic demonstration"}}, {"type": "Feature", "geometry": {"type": "Point", "coordinates": [2.4695250000000004, 48.81965, 80.0]}, "properties": {"source_index": 1165, "ndvi": 0.3870911732687647, "observation_time": 0.0, "origin": "synthetic demonstration"}}, {"type": "Feature", "geometry": {"type": "Point", "coordinates": [2.4695500000000004, 48.81965, 80.0]}, "properties": {"source_index": 1166, "ndvi": 0.441015003105626, "observation_time": 0.0, "origin": "synthetic demonstration"}}, {"type": "Feature", "geometry": {"type": "Point", "coordinates": [2.4695750000000003, 48.81965, 80.0]}, "properties": {"source_index": 1167, "ndvi": 0.49047956183808106, "observation_time": 0.0, "origin": "synthetic demonstration"}}, {"type": "Feature", "geometry": {"type": "Point", "coordinates": [2.4696000000000002, 48.81965, 80.0]}, "properties": {"source_index": 1168, "ndvi": 0.5328011444940604, "observation_time": 0.0, "origin": "synthetic demonstration"}}, {"type": "Feature", "geometry": {"type": "Point", "coordinates": [2.469625, 48.81965, 80.0]}, "properties": {"source_index": 1169, "ndvi": 0.5656065716065412, "observation_time": 0.0, "origin": "synthetic demonstration"}}, {"type": "Feature", "geometry": {"type": "Point", "coordinates": [2.46965, 48.81965, 80.0]}, "properties": {"source_index": 1170, "ndvi": 0.5871146349035092, "observation_time": 0.0, "origin": "synthetic demonstration"}}, {"type": "Feature", "geometry": {"type": "Point", "coordinates": [2.469675, 48.81965, 80.0]}, "properties": {"source_index": 1171, "ndvi": 0.5963626083906575, "observation_time": 0.0, "origin": "synthetic demonstration"}}, {"type": "Feature", "geometry": {"type": "Point", "coordinates": [2.4697, 48.81965, 80.0]}, "properties": {"source_index": 1172, "ndvi": 0.5933186831716112, "observation_time": 0.0, "origin": "synthetic demonstration"}}, {"type": "Feature", "geometry": {"type": "Point", "coordinates": [2.4697250000000004, 48.81965, 80.0]}, "properties": {"source_index": 1173, "ndvi": 0.5788508540928807, "observation_time": 0.0, "origin": "synthetic demonstration"}}, {"type": "Feature", "geometry": {"type": "Point", "coordinates": [2.4697500000000003, 48.81965, 80.0]}, "properties": {"source_index": 1174, "ndvi": 0.5545644669447616, "observation_time": 0.0, "origin": "synthetic demonstration"}}, {"type": "Feature", "geometry": {"type": "Point", "coordinates": [2.4697750000000003, 48.81965, 80.0]}, "properties": {"source_index": 1175, "ndvi": 0.5225558514075357, "observation_time": 0.0, "origin": "synthetic demonstration"}}, {"type": "Feature", "geometry": {"type": "Point", "coordinates": [2.4698, 48.81965, 80.0]}, "properties": {"source_index": 1176, "ndvi": 0.4851441481845103, "observation_time": 0.0, "origin": "synthetic demonstration"}}, {"type": "Feature", "geometry": {"type": "Point", "coordinates": [2.469825, 48.81965, 80.0]}, "properties": {"source_index": 1177, "ndvi": 0.4446355422950318, "observation_time": 0.0, "origin": "synthetic demonstration"}}, {"type": "Feature", "geometry": {"type": "Point", "coordinates": [2.46985, 48.81965, 80.0]}, "properties": {"source_index": 1178, "ndvi": 0.40315225064799254, "observation_time": 0.0, "origin": "synthetic demonstration"}}, {"type": "Feature", "geometry": {"type": "Point", "coordinates": [2.469875, 48.81965, 80.0]}, "properties": {"source_index": 1179, "ndvi": 0.3625346642661683, "observation_time": 0.0, "origin": "synthetic demonstration"}}, {"type": "Feature", "geometry": {"type": "Point", "coordinates": [2.4699, 48.81965, 80.0]}, "properties": {"source_index": 1180, "ndvi": 0.3243074116902987, "observation_time": 0.0, "origin": "synthetic demonstration"}}, {"type": "Feature", "geometry": {"type": "Point", "coordinates": [2.470225, 48.81965, 80.0]}, "properties": {"source_index": 1193, "ndvi": 0.31560397251216943, "observation_time": 0.0, "origin": "synthetic demonstration"}}, {"type": "Feature", "geometry": {"type": "Point", "coordinates": [2.47025, 48.81965, 80.0]}, "properties": {"source_index": 1194, "ndvi": 0.3373651411568025, "observation_time": 0.0, "origin": "synthetic demonstration"}}, {"type": "Feature", "geometry": {"type": "Point", "coordinates": [2.470275, 48.81965, 80.0]}, "properties": {"source_index": 1195, "ndvi": 0.35197438710277146, "observation_time": 0.0, "origin": "synthetic demonstration"}}, {"type": "Feature", "geometry": {"type": "Point", "coordinates": [2.4703000000000004, 48.81965, 80.0]}, "properties": {"source_index": 1196, "ndvi": 0.35701533305481303, "observation_time": 0.0, "origin": "synthetic demonstration"}}, {"type": "Feature", "geometry": {"type": "Point", "coordinates": [2.4703250000000003, 48.81965, 80.0]}, "properties": {"source_index": 1197, "ndvi": 0.35161007730240046, "observation_time": 0.0, "origin": "synthetic demonstration"}}, {"type": "Feature", "geometry": {"type": "Point", "coordinates": [2.4703500000000003, 48.81965, 80.0]}, "properties": {"source_index": 1198, "ndvi": 0.3366990856383116, "observation_time": 0.0, "origin": "synthetic demonstration"}}, {"type": "Feature", "geometry": {"type": "Point", "coordinates": [2.470375, 48.81965, 80.0]}, "properties": {"source_index": 1199, "ndvi": 0.31474183993431765, "observation_time": 0.0, "origin": "synthetic demonstration"}}, {"type": "Feature", "geometry": {"type": "Point", "coordinates": [2.4707000000000003, 48.81965, 80.0]}, "properties": {"source_index": 1212, "ndvi": 0.3256055816139714, "observation_time": 0.0, "origin": "synthetic demonstration"}}, {"type": "Feature", "geometry": {"type": "Point", "coordinates": [2.4707250000000003, 48.81965, 80.0]}, "properties": {"source_index": 1213, "ndvi": 0.36394001277574356, "observation_time": 0.0, "origin": "synthetic demonstration"}}, {"type": "Feature", "geometry": {"type": "Point", "coordinates": [2.4707500000000002, 48.81965, 80.0]}, "properties": {"source_index": 1214, "ndvi": 0.40461615338225027, "observation_time": 0.0, "origin": "synthetic demonstration"}}, {"type": "Feature", "geometry": {"type": "Point", "coordinates": [2.470775, 48.81965, 80.0]}, "properties": {"source_index": 1215, "ndvi": 0.44609818742520574, "observation_time": 0.0, "origin": "synthetic demonstration"}}, {"type": "Feature", "geometry": {"type": "Point", "coordinates": [2.4695, 48.819675000000004, 80.0]}, "properties": {"source_index": 1228, "ndvi": 0.33422451302992773, "observation_time": 0.0, "origin": "synthetic demonstration"}}, {"type": "Feature", "geometry": {"type": "Point", "coordinates": [2.4695250000000004, 48.819675000000004, 80.0]}, "properties": {"source_index": 1229, "ndvi": 0.39212811097458106, "observation_time": 0.0, "origin": "synthetic demonstration"}}, {"type": "Feature", "geometry": {"type": "Point", "coordinates": [2.4695500000000004, 48.819675000000004, 80.0]}, "properties": {"source_index": 1230, "ndvi": 0.4477589862136493, "observation_time": 0.0, "origin": "synthetic demonstration"}}, {"type": "Feature", "geometry": {"type": "Point", "coordinates": [2.4695750000000003, 48.819675000000004, 80.0]}, "properties": {"source_index": 1231, "ndvi": 0.4984440817659589, "observation_time": 0.0, "origin": "synthetic demonstration"}}, {"type": "Feature", "geometry": {"type": "Point", "coordinates": [2.4696000000000002, 48.819675000000004, 80.0]}, "properties": {"source_index": 1232, "ndvi": 0.5415965102349217, "observation_time": 0.0, "origin": "synthetic demonstration"}}, {"type": "Feature", "geometry": {"type": "Point", "coordinates": [2.469625, 48.819675000000004, 80.0]}, "properties": {"source_index": 1233, "ndvi": 0.5749713641983816, "observation_time": 0.0, "origin": "synthetic demonstration"}}, {"type": "Feature", "geometry": {"type": "Point", "coordinates": [2.46965, 48.819675000000004, 80.0]}, "properties": {"source_index": 1234, "ndvi": 0.5969219480612453, "observation_time": 0.0, "origin": "synthetic demonstration"}}, {"type": "Feature", "geometry": {"type": "Point", "coordinates": [2.469675, 48.819675000000004, 80.0]}, "properties": {"source_index": 1235, "ndvi": 0.6065975243193348, "observation_time": 0.0, "origin": "synthetic demonstration"}}, {"type": "Feature", "geometry": {"type": "Point", "coordinates": [2.4697, 48.819675000000004, 80.0]}, "properties": {"source_index": 1236, "ndvi": 0.6040324004404239, "observation_time": 0.0, "origin": "synthetic demonstration"}}, {"type": "Feature", "geometry": {"type": "Point", "coordinates": [2.4697250000000004, 48.819675000000004, 80.0]}, "properties": {"source_index": 1237, "ndvi": 0.5901042834339169, "observation_time": 0.0, "origin": "synthetic demonstration"}}, {"type": "Feature", "geometry": {"type": "Point", "coordinates": [2.4697500000000003, 48.819675000000004, 80.0]}, "properties": {"source_index": 1238, "ndvi": 0.566376369604468, "observation_time": 0.0, "origin": "synthetic demonstration"}}, {"type": "Feature", "geometry": {"type": "Point", "coordinates": [2.4697750000000003, 48.819675000000004, 80.0]}, "properties": {"source_index": 1239, "ndvi": 0.5348670469756025, "observation_time": 0.0, "origin": "synthetic demonstration"}}, {"type": "Feature", "geometry": {"type": "Point", "coordinates": [2.4698, 48.819675000000004, 80.0]}, "properties": {"source_index": 1240, "ndvi": 0.49780238494664736, "observation_time": 0.0, "origin": "synthetic demonstration"}}, {"type": "Feature", "geometry": {"type": "Point", "coordinates": [2.469825, 48.819675000000004, 80.0]}, "properties": {"source_index": 1241, "ndvi": 0.4573988815493375, "observation_time": 0.0, "origin": "synthetic demonstration"}}, {"type": "Feature", "geometry": {"type": "Point", "coordinates": [2.46985, 48.819675000000004, 80.0]}, "properties": {"source_index": 1242, "ndvi": 0.4157047759403777, "observation_time": 0.0, "origin": "synthetic demonstration"}}, {"type": "Feature", "geometry": {"type": "Point", "coordinates": [2.469875, 48.819675000000004, 80.0]}, "properties": {"source_index": 1243, "ndvi": 0.37450750982468395, "observation_time": 0.0, "origin": "synthetic demonstration"}}, {"type": "Feature", "geometry": {"type": "Point", "coordinates": [2.4699, 48.819675000000004, 80.0]}, "properties": {"source_index": 1244, "ndvi": 0.3352995666345608, "observation_time": 0.0, "origin": "synthetic demonstration"}}, {"type": "Feature", "geometry": {"type": "Point", "coordinates": [2.47025, 48.819675000000004, 80.0]}, "properties": {"source_index": 1258, "ndvi": 0.3080722055138237, "observation_time": 0.0, "origin": "synthetic demonstration"}}, {"type": "Feature", "geometry": {"type": "Point", "coordinates": [2.470275, 48.819675000000004, 80.0]}, "properties": {"source_index": 1259, "ndvi": 0.32162491981341584, "observation_time": 0.0, "origin": "synthetic demonstration"}}, {"type": "Feature", "geometry": {"type": "Point", "coordinates": [2.4703000000000004, 48.819675000000004, 80.0]}, "properties": {"source_index": 1260, "ndvi": 0.3263261173594015, "observation_time": 0.0, "origin": "synthetic demonstration"}}, {"type": "Feature", "geometry": {"type": "Point", "coordinates": [2.4703250000000003, 48.819675000000004, 80.0]}, "properties": {"source_index": 1261, "ndvi": 0.3212856451163748, "observation_time": 0.0, "origin": "synthetic demonstration"}}, {"type": "Feature", "geometry": {"type": "Point", "coordinates": [2.4703500000000003, 48.819675000000004, 80.0]}, "properties": {"source_index": 1262, "ndvi": 0.30745695955330227, "observation_time": 0.0, "origin": "synthetic demonstration"}}, {"type": "Feature", "geometry": {"type": "Point", "coordinates": [2.4706750000000004, 48.819675000000004, 80.0]}, "properties": {"source_index": 1275, "ndvi": 0.30049629342318557, "observation_time": 0.0, "origin": "synthetic demonstration"}}, {"type": "Feature", "geometry": {"type": "Point", "coordinates": [2.4707000000000003, 48.819675000000004, 80.0]}, "properties": {"source_index": 1276, "ndvi": 0.336639513937151, "observation_time": 0.0, "origin": "synthetic demonstration"}}, {"type": "Feature", "geometry": {"type": "Point", "coordinates": [2.4707250000000003, 48.819675000000004, 80.0]}, "properties": {"source_index": 1277, "ndvi": 0.3759400959782279, "observation_time": 0.0, "origin": "synthetic demonstration"}}, {"type": "Feature", "geometry": {"type": "Point", "coordinates": [2.4707500000000002, 48.819675000000004, 80.0]}, "properties": {"source_index": 1278, "ndvi": 0.41718219236321497, "observation_time": 0.0, "origin": "synthetic demonstration"}}, {"type": "Feature", "geometry": {"type": "Point", "coordinates": [2.470775, 48.819675000000004, 80.0]}, "properties": {"source_index": 1279, "ndvi": 0.4588628224570637, "observation_time": 0.0, "origin": "synthetic demonstration"}}, {"type": "Feature", "geometry": {"type": "Point", "coordinates": [2.4695, 48.8197, 80.0]}, "properties": {"source_index": 1292, "ndvi": 0.33665776749592197, "observation_time": 0.0, "origin": "synthetic demonstration"}}, {"type": "Feature", "geometry": {"type": "Point", "coordinates": [2.4695250000000004, 48.8197, 80.0]}, "properties": {"source_index": 1293, "ndvi": 0.39648262160624403, "observation_time": 0.0, "origin": "synthetic demonstration"}}, {"type": "Feature", "geometry": {"type": "Point", "coordinates": [2.4695500000000004, 48.8197, 80.0]}, "properties": {"source_index": 1294, "ndvi": 0.4535472433311465, "observation_time": 0.0, "origin": "synthetic demonstration"}}, {"type": "Feature", "geometry": {"type": "Point", "coordinates": [2.4695750000000003, 48.8197, 80.0]}, "properties": {"source_index": 1295, "ndvi": 0.5052341876678551, "observation_time": 0.0, "origin": "synthetic demonstration"}}, {"type": "Feature", "geometry": {"type": "Point", "coordinates": [2.4696000000000002, 48.8197, 80.0]}, "properties": {"source_index": 1296, "ndvi": 0.5490499955477993, "observation_time": 0.0, "origin": "synthetic demonstration"}}, {"type": "Feature", "geometry": {"type": "Point", "coordinates": [2.469625, 48.8197, 80.0]}, "properties": {"source_index": 1297, "ndvi": 0.5828666650835677, "observation_time": 0.0, "origin": "synthetic demonstration"}}, {"type": "Feature", "geometry": {"type": "Point", "coordinates": [2.46965, 48.8197, 80.0]}, "properties": {"source_index": 1298, "ndvi": 0.6051562110862744, "observation_time": 0.0, "origin": "synthetic demonstration"}}, {"type": "Feature", "geometry": {"type": "Point", "coordinates": [2.469675, 48.8197, 80.0]}, "properties": {"source_index": 1299, "ndvi": 0.6151648734621106, "observation_time": 0.0, "origin": "synthetic demonstration"}}, {"type": "Feature", "geometry": {"type": "Point", "coordinates": [2.4697, 48.8197, 80.0]}, "properties": {"source_index": 1300, "ndvi": 0.612983861095639, "observation_time": 0.0, "origin": "synthetic demonstration"}}, {"type": "Feature", "geometry": {"type": "Point", "coordinates": [2.4697250000000004, 48.8197, 80.0]}, "properties": {"source_index": 1301, "ndvi": 0.5995000094782885, "observation_time": 0.0, "origin": "synthetic demonstration"}}, {"type": "Feature", "geometry": {"type": "Point", "coordinates": [2.4697500000000003, 48.8197, 80.0]}, "properties": {"source_index": 1302, "ndvi": 0.5762421540923048, "observation_time": 0.0, "origin": "synthetic demonstration"}}, {"type": "Feature", "geometry": {"type": "Point", "coordinates": [2.4697750000000003, 48.8197, 80.0]}, "properties": {"source_index": 1303, "ndvi": 0.5451640608911023, "observation_time": 0.0, "origin": "synthetic demonstration"}}, {"type": "Feature", "geometry": {"type": "Point", "coordinates": [2.4698, 48.8197, 80.0]}, "properties": {"source_index": 1304, "ndvi": 0.5084136281136277, "observation_time": 0.0, "origin": "synthetic demonstration"}}, {"type": "Feature", "geometry": {"type": "Point", "coordinates": [2.469825, 48.8197, 80.0]}, "properties": {"source_index": 1305, "ndvi": 0.46813062025974794, "observation_time": 0.0, "origin": "synthetic demonstration"}}, {"type": "Feature", "geometry": {"type": "Point", "coordinates": [2.46985, 48.8197, 80.0]}, "properties": {"source_index": 1306, "ndvi": 0.4262981106797488, "observation_time": 0.0, "origin": "synthetic demonstration"}}, {"type": "Feature", "geometry": {"type": "Point", "coordinates": [2.469875, 48.8197, 80.0]}, "properties": {"source_index": 1307, "ndvi": 0.3846545337209382, "observation_time": 0.0, "origin": "synthetic demonstration"}}, {"type": "Feature", "geometry": {"type": "Point", "coordinates": [2.4699, 48.8197, 80.0]}, "properties": {"source_index": 1308, "ndvi": 0.3446596446754795, "observation_time": 0.0, "origin": "synthetic demonstration"}}, {"type": "Feature", "geometry": {"type": "Point", "coordinates": [2.4699250000000004, 48.8197, 80.0]}, "properties": {"source_index": 1309, "ndvi": 0.30750065302234914, "observation_time": 0.0, "origin": "synthetic demonstration"}}, {"type": "Feature", "geometry": {"type": "Point", "coordinates": [2.4706750000000004, 48.8197, 80.0]}, "properties": {"source_index": 1339, "ndvi": 0.30875666276512403, "observation_time": 0.0, "origin": "synthetic demonstration"}}, {"type": "Feature", "geometry": {"type": "Point", "coordinates": [2.4707000000000003, 48.8197, 80.0]}, "properties": {"source_index": 1340, "ndvi": 0.3460335172734183, "observation_time": 0.0, "origin": "synthetic demonstration"}}, {"type": "Feature", "geometry": {"type": "Point", "coordinates": [2.4707250000000003, 48.8197, 80.0]}, "properties": {"source_index": 1341, "ndvi": 0.3861085893319722, "observation_time": 0.0, "origin": "synthetic demonstration"}}, {"type": "Feature", "geometry": {"type": "Point", "coordinates": [2.4707500000000002, 48.8197, 80.0]}, "properties": {"source_index": 1342, "ndvi": 0.4277854454158023, "observation_time": 0.0, "origin": "synthetic demonstration"}}, {"type": "Feature", "geometry": {"type": "Point", "coordinates": [2.470775, 48.8197, 80.0]}, "properties": {"source_index": 1343, "ndvi": 0.46959437624910416, "observation_time": 0.0, "origin": "synthetic demonstration"}}, {"type": "Feature", "geometry": {"type": "Point", "coordinates": [2.4695, 48.819725, 80.0]}, "properties": {"source_index": 1356, "ndvi": 0.3387010147675945, "observation_time": 0.0, "origin": "synthetic demonstration"}}, {"type": "Feature", "geometry": {"type": "Point", "coordinates": [2.4695250000000004, 48.819725, 80.0]}, "properties": {"source_index": 1357, "ndvi": 0.40011556168280127, "observation_time": 0.0, "origin": "synthetic demonstration"}}, {"type": "Feature", "geometry": {"type": "Point", "coordinates": [2.4695500000000004, 48.819725, 80.0]}, "properties": {"source_index": 1358, "ndvi": 0.45834682946108163, "observation_time": 0.0, "origin": "synthetic demonstration"}}, {"type": "Feature", "geometry": {"type": "Point", "coordinates": [2.4695750000000003, 48.819725, 80.0]}, "properties": {"source_index": 1359, "ndvi": 0.5108327676766375, "observation_time": 0.0, "origin": "synthetic demonstration"}}, {"type": "Feature", "geometry": {"type": "Point", "coordinates": [2.4696000000000002, 48.819725, 80.0]}, "properties": {"source_index": 1360, "ndvi": 0.5551646805664832, "observation_time": 0.0, "origin": "synthetic demonstration"}}, {"type": "Feature", "geometry": {"type": "Point", "coordinates": [2.469625, 48.819725, 80.0]}, "properties": {"source_index": 1361, "ndvi": 0.5893160978145503, "observation_time": 0.0, "origin": "synthetic demonstration"}}, {"type": "Feature", "geometry": {"type": "Point", "coordinates": [2.46965, 48.819725, 80.0]}, "properties": {"source_index": 1362, "ndvi": 0.6118594992508314, "observation_time": 0.0, "origin": "synthetic demonstration"}}, {"type": "Feature", "geometry": {"type": "Point", "coordinates": [2.469675, 48.819725, 80.0]}, "properties": {"source_index": 1363, "ndvi": 0.6221219123248501, "observation_time": 0.0, "origin": "synthetic demonstration"}}, {"type": "Feature", "geometry": {"type": "Point", "coordinates": [2.4697, 48.819725, 80.0]}, "properties": {"source_index": 1364, "ndvi": 0.6202416598200965, "observation_time": 0.0, "origin": "synthetic demonstration"}}, {"type": "Feature", "geometry": {"type": "Point", "coordinates": [2.4697250000000004, 48.819725, 80.0]}, "properties": {"source_index": 1365, "ndvi": 0.6071135619703382, "observation_time": 0.0, "origin": "synthetic demonstration"}}, {"type": "Feature", "geometry": {"type": "Point", "coordinates": [2.4697500000000003, 48.819725, 80.0]}, "properties": {"source_index": 1366, "ndvi": 0.5842391273144248, "observation_time": 0.0, "origin": "synthetic demonstration"}}, {"type": "Feature", "geometry": {"type": "Point", "coordinates": [2.4697750000000003, 48.819725, 80.0]}, "properties": {"source_index": 1367, "ndvi": 0.5535200807786276, "observation_time": 0.0, "origin": "synthetic demonstration"}}, {"type": "Feature", "geometry": {"type": "Point", "coordinates": [2.4698, 48.819725, 80.0]}, "properties": {"source_index": 1368, "ndvi": 0.5170407406070897, "observation_time": 0.0, "origin": "synthetic demonstration"}}, {"type": "Feature", "geometry": {"type": "Point", "coordinates": [2.469825, 48.819725, 80.0]}, "properties": {"source_index": 1369, "ndvi": 0.4768775592911827, "observation_time": 0.0, "origin": "synthetic demonstration"}}, {"type": "Feature", "geometry": {"type": "Point", "coordinates": [2.46985, 48.819725, 80.0]}, "properties": {"source_index": 1370, "ndvi": 0.4349586302723988, "observation_time": 0.0, "origin": "synthetic demonstration"}}, {"type": "Feature", "geometry": {"type": "Point", "coordinates": [2.469875, 48.819725, 80.0]}, "properties": {"source_index": 1371, "ndvi": 0.39297951515758317, "observation_time": 0.0, "origin": "synthetic demonstration"}}, {"type": "Feature", "geometry": {"type": "Point", "coordinates": [2.4699, 48.819725, 80.0]}, "properties": {"source_index": 1372, "ndvi": 0.35236946343839076, "observation_time": 0.0, "origin": "synthetic demonstration"}}, {"type": "Feature", "geometry": {"type": "Point", "coordinates": [2.4699250000000004, 48.819725, 80.0]}, "properties": {"source_index": 1373, "ndvi": 0.3142956471133165, "observation_time": 0.0, "origin": "synthetic demonstration"}}, {"type": "Feature", "geometry": {"type": "Point", "coordinates": [2.4706750000000004, 48.819725, 80.0]}, "properties": {"source_index": 1403, "ndvi": 0.3155893189501165, "observation_time": 0.0, "origin": "synthetic demonstration"}}, {"type": "Feature", "geometry": {"type": "Point", "coordinates": [2.4707000000000003, 48.819725, 80.0]}, "properties": {"source_index": 1404, "ndvi": 0.3537701410002983, "observation_time": 0.0, "origin": "synthetic demonstration"}}, {"type": "Feature", "geometry": {"type": "Point", "coordinates": [2.4707250000000003, 48.819725, 80.0]}, "properties": {"source_index": 1405, "ndvi": 0.394450079150121, "observation_time": 0.0, "origin": "synthetic demonstration"}}, {"type": "Feature", "geometry": {"type": "Point", "coordinates": [2.4707500000000002, 48.819725, 80.0]}, "properties": {"source_index": 1406, "ndvi": 0.4364530631604777, "observation_time": 0.0, "origin": "synthetic demonstration"}}, {"type": "Feature", "geometry": {"type": "Point", "coordinates": [2.470775, 48.819725, 80.0]}, "properties": {"source_index": 1407, "ndvi": 0.47834030353369855, "observation_time": 0.0, "origin": "synthetic demonstration"}}, {"type": "Feature", "geometry": {"type": "Point", "coordinates": [2.4695, 48.81975, 80.0]}, "properties": {"source_index": 1420, "ndvi": 0.3403296657279981, "observation_time": 0.0, "origin": "synthetic demonstration"}}, {"type": "Feature", "geometry": {"type": "Point", "coordinates": [2.4695250000000004, 48.81975, 80.0]}, "properties": {"source_index": 1421, "ndvi": 0.40299603235476406, "observation_time": 0.0, "origin": "synthetic demonstration"}}, {"type": "Feature", "geometry": {"type": "Point", "coordinates": [2.4695500000000004, 48.81975, 80.0]}, "properties": {"source_index": 1422, "ndvi": 0.4621333781783093, "observation_time": 0.0, "origin": "synthetic demonstration"}}, {"type": "Feature", "geometry": {"type": "Point", "coordinates": [2.4695750000000003, 48.81975, 80.0]}, "properties": {"source_index": 1423, "ndvi": 0.5152295215673514, "observation_time": 0.0, "origin": "synthetic demonstration"}}, {"type": "Feature", "geometry": {"type": "Point", "coordinates": [2.4696000000000002, 48.81975, 80.0]}, "properties": {"source_index": 1424, "ndvi": 0.5599473255654837, "observation_time": 0.0, "origin": "synthetic demonstration"}}, {"type": "Feature", "geometry": {"type": "Point", "coordinates": [2.469625, 48.81975, 80.0]}, "properties": {"source_index": 1425, "ndvi": 0.5943432623485883, "observation_time": 0.0, "origin": "synthetic demonstration"}}, {"type": "Feature", "geometry": {"type": "Point", "coordinates": [2.46965, 48.81975, 80.0]}, "properties": {"source_index": 1426, "ndvi": 0.617070240214979, "observation_time": 0.0, "origin": "synthetic demonstration"}}, {"type": "Feature", "geometry": {"type": "Point", "coordinates": [2.469675, 48.81975, 80.0]}, "properties": {"source_index": 1427, "ndvi": 0.6275191489666181, "observation_time": 0.0, "origin": "synthetic demonstration"}}, {"type": "Feature", "geometry": {"type": "Point", "coordinates": [2.4697, 48.81975, 80.0]}, "properties": {"source_index": 1428, "ndvi": 0.6258653522375004, "observation_time": 0.0, "origin": "synthetic demonstration"}}, {"type": "Feature", "geometry": {"type": "Point", "coordinates": [2.4697250000000004, 48.81975, 80.0]}, "properties": {"source_index": 1429, "ndvi": 0.613010168860115, "observation_time": 0.0, "origin": "synthetic demonstration"}}, {"type": "Feature", "geometry": {"type": "Point", "coordinates": [2.4697500000000003, 48.81975, 80.0]}, "properties": {"source_index": 1430, "ndvi": 0.5904342415084386, "observation_time": 0.0, "origin": "synthetic demonstration"}}, {"type": "Feature", "geometry": {"type": "Point", "coordinates": [2.4697750000000003, 48.81975, 80.0]}, "properties": {"source_index": 1431, "ndvi": 0.5599991995928071, "observation_time": 0.0, "origin": "synthetic demonstration"}}, {"type": "Feature", "geometry": {"type": "Point", "coordinates": [2.4698, 48.81975, 80.0]}, "properties": {"source_index": 1432, "ndvi": 0.523740011049026, "observation_time": 0.0, "origin": "synthetic demonstration"}}, {"type": "Feature", "geometry": {"type": "Point", "coordinates": [2.469825, 48.81975, 80.0]}, "properties": {"source_index": 1433, "ndvi": 0.4836834495750841, "observation_time": 0.0, "origin": "synthetic demonstration"}}, {"type": "Feature", "geometry": {"type": "Point", "coordinates": [2.46985, 48.81975, 80.0]}, "properties": {"source_index": 1434, "ndvi": 0.44171373978613976, "observation_time": 0.0, "origin": "synthetic demonstration"}}, {"type": "Feature", "geometry": {"type": "Point", "coordinates": [2.469875, 48.81975, 80.0]}, "properties": {"source_index": 1435, "ndvi": 0.3994913195188337, "observation_time": 0.0, "origin": "synthetic demonstration"}}, {"type": "Feature", "geometry": {"type": "Point", "coordinates": [2.4699, 48.81975, 80.0]}, "properties": {"source_index": 1436, "ndvi": 0.3584193371458596, "observation_time": 0.0, "origin": "synthetic demonstration"}}, {"type": "Feature", "geometry": {"type": "Point", "coordinates": [2.4699250000000004, 48.81975, 80.0]}, "properties": {"source_index": 1437, "ndvi": 0.31964648916485505, "observation_time": 0.0, "origin": "synthetic demonstration"}}, {"type": "Feature", "geometry": {"type": "Point", "coordinates": [2.4706750000000004, 48.81975, 80.0]}, "properties": {"source_index": 1467, "ndvi": 0.32096911637757014, "observation_time": 0.0, "origin": "synthetic demonstration"}}, {"type": "Feature", "geometry": {"type": "Point", "coordinates": [2.4707000000000003, 48.81975, 80.0]}, "properties": {"source_index": 1468, "ndvi": 0.35984032817041733, "observation_time": 0.0, "origin": "synthetic demonstration"}}, {"type": "Feature", "geometry": {"type": "Point", "coordinates": [2.4707250000000003, 48.81975, 80.0]}, "properties": {"source_index": 1469, "ndvi": 0.40097410168125514, "observation_time": 0.0, "origin": "synthetic demonstration"}}, {"type": "Feature", "geometry": {"type": "Point", "coordinates": [2.4707500000000002, 48.81975, 80.0]}, "properties": {"source_index": 1470, "ndvi": 0.44321307819228417, "observation_time": 0.0, "origin": "synthetic demonstration"}}, {"type": "Feature", "geometry": {"type": "Point", "coordinates": [2.470775, 48.81975, 80.0]}, "properties": {"source_index": 1471, "ndvi": 0.4851448717311421, "observation_time": 0.0, "origin": "synthetic demonstration"}}, {"type": "Feature", "geometry": {"type": "Point", "coordinates": [2.4695, 48.819775, 80.0]}, "properties": {"source_index": 1484, "ndvi": 0.3415244928174224, "observation_time": 0.0, "origin": "synthetic demonstration"}}, {"type": "Feature", "geometry": {"type": "Point", "coordinates": [2.4695250000000004, 48.819775, 80.0]}, "properties": {"source_index": 1485, "ndvi": 0.40510065685949403, "observation_time": 0.0, "origin": "synthetic demonstration"}}, {"type": "Feature", "geometry": {"type": "Point", "coordinates": [2.4695500000000004, 48.819775, 80.0]}, "properties": {"source_index": 1486, "ndvi": 0.46488951637715575, "observation_time": 0.0, "origin": "synthetic demonstration"}}, {"type": "Feature", "geometry": {"type": "Point", "coordinates": [2.4695750000000003, 48.819775, 80.0]}, "properties": {"source_index": 1487, "ndvi": 0.5184187063250103, "observation_time": 0.0, "origin": "synthetic demonstration"}}, {"type": "Feature", "geometry": {"type": "Point", "coordinates": [2.4696000000000002, 48.819775, 80.0]}, "properties": {"source_index": 1488, "ndvi": 0.563405780620376, "observation_time": 0.0, "origin": "synthetic demonstration"}}, {"type": "Feature", "geometry": {"type": "Point", "coordinates": [2.469625, 48.819775, 80.0]}, "properties": {"source_index": 1489, "ndvi": 0.597969114652204, "observation_time": 0.0, "origin": "synthetic demonstration"}}, {"type": "Feature", "geometry": {"type": "Point", "coordinates": [2.46965, 48.819775, 80.0]}, "properties": {"source_index": 1490, "ndvi": 0.6208207504634257, "observation_time": 0.0, "origin": "synthetic demonstration"}}, {"type": "Feature", "geometry": {"type": "Point", "coordinates": [2.469675, 48.819775, 80.0]}, "properties": {"source_index": 1491, "ndvi": 0.6313980849309812, "observation_time": 0.0, "origin": "synthetic demonstration"}}, {"type": "Feature", "geometry": {"type": "Point", "coordinates": [2.4697, 48.819775, 80.0]}, "properties": {"source_index": 1492, "ndvi": 0.629903337035378, "observation_time": 0.0, "origin": "synthetic demonstration"}}, {"type": "Feature", "geometry": {"type": "Point", "coordinates": [2.4697250000000004, 48.819775, 80.0]}, "properties": {"source_index": 1493, "ndvi": 0.6172426395601537, "observation_time": 0.0, "origin": "synthetic demonstration"}}, {"type": "Feature", "geometry": {"type": "Point", "coordinates": [2.4697500000000003, 48.819775, 80.0]}, "properties": {"source_index": 1494, "ndvi": 0.5948818107198366, "observation_time": 0.0, "origin": "synthetic demonstration"}}, {"type": "Feature", "geometry": {"type": "Point", "coordinates": [2.4697750000000003, 48.819775, 80.0]}, "properties": {"source_index": 1495, "ndvi": 0.5646538173863843, "observation_time": 0.0, "origin": "synthetic demonstration"}}, {"type": "Feature", "geometry": {"type": "Point", "coordinates": [2.4698, 48.819775, 80.0]}, "properties": {"source_index": 1496, "ndvi": 0.5285581620429582, "observation_time": 0.0, "origin": "synthetic demonstration"}}, {"type": "Feature", "geometry": {"type": "Point", "coordinates": [2.469825, 48.819775, 80.0]}, "properties": {"source_index": 1497, "ndvi": 0.48858563559099855, "observation_time": 0.0, "origin": "synthetic demonstration"}}, {"type": "Feature", "geometry": {"type": "Point", "coordinates": [2.46985, 48.819775, 80.0]}, "properties": {"source_index": 1498, "ndvi": 0.44658830352522827, "observation_time": 0.0, "origin": "synthetic demonstration"}}, {"type": "Feature", "geometry": {"type": "Point", "coordinates": [2.469875, 48.819775, 80.0]}, "properties": {"source_index": 1499, "ndvi": 0.4042003716311236, "observation_time": 0.0, "origin": "synthetic demonstration"}}, {"type": "Feature", "geometry": {"type": "Point", "coordinates": [2.4699, 48.819775, 80.0]}, "properties": {"source_index": 1500, "ndvi": 0.36280491353882394, "observation_time": 0.0, "origin": "synthetic demonstration"}}, {"type": "Feature", "geometry": {"type": "Point", "coordinates": [2.4699250000000004, 48.819775, 80.0]}, "properties": {"source_index": 1501, "ndvi": 0.3235357346505808, "observation_time": 0.0, "origin": "synthetic demonstration"}}, {"type": "Feature", "geometry": {"type": "Point", "coordinates": [2.4706750000000004, 48.819775, 80.0]}, "properties": {"source_index": 1531, "ndvi": 0.32487901971198224, "observation_time": 0.0, "origin": "synthetic demonstration"}}, {"type": "Feature", "geometry": {"type": "Point", "coordinates": [2.4707000000000003, 48.819775, 80.0]}, "properties": {"source_index": 1532, "ndvi": 0.364240233919874, "observation_time": 0.0, "origin": "synthetic demonstration"}}, {"type": "Feature", "geometry": {"type": "Point", "coordinates": [2.4707250000000003, 48.819775, 80.0]}, "properties": {"source_index": 1533, "ndvi": 0.40569160955575817, "observation_time": 0.0, "origin": "synthetic demonstration"}}, {"type": "Feature", "geometry": {"type": "Point", "coordinates": [2.4707500000000002, 48.819775, 80.0]}, "properties": {"source_index": 1534, "ndvi": 0.44809083836210634, "observation_time": 0.0, "origin": "synthetic demonstration"}}, {"type": "Feature", "geometry": {"type": "Point", "coordinates": [2.470775, 48.819775, 80.0]}, "properties": {"source_index": 1535, "ndvi": 0.49004581548252857, "observation_time": 0.0, "origin": "synthetic demonstration"}}, {"type": "Feature", "geometry": {"type": "Point", "coordinates": [2.4695, 48.8198, 80.0]}, "properties": {"source_index": 1548, "ndvi": 0.3422715990169013, "observation_time": 0.0, "origin": "synthetic demonstration"}}, {"type": "Feature", "geometry": {"type": "Point", "coordinates": [2.4695250000000004, 48.8198, 80.0]}, "properties": {"source_index": 1549, "ndvi": 0.4064129759371874, "observation_time": 0.0, "origin": "synthetic demonstration"}}, {"type": "Feature", "geometry": {"type": "Point", "coordinates": [2.4695500000000004, 48.8198, 80.0]}, "properties": {"source_index": 1550, "ndvi": 0.4666036082981118, "observation_time": 0.0, "origin": "synthetic demonstration"}}, {"type": "Feature", "geometry": {"type": "Point", "coordinates": [2.4695750000000003, 48.8198, 80.0]}, "properties": {"source_index": 1551, "ndvi": 0.5203974186817389, "observation_time": 0.0, "origin": "synthetic demonstration"}}, {"type": "Feature", "geometry": {"type": "Point", "coordinates": [2.4696000000000002, 48.8198, 80.0]}, "properties": {"source_index": 1552, "ndvi": 0.5655470821545607, "observation_time": 0.0, "origin": "synthetic demonstration"}}, {"type": "Feature", "geometry": {"type": "Point", "coordinates": [2.469625, 48.8198, 80.0]}, "properties": {"source_index": 1553, "ndvi": 0.6002101095211572, "observation_time": 0.0, "origin": "synthetic demonstration"}}, {"type": "Feature", "geometry": {"type": "Point", "coordinates": [2.46965, 48.8198, 80.0]}, "properties": {"source_index": 1554, "ndvi": 0.6231355535012638, "observation_time": 0.0, "origin": "synthetic demonstration"}}, {"type": "Feature", "geometry": {"type": "Point", "coordinates": [2.469675, 48.8198, 80.0]}, "properties": {"source_index": 1555, "ndvi": 0.6337897304833872, "observation_time": 0.0, "origin": "synthetic demonstration"}}, {"type": "Feature", "geometry": {"type": "Point", "coordinates": [2.4697, 48.8198, 80.0]}, "properties": {"source_index": 1556, "ndvi": 0.6323915063296914, "observation_time": 0.0, "origin": "synthetic demonstration"}}, {"type": "Feature", "geometry": {"type": "Point", "coordinates": [2.4697250000000004, 48.8198, 80.0]}, "properties": {"source_index": 1557, "ndvi": 0.619850035588676, "observation_time": 0.0, "origin": "synthetic demonstration"}}, {"type": "Feature", "geometry": {"type": "Point", "coordinates": [2.4697500000000003, 48.8198, 80.0]}, "properties": {"source_index": 1558, "ndvi": 0.5976220650365219, "observation_time": 0.0, "origin": "synthetic demonstration"}}, {"type": "Feature", "geometry": {"type": "Point", "coordinates": [2.4697750000000003, 48.8198, 80.0]}, "properties": {"source_index": 1559, "ndvi": 0.5675229542081038, "observation_time": 0.0, "origin": "synthetic demonstration"}}, {"type": "Feature", "geometry": {"type": "Point", "coordinates": [2.4698, 48.8198, 80.0]}, "properties": {"source_index": 1560, "ndvi": 0.5315303441313586, "observation_time": 0.0, "origin": "synthetic demonstration"}}, {"type": "Feature", "geometry": {"type": "Point", "coordinates": [2.469825, 48.8198, 80.0]}, "properties": {"source_index": 1561, "ndvi": 0.49161273055511767, "observation_time": 0.0, "origin": "synthetic demonstration"}}, {"type": "Feature", "geometry": {"type": "Point", "coordinates": [2.46985, 48.8198, 80.0]}, "properties": {"source_index": 1562, "ndvi": 0.44960209516869865, "observation_time": 0.0, "origin": "synthetic demonstration"}}, {"type": "Feature", "geometry": {"type": "Point", "coordinates": [2.469875, 48.8198, 80.0]}, "properties": {"source_index": 1563, "ndvi": 0.407116062855559, "observation_time": 0.0, "origin": "synthetic demonstration"}}, {"type": "Feature", "geometry": {"type": "Point", "coordinates": [2.4699, 48.8198, 80.0]}, "properties": {"source_index": 1564, "ndvi": 0.36552478084990747, "observation_time": 0.0, "origin": "synthetic demonstration"}}, {"type": "Feature", "geometry": {"type": "Point", "coordinates": [2.4699250000000004, 48.8198, 80.0]}, "properties": {"source_index": 1565, "ndvi": 0.32595219161777383, "observation_time": 0.0, "origin": "synthetic demonstration"}}, {"type": "Feature", "geometry": {"type": "Point", "coordinates": [2.4706750000000004, 48.8198, 80.0]}, "properties": {"source_index": 1595, "ndvi": 0.3273081471493001, "observation_time": 0.0, "origin": "synthetic demonstration"}}, {"type": "Feature", "geometry": {"type": "Point", "coordinates": [2.4707000000000003, 48.8198, 80.0]}, "properties": {"source_index": 1596, "ndvi": 0.36696882089554506, "observation_time": 0.0, "origin": "synthetic demonstration"}}, {"type": "Feature", "geometry": {"type": "Point", "coordinates": [2.4707250000000003, 48.8198, 80.0]}, "properties": {"source_index": 1597, "ndvi": 0.40861237649819176, "observation_time": 0.0, "origin": "synthetic demonstration"}}, {"type": "Feature", "geometry": {"type": "Point", "coordinates": [2.4707500000000002, 48.8198, 80.0]}, "properties": {"source_index": 1598, "ndvi": 0.45110646224139533, "observation_time": 0.0, "origin": "synthetic demonstration"}}, {"type": "Feature", "geometry": {"type": "Point", "coordinates": [2.470775, 48.8198, 80.0]}, "properties": {"source_index": 1599, "ndvi": 0.49307202208693945, "observation_time": 0.0, "origin": "synthetic demonstration"}}, {"type": "Feature", "geometry": {"type": "Point", "coordinates": [2.4695, 48.819825, 80.0]}, "properties": {"source_index": 1612, "ndvi": 0.34256238424808644, "observation_time": 0.0, "origin": "synthetic demonstration"}}, {"type": "Feature", "geometry": {"type": "Point", "coordinates": [2.4695250000000004, 48.819825, 80.0]}, "properties": {"source_index": 1613, "ndvi": 0.4069229899679556, "observation_time": 0.0, "origin": "synthetic demonstration"}}, {"type": "Feature", "geometry": {"type": "Point", "coordinates": [2.4695500000000004, 48.819825, 80.0]}, "properties": {"source_index": 1614, "ndvi": 0.46726884136507524, "observation_time": 0.0, "origin": "synthetic demonstration"}}, {"type": "Feature", "geometry": {"type": "Point", "coordinates": [2.4695750000000003, 48.819825, 80.0]}, "properties": {"source_index": 1615, "ndvi": 0.521164381987303, "observation_time": 0.0, "origin": "synthetic demonstration"}}, {"type": "Feature", "geometry": {"type": "Point", "coordinates": [2.4696000000000002, 48.819825, 80.0]}, "properties": {"source_index": 1616, "ndvi": 0.5663761462230872, "observation_time": 0.0, "origin": "synthetic demonstration"}}, {"type": "Feature", "geometry": {"type": "Point", "coordinates": [2.469625, 48.819825, 80.0]}, "properties": {"source_index": 1617, "ndvi": 0.6010769628917063, "observation_time": 0.0, "origin": "synthetic demonstration"}}, {"type": "Feature", "geometry": {"type": "Point", "coordinates": [2.46965, 48.819825, 80.0]}, "properties": {"source_index": 1618, "ndvi": 0.6240302946576326, "observation_time": 0.0, "origin": "synthetic demonstration"}}, {"type": "Feature", "geometry": {"type": "Point", "coordinates": [2.469675, 48.819825, 80.0]}, "properties": {"source_index": 1619, "ndvi": 0.6347136788889681, "observation_time": 0.0, "origin": "synthetic demonstration"}}, {"type": "Feature", "geometry": {"type": "Point", "coordinates": [2.4697, 48.819825, 80.0]}, "properties": {"source_index": 1620, "ndvi": 0.6333524294663347, "observation_time": 0.0, "origin": "synthetic demonstration"}}, {"type": "Feature", "geometry": {"type": "Point", "coordinates": [2.4697250000000004, 48.819825, 80.0]}, "properties": {"source_index": 1621, "ndvi": 0.6208568784880754, "observation_time": 0.0, "origin": "synthetic demonstration"}}, {"type": "Feature", "geometry": {"type": "Point", "coordinates": [2.4697500000000003, 48.819825, 80.0]}, "properties": {"source_index": 1622, "ndvi": 0.598680281972116, "observation_time": 0.0, "origin": "synthetic demonstration"}}, {"type": "Feature", "geometry": {"type": "Point", "coordinates": [2.4697750000000003, 48.819825, 80.0]}, "properties": {"source_index": 1623, "ndvi": 0.5686312107905246, "observation_time": 0.0, "origin": "synthetic demonstration"}}, {"type": "Feature", "geometry": {"type": "Point", "coordinates": [2.4698, 48.819825, 80.0]}, "properties": {"source_index": 1624, "ndvi": 0.5326788621112986, "observation_time": 0.0, "origin": "synthetic demonstration"}}, {"type": "Feature", "geometry": {"type": "Point", "coordinates": [2.469825, 48.819825, 80.0]}, "properties": {"source_index": 1625, "ndvi": 0.49278309716436747, "observation_time": 0.0, "origin": "synthetic demonstration"}}, {"type": "Feature", "geometry": {"type": "Point", "coordinates": [2.46985, 48.819825, 80.0]}, "properties": {"source_index": 1626, "ndvi": 0.45076808761112713, "observation_time": 0.0, "origin": "synthetic demonstration"}}, {"type": "Feature", "geometry": {"type": "Point", "coordinates": [2.469875, 48.819825, 80.0]}, "properties": {"source_index": 1627, "ndvi": 0.4082449703111115, "observation_time": 0.0, "origin": "synthetic demonstration"}}, {"type": "Feature", "geometry": {"type": "Point", "coordinates": [2.4699, 48.819825, 80.0]}, "properties": {"source_index": 1628, "ndvi": 0.3665787866109491, "observation_time": 0.0, "origin": "synthetic demonstration"}}, {"type": "Feature", "geometry": {"type": "Point", "coordinates": [2.4699250000000004, 48.819825, 80.0]}, "properties": {"source_index": 1629, "ndvi": 0.32688952834558327, "observation_time": 0.0, "origin": "synthetic demonstration"}}, {"type": "Feature", "geometry": {"type": "Point", "coordinates": [2.4706750000000004, 48.819825, 80.0]}, "properties": {"source_index": 1659, "ndvi": 0.3282503647568318, "observation_time": 0.0, "origin": "synthetic demonstration"}}, {"type": "Feature", "geometry": {"type": "Point", "coordinates": [2.4707000000000003, 48.819825, 80.0]}, "properties": {"source_index": 1660, "ndvi": 0.3680261713024702, "observation_time": 0.0, "origin": "synthetic demonstration"}}, {"type": "Feature", "geometry": {"type": "Point", "coordinates": [2.4707250000000003, 48.819825, 80.0]}, "properties": {"source_index": 1661, "ndvi": 0.40974321636671907, "observation_time": 0.0, "origin": "synthetic demonstration"}}, {"type": "Feature", "geometry": {"type": "Point", "coordinates": [2.4707500000000002, 48.819825, 80.0]}, "properties": {"source_index": 1662, "ndvi": 0.4522731340275439, "observation_time": 0.0, "origin": "synthetic demonstration"}}, {"type": "Feature", "geometry": {"type": "Point", "coordinates": [2.470775, 48.819825, 80.0]}, "properties": {"source_index": 1663, "ndvi": 0.49424202041204823, "observation_time": 0.0, "origin": "synthetic demonstration"}}, {"type": "Feature", "geometry": {"type": "Point", "coordinates": [2.4695, 48.81985, 80.0]}, "properties": {"source_index": 1676, "ndvi": 0.34239351980375127, "observation_time": 0.0, "origin": "synthetic demonstration"}}, {"type": "Feature", "geometry": {"type": "Point", "coordinates": [2.4695250000000004, 48.81985, 80.0]}, "properties": {"source_index": 1677, "ndvi": 0.40662686707420137, "observation_time": 0.0, "origin": "synthetic demonstration"}}, {"type": "Feature", "geometry": {"type": "Point", "coordinates": [2.4695500000000004, 48.81985, 80.0]}, "properties": {"source_index": 1678, "ndvi": 0.46688265854816063, "observation_time": 0.0, "origin": "synthetic demonstration"}}, {"type": "Feature", "geometry": {"type": "Point", "coordinates": [2.4695750000000003, 48.81985, 80.0]}, "properties": {"source_index": 1679, "ndvi": 0.5207192083075433, "observation_time": 0.0, "origin": "synthetic demonstration"}}, {"type": "Feature", "geometry": {"type": "Point", "coordinates": [2.4696000000000002, 48.81985, 80.0]}, "properties": {"source_index": 1680, "ndvi": 0.5658949895041789, "observation_time": 0.0, "origin": "synthetic demonstration"}}, {"type": "Feature", "geometry": {"type": "Point", "coordinates": [2.469625, 48.81985, 80.0]}, "properties": {"source_index": 1681, "ndvi": 0.6005739297220815, "observation_time": 0.0, "origin": "synthetic demonstration"}}, {"type": "Feature", "geometry": {"type": "Point", "coordinates": [2.46965, 48.81985, 80.0]}, "properties": {"source_index": 1682, "ndvi": 0.6235111232369702, "observation_time": 0.0, "origin": "synthetic demonstration"}}, {"type": "Feature", "geometry": {"type": "Point", "coordinates": [2.469675, 48.81985, 80.0]}, "properties": {"source_index": 1683, "ndvi": 0.634177593605949, "observation_time": 0.0, "origin": "synthetic demonstration"}}, {"type": "Feature", "geometry": {"type": "Point", "coordinates": [2.4697, 48.81985, 80.0]}, "properties": {"source_index": 1684, "ndvi": 0.6327949123774196, "observation_time": 0.0, "origin": "synthetic demonstration"}}, {"type": "Feature", "geometry": {"type": "Point", "coordinates": [2.4697250000000004, 48.81985, 80.0]}, "properties": {"source_index": 1685, "ndvi": 0.6202727277521137, "observation_time": 0.0, "origin": "synthetic demonstration"}}, {"type": "Feature", "geometry": {"type": "Point", "coordinates": [2.4697500000000003, 48.81985, 80.0]}, "properties": {"source_index": 1686, "ndvi": 0.5980663202005914, "observation_time": 0.0, "origin": "synthetic demonstration"}}, {"type": "Feature", "geometry": {"type": "Point", "coordinates": [2.4697750000000003, 48.81985, 80.0]}, "properties": {"source_index": 1687, "ndvi": 0.5679881985361603, "observation_time": 0.0, "origin": "synthetic demonstration"}}, {"type": "Feature", "geometry": {"type": "Point", "coordinates": [2.4698, 48.81985, 80.0]}, "properties": {"source_index": 1688, "ndvi": 0.5320124590166584, "observation_time": 0.0, "origin": "synthetic demonstration"}}, {"type": "Feature", "geometry": {"type": "Point", "coordinates": [2.469825, 48.81985, 80.0]}, "properties": {"source_index": 1689, "ndvi": 0.4921039741444994, "observation_time": 0.0, "origin": "synthetic demonstration"}}, {"type": "Feature", "geometry": {"type": "Point", "coordinates": [2.46985, 48.81985, 80.0]}, "properties": {"source_index": 1690, "ndvi": 0.45009145049564137, "observation_time": 0.0, "origin": "synthetic demonstration"}}, {"type": "Feature", "geometry": {"type": "Point", "coordinates": [2.469875, 48.81985, 80.0]}, "properties": {"source_index": 1691, "ndvi": 0.4075897949309704, "observation_time": 0.0, "origin": "synthetic demonstration"}}, {"type": "Feature", "geometry": {"type": "Point", "coordinates": [2.4699, 48.81985, 80.0]}, "properties": {"source_index": 1692, "ndvi": 0.36596701890030053, "observation_time": 0.0, "origin": "synthetic demonstration"}}, {"type": "Feature", "geometry": {"type": "Point", "coordinates": [2.4699250000000004, 48.81985, 80.0]}, "properties": {"source_index": 1693, "ndvi": 0.326345415994898, "observation_time": 0.0, "origin": "synthetic demonstration"}}, {"type": "Feature", "geometry": {"type": "Point", "coordinates": [2.4706750000000004, 48.81985, 80.0]}, "properties": {"source_index": 1723, "ndvi": 0.3277034214272017, "observation_time": 0.0, "origin": "synthetic demonstration"}}, {"type": "Feature", "geometry": {"type": "Point", "coordinates": [2.4707000000000003, 48.81985, 80.0]}, "properties": {"source_index": 1724, "ndvi": 0.36741246462730554, "observation_time": 0.0, "origin": "synthetic demonstration"}}, {"type": "Feature", "geometry": {"type": "Point", "coordinates": [2.4707250000000003, 48.81985, 80.0]}, "properties": {"source_index": 1725, "ndvi": 0.40908692171785027, "observation_time": 0.0, "origin": "synthetic demonstration"}}, {"type": "Feature", "geometry": {"type": "Point", "coordinates": [2.4707500000000002, 48.81985, 80.0]}, "properties": {"source_index": 1726, "ndvi": 0.4515961046877747, "observation_time": 0.0, "origin": "synthetic demonstration"}}, {"type": "Feature", "geometry": {"type": "Point", "coordinates": [2.470775, 48.81985, 80.0]}, "properties": {"source_index": 1727, "ndvi": 0.4935631127799816, "observation_time": 0.0, "origin": "synthetic demonstration"}}, {"type": "Feature", "geometry": {"type": "Point", "coordinates": [2.4695, 48.819875, 80.0]}, "properties": {"source_index": 1740, "ndvi": 0.34176693746066805, "observation_time": 0.0, "origin": "synthetic demonstration"}}, {"type": "Feature", "geometry": {"type": "Point", "coordinates": [2.4695250000000004, 48.819875, 80.0]}, "properties": {"source_index": 1741, "ndvi": 0.40552682841413296, "observation_time": 0.0, "origin": "synthetic demonstration"}}, {"type": "Feature", "geometry": {"type": "Point", "coordinates": [2.4695500000000004, 48.819875, 80.0]}, "properties": {"source_index": 1742, "ndvi": 0.4654465383613793, "observation_time": 0.0, "origin": "synthetic demonstration"}}, {"type": "Feature", "geometry": {"type": "Point", "coordinates": [2.4695750000000003, 48.819875, 80.0]}, "properties": {"source_index": 1743, "ndvi": 0.5190621155714615, "observation_time": 0.0, "origin": "synthetic demonstration"}}, {"type": "Feature", "geometry": {"type": "Point", "coordinates": [2.4696000000000002, 48.819875, 80.0]}, "properties": {"source_index": 1744, "ndvi": 0.5641024339370606, "observation_time": 0.0, "origin": "synthetic demonstration"}}, {"type": "Feature", "geometry": {"type": "Point", "coordinates": [2.469625, 48.819875, 80.0]}, "properties": {"source_index": 1745, "ndvi": 0.5986985334585169, "observation_time": 0.0, "origin": "synthetic demonstration"}}, {"type": "Feature", "geometry": {"type": "Point", "coordinates": [2.46965, 48.819875, 80.0]}, "properties": {"source_index": 1746, "ndvi": 0.6215744642606458, "observation_time": 0.0, "origin": "synthetic demonstration"}}, {"type": "Feature", "geometry": {"type": "Point", "coordinates": [2.469675, 48.819875, 80.0]}, "properties": {"source_index": 1747, "ndvi": 0.6321770218873962, "observation_time": 0.0, "origin": "synthetic demonstration"}}, {"type": "Feature", "geometry": {"type": "Point", "coordinates": [2.4697, 48.819875, 80.0]}, "properties": {"source_index": 1748, "ndvi": 0.6307138399405811, "observation_time": 0.0, "origin": "synthetic demonstration"}}, {"type": "Feature", "geometry": {"type": "Point", "coordinates": [2.4697250000000004, 48.819875, 80.0]}, "properties": {"source_index": 1749, "ndvi": 0.6180920310809292, "observation_time": 0.0, "origin": "synthetic demonstration"}}, {"type": "Feature", "geometry": {"type": "Point", "coordinates": [2.4697500000000003, 48.819875, 80.0]}, "properties": {"source_index": 1750, "ndvi": 0.5957744533533436, "observation_time": 0.0, "origin": "synthetic demonstration"}}, {"type": "Feature", "geometry": {"type": "Point", "coordinates": [2.4697750000000003, 48.819875, 80.0]}, "properties": {"source_index": 1751, "ndvi": 0.5655883335826528, "observation_time": 0.0, "origin": "synthetic demonstration"}}, {"type": "Feature", "geometry": {"type": "Point", "coordinates": [2.4698, 48.819875, 80.0]}, "properties": {"source_index": 1752, "ndvi": 0.5295260535534292, "observation_time": 0.0, "origin": "synthetic demonstration"}}, {"type": "Feature", "geometry": {"type": "Point", "coordinates": [2.469825, 48.819875, 80.0]}, "properties": {"source_index": 1753, "ndvi": 0.48957115174123594, "observation_time": 0.0, "origin": "synthetic demonstration"}}, {"type": "Feature", "geometry": {"type": "Point", "coordinates": [2.46985, 48.819875, 80.0]}, "properties": {"source_index": 1754, "ndvi": 0.4475691736619048, "observation_time": 0.0, "origin": "synthetic demonstration"}}, {"type": "Feature", "geometry": {"type": "Point", "coordinates": [2.469875, 48.819875, 80.0]}, "properties": {"source_index": 1755, "ndvi": 0.4051489587583988, "observation_time": 0.0, "origin": "synthetic demonstration"}}, {"type": "Feature", "geometry": {"type": "Point", "coordinates": [2.4699, 48.819875, 80.0]}, "properties": {"source_index": 1756, "ndvi": 0.36368941662979876, "observation_time": 0.0, "origin": "synthetic demonstration"}}, {"type": "Feature", "geometry": {"type": "Point", "coordinates": [2.4699250000000004, 48.819875, 80.0]}, "properties": {"source_index": 1757, "ndvi": 0.3243211977988895, "observation_time": 0.0, "origin": "synthetic demonstration"}}, {"type": "Feature", "geometry": {"type": "Point", "coordinates": [2.4706750000000004, 48.819875, 80.0]}, "properties": {"source_index": 1787, "ndvi": 0.325668615203543, "observation_time": 0.0, "origin": "synthetic demonstration"}}, {"type": "Feature", "geometry": {"type": "Point", "coordinates": [2.4707000000000003, 48.819875, 80.0]}, "properties": {"source_index": 1788, "ndvi": 0.3651275866957896, "observation_time": 0.0, "origin": "synthetic demonstration"}}, {"type": "Feature", "geometry": {"type": "Point", "coordinates": [2.4707250000000003, 48.819875, 80.0]}, "properties": {"source_index": 1789, "ndvi": 0.40664186142367137, "observation_time": 0.0, "origin": "synthetic demonstration"}}, {"type": "Feature", "geometry": {"type": "Point", "coordinates": [2.4707500000000002, 48.819875, 80.0]}, "properties": {"source_index": 1790, "ndvi": 0.44907231689826577, "observation_time": 0.0, "origin": "synthetic demonstration"}}, {"type": "Feature", "geometry": {"type": "Point", "coordinates": [2.470775, 48.819875, 80.0]}, "properties": {"source_index": 1791, "ndvi": 0.4910310525783969, "observation_time": 0.0, "origin": "synthetic demonstration"}}, {"type": "Feature", "geometry": {"type": "Point", "coordinates": [2.4695, 48.8199, 80.0]}, "properties": {"source_index": 1804, "ndvi": 0.3406898358653966, "observation_time": 0.0, "origin": "synthetic demonstration"}}, {"type": "Feature", "geometry": {"type": "Point", "coordinates": [2.4695250000000004, 48.8199, 80.0]}, "properties": {"source_index": 1805, "ndvi": 0.40363121486686904, "observation_time": 0.0, "origin": "synthetic demonstration"}}, {"type": "Feature", "geometry": {"type": "Point", "coordinates": [2.4695500000000004, 48.8199, 80.0]}, "properties": {"source_index": 1806, "ndvi": 0.4629661225559507, "observation_time": 0.0, "origin": "synthetic demonstration"}}, {"type": "Feature", "geometry": {"type": "Point", "coordinates": [2.4695750000000003, 48.8199, 80.0]}, "properties": {"source_index": 1807, "ndvi": 0.5161940915311946, "observation_time": 0.0, "origin": "synthetic demonstration"}}, {"type": "Feature", "geometry": {"type": "Point", "coordinates": [2.4696000000000002, 48.8199, 80.0]}, "properties": {"source_index": 1808, "ndvi": 0.5609942777116822, "observation_time": 0.0, "origin": "synthetic demonstration"}}, {"type": "Feature", "geometry": {"type": "Point", "coordinates": [2.469625, 48.8199, 80.0]}, "properties": {"source_index": 1809, "ndvi": 0.5954417224279742, "observation_time": 0.0, "origin": "synthetic demonstration"}}, {"type": "Feature", "geometry": {"type": "Point", "coordinates": [2.46965, 48.8199, 80.0]}, "properties": {"source_index": 1810, "ndvi": 0.6182071501982046, "observation_time": 0.0, "origin": "synthetic demonstration"}}, {"type": "Feature", "geometry": {"type": "Point", "coordinates": [2.469675, 48.8199, 80.0]}, "properties": {"source_index": 1811, "ndvi": 0.628695502140281, "observation_time": 0.0, "origin": "synthetic demonstration"}}, {"type": "Feature", "geometry": {"type": "Point", "coordinates": [2.4697, 48.8199, 80.0]}, "properties": {"source_index": 1812, "ndvi": 0.6270902665946464, "observation_time": 0.0, "origin": "synthetic demonstration"}}, {"type": "Feature", "geometry": {"type": "Point", "coordinates": [2.4697250000000004, 48.8199, 80.0]}, "properties": {"source_index": 1813, "ndvi": 0.6142942103674776, "observation_time": 0.0, "origin": "synthetic demonstration"}}, {"type": "Feature", "geometry": {"type": "Point", "coordinates": [2.4697500000000003, 48.8199, 80.0]}, "properties": {"source_index": 1814, "ndvi": 0.5917834655129378, "observation_time": 0.0, "origin": "synthetic demonstration"}}, {"type": "Feature", "geometry": {"type": "Point", "coordinates": [2.4697750000000003, 48.8199, 80.0]}, "properties": {"source_index": 1815, "ndvi": 0.5614109553246611, "observation_time": 0.0, "origin": "synthetic demonstration"}}, {"type": "Feature", "geometry": {"type": "Point", "coordinates": [2.4698, 48.8199, 80.0]}, "properties": {"source_index": 1816, "ndvi": 0.5252008914920837, "observation_time": 0.0, "origin": "synthetic demonstration"}}, {"type": "Feature", "geometry": {"type": "Point", "coordinates": [2.469825, 48.8199, 80.0]}, "properties": {"source_index": 1817, "ndvi": 0.4851691591268262, "observation_time": 0.0, "origin": "synthetic demonstration"}}, {"type": "Feature", "geometry": {"type": "Point", "coordinates": [2.46985, 48.8199, 80.0]}, "properties": {"source_index": 1818, "ndvi": 0.4431902848952624, "observation_time": 0.0, "origin": "synthetic demonstration"}}, {"type": "Feature", "geometry": {"type": "Point", "coordinates": [2.469875, 48.8199, 80.0]}, "properties": {"source_index": 1819, "ndvi": 0.40091683808296874, "observation_time": 0.0, "origin": "synthetic demonstration"}}, {"type": "Feature", "geometry": {"type": "Point", "coordinates": [2.4699, 48.8199, 80.0]}, "properties": {"source_index": 1820, "ndvi": 0.3597459953934371, "observation_time": 0.0, "origin": "synthetic demonstration"}}, {"type": "Feature", "geometry": {"type": "Point", "coordinates": [2.4699250000000004, 48.8199, 80.0]}, "properties": {"source_index": 1821, "ndvi": 0.32082208097031406, "observation_time": 0.0, "origin": "synthetic demonstration"}}, {"type": "Feature", "geometry": {"type": "Point", "coordinates": [2.4706750000000004, 48.8199, 80.0]}, "properties": {"source_index": 1851, "ndvi": 0.3221509868419331, "observation_time": 0.0, "origin": "synthetic demonstration"}}, {"type": "Feature", "geometry": {"type": "Point", "coordinates": [2.4707000000000003, 48.8199, 80.0]}, "properties": {"source_index": 1852, "ndvi": 0.36117135622583574, "observation_time": 0.0, "origin": "synthetic demonstration"}}, {"type": "Feature", "geometry": {"type": "Point", "coordinates": [2.4707250000000003, 48.8199, 80.0]}, "properties": {"source_index": 1853, "ndvi": 0.4024022136131885, "observation_time": 0.0, "origin": "synthetic demonstration"}}, {"type": "Feature", "geometry": {"type": "Point", "coordinates": [2.4707500000000002, 48.8199, 80.0]}, "properties": {"source_index": 1854, "ndvi": 0.4446906219216866, "observation_time": 0.0, "origin": "synthetic demonstration"}}, {"type": "Feature", "geometry": {"type": "Point", "coordinates": [2.470775, 48.8199, 80.0]}, "properties": {"source_index": 1855, "ndvi": 0.48663023043320897, "observation_time": 0.0, "origin": "synthetic demonstration"}}, {"type": "Feature", "geometry": {"type": "Point", "coordinates": [2.4695, 48.819925, 80.0]}, "properties": {"source_index": 1868, "ndvi": 0.33917470268854216, "observation_time": 0.0, "origin": "synthetic demonstration"}}, {"type": "Feature", "geometry": {"type": "Point", "coordinates": [2.4695250000000004, 48.819925, 80.0]}, "properties": {"source_index": 1869, "ndvi": 0.4009547326813878, "observation_time": 0.0, "origin": "synthetic demonstration"}}, {"type": "Feature", "geometry": {"type": "Point", "coordinates": [2.4695500000000004, 48.819925, 80.0]}, "properties": {"source_index": 1870, "ndvi": 0.4594516914989602, "observation_time": 0.0, "origin": "synthetic demonstration"}}, {"type": "Feature", "geometry": {"type": "Point", "coordinates": [2.4695750000000003, 48.819925, 80.0]}, "properties": {"source_index": 1871, "ndvi": 0.5121175093427887, "observation_time": 0.0, "origin": "synthetic demonstration"}}, {"type": "Feature", "geometry": {"type": "Point", "coordinates": [2.4696000000000002, 48.819925, 80.0]}, "properties": {"source_index": 1872, "ndvi": 0.5565639426623507, "observation_time": 0.0, "origin": "synthetic demonstration"}}, {"type": "Feature", "geometry": {"type": "Point", "coordinates": [2.469625, 48.819925, 80.0]}, "properties": {"source_index": 1873, "ndvi": 0.5907884674590584, "observation_time": 0.0, "origin": "synthetic demonstration"}}, {"type": "Feature", "geometry": {"type": "Point", "coordinates": [2.46965, 48.819925, 80.0]}, "properties": {"source_index": 1874, "ndvi": 0.6133869298320825, "observation_time": 0.0, "origin": "synthetic demonstration"}}, {"type": "Feature", "geometry": {"type": "Point", "coordinates": [2.469675, 48.819925, 80.0]}, "properties": {"source_index": 1875, "ndvi": 0.6237049839332897, "observation_time": 0.0, "origin": "synthetic demonstration"}}, {"type": "Feature", "geometry": {"type": "Point", "coordinates": [2.4697, 48.819925, 80.0]}, "properties": {"source_index": 1876, "ndvi": 0.6218917753029339, "observation_time": 0.0, "origin": "synthetic demonstration"}}, {"type": "Feature", "geometry": {"type": "Point", "coordinates": [2.4697250000000004, 48.819925, 80.0]}, "properties": {"source_index": 1877, "ndvi": 0.6088440045710262, "observation_time": 0.0, "origin": "synthetic demonstration"}}, {"type": "Feature", "geometry": {"type": "Point", "coordinates": [2.4697500000000003, 48.819925, 80.0]}, "properties": {"source_index": 1878, "ndvi": 0.5860570305849444, "observation_time": 0.0, "origin": "synthetic demonstration"}}, {"type": "Feature", "geometry": {"type": "Point", "coordinates": [2.4697750000000003, 48.819925, 80.0]}, "properties": {"source_index": 1879, "ndvi": 0.5554207923111601, "observation_time": 0.0, "origin": "synthetic demonstration"}}, {"type": "Feature", "geometry": {"type": "Point", "coordinates": [2.4698, 48.819925, 80.0]}, "properties": {"source_index": 1880, "ndvi": 0.5190051338799431, "observation_time": 0.0, "origin": "synthetic demonstration"}}, {"type": "Feature", "geometry": {"type": "Point", "coordinates": [2.469825, 48.819925, 80.0]}, "properties": {"source_index": 1881, "ndvi": 0.47887198517779217, "observation_time": 0.0, "origin": "synthetic demonstration"}}, {"type": "Feature", "geometry": {"type": "Point", "coordinates": [2.46985, 48.819925, 80.0]}, "properties": {"source_index": 1882, "ndvi": 0.4369366803197116, "observation_time": 0.0, "origin": "synthetic demonstration"}}, {"type": "Feature", "geometry": {"type": "Point", "coordinates": [2.469875, 48.819925, 80.0]}, "properties": {"source_index": 1883, "ndvi": 0.3948846460179726, "observation_time": 0.0, "origin": "synthetic demonstration"}}, {"type": "Feature", "geometry": {"type": "Point", "coordinates": [2.4699, 48.819925, 80.0]}, "properties": {"source_index": 1884, "ndvi": 0.35413769673610035, "observation_time": 0.0, "origin": "synthetic demonstration"}}, {"type": "Feature", "geometry": {"type": "Point", "coordinates": [2.4699250000000004, 48.819925, 80.0]}, "properties": {"source_index": 1885, "ndvi": 0.31585785358200735, "observation_time": 0.0, "origin": "synthetic demonstration"}}, {"type": "Feature", "geometry": {"type": "Point", "coordinates": [2.4706750000000004, 48.819925, 80.0]}, "properties": {"source_index": 1915, "ndvi": 0.3171600430476842, "observation_time": 0.0, "origin": "synthetic demonstration"}}, {"type": "Feature", "geometry": {"type": "Point", "coordinates": [2.4707000000000003, 48.819925, 80.0]}, "properties": {"source_index": 1916, "ndvi": 0.35554437694347546, "observation_time": 0.0, "origin": "synthetic demonstration"}}, {"type": "Feature", "geometry": {"type": "Point", "coordinates": [2.4707250000000003, 48.819925, 80.0]}, "properties": {"source_index": 1917, "ndvi": 0.39635884772889635, "observation_time": 0.0, "origin": "synthetic demonstration"}}, {"type": "Feature", "geometry": {"type": "Point", "coordinates": [2.4707500000000002, 48.819925, 80.0]}, "properties": {"source_index": 1918, "ndvi": 0.4384326069058321, "observation_time": 0.0, "origin": "synthetic demonstration"}}, {"type": "Feature", "geometry": {"type": "Point", "coordinates": [2.470775, 48.819925, 80.0]}, "properties": {"source_index": 1919, "ndvi": 0.48033439047663856, "observation_time": 0.0, "origin": "synthetic demonstration"}}, {"type": "Feature", "geometry": {"type": "Point", "coordinates": [2.4695, 48.81995, 80.0]}, "properties": {"source_index": 1932, "ndvi": 0.33723934696735725, "observation_time": 0.0, "origin": "synthetic demonstration"}}, {"type": "Feature", "geometry": {"type": "Point", "coordinates": [2.4695250000000004, 48.81995, 80.0]}, "properties": {"source_index": 1933, "ndvi": 0.39751886880201565, "observation_time": 0.0, "origin": "synthetic demonstration"}}, {"type": "Feature", "geometry": {"type": "Point", "coordinates": [2.4695500000000004, 48.81995, 80.0]}, "properties": {"source_index": 1934, "ndvi": 0.4549189865896451, "observation_time": 0.0, "origin": "synthetic demonstration"}}, {"type": "Feature", "geometry": {"type": "Point", "coordinates": [2.4695750000000003, 48.81995, 80.0]}, "properties": {"source_index": 1935, "ndvi": 0.5068372119855222, "observation_time": 0.0, "origin": "synthetic demonstration"}}, {"type": "Feature", "geometry": {"type": "Point", "coordinates": [2.4696000000000002, 48.81995, 80.0]}, "properties": {"source_index": 1936, "ndvi": 0.5508036351353064, "observation_time": 0.0, "origin": "synthetic demonstration"}}, {"type": "Feature", "geometry": {"type": "Point", "coordinates": [2.469625, 48.81995, 80.0]}, "properties": {"source_index": 1937, "ndvi": 0.5847188542146402, "observation_time": 0.0, "origin": "synthetic demonstration"}}, {"type": "Feature", "geometry": {"type": "Point", "coordinates": [2.46965, 48.81995, 80.0]}, "properties": {"source_index": 1938, "ndvi": 0.6070834189711791, "observation_time": 0.0, "origin": "synthetic demonstration"}}, {"type": "Feature", "geometry": {"type": "Point", "coordinates": [2.469675, 48.81995, 80.0]}, "properties": {"source_index": 1939, "ndvi": 0.6171666324353348, "observation_time": 0.0, "origin": "synthetic demonstration"}}, {"type": "Feature", "geometry": {"type": "Point", "coordinates": [2.4697, 48.81995, 80.0]}, "properties": {"source_index": 1940, "ndvi": 0.6150731815186019, "observation_time": 0.0, "origin": "synthetic demonstration"}}, {"type": "Feature", "geometry": {"type": "Point", "coordinates": [2.4697250000000004, 48.81995, 80.0]}, "properties": {"source_index": 1941, "ndvi": 0.6016921503217011, "observation_time": 0.0, "origin": "synthetic demonstration"}}, {"type": "Feature", "geometry": {"type": "Point", "coordinates": [2.4697500000000003, 48.81995, 80.0]}, "properties": {"source_index": 1942, "ndvi": 0.5785444602387481, "observation_time": 0.0, "origin": "synthetic demonstration"}}, {"type": "Feature", "geometry": {"type": "Point", "coordinates": [2.4697750000000003, 48.81995, 80.0]}, "properties": {"source_index": 1943, "ndvi": 0.5475688627566332, "observation_time": 0.0, "origin": "synthetic demonstration"}}, {"type": "Feature", "geometry": {"type": "Point", "coordinates": [2.4698, 48.81995, 80.0]}, "properties": {"source_index": 1944, "ndvi": 0.5108949686724114, "observation_time": 0.0, "origin": "synthetic demonstration"}}, {"type": "Feature", "geometry": {"type": "Point", "coordinates": [2.469825, 48.81995, 80.0]}, "properties": {"source_index": 1945, "ndvi": 0.47064441335738094, "observation_time": 0.0, "origin": "synthetic demonstration"}}, {"type": "Feature", "geometry": {"type": "Point", "coordinates": [2.46985, 48.81995, 80.0]}, "properties": {"source_index": 1946, "ndvi": 0.4287846358659375, "observation_time": 0.0, "origin": "synthetic demonstration"}}, {"type": "Feature", "geometry": {"type": "Point", "coordinates": [2.469875, 48.81995, 80.0]}, "properties": {"source_index": 1947, "ndvi": 0.3870420146630135, "observation_time": 0.0, "origin": "synthetic demonstration"}}, {"type": "Feature", "geometry": {"type": "Point", "coordinates": [2.4699, 48.81995, 80.0]}, "properties": {"source_index": 1948, "ndvi": 0.3468678892235788, "observation_time": 0.0, "origin": "synthetic demonstration"}}, {"type": "Feature", "geometry": {"type": "Point", "coordinates": [2.4699250000000004, 48.81995, 80.0]}, "properties": {"source_index": 1949, "ndvi": 0.309444133916936, "observation_time": 0.0, "origin": "synthetic demonstration"}}, {"type": "Feature", "geometry": {"type": "Point", "coordinates": [2.4706750000000004, 48.81995, 80.0]}, "properties": {"source_index": 1979, "ndvi": 0.3107110175474921, "observation_time": 0.0, "origin": "synthetic demonstration"}}, {"type": "Feature", "geometry": {"type": "Point", "coordinates": [2.4707000000000003, 48.81995, 80.0]}, "properties": {"source_index": 1980, "ndvi": 0.3482495444282657, "observation_time": 0.0, "origin": "synthetic demonstration"}}, {"type": "Feature", "geometry": {"type": "Point", "coordinates": [2.4707250000000003, 48.81995, 80.0]}, "properties": {"source_index": 1981, "ndvi": 0.38850090657015474, "observation_time": 0.0, "origin": "synthetic demonstration"}}, {"type": "Feature", "geometry": {"type": "Point", "coordinates": [2.4707500000000002, 48.81995, 80.0]}, "properties": {"source_index": 1982, "ndvi": 0.4302741015808497, "observation_time": 0.0, "origin": "synthetic demonstration"}}, {"type": "Feature", "geometry": {"type": "Point", "coordinates": [2.470775, 48.81995, 80.0]}, "properties": {"source_index": 1983, "ndvi": 0.4721079577585679, "observation_time": 0.0, "origin": "synthetic demonstration"}}, {"type": "Feature", "geometry": {"type": "Point", "coordinates": [2.4695, 48.819975, 80.0]}, "properties": {"source_index": 1996, "ndvi": 0.3349069320601393, "observation_time": 0.0, "origin": "synthetic demonstration"}}, {"type": "Feature", "geometry": {"type": "Point", "coordinates": [2.4695250000000004, 48.819975, 80.0]}, "properties": {"source_index": 1997, "ndvi": 0.3933524588825336, "observation_time": 0.0, "origin": "synthetic demonstration"}}, {"type": "Feature", "geometry": {"type": "Point", "coordinates": [2.4695500000000004, 48.819975, 80.0]}, "properties": {"source_index": 1998, "ndvi": 0.4493903762966399, "observation_time": 0.0, "origin": "synthetic demonstration"}}, {"type": "Feature", "geometry": {"type": "Point", "coordinates": [2.4695750000000003, 48.819975, 80.0]}, "properties": {"source_index": 1999, "ndvi": 0.5003620926729738, "observation_time": 0.0, "origin": "synthetic demonstration"}}, {"type": "Feature", "geometry": {"type": "Point", "coordinates": [2.4696000000000002, 48.819975, 80.0]}, "properties": {"source_index": 2000, "ndvi": 0.5437060830018218, "observation_time": 0.0, "origin": "synthetic demonstration"}}, {"type": "Feature", "geometry": {"type": "Point", "coordinates": [2.469625, 48.819975, 80.0]}, "properties": {"source_index": 2001, "ndvi": 0.5772097635130677, "observation_time": 0.0, "origin": "synthetic demonstration"}}, {"type": "Feature", "geometry": {"type": "Point", "coordinates": [2.46965, 48.819975, 80.0]}, "properties": {"source_index": 2002, "ndvi": 0.5992596081923331, "observation_time": 0.0, "origin": "synthetic demonstration"}}, {"type": "Feature", "geometry": {"type": "Point", "coordinates": [2.469675, 48.819975, 80.0]}, "properties": {"source_index": 2003, "ndvi": 0.6090321468461659, "observation_time": 0.0, "origin": "synthetic demonstration"}}, {"type": "Feature", "geometry": {"type": "Point", "coordinates": [2.4697, 48.819975, 80.0]}, "properties": {"source_index": 2004, "ndvi": 0.6065777217129518, "observation_time": 0.0, "origin": "synthetic demonstration"}}, {"type": "Feature", "geometry": {"type": "Point", "coordinates": [2.4697250000000004, 48.819975, 80.0]}, "properties": {"source_index": 2005, "ndvi": 0.5927765479394235, "observation_time": 0.0, "origin": "synthetic demonstration"}}, {"type": "Feature", "geometry": {"type": "Point", "coordinates": [2.4697500000000003, 48.819975, 80.0]}, "properties": {"source_index": 2006, "ndvi": 0.569181974847551, "observation_time": 0.0, "origin": "synthetic demonstration"}}, {"type": "Feature", "geometry": {"type": "Point", "coordinates": [2.4697750000000003, 48.819975, 80.0]}, "properties": {"source_index": 2007, "ndvi": 0.5377939677171257, "observation_time": 0.0, "origin": "synthetic demonstration"}}, {"type": "Feature", "geometry": {"type": "Point", "coordinates": [2.4698, 48.819975, 80.0]}, "properties": {"source_index": 2008, "ndvi": 0.500816401040976, "observation_time": 0.0, "origin": "synthetic demonstration"}}, {"type": "Feature", "geometry": {"type": "Point", "coordinates": [2.469825, 48.819975, 80.0]}, "properties": {"source_index": 2009, "ndvi": 0.46044411340230684, "observation_time": 0.0, "origin": "synthetic demonstration"}}, {"type": "Feature", "geometry": {"type": "Point", "coordinates": [2.46985, 48.819975, 80.0]}, "properties": {"source_index": 2010, "ndvi": 0.41870711853102205, "observation_time": 0.0, "origin": "synthetic demonstration"}}, {"type": "Feature", "geometry": {"type": "Point", "coordinates": [2.469875, 48.819975, 80.0]}, "properties": {"source_index": 2011, "ndvi": 0.377379361575488, "observation_time": 0.0, "origin": "synthetic demonstration"}}, {"type": "Feature", "geometry": {"type": "Point", "coordinates": [2.4699, 48.819975, 80.0]}, "properties": {"source_index": 2012, "ndvi": 0.3379445670106586, "observation_time": 0.0, "origin": "synthetic demonstration"}}, {"type": "Feature", "geometry": {"type": "Point", "coordinates": [2.4699250000000004, 48.819975, 80.0]}, "properties": {"source_index": 2013, "ndvi": 0.30160416182110317, "observation_time": 0.0, "origin": "synthetic demonstration"}}, {"type": "Feature", "geometry": {"type": "Point", "coordinates": [2.47025, 48.819975, 80.0]}, "properties": {"source_index": 2026, "ndvi": 0.3004779054498894, "observation_time": 0.0, "origin": "synthetic demonstration"}}, {"type": "Feature", "geometry": {"type": "Point", "coordinates": [2.470275, 48.819975, 80.0]}, "properties": {"source_index": 2027, "ndvi": 0.3137317672926134, "observation_time": 0.0, "origin": "synthetic demonstration"}}, {"type": "Feature", "geometry": {"type": "Point", "coordinates": [2.4703000000000004, 48.819975, 80.0]}, "properties": {"source_index": 2028, "ndvi": 0.3183359986725805, "observation_time": 0.0, "origin": "synthetic demonstration"}}, {"type": "Feature", "geometry": {"type": "Point", "coordinates": [2.4703250000000003, 48.819975, 80.0]}, "properties": {"source_index": 2029, "ndvi": 0.3133996199515442, "observation_time": 0.0, "origin": "synthetic demonstration"}}, {"type": "Feature", "geometry": {"type": "Point", "coordinates": [2.4706750000000004, 48.819975, 80.0]}, "properties": {"source_index": 2043, "ndvi": 0.30282668066040075, "observation_time": 0.0, "origin": "synthetic demonstration"}}, {"type": "Feature", "geometry": {"type": "Point", "coordinates": [2.4707000000000003, 48.819975, 80.0]}, "properties": {"source_index": 2044, "ndvi": 0.3392942547704042, "observation_time": 0.0, "origin": "synthetic demonstration"}}, {"type": "Feature", "geometry": {"type": "Point", "coordinates": [2.4707250000000003, 48.819975, 80.0]}, "properties": {"source_index": 2045, "ndvi": 0.3788181743758128, "observation_time": 0.0, "origin": "synthetic demonstration"}}, {"type": "Feature", "geometry": {"type": "Point", "coordinates": [2.4707500000000002, 48.819975, 80.0]}, "properties": {"source_index": 2046, "ndvi": 0.4201874841104345, "observation_time": 0.0, "origin": "synthetic demonstration"}}, {"type": "Feature", "geometry": {"type": "Point", "coordinates": [2.470775, 48.819975, 80.0]}, "properties": {"source_index": 2047, "ndvi": 0.4619081201384324, "observation_time": 0.0, "origin": "synthetic demonstration"}}, {"type": "Feature", "geometry": {"type": "Point", "coordinates": [2.4695, 48.82, 80.0]}, "properties": {"source_index": 2060, "ndvi": 0.33220599580382476, "observation_time": 0.0, "origin": "synthetic demonstration"}}, {"type": "Feature", "geometry": {"type": "Point", "coordinates": [2.4695250000000004, 48.82, 80.0]}, "properties": {"source_index": 2061, "ndvi": 0.38849238192384294, "observation_time": 0.0, "origin": "synthetic demonstration"}}, {"type": "Feature", "geometry": {"type": "Point", "coordinates": [2.4695500000000004, 48.82, 80.0]}, "properties": {"source_index": 2062, "ndvi": 0.44289635586654674, "observation_time": 0.0, "origin": "synthetic demonstration"}}, {"type": "Feature", "geometry": {"type": "Point", "coordinates": [2.4695750000000003, 48.82, 80.0]}, "properties": {"source_index": 2063, "ndvi": 0.4927072036397985, "observation_time": 0.0, "origin": "synthetic demonstration"}}, {"type": "Feature", "geometry": {"type": "Point", "coordinates": [2.4696000000000002, 48.82, 80.0]}, "properties": {"source_index": 2064, "ndvi": 0.5352669338979137, "observation_time": 0.0, "origin": "synthetic demonstration"}}, {"type": "Feature", "geometry": {"type": "Point", "coordinates": [2.469625, 48.82, 80.0]}, "properties": {"source_index": 2065, "ndvi": 0.5682372729093542, "observation_time": 0.0, "origin": "synthetic demonstration"}}, {"type": "Feature", "geometry": {"type": "Point", "coordinates": [2.46965, 48.82, 80.0]}, "properties": {"source_index": 2066, "ndvi": 0.5898740974936758, "observation_time": 0.0, "origin": "synthetic demonstration"}}, {"type": "Feature", "geometry": {"type": "Point", "coordinates": [2.469675, 48.82, 80.0]}, "properties": {"source_index": 2067, "ndvi": 0.59924578805518, "observation_time": 0.0, "origin": "synthetic demonstration"}}, {"type": "Feature", "geometry": {"type": "Point", "coordinates": [2.4697, 48.82, 80.0]}, "properties": {"source_index": 2068, "ndvi": 0.5963389395276153, "observation_time": 0.0, "origin": "synthetic demonstration"}}, {"type": "Feature", "geometry": {"type": "Point", "coordinates": [2.4697250000000004, 48.82, 80.0]}, "properties": {"source_index": 2069, "ndvi": 0.5820241394570375, "observation_time": 0.0, "origin": "synthetic demonstration"}}, {"type": "Feature", "geometry": {"type": "Point", "coordinates": [2.4697500000000003, 48.82, 80.0]}, "properties": {"source_index": 2070, "ndvi": 0.557894733730717, "observation_time": 0.0, "origin": "synthetic demonstration"}}, {"type": "Feature", "geometry": {"type": "Point", "coordinates": [2.4697750000000003, 48.82, 80.0]}, "properties": {"source_index": 2071, "ndvi": 0.5260250164480562, "observation_time": 0.0, "origin": "synthetic demonstration"}}, {"type": "Feature", "geometry": {"type": "Point", "coordinates": [2.4698, 48.82, 80.0]}, "properties": {"source_index": 2072, "ndvi": 0.4887079539403099, "observation_time": 0.0, "origin": "synthetic demonstration"}}, {"type": "Feature", "geometry": {"type": "Point", "coordinates": [2.469825, 48.82, 80.0]}, "properties": {"source_index": 2073, "ndvi": 0.4482246980484425, "observation_time": 0.0, "origin": "synthetic demonstration"}}, {"type": "Feature", "geometry": {"type": "Point", "coordinates": [2.46985, 48.82, 80.0]}, "properties": {"source_index": 2074, "ndvi": 0.4066770656175024, "observation_time": 0.0, "origin": "synthetic demonstration"}}, {"type": "Feature", "geometry": {"type": "Point", "coordinates": [2.469875, 48.82, 80.0]}, "properties": {"source_index": 2075, "ndvi": 0.36589115545169404, "observation_time": 0.0, "origin": "synthetic demonstration"}}, {"type": "Feature", "geometry": {"type": "Point", "coordinates": [2.4699, 48.82, 80.0]}, "properties": {"source_index": 2076, "ndvi": 0.32738330270502053, "observation_time": 0.0, "origin": "synthetic demonstration"}}, {"type": "Feature", "geometry": {"type": "Point", "coordinates": [2.470225, 48.82, 80.0]}, "properties": {"source_index": 2089, "ndvi": 0.3082129226926298, "observation_time": 0.0, "origin": "synthetic demonstration"}}, {"type": "Feature", "geometry": {"type": "Point", "coordinates": [2.47025, 48.82, 80.0]}, "properties": {"source_index": 2090, "ndvi": 0.32951572897842407, "observation_time": 0.0, "origin": "synthetic demonstration"}}, {"type": "Feature", "geometry": {"type": "Point", "coordinates": [2.470275, 48.82, 80.0]}, "properties": {"source_index": 2091, "ndvi": 0.34385681360405623, "observation_time": 0.0, "origin": "synthetic demonstration"}}, {"type": "Feature", "geometry": {"type": "Point", "coordinates": [2.4703000000000004, 48.82, 80.0]}, "properties": {"source_index": 2092, "ndvi": 0.34881202787022364, "observation_time": 0.0, "origin": "synthetic demonstration"}}, {"type": "Feature", "geometry": {"type": "Point", "coordinates": [2.4703250000000003, 48.82, 80.0]}, "properties": {"source_index": 2093, "ndvi": 0.34349883143243165, "observation_time": 0.0, "origin": "synthetic demonstration"}}, {"type": "Feature", "geometry": {"type": "Point", "coordinates": [2.4703500000000003, 48.82, 80.0]}, "properties": {"source_index": 2094, "ndvi": 0.3288626238296035, "observation_time": 0.0, "origin": "synthetic demonstration"}}, {"type": "Feature", "geometry": {"type": "Point", "coordinates": [2.470375, 48.82, 80.0]}, "properties": {"source_index": 2095, "ndvi": 0.3073705254184066, "observation_time": 0.0, "origin": "synthetic demonstration"}}, {"type": "Feature", "geometry": {"type": "Point", "coordinates": [2.4707000000000003, 48.82, 80.0]}, "properties": {"source_index": 2108, "ndvi": 0.3286933738493635, "observation_time": 0.0, "origin": "synthetic demonstration"}}, {"type": "Feature", "geometry": {"type": "Point", "coordinates": [2.4707250000000003, 48.82, 80.0]}, "properties": {"source_index": 2109, "ndvi": 0.36730434787812166, "observation_time": 0.0, "origin": "synthetic demonstration"}}, {"type": "Feature", "geometry": {"type": "Point", "coordinates": [2.4707500000000002, 48.82, 80.0]}, "properties": {"source_index": 2110, "ndvi": 0.4081449559641644, "observation_time": 0.0, "origin": "synthetic demonstration"}}, {"type": "Feature", "geometry": {"type": "Point", "coordinates": [2.470775, 48.82, 80.0]}, "properties": {"source_index": 2111, "ndvi": 0.44968787400896865, "observation_time": 0.0, "origin": "synthetic demonstration"}}, {"type": "Feature", "geometry": {"type": "Point", "coordinates": [2.4695, 48.820025, 80.0]}, "properties": {"source_index": 2124, "ndvi": 0.329170440924929, "observation_time": 0.0, "origin": "synthetic demonstration"}}, {"type": "Feature", "geometry": {"type": "Point", "coordinates": [2.4695250000000004, 48.820025, 80.0]}, "properties": {"source_index": 2125, "ndvi": 0.38298434462379527, "observation_time": 0.0, "origin": "synthetic demonstration"}}, {"type": "Feature", "geometry": {"type": "Point", "coordinates": [2.4695500000000004, 48.820025, 80.0]}, "properties": {"source_index": 2126, "ndvi": 0.43547735875374727, "observation_time": 0.0, "origin": "synthetic demonstration"}}, {"type": "Feature", "geometry": {"type": "Point", "coordinates": [2.4695750000000003, 48.820025, 80.0]}, "properties": {"source_index": 2127, "ndvi": 0.4838964233400387, "observation_time": 0.0, "origin": "synthetic demonstration"}}, {"type": "Feature", "geometry": {"type": "Point", "coordinates": [2.4696000000000002, 48.820025, 80.0]}, "properties": {"source_index": 2128, "ndvi": 0.5254879159706328, "observation_time": 0.0, "origin": "synthetic demonstration"}}, {"type": "Feature", "geometry": {"type": "Point", "coordinates": [2.469625, 48.820025, 80.0]}, "properties": {"source_index": 2129, "ndvi": 0.5577799510409823, "observation_time": 0.0, "origin": "synthetic demonstration"}}, {"type": "Feature", "geometry": {"type": "Point", "coordinates": [2.46965, 48.820025, 80.0]}, "properties": {"source_index": 2130, "ndvi": 0.5788842865318213, "observation_time": 0.0, "origin": "synthetic demonstration"}}, {"type": "Feature", "geometry": {"type": "Point", "coordinates": [2.469675, 48.820025, 80.0]}, "properties": {"source_index": 2131, "ndvi": 0.5877473860857262, "observation_time": 0.0, "origin": "synthetic demonstration"}}, {"type": "Feature", "geometry": {"type": "Point", "coordinates": [2.4697, 48.820025, 80.0]}, "properties": {"source_index": 2132, "ndvi": 0.5842835699550789, "observation_time": 0.0, "origin": "synthetic demonstration"}}, {"type": "Feature", "geometry": {"type": "Point", "coordinates": [2.4697250000000004, 48.820025, 80.0]}, "properties": {"source_index": 2133, "ndvi": 0.569353820225334, "observation_time": 0.0, "origin": "synthetic demonstration"}}, {"type": "Feature", "geometry": {"type": "Point", "coordinates": [2.4697500000000003, 48.820025, 80.0]}, "properties": {"source_index": 2134, "ndvi": 0.5445999588793056, "observation_time": 0.0, "origin": "synthetic demonstration"}}, {"type": "Feature", "geometry": {"type": "Point", "coordinates": [2.4697750000000003, 48.820025, 80.0]}, "properties": {"source_index": 2135, "ndvi": 0.5121845183757975, "observation_time": 0.0, "origin": "synthetic demonstration"}}, {"type": "Feature", "geometry": {"type": "Point", "coordinates": [2.4698, 48.820025, 80.0]}, "properties": {"source_index": 2136, "ndvi": 0.4745045954760887, "observation_time": 0.0, "origin": "synthetic demonstration"}}, {"type": "Feature", "geometry": {"type": "Point", "coordinates": [2.469825, 48.820025, 80.0]}, "properties": {"source_index": 2137, "ndvi": 0.43394002095083095, "observation_time": 0.0, "origin": "synthetic demonstration"}}, {"type": "Feature", "geometry": {"type": "Point", "coordinates": [2.46985, 48.820025, 80.0]}, "properties": {"source_index": 2138, "ndvi": 0.3926718457264245, "observation_time": 0.0, "origin": "synthetic demonstration"}}, {"type": "Feature", "geometry": {"type": "Point", "coordinates": [2.469875, 48.820025, 80.0]}, "properties": {"source_index": 2139, "ndvi": 0.35258021756911845, "observation_time": 0.0, "origin": "synthetic demonstration"}}, {"type": "Feature", "geometry": {"type": "Point", "coordinates": [2.4699, 48.820025, 80.0]}, "properties": {"source_index": 2140, "ndvi": 0.3152110121681823, "observation_time": 0.0, "origin": "synthetic demonstration"}}, {"type": "Feature", "geometry": {"type": "Point", "coordinates": [2.4702, 48.820025, 80.0]}, "properties": {"source_index": 2152, "ndvi": 0.308835373574218, "observation_time": 0.0, "origin": "synthetic demonstration"}}, {"type": "Feature", "geometry": {"type": "Point", "coordinates": [2.470225, 48.820025, 80.0]}, "properties": {"source_index": 2153, "ndvi": 0.3362044589316466, "observation_time": 0.0, "origin": "synthetic demonstration"}}, {"type": "Feature", "geometry": {"type": "Point", "coordinates": [2.47025, 48.820025, 80.0]}, "properties": {"source_index": 2154, "ndvi": 0.35915774578615867, "observation_time": 0.0, "origin": "synthetic demonstration"}}, {"type": "Feature", "geometry": {"type": "Point", "coordinates": [2.470275, 48.820025, 80.0]}, "properties": {"source_index": 2155, "ndvi": 0.3744543741924364, "observation_time": 0.0, "origin": "synthetic demonstration"}}, {"type": "Feature", "geometry": {"type": "Point", "coordinates": [2.4703000000000004, 48.820025, 80.0]}, "properties": {"source_index": 2156, "ndvi": 0.37971317235067187, "observation_time": 0.0, "origin": "synthetic demonstration"}}, {"type": "Feature", "geometry": {"type": "Point", "coordinates": [2.4703250000000003, 48.820025, 80.0]}, "properties": {"source_index": 2157, "ndvi": 0.3740739459794844, "observation_time": 0.0, "origin": "synthetic demonstration"}}, {"type": "Feature", "geometry": {"type": "Point", "coordinates": [2.4703500000000003, 48.820025, 80.0]}, "properties": {"source_index": 2158, "ndvi": 0.3584582871746978, "observation_time": 0.0, "origin": "synthetic demonstration"}}, {"type": "Feature", "geometry": {"type": "Point", "coordinates": [2.470375, 48.820025, 80.0]}, "properties": {"source_index": 2159, "ndvi": 0.335290583106283, "observation_time": 0.0, "origin": "synthetic demonstration"}}, {"type": "Feature", "geometry": {"type": "Point", "coordinates": [2.4704, 48.820025, 80.0]}, "properties": {"source_index": 2160, "ndvi": 0.30782798234939796, "observation_time": 0.0, "origin": "synthetic demonstration"}}, {"type": "Feature", "geometry": {"type": "Point", "coordinates": [2.4707000000000003, 48.820025, 80.0]}, "properties": {"source_index": 2172, "ndvi": 0.3164730275184355, "observation_time": 0.0, "origin": "synthetic demonstration"}}, {"type": "Feature", "geometry": {"type": "Point", "coordinates": [2.4707250000000003, 48.820025, 80.0]}, "properties": {"source_index": 2173, "ndvi": 0.35396134973342874, "observation_time": 0.0, "origin": "synthetic demonstration"}}, {"type": "Feature", "geometry": {"type": "Point", "coordinates": [2.4707500000000002, 48.820025, 80.0]}, "properties": {"source_index": 2174, "ndvi": 0.3941230021094688, "observation_time": 0.0, "origin": "synthetic demonstration"}}, {"type": "Feature", "geometry": {"type": "Point", "coordinates": [2.470775, 48.820025, 80.0]}, "properties": {"source_index": 2175, "ndvi": 0.4354003118341156, "observation_time": 0.0, "origin": "synthetic demonstration"}}, {"type": "Feature", "geometry": {"type": "Point", "coordinates": [2.4695, 48.82005, 80.0]}, "properties": {"source_index": 2188, "ndvi": 0.3258394756835795, "observation_time": 0.0, "origin": "synthetic demonstration"}}, {"type": "Feature", "geometry": {"type": "Point", "coordinates": [2.4695250000000004, 48.82005, 80.0]}, "properties": {"source_index": 2189, "ndvi": 0.3768837057512985, "observation_time": 0.0, "origin": "synthetic demonstration"}}, {"type": "Feature", "geometry": {"type": "Point", "coordinates": [2.4695500000000004, 48.82005, 80.0]}, "properties": {"source_index": 2190, "ndvi": 0.4271858386542591, "observation_time": 0.0, "origin": "synthetic demonstration"}}, {"type": "Feature", "geometry": {"type": "Point", "coordinates": [2.4695750000000003, 48.82005, 80.0]}, "properties": {"source_index": 2191, "ndvi": 0.47396569846807834, "observation_time": 0.0, "origin": "synthetic demonstration"}}, {"type": "Feature", "geometry": {"type": "Point", "coordinates": [2.4696000000000002, 48.82005, 80.0]}, "properties": {"source_index": 2192, "ndvi": 0.5143808675298474, "observation_time": 0.0, "origin": "synthetic demonstration"}}, {"type": "Feature", "geometry": {"type": "Point", "coordinates": [2.469625, 48.82005, 80.0]}, "properties": {"source_index": 2193, "ndvi": 0.5458232481932846, "observation_time": 0.0, "origin": "synthetic demonstration"}}, {"type": "Feature", "geometry": {"type": "Point", "coordinates": [2.46965, 48.82005, 80.0]}, "properties": {"source_index": 2194, "ndvi": 0.5662508090809324, "observation_time": 0.0, "origin": "synthetic demonstration"}}, {"type": "Feature", "geometry": {"type": "Point", "coordinates": [2.469675, 48.82005, 80.0]}, "properties": {"source_index": 2195, "ndvi": 0.5744766820396336, "observation_time": 0.0, "origin": "synthetic demonstration"}}, {"type": "Feature", "geometry": {"type": "Point", "coordinates": [2.4697, 48.82005, 80.0]}, "properties": {"source_index": 2196, "ndvi": 0.5703358240869877, "observation_time": 0.0, "origin": "synthetic demonstration"}}, {"type": "Feature", "geometry": {"type": "Point", "coordinates": [2.4697250000000004, 48.82005, 80.0]}, "properties": {"source_index": 2197, "ndvi": 0.5546808185363467, "observation_time": 0.0, "origin": "synthetic demonstration"}}, {"type": "Feature", "geometry": {"type": "Point", "coordinates": [2.4697500000000003, 48.82005, 80.0]}, "properties": {"source_index": 2198, "ndvi": 0.5292116016516392, "observation_time": 0.0, "origin": "synthetic demonstration"}}, {"type": "Feature", "geometry": {"type": "Point", "coordinates": [2.4697750000000003, 48.82005, 80.0]}, "properties": {"source_index": 2199, "ndvi": 0.49619368436259165, "observation_time": 0.0, "origin": "synthetic demonstration"}}, {"type": "Feature", "geometry": {"type": "Point", "coordinates": [2.4698, 48.82005, 80.0]}, "properties": {"source_index": 2200, "ndvi": 0.4581433007777045, "observation_time": 0.0, "origin": "synthetic demonstration"}}, {"type": "Feature", "geometry": {"type": "Point", "coordinates": [2.469825, 48.82005, 80.0]}, "properties": {"source_index": 2201, "ndvi": 0.4175500574598845, "observation_time": 0.0, "origin": "synthetic demonstration"}}, {"type": "Feature", "geometry": {"type": "Point", "coordinates": [2.46985, 48.82005, 80.0]}, "properties": {"source_index": 2202, "ndvi": 0.3766791505857579, "observation_time": 0.0, "origin": "synthetic demonstration"}}, {"type": "Feature", "geometry": {"type": "Point", "coordinates": [2.469875, 48.82005, 80.0]}, "properties": {"source_index": 2203, "ndvi": 0.33746320203932895, "observation_time": 0.0, "origin": "synthetic demonstration"}}, {"type": "Feature", "geometry": {"type": "Point", "coordinates": [2.4699, 48.82005, 80.0]}, "properties": {"source_index": 2204, "ndvi": 0.3014705740612273, "observation_time": 0.0, "origin": "synthetic demonstration"}}, {"type": "Feature", "geometry": {"type": "Point", "coordinates": [2.4701750000000002, 48.82005, 80.0]}, "properties": {"source_index": 2215, "ndvi": 0.30350227535309, "observation_time": 0.0, "origin": "synthetic demonstration"}}, {"type": "Feature", "geometry": {"type": "Point", "coordinates": [2.4702, 48.82005, 80.0]}, "properties": {"source_index": 2216, "ndvi": 0.3346998350016254, "observation_time": 0.0, "origin": "synthetic demonstration"}}, {"type": "Feature", "geometry": {"type": "Point", "coordinates": [2.470225, 48.82005, 80.0]}, "properties": {"source_index": 2217, "ndvi": 0.36416896914112656, "observation_time": 0.0, "origin": "synthetic demonstration"}}, {"type": "Feature", "geometry": {"type": "Point", "coordinates": [2.47025, 48.82005, 80.0]}, "properties": {"source_index": 2218, "ndvi": 0.38854085882381456, "observation_time": 0.0, "origin": "synthetic demonstration"}}, {"type": "Feature", "geometry": {"type": "Point", "coordinates": [2.470275, 48.82005, 80.0]}, "properties": {"source_index": 2219, "ndvi": 0.40463198731244526, "observation_time": 0.0, "origin": "synthetic demonstration"}}, {"type": "Feature", "geometry": {"type": "Point", "coordinates": [2.4703000000000004, 48.82005, 80.0]}, "properties": {"source_index": 2220, "ndvi": 0.41013811295273583, "observation_time": 0.0, "origin": "synthetic demonstration"}}, {"type": "Feature", "geometry": {"type": "Point", "coordinates": [2.4703250000000003, 48.82005, 80.0]}, "properties": {"source_index": 2221, "ndvi": 0.40423316700103834, "observation_time": 0.0, "origin": "synthetic demonstration"}}, {"type": "Feature", "geometry": {"type": "Point", "coordinates": [2.4703500000000003, 48.82005, 80.0]}, "properties": {"source_index": 2222, "ndvi": 0.38780230331916404, "observation_time": 0.0, "origin": "synthetic demonstration"}}, {"type": "Feature", "geometry": {"type": "Point", "coordinates": [2.470375, 48.82005, 80.0]}, "properties": {"source_index": 2223, "ndvi": 0.3631925418598575, "observation_time": 0.0, "origin": "synthetic demonstration"}}, {"type": "Feature", "geometry": {"type": "Point", "coordinates": [2.4704, 48.82005, 80.0]}, "properties": {"source_index": 2224, "ndvi": 0.33360550397568967, "observation_time": 0.0, "origin": "synthetic demonstration"}}, {"type": "Feature", "geometry": {"type": "Point", "coordinates": [2.470425, 48.82005, 80.0]}, "properties": {"source_index": 2225, "ndvi": 0.30240521647209617, "observation_time": 0.0, "origin": "synthetic demonstration"}}, {"type": "Feature", "geometry": {"type": "Point", "coordinates": [2.4707000000000003, 48.82005, 80.0]}, "properties": {"source_index": 2236, "ndvi": 0.3026752587186588, "observation_time": 0.0, "origin": "synthetic demonstration"}}, {"type": "Feature", "geometry": {"type": "Point", "coordinates": [2.4707250000000003, 48.82005, 80.0]}, "properties": {"source_index": 2237, "ndvi": 0.338804831157901, "observation_time": 0.0, "origin": "synthetic demonstration"}}, {"type": "Feature", "geometry": {"type": "Point", "coordinates": [2.4707500000000002, 48.82005, 80.0]}, "properties": {"source_index": 2238, "ndvi": 0.37810828921186307, "observation_time": 0.0, "origin": "synthetic demonstration"}}, {"type": "Feature", "geometry": {"type": "Point", "coordinates": [2.470775, 48.82005, 80.0]}, "properties": {"source_index": 2239, "ndvi": 0.4190044960066256, "observation_time": 0.0, "origin": "synthetic demonstration"}}, {"type": "Feature", "geometry": {"type": "Point", "coordinates": [2.4695, 48.820075, 80.0]}, "properties": {"source_index": 2252, "ndvi": 0.32225748237063767, "observation_time": 0.0, "origin": "synthetic demonstration"}}, {"type": "Feature", "geometry": {"type": "Point", "coordinates": [2.4695250000000004, 48.820075, 80.0]}, "properties": {"source_index": 2253, "ndvi": 0.3702562763327855, "observation_time": 0.0, "origin": "synthetic demonstration"}}, {"type": "Feature", "geometry": {"type": "Point", "coordinates": [2.4695500000000004, 48.820075, 80.0]}, "properties": {"source_index": 2254, "ndvi": 0.4180885531934851, "observation_time": 0.0, "origin": "synthetic demonstration"}}, {"type": "Feature", "geometry": {"type": "Point", "coordinates": [2.4695750000000003, 48.820075, 80.0]}, "properties": {"source_index": 2255, "ndvi": 0.4629668477684089, "observation_time": 0.0, "origin": "synthetic demonstration"}}, {"type": "Feature", "geometry": {"type": "Point", "coordinates": [2.4696000000000002, 48.820075, 80.0]}, "properties": {"source_index": 2256, "ndvi": 0.5019727287241728, "observation_time": 0.0, "origin": "synthetic demonstration"}}, {"type": "Feature", "geometry": {"type": "Point", "coordinates": [2.469625, 48.820075, 80.0]}, "properties": {"source_index": 2257, "ndvi": 0.5323652038159042, "observation_time": 0.0, "origin": "synthetic demonstration"}}, {"type": "Feature", "geometry": {"type": "Point", "coordinates": [2.46965, 48.820075, 80.0]}, "properties": {"source_index": 2258, "ndvi": 0.5519435539554054, "observation_time": 0.0, "origin": "synthetic demonstration"}}, {"type": "Feature", "geometry": {"type": "Point", "coordinates": [2.469675, 48.820075, 80.0]}, "properties": {"source_index": 2259, "ndvi": 0.5593794466415063, "observation_time": 0.0, "origin": "synthetic demonstration"}}, {"type": "Feature", "geometry": {"type": "Point", "coordinates": [2.4697, 48.820075, 80.0]}, "properties": {"source_index": 2260, "ndvi": 0.5544235901223051, "observation_time": 0.0, "origin": "synthetic demonstration"}}, {"type": "Feature", "geometry": {"type": "Point", "coordinates": [2.4697250000000004, 48.820075, 80.0]}, "properties": {"source_index": 2261, "ndvi": 0.5379231054467052, "observation_time": 0.0, "origin": "synthetic demonstration"}}, {"type": "Feature", "geometry": {"type": "Point", "coordinates": [2.4697500000000003, 48.820075, 80.0]}, "properties": {"source_index": 2262, "ndvi": 0.5116471309628741, "observation_time": 0.0, "origin": "synthetic demonstration"}}, {"type": "Feature", "geometry": {"type": "Point", "coordinates": [2.4697750000000003, 48.820075, 80.0]}, "properties": {"source_index": 2263, "ndvi": 0.477979695753603, "observation_time": 0.0, "origin": "synthetic demonstration"}}, {"type": "Feature", "geometry": {"type": "Point", "coordinates": [2.4698, 48.820075, 80.0]}, "properties": {"source_index": 2264, "ndvi": 0.4395707449811509, "observation_time": 0.0, "origin": "synthetic demonstration"}}, {"type": "Feature", "geometry": {"type": "Point", "coordinates": [2.469825, 48.820075, 80.0]}, "properties": {"source_index": 2265, "ndvi": 0.39902876235009477, "observation_time": 0.0, "origin": "synthetic demonstration"}}, {"type": "Feature", "geometry": {"type": "Point", "coordinates": [2.46985, 48.820075, 80.0]}, "properties": {"source_index": 2266, "ndvi": 0.3587045805195155, "observation_time": 0.0, "origin": "synthetic demonstration"}}, {"type": "Feature", "geometry": {"type": "Point", "coordinates": [2.469875, 48.820075, 80.0]}, "properties": {"source_index": 2267, "ndvi": 0.3205773793327336, "observation_time": 0.0, "origin": "synthetic demonstration"}}, {"type": "Feature", "geometry": {"type": "Point", "coordinates": [2.4701750000000002, 48.820075, 80.0]}, "properties": {"source_index": 2279, "ndvi": 0.3265103836200545, "observation_time": 0.0, "origin": "synthetic demonstration"}}, {"type": "Feature", "geometry": {"type": "Point", "coordinates": [2.4702, 48.820075, 80.0]}, "properties": {"source_index": 2280, "ndvi": 0.3601844939992884, "observation_time": 0.0, "origin": "synthetic demonstration"}}, {"type": "Feature", "geometry": {"type": "Point", "coordinates": [2.470225, 48.820075, 80.0]}, "properties": {"source_index": 2281, "ndvi": 0.39145664454761653, "observation_time": 0.0, "origin": "synthetic demonstration"}}, {"type": "Feature", "geometry": {"type": "Point", "coordinates": [2.47025, 48.820075, 80.0]}, "properties": {"source_index": 2282, "ndvi": 0.4169934753571225, "observation_time": 0.0, "origin": "synthetic demonstration"}}, {"type": "Feature", "geometry": {"type": "Point", "coordinates": [2.470275, 48.820075, 80.0]}, "properties": {"source_index": 2283, "ndvi": 0.4337101397869649, "observation_time": 0.0, "origin": "synthetic demonstration"}}, {"type": "Feature", "geometry": {"type": "Point", "coordinates": [2.4703000000000004, 48.820075, 80.0]}, "properties": {"source_index": 2284, "ndvi": 0.43940576843559287, "observation_time": 0.0, "origin": "synthetic demonstration"}}, {"type": "Feature", "geometry": {"type": "Point", "coordinates": [2.4703250000000003, 48.820075, 80.0]}, "properties": {"source_index": 2285, "ndvi": 0.43329711726638304, "observation_time": 0.0, "origin": "synthetic demonstration"}}, {"type": "Feature", "geometry": {"type": "Point", "coordinates": [2.4703500000000003, 48.820075, 80.0]}, "properties": {"source_index": 2286, "ndvi": 0.41622356434919217, "observation_time": 0.0, "origin": "synthetic demonstration"}}, {"type": "Feature", "geometry": {"type": "Point", "coordinates": [2.470375, 48.820075, 80.0]}, "properties": {"source_index": 2287, "ndvi": 0.39042771875762705, "observation_time": 0.0, "origin": "synthetic demonstration"}}, {"type": "Feature", "geometry": {"type": "Point", "coordinates": [2.4704, 48.820075, 80.0]}, "properties": {"source_index": 2288, "ndvi": 0.35901393448703456, "observation_time": 0.0, "origin": "synthetic demonstration"}}, {"type": "Feature", "geometry": {"type": "Point", "coordinates": [2.470425, 48.820075, 80.0]}, "properties": {"source_index": 2289, "ndvi": 0.3253136680381074, "observation_time": 0.0, "origin": "synthetic demonstration"}}, {"type": "Feature", "geometry": {"type": "Point", "coordinates": [2.4707250000000003, 48.820075, 80.0]}, "properties": {"source_index": 2301, "ndvi": 0.32187099295452964, "observation_time": 0.0, "origin": "synthetic demonstration"}}, {"type": "Feature", "geometry": {"type": "Point", "coordinates": [2.4707500000000002, 48.820075, 80.0]}, "properties": {"source_index": 2302, "ndvi": 0.360105269567331, "observation_time": 0.0, "origin": "synthetic demonstration"}}, {"type": "Feature", "geometry": {"type": "Point", "coordinates": [2.470775, 48.820075, 80.0]}, "properties": {"source_index": 2303, "ndvi": 0.4004733173449101, "observation_time": 0.0, "origin": "synthetic demonstration"}}, {"type": "Feature", "geometry": {"type": "Point", "coordinates": [2.4695, 48.820100000000004, 80.0]}, "properties": {"source_index": 2316, "ndvi": 0.3184737899255431, "observation_time": 0.0, "origin": "synthetic demonstration"}}, {"type": "Feature", "geometry": {"type": "Point", "coordinates": [2.4695250000000004, 48.820100000000004, 80.0]}, "properties": {"source_index": 2317, "ndvi": 0.36317901582327294, "observation_time": 0.0, "origin": "synthetic demonstration"}}, {"type": "Feature", "geometry": {"type": "Point", "coordinates": [2.4695500000000004, 48.820100000000004, 80.0]}, "properties": {"source_index": 2318, "ndvi": 0.4082689428794562, "observation_time": 0.0, "origin": "synthetic demonstration"}}, {"type": "Feature", "geometry": {"type": "Point", "coordinates": [2.4695750000000003, 48.820100000000004, 80.0]}, "properties": {"source_index": 2319, "ndvi": 0.45097186421736246, "observation_time": 0.0, "origin": "synthetic demonstration"}}, {"type": "Feature", "geometry": {"type": "Point", "coordinates": [2.4696000000000002, 48.820100000000004, 80.0]}, "properties": {"source_index": 2320, "ndvi": 0.4883115464926903, "observation_time": 0.0, "origin": "synthetic demonstration"}}, {"type": "Feature", "geometry": {"type": "Point", "coordinates": [2.469625, 48.820100000000004, 80.0]}, "properties": {"source_index": 2321, "ndvi": 0.5174236805272306, "observation_time": 0.0, "origin": "synthetic demonstration"}}, {"type": "Feature", "geometry": {"type": "Point", "coordinates": [2.46965, 48.820100000000004, 80.0]}, "properties": {"source_index": 2322, "ndvi": 0.5359496470298827, "observation_time": 0.0, "origin": "synthetic demonstration"}}, {"type": "Feature", "geometry": {"type": "Point", "coordinates": [2.469675, 48.820100000000004, 80.0]}, "properties": {"source_index": 2323, "ndvi": 0.5424158941470069, "observation_time": 0.0, "origin": "synthetic demonstration"}}, {"type": "Feature", "geometry": {"type": "Point", "coordinates": [2.4697, 48.820100000000004, 80.0]}, "properties": {"source_index": 2324, "ndvi": 0.5364871779031786, "observation_time": 0.0, "origin": "synthetic demonstration"}}, {"type": "Feature", "geometry": {"type": "Point", "coordinates": [2.4697250000000004, 48.820100000000004, 80.0]}, "properties": {"source_index": 2325, "ndvi": 0.51901052742351, "observation_time": 0.0, "origin": "synthetic demonstration"}}, {"type": "Feature", "geometry": {"type": "Point", "coordinates": [2.4697500000000003, 48.820100000000004, 80.0]}, "properties": {"source_index": 2326, "ndvi": 0.4918371508594219, "observation_time": 0.0, "origin": "synthetic demonstration"}}, {"type": "Feature", "geometry": {"type": "Point", "coordinates": [2.4697750000000003, 48.820100000000004, 80.0]}, "properties": {"source_index": 2327, "ndvi": 0.45748580717346526, "observation_time": 0.0, "origin": "synthetic demonstration"}}, {"type": "Feature", "geometry": {"type": "Point", "coordinates": [2.4698, 48.820100000000004, 80.0]}, "properties": {"source_index": 2328, "ndvi": 0.41875369211746366, "observation_time": 0.0, "origin": "synthetic demonstration"}}, {"type": "Feature", "geometry": {"type": "Point", "coordinates": [2.469825, 48.820100000000004, 80.0]}, "properties": {"source_index": 2329, "ndvi": 0.3783743184519941, "observation_time": 0.0, "origin": "synthetic demonstration"}}, {"type": "Feature", "geometry": {"type": "Point", "coordinates": [2.46985, 48.820100000000004, 80.0]}, "properties": {"source_index": 2330, "ndvi": 0.3387811605480239, "observation_time": 0.0, "origin": "synthetic demonstration"}}, {"type": "Feature", "geometry": {"type": "Point", "coordinates": [2.469875, 48.820100000000004, 80.0]}, "properties": {"source_index": 2331, "ndvi": 0.301988790072344, "observation_time": 0.0, "origin": "synthetic demonstration"}}, {"type": "Feature", "geometry": {"type": "Point", "coordinates": [2.4701500000000003, 48.820100000000004, 80.0]}, "properties": {"source_index": 2342, "ndvi": 0.3131629815741863, "observation_time": 0.0, "origin": "synthetic demonstration"}}, {"type": "Feature", "geometry": {"type": "Point", "coordinates": [2.4701750000000002, 48.820100000000004, 80.0]}, "properties": {"source_index": 2343, "ndvi": 0.3489815852584631, "observation_time": 0.0, "origin": "synthetic demonstration"}}, {"type": "Feature", "geometry": {"type": "Point", "coordinates": [2.4702, 48.820100000000004, 80.0]}, "properties": {"source_index": 2344, "ndvi": 0.38480766191643145, "observation_time": 0.0, "origin": "synthetic demonstration"}}, {"type": "Feature", "geometry": {"type": "Point", "coordinates": [2.470225, 48.820100000000004, 80.0]}, "properties": {"source_index": 2345, "ndvi": 0.4175744713117202, "observation_time": 0.0, "origin": "synthetic demonstration"}}, {"type": "Feature", "geometry": {"type": "Point", "coordinates": [2.47025, 48.820100000000004, 80.0]}, "properties": {"source_index": 2346, "ndvi": 0.44402567096455553, "observation_time": 0.0, "origin": "synthetic demonstration"}}, {"type": "Feature", "geometry": {"type": "Point", "coordinates": [2.470275, 48.820100000000004, 80.0]}, "properties": {"source_index": 2347, "ndvi": 0.46120651591778133, "observation_time": 0.0, "origin": "synthetic demonstration"}}, {"type": "Feature", "geometry": {"type": "Point", "coordinates": [2.4703000000000004, 48.820100000000004, 80.0]}, "properties": {"source_index": 2348, "ndvi": 0.4670373767792397, "observation_time": 0.0, "origin": "synthetic demonstration"}}, {"type": "Feature", "geometry": {"type": "Point", "coordinates": [2.4703250000000003, 48.820100000000004, 80.0]}, "properties": {"source_index": 2349, "ndvi": 0.46078324205399945, "observation_time": 0.0, "origin": "synthetic demonstration"}}, {"type": "Feature", "geometry": {"type": "Point", "coordinates": [2.4703500000000003, 48.820100000000004, 80.0]}, "properties": {"source_index": 2350, "ndvi": 0.4432318992554575, "observation_time": 0.0, "origin": "synthetic demonstration"}}, {"type": "Feature", "geometry": {"type": "Point", "coordinates": [2.470375, 48.820100000000004, 80.0]}, "properties": {"source_index": 2351, "ndvi": 0.4165032010791844, "observation_time": 0.0, "origin": "synthetic demonstration"}}, {"type": "Feature", "geometry": {"type": "Point", "coordinates": [2.4704, 48.820100000000004, 80.0]}, "properties": {"source_index": 2352, "ndvi": 0.38357235102752446, "observation_time": 0.0, "origin": "synthetic demonstration"}}, {"type": "Feature", "geometry": {"type": "Point", "coordinates": [2.470425, 48.820100000000004, 80.0]}, "properties": {"source_index": 2353, "ndvi": 0.3476964501005472, "observation_time": 0.0, "origin": "synthetic demonstration"}}, {"type": "Feature", "geometry": {"type": "Point", "coordinates": [2.47045, 48.820100000000004, 80.0]}, "properties": {"source_index": 2354, "ndvi": 0.31192870220424795, "observation_time": 0.0, "origin": "synthetic demonstration"}}, {"type": "Feature", "geometry": {"type": "Point", "coordinates": [2.4707250000000003, 48.820100000000004, 80.0]}, "properties": {"source_index": 2365, "ndvi": 0.3032247974393837, "observation_time": 0.0, "origin": "synthetic demonstration"}}, {"type": "Feature", "geometry": {"type": "Point", "coordinates": [2.4707500000000002, 48.820100000000004, 80.0]}, "properties": {"source_index": 2366, "ndvi": 0.3401457341116406, "observation_time": 0.0, "origin": "synthetic demonstration"}}, {"type": "Feature", "geometry": {"type": "Point", "coordinates": [2.470775, 48.820100000000004, 80.0]}, "properties": {"source_index": 2367, "ndvi": 0.37980375814207873, "observation_time": 0.0, "origin": "synthetic demonstration"}}, {"type": "Feature", "geometry": {"type": "Point", "coordinates": [2.4692000000000003, 48.820125, 80.0]}, "properties": {"source_index": 2368, "ndvi": 0.31335710777794235, "observation_time": 0.0, "origin": "synthetic demonstration"}}, {"type": "Feature", "geometry": {"type": "Point", "coordinates": [2.4695, 48.820125, 80.0]}, "properties": {"source_index": 2380, "ndvi": 0.3145423269367247, "observation_time": 0.0, "origin": "synthetic demonstration"}}, {"type": "Feature", "geometry": {"type": "Point", "coordinates": [2.4695250000000004, 48.820125, 80.0]}, "properties": {"source_index": 2381, "ndvi": 0.3557405289856091, "observation_time": 0.0, "origin": "synthetic demonstration"}}, {"type": "Feature", "geometry": {"type": "Point", "coordinates": [2.4695500000000004, 48.820125, 80.0]}, "properties": {"source_index": 2382, "ndvi": 0.39782945206494497, "observation_time": 0.0, "origin": "synthetic demonstration"}}, {"type": "Feature", "geometry": {"type": "Point", "coordinates": [2.4695750000000003, 48.820125, 80.0]}, "properties": {"source_index": 2383, "ndvi": 0.43807757590499014, "observation_time": 0.0, "origin": "synthetic demonstration"}}, {"type": "Feature", "geometry": {"type": "Point", "coordinates": [2.4696000000000002, 48.820125, 80.0]}, "properties": {"source_index": 2384, "ndvi": 0.4734734606484839, "observation_time": 0.0, "origin": "synthetic demonstration"}}, {"type": "Feature", "geometry": {"type": "Point", "coordinates": [2.469625, 48.820125, 80.0]}, "properties": {"source_index": 2385, "ndvi": 0.5010452738427695, "observation_time": 0.0, "origin": "synthetic demonstration"}}, {"type": "Feature", "geometry": {"type": "Point", "coordinates": [2.46965, 48.820125, 80.0]}, "properties": {"source_index": 2386, "ndvi": 0.5182837546556368, "observation_time": 0.0, "origin": "synthetic demonstration"}}, {"type": "Feature", "geometry": {"type": "Point", "coordinates": [2.469675, 48.820125, 80.0]}, "properties": {"source_index": 2387, "ndvi": 0.5235719489563659, "observation_time": 0.0, "origin": "synthetic demonstration"}}, {"type": "Feature", "geometry": {"type": "Point", "coordinates": [2.4697, 48.820125, 80.0]}, "properties": {"source_index": 2388, "ndvi": 0.5164913165129011, "observation_time": 0.0, "origin": "synthetic demonstration"}}, {"type": "Feature", "geometry": {"type": "Point", "coordinates": [2.4697250000000004, 48.820125, 80.0]}, "properties": {"source_index": 2389, "ndvi": 0.49789745915661265, "observation_time": 0.0, "origin": "synthetic demonstration"}}, {"type": "Feature", "geometry": {"type": "Point", "coordinates": [2.4697500000000003, 48.820125, 80.0]}, "properties": {"source_index": 2390, "ndvi": 0.4697386548096089, "observation_time": 0.0, "origin": "synthetic demonstration"}}, {"type": "Feature", "geometry": {"type": "Point", "coordinates": [2.4697750000000003, 48.820125, 80.0]}, "properties": {"source_index": 2391, "ndvi": 0.43468501555609557, "observation_time": 0.0, "origin": "synthetic demonstration"}}, {"type": "Feature", "geometry": {"type": "Point", "coordinates": [2.4698, 48.820125, 80.0]}, "properties": {"source_index": 2392, "ndvi": 0.3956926584066415, "observation_time": 0.0, "origin": "synthetic demonstration"}}, {"type": "Feature", "geometry": {"type": "Point", "coordinates": [2.469825, 48.820125, 80.0]}, "properties": {"source_index": 2393, "ndvi": 0.35562214559029715, "observation_time": 0.0, "origin": "synthetic demonstration"}}, {"type": "Feature", "geometry": {"type": "Point", "coordinates": [2.46985, 48.820125, 80.0]}, "properties": {"source_index": 2394, "ndvi": 0.31698093271448236, "observation_time": 0.0, "origin": "synthetic demonstration"}}, {"type": "Feature", "geometry": {"type": "Point", "coordinates": [2.4701500000000003, 48.820125, 80.0]}, "properties": {"source_index": 2406, "ndvi": 0.3322605617404415, "observation_time": 0.0, "origin": "synthetic demonstration"}}, {"type": "Feature", "geometry": {"type": "Point", "coordinates": [2.4701750000000002, 48.820125, 80.0]}, "properties": {"source_index": 2407, "ndvi": 0.3705577253420842, "observation_time": 0.0, "origin": "synthetic demonstration"}}, {"type": "Feature", "geometry": {"type": "Point", "coordinates": [2.4702, 48.820125, 80.0]}, "properties": {"source_index": 2408, "ndvi": 0.40820585304678214, "observation_time": 0.0, "origin": "synthetic demonstration"}}, {"type": "Feature", "geometry": {"type": "Point", "coordinates": [2.470225, 48.820125, 80.0]}, "properties": {"source_index": 2409, "ndvi": 0.4421707414763496, "observation_time": 0.0, "origin": "synthetic demonstration"}}, {"type": "Feature", "geometry": {"type": "Point", "coordinates": [2.47025, 48.820125, 80.0]}, "properties": {"source_index": 2410, "ndvi": 0.46930554519508205, "observation_time": 0.0, "origin": "synthetic demonstration"}}, {"type": "Feature", "geometry": {"type": "Point", "coordinates": [2.470275, 48.820125, 80.0]}, "properties": {"source_index": 2411, "ndvi": 0.48680653253143036, "observation_time": 0.0, "origin": "synthetic demonstration"}}, {"type": "Feature", "geometry": {"type": "Point", "coordinates": [2.4703000000000004, 48.820125, 80.0]}, "properties": {"source_index": 2412, "ndvi": 0.49272497353522626, "observation_time": 0.0, "origin": "synthetic demonstration"}}, {"type": "Feature", "geometry": {"type": "Point", "coordinates": [2.4703250000000003, 48.820125, 80.0]}, "properties": {"source_index": 2413, "ndvi": 0.4863764919820664, "observation_time": 0.0, "origin": "synthetic demonstration"}}, {"type": "Feature", "geometry": {"type": "Point", "coordinates": [2.4703500000000003, 48.820125, 80.0]}, "properties": {"source_index": 2414, "ndvi": 0.4684946892034027, "observation_time": 0.0, "origin": "synthetic demonstration"}}, {"type": "Feature", "geometry": {"type": "Point", "coordinates": [2.470375, 48.820125, 80.0]}, "properties": {"source_index": 2415, "ndvi": 0.4410666646883035, "observation_time": 0.0, "origin": "synthetic demonstration"}}, {"type": "Feature", "geometry": {"type": "Point", "coordinates": [2.4704, 48.820125, 80.0]}, "properties": {"source_index": 2416, "ndvi": 0.4069171217204022, "observation_time": 0.0, "origin": "synthetic demonstration"}}, {"type": "Feature", "geometry": {"type": "Point", "coordinates": [2.470425, 48.820125, 80.0]}, "properties": {"source_index": 2417, "ndvi": 0.3691959845652254, "observation_time": 0.0, "origin": "synthetic demonstration"}}, {"type": "Feature", "geometry": {"type": "Point", "coordinates": [2.47045, 48.820125, 80.0]}, "properties": {"source_index": 2418, "ndvi": 0.3309268679087274, "observation_time": 0.0, "origin": "synthetic demonstration"}}, {"type": "Feature", "geometry": {"type": "Point", "coordinates": [2.4707500000000002, 48.820125, 80.0]}, "properties": {"source_index": 2430, "ndvi": 0.3183004677528703, "observation_time": 0.0, "origin": "synthetic demonstration"}}, {"type": "Feature", "geometry": {"type": "Point", "coordinates": [2.470775, 48.820125, 80.0]}, "properties": {"source_index": 2431, "ndvi": 0.35702993709573416, "observation_time": 0.0, "origin": "synthetic demonstration"}}, {"type": "Feature", "geometry": {"type": "Point", "coordinates": [2.4692000000000003, 48.82015, 80.0]}, "properties": {"source_index": 2432, "ndvi": 0.3415859288555891, "observation_time": 0.0, "origin": "synthetic demonstration"}}, {"type": "Feature", "geometry": {"type": "Point", "coordinates": [2.4692250000000002, 48.82015, 80.0]}, "properties": {"source_index": 2433, "ndvi": 0.30431670718964243, "observation_time": 0.0, "origin": "synthetic demonstration"}}, {"type": "Feature", "geometry": {"type": "Point", "coordinates": [2.4695, 48.82015, 80.0]}, "properties": {"source_index": 2444, "ndvi": 0.31052113297999745, "observation_time": 0.0, "origin": "synthetic demonstration"}}, {"type": "Feature", "geometry": {"type": "Point", "coordinates": [2.4695250000000004, 48.82015, 80.0]}, "properties": {"source_index": 2445, "ndvi": 0.3480412548816165, "observation_time": 0.0, "origin": "synthetic demonstration"}}, {"type": "Feature", "geometry": {"type": "Point", "coordinates": [2.4695500000000004, 48.82015, 80.0]}, "properties": {"source_index": 2446, "ndvi": 0.3868935844008693, "observation_time": 0.0, "origin": "synthetic demonstration"}}, {"type": "Feature", "geometry": {"type": "Point", "coordinates": [2.4695750000000003, 48.82015, 80.0]}, "properties": {"source_index": 2447, "ndvi": 0.4244104205430526, "observation_time": 0.0, "origin": "synthetic demonstration"}}, {"type": "Feature", "geometry": {"type": "Point", "coordinates": [2.4696000000000002, 48.82015, 80.0]}, "properties": {"source_index": 2448, "ndvi": 0.457570499566115, "observation_time": 0.0, "origin": "synthetic demonstration"}}, {"type": "Feature", "geometry": {"type": "Point", "coordinates": [2.469625, 48.82015, 80.0]}, "properties": {"source_index": 2449, "ndvi": 0.48331590945900077, "observation_time": 0.0, "origin": "synthetic demonstration"}}, {"type": "Feature", "geometry": {"type": "Point", "coordinates": [2.46965, 48.82015, 80.0]}, "properties": {"source_index": 2450, "ndvi": 0.4990009681694719, "observation_time": 0.0, "origin": "synthetic demonstration"}}, {"type": "Feature", "geometry": {"type": "Point", "coordinates": [2.469675, 48.82015, 80.0]}, "properties": {"source_index": 2451, "ndvi": 0.5028738756539135, "observation_time": 0.0, "origin": "synthetic demonstration"}}, {"type": "Feature", "geometry": {"type": "Point", "coordinates": [2.4697, 48.82015, 80.0]}, "properties": {"source_index": 2452, "ndvi": 0.4944411159227762, "observation_time": 0.0, "origin": "synthetic demonstration"}}, {"type": "Feature", "geometry": {"type": "Point", "coordinates": [2.4697250000000004, 48.82015, 80.0]}, "properties": {"source_index": 2453, "ndvi": 0.4745797983456031, "observation_time": 0.0, "origin": "synthetic demonstration"}}, {"type": "Feature", "geometry": {"type": "Point", "coordinates": [2.4697500000000003, 48.82015, 80.0]}, "properties": {"source_index": 2454, "ndvi": 0.44535273652525753, "observation_time": 0.0, "origin": "synthetic demonstration"}}, {"type": "Feature", "geometry": {"type": "Point", "coordinates": [2.4697750000000003, 48.82015, 80.0]}, "properties": {"source_index": 2455, "ndvi": 0.4095979954793193, "observation_time": 0.0, "origin": "synthetic demonstration"}}, {"type": "Feature", "geometry": {"type": "Point", "coordinates": [2.4698, 48.82015, 80.0]}, "properties": {"source_index": 2456, "ndvi": 0.3704393325036918, "observation_time": 0.0, "origin": "synthetic demonstration"}}, {"type": "Feature", "geometry": {"type": "Point", "coordinates": [2.469825, 48.82015, 80.0]}, "properties": {"source_index": 2457, "ndvi": 0.3308608832216299, "observation_time": 0.0, "origin": "synthetic demonstration"}}, {"type": "Feature", "geometry": {"type": "Point", "coordinates": [2.4701250000000003, 48.82015, 80.0]}, "properties": {"source_index": 2469, "ndvi": 0.31141021802875635, "observation_time": 0.0, "origin": "synthetic demonstration"}}, {"type": "Feature", "geometry": {"type": "Point", "coordinates": [2.4701500000000003, 48.82015, 80.0]}, "properties": {"source_index": 2470, "ndvi": 0.3505185871500579, "observation_time": 0.0, "origin": "synthetic demonstration"}}, {"type": "Feature", "geometry": {"type": "Point", "coordinates": [2.4701750000000002, 48.82015, 80.0]}, "properties": {"source_index": 2471, "ndvi": 0.39096500702794457, "observation_time": 0.0, "origin": "synthetic demonstration"}}, {"type": "Feature", "geometry": {"type": "Point", "coordinates": [2.4702, 48.82015, 80.0]}, "properties": {"source_index": 2472, "ndvi": 0.4301196426294558, "observation_time": 0.0, "origin": "synthetic demonstration"}}, {"type": "Feature", "geometry": {"type": "Point", "coordinates": [2.470225, 48.82015, 80.0]}, "properties": {"source_index": 2473, "ndvi": 0.46501277157128684, "observation_time": 0.0, "origin": "synthetic demonstration"}}, {"type": "Feature", "geometry": {"type": "Point", "coordinates": [2.47025, 48.82015, 80.0]}, "properties": {"source_index": 2474, "ndvi": 0.4926297887531862, "observation_time": 0.0, "origin": "synthetic demonstration"}}, {"type": "Feature", "geometry": {"type": "Point", "coordinates": [2.470275, 48.82015, 80.0]}, "properties": {"source_index": 2475, "ndvi": 0.5103290957597245, "observation_time": 0.0, "origin": "synthetic demonstration"}}, {"type": "Feature", "geometry": {"type": "Point", "coordinates": [2.4703000000000004, 48.82015, 80.0]}, "properties": {"source_index": 2476, "ndvi": 0.5162954999928193, "observation_time": 0.0, "origin": "synthetic demonstration"}}, {"type": "Feature", "geometry": {"type": "Point", "coordinates": [2.4703250000000003, 48.82015, 80.0]}, "properties": {"source_index": 2477, "ndvi": 0.5098951992405085, "observation_time": 0.0, "origin": "synthetic demonstration"}}, {"type": "Feature", "geometry": {"type": "Point", "coordinates": [2.4703500000000003, 48.82015, 80.0]}, "properties": {"source_index": 2478, "ndvi": 0.491807654556646, "observation_time": 0.0, "origin": "synthetic demonstration"}}, {"type": "Feature", "geometry": {"type": "Point", "coordinates": [2.470375, 48.82015, 80.0]}, "properties": {"source_index": 2479, "ndvi": 0.4638843731329607, "observation_time": 0.0, "origin": "synthetic demonstration"}}, {"type": "Feature", "geometry": {"type": "Point", "coordinates": [2.4704, 48.82015, 80.0]}, "properties": {"source_index": 2480, "ndvi": 0.4287880501562278, "observation_time": 0.0, "origin": "synthetic demonstration"}}, {"type": "Feature", "geometry": {"type": "Point", "coordinates": [2.470425, 48.82015, 80.0]}, "properties": {"source_index": 2481, "ndvi": 0.389538290229309, "observation_time": 0.0, "origin": "synthetic demonstration"}}, {"type": "Feature", "geometry": {"type": "Point", "coordinates": [2.47045, 48.82015, 80.0]}, "properties": {"source_index": 2482, "ndvi": 0.34909695322826195, "observation_time": 0.0, "origin": "synthetic demonstration"}}, {"type": "Feature", "geometry": {"type": "Point", "coordinates": [2.470475, 48.82015, 80.0]}, "properties": {"source_index": 2483, "ndvi": 0.31007828553696454, "observation_time": 0.0, "origin": "synthetic demonstration"}}, {"type": "Feature", "geometry": {"type": "Point", "coordinates": [2.470775, 48.82015, 80.0]}, "properties": {"source_index": 2495, "ndvi": 0.33223915924594266, "observation_time": 0.0, "origin": "synthetic demonstration"}}, {"type": "Feature", "geometry": {"type": "Point", "coordinates": [2.4692000000000003, 48.820175, 80.0]}, "properties": {"source_index": 2496, "ndvi": 0.3674679927700534, "observation_time": 0.0, "origin": "synthetic demonstration"}}, {"type": "Feature", "geometry": {"type": "Point", "coordinates": [2.4692250000000002, 48.820175, 80.0]}, "properties": {"source_index": 2497, "ndvi": 0.3306770816207839, "observation_time": 0.0, "origin": "synthetic demonstration"}}, {"type": "Feature", "geometry": {"type": "Point", "coordinates": [2.4695, 48.820175, 80.0]}, "properties": {"source_index": 2508, "ndvi": 0.3064717099654754, "observation_time": 0.0, "origin": "synthetic demonstration"}}, {"type": "Feature", "geometry": {"type": "Point", "coordinates": [2.4695250000000004, 48.820175, 80.0]}, "properties": {"source_index": 2509, "ndvi": 0.34019323087078096, "observation_time": 0.0, "origin": "synthetic demonstration"}}, {"type": "Feature", "geometry": {"type": "Point", "coordinates": [2.4695500000000004, 48.820175, 80.0]}, "properties": {"source_index": 2510, "ndvi": 0.3756074283719879, "observation_time": 0.0, "origin": "synthetic demonstration"}}, {"type": "Feature", "geometry": {"type": "Point", "coordinates": [2.4695750000000003, 48.820175, 80.0]}, "properties": {"source_index": 2511, "ndvi": 0.4101309547407974, "observation_time": 0.0, "origin": "synthetic demonstration"}}, {"type": "Feature", "geometry": {"type": "Point", "coordinates": [2.4696000000000002, 48.820175, 80.0]}, "properties": {"source_index": 2512, "ndvi": 0.4407588057916921, "observation_time": 0.0, "origin": "synthetic demonstration"}}, {"type": "Feature", "geometry": {"type": "Point", "coordinates": [2.469625, 48.820175, 80.0]}, "properties": {"source_index": 2513, "ndvi": 0.46437289196050147, "observation_time": 0.0, "origin": "synthetic demonstration"}}, {"type": "Feature", "geometry": {"type": "Point", "coordinates": [2.46965, 48.820175, 80.0]}, "properties": {"source_index": 2514, "ndvi": 0.4782122872019679, "observation_time": 0.0, "origin": "synthetic demonstration"}}, {"type": "Feature", "geometry": {"type": "Point", "coordinates": [2.469675, 48.820175, 80.0]}, "properties": {"source_index": 2515, "ndvi": 0.480406578609172, "observation_time": 0.0, "origin": "synthetic demonstration"}}, {"type": "Feature", "geometry": {"type": "Point", "coordinates": [2.4697, 48.820175, 80.0]}, "properties": {"source_index": 2516, "ndvi": 0.4704025393786926, "observation_time": 0.0, "origin": "synthetic demonstration"}}, {"type": "Feature", "geometry": {"type": "Point", "coordinates": [2.4697250000000004, 48.820175, 80.0]}, "properties": {"source_index": 2517, "ndvi": 0.4491169761525695, "observation_time": 0.0, "origin": "synthetic demonstration"}}, {"type": "Feature", "geometry": {"type": "Point", "coordinates": [2.4697500000000003, 48.820175, 80.0]}, "properties": {"source_index": 2518, "ndvi": 0.4187474074764636, "observation_time": 0.0, "origin": "synthetic demonstration"}}, {"type": "Feature", "geometry": {"type": "Point", "coordinates": [2.4697750000000003, 48.820175, 80.0]}, "properties": {"source_index": 2519, "ndvi": 0.38231577745990736, "observation_time": 0.0, "origin": "synthetic demonstration"}}, {"type": "Feature", "geometry": {"type": "Point", "coordinates": [2.4698, 48.820175, 80.0]}, "properties": {"source_index": 2520, "ndvi": 0.3431179485133629, "observation_time": 0.0, "origin": "synthetic demonstration"}}, {"type": "Feature", "geometry": {"type": "Point", "coordinates": [2.469825, 48.820175, 80.0]}, "properties": {"source_index": 2521, "ndvi": 0.30425123034828033, "observation_time": 0.0, "origin": "synthetic demonstration"}}, {"type": "Feature", "geometry": {"type": "Point", "coordinates": [2.4701250000000003, 48.820175, 80.0]}, "properties": {"source_index": 2533, "ndvi": 0.3261544524627068, "observation_time": 0.0, "origin": "synthetic demonstration"}}, {"type": "Feature", "geometry": {"type": "Point", "coordinates": [2.4701500000000003, 48.820175, 80.0]}, "properties": {"source_index": 2534, "ndvi": 0.3677256571407636, "observation_time": 0.0, "origin": "synthetic demonstration"}}, {"type": "Feature", "geometry": {"type": "Point", "coordinates": [2.4701750000000002, 48.820175, 80.0]}, "properties": {"source_index": 2535, "ndvi": 0.4100035299582379, "observation_time": 0.0, "origin": "synthetic demonstration"}}, {"type": "Feature", "geometry": {"type": "Point", "coordinates": [2.4702, 48.820175, 80.0]}, "properties": {"source_index": 2536, "ndvi": 0.450376258498057, "observation_time": 0.0, "origin": "synthetic demonstration"}}, {"type": "Feature", "geometry": {"type": "Point", "coordinates": [2.470225, 48.820175, 80.0]}, "properties": {"source_index": 2537, "ndvi": 0.4859627040146326, "observation_time": 0.0, "origin": "synthetic demonstration"}}, {"type": "Feature", "geometry": {"type": "Point", "coordinates": [2.47025, 48.820175, 80.0]}, "properties": {"source_index": 2538, "ndvi": 0.5138939675486944, "observation_time": 0.0, "origin": "synthetic demonstration"}}, {"type": "Feature", "geometry": {"type": "Point", "coordinates": [2.470275, 48.820175, 80.0]}, "properties": {"source_index": 2539, "ndvi": 0.5316933828857309, "observation_time": 0.0, "origin": "synthetic demonstration"}}, {"type": "Feature", "geometry": {"type": "Point", "coordinates": [2.4703000000000004, 48.820175, 80.0]}, "properties": {"source_index": 2540, "ndvi": 0.5376764220219241, "observation_time": 0.0, "origin": "synthetic demonstration"}}, {"type": "Feature", "geometry": {"type": "Point", "coordinates": [2.4703250000000003, 48.820175, 80.0]}, "properties": {"source_index": 2541, "ndvi": 0.5312579444381726, "observation_time": 0.0, "origin": "synthetic demonstration"}}, {"type": "Feature", "geometry": {"type": "Point", "coordinates": [2.4703500000000003, 48.820175, 80.0]}, "properties": {"source_index": 2542, "ndvi": 0.5130653028968464, "observation_time": 0.0, "origin": "synthetic demonstration"}}, {"type": "Feature", "geometry": {"type": "Point", "coordinates": [2.470375, 48.820175, 80.0]}, "properties": {"source_index": 2543, "ndvi": 0.48481720346456114, "observation_time": 0.0, "origin": "synthetic demonstration"}}, {"type": "Feature", "geometry": {"type": "Point", "coordinates": [2.4704, 48.820175, 80.0]}, "properties": {"source_index": 2544, "ndvi": 0.4490112175545633, "observation_time": 0.0, "origin": "synthetic demonstration"}}, {"type": "Feature", "geometry": {"type": "Point", "coordinates": [2.470425, 48.820175, 80.0]}, "properties": {"source_index": 2545, "ndvi": 0.40852275487062006, "observation_time": 0.0, "origin": "synthetic demonstration"}}, {"type": "Feature", "geometry": {"type": "Point", "coordinates": [2.47045, 48.820175, 80.0]}, "properties": {"source_index": 2546, "ndvi": 0.3662275049451621, "observation_time": 0.0, "origin": "synthetic demonstration"}}, {"type": "Feature", "geometry": {"type": "Point", "coordinates": [2.470475, 48.820175, 80.0]}, "properties": {"source_index": 2547, "ndvi": 0.3247241521842741, "observation_time": 0.0, "origin": "synthetic demonstration"}}, {"type": "Feature", "geometry": {"type": "Point", "coordinates": [2.470775, 48.820175, 80.0]}, "properties": {"source_index": 2559, "ndvi": 0.3055908651151968, "observation_time": 0.0, "origin": "synthetic demonstration"}}, {"type": "Feature", "geometry": {"type": "Point", "coordinates": [2.4692000000000003, 48.8202, 80.0]}, "properties": {"source_index": 2560, "ndvi": 0.3909239480071973, "observation_time": 0.0, "origin": "synthetic demonstration"}}, {"type": "Feature", "geometry": {"type": "Point", "coordinates": [2.4692250000000002, 48.8202, 80.0]}, "properties": {"source_index": 2561, "ndvi": 0.3546338366094483, "observation_time": 0.0, "origin": "synthetic demonstration"}}, {"type": "Feature", "geometry": {"type": "Point", "coordinates": [2.46925, 48.8202, 80.0]}, "properties": {"source_index": 2562, "ndvi": 0.3210395543795711, "observation_time": 0.0, "origin": "synthetic demonstration"}}, {"type": "Feature", "geometry": {"type": "Point", "coordinates": [2.4695, 48.8202, 80.0]}, "properties": {"source_index": 2572, "ndvi": 0.30245820113305105, "observation_time": 0.0, "origin": "synthetic demonstration"}}, {"type": "Feature", "geometry": {"type": "Point", "coordinates": [2.4695250000000004, 48.8202, 80.0]}, "properties": {"source_index": 2573, "ndvi": 0.33231931409779786, "observation_time": 0.0, "origin": "synthetic demonstration"}}, {"type": "Feature", "geometry": {"type": "Point", "coordinates": [2.4695500000000004, 48.8202, 80.0]}, "properties": {"source_index": 2574, "ndvi": 0.36414033725821293, "observation_time": 0.0, "origin": "synthetic demonstration"}}, {"type": "Feature", "geometry": {"type": "Point", "coordinates": [2.4695750000000003, 48.8202, 80.0]}, "properties": {"source_index": 2575, "ndvi": 0.39543756512159006, "observation_time": 0.0, "origin": "synthetic demonstration"}}, {"type": "Feature", "geometry": {"type": "Point", "coordinates": [2.4696000000000002, 48.8202, 80.0]}, "properties": {"source_index": 2576, "ndvi": 0.4232466299580837, "observation_time": 0.0, "origin": "synthetic demonstration"}}, {"type": "Feature", "geometry": {"type": "Point", "coordinates": [2.469625, 48.8202, 80.0]}, "properties": {"source_index": 2577, "ndvi": 0.44441777810229843, "observation_time": 0.0, "origin": "synthetic demonstration"}}, {"type": "Feature", "geometry": {"type": "Point", "coordinates": [2.46965, 48.8202, 80.0]}, "properties": {"source_index": 2578, "ndvi": 0.45610226935477405, "observation_time": 0.0, "origin": "synthetic demonstration"}}, {"type": "Feature", "geometry": {"type": "Point", "coordinates": [2.469675, 48.8202, 80.0]}, "properties": {"source_index": 2579, "ndvi": 0.4563354151014582, "observation_time": 0.0, "origin": "synthetic demonstration"}}, {"type": "Feature", "geometry": {"type": "Point", "coordinates": [2.4697, 48.8202, 80.0]}, "properties": {"source_index": 2580, "ndvi": 0.4445274785816732, "observation_time": 0.0, "origin": "synthetic demonstration"}}, {"type": "Feature", "geometry": {"type": "Point", "coordinates": [2.4697250000000004, 48.8202, 80.0]}, "properties": {"source_index": 2581, "ndvi": 0.42165919731761403, "observation_time": 0.0, "origin": "synthetic demonstration"}}, {"type": "Feature", "geometry": {"type": "Point", "coordinates": [2.4697500000000003, 48.8202, 80.0]}, "properties": {"source_index": 2582, "ndvi": 0.39008567817451717, "observation_time": 0.0, "origin": "synthetic demonstration"}}, {"type": "Feature", "geometry": {"type": "Point", "coordinates": [2.4697750000000003, 48.8202, 80.0]}, "properties": {"source_index": 2583, "ndvi": 0.3530271015132185, "observation_time": 0.0, "origin": "synthetic demonstration"}}, {"type": "Feature", "geometry": {"type": "Point", "coordinates": [2.4698, 48.8202, 80.0]}, "properties": {"source_index": 2584, "ndvi": 0.3139502251247674, "observation_time": 0.0, "origin": "synthetic demonstration"}}, {"type": "Feature", "geometry": {"type": "Point", "coordinates": [2.4701250000000003, 48.8202, 80.0]}, "properties": {"source_index": 2597, "ndvi": 0.3399992897221235, "observation_time": 0.0, "origin": "synthetic demonstration"}}, {"type": "Feature", "geometry": {"type": "Point", "coordinates": [2.4701500000000003, 48.8202, 80.0]}, "properties": {"source_index": 2598, "ndvi": 0.38372120866814996, "observation_time": 0.0, "origin": "synthetic demonstration"}}, {"type": "Feature", "geometry": {"type": "Point", "coordinates": [2.4701750000000002, 48.8202, 80.0]}, "properties": {"source_index": 2599, "ndvi": 0.4275351335301772, "observation_time": 0.0, "origin": "synthetic demonstration"}}, {"type": "Feature", "geometry": {"type": "Point", "coordinates": [2.4702, 48.8202, 80.0]}, "properties": {"source_index": 2600, "ndvi": 0.46887168941615287, "observation_time": 0.0, "origin": "synthetic demonstration"}}, {"type": "Feature", "geometry": {"type": "Point", "coordinates": [2.470225, 48.8202, 80.0]}, "properties": {"source_index": 2601, "ndvi": 0.5049545038656286, "observation_time": 0.0, "origin": "synthetic demonstration"}}, {"type": "Feature", "geometry": {"type": "Point", "coordinates": [2.47025, 48.8202, 80.0]}, "properties": {"source_index": 2602, "ndvi": 0.533065694333657, "observation_time": 0.0, "origin": "synthetic demonstration"}}, {"type": "Feature", "geometry": {"type": "Point", "coordinates": [2.470275, 48.8202, 80.0]}, "properties": {"source_index": 2603, "ndvi": 0.5508897425968513, "observation_time": 0.0, "origin": "synthetic demonstration"}}, {"type": "Feature", "geometry": {"type": "Point", "coordinates": [2.4703000000000004, 48.8202, 80.0]}, "properties": {"source_index": 2604, "ndvi": 0.5568659047060367, "observation_time": 0.0, "origin": "synthetic demonstration"}}, {"type": "Feature", "geometry": {"type": "Point", "coordinates": [2.4703250000000003, 48.8202, 80.0]}, "properties": {"source_index": 2605, "ndvi": 0.5504545104670737, "observation_time": 0.0, "origin": "synthetic demonstration"}}, {"type": "Feature", "geometry": {"type": "Point", "coordinates": [2.4703500000000003, 48.8202, 80.0]}, "properties": {"source_index": 2606, "ndvi": 0.5322342100630065, "observation_time": 0.0, "origin": "synthetic demonstration"}}, {"type": "Feature", "geometry": {"type": "Point", "coordinates": [2.470375, 48.8202, 80.0]}, "properties": {"source_index": 2607, "ndvi": 0.5037978047727282, "observation_time": 0.0, "origin": "synthetic demonstration"}}, {"type": "Feature", "geometry": {"type": "Point", "coordinates": [2.4704, 48.8202, 80.0]}, "properties": {"source_index": 2608, "ndvi": 0.46748128849356674, "observation_time": 0.0, "origin": "synthetic demonstration"}}, {"type": "Feature", "geometry": {"type": "Point", "coordinates": [2.470425, 48.8202, 80.0]}, "properties": {"source_index": 2609, "ndvi": 0.4260101818123526, "observation_time": 0.0, "origin": "synthetic demonstration"}}, {"type": "Feature", "geometry": {"type": "Point", "coordinates": [2.47045, 48.8202, 80.0]}, "properties": {"source_index": 2610, "ndvi": 0.38215746362120523, "observation_time": 0.0, "origin": "synthetic demonstration"}}, {"type": "Feature", "geometry": {"type": "Point", "coordinates": [2.470475, 48.8202, 80.0]}, "properties": {"source_index": 2611, "ndvi": 0.33848163458152863, "observation_time": 0.0, "origin": "synthetic demonstration"}}, {"type": "Feature", "geometry": {"type": "Point", "coordinates": [2.4692000000000003, 48.820225, 80.0]}, "properties": {"source_index": 2624, "ndvi": 0.4119381127030833, "observation_time": 0.0, "origin": "synthetic demonstration"}}, {"type": "Feature", "geometry": {"type": "Point", "coordinates": [2.4692250000000002, 48.820225, 80.0]}, "properties": {"source_index": 2625, "ndvi": 0.37615125103034547, "observation_time": 0.0, "origin": "synthetic demonstration"}}, {"type": "Feature", "geometry": {"type": "Point", "coordinates": [2.46925, 48.820225, 80.0]}, "properties": {"source_index": 2626, "ndvi": 0.34255644831788723, "observation_time": 0.0, "origin": "synthetic demonstration"}}, {"type": "Feature", "geometry": {"type": "Point", "coordinates": [2.469275, 48.820225, 80.0]}, "properties": {"source_index": 2627, "ndvi": 0.31253558721735647, "observation_time": 0.0, "origin": "synthetic demonstration"}}, {"type": "Feature", "geometry": {"type": "Point", "coordinates": [2.4695250000000004, 48.820225, 80.0]}, "properties": {"source_index": 2637, "ndvi": 0.32455175418144006, "observation_time": 0.0, "origin": "synthetic demonstration"}}, {"type": "Feature", "geometry": {"type": "Point", "coordinates": [2.4695500000000004, 48.820225, 80.0]}, "properties": {"source_index": 2638, "ndvi": 0.35268441441400916, "observation_time": 0.0, "origin": "synthetic demonstration"}}, {"type": "Feature", "geometry": {"type": "Point", "coordinates": [2.4695750000000003, 48.820225, 80.0]}, "properties": {"source_index": 2639, "ndvi": 0.38056869319934805, "observation_time": 0.0, "origin": "synthetic demonstration"}}, {"type": "Feature", "geometry": {"type": "Point", "coordinates": [2.4696000000000002, 48.820225, 80.0]}, "properties": {"source_index": 2640, "ndvi": 0.40530108797192654, "observation_time": 0.0, "origin": "synthetic demonstration"}}, {"type": "Feature", "geometry": {"type": "Point", "coordinates": [2.469625, 48.820225, 80.0]}, "properties": {"source_index": 2641, "ndvi": 0.4237288979420562, "observation_time": 0.0, "origin": "synthetic demonstration"}}, {"type": "Feature", "geometry": {"type": "Point", "coordinates": [2.46965, 48.820225, 80.0]}, "properties": {"source_index": 2642, "ndvi": 0.43294769255449955, "observation_time": 0.0, "origin": "synthetic demonstration"}}, {"type": "Feature", "geometry": {"type": "Point", "coordinates": [2.469675, 48.820225, 80.0]}, "properties": {"source_index": 2643, "ndvi": 0.4309305317513389, "observation_time": 0.0, "origin": "synthetic demonstration"}}, {"type": "Feature", "geometry": {"type": "Point", "coordinates": [2.4697, 48.820225, 80.0]}, "properties": {"source_index": 2644, "ndvi": 0.41708262182956585, "observation_time": 0.0, "origin": "synthetic demonstration"}}, {"type": "Feature", "geometry": {"type": "Point", "coordinates": [2.4697250000000004, 48.820225, 80.0]}, "properties": {"source_index": 2645, "ndvi": 0.3924791719121151, "observation_time": 0.0, "origin": "synthetic demonstration"}}, {"type": "Feature", "geometry": {"type": "Point", "coordinates": [2.4697500000000003, 48.820225, 80.0]}, "properties": {"source_index": 2646, "ndvi": 0.35965806314888527, "observation_time": 0.0, "origin": "synthetic demonstration"}}, {"type": "Feature", "geometry": {"type": "Point", "coordinates": [2.4697750000000003, 48.820225, 80.0]}, "properties": {"source_index": 2647, "ndvi": 0.32204935740595425, "observation_time": 0.0, "origin": "synthetic demonstration"}}, {"type": "Feature", "geometry": {"type": "Point", "coordinates": [2.4701000000000004, 48.820225, 80.0]}, "properties": {"source_index": 2660, "ndvi": 0.308944954077935, "observation_time": 0.0, "origin": "synthetic demonstration"}}, {"type": "Feature", "geometry": {"type": "Point", "coordinates": [2.4701250000000003, 48.820225, 80.0]}, "properties": {"source_index": 2661, "ndvi": 0.3528130248079363, "observation_time": 0.0, "origin": "synthetic demonstration"}}, {"type": "Feature", "geometry": {"type": "Point", "coordinates": [2.4701500000000003, 48.820225, 80.0]}, "properties": {"source_index": 2662, "ndvi": 0.39838778630260563, "observation_time": 0.0, "origin": "synthetic demonstration"}}, {"type": "Feature", "geometry": {"type": "Point", "coordinates": [2.4701750000000002, 48.820225, 80.0]}, "properties": {"source_index": 2663, "ndvi": 0.443471100838558, "observation_time": 0.0, "origin": "synthetic demonstration"}}, {"type": "Feature", "geometry": {"type": "Point", "coordinates": [2.4702, 48.820225, 80.0]}, "properties": {"source_index": 2664, "ndvi": 0.48555403880408393, "observation_time": 0.0, "origin": "synthetic demonstration"}}, {"type": "Feature", "geometry": {"type": "Point", "coordinates": [2.470225, 48.820225, 80.0]}, "properties": {"source_index": 2665, "ndvi": 0.5219738030378653, "observation_time": 0.0, "origin": "synthetic demonstration"}}, {"type": "Feature", "geometry": {"type": "Point", "coordinates": [2.47025, 48.820225, 80.0]}, "properties": {"source_index": 2666, "ndvi": 0.5501620973464765, "observation_time": 0.0, "origin": "synthetic demonstration"}}, {"type": "Feature", "geometry": {"type": "Point", "coordinates": [2.470275, 48.820225, 80.0]}, "properties": {"source_index": 2667, "ndvi": 0.5679558772242349, "observation_time": 0.0, "origin": "synthetic demonstration"}}, {"type": "Feature", "geometry": {"type": "Point", "coordinates": [2.4703000000000004, 48.820225, 80.0]}, "properties": {"source_index": 2668, "ndvi": 0.5739086073392328, "observation_time": 0.0, "origin": "synthetic demonstration"}}, {"type": "Feature", "geometry": {"type": "Point", "coordinates": [2.4703250000000003, 48.820225, 80.0]}, "properties": {"source_index": 2669, "ndvi": 0.5675220938455716, "observation_time": 0.0, "origin": "synthetic demonstration"}}, {"type": "Feature", "geometry": {"type": "Point", "coordinates": [2.4703500000000003, 48.820225, 80.0]}, "properties": {"source_index": 2670, "ndvi": 0.5493305533152237, "observation_time": 0.0, "origin": "synthetic demonstration"}}, {"type": "Feature", "geometry": {"type": "Point", "coordinates": [2.470375, 48.820225, 80.0]}, "properties": {"source_index": 2671, "ndvi": 0.5208105479105074, "observation_time": 0.0, "origin": "synthetic demonstration"}}, {"type": "Feature", "geometry": {"type": "Point", "coordinates": [2.4704, 48.820225, 80.0]}, "properties": {"source_index": 2672, "ndvi": 0.4841450071752001, "observation_time": 0.0, "origin": "synthetic demonstration"}}, {"type": "Feature", "geometry": {"type": "Point", "coordinates": [2.470425, 48.820225, 80.0]}, "properties": {"source_index": 2673, "ndvi": 0.44191065622893533, "observation_time": 0.0, "origin": "synthetic demonstration"}}, {"type": "Feature", "geometry": {"type": "Point", "coordinates": [2.47045, 48.820225, 80.0]}, "properties": {"source_index": 2674, "ndvi": 0.39676858974193896, "observation_time": 0.0, "origin": "synthetic demonstration"}}, {"type": "Feature", "geometry": {"type": "Point", "coordinates": [2.470475, 48.820225, 80.0]}, "properties": {"source_index": 2675, "ndvi": 0.3512188488158853, "observation_time": 0.0, "origin": "synthetic demonstration"}}, {"type": "Feature", "geometry": {"type": "Point", "coordinates": [2.4705000000000004, 48.820225, 80.0]}, "properties": {"source_index": 2676, "ndvi": 0.30744685527942345, "observation_time": 0.0, "origin": "synthetic demonstration"}}, {"type": "Feature", "geometry": {"type": "Point", "coordinates": [2.4692000000000003, 48.82025, 80.0]}, "properties": {"source_index": 2688, "ndvi": 0.43053777792143394, "observation_time": 0.0, "origin": "synthetic demonstration"}}, {"type": "Feature", "geometry": {"type": "Point", "coordinates": [2.4692250000000002, 48.82025, 80.0]}, "properties": {"source_index": 2689, "ndvi": 0.3952395349594872, "observation_time": 0.0, "origin": "synthetic demonstration"}}, {"type": "Feature", "geometry": {"type": "Point", "coordinates": [2.46925, 48.82025, 80.0]}, "properties": {"source_index": 2690, "ndvi": 0.36170586545882155, "observation_time": 0.0, "origin": "synthetic demonstration"}}, {"type": "Feature", "geometry": {"type": "Point", "coordinates": [2.469275, 48.82025, 80.0]}, "properties": {"source_index": 2691, "ndvi": 0.3312862811059104, "observation_time": 0.0, "origin": "synthetic demonstration"}}, {"type": "Feature", "geometry": {"type": "Point", "coordinates": [2.4693, 48.82025, 80.0]}, "properties": {"source_index": 2692, "ndvi": 0.30500416501134825, "observation_time": 0.0, "origin": "synthetic demonstration"}}, {"type": "Feature", "geometry": {"type": "Point", "coordinates": [2.4695250000000004, 48.82025, 80.0]}, "properties": {"source_index": 2701, "ndvi": 0.31703003693624676, "observation_time": 0.0, "origin": "synthetic demonstration"}}, {"type": "Feature", "geometry": {"type": "Point", "coordinates": [2.4695500000000004, 48.82025, 80.0]}, "properties": {"source_index": 2702, "ndvi": 0.34145245459477863, "observation_time": 0.0, "origin": "synthetic demonstration"}}, {"type": "Feature", "geometry": {"type": "Point", "coordinates": [2.4695750000000003, 48.82025, 80.0]}, "properties": {"source_index": 2703, "ndvi": 0.36580276307425297, "observation_time": 0.0, "origin": "synthetic demonstration"}}, {"type": "Feature", "geometry": {"type": "Point", "coordinates": [2.4696000000000002, 48.82025, 80.0]}, "properties": {"source_index": 2704, "ndvi": 0.38725231343204014, "observation_time": 0.0, "origin": "synthetic demonstration"}}, {"type": "Feature", "geometry": {"type": "Point", "coordinates": [2.469625, 48.82025, 80.0]}, "properties": {"source_index": 2705, "ndvi": 0.4026716619878644, "observation_time": 0.0, "origin": "synthetic demonstration"}}, {"type": "Feature", "geometry": {"type": "Point", "coordinates": [2.46965, 48.82025, 80.0]}, "properties": {"source_index": 2706, "ndvi": 0.40913505927374144, "observation_time": 0.0, "origin": "synthetic demonstration"}}, {"type": "Feature", "geometry": {"type": "Point", "coordinates": [2.469675, 48.82025, 80.0]}, "properties": {"source_index": 2707, "ndvi": 0.4045914373423252, "observation_time": 0.0, "origin": "synthetic demonstration"}}, {"type": "Feature", "geometry": {"type": "Point", "coordinates": [2.4697, 48.82025, 80.0]}, "properties": {"source_index": 2708, "ndvi": 0.38847980578187713, "observation_time": 0.0, "origin": "synthetic demonstration"}}, {"type": "Feature", "geometry": {"type": "Point", "coordinates": [2.4697250000000004, 48.82025, 80.0]}, "properties": {"source_index": 2709, "ndvi": 0.36200597301956233, "observation_time": 0.0, "origin": "synthetic demonstration"}}, {"type": "Feature", "geometry": {"type": "Point", "coordinates": [2.4697500000000003, 48.82025, 80.0]}, "properties": {"source_index": 2710, "ndvi": 0.32791699050639356, "observation_time": 0.0, "origin": "synthetic demonstration"}}, {"type": "Feature", "geometry": {"type": "Point", "coordinates": [2.4701000000000004, 48.82025, 80.0]}, "properties": {"source_index": 2724, "ndvi": 0.31848460188857447, "observation_time": 0.0, "origin": "synthetic demonstration"}}, {"type": "Feature", "geometry": {"type": "Point", "coordinates": [2.4701250000000003, 48.82025, 80.0]}, "properties": {"source_index": 2725, "ndvi": 0.36449324712382636, "observation_time": 0.0, "origin": "synthetic demonstration"}}, {"type": "Feature", "geometry": {"type": "Point", "coordinates": [2.4701500000000003, 48.82025, 80.0]}, "properties": {"source_index": 2726, "ndvi": 0.4116431598590766, "observation_time": 0.0, "origin": "synthetic demonstration"}}, {"type": "Feature", "geometry": {"type": "Point", "coordinates": [2.4701750000000002, 48.82025, 80.0]}, "properties": {"source_index": 2727, "ndvi": 0.4577607044077595, "observation_time": 0.0, "origin": "synthetic demonstration"}}, {"type": "Feature", "geometry": {"type": "Point", "coordinates": [2.4702, 48.82025, 80.0]}, "properties": {"source_index": 2728, "ndvi": 0.5004090148509518, "observation_time": 0.0, "origin": "synthetic demonstration"}}, {"type": "Feature", "geometry": {"type": "Point", "coordinates": [2.470225, 48.82025, 80.0]}, "properties": {"source_index": 2729, "ndvi": 0.5370412091877694, "observation_time": 0.0, "origin": "synthetic demonstration"}}, {"type": "Feature", "geometry": {"type": "Point", "coordinates": [2.47025, 48.82025, 80.0]}, "properties": {"source_index": 2730, "ndvi": 0.565231855450104, "observation_time": 0.0, "origin": "synthetic demonstration"}}, {"type": "Feature", "geometry": {"type": "Point", "coordinates": [2.470275, 48.82025, 80.0]}, "properties": {"source_index": 2731, "ndvi": 0.5829582958842098, "observation_time": 0.0, "origin": "synthetic demonstration"}}, {"type": "Feature", "geometry": {"type": "Point", "coordinates": [2.4703000000000004, 48.82025, 80.0]}, "properties": {"source_index": 2732, "ndvi": 0.588876983620973, "observation_time": 0.0, "origin": "synthetic demonstration"}}, {"type": "Feature", "geometry": {"type": "Point", "coordinates": [2.4703250000000003, 48.82025, 80.0]}, "properties": {"source_index": 2733, "ndvi": 0.5825267698438431, "observation_time": 0.0, "origin": "synthetic demonstration"}}, {"type": "Feature", "geometry": {"type": "Point", "coordinates": [2.4703500000000003, 48.82025, 80.0]}, "properties": {"source_index": 2734, "ndvi": 0.5644021780788617, "observation_time": 0.0, "origin": "synthetic demonstration"}}, {"type": "Feature", "geometry": {"type": "Point", "coordinates": [2.470375, 48.82025, 80.0]}, "properties": {"source_index": 2735, "ndvi": 0.5358748953994015, "observation_time": 0.0, "origin": "synthetic demonstration"}}, {"type": "Feature", "geometry": {"type": "Point", "coordinates": [2.4704, 48.82025, 80.0]}, "properties": {"source_index": 2736, "ndvi": 0.498986781979137, "observation_time": 0.0, "origin": "synthetic demonstration"}}, {"type": "Feature", "geometry": {"type": "Point", "coordinates": [2.470425, 48.82025, 80.0]}, "properties": {"source_index": 2737, "ndvi": 0.4561722115291865, "observation_time": 0.0, "origin": "synthetic demonstration"}}, {"type": "Feature", "geometry": {"type": "Point", "coordinates": [2.47045, 48.82025, 80.0]}, "properties": {"source_index": 2738, "ndvi": 0.4099777103194275, "observation_time": 0.0, "origin": "synthetic demonstration"}}, {"type": "Feature", "geometry": {"type": "Point", "coordinates": [2.470475, 48.82025, 80.0]}, "properties": {"source_index": 2739, "ndvi": 0.362832946124554, "observation_time": 0.0, "origin": "synthetic demonstration"}}, {"type": "Feature", "geometry": {"type": "Point", "coordinates": [2.4705000000000004, 48.82025, 80.0]}, "properties": {"source_index": 2740, "ndvi": 0.31690045828610564, "observation_time": 0.0, "origin": "synthetic demonstration"}}, {"type": "Feature", "geometry": {"type": "Point", "coordinates": [2.4692000000000003, 48.820275, 80.0]}, "properties": {"source_index": 2752, "ndvi": 0.4467768095812742, "observation_time": 0.0, "origin": "synthetic demonstration"}}, {"type": "Feature", "geometry": {"type": "Point", "coordinates": [2.4692250000000002, 48.820275, 80.0]}, "properties": {"source_index": 2753, "ndvi": 0.4119384412006983, "observation_time": 0.0, "origin": "synthetic demonstration"}}, {"type": "Feature", "geometry": {"type": "Point", "coordinates": [2.46925, 48.820275, 80.0]}, "properties": {"source_index": 2754, "ndvi": 0.37850595961749917, "observation_time": 0.0, "origin": "synthetic demonstration"}}, {"type": "Feature", "geometry": {"type": "Point", "coordinates": [2.469275, 48.820275, 80.0]}, "properties": {"source_index": 2755, "ndvi": 0.3477955758304889, "observation_time": 0.0, "origin": "synthetic demonstration"}}, {"type": "Feature", "geometry": {"type": "Point", "coordinates": [2.4693, 48.820275, 80.0]}, "properties": {"source_index": 2756, "ndvi": 0.32081379028638646, "observation_time": 0.0, "origin": "synthetic demonstration"}}, {"type": "Feature", "geometry": {"type": "Point", "coordinates": [2.4695250000000004, 48.820275, 80.0]}, "properties": {"source_index": 2765, "ndvi": 0.30989796207604836, "observation_time": 0.0, "origin": "synthetic demonstration"}}, {"type": "Feature", "geometry": {"type": "Point", "coordinates": [2.4695500000000004, 48.820275, 80.0]}, "properties": {"source_index": 2766, "ndvi": 0.3306740420217082, "observation_time": 0.0, "origin": "synthetic demonstration"}}, {"type": "Feature", "geometry": {"type": "Point", "coordinates": [2.4695750000000003, 48.820275, 80.0]}, "properties": {"source_index": 2767, "ndvi": 0.3514549583011248, "observation_time": 0.0, "origin": "synthetic demonstration"}}, {"type": "Feature", "geometry": {"type": "Point", "coordinates": [2.4696000000000002, 48.820275, 80.0]}, "properties": {"source_index": 2768, "ndvi": 0.3694933377076548, "observation_time": 0.0, "origin": "synthetic demonstration"}}, {"type": "Feature", "geometry": {"type": "Point", "coordinates": [2.469625, 48.820275, 80.0]}, "properties": {"source_index": 2769, "ndvi": 0.38170406948894237, "observation_time": 0.0, "origin": "synthetic demonstration"}}, {"type": "Feature", "geometry": {"type": "Point", "coordinates": [2.46965, 48.820275, 80.0]}, "properties": {"source_index": 2770, "ndvi": 0.38517353090819584, "observation_time": 0.0, "origin": "synthetic demonstration"}}, {"type": "Feature", "geometry": {"type": "Point", "coordinates": [2.469675, 48.820275, 80.0]}, "properties": {"source_index": 2771, "ndvi": 0.3778677793149286, "observation_time": 0.0, "origin": "synthetic demonstration"}}, {"type": "Feature", "geometry": {"type": "Point", "coordinates": [2.4697, 48.820275, 80.0]}, "properties": {"source_index": 2772, "ndvi": 0.35930339459711585, "observation_time": 0.0, "origin": "synthetic demonstration"}}, {"type": "Feature", "geometry": {"type": "Point", "coordinates": [2.4697250000000004, 48.820275, 80.0]}, "properties": {"source_index": 2773, "ndvi": 0.3308562673949566, "observation_time": 0.0, "origin": "synthetic demonstration"}}, {"type": "Feature", "geometry": {"type": "Point", "coordinates": [2.4701000000000004, 48.820275, 80.0]}, "properties": {"source_index": 2788, "ndvi": 0.3271053397395525, "observation_time": 0.0, "origin": "synthetic demonstration"}}, {"type": "Feature", "geometry": {"type": "Point", "coordinates": [2.4701250000000003, 48.820275, 80.0]}, "properties": {"source_index": 2789, "ndvi": 0.3749622482731039, "observation_time": 0.0, "origin": "synthetic demonstration"}}, {"type": "Feature", "geometry": {"type": "Point", "coordinates": [2.4701500000000003, 48.820275, 80.0]}, "properties": {"source_index": 2790, "ndvi": 0.423432862988366, "observation_time": 0.0, "origin": "synthetic demonstration"}}, {"type": "Feature", "geometry": {"type": "Point", "coordinates": [2.4701750000000002, 48.820275, 80.0]}, "properties": {"source_index": 2791, "ndvi": 0.47038111770579005, "observation_time": 0.0, "origin": "synthetic demonstration"}}, {"type": "Feature", "geometry": {"type": "Point", "coordinates": [2.4702, 48.820275, 80.0]}, "properties": {"source_index": 2792, "ndvi": 0.5134478632454854, "observation_time": 0.0, "origin": "synthetic demonstration"}}, {"type": "Feature", "geometry": {"type": "Point", "coordinates": [2.470225, 48.820275, 80.0]}, "properties": {"source_index": 2793, "ndvi": 0.5501990557595096, "observation_time": 0.0, "origin": "synthetic demonstration"}}, {"type": "Feature", "geometry": {"type": "Point", "coordinates": [2.47025, 48.820275, 80.0]}, "properties": {"source_index": 2794, "ndvi": 0.5783414366530218, "observation_time": 0.0, "origin": "synthetic demonstration"}}, {"type": "Feature", "geometry": {"type": "Point", "coordinates": [2.470275, 48.820275, 80.0]}, "properties": {"source_index": 2795, "ndvi": 0.595978427996647, "observation_time": 0.0, "origin": "synthetic demonstration"}}, {"type": "Feature", "geometry": {"type": "Point", "coordinates": [2.4703000000000004, 48.820275, 80.0]}, "properties": {"source_index": 2796, "ndvi": 0.6018573887999453, "observation_time": 0.0, "origin": "synthetic demonstration"}}, {"type": "Feature", "geometry": {"type": "Point", "coordinates": [2.4703250000000003, 48.820275, 80.0]}, "properties": {"source_index": 2797, "ndvi": 0.5955496071677308, "observation_time": 0.0, "origin": "synthetic demonstration"}}, {"type": "Feature", "geometry": {"type": "Point", "coordinates": [2.4703500000000003, 48.820275, 80.0]}, "properties": {"source_index": 2798, "ndvi": 0.5775148461344941, "observation_time": 0.0, "origin": "synthetic demonstration"}}, {"type": "Feature", "geometry": {"type": "Point", "coordinates": [2.470375, 48.820275, 80.0]}, "properties": {"source_index": 2799, "ndvi": 0.5490321804945795, "observation_time": 0.0, "origin": "synthetic demonstration"}}, {"type": "Feature", "geometry": {"type": "Point", "coordinates": [2.4704, 48.820275, 80.0]}, "properties": {"source_index": 2800, "ndvi": 0.512016674676685, "observation_time": 0.0, "origin": "synthetic demonstration"}}, {"type": "Feature", "geometry": {"type": "Point", "coordinates": [2.470425, 48.820275, 80.0]}, "properties": {"source_index": 2801, "ndvi": 0.46877082455826646, "observation_time": 0.0, "origin": "synthetic demonstration"}}, {"type": "Feature", "geometry": {"type": "Point", "coordinates": [2.47045, 48.820275, 80.0]}, "properties": {"source_index": 2802, "ndvi": 0.42172935791641675, "observation_time": 0.0, "origin": "synthetic demonstration"}}, {"type": "Feature", "geometry": {"type": "Point", "coordinates": [2.470475, 48.820275, 80.0]}, "properties": {"source_index": 2803, "ndvi": 0.37324562012594426, "observation_time": 0.0, "origin": "synthetic demonstration"}}, {"type": "Feature", "geometry": {"type": "Point", "coordinates": [2.4705000000000004, 48.820275, 80.0]}, "properties": {"source_index": 2804, "ndvi": 0.32544598127273755, "observation_time": 0.0, "origin": "synthetic demonstration"}}, {"type": "Feature", "geometry": {"type": "Point", "coordinates": [2.4692000000000003, 48.8203, 80.0]}, "properties": {"source_index": 2816, "ndvi": 0.46072308355299524, "observation_time": 0.0, "origin": "synthetic demonstration"}}, {"type": "Feature", "geometry": {"type": "Point", "coordinates": [2.4692250000000002, 48.8203, 80.0]}, "properties": {"source_index": 2817, "ndvi": 0.42630448674642185, "observation_time": 0.0, "origin": "synthetic demonstration"}}, {"type": "Feature", "geometry": {"type": "Point", "coordinates": [2.46925, 48.8203, 80.0]}, "properties": {"source_index": 2818, "ndvi": 0.39299482598114516, "observation_time": 0.0, "origin": "synthetic demonstration"}}, {"type": "Feature", "geometry": {"type": "Point", "coordinates": [2.469275, 48.8203, 80.0]}, "properties": {"source_index": 2819, "ndvi": 0.3620781638004959, "observation_time": 0.0, "origin": "synthetic demonstration"}}, {"type": "Feature", "geometry": {"type": "Point", "coordinates": [2.4693, 48.8203, 80.0]}, "properties": {"source_index": 2820, "ndvi": 0.33454191549457757, "observation_time": 0.0, "origin": "synthetic demonstration"}}, {"type": "Feature", "geometry": {"type": "Point", "coordinates": [2.469325, 48.8203, 80.0]}, "properties": {"source_index": 2821, "ndvi": 0.31112384238883994, "observation_time": 0.0, "origin": "synthetic demonstration"}}, {"type": "Feature", "geometry": {"type": "Point", "coordinates": [2.4695250000000004, 48.8203, 80.0]}, "properties": {"source_index": 2829, "ndvi": 0.30329997797041225, "observation_time": 0.0, "origin": "synthetic demonstration"}}, {"type": "Feature", "geometry": {"type": "Point", "coordinates": [2.4695500000000004, 48.8203, 80.0]}, "properties": {"source_index": 2830, "ndvi": 0.32058962034771904, "observation_time": 0.0, "origin": "synthetic demonstration"}}, {"type": "Feature", "geometry": {"type": "Point", "coordinates": [2.4695750000000003, 48.8203, 80.0]}, "properties": {"source_index": 2831, "ndvi": 0.3378700887630973, "observation_time": 0.0, "origin": "synthetic demonstration"}}, {"type": "Feature", "geometry": {"type": "Point", "coordinates": [2.4696000000000002, 48.8203, 80.0]}, "properties": {"source_index": 2832, "ndvi": 0.3524739219093573, "observation_time": 0.0, "origin": "synthetic demonstration"}}, {"type": "Feature", "geometry": {"type": "Point", "coordinates": [2.469625, 48.8203, 80.0]}, "properties": {"source_index": 2833, "ndvi": 0.3613742739950601, "observation_time": 0.0, "origin": "synthetic demonstration"}}, {"type": "Feature", "geometry": {"type": "Point", "coordinates": [2.46965, 48.8203, 80.0]}, "properties": {"source_index": 2834, "ndvi": 0.3616986606102268, "observation_time": 0.0, "origin": "synthetic demonstration"}}, {"type": "Feature", "geometry": {"type": "Point", "coordinates": [2.469675, 48.8203, 80.0]}, "properties": {"source_index": 2835, "ndvi": 0.35147033847483916, "observation_time": 0.0, "origin": "synthetic demonstration"}}, {"type": "Feature", "geometry": {"type": "Point", "coordinates": [2.4697, 48.8203, 80.0]}, "properties": {"source_index": 2836, "ndvi": 0.33032765125294905, "observation_time": 0.0, "origin": "synthetic demonstration"}}, {"type": "Feature", "geometry": {"type": "Point", "coordinates": [2.4701000000000004, 48.8203, 80.0]}, "properties": {"source_index": 2852, "ndvi": 0.3347369002614487, "observation_time": 0.0, "origin": "synthetic demonstration"}}, {"type": "Feature", "geometry": {"type": "Point", "coordinates": [2.4701250000000003, 48.8203, 80.0]}, "properties": {"source_index": 2853, "ndvi": 0.38416255531105054, "observation_time": 0.0, "origin": "synthetic demonstration"}}, {"type": "Feature", "geometry": {"type": "Point", "coordinates": [2.4701500000000003, 48.8203, 80.0]}, "properties": {"source_index": 2854, "ndvi": 0.433723488225914, "observation_time": 0.0, "origin": "synthetic demonstration"}}, {"type": "Feature", "geometry": {"type": "Point", "coordinates": [2.4701750000000002, 48.8203, 80.0]}, "properties": {"source_index": 2855, "ndvi": 0.4813288910990137, "observation_time": 0.0, "origin": "synthetic demonstration"}}, {"type": "Feature", "geometry": {"type": "Point", "coordinates": [2.4702, 48.8203, 80.0]}, "properties": {"source_index": 2856, "ndvi": 0.5246976870835444, "observation_time": 0.0, "origin": "synthetic demonstration"}}, {"type": "Feature", "geometry": {"type": "Point", "coordinates": [2.470225, 48.8203, 80.0]}, "properties": {"source_index": 2857, "ndvi": 0.5615012303985448, "observation_time": 0.0, "origin": "synthetic demonstration"}}, {"type": "Feature", "geometry": {"type": "Point", "coordinates": [2.47025, 48.8203, 80.0]}, "properties": {"source_index": 2858, "ndvi": 0.5895648963600024, "observation_time": 0.0, "origin": "synthetic demonstration"}}, {"type": "Feature", "geometry": {"type": "Point", "coordinates": [2.470275, 48.8203, 80.0]}, "properties": {"source_index": 2859, "ndvi": 0.6071025630236889, "observation_time": 0.0, "origin": "synthetic demonstration"}}, {"type": "Feature", "geometry": {"type": "Point", "coordinates": [2.4703000000000004, 48.8203, 80.0]}, "properties": {"source_index": 2860, "ndvi": 0.6129400943778328, "observation_time": 0.0, "origin": "synthetic demonstration"}}, {"type": "Feature", "geometry": {"type": "Point", "coordinates": [2.4703250000000003, 48.8203, 80.0]}, "properties": {"source_index": 2861, "ndvi": 0.6066766027740191, "observation_time": 0.0, "origin": "synthetic demonstration"}}, {"type": "Feature", "geometry": {"type": "Point", "coordinates": [2.4703500000000003, 48.8203, 80.0]}, "properties": {"source_index": 2862, "ndvi": 0.5887420302965779, "observation_time": 0.0, "origin": "synthetic demonstration"}}, {"type": "Feature", "geometry": {"type": "Point", "coordinates": [2.470375, 48.8203, 80.0]}, "properties": {"source_index": 2863, "ndvi": 0.560335443505407, "observation_time": 0.0, "origin": "synthetic demonstration"}}, {"type": "Feature", "geometry": {"type": "Point", "coordinates": [2.4704, 48.8203, 80.0]}, "properties": {"source_index": 2864, "ndvi": 0.5232607492342568, "observation_time": 0.0, "origin": "synthetic demonstration"}}, {"type": "Feature", "geometry": {"type": "Point", "coordinates": [2.470425, 48.8203, 80.0]}, "properties": {"source_index": 2865, "ndvi": 0.47970194538940464, "observation_time": 0.0, "origin": "synthetic demonstration"}}, {"type": "Feature", "geometry": {"type": "Point", "coordinates": [2.47045, 48.8203, 80.0]}, "properties": {"source_index": 2866, "ndvi": 0.4319891398905826, "observation_time": 0.0, "origin": "synthetic demonstration"}}, {"type": "Feature", "geometry": {"type": "Point", "coordinates": [2.470475, 48.8203, 80.0]}, "properties": {"source_index": 2867, "ndvi": 0.38239872203653996, "observation_time": 0.0, "origin": "synthetic demonstration"}}, {"type": "Feature", "geometry": {"type": "Point", "coordinates": [2.4705000000000004, 48.8203, 80.0]}, "properties": {"source_index": 2868, "ndvi": 0.3330129718304258, "observation_time": 0.0, "origin": "synthetic demonstration"}}, {"type": "Feature", "geometry": {"type": "Point", "coordinates": [2.4692000000000003, 48.820325, 80.0]}, "properties": {"source_index": 2880, "ndvi": 0.4724491235287564, "observation_time": 0.0, "origin": "synthetic demonstration"}}, {"type": "Feature", "geometry": {"type": "Point", "coordinates": [2.4692250000000002, 48.820325, 80.0]}, "properties": {"source_index": 2881, "ndvi": 0.4384012665063117, "observation_time": 0.0, "origin": "synthetic demonstration"}}, {"type": "Feature", "geometry": {"type": "Point", "coordinates": [2.46925, 48.820325, 80.0]}, "properties": {"source_index": 2882, "ndvi": 0.4052207709816944, "observation_time": 0.0, "origin": "synthetic demonstration"}}, {"type": "Feature", "geometry": {"type": "Point", "coordinates": [2.469275, 48.820325, 80.0]}, "properties": {"source_index": 2883, "ndvi": 0.37416225858038904, "observation_time": 0.0, "origin": "synthetic demonstration"}}, {"type": "Feature", "geometry": {"type": "Point", "coordinates": [2.4693, 48.820325, 80.0]}, "properties": {"source_index": 2884, "ndvi": 0.3461939170757997, "observation_time": 0.0, "origin": "synthetic demonstration"}}, {"type": "Feature", "geometry": {"type": "Point", "coordinates": [2.469325, 48.820325, 80.0]}, "properties": {"source_index": 2885, "ndvi": 0.3220417063923479, "observation_time": 0.0, "origin": "synthetic demonstration"}}, {"type": "Feature", "geometry": {"type": "Point", "coordinates": [2.4693500000000004, 48.820325, 80.0]}, "properties": {"source_index": 2886, "ndvi": 0.3022341172941116, "observation_time": 0.0, "origin": "synthetic demonstration"}}, {"type": "Feature", "geometry": {"type": "Point", "coordinates": [2.4695500000000004, 48.820325, 80.0]}, "properties": {"source_index": 2894, "ndvi": 0.31144253511844633, "observation_time": 0.0, "origin": "synthetic demonstration"}}, {"type": "Feature", "geometry": {"type": "Point", "coordinates": [2.4695750000000003, 48.820325, 80.0]}, "properties": {"source_index": 2895, "ndvi": 0.32541107278377207, "observation_time": 0.0, "origin": "synthetic demonstration"}}, {"type": "Feature", "geometry": {"type": "Point", "coordinates": [2.4696000000000002, 48.820325, 80.0]}, "properties": {"source_index": 2896, "ndvi": 0.33668680552108077, "observation_time": 0.0, "origin": "synthetic demonstration"}}, {"type": "Feature", "geometry": {"type": "Point", "coordinates": [2.469625, 48.820325, 80.0]}, "properties": {"source_index": 2897, "ndvi": 0.3423069801123506, "observation_time": 0.0, "origin": "synthetic demonstration"}}, {"type": "Feature", "geometry": {"type": "Point", "coordinates": [2.46965, 48.820325, 80.0]}, "properties": {"source_index": 2898, "ndvi": 0.33946157131387733, "observation_time": 0.0, "origin": "synthetic demonstration"}}, {"type": "Feature", "geometry": {"type": "Point", "coordinates": [2.469675, 48.820325, 80.0]}, "properties": {"source_index": 2899, "ndvi": 0.32626470383302586, "observation_time": 0.0, "origin": "synthetic demonstration"}}, {"type": "Feature", "geometry": {"type": "Point", "coordinates": [2.4697, 48.820325, 80.0]}, "properties": {"source_index": 2900, "ndvi": 0.302514743130175, "observation_time": 0.0, "origin": "synthetic demonstration"}}, {"type": "Feature", "geometry": {"type": "Point", "coordinates": [2.4701000000000004, 48.820325, 80.0]}, "properties": {"source_index": 2916, "ndvi": 0.34132359569999143, "observation_time": 0.0, "origin": "synthetic demonstration"}}, {"type": "Feature", "geometry": {"type": "Point", "coordinates": [2.4701250000000003, 48.820325, 80.0]}, "properties": {"source_index": 2917, "ndvi": 0.3920528119953853, "observation_time": 0.0, "origin": "synthetic demonstration"}}, {"type": "Feature", "geometry": {"type": "Point", "coordinates": [2.4701500000000003, 48.820325, 80.0]}, "properties": {"source_index": 2918, "ndvi": 0.44249689715079565, "observation_time": 0.0, "origin": "synthetic demonstration"}}, {"type": "Feature", "geometry": {"type": "Point", "coordinates": [2.4701750000000002, 48.820325, 80.0]}, "properties": {"source_index": 2919, "ndvi": 0.49061298270014814, "observation_time": 0.0, "origin": "synthetic demonstration"}}, {"type": "Feature", "geometry": {"type": "Point", "coordinates": [2.4702, 48.820325, 80.0]}, "properties": {"source_index": 2920, "ndvi": 0.5341939058209314, "observation_time": 0.0, "origin": "synthetic demonstration"}}, {"type": "Feature", "geometry": {"type": "Point", "coordinates": [2.470225, 48.820325, 80.0]}, "properties": {"source_index": 2921, "ndvi": 0.5710055820822213, "observation_time": 0.0, "origin": "synthetic demonstration"}}, {"type": "Feature", "geometry": {"type": "Point", "coordinates": [2.47025, 48.820325, 80.0]}, "properties": {"source_index": 2922, "ndvi": 0.5989765259783234, "observation_time": 0.0, "origin": "synthetic demonstration"}}, {"type": "Feature", "geometry": {"type": "Point", "coordinates": [2.470275, 48.820325, 80.0]}, "properties": {"source_index": 2923, "ndvi": 0.6164147733405095, "observation_time": 0.0, "origin": "synthetic demonstration"}}, {"type": "Feature", "geometry": {"type": "Point", "coordinates": [2.4703000000000004, 48.820325, 80.0]}, "properties": {"source_index": 2924, "ndvi": 0.6222123229512562, "observation_time": 0.0, "origin": "synthetic demonstration"}}, {"type": "Feature", "geometry": {"type": "Point", "coordinates": [2.4703250000000003, 48.820325, 80.0]}, "properties": {"source_index": 2925, "ndvi": 0.6159915969714714, "observation_time": 0.0, "origin": "synthetic demonstration"}}, {"type": "Feature", "geometry": {"type": "Point", "coordinates": [2.4703500000000003, 48.820325, 80.0]}, "properties": {"source_index": 2926, "ndvi": 0.5981575524659999, "observation_time": 0.0, "origin": "synthetic demonstration"}}, {"type": "Feature", "geometry": {"type": "Point", "coordinates": [2.470375, 48.820325, 80.0]}, "properties": {"source_index": 2927, "ndvi": 0.5698418341854117, "observation_time": 0.0, "origin": "synthetic demonstration"}}, {"type": "Feature", "geometry": {"type": "Point", "coordinates": [2.4704, 48.820325, 80.0]}, "properties": {"source_index": 2928, "ndvi": 0.5327535411041698, "observation_time": 0.0, "origin": "synthetic demonstration"}}, {"type": "Feature", "geometry": {"type": "Point", "coordinates": [2.470425, 48.820325, 80.0]}, "properties": {"source_index": 2929, "ndvi": 0.48897355961296973, "observation_time": 0.0, "origin": "synthetic demonstration"}}, {"type": "Feature", "geometry": {"type": "Point", "coordinates": [2.47045, 48.820325, 80.0]}, "properties": {"source_index": 2930, "ndvi": 0.4407380006422221, "observation_time": 0.0, "origin": "synthetic demonstration"}}, {"type": "Feature", "geometry": {"type": "Point", "coordinates": [2.470475, 48.820325, 80.0]}, "properties": {"source_index": 2931, "ndvi": 0.3902502067203884, "observation_time": 0.0, "origin": "synthetic demonstration"}}, {"type": "Feature", "geometry": {"type": "Point", "coordinates": [2.4705000000000004, 48.820325, 80.0]}, "properties": {"source_index": 2932, "ndvi": 0.33954545943237263, "observation_time": 0.0, "origin": "synthetic demonstration"}}, {"type": "Feature", "geometry": {"type": "Point", "coordinates": [2.4692000000000003, 48.82035, 80.0]}, "properties": {"source_index": 2944, "ndvi": 0.48202529583587544, "observation_time": 0.0, "origin": "synthetic demonstration"}}, {"type": "Feature", "geometry": {"type": "Point", "coordinates": [2.4692250000000002, 48.82035, 80.0]}, "properties": {"source_index": 2945, "ndvi": 0.448292290030991, "observation_time": 0.0, "origin": "synthetic demonstration"}}, {"type": "Feature", "geometry": {"type": "Point", "coordinates": [2.46925, 48.82035, 80.0]}, "properties": {"source_index": 2946, "ndvi": 0.4152349491673104, "observation_time": 0.0, "origin": "synthetic demonstration"}}, {"type": "Feature", "geometry": {"type": "Point", "coordinates": [2.469275, 48.82035, 80.0]}, "properties": {"source_index": 2947, "ndvi": 0.3840822935974288, "observation_time": 0.0, "origin": "synthetic demonstration"}}, {"type": "Feature", "geometry": {"type": "Point", "coordinates": [2.4693, 48.82035, 80.0]}, "properties": {"source_index": 2948, "ndvi": 0.3557847144536053, "observation_time": 0.0, "origin": "synthetic demonstration"}}, {"type": "Feature", "geometry": {"type": "Point", "coordinates": [2.469325, 48.82035, 80.0]}, "properties": {"source_index": 2949, "ndvi": 0.33105596827524925, "observation_time": 0.0, "origin": "synthetic demonstration"}}, {"type": "Feature", "geometry": {"type": "Point", "coordinates": [2.4693500000000004, 48.82035, 80.0]}, "properties": {"source_index": 2950, "ndvi": 0.31041576037722685, "observation_time": 0.0, "origin": "synthetic demonstration"}}, {"type": "Feature", "geometry": {"type": "Point", "coordinates": [2.4695500000000004, 48.82035, 80.0]}, "properties": {"source_index": 2958, "ndvi": 0.3034692981151136, "observation_time": 0.0, "origin": "synthetic demonstration"}}, {"type": "Feature", "geometry": {"type": "Point", "coordinates": [2.4695750000000003, 48.82035, 80.0]}, "properties": {"source_index": 2959, "ndvi": 0.314443060500439, "observation_time": 0.0, "origin": "synthetic demonstration"}}, {"type": "Feature", "geometry": {"type": "Point", "coordinates": [2.4696000000000002, 48.82035, 80.0]}, "properties": {"source_index": 2960, "ndvi": 0.32264556802439875, "observation_time": 0.0, "origin": "synthetic demonstration"}}, {"type": "Feature", "geometry": {"type": "Point", "coordinates": [2.469625, 48.82035, 80.0]}, "properties": {"source_index": 2961, "ndvi": 0.3251762096030569, "observation_time": 0.0, "origin": "synthetic demonstration"}}, {"type": "Feature", "geometry": {"type": "Point", "coordinates": [2.46965, 48.82035, 80.0]}, "properties": {"source_index": 2962, "ndvi": 0.3192986881690429, "observation_time": 0.0, "origin": "synthetic demonstration"}}, {"type": "Feature", "geometry": {"type": "Point", "coordinates": [2.469675, 48.82035, 80.0]}, "properties": {"source_index": 2963, "ndvi": 0.30323995547955107, "observation_time": 0.0, "origin": "synthetic demonstration"}}, {"type": "Feature", "geometry": {"type": "Point", "coordinates": [2.4701000000000004, 48.82035, 80.0]}, "properties": {"source_index": 2980, "ndvi": 0.3468221617961834, "observation_time": 0.0, "origin": "synthetic demonstration"}}, {"type": "Feature", "geometry": {"type": "Point", "coordinates": [2.4701250000000003, 48.82035, 80.0]}, "properties": {"source_index": 2981, "ndvi": 0.39860413987647625, "observation_time": 0.0, "origin": "synthetic demonstration"}}, {"type": "Feature", "geometry": {"type": "Point", "coordinates": [2.4701500000000003, 48.82035, 80.0]}, "properties": {"source_index": 2982, "ndvi": 0.44974538440145106, "observation_time": 0.0, "origin": "synthetic demonstration"}}, {"type": "Feature", "geometry": {"type": "Point", "coordinates": [2.4701750000000002, 48.82035, 80.0]}, "properties": {"source_index": 2983, "ndvi": 0.4982492175916956, "observation_time": 0.0, "origin": "synthetic demonstration"}}, {"type": "Feature", "geometry": {"type": "Point", "coordinates": [2.4702, 48.82035, 80.0]}, "properties": {"source_index": 2984, "ndvi": 0.541974527073107, "observation_time": 0.0, "origin": "synthetic demonstration"}}, {"type": "Feature", "geometry": {"type": "Point", "coordinates": [2.470225, 48.82035, 80.0]}, "properties": {"source_index": 2985, "ndvi": 0.5787683916477477, "observation_time": 0.0, "origin": "synthetic demonstration"}}, {"type": "Feature", "geometry": {"type": "Point", "coordinates": [2.47025, 48.82035, 80.0]}, "properties": {"source_index": 2986, "ndvi": 0.6066456913510229, "observation_time": 0.0, "origin": "synthetic demonstration"}}, {"type": "Feature", "geometry": {"type": "Point", "coordinates": [2.470275, 48.82035, 80.0]}, "properties": {"source_index": 2987, "ndvi": 0.623992072652743, "observation_time": 0.0, "origin": "synthetic demonstration"}}, {"type": "Feature", "geometry": {"type": "Point", "coordinates": [2.4703000000000004, 48.82035, 80.0]}, "properties": {"source_index": 2988, "ndvi": 0.6297535277149319, "observation_time": 0.0, "origin": "synthetic demonstration"}}, {"type": "Feature", "geometry": {"type": "Point", "coordinates": [2.4703250000000003, 48.82035, 80.0]}, "properties": {"source_index": 2989, "ndvi": 0.6235714232817213, "observation_time": 0.0, "origin": "synthetic demonstration"}}, {"type": "Feature", "geometry": {"type": "Point", "coordinates": [2.4703500000000003, 48.82035, 80.0]}, "properties": {"source_index": 2990, "ndvi": 0.6058304087090622, "observation_time": 0.0, "origin": "synthetic demonstration"}}, {"type": "Feature", "geometry": {"type": "Point", "coordinates": [2.470375, 48.82035, 80.0]}, "properties": {"source_index": 2991, "ndvi": 0.5776070709593606, "observation_time": 0.0, "origin": "synthetic demonstration"}}, {"type": "Feature", "geometry": {"type": "Point", "coordinates": [2.4704, 48.82035, 80.0]}, "properties": {"source_index": 2992, "ndvi": 0.5405323279429849, "observation_time": 0.0, "origin": "synthetic demonstration"}}, {"type": "Feature", "geometry": {"type": "Point", "coordinates": [2.470425, 48.82035, 80.0]}, "properties": {"source_index": 2993, "ndvi": 0.4966006633131534, "observation_time": 0.0, "origin": "synthetic demonstration"}}, {"type": "Feature", "geometry": {"type": "Point", "coordinates": [2.47045, 48.82035, 80.0]}, "properties": {"source_index": 2994, "ndvi": 0.44796742030217895, "observation_time": 0.0, "origin": "synthetic demonstration"}}, {"type": "Feature", "geometry": {"type": "Point", "coordinates": [2.470475, 48.82035, 80.0]}, "properties": {"source_index": 2995, "ndvi": 0.3967705431402028, "observation_time": 0.0, "origin": "synthetic demonstration"}}, {"type": "Feature", "geometry": {"type": "Point", "coordinates": [2.4705000000000004, 48.82035, 80.0]}, "properties": {"source_index": 2996, "ndvi": 0.34499985291898394, "observation_time": 0.0, "origin": "synthetic demonstration"}}, {"type": "Feature", "geometry": {"type": "Point", "coordinates": [2.4692000000000003, 48.820375, 80.0]}, "properties": {"source_index": 3008, "ndvi": 0.48951497785999837, "observation_time": 0.0, "origin": "synthetic demonstration"}}, {"type": "Feature", "geometry": {"type": "Point", "coordinates": [2.4692250000000002, 48.820375, 80.0]}, "properties": {"source_index": 3009, "ndvi": 0.456035806056004, "observation_time": 0.0, "origin": "synthetic demonstration"}}, {"type": "Feature", "geometry": {"type": "Point", "coordinates": [2.46925, 48.820375, 80.0]}, "properties": {"source_index": 3010, "ndvi": 0.4230859212195545, "observation_time": 0.0, "origin": "synthetic demonstration"}}, {"type": "Feature", "geometry": {"type": "Point", "coordinates": [2.469275, 48.820375, 80.0]}, "properties": {"source_index": 3011, "ndvi": 0.3918733839322142, "observation_time": 0.0, "origin": "synthetic demonstration"}}, {"type": "Feature", "geometry": {"type": "Point", "coordinates": [2.4693, 48.820375, 80.0]}, "properties": {"source_index": 3012, "ndvi": 0.36333338736472537, "observation_time": 0.0, "origin": "synthetic demonstration"}}, {"type": "Feature", "geometry": {"type": "Point", "coordinates": [2.469325, 48.820375, 80.0]}, "properties": {"source_index": 3013, "ndvi": 0.33816855157659526, "observation_time": 0.0, "origin": "synthetic demonstration"}}, {"type": "Feature", "geometry": {"type": "Point", "coordinates": [2.4693500000000004, 48.820375, 80.0]}, "properties": {"source_index": 3014, "ndvi": 0.3168897850707695, "observation_time": 0.0, "origin": "synthetic demonstration"}}, {"type": "Feature", "geometry": {"type": "Point", "coordinates": [2.4695750000000003, 48.820375, 80.0]}, "properties": {"source_index": 3023, "ndvi": 0.30531391577712824, "observation_time": 0.0, "origin": "synthetic demonstration"}}, {"type": "Feature", "geometry": {"type": "Point", "coordinates": [2.4696000000000002, 48.820375, 80.0]}, "properties": {"source_index": 3024, "ndvi": 0.3108545745391692, "observation_time": 0.0, "origin": "synthetic demonstration"}}, {"type": "Feature", "geometry": {"type": "Point", "coordinates": [2.469625, 48.820375, 80.0]}, "properties": {"source_index": 3025, "ndvi": 0.31066386842298194, "observation_time": 0.0, "origin": "synthetic demonstration"}}, {"type": "Feature", "geometry": {"type": "Point", "coordinates": [2.46965, 48.820375, 80.0]}, "properties": {"source_index": 3026, "ndvi": 0.3020794756057272, "observation_time": 0.0, "origin": "synthetic demonstration"}}, {"type": "Feature", "geometry": {"type": "Point", "coordinates": [2.4701000000000004, 48.820375, 80.0]}, "properties": {"source_index": 3044, "ndvi": 0.3511998122750998, "observation_time": 0.0, "origin": "synthetic demonstration"}}, {"type": "Feature", "geometry": {"type": "Point", "coordinates": [2.4701250000000003, 48.820375, 80.0]}, "properties": {"source_index": 3045, "ndvi": 0.4037970448897305, "observation_time": 0.0, "origin": "synthetic demonstration"}}, {"type": "Feature", "geometry": {"type": "Point", "coordinates": [2.4701500000000003, 48.820375, 80.0]}, "properties": {"source_index": 3046, "ndvi": 0.45546776132086525, "observation_time": 0.0, "origin": "synthetic demonstration"}}, {"type": "Feature", "geometry": {"type": "Point", "coordinates": [2.4701750000000002, 48.820375, 80.0]}, "properties": {"source_index": 3047, "ndvi": 0.5042559965320629, "observation_time": 0.0, "origin": "synthetic demonstration"}}, {"type": "Feature", "geometry": {"type": "Point", "coordinates": [2.4702, 48.820375, 80.0]}, "properties": {"source_index": 3048, "ndvi": 0.5480758974071129, "observation_time": 0.0, "origin": "synthetic demonstration"}}, {"type": "Feature", "geometry": {"type": "Point", "coordinates": [2.470225, 48.820375, 80.0]}, "properties": {"source_index": 3049, "ndvi": 0.5848404384263136, "observation_time": 0.0, "origin": "synthetic demonstration"}}, {"type": "Feature", "geometry": {"type": "Point", "coordinates": [2.47025, 48.820375, 80.0]}, "properties": {"source_index": 3050, "ndvi": 0.6126332994222372, "observation_time": 0.0, "origin": "synthetic demonstration"}}, {"type": "Feature", "geometry": {"type": "Point", "coordinates": [2.470275, 48.820375, 80.0]}, "properties": {"source_index": 3051, "ndvi": 0.6299011955876838, "observation_time": 0.0, "origin": "synthetic demonstration"}}, {"type": "Feature", "geometry": {"type": "Point", "coordinates": [2.4703000000000004, 48.820375, 80.0]}, "properties": {"source_index": 3052, "ndvi": 0.6356322860328855, "observation_time": 0.0, "origin": "synthetic demonstration"}}, {"type": "Feature", "geometry": {"type": "Point", "coordinates": [2.4703250000000003, 48.820375, 80.0]}, "properties": {"source_index": 3053, "ndvi": 0.6294826798989227, "observation_time": 0.0, "origin": "synthetic demonstration"}}, {"type": "Feature", "geometry": {"type": "Point", "coordinates": [2.4703500000000003, 48.820375, 80.0]}, "properties": {"source_index": 3054, "ndvi": 0.61182122237822, "observation_time": 0.0, "origin": "synthetic demonstration"}}, {"type": "Feature", "geometry": {"type": "Point", "coordinates": [2.470375, 48.820375, 80.0]}, "properties": {"source_index": 3055, "ndvi": 0.583681493806725, "observation_time": 0.0, "origin": "synthetic demonstration"}}, {"type": "Feature", "geometry": {"type": "Point", "coordinates": [2.4704, 48.820375, 80.0]}, "properties": {"source_index": 3056, "ndvi": 0.5466328731761414, "observation_time": 0.0, "origin": "synthetic demonstration"}}, {"type": "Feature", "geometry": {"type": "Point", "coordinates": [2.470425, 48.820375, 80.0]}, "properties": {"source_index": 3057, "ndvi": 0.50260097735156, "observation_time": 0.0, "origin": "synthetic demonstration"}}, {"type": "Feature", "geometry": {"type": "Point", "coordinates": [2.47045, 48.820375, 80.0]}, "properties": {"source_index": 3058, "ndvi": 0.4536755201150593, "observation_time": 0.0, "origin": "synthetic demonstration"}}, {"type": "Feature", "geometry": {"type": "Point", "coordinates": [2.470475, 48.820375, 80.0]}, "properties": {"source_index": 3059, "ndvi": 0.40193965726164493, "observation_time": 0.0, "origin": "synthetic demonstration"}}, {"type": "Feature", "geometry": {"type": "Point", "coordinates": [2.4705000000000004, 48.820375, 80.0]}, "properties": {"source_index": 3060, "ndvi": 0.34934303851771675, "observation_time": 0.0, "origin": "synthetic demonstration"}}, {"type": "Feature", "geometry": {"type": "Point", "coordinates": [2.4692000000000003, 48.8204, 80.0]}, "properties": {"source_index": 3072, "ndvi": 0.4949712120355153, "observation_time": 0.0, "origin": "synthetic demonstration"}}, {"type": "Feature", "geometry": {"type": "Point", "coordinates": [2.4692250000000002, 48.8204, 80.0]}, "properties": {"source_index": 3073, "ndvi": 0.4616811547209939, "observation_time": 0.0, "origin": "synthetic demonstration"}}, {"type": "Feature", "geometry": {"type": "Point", "coordinates": [2.46925, 48.8204, 80.0]}, "properties": {"source_index": 3074, "ndvi": 0.4288157322294388, "observation_time": 0.0, "origin": "synthetic demonstration"}}, {"type": "Feature", "geometry": {"type": "Point", "coordinates": [2.469275, 48.8204, 80.0]}, "properties": {"source_index": 3075, "ndvi": 0.3975672358979142, "observation_time": 0.0, "origin": "synthetic demonstration"}}, {"type": "Feature", "geometry": {"type": "Point", "coordinates": [2.4693, 48.8204, 80.0]}, "properties": {"source_index": 3076, "ndvi": 0.3688590955740003, "observation_time": 0.0, "origin": "synthetic demonstration"}}, {"type": "Feature", "geometry": {"type": "Point", "coordinates": [2.469325, 48.8204, 80.0]}, "properties": {"source_index": 3077, "ndvi": 0.34338494640149225, "observation_time": 0.0, "origin": "synthetic demonstration"}}, {"type": "Feature", "geometry": {"type": "Point", "coordinates": [2.4693500000000004, 48.8204, 80.0]}, "properties": {"source_index": 3078, "ndvi": 0.3216482188715572, "observation_time": 0.0, "origin": "synthetic demonstration"}}, {"type": "Feature", "geometry": {"type": "Point", "coordinates": [2.4693750000000003, 48.8204, 80.0]}, "properties": {"source_index": 3079, "ndvi": 0.3039951436087115, "observation_time": 0.0, "origin": "synthetic demonstration"}}, {"type": "Feature", "geometry": {"type": "Point", "coordinates": [2.4696000000000002, 48.8204, 80.0]}, "properties": {"source_index": 3088, "ndvi": 0.301773170610091, "observation_time": 0.0, "origin": "synthetic demonstration"}}, {"type": "Feature", "geometry": {"type": "Point", "coordinates": [2.470075, 48.8204, 80.0]}, "properties": {"source_index": 3107, "ndvi": 0.30183482397357, "observation_time": 0.0, "origin": "synthetic demonstration"}}, {"type": "Feature", "geometry": {"type": "Point", "coordinates": [2.4701000000000004, 48.8204, 80.0]}, "properties": {"source_index": 3108, "ndvi": 0.3544325709886887, "observation_time": 0.0, "origin": "synthetic demonstration"}}, {"type": "Feature", "geometry": {"type": "Point", "coordinates": [2.4701250000000003, 48.8204, 80.0]}, "properties": {"source_index": 3109, "ndvi": 0.40761889088505776, "observation_time": 0.0, "origin": "synthetic demonstration"}}, {"type": "Feature", "geometry": {"type": "Point", "coordinates": [2.4701500000000003, 48.8204, 80.0]}, "properties": {"source_index": 3110, "ndvi": 0.45966628753203886, "observation_time": 0.0, "origin": "synthetic demonstration"}}, {"type": "Feature", "geometry": {"type": "Point", "coordinates": [2.4701750000000002, 48.8204, 80.0]}, "properties": {"source_index": 3111, "ndvi": 0.5086510650283682, "observation_time": 0.0, "origin": "synthetic demonstration"}}, {"type": "Feature", "geometry": {"type": "Point", "coordinates": [2.4702, 48.8204, 80.0]}, "properties": {"source_index": 3112, "ndvi": 0.5525296293617891, "observation_time": 0.0, "origin": "synthetic demonstration"}}, {"type": "Feature", "geometry": {"type": "Point", "coordinates": [2.470225, 48.8204, 80.0]}, "properties": {"source_index": 3113, "ndvi": 0.5892642709478436, "observation_time": 0.0, "origin": "synthetic demonstration"}}, {"type": "Feature", "geometry": {"type": "Point", "coordinates": [2.47025, 48.8204, 80.0]}, "properties": {"source_index": 3114, "ndvi": 0.6169894434993068, "observation_time": 0.0, "origin": "synthetic demonstration"}}, {"type": "Feature", "geometry": {"type": "Point", "coordinates": [2.470275, 48.8204, 80.0]}, "properties": {"source_index": 3115, "ndvi": 0.6341965192590486, "observation_time": 0.0, "origin": "synthetic demonstration"}}, {"type": "Feature", "geometry": {"type": "Point", "coordinates": [2.4703000000000004, 48.8204, 80.0]}, "properties": {"source_index": 3116, "ndvi": 0.639904319308461, "observation_time": 0.0, "origin": "synthetic demonstration"}}, {"type": "Feature", "geometry": {"type": "Point", "coordinates": [2.4703250000000003, 48.8204, 80.0]}, "properties": {"source_index": 3117, "ndvi": 0.633779644199151, "observation_time": 0.0, "origin": "synthetic demonstration"}}, {"type": "Feature", "geometry": {"type": "Point", "coordinates": [2.4703500000000003, 48.8204, 80.0]}, "properties": {"source_index": 3118, "ndvi": 0.616179877158531, "observation_time": 0.0, "origin": "synthetic demonstration"}}, {"type": "Feature", "geometry": {"type": "Point", "coordinates": [2.470375, 48.8204, 80.0]}, "properties": {"source_index": 3119, "ndvi": 0.5881073213901571, "observation_time": 0.0, "origin": "synthetic demonstration"}}, {"type": "Feature", "geometry": {"type": "Point", "coordinates": [2.4704, 48.8204, 80.0]}, "properties": {"source_index": 3120, "ndvi": 0.5510863433373369, "observation_time": 0.0, "origin": "synthetic demonstration"}}, {"type": "Feature", "geometry": {"type": "Point", "coordinates": [2.470425, 48.8204, 80.0]}, "properties": {"source_index": 3121, "ndvi": 0.5069917160901878, "observation_time": 0.0, "origin": "synthetic demonstration"}}, {"type": "Feature", "geometry": {"type": "Point", "coordinates": [2.47045, 48.8204, 80.0]}, "properties": {"source_index": 3122, "ndvi": 0.45786400669818045, "observation_time": 0.0, "origin": "synthetic demonstration"}}, {"type": "Feature", "geometry": {"type": "Point", "coordinates": [2.470475, 48.8204, 80.0]}, "properties": {"source_index": 3123, "ndvi": 0.4057444313690766, "observation_time": 0.0, "origin": "synthetic demonstration"}}, {"type": "Feature", "geometry": {"type": "Point", "coordinates": [2.4705000000000004, 48.8204, 80.0]}, "properties": {"source_index": 3124, "ndvi": 0.3525507460474911, "observation_time": 0.0, "origin": "synthetic demonstration"}}, {"type": "Feature", "geometry": {"type": "Point", "coordinates": [2.4705250000000003, 48.8204, 80.0]}, "properties": {"source_index": 3125, "ndvi": 0.3000027132822973, "observation_time": 0.0, "origin": "synthetic demonstration"}}, {"type": "Feature", "geometry": {"type": "Point", "coordinates": [2.4692000000000003, 48.820425, 80.0]}, "properties": {"source_index": 3136, "ndvi": 0.49843445988077545, "observation_time": 0.0, "origin": "synthetic demonstration"}}, {"type": "Feature", "geometry": {"type": "Point", "coordinates": [2.4692250000000002, 48.820425, 80.0]}, "properties": {"source_index": 3137, "ndvi": 0.46526627652213, "observation_time": 0.0, "origin": "synthetic demonstration"}}, {"type": "Feature", "geometry": {"type": "Point", "coordinates": [2.46925, 48.820425, 80.0]}, "properties": {"source_index": 3138, "ndvi": 0.43245717661170674, "observation_time": 0.0, "origin": "synthetic demonstration"}}, {"type": "Feature", "geometry": {"type": "Point", "coordinates": [2.469275, 48.820425, 80.0]}, "properties": {"source_index": 3139, "ndvi": 0.40118922924272277, "observation_time": 0.0, "origin": "synthetic demonstration"}}, {"type": "Feature", "geometry": {"type": "Point", "coordinates": [2.4693, 48.820425, 80.0]}, "properties": {"source_index": 3140, "ndvi": 0.37237810026574675, "observation_time": 0.0, "origin": "synthetic demonstration"}}, {"type": "Feature", "geometry": {"type": "Point", "coordinates": [2.469325, 48.820425, 80.0]}, "properties": {"source_index": 3141, "ndvi": 0.3467113432281553, "observation_time": 0.0, "origin": "synthetic demonstration"}}, {"type": "Feature", "geometry": {"type": "Point", "coordinates": [2.4693500000000004, 48.820425, 80.0]}, "properties": {"source_index": 3142, "ndvi": 0.3246871729371203, "observation_time": 0.0, "origin": "synthetic demonstration"}}, {"type": "Feature", "geometry": {"type": "Point", "coordinates": [2.4693750000000003, 48.820425, 80.0]}, "properties": {"source_index": 3143, "ndvi": 0.3066467951407412, "observation_time": 0.0, "origin": "synthetic demonstration"}}, {"type": "Feature", "geometry": {"type": "Point", "coordinates": [2.470075, 48.820425, 80.0]}, "properties": {"source_index": 3171, "ndvi": 0.30338261912470077, "observation_time": 0.0, "origin": "synthetic demonstration"}}, {"type": "Feature", "geometry": {"type": "Point", "coordinates": [2.4701000000000004, 48.820425, 80.0]}, "properties": {"source_index": 3172, "ndvi": 0.35650392396024294, "observation_time": 0.0, "origin": "synthetic demonstration"}}, {"type": "Feature", "geometry": {"type": "Point", "coordinates": [2.4701250000000003, 48.820425, 80.0]}, "properties": {"source_index": 3173, "ndvi": 0.4100619352980959, "observation_time": 0.0, "origin": "synthetic demonstration"}}, {"type": "Feature", "geometry": {"type": "Point", "coordinates": [2.4701500000000003, 48.820425, 80.0]}, "properties": {"source_index": 3174, "ndvi": 0.46234436636675363, "observation_time": 0.0, "origin": "synthetic demonstration"}}, {"type": "Feature", "geometry": {"type": "Point", "coordinates": [2.4701750000000002, 48.820425, 80.0]}, "properties": {"source_index": 3175, "ndvi": 0.5114491688155953, "observation_time": 0.0, "origin": "synthetic demonstration"}}, {"type": "Feature", "geometry": {"type": "Point", "coordinates": [2.4702, 48.820425, 80.0]}, "properties": {"source_index": 3176, "ndvi": 0.5553604512484591, "observation_time": 0.0, "origin": "synthetic demonstration"}}, {"type": "Feature", "geometry": {"type": "Point", "coordinates": [2.470225, 48.820425, 80.0]}, "properties": {"source_index": 3177, "ndvi": 0.5920723713886629, "observation_time": 0.0, "origin": "synthetic demonstration"}}, {"type": "Feature", "geometry": {"type": "Point", "coordinates": [2.47025, 48.820425, 80.0]}, "properties": {"source_index": 3178, "ndvi": 0.6197518838344451, "observation_time": 0.0, "origin": "synthetic demonstration"}}, {"type": "Feature", "geometry": {"type": "Point", "coordinates": [2.470275, 48.820425, 80.0]}, "properties": {"source_index": 3179, "ndvi": 0.6369187685765384, "observation_time": 0.0, "origin": "synthetic demonstration"}}, {"type": "Feature", "geometry": {"type": "Point", "coordinates": [2.4703000000000004, 48.820425, 80.0]}, "properties": {"source_index": 3180, "ndvi": 0.6426112770016583, "observation_time": 0.0, "origin": "synthetic demonstration"}}, {"type": "Feature", "geometry": {"type": "Point", "coordinates": [2.4703250000000003, 48.820425, 80.0]}, "properties": {"source_index": 3181, "ndvi": 0.6365029723781553, "observation_time": 0.0, "origin": "synthetic demonstration"}}, {"type": "Feature", "geometry": {"type": "Point", "coordinates": [2.4703500000000003, 48.820425, 80.0]}, "properties": {"source_index": 3182, "ndvi": 0.6189439875764235, "observation_time": 0.0, "origin": "synthetic demonstration"}}, {"type": "Feature", "geometry": {"type": "Point", "coordinates": [2.470375, 48.820425, 80.0]}, "properties": {"source_index": 3183, "ndvi": 0.5909168036864757, "observation_time": 0.0, "origin": "synthetic demonstration"}}, {"type": "Feature", "geometry": {"type": "Point", "coordinates": [2.4704, 48.820425, 80.0]}, "properties": {"source_index": 3184, "ndvi": 0.5539171482021545, "observation_time": 0.0, "origin": "synthetic demonstration"}}, {"type": "Feature", "geometry": {"type": "Point", "coordinates": [2.470425, 48.820425, 80.0]}, "properties": {"source_index": 3185, "ndvi": 0.5097872397030989, "observation_time": 0.0, "origin": "synthetic demonstration"}}, {"type": "Feature", "geometry": {"type": "Point", "coordinates": [2.47045, 48.820425, 80.0]}, "properties": {"source_index": 3186, "ndvi": 0.4605358742255244, "observation_time": 0.0, "origin": "synthetic demonstration"}}, {"type": "Feature", "geometry": {"type": "Point", "coordinates": [2.470475, 48.820425, 80.0]}, "properties": {"source_index": 3187, "ndvi": 0.40817675732274733, "observation_time": 0.0, "origin": "synthetic demonstration"}}, {"type": "Feature", "geometry": {"type": "Point", "coordinates": [2.4705000000000004, 48.820425, 80.0]}, "properties": {"source_index": 3188, "ndvi": 0.3546062264417433, "observation_time": 0.0, "origin": "synthetic demonstration"}}, {"type": "Feature", "geometry": {"type": "Point", "coordinates": [2.4705250000000003, 48.820425, 80.0]}, "properties": {"source_index": 3189, "ndvi": 0.3015290554373145, "observation_time": 0.0, "origin": "synthetic demonstration"}}, {"type": "Feature", "geometry": {"type": "Point", "coordinates": [2.4692000000000003, 48.82045, 80.0]}, "properties": {"source_index": 3200, "ndvi": 0.4999311678036242, "observation_time": 0.0, "origin": "synthetic demonstration"}}, {"type": "Feature", "geometry": {"type": "Point", "coordinates": [2.4692250000000002, 48.82045, 80.0]}, "properties": {"source_index": 3201, "ndvi": 0.4668160962824557, "observation_time": 0.0, "origin": "synthetic demonstration"}}, {"type": "Feature", "geometry": {"type": "Point", "coordinates": [2.46925, 48.82045, 80.0]}, "properties": {"source_index": 3202, "ndvi": 0.4340319902268466, "observation_time": 0.0, "origin": "synthetic demonstration"}}, {"type": "Feature", "geometry": {"type": "Point", "coordinates": [2.469275, 48.82045, 80.0]}, "properties": {"source_index": 3203, "ndvi": 0.4027564506844774, "observation_time": 0.0, "origin": "synthetic demonstration"}}, {"type": "Feature", "geometry": {"type": "Point", "coordinates": [2.4693, 48.82045, 80.0]}, "properties": {"source_index": 3204, "ndvi": 0.37390171745285644, "observation_time": 0.0, "origin": "synthetic demonstration"}}, {"type": "Feature", "geometry": {"type": "Point", "coordinates": [2.469325, 48.82045, 80.0]}, "properties": {"source_index": 3205, "ndvi": 0.34815262527140023, "observation_time": 0.0, "origin": "synthetic demonstration"}}, {"type": "Feature", "geometry": {"type": "Point", "coordinates": [2.4693500000000004, 48.82045, 80.0]}, "properties": {"source_index": 3206, "ndvi": 0.32600502196087616, "observation_time": 0.0, "origin": "synthetic demonstration"}}, {"type": "Feature", "geometry": {"type": "Point", "coordinates": [2.4693750000000003, 48.82045, 80.0]}, "properties": {"source_index": 3207, "ndvi": 0.307797799553549, "observation_time": 0.0, "origin": "synthetic demonstration"}}, {"type": "Feature", "geometry": {"type": "Point", "coordinates": [2.470075, 48.82045, 80.0]}, "properties": {"source_index": 3235, "ndvi": 0.3040560133972395, "observation_time": 0.0, "origin": "synthetic demonstration"}}, {"type": "Feature", "geometry": {"type": "Point", "coordinates": [2.4701000000000004, 48.82045, 80.0]}, "properties": {"source_index": 3236, "ndvi": 0.35740381613578925, "observation_time": 0.0, "origin": "synthetic demonstration"}}, {"type": "Feature", "geometry": {"type": "Point", "coordinates": [2.4701250000000003, 48.82045, 80.0]}, "properties": {"source_index": 3237, "ndvi": 0.4111219097324577, "observation_time": 0.0, "origin": "synthetic demonstration"}}, {"type": "Feature", "geometry": {"type": "Point", "coordinates": [2.4701500000000003, 48.82045, 80.0]}, "properties": {"source_index": 3238, "ndvi": 0.46350492440761853, "observation_time": 0.0, "origin": "synthetic demonstration"}}, {"type": "Feature", "geometry": {"type": "Point", "coordinates": [2.4701750000000002, 48.82045, 80.0]}, "properties": {"source_index": 3239, "ndvi": 0.5126604508893862, "observation_time": 0.0, "origin": "synthetic demonstration"}}, {"type": "Feature", "geometry": {"type": "Point", "coordinates": [2.4702, 48.82045, 80.0]}, "properties": {"source_index": 3240, "ndvi": 0.5565847818026284, "observation_time": 0.0, "origin": "synthetic demonstration"}}, {"type": "Feature", "geometry": {"type": "Point", "coordinates": [2.470225, 48.82045, 80.0]}, "properties": {"source_index": 3241, "ndvi": 0.5932859813411973, "observation_time": 0.0, "origin": "synthetic demonstration"}}, {"type": "Feature", "geometry": {"type": "Point", "coordinates": [2.47025, 48.82045, 80.0]}, "properties": {"source_index": 3242, "ndvi": 0.6209451136441827, "observation_time": 0.0, "origin": "synthetic demonstration"}}, {"type": "Feature", "geometry": {"type": "Point", "coordinates": [2.470275, 48.82045, 80.0]}, "properties": {"source_index": 3243, "ndvi": 0.6380942489467933, "observation_time": 0.0, "origin": "synthetic demonstration"}}, {"type": "Feature", "geometry": {"type": "Point", "coordinates": [2.4703000000000004, 48.82045, 80.0]}, "properties": {"source_index": 3244, "ndvi": 0.6437800270855079, "observation_time": 0.0, "origin": "synthetic demonstration"}}, {"type": "Feature", "geometry": {"type": "Point", "coordinates": [2.4703250000000003, 48.82045, 80.0]}, "properties": {"source_index": 3245, "ndvi": 0.6376789279787645, "observation_time": 0.0, "origin": "synthetic demonstration"}}, {"type": "Feature", "geometry": {"type": "Point", "coordinates": [2.4703500000000003, 48.82045, 80.0]}, "properties": {"source_index": 3246, "ndvi": 0.6201379574792518, "observation_time": 0.0, "origin": "synthetic demonstration"}}, {"type": "Feature", "geometry": {"type": "Point", "coordinates": [2.470375, 48.82045, 80.0]}, "properties": {"source_index": 3247, "ndvi": 0.5921310386019326, "observation_time": 0.0, "origin": "synthetic demonstration"}}, {"type": "Feature", "geometry": {"type": "Point", "coordinates": [2.4704, 48.82045, 80.0]}, "properties": {"source_index": 3248, "ndvi": 0.5551415073608157, "observation_time": 0.0, "origin": "synthetic demonstration"}}, {"type": "Feature", "geometry": {"type": "Point", "coordinates": [2.470425, 48.82045, 80.0]}, "properties": {"source_index": 3249, "ndvi": 0.5109974473896381, "observation_time": 0.0, "origin": "synthetic demonstration"}}, {"type": "Feature", "geometry": {"type": "Point", "coordinates": [2.47045, 48.82045, 80.0]}, "properties": {"source_index": 3250, "ndvi": 0.4616937871588529, "observation_time": 0.0, "origin": "synthetic demonstration"}}, {"type": "Feature", "geometry": {"type": "Point", "coordinates": [2.470475, 48.82045, 80.0]}, "properties": {"source_index": 3251, "ndvi": 0.40923212846518814, "observation_time": 0.0, "origin": "synthetic demonstration"}}, {"type": "Feature", "geometry": {"type": "Point", "coordinates": [2.4705000000000004, 48.82045, 80.0]}, "properties": {"source_index": 3252, "ndvi": 0.355499266320111, "observation_time": 0.0, "origin": "synthetic demonstration"}}, {"type": "Feature", "geometry": {"type": "Point", "coordinates": [2.4705250000000003, 48.82045, 80.0]}, "properties": {"source_index": 3253, "ndvi": 0.30219315103689065, "observation_time": 0.0, "origin": "synthetic demonstration"}}, {"type": "Feature", "geometry": {"type": "Point", "coordinates": [2.4692000000000003, 48.820475, 80.0]}, "properties": {"source_index": 3264, "ndvi": 0.4994729439154224, "observation_time": 0.0, "origin": "synthetic demonstration"}}, {"type": "Feature", "geometry": {"type": "Point", "coordinates": [2.4692250000000002, 48.820475, 80.0]}, "properties": {"source_index": 3265, "ndvi": 0.4663415836443526, "observation_time": 0.0, "origin": "synthetic demonstration"}}, {"type": "Feature", "geometry": {"type": "Point", "coordinates": [2.46925, 48.820475, 80.0]}, "properties": {"source_index": 3266, "ndvi": 0.43354978371327096, "observation_time": 0.0, "origin": "synthetic demonstration"}}, {"type": "Feature", "geometry": {"type": "Point", "coordinates": [2.469275, 48.820475, 80.0]}, "properties": {"source_index": 3267, "ndvi": 0.4022765162826081, "observation_time": 0.0, "origin": "synthetic demonstration"}}, {"type": "Feature", "geometry": {"type": "Point", "coordinates": [2.4693, 48.820475, 80.0]}, "properties": {"source_index": 3268, "ndvi": 0.3734350745610415, "observation_time": 0.0, "origin": "synthetic demonstration"}}, {"type": "Feature", "geometry": {"type": "Point", "coordinates": [2.469325, 48.820475, 80.0]}, "properties": {"source_index": 3269, "ndvi": 0.34771113145352583, "observation_time": 0.0, "origin": "synthetic demonstration"}}, {"type": "Feature", "geometry": {"type": "Point", "coordinates": [2.4693500000000004, 48.820475, 80.0]}, "properties": {"source_index": 3270, "ndvi": 0.32560126668786893, "observation_time": 0.0, "origin": "synthetic demonstration"}}, {"type": "Feature", "geometry": {"type": "Point", "coordinates": [2.4693750000000003, 48.820475, 80.0]}, "properties": {"source_index": 3271, "ndvi": 0.3074450897953938, "observation_time": 0.0, "origin": "synthetic demonstration"}}, {"type": "Feature", "geometry": {"type": "Point", "coordinates": [2.470075, 48.820475, 80.0]}, "properties": {"source_index": 3299, "ndvi": 0.3038495614353598, "observation_time": 0.0, "origin": "synthetic demonstration"}}, {"type": "Feature", "geometry": {"type": "Point", "coordinates": [2.4701000000000004, 48.820475, 80.0]}, "properties": {"source_index": 3300, "ndvi": 0.35712800621711366, "observation_time": 0.0, "origin": "synthetic demonstration"}}, {"type": "Feature", "geometry": {"type": "Point", "coordinates": [2.4701250000000003, 48.820475, 80.0]}, "properties": {"source_index": 3301, "ndvi": 0.4107971257302067, "observation_time": 0.0, "origin": "synthetic demonstration"}}, {"type": "Feature", "geometry": {"type": "Point", "coordinates": [2.4701500000000003, 48.820475, 80.0]}, "properties": {"source_index": 3302, "ndvi": 0.46314941025048134, "observation_time": 0.0, "origin": "synthetic demonstration"}}, {"type": "Feature", "geometry": {"type": "Point", "coordinates": [2.4701750000000002, 48.820475, 80.0]}, "properties": {"source_index": 3303, "ndvi": 0.512289481173897, "observation_time": 0.0, "origin": "synthetic demonstration"}}, {"type": "Feature", "geometry": {"type": "Point", "coordinates": [2.4702, 48.820475, 80.0]}, "properties": {"source_index": 3304, "ndvi": 0.5562098873429101, "observation_time": 0.0, "origin": "synthetic demonstration"}}, {"type": "Feature", "geometry": {"type": "Point", "coordinates": [2.470225, 48.820475, 80.0]}, "properties": {"source_index": 3305, "ndvi": 0.5929144268449255, "observation_time": 0.0, "origin": "synthetic demonstration"}}, {"type": "Feature", "geometry": {"type": "Point", "coordinates": [2.47025, 48.820475, 80.0]}, "properties": {"source_index": 3306, "ndvi": 0.620579840092735, "observation_time": 0.0, "origin": "synthetic demonstration"}}, {"type": "Feature", "geometry": {"type": "Point", "coordinates": [2.470275, 48.820475, 80.0]}, "properties": {"source_index": 3307, "ndvi": 0.637734433802759, "observation_time": 0.0, "origin": "synthetic demonstration"}}, {"type": "Feature", "geometry": {"type": "Point", "coordinates": [2.4703000000000004, 48.820475, 80.0]}, "properties": {"source_index": 3308, "ndvi": 0.6434222802385187, "observation_time": 0.0, "origin": "synthetic demonstration"}}, {"type": "Feature", "geometry": {"type": "Point", "coordinates": [2.4703250000000003, 48.820475, 80.0]}, "properties": {"source_index": 3309, "ndvi": 0.6373189667660832, "observation_time": 0.0, "origin": "synthetic demonstration"}}, {"type": "Feature", "geometry": {"type": "Point", "coordinates": [2.4703500000000003, 48.820475, 80.0]}, "properties": {"source_index": 3310, "ndvi": 0.619772456170743, "observation_time": 0.0, "origin": "synthetic demonstration"}}, {"type": "Feature", "geometry": {"type": "Point", "coordinates": [2.470375, 48.820475, 80.0]}, "properties": {"source_index": 3311, "ndvi": 0.5917592909903597, "observation_time": 0.0, "origin": "synthetic demonstration"}}, {"type": "Feature", "geometry": {"type": "Point", "coordinates": [2.4704, 48.820475, 80.0]}, "properties": {"source_index": 3312, "ndvi": 0.5547666018353229, "observation_time": 0.0, "origin": "synthetic demonstration"}}, {"type": "Feature", "geometry": {"type": "Point", "coordinates": [2.470425, 48.820475, 80.0]}, "properties": {"source_index": 3313, "ndvi": 0.5106268039865892, "observation_time": 0.0, "origin": "synthetic demonstration"}}, {"type": "Feature", "geometry": {"type": "Point", "coordinates": [2.47045, 48.820475, 80.0]}, "properties": {"source_index": 3314, "ndvi": 0.46133908028510207, "observation_time": 0.0, "origin": "synthetic demonstration"}}, {"type": "Feature", "geometry": {"type": "Point", "coordinates": [2.470475, 48.820475, 80.0]}, "properties": {"source_index": 3315, "ndvi": 0.4089087519119298, "observation_time": 0.0, "origin": "synthetic demonstration"}}, {"type": "Feature", "geometry": {"type": "Point", "coordinates": [2.4705000000000004, 48.820475, 80.0]}, "properties": {"source_index": 3316, "ndvi": 0.35522555377717396, "observation_time": 0.0, "origin": "synthetic demonstration"}}, {"type": "Feature", "geometry": {"type": "Point", "coordinates": [2.4705250000000003, 48.820475, 80.0]}, "properties": {"source_index": 3317, "ndvi": 0.3019895476562404, "observation_time": 0.0, "origin": "synthetic demonstration"}}, {"type": "Feature", "geometry": {"type": "Point", "coordinates": [2.4692000000000003, 48.8205, 80.0]}, "properties": {"source_index": 3328, "ndvi": 0.4970562230138597, "observation_time": 0.0, "origin": "synthetic demonstration"}}, {"type": "Feature", "geometry": {"type": "Point", "coordinates": [2.4692250000000002, 48.8205, 80.0]}, "properties": {"source_index": 3329, "ndvi": 0.46383936764450695, "observation_time": 0.0, "origin": "synthetic demonstration"}}, {"type": "Feature", "geometry": {"type": "Point", "coordinates": [2.46925, 48.8205, 80.0]}, "properties": {"source_index": 3330, "ndvi": 0.43100760092904694, "observation_time": 0.0, "origin": "synthetic demonstration"}}, {"type": "Feature", "geometry": {"type": "Point", "coordinates": [2.469275, 48.8205, 80.0]}, "properties": {"source_index": 3331, "ndvi": 0.3997470795819003, "observation_time": 0.0, "origin": "synthetic demonstration"}}, {"type": "Feature", "geometry": {"type": "Point", "coordinates": [2.4693, 48.8205, 80.0]}, "properties": {"source_index": 3332, "ndvi": 0.3709765866705787, "observation_time": 0.0, "origin": "synthetic demonstration"}}, {"type": "Feature", "geometry": {"type": "Point", "coordinates": [2.469325, 48.8205, 80.0]}, "properties": {"source_index": 3333, "ndvi": 0.34538613107296007, "observation_time": 0.0, "origin": "synthetic demonstration"}}, {"type": "Feature", "geometry": {"type": "Point", "coordinates": [2.4693500000000004, 48.8205, 80.0]}, "properties": {"source_index": 3334, "ndvi": 0.32347604693051824, "observation_time": 0.0, "origin": "synthetic demonstration"}}, {"type": "Feature", "geometry": {"type": "Point", "coordinates": [2.4693750000000003, 48.8205, 80.0]}, "properties": {"source_index": 3335, "ndvi": 0.3055895945760114, "observation_time": 0.0, "origin": "synthetic demonstration"}}, {"type": "Feature", "geometry": {"type": "Point", "coordinates": [2.470075, 48.8205, 80.0]}, "properties": {"source_index": 3363, "ndvi": 0.3027649277886295, "observation_time": 0.0, "origin": "synthetic demonstration"}}, {"type": "Feature", "geometry": {"type": "Point", "coordinates": [2.4701000000000004, 48.8205, 80.0]}, "properties": {"source_index": 3364, "ndvi": 0.3556777859742337, "observation_time": 0.0, "origin": "synthetic demonstration"}}, {"type": "Feature", "geometry": {"type": "Point", "coordinates": [2.4701250000000003, 48.8205, 80.0]}, "properties": {"source_index": 3365, "ndvi": 0.40908809018115755, "observation_time": 0.0, "origin": "synthetic demonstration"}}, {"type": "Feature", "geometry": {"type": "Point", "coordinates": [2.4701500000000003, 48.8205, 80.0]}, "properties": {"source_index": 3366, "ndvi": 0.4612773686289323, "observation_time": 0.0, "origin": "synthetic demonstration"}}, {"type": "Feature", "geometry": {"type": "Point", "coordinates": [2.4701750000000002, 48.8205, 80.0]}, "properties": {"source_index": 3367, "ndvi": 0.5103348486669013, "observation_time": 0.0, "origin": "synthetic demonstration"}}, {"type": "Feature", "geometry": {"type": "Point", "coordinates": [2.4702, 48.8205, 80.0]}, "properties": {"source_index": 3368, "ndvi": 0.5542335323996518, "observation_time": 0.0, "origin": "synthetic demonstration"}}, {"type": "Feature", "geometry": {"type": "Point", "coordinates": [2.470225, 48.8205, 80.0]}, "properties": {"source_index": 3369, "ndvi": 0.5909548434347753, "observation_time": 0.0, "origin": "synthetic demonstration"}}, {"type": "Feature", "geometry": {"type": "Point", "coordinates": [2.47025, 48.8205, 80.0]}, "properties": {"source_index": 3370, "ndvi": 0.6186527774358835, "observation_time": 0.0, "origin": "synthetic demonstration"}}, {"type": "Feature", "geometry": {"type": "Point", "coordinates": [2.470275, 48.8205, 80.0]}, "properties": {"source_index": 3371, "ndvi": 0.6358358038919372, "observation_time": 0.0, "origin": "synthetic demonstration"}}, {"type": "Feature", "geometry": {"type": "Point", "coordinates": [2.4703000000000004, 48.8205, 80.0]}, "properties": {"source_index": 3372, "ndvi": 0.6415344449523245, "observation_time": 0.0, "origin": "synthetic demonstration"}}, {"type": "Feature", "geometry": {"type": "Point", "coordinates": [2.4703250000000003, 48.8205, 80.0]}, "properties": {"source_index": 3373, "ndvi": 0.6354195748694064, "observation_time": 0.0, "origin": "synthetic demonstration"}}, {"type": "Feature", "geometry": {"type": "Point", "coordinates": [2.4703500000000003, 48.8205, 80.0]}, "properties": {"source_index": 3374, "ndvi": 0.6178442094487098, "observation_time": 0.0, "origin": "synthetic demonstration"}}, {"type": "Feature", "geometry": {"type": "Point", "coordinates": [2.470375, 48.8205, 80.0]}, "properties": {"source_index": 3375, "ndvi": 0.5897987150599465, "observation_time": 0.0, "origin": "synthetic demonstration"}}, {"type": "Feature", "geometry": {"type": "Point", "coordinates": [2.4704, 48.8205, 80.0]}, "properties": {"source_index": 3376, "ndvi": 0.5527902222197306, "observation_time": 0.0, "origin": "synthetic demonstration"}}, {"type": "Feature", "geometry": {"type": "Point", "coordinates": [2.470425, 48.8205, 80.0]}, "properties": {"source_index": 3377, "ndvi": 0.50867393064577, "observation_time": 0.0, "origin": "synthetic demonstration"}}, {"type": "Feature", "geometry": {"type": "Point", "coordinates": [2.47045, 48.8205, 80.0]}, "properties": {"source_index": 3378, "ndvi": 0.45947133321339867, "observation_time": 0.0, "origin": "synthetic demonstration"}}, {"type": "Feature", "geometry": {"type": "Point", "coordinates": [2.470475, 48.8205, 80.0]}, "properties": {"source_index": 3379, "ndvi": 0.40720716661582546, "observation_time": 0.0, "origin": "synthetic demonstration"}}, {"type": "Feature", "geometry": {"type": "Point", "coordinates": [2.4705000000000004, 48.8205, 80.0]}, "properties": {"source_index": 3380, "ndvi": 0.3537864023394649, "observation_time": 0.0, "origin": "synthetic demonstration"}}, {"type": "Feature", "geometry": {"type": "Point", "coordinates": [2.4705250000000003, 48.8205, 80.0]}, "properties": {"source_index": 3381, "ndvi": 0.3009199121533015, "observation_time": 0.0, "origin": "synthetic demonstration"}}, {"type": "Feature", "geometry": {"type": "Point", "coordinates": [2.4692000000000003, 48.820525, 80.0]}, "properties": {"source_index": 3392, "ndvi": 0.49266236782664535, "observation_time": 0.0, "origin": "synthetic demonstration"}}, {"type": "Feature", "geometry": {"type": "Point", "coordinates": [2.4692250000000002, 48.820525, 80.0]}, "properties": {"source_index": 3393, "ndvi": 0.4592918533967933, "observation_time": 0.0, "origin": "synthetic demonstration"}}, {"type": "Feature", "geometry": {"type": "Point", "coordinates": [2.46925, 48.820525, 80.0]}, "properties": {"source_index": 3394, "ndvi": 0.4263900528925499, "observation_time": 0.0, "origin": "synthetic demonstration"}}, {"type": "Feature", "geometry": {"type": "Point", "coordinates": [2.469275, 48.820525, 80.0]}, "properties": {"source_index": 3395, "ndvi": 0.39515598109872446, "observation_time": 0.0, "origin": "synthetic demonstration"}}, {"type": "Feature", "geometry": {"type": "Point", "coordinates": [2.4693, 48.820525, 80.0]}, "properties": {"source_index": 3396, "ndvi": 0.3665181159886364, "observation_time": 0.0, "origin": "synthetic demonstration"}}, {"type": "Feature", "geometry": {"type": "Point", "coordinates": [2.469325, 48.820525, 80.0]}, "properties": {"source_index": 3397, "ndvi": 0.34117398403380317, "observation_time": 0.0, "origin": "synthetic demonstration"}}, {"type": "Feature", "geometry": {"type": "Point", "coordinates": [2.4693500000000004, 48.820525, 80.0]}, "properties": {"source_index": 3398, "ndvi": 0.3196302903572577, "observation_time": 0.0, "origin": "synthetic demonstration"}}, {"type": "Feature", "geometry": {"type": "Point", "coordinates": [2.4693750000000003, 48.820525, 80.0]}, "properties": {"source_index": 3399, "ndvi": 0.30223636195454984, "observation_time": 0.0, "origin": "synthetic demonstration"}}, {"type": "Feature", "geometry": {"type": "Point", "coordinates": [2.4695750000000003, 48.820525, 80.0]}, "properties": {"source_index": 3407, "ndvi": 0.3013221764873968, "observation_time": 0.0, "origin": "synthetic demonstration"}}, {"type": "Feature", "geometry": {"type": "Point", "coordinates": [2.4696000000000002, 48.820525, 80.0]}, "properties": {"source_index": 3408, "ndvi": 0.305668966959936, "observation_time": 0.0, "origin": "synthetic demonstration"}}, {"type": "Feature", "geometry": {"type": "Point", "coordinates": [2.469625, 48.820525, 80.0]}, "properties": {"source_index": 3409, "ndvi": 0.3042443494532219, "observation_time": 0.0, "origin": "synthetic demonstration"}}, {"type": "Feature", "geometry": {"type": "Point", "coordinates": [2.470075, 48.820525, 80.0]}, "properties": {"source_index": 3427, "ndvi": 0.300810928844289, "observation_time": 0.0, "origin": "synthetic demonstration"}}, {"type": "Feature", "geometry": {"type": "Point", "coordinates": [2.4701000000000004, 48.820525, 80.0]}, "properties": {"source_index": 3428, "ndvi": 0.35306006629468717, "observation_time": 0.0, "origin": "synthetic demonstration"}}, {"type": "Feature", "geometry": {"type": "Point", "coordinates": [2.4701250000000003, 48.820525, 80.0]}, "properties": {"source_index": 3429, "ndvi": 0.4059976229403501, "observation_time": 0.0, "origin": "synthetic demonstration"}}, {"type": "Feature", "geometry": {"type": "Point", "coordinates": [2.4701500000000003, 48.820525, 80.0]}, "properties": {"source_index": 3430, "ndvi": 0.4578865703531502, "observation_time": 0.0, "origin": "synthetic demonstration"}}, {"type": "Feature", "geometry": {"type": "Point", "coordinates": [2.4701750000000002, 48.820525, 80.0]}, "properties": {"source_index": 3431, "ndvi": 0.5067892855653116, "observation_time": 0.0, "origin": "synthetic demonstration"}}, {"type": "Feature", "geometry": {"type": "Point", "coordinates": [2.4702, 48.820525, 80.0]}, "properties": {"source_index": 3432, "ndvi": 0.5506440857228897, "observation_time": 0.0, "origin": "synthetic demonstration"}}, {"type": "Feature", "geometry": {"type": "Point", "coordinates": [2.470225, 48.820525, 80.0]}, "properties": {"source_index": 3433, "ndvi": 0.5873922592498356, "observation_time": 0.0, "origin": "synthetic demonstration"}}, {"type": "Feature", "geometry": {"type": "Point", "coordinates": [2.47025, 48.820525, 80.0]}, "properties": {"source_index": 3434, "ndvi": 0.6151467092408749, "observation_time": 0.0, "origin": "synthetic demonstration"}}, {"type": "Feature", "geometry": {"type": "Point", "coordinates": [2.470275, 48.820525, 80.0]}, "properties": {"source_index": 3435, "ndvi": 0.6323798953648729, "observation_time": 0.0, "origin": "synthetic demonstration"}}, {"type": "Feature", "geometry": {"type": "Point", "coordinates": [2.4703000000000004, 48.820525, 80.0]}, "properties": {"source_index": 3436, "ndvi": 0.6380976707793186, "observation_time": 0.0, "origin": "synthetic demonstration"}}, {"type": "Feature", "geometry": {"type": "Point", "coordinates": [2.4703250000000003, 48.820525, 80.0]}, "properties": {"source_index": 3437, "ndvi": 0.6319623172215632, "observation_time": 0.0, "origin": "synthetic demonstration"}}, {"type": "Feature", "geometry": {"type": "Point", "coordinates": [2.4703500000000003, 48.820525, 80.0]}, "properties": {"source_index": 3438, "ndvi": 0.6143360624703657, "observation_time": 0.0, "origin": "synthetic demonstration"}}, {"type": "Feature", "geometry": {"type": "Point", "coordinates": [2.470375, 48.820525, 80.0]}, "properties": {"source_index": 3439, "ndvi": 0.5862344382933043, "observation_time": 0.0, "origin": "synthetic demonstration"}}, {"type": "Feature", "geometry": {"type": "Point", "coordinates": [2.4704, 48.820525, 80.0]}, "properties": {"source_index": 3440, "ndvi": 0.5492008754557367, "observation_time": 0.0, "origin": "synthetic demonstration"}}, {"type": "Feature", "geometry": {"type": "Point", "coordinates": [2.470425, 48.820525, 80.0]}, "properties": {"source_index": 3441, "ndvi": 0.5051317294181228, "observation_time": 0.0, "origin": "synthetic demonstration"}}, {"type": "Feature", "geometry": {"type": "Point", "coordinates": [2.47045, 48.820525, 80.0]}, "properties": {"source_index": 3442, "ndvi": 0.45608850021125397, "observation_time": 0.0, "origin": "synthetic demonstration"}}, {"type": "Feature", "geometry": {"type": "Point", "coordinates": [2.470475, 48.820525, 80.0]}, "properties": {"source_index": 3443, "ndvi": 0.40413036018217824, "observation_time": 0.0, "origin": "synthetic demonstration"}}, {"type": "Feature", "geometry": {"type": "Point", "coordinates": [2.4705000000000004, 48.820525, 80.0]}, "properties": {"source_index": 3444, "ndvi": 0.3511888355987244, "observation_time": 0.0, "origin": "synthetic demonstration"}}, {"type": "Feature", "geometry": {"type": "Point", "coordinates": [2.4692000000000003, 48.82055, 80.0]}, "properties": {"source_index": 3456, "ndvi": 0.48625822233029664, "observation_time": 0.0, "origin": "synthetic demonstration"}}, {"type": "Feature", "geometry": {"type": "Point", "coordinates": [2.4692250000000002, 48.82055, 80.0]}, "properties": {"source_index": 3457, "ndvi": 0.45266785673277854, "observation_time": 0.0, "origin": "synthetic demonstration"}}, {"type": "Feature", "geometry": {"type": "Point", "coordinates": [2.46925, 48.82055, 80.0]}, "properties": {"source_index": 3458, "ndvi": 0.41967004237185335, "observation_time": 0.0, "origin": "synthetic demonstration"}}, {"type": "Feature", "geometry": {"type": "Point", "coordinates": [2.469275, 48.82055, 80.0]}, "properties": {"source_index": 3459, "ndvi": 0.388482052742209, "observation_time": 0.0, "origin": "synthetic demonstration"}}, {"type": "Feature", "geometry": {"type": "Point", "coordinates": [2.4693, 48.82055, 80.0]}, "properties": {"source_index": 3460, "ndvi": 0.36004582572348764, "observation_time": 0.0, "origin": "synthetic demonstration"}}, {"type": "Feature", "geometry": {"type": "Point", "coordinates": [2.469325, 48.82055, 80.0]}, "properties": {"source_index": 3461, "ndvi": 0.33506899467987167, "observation_time": 0.0, "origin": "synthetic demonstration"}}, {"type": "Feature", "geometry": {"type": "Point", "coordinates": [2.4693500000000004, 48.82055, 80.0]}, "properties": {"source_index": 3462, "ndvi": 0.31406650161546196, "observation_time": 0.0, "origin": "synthetic demonstration"}}, {"type": "Feature", "geometry": {"type": "Point", "coordinates": [2.4695750000000003, 48.82055, 80.0]}, "properties": {"source_index": 3471, "ndvi": 0.3093460271647854, "observation_time": 0.0, "origin": "synthetic demonstration"}}, {"type": "Feature", "geometry": {"type": "Point", "coordinates": [2.4696000000000002, 48.82055, 80.0]}, "properties": {"source_index": 3472, "ndvi": 0.3160740749394535, "observation_time": 0.0, "origin": "synthetic demonstration"}}, {"type": "Feature", "geometry": {"type": "Point", "coordinates": [2.469625, 48.82055, 80.0]}, "properties": {"source_index": 3473, "ndvi": 0.3171024190568692, "observation_time": 0.0, "origin": "synthetic demonstration"}}, {"type": "Feature", "geometry": {"type": "Point", "coordinates": [2.46965, 48.82055, 80.0]}, "properties": {"source_index": 3474, "ndvi": 0.309734704566743, "observation_time": 0.0, "origin": "synthetic demonstration"}}, {"type": "Feature", "geometry": {"type": "Point", "coordinates": [2.4701000000000004, 48.82055, 80.0]}, "properties": {"source_index": 3492, "ndvi": 0.3492878293111916, "observation_time": 0.0, "origin": "synthetic demonstration"}}, {"type": "Feature", "geometry": {"type": "Point", "coordinates": [2.4701250000000003, 48.82055, 80.0]}, "properties": {"source_index": 3493, "ndvi": 0.4015314789736662, "observation_time": 0.0, "origin": "synthetic demonstration"}}, {"type": "Feature", "geometry": {"type": "Point", "coordinates": [2.4701500000000003, 48.82055, 80.0]}, "properties": {"source_index": 3494, "ndvi": 0.452973704084434, "observation_time": 0.0, "origin": "synthetic demonstration"}}, {"type": "Feature", "geometry": {"type": "Point", "coordinates": [2.4701750000000002, 48.82055, 80.0]}, "properties": {"source_index": 3495, "ndvi": 0.5016403327173025, "observation_time": 0.0, "origin": "synthetic demonstration"}}, {"type": "Feature", "geometry": {"type": "Point", "coordinates": [2.4702, 48.82055, 80.0]}, "properties": {"source_index": 3496, "ndvi": 0.5454210933042666, "observation_time": 0.0, "origin": "synthetic demonstration"}}, {"type": "Feature", "geometry": {"type": "Point", "coordinates": [2.470225, 48.82055, 80.0]}, "properties": {"source_index": 3497, "ndvi": 0.5822000489862955, "observation_time": 0.0, "origin": "synthetic demonstration"}}, {"type": "Feature", "geometry": {"type": "Point", "coordinates": [2.47025, 48.82055, 80.0]}, "properties": {"source_index": 3498, "ndvi": 0.6100308327855403, "observation_time": 0.0, "origin": "synthetic demonstration"}}, {"type": "Feature", "geometry": {"type": "Point", "coordinates": [2.470275, 48.82055, 80.0]}, "properties": {"source_index": 3499, "ndvi": 0.6273335697134984, "observation_time": 0.0, "origin": "synthetic demonstration"}}, {"type": "Feature", "geometry": {"type": "Point", "coordinates": [2.4703000000000004, 48.82055, 80.0]}, "properties": {"source_index": 3500, "ndvi": 0.6330780927090103, "observation_time": 0.0, "origin": "synthetic demonstration"}}, {"type": "Feature", "geometry": {"type": "Point", "coordinates": [2.4703250000000003, 48.82055, 80.0]}, "properties": {"source_index": 3501, "ndvi": 0.6269141093489243, "observation_time": 0.0, "origin": "synthetic demonstration"}}, {"type": "Feature", "geometry": {"type": "Point", "coordinates": [2.4703500000000003, 48.82055, 80.0]}, "properties": {"source_index": 3502, "ndvi": 0.6092173275461646, "observation_time": 0.0, "origin": "synthetic demonstration"}}, {"type": "Feature", "geometry": {"type": "Point", "coordinates": [2.470375, 48.82055, 80.0]}, "properties": {"source_index": 3503, "ndvi": 0.5810400196407931, "observation_time": 0.0, "origin": "synthetic demonstration"}}, {"type": "Feature", "geometry": {"type": "Point", "coordinates": [2.4704, 48.82055, 80.0]}, "properties": {"source_index": 3504, "ndvi": 0.5439783618175257, "observation_time": 0.0, "origin": "synthetic demonstration"}}, {"type": "Feature", "geometry": {"type": "Point", "coordinates": [2.470425, 48.82055, 80.0]}, "properties": {"source_index": 3505, "ndvi": 0.49998805098821897, "observation_time": 0.0, "origin": "synthetic demonstration"}}, {"type": "Feature", "geometry": {"type": "Point", "coordinates": [2.47045, 48.82055, 80.0]}, "properties": {"source_index": 3506, "ndvi": 0.45118760127111535, "observation_time": 0.0, "origin": "synthetic demonstration"}}, {"type": "Feature", "geometry": {"type": "Point", "coordinates": [2.470475, 48.82055, 80.0]}, "properties": {"source_index": 3507, "ndvi": 0.3996843866296626, "observation_time": 0.0, "origin": "synthetic demonstration"}}, {"type": "Feature", "geometry": {"type": "Point", "coordinates": [2.4705000000000004, 48.82055, 80.0]}, "properties": {"source_index": 3508, "ndvi": 0.3474460317855103, "observation_time": 0.0, "origin": "synthetic demonstration"}}, {"type": "Feature", "geometry": {"type": "Point", "coordinates": [2.4692000000000003, 48.820575, 80.0]}, "properties": {"source_index": 3520, "ndvi": 0.47779720167434947, "observation_time": 0.0, "origin": "synthetic demonstration"}}, {"type": "Feature", "geometry": {"type": "Point", "coordinates": [2.4692250000000002, 48.820575, 80.0]}, "properties": {"source_index": 3521, "ndvi": 0.4439238412959671, "observation_time": 0.0, "origin": "synthetic demonstration"}}, {"type": "Feature", "geometry": {"type": "Point", "coordinates": [2.46925, 48.820575, 80.0]}, "properties": {"source_index": 3522, "ndvi": 0.41081015957847755, "observation_time": 0.0, "origin": "synthetic demonstration"}}, {"type": "Feature", "geometry": {"type": "Point", "coordinates": [2.469275, 48.820575, 80.0]}, "properties": {"source_index": 3523, "ndvi": 0.37969664898970806, "observation_time": 0.0, "origin": "synthetic demonstration"}}, {"type": "Feature", "geometry": {"type": "Point", "coordinates": [2.4693, 48.820575, 80.0]}, "properties": {"source_index": 3524, "ndvi": 0.35154178699091143, "observation_time": 0.0, "origin": "synthetic demonstration"}}, {"type": "Feature", "geometry": {"type": "Point", "coordinates": [2.469325, 48.820575, 80.0]}, "properties": {"source_index": 3525, "ndvi": 0.3270650010394938, "observation_time": 0.0, "origin": "synthetic demonstration"}}, {"type": "Feature", "geometry": {"type": "Point", "coordinates": [2.4693500000000004, 48.820575, 80.0]}, "properties": {"source_index": 3526, "ndvi": 0.3067902150729754, "observation_time": 0.0, "origin": "synthetic demonstration"}}, {"type": "Feature", "geometry": {"type": "Point", "coordinates": [2.4695500000000004, 48.820575, 80.0]}, "properties": {"source_index": 3534, "ndvi": 0.30704840964210417, "observation_time": 0.0, "origin": "synthetic demonstration"}}, {"type": "Feature", "geometry": {"type": "Point", "coordinates": [2.4695750000000003, 48.820575, 80.0]}, "properties": {"source_index": 3535, "ndvi": 0.3193790235792339, "observation_time": 0.0, "origin": "synthetic demonstration"}}, {"type": "Feature", "geometry": {"type": "Point", "coordinates": [2.4696000000000002, 48.820575, 80.0]}, "properties": {"source_index": 3536, "ndvi": 0.32898133509571603, "observation_time": 0.0, "origin": "synthetic demonstration"}}, {"type": "Feature", "geometry": {"type": "Point", "coordinates": [2.469625, 48.820575, 80.0]}, "properties": {"source_index": 3537, "ndvi": 0.33292627473543274, "observation_time": 0.0, "origin": "synthetic demonstration"}}, {"type": "Feature", "geometry": {"type": "Point", "coordinates": [2.46965, 48.820575, 80.0]}, "properties": {"source_index": 3538, "ndvi": 0.32844225740397376, "observation_time": 0.0, "origin": "synthetic demonstration"}}, {"type": "Feature", "geometry": {"type": "Point", "coordinates": [2.469675, 48.820575, 80.0]}, "properties": {"source_index": 3539, "ndvi": 0.31370151630695264, "observation_time": 0.0, "origin": "synthetic demonstration"}}, {"type": "Feature", "geometry": {"type": "Point", "coordinates": [2.4701000000000004, 48.820575, 80.0]}, "properties": {"source_index": 3556, "ndvi": 0.3443809426586627, "observation_time": 0.0, "origin": "synthetic demonstration"}}, {"type": "Feature", "geometry": {"type": "Point", "coordinates": [2.4701250000000003, 48.820575, 80.0]}, "properties": {"source_index": 3557, "ndvi": 0.39569948660738513, "observation_time": 0.0, "origin": "synthetic demonstration"}}, {"type": "Feature", "geometry": {"type": "Point", "coordinates": [2.4701500000000003, 48.820575, 80.0]}, "properties": {"source_index": 3558, "ndvi": 0.446535661160613, "observation_time": 0.0, "origin": "synthetic demonstration"}}, {"type": "Feature", "geometry": {"type": "Point", "coordinates": [2.4701750000000002, 48.820575, 80.0]}, "properties": {"source_index": 3559, "ndvi": 0.49487159554751503, "observation_time": 0.0, "origin": "synthetic demonstration"}}, {"type": "Feature", "geometry": {"type": "Point", "coordinates": [2.4702, 48.820575, 80.0]}, "properties": {"source_index": 3560, "ndvi": 0.5385363801592412, "observation_time": 0.0, "origin": "synthetic demonstration"}}, {"type": "Feature", "geometry": {"type": "Point", "coordinates": [2.470225, 48.820575, 80.0]}, "properties": {"source_index": 3561, "ndvi": 0.5753408270082733, "observation_time": 0.0, "origin": "synthetic demonstration"}}, {"type": "Feature", "geometry": {"type": "Point", "coordinates": [2.47025, 48.820575, 80.0]}, "properties": {"source_index": 3562, "ndvi": 0.6032614560140105, "observation_time": 0.0, "origin": "synthetic demonstration"}}, {"type": "Feature", "geometry": {"type": "Point", "coordinates": [2.470275, 48.820575, 80.0]}, "properties": {"source_index": 3563, "ndvi": 0.6206495758756208, "observation_time": 0.0, "origin": "synthetic demonstration"}}, {"type": "Feature", "geometry": {"type": "Point", "coordinates": [2.4703000000000004, 48.820575, 80.0]}, "properties": {"source_index": 3564, "ndvi": 0.626427346737921, "observation_time": 0.0, "origin": "synthetic demonstration"}}, {"type": "Feature", "geometry": {"type": "Point", "coordinates": [2.4703250000000003, 48.820575, 80.0]}, "properties": {"source_index": 3565, "ndvi": 0.6202277828422018, "observation_time": 0.0, "origin": "synthetic demonstration"}}, {"type": "Feature", "geometry": {"type": "Point", "coordinates": [2.4703500000000003, 48.820575, 80.0]}, "properties": {"source_index": 3566, "ndvi": 0.6024444872167665, "observation_time": 0.0, "origin": "synthetic demonstration"}}, {"type": "Feature", "geometry": {"type": "Point", "coordinates": [2.470375, 48.820575, 80.0]}, "properties": {"source_index": 3567, "ndvi": 0.5741783501583688, "observation_time": 0.0, "origin": "synthetic demonstration"}}, {"type": "Feature", "geometry": {"type": "Point", "coordinates": [2.4704, 48.820575, 80.0]}, "properties": {"source_index": 3568, "ndvi": 0.5370948835128527, "observation_time": 0.0, "origin": "synthetic demonstration"}}, {"type": "Feature", "geometry": {"type": "Point", "coordinates": [2.470425, 48.820575, 80.0]}, "properties": {"source_index": 3569, "ndvi": 0.49322695414906115, "observation_time": 0.0, "origin": "synthetic demonstration"}}, {"type": "Feature", "geometry": {"type": "Point", "coordinates": [2.47045, 48.820575, 80.0]}, "properties": {"source_index": 3570, "ndvi": 0.4447660049264684, "observation_time": 0.0, "origin": "synthetic demonstration"}}, {"type": "Feature", "geometry": {"type": "Point", "coordinates": [2.470475, 48.820575, 80.0]}, "properties": {"source_index": 3571, "ndvi": 0.3938794960154573, "observation_time": 0.0, "origin": "synthetic demonstration"}}, {"type": "Feature", "geometry": {"type": "Point", "coordinates": [2.4705000000000004, 48.820575, 80.0]}, "properties": {"source_index": 3572, "ndvi": 0.3425781239362744, "observation_time": 0.0, "origin": "synthetic demonstration"}}, {"type": "Feature", "geometry": {"type": "Point", "coordinates": [2.4692000000000003, 48.8206, 80.0]}, "properties": {"source_index": 3584, "ndvi": 0.46722107703098054, "observation_time": 0.0, "origin": "synthetic demonstration"}}, {"type": "Feature", "geometry": {"type": "Point", "coordinates": [2.4692250000000002, 48.8206, 80.0]}, "properties": {"source_index": 3585, "ndvi": 0.4330059153656969, "observation_time": 0.0, "origin": "synthetic demonstration"}}, {"type": "Feature", "geometry": {"type": "Point", "coordinates": [2.46925, 48.8206, 80.0]}, "properties": {"source_index": 3586, "ndvi": 0.3997648973688827, "observation_time": 0.0, "origin": "synthetic demonstration"}}, {"type": "Feature", "geometry": {"type": "Point", "coordinates": [2.469275, 48.8206, 80.0]}, "properties": {"source_index": 3587, "ndvi": 0.36876603569454947, "observation_time": 0.0, "origin": "synthetic demonstration"}}, {"type": "Feature", "geometry": {"type": "Point", "coordinates": [2.4693, 48.8206, 80.0]}, "properties": {"source_index": 3588, "ndvi": 0.34098644387093596, "observation_time": 0.0, "origin": "synthetic demonstration"}}, {"type": "Feature", "geometry": {"type": "Point", "coordinates": [2.469325, 48.8206, 80.0]}, "properties": {"source_index": 3589, "ndvi": 0.31715777265408246, "observation_time": 0.0, "origin": "synthetic demonstration"}}, {"type": "Feature", "geometry": {"type": "Point", "coordinates": [2.4695250000000004, 48.8206, 80.0]}, "properties": {"source_index": 3597, "ndvi": 0.30006231414977286, "observation_time": 0.0, "origin": "synthetic demonstration"}}, {"type": "Feature", "geometry": {"type": "Point", "coordinates": [2.4695500000000004, 48.8206, 80.0]}, "properties": {"source_index": 3598, "ndvi": 0.31560080720777656, "observation_time": 0.0, "origin": "synthetic demonstration"}}, {"type": "Feature", "geometry": {"type": "Point", "coordinates": [2.4695750000000003, 48.8206, 80.0]}, "properties": {"source_index": 3599, "ndvi": 0.33109122916465705, "observation_time": 0.0, "origin": "synthetic demonstration"}}, {"type": "Feature", "geometry": {"type": "Point", "coordinates": [2.4696000000000002, 48.8206, 80.0]}, "properties": {"source_index": 3600, "ndvi": 0.3439056011000504, "observation_time": 0.0, "origin": "synthetic demonstration"}}, {"type": "Feature", "geometry": {"type": "Point", "coordinates": [2.469625, 48.8206, 80.0]}, "properties": {"source_index": 3601, "ndvi": 0.3510508996398955, "observation_time": 0.0, "origin": "synthetic demonstration"}}, {"type": "Feature", "geometry": {"type": "Point", "coordinates": [2.46965, 48.8206, 80.0]}, "properties": {"source_index": 3602, "ndvi": 0.34968574745740066, "observation_time": 0.0, "origin": "synthetic demonstration"}}, {"type": "Feature", "geometry": {"type": "Point", "coordinates": [2.469675, 48.8206, 80.0]}, "properties": {"source_index": 3603, "ndvi": 0.33787808345560105, "observation_time": 0.0, "origin": "synthetic demonstration"}}, {"type": "Feature", "geometry": {"type": "Point", "coordinates": [2.4697, 48.8206, 80.0]}, "properties": {"source_index": 3604, "ndvi": 0.31534712679079435, "observation_time": 0.0, "origin": "synthetic demonstration"}}, {"type": "Feature", "geometry": {"type": "Point", "coordinates": [2.4701000000000004, 48.8206, 80.0]}, "properties": {"source_index": 3620, "ndvi": 0.33836732664242725, "observation_time": 0.0, "origin": "synthetic demonstration"}}, {"type": "Feature", "geometry": {"type": "Point", "coordinates": [2.4701250000000003, 48.8206, 80.0]}, "properties": {"source_index": 3621, "ndvi": 0.3885172200339905, "observation_time": 0.0, "origin": "synthetic demonstration"}}, {"type": "Feature", "geometry": {"type": "Point", "coordinates": [2.4701500000000003, 48.8206, 80.0]}, "properties": {"source_index": 3622, "ndvi": 0.4385714677551967, "observation_time": 0.0, "origin": "synthetic demonstration"}}, {"type": "Feature", "geometry": {"type": "Point", "coordinates": [2.4701750000000002, 48.8206, 80.0]}, "properties": {"source_index": 3623, "ndvi": 0.4864646789856044, "observation_time": 0.0, "origin": "synthetic demonstration"}}, {"type": "Feature", "geometry": {"type": "Point", "coordinates": [2.4702, 48.8206, 80.0]}, "properties": {"source_index": 3624, "ndvi": 0.5299557945821347, "observation_time": 0.0, "origin": "synthetic demonstration"}}, {"type": "Feature", "geometry": {"type": "Point", "coordinates": [2.470225, 48.8206, 80.0]}, "properties": {"source_index": 3625, "ndvi": 0.5667679074803675, "observation_time": 0.0, "origin": "synthetic demonstration"}}, {"type": "Feature", "geometry": {"type": "Point", "coordinates": [2.47025, 48.8206, 80.0]}, "properties": {"source_index": 3626, "ndvi": 0.594783180349114, "observation_time": 0.0, "origin": "synthetic demonstration"}}, {"type": "Feature", "geometry": {"type": "Point", "coordinates": [2.470275, 48.8206, 80.0]}, "properties": {"source_index": 3627, "ndvi": 0.6122675386878198, "observation_time": 0.0, "origin": "synthetic demonstration"}}, {"type": "Feature", "geometry": {"type": "Point", "coordinates": [2.4703000000000004, 48.8206, 80.0]}, "properties": {"source_index": 3628, "ndvi": 0.618083490672634, "observation_time": 0.0, "origin": "synthetic demonstration"}}, {"type": "Feature", "geometry": {"type": "Point", "coordinates": [2.4703250000000003, 48.8206, 80.0]}, "properties": {"source_index": 3629, "ndvi": 0.611843078692168, "observation_time": 0.0, "origin": "synthetic demonstration"}}, {"type": "Feature", "geometry": {"type": "Point", "coordinates": [2.4703500000000003, 48.8206, 80.0]}, "properties": {"source_index": 3630, "ndvi": 0.5939623858237286, "observation_time": 0.0, "origin": "synthetic demonstration"}}, {"type": "Feature", "geometry": {"type": "Point", "coordinates": [2.470375, 48.8206, 80.0]}, "properties": {"source_index": 3631, "ndvi": 0.5656031236237927, "observation_time": 0.0, "origin": "synthetic demonstration"}}, {"type": "Feature", "geometry": {"type": "Point", "coordinates": [2.4704, 48.8206, 80.0]}, "properties": {"source_index": 3632, "ndvi": 0.5285167979128507, "observation_time": 0.0, "origin": "synthetic demonstration"}}, {"type": "Feature", "geometry": {"type": "Point", "coordinates": [2.470425, 48.8206, 80.0]}, "properties": {"source_index": 3633, "ndvi": 0.48483064446215157, "observation_time": 0.0, "origin": "synthetic demonstration"}}, {"type": "Feature", "geometry": {"type": "Point", "coordinates": [2.47045, 48.8206, 80.0]}, "properties": {"source_index": 3634, "ndvi": 0.43682335579666487, "observation_time": 0.0, "origin": "synthetic demonstration"}}, {"type": "Feature", "geometry": {"type": "Point", "coordinates": [2.470475, 48.8206, 80.0]}, "properties": {"source_index": 3635, "ndvi": 0.38673179289211, "observation_time": 0.0, "origin": "synthetic demonstration"}}, {"type": "Feature", "geometry": {"type": "Point", "coordinates": [2.4705000000000004, 48.8206, 80.0]}, "properties": {"source_index": 3636, "ndvi": 0.3366133457592697, "observation_time": 0.0, "origin": "synthetic demonstration"}}, {"type": "Feature", "geometry": {"type": "Point", "coordinates": [2.4692000000000003, 48.820625, 80.0]}, "properties": {"source_index": 3648, "ndvi": 0.4544626958984551, "observation_time": 0.0, "origin": "synthetic demonstration"}}, {"type": "Feature", "geometry": {"type": "Point", "coordinates": [2.4692250000000002, 48.820625, 80.0]}, "properties": {"source_index": 3649, "ndvi": 0.4198528250341288, "observation_time": 0.0, "origin": "synthetic demonstration"}}, {"type": "Feature", "geometry": {"type": "Point", "coordinates": [2.46925, 48.820625, 80.0]}, "properties": {"source_index": 3650, "ndvi": 0.3864839060357785, "observation_time": 0.0, "origin": "synthetic demonstration"}}, {"type": "Feature", "geometry": {"type": "Point", "coordinates": [2.469275, 48.820625, 80.0]}, "properties": {"source_index": 3651, "ndvi": 0.3556548268548693, "observation_time": 0.0, "origin": "synthetic demonstration"}}, {"type": "Feature", "geometry": {"type": "Point", "coordinates": [2.4693, 48.820625, 80.0]}, "properties": {"source_index": 3652, "ndvi": 0.3283620854119057, "observation_time": 0.0, "origin": "synthetic demonstration"}}, {"type": "Feature", "geometry": {"type": "Point", "coordinates": [2.469325, 48.820625, 80.0]}, "properties": {"source_index": 3653, "ndvi": 0.30534831634386417, "observation_time": 0.0, "origin": "synthetic demonstration"}}, {"type": "Feature", "geometry": {"type": "Point", "coordinates": [2.4695250000000004, 48.820625, 80.0]}, "properties": {"source_index": 3661, "ndvi": 0.30631907218992843, "observation_time": 0.0, "origin": "synthetic demonstration"}}, {"type": "Feature", "geometry": {"type": "Point", "coordinates": [2.4695500000000004, 48.820625, 80.0]}, "properties": {"source_index": 3662, "ndvi": 0.3252176486018001, "observation_time": 0.0, "origin": "synthetic demonstration"}}, {"type": "Feature", "geometry": {"type": "Point", "coordinates": [2.4695750000000003, 48.820625, 80.0]}, "properties": {"source_index": 3663, "ndvi": 0.34412406151530145, "observation_time": 0.0, "origin": "synthetic demonstration"}}, {"type": "Feature", "geometry": {"type": "Point", "coordinates": [2.4696000000000002, 48.820625, 80.0]}, "properties": {"source_index": 3664, "ndvi": 0.3603340059478465, "observation_time": 0.0, "origin": "synthetic demonstration"}}, {"type": "Feature", "geometry": {"type": "Point", "coordinates": [2.469625, 48.820625, 80.0]}, "properties": {"source_index": 3665, "ndvi": 0.37079208041816575, "observation_time": 0.0, "origin": "synthetic demonstration"}}, {"type": "Feature", "geometry": {"type": "Point", "coordinates": [2.46965, 48.820625, 80.0]}, "properties": {"source_index": 3666, "ndvi": 0.37260331294343985, "observation_time": 0.0, "origin": "synthetic demonstration"}}, {"type": "Feature", "geometry": {"type": "Point", "coordinates": [2.469675, 48.820625, 80.0]}, "properties": {"source_index": 3667, "ndvi": 0.36375942078763973, "observation_time": 0.0, "origin": "synthetic demonstration"}}, {"type": "Feature", "geometry": {"type": "Point", "coordinates": [2.4697, 48.820625, 80.0]}, "properties": {"source_index": 3668, "ndvi": 0.3438363430416883, "observation_time": 0.0, "origin": "synthetic demonstration"}}, {"type": "Feature", "geometry": {"type": "Point", "coordinates": [2.4697250000000004, 48.820625, 80.0]}, "properties": {"source_index": 3669, "ndvi": 0.3143162686362487, "observation_time": 0.0, "origin": "synthetic demonstration"}}, {"type": "Feature", "geometry": {"type": "Point", "coordinates": [2.4701000000000004, 48.820625, 80.0]}, "properties": {"source_index": 3684, "ndvi": 0.33128445623381747, "observation_time": 0.0, "origin": "synthetic demonstration"}}, {"type": "Feature", "geometry": {"type": "Point", "coordinates": [2.4701250000000003, 48.820625, 80.0]}, "properties": {"source_index": 3685, "ndvi": 0.38000822564395276, "observation_time": 0.0, "origin": "synthetic demonstration"}}, {"type": "Feature", "geometry": {"type": "Point", "coordinates": [2.4701500000000003, 48.820625, 80.0]}, "properties": {"source_index": 3686, "ndvi": 0.42908493722224217, "observation_time": 0.0, "origin": "synthetic demonstration"}}, {"type": "Feature", "geometry": {"type": "Point", "coordinates": [2.4701750000000002, 48.820625, 80.0]}, "properties": {"source_index": 3687, "ndvi": 0.476401927707317, "observation_time": 0.0, "origin": "synthetic demonstration"}}, {"type": "Feature", "geometry": {"type": "Point", "coordinates": [2.4702, 48.820625, 80.0]}, "properties": {"source_index": 3688, "ndvi": 0.5196417630808945, "observation_time": 0.0, "origin": "synthetic demonstration"}}, {"type": "Feature", "geometry": {"type": "Point", "coordinates": [2.470225, 48.820625, 80.0]}, "properties": {"source_index": 3689, "ndvi": 0.5564275255817972, "observation_time": 0.0, "origin": "synthetic demonstration"}}, {"type": "Feature", "geometry": {"type": "Point", "coordinates": [2.47025, 48.820625, 80.0]}, "properties": {"source_index": 3690, "ndvi": 0.5845307754309006, "observation_time": 0.0, "origin": "synthetic demonstration"}}, {"type": "Feature", "geometry": {"type": "Point", "coordinates": [2.470275, 48.820625, 80.0]}, "properties": {"source_index": 3691, "ndvi": 0.6021155834993749, "observation_time": 0.0, "origin": "synthetic demonstration"}}, {"type": "Feature", "geometry": {"type": "Point", "coordinates": [2.4703000000000004, 48.820625, 80.0]}, "properties": {"source_index": 3692, "ndvi": 0.6079725405576539, "observation_time": 0.0, "origin": "synthetic demonstration"}}, {"type": "Feature", "geometry": {"type": "Point", "coordinates": [2.4703250000000003, 48.820625, 80.0]}, "properties": {"source_index": 3693, "ndvi": 0.6016882782475177, "observation_time": 0.0, "origin": "synthetic demonstration"}}, {"type": "Feature", "geometry": {"type": "Point", "coordinates": [2.4703500000000003, 48.820625, 80.0]}, "properties": {"source_index": 3694, "ndvi": 0.5837061153949525, "observation_time": 0.0, "origin": "synthetic demonstration"}}, {"type": "Feature", "geometry": {"type": "Point", "coordinates": [2.470375, 48.820625, 80.0]}, "properties": {"source_index": 3695, "ndvi": 0.5552610705396449, "observation_time": 0.0, "origin": "synthetic demonstration"}}, {"type": "Feature", "geometry": {"type": "Point", "coordinates": [2.4704, 48.820625, 80.0]}, "properties": {"source_index": 3696, "ndvi": 0.5182071824037118, "observation_time": 0.0, "origin": "synthetic demonstration"}}, {"type": "Feature", "geometry": {"type": "Point", "coordinates": [2.470425, 48.820625, 80.0]}, "properties": {"source_index": 3697, "ndvi": 0.4747822166669141, "observation_time": 0.0, "origin": "synthetic demonstration"}}, {"type": "Feature", "geometry": {"type": "Point", "coordinates": [2.47045, 48.820625, 80.0]}, "properties": {"source_index": 3698, "ndvi": 0.4273642177359495, "observation_time": 0.0, "origin": "synthetic demonstration"}}, {"type": "Feature", "geometry": {"type": "Point", "coordinates": [2.470475, 48.820625, 80.0]}, "properties": {"source_index": 3699, "ndvi": 0.3782654414751497, "observation_time": 0.0, "origin": "synthetic demonstration"}}, {"type": "Feature", "geometry": {"type": "Point", "coordinates": [2.4705000000000004, 48.820625, 80.0]}, "properties": {"source_index": 3700, "ndvi": 0.32958950424337524, "observation_time": 0.0, "origin": "synthetic demonstration"}}, {"type": "Feature", "geometry": {"type": "Point", "coordinates": [2.4692000000000003, 48.82065, 80.0]}, "properties": {"source_index": 3712, "ndvi": 0.43944997066556996, "observation_time": 0.0, "origin": "synthetic demonstration"}}, {"type": "Feature", "geometry": {"type": "Point", "coordinates": [2.4692250000000002, 48.82065, 80.0]}, "properties": {"source_index": 3713, "ndvi": 0.4044002667766328, "observation_time": 0.0, "origin": "synthetic demonstration"}}, {"type": "Feature", "geometry": {"type": "Point", "coordinates": [2.46925, 48.82065, 80.0]}, "properties": {"source_index": 3714, "ndvi": 0.37091658214910705, "observation_time": 0.0, "origin": "synthetic demonstration"}}, {"type": "Feature", "geometry": {"type": "Point", "coordinates": [2.469275, 48.82065, 80.0]}, "properties": {"source_index": 3715, "ndvi": 0.3403307169263111, "observation_time": 0.0, "origin": "synthetic demonstration"}}, {"type": "Feature", "geometry": {"type": "Point", "coordinates": [2.4693, 48.82065, 80.0]}, "properties": {"source_index": 3716, "ndvi": 0.3136575104659857, "observation_time": 0.0, "origin": "synthetic demonstration"}}, {"type": "Feature", "geometry": {"type": "Point", "coordinates": [2.4695250000000004, 48.82065, 80.0]}, "properties": {"source_index": 3725, "ndvi": 0.3131854248653385, "observation_time": 0.0, "origin": "synthetic demonstration"}}, {"type": "Feature", "geometry": {"type": "Point", "coordinates": [2.4695500000000004, 48.82065, 80.0]}, "properties": {"source_index": 3726, "ndvi": 0.3356579095532328, "observation_time": 0.0, "origin": "synthetic demonstration"}}, {"type": "Feature", "geometry": {"type": "Point", "coordinates": [2.4695750000000003, 48.82065, 80.0]}, "properties": {"source_index": 3727, "ndvi": 0.35811118303089606, "observation_time": 0.0, "origin": "synthetic demonstration"}}, {"type": "Feature", "geometry": {"type": "Point", "coordinates": [2.4696000000000002, 48.82065, 80.0]}, "properties": {"source_index": 3728, "ndvi": 0.37775945556033663, "observation_time": 0.0, "origin": "synthetic demonstration"}}, {"type": "Feature", "geometry": {"type": "Point", "coordinates": [2.469625, 48.82065, 80.0]}, "properties": {"source_index": 3729, "ndvi": 0.3914946158418963, "observation_time": 0.0, "origin": "synthetic demonstration"}}, {"type": "Feature", "geometry": {"type": "Point", "coordinates": [2.46965, 48.82065, 80.0]}, "properties": {"source_index": 3730, "ndvi": 0.39639338827710435, "observation_time": 0.0, "origin": "synthetic demonstration"}}, {"type": "Feature", "geometry": {"type": "Point", "coordinates": [2.469675, 48.82065, 80.0]}, "properties": {"source_index": 3731, "ndvi": 0.39040862140857463, "observation_time": 0.0, "origin": "synthetic demonstration"}}, {"type": "Feature", "geometry": {"type": "Point", "coordinates": [2.4697, 48.82065, 80.0]}, "properties": {"source_index": 3732, "ndvi": 0.37301490625156863, "observation_time": 0.0, "origin": "synthetic demonstration"}}, {"type": "Feature", "geometry": {"type": "Point", "coordinates": [2.4697250000000004, 48.82065, 80.0]}, "properties": {"source_index": 3733, "ndvi": 0.3455033725919579, "observation_time": 0.0, "origin": "synthetic demonstration"}}, {"type": "Feature", "geometry": {"type": "Point", "coordinates": [2.4697500000000003, 48.82065, 80.0]}, "properties": {"source_index": 3734, "ndvi": 0.3107426870104748, "observation_time": 0.0, "origin": "synthetic demonstration"}}, {"type": "Feature", "geometry": {"type": "Point", "coordinates": [2.4701000000000004, 48.82065, 80.0]}, "properties": {"source_index": 3748, "ndvi": 0.3231811657448828, "observation_time": 0.0, "origin": "synthetic demonstration"}}, {"type": "Feature", "geometry": {"type": "Point", "coordinates": [2.4701250000000003, 48.82065, 80.0]}, "properties": {"source_index": 3749, "ndvi": 0.37020681504229486, "observation_time": 0.0, "origin": "synthetic demonstration"}}, {"type": "Feature", "geometry": {"type": "Point", "coordinates": [2.4701500000000003, 48.82065, 80.0]}, "properties": {"source_index": 3750, "ndvi": 0.418088126039579, "observation_time": 0.0, "origin": "synthetic demonstration"}}, {"type": "Feature", "geometry": {"type": "Point", "coordinates": [2.4701750000000002, 48.82065, 80.0]}, "properties": {"source_index": 3751, "ndvi": 0.4646701313915868, "observation_time": 0.0, "origin": "synthetic demonstration"}}, {"type": "Feature", "geometry": {"type": "Point", "coordinates": [2.4702, 48.82065, 80.0]}, "properties": {"source_index": 3752, "ndvi": 0.5075568802338755, "observation_time": 0.0, "origin": "synthetic demonstration"}}, {"type": "Feature", "geometry": {"type": "Point", "coordinates": [2.470225, 48.82065, 80.0]}, "properties": {"source_index": 3753, "ndvi": 0.5442620879391362, "observation_time": 0.0, "origin": "synthetic demonstration"}}, {"type": "Feature", "geometry": {"type": "Point", "coordinates": [2.47025, 48.82065, 80.0]}, "properties": {"source_index": 3754, "ndvi": 0.572432037685599, "observation_time": 0.0, "origin": "synthetic demonstration"}}, {"type": "Feature", "geometry": {"type": "Point", "coordinates": [2.470275, 48.82065, 80.0]}, "properties": {"source_index": 3755, "ndvi": 0.5901128986781464, "observation_time": 0.0, "origin": "synthetic demonstration"}}, {"type": "Feature", "geometry": {"type": "Point", "coordinates": [2.4703000000000004, 48.82065, 80.0]}, "properties": {"source_index": 3756, "ndvi": 0.5960109268105621, "observation_time": 0.0, "origin": "synthetic demonstration"}}, {"type": "Feature", "geometry": {"type": "Point", "coordinates": [2.4703250000000003, 48.82065, 80.0]}, "properties": {"source_index": 3757, "ndvi": 0.5896827733358917, "observation_time": 0.0, "origin": "synthetic demonstration"}}, {"type": "Feature", "geometry": {"type": "Point", "coordinates": [2.4703500000000003, 48.82065, 80.0]}, "properties": {"source_index": 3758, "ndvi": 0.5716038871892358, "observation_time": 0.0, "origin": "synthetic demonstration"}}, {"type": "Feature", "geometry": {"type": "Point", "coordinates": [2.470375, 48.82065, 80.0]}, "properties": {"source_index": 3759, "ndvi": 0.5430952224754027, "observation_time": 0.0, "origin": "synthetic demonstration"}}, {"type": "Feature", "geometry": {"type": "Point", "coordinates": [2.4704, 48.82065, 80.0]}, "properties": {"source_index": 3760, "ndvi": 0.5061294331471132, "observation_time": 0.0, "origin": "synthetic demonstration"}}, {"type": "Feature", "geometry": {"type": "Point", "coordinates": [2.470425, 48.82065, 80.0]}, "properties": {"source_index": 3761, "ndvi": 0.46306935795997606, "observation_time": 0.0, "origin": "synthetic demonstration"}}, {"type": "Feature", "geometry": {"type": "Point", "coordinates": [2.47045, 48.82065, 80.0]}, "properties": {"source_index": 3762, "ndvi": 0.4164015132829476, "observation_time": 0.0, "origin": "synthetic demonstration"}}, {"type": "Feature", "geometry": {"type": "Point", "coordinates": [2.470475, 48.82065, 80.0]}, "properties": {"source_index": 3763, "ndvi": 0.3685154282439151, "observation_time": 0.0, "origin": "synthetic demonstration"}}, {"type": "Feature", "geometry": {"type": "Point", "coordinates": [2.4705000000000004, 48.82065, 80.0]}, "properties": {"source_index": 3764, "ndvi": 0.3215557459295106, "observation_time": 0.0, "origin": "synthetic demonstration"}}, {"type": "Feature", "geometry": {"type": "Point", "coordinates": [2.4692000000000003, 48.820675, 80.0]}, "properties": {"source_index": 3776, "ndvi": 0.4221115689135716, "observation_time": 0.0, "origin": "synthetic demonstration"}}, {"type": "Feature", "geometry": {"type": "Point", "coordinates": [2.4692250000000002, 48.820675, 80.0]}, "properties": {"source_index": 3777, "ndvi": 0.3865869328273735, "observation_time": 0.0, "origin": "synthetic demonstration"}}, {"type": "Feature", "geometry": {"type": "Point", "coordinates": [2.46925, 48.820675, 80.0]}, "properties": {"source_index": 3778, "ndvi": 0.35301835819993904, "observation_time": 0.0, "origin": "synthetic demonstration"}}, {"type": "Feature", "geometry": {"type": "Point", "coordinates": [2.469275, 48.820675, 80.0]}, "properties": {"source_index": 3779, "ndvi": 0.32277080513868495, "observation_time": 0.0, "origin": "synthetic demonstration"}}, {"type": "Feature", "geometry": {"type": "Point", "coordinates": [2.4695250000000004, 48.820675, 80.0]}, "properties": {"source_index": 3789, "ndvi": 0.32051829675463595, "observation_time": 0.0, "origin": "synthetic demonstration"}}, {"type": "Feature", "geometry": {"type": "Point", "coordinates": [2.4695500000000004, 48.820675, 80.0]}, "properties": {"source_index": 3790, "ndvi": 0.3466784926276741, "observation_time": 0.0, "origin": "synthetic demonstration"}}, {"type": "Feature", "geometry": {"type": "Point", "coordinates": [2.4695750000000003, 48.820675, 80.0]}, "properties": {"source_index": 3791, "ndvi": 0.3726964496841, "observation_time": 0.0, "origin": "synthetic demonstration"}}, {"type": "Feature", "geometry": {"type": "Point", "coordinates": [2.4696000000000002, 48.820675, 80.0]}, "properties": {"source_index": 3792, "ndvi": 0.39570712979679257, "observation_time": 0.0, "origin": "synthetic demonstration"}}, {"type": "Feature", "geometry": {"type": "Point", "coordinates": [2.469625, 48.820675, 80.0]}, "properties": {"source_index": 3793, "ndvi": 0.4125671873570151, "observation_time": 0.0, "origin": "synthetic demonstration"}}, {"type": "Feature", "geometry": {"type": "Point", "coordinates": [2.46965, 48.820675, 80.0]}, "properties": {"source_index": 3794, "ndvi": 0.4203565706022111, "observation_time": 0.0, "origin": "synthetic demonstration"}}, {"type": "Feature", "geometry": {"type": "Point", "coordinates": [2.469675, 48.820675, 80.0]}, "properties": {"source_index": 3795, "ndvi": 0.41703049621613936, "observation_time": 0.0, "origin": "synthetic demonstration"}}, {"type": "Feature", "geometry": {"type": "Point", "coordinates": [2.4697, 48.820675, 80.0]}, "properties": {"source_index": 3796, "ndvi": 0.4020068872466698, "observation_time": 0.0, "origin": "synthetic demonstration"}}, {"type": "Feature", "geometry": {"type": "Point", "coordinates": [2.4697250000000004, 48.820675, 80.0]}, "properties": {"source_index": 3797, "ndvi": 0.37642551106102046, "observation_time": 0.0, "origin": "synthetic demonstration"}}, {"type": "Feature", "geometry": {"type": "Point", "coordinates": [2.4697500000000003, 48.820675, 80.0]}, "properties": {"source_index": 3798, "ndvi": 0.34293201665838063, "observation_time": 0.0, "origin": "synthetic demonstration"}}, {"type": "Feature", "geometry": {"type": "Point", "coordinates": [2.4697750000000003, 48.820675, 80.0]}, "properties": {"source_index": 3799, "ndvi": 0.30507130553444023, "observation_time": 0.0, "origin": "synthetic demonstration"}}, {"type": "Feature", "geometry": {"type": "Point", "coordinates": [2.4701000000000004, 48.820675, 80.0]}, "properties": {"source_index": 3812, "ndvi": 0.31411970328688643, "observation_time": 0.0, "origin": "synthetic demonstration"}}, {"type": "Feature", "geometry": {"type": "Point", "coordinates": [2.4701250000000003, 48.820675, 80.0]}, "properties": {"source_index": 3813, "ndvi": 0.3591614192128499, "observation_time": 0.0, "origin": "synthetic demonstration"}}, {"type": "Feature", "geometry": {"type": "Point", "coordinates": [2.4701500000000003, 48.820675, 80.0]}, "properties": {"source_index": 3814, "ndvi": 0.4056056741619805, "observation_time": 0.0, "origin": "synthetic demonstration"}}, {"type": "Feature", "geometry": {"type": "Point", "coordinates": [2.4701750000000002, 48.820675, 80.0]}, "properties": {"source_index": 3815, "ndvi": 0.4512653783825545, "observation_time": 0.0, "origin": "synthetic demonstration"}}, {"type": "Feature", "geometry": {"type": "Point", "coordinates": [2.4702, 48.820675, 80.0]}, "properties": {"source_index": 3816, "ndvi": 0.49366881138729046, "observation_time": 0.0, "origin": "synthetic demonstration"}}, {"type": "Feature", "geometry": {"type": "Point", "coordinates": [2.470225, 48.820675, 80.0]}, "properties": {"source_index": 3817, "ndvi": 0.5302148008893707, "observation_time": 0.0, "origin": "synthetic demonstration"}}, {"type": "Feature", "geometry": {"type": "Point", "coordinates": [2.47025, 48.820675, 80.0]}, "properties": {"source_index": 3818, "ndvi": 0.5584120245282972, "observation_time": 0.0, "origin": "synthetic demonstration"}}, {"type": "Feature", "geometry": {"type": "Point", "coordinates": [2.470275, 48.820675, 80.0]}, "properties": {"source_index": 3819, "ndvi": 0.5761736487108309, "observation_time": 0.0, "origin": "synthetic demonstration"}}, {"type": "Feature", "geometry": {"type": "Point", "coordinates": [2.4703000000000004, 48.820675, 80.0]}, "properties": {"source_index": 3820, "ndvi": 0.582109288557772, "observation_time": 0.0, "origin": "synthetic demonstration"}}, {"type": "Feature", "geometry": {"type": "Point", "coordinates": [2.4703250000000003, 48.820675, 80.0]}, "properties": {"source_index": 3821, "ndvi": 0.5757409878044024, "observation_time": 0.0, "origin": "synthetic demonstration"}}, {"type": "Feature", "geometry": {"type": "Point", "coordinates": [2.4703500000000003, 48.820675, 80.0]}, "properties": {"source_index": 3822, "ndvi": 0.5575812795997646, "observation_time": 0.0, "origin": "synthetic demonstration"}}, {"type": "Feature", "geometry": {"type": "Point", "coordinates": [2.470375, 48.820675, 80.0]}, "properties": {"source_index": 3823, "ndvi": 0.5290495533382, "observation_time": 0.0, "origin": "synthetic demonstration"}}, {"type": "Feature", "geometry": {"type": "Point", "coordinates": [2.4704, 48.820675, 80.0]}, "properties": {"source_index": 3824, "ndvi": 0.49225217267036503, "observation_time": 0.0, "origin": "synthetic demonstration"}}, {"type": "Feature", "geometry": {"type": "Point", "coordinates": [2.470425, 48.820675, 80.0]}, "properties": {"source_index": 3825, "ndvi": 0.4496891919115483, "observation_time": 0.0, "origin": "synthetic demonstration"}}, {"type": "Feature", "geometry": {"type": "Point", "coordinates": [2.47045, 48.820675, 80.0]}, "properties": {"source_index": 3826, "ndvi": 0.403960836734819, "observation_time": 0.0, "origin": "synthetic demonstration"}}, {"type": "Feature", "geometry": {"type": "Point", "coordinates": [2.470475, 48.820675, 80.0]}, "properties": {"source_index": 3827, "ndvi": 0.35753087398927513, "observation_time": 0.0, "origin": "synthetic demonstration"}}, {"type": "Feature", "geometry": {"type": "Point", "coordinates": [2.4705000000000004, 48.820675, 80.0]}, "properties": {"source_index": 3828, "ndvi": 0.31257456315979754, "observation_time": 0.0, "origin": "synthetic demonstration"}}, {"type": "Feature", "geometry": {"type": "Point", "coordinates": [2.4692000000000003, 48.8207, 80.0]}, "properties": {"source_index": 3840, "ndvi": 0.40238484027778043, "observation_time": 0.0, "origin": "synthetic demonstration"}}, {"type": "Feature", "geometry": {"type": "Point", "coordinates": [2.4692250000000002, 48.8207, 80.0]}, "properties": {"source_index": 3841, "ndvi": 0.3663627877392503, "observation_time": 0.0, "origin": "synthetic demonstration"}}, {"type": "Feature", "geometry": {"type": "Point", "coordinates": [2.46925, 48.8207, 80.0]}, "properties": {"source_index": 3842, "ndvi": 0.3327591191174943, "observation_time": 0.0, "origin": "synthetic demonstration"}}, {"type": "Feature", "geometry": {"type": "Point", "coordinates": [2.469275, 48.8207, 80.0]}, "properties": {"source_index": 3843, "ndvi": 0.3029698371237456, "observation_time": 0.0, "origin": "synthetic demonstration"}}, {"type": "Feature", "geometry": {"type": "Point", "coordinates": [2.4695, 48.8207, 80.0]}, "properties": {"source_index": 3852, "ndvi": 0.30036429014120075, "observation_time": 0.0, "origin": "synthetic demonstration"}}, {"type": "Feature", "geometry": {"type": "Point", "coordinates": [2.4695250000000004, 48.8207, 80.0]}, "properties": {"source_index": 3853, "ndvi": 0.32817304308055545, "observation_time": 0.0, "origin": "synthetic demonstration"}}, {"type": "Feature", "geometry": {"type": "Point", "coordinates": [2.4695500000000004, 48.8207, 80.0]}, "properties": {"source_index": 3854, "ndvi": 0.3580431776884816, "observation_time": 0.0, "origin": "synthetic demonstration"}}, {"type": "Feature", "geometry": {"type": "Point", "coordinates": [2.4695750000000003, 48.8207, 80.0]}, "properties": {"source_index": 3855, "ndvi": 0.38754778674781826, "observation_time": 0.0, "origin": "synthetic demonstration"}}, {"type": "Feature", "geometry": {"type": "Point", "coordinates": [2.4696000000000002, 48.8207, 80.0]}, "properties": {"source_index": 3856, "ndvi": 0.41375265569632563, "observation_time": 0.0, "origin": "synthetic demonstration"}}, {"type": "Feature", "geometry": {"type": "Point", "coordinates": [2.469625, 48.8207, 80.0]}, "properties": {"source_index": 3857, "ndvi": 0.43350298534531007, "observation_time": 0.0, "origin": "synthetic demonstration"}}, {"type": "Feature", "geometry": {"type": "Point", "coordinates": [2.46965, 48.8207, 80.0]}, "properties": {"source_index": 3858, "ndvi": 0.4439162559476597, "observation_time": 0.0, "origin": "synthetic demonstration"}}, {"type": "Feature", "geometry": {"type": "Point", "coordinates": [2.469675, 48.8207, 80.0]}, "properties": {"source_index": 3859, "ndvi": 0.4429902974719914, "observation_time": 0.0, "origin": "synthetic demonstration"}}, {"type": "Feature", "geometry": {"type": "Point", "coordinates": [2.4697, 48.8207, 80.0]}, "properties": {"source_index": 3860, "ndvi": 0.43012826380409386, "observation_time": 0.0, "origin": "synthetic demonstration"}}, {"type": "Feature", "geometry": {"type": "Point", "coordinates": [2.4697250000000004, 48.8207, 80.0]}, "properties": {"source_index": 3861, "ndvi": 0.40635686352057115, "observation_time": 0.0, "origin": "synthetic demonstration"}}, {"type": "Feature", "geometry": {"type": "Point", "coordinates": [2.4697500000000003, 48.8207, 80.0]}, "properties": {"source_index": 3862, "ndvi": 0.37412500160013135, "observation_time": 0.0, "origin": "synthetic demonstration"}}, {"type": "Feature", "geometry": {"type": "Point", "coordinates": [2.4697750000000003, 48.8207, 80.0]}, "properties": {"source_index": 3863, "ndvi": 0.33676307265751626, "observation_time": 0.0, "origin": "synthetic demonstration"}}, {"type": "Feature", "geometry": {"type": "Point", "coordinates": [2.4701000000000004, 48.8207, 80.0]}, "properties": {"source_index": 3876, "ndvi": 0.3041779535333076, "observation_time": 0.0, "origin": "synthetic demonstration"}}, {"type": "Feature", "geometry": {"type": "Point", "coordinates": [2.4701250000000003, 48.8207, 80.0]}, "properties": {"source_index": 3877, "ndvi": 0.3469384641490933, "observation_time": 0.0, "origin": "synthetic demonstration"}}, {"type": "Feature", "geometry": {"type": "Point", "coordinates": [2.4701500000000003, 48.8207, 80.0]}, "properties": {"source_index": 3878, "ndvi": 0.39168008762597767, "observation_time": 0.0, "origin": "synthetic demonstration"}}, {"type": "Feature", "geometry": {"type": "Point", "coordinates": [2.4701750000000002, 48.8207, 80.0]}, "properties": {"source_index": 3879, "ndvi": 0.4361992461263584, "observation_time": 0.0, "origin": "synthetic demonstration"}}, {"type": "Feature", "geometry": {"type": "Point", "coordinates": [2.4702, 48.8207, 80.0]}, "properties": {"source_index": 3880, "ndvi": 0.4779568288300356, "observation_time": 0.0, "origin": "synthetic demonstration"}}, {"type": "Feature", "geometry": {"type": "Point", "coordinates": [2.470225, 48.8207, 80.0]}, "properties": {"source_index": 3881, "ndvi": 0.5142361056759565, "observation_time": 0.0, "origin": "synthetic demonstration"}}, {"type": "Feature", "geometry": {"type": "Point", "coordinates": [2.47025, 48.8207, 80.0]}, "properties": {"source_index": 3882, "ndvi": 0.5423991664516188, "observation_time": 0.0, "origin": "synthetic demonstration"}}, {"type": "Feature", "geometry": {"type": "Point", "coordinates": [2.470275, 48.8207, 80.0]}, "properties": {"source_index": 3883, "ndvi": 0.5602127793725994, "observation_time": 0.0, "origin": "synthetic demonstration"}}, {"type": "Feature", "geometry": {"type": "Point", "coordinates": [2.4703000000000004, 48.8207, 80.0]}, "properties": {"source_index": 3884, "ndvi": 0.5661781593671434, "observation_time": 0.0, "origin": "synthetic demonstration"}}, {"type": "Feature", "geometry": {"type": "Point", "coordinates": [2.4703250000000003, 48.8207, 80.0]}, "properties": {"source_index": 3885, "ndvi": 0.5597781910718842, "observation_time": 0.0, "origin": "synthetic demonstration"}}, {"type": "Feature", "geometry": {"type": "Point", "coordinates": [2.4703500000000003, 48.8207, 80.0]}, "properties": {"source_index": 3886, "ndvi": 0.5415673626922483, "observation_time": 0.0, "origin": "synthetic demonstration"}}, {"type": "Feature", "geometry": {"type": "Point", "coordinates": [2.470375, 48.8207, 80.0]}, "properties": {"source_index": 3887, "ndvi": 0.5130754234138353, "observation_time": 0.0, "origin": "synthetic demonstration"}}, {"type": "Feature", "geometry": {"type": "Point", "coordinates": [2.4704, 48.8207, 80.0]}, "properties": {"source_index": 3888, "ndvi": 0.4765557825320841, "observation_time": 0.0, "origin": "synthetic demonstration"}}, {"type": "Feature", "geometry": {"type": "Point", "coordinates": [2.470425, 48.8207, 80.0]}, "properties": {"source_index": 3889, "ndvi": 0.43465444655499536, "observation_time": 0.0, "origin": "synthetic demonstration"}}, {"type": "Feature", "geometry": {"type": "Point", "coordinates": [2.47045, 48.8207, 80.0]}, "properties": {"source_index": 3890, "ndvi": 0.3900856944945967, "observation_time": 0.0, "origin": "synthetic demonstration"}}, {"type": "Feature", "geometry": {"type": "Point", "coordinates": [2.470475, 48.8207, 80.0]}, "properties": {"source_index": 3891, "ndvi": 0.3453788531145666, "observation_time": 0.0, "origin": "synthetic demonstration"}}, {"type": "Feature", "geometry": {"type": "Point", "coordinates": [2.4705000000000004, 48.8207, 80.0]}, "properties": {"source_index": 3892, "ndvi": 0.30272395846060585, "observation_time": 0.0, "origin": "synthetic demonstration"}}, {"type": "Feature", "geometry": {"type": "Point", "coordinates": [2.4692000000000003, 48.820725, 80.0]}, "properties": {"source_index": 3904, "ndvi": 0.3802265988126564, "observation_time": 0.0, "origin": "synthetic demonstration"}}, {"type": "Feature", "geometry": {"type": "Point", "coordinates": [2.4692250000000002, 48.820725, 80.0]}, "properties": {"source_index": 3905, "ndvi": 0.3437001346383201, "observation_time": 0.0, "origin": "synthetic demonstration"}}, {"type": "Feature", "geometry": {"type": "Point", "coordinates": [2.46925, 48.820725, 80.0]}, "properties": {"source_index": 3906, "ndvi": 0.3101341979011133, "observation_time": 0.0, "origin": "synthetic demonstration"}}, {"type": "Feature", "geometry": {"type": "Point", "coordinates": [2.4695, 48.820725, 80.0]}, "properties": {"source_index": 3916, "ndvi": 0.30433205042253286, "observation_time": 0.0, "origin": "synthetic demonstration"}}, {"type": "Feature", "geometry": {"type": "Point", "coordinates": [2.4695250000000004, 48.820725, 80.0]}, "properties": {"source_index": 3917, "ndvi": 0.3360074750441839, "observation_time": 0.0, "origin": "synthetic demonstration"}}, {"type": "Feature", "geometry": {"type": "Point", "coordinates": [2.4695500000000004, 48.820725, 80.0]}, "properties": {"source_index": 3918, "ndvi": 0.36952964308260394, "observation_time": 0.0, "origin": "synthetic demonstration"}}, {"type": "Feature", "geometry": {"type": "Point", "coordinates": [2.4695750000000003, 48.820725, 80.0]}, "properties": {"source_index": 3919, "ndvi": 0.4023666177196266, "observation_time": 0.0, "origin": "synthetic demonstration"}}, {"type": "Feature", "geometry": {"type": "Point", "coordinates": [2.4696000000000002, 48.820725, 80.0]}, "properties": {"source_index": 3920, "ndvi": 0.4315321445826018, "observation_time": 0.0, "origin": "synthetic demonstration"}}, {"type": "Feature", "geometry": {"type": "Point", "coordinates": [2.469625, 48.820725, 80.0]}, "properties": {"source_index": 3921, "ndvi": 0.45388769665481676, "observation_time": 0.0, "origin": "synthetic demonstration"}}, {"type": "Feature", "geometry": {"type": "Point", "coordinates": [2.46965, 48.820725, 80.0]}, "properties": {"source_index": 3922, "ndvi": 0.46662196068977807, "observation_time": 0.0, "origin": "synthetic demonstration"}}, {"type": "Feature", "geometry": {"type": "Point", "coordinates": [2.469675, 48.820725, 80.0]}, "properties": {"source_index": 3923, "ndvi": 0.46781092560744303, "observation_time": 0.0, "origin": "synthetic demonstration"}}, {"type": "Feature", "geometry": {"type": "Point", "coordinates": [2.4697, 48.820725, 80.0]}, "properties": {"source_index": 3924, "ndvi": 0.4568785619123539, "observation_time": 0.0, "origin": "synthetic demonstration"}}, {"type": "Feature", "geometry": {"type": "Point", "coordinates": [2.4697250000000004, 48.820725, 80.0]}, "properties": {"source_index": 3925, "ndvi": 0.434772199957449, "observation_time": 0.0, "origin": "synthetic demonstration"}}, {"type": "Feature", "geometry": {"type": "Point", "coordinates": [2.4697500000000003, 48.820725, 80.0]}, "properties": {"source_index": 3926, "ndvi": 0.403770020124512, "observation_time": 0.0, "origin": "synthetic demonstration"}}, {"type": "Feature", "geometry": {"type": "Point", "coordinates": [2.4697750000000003, 48.820725, 80.0]}, "properties": {"source_index": 3927, "ndvi": 0.3669975781578191, "observation_time": 0.0, "origin": "synthetic demonstration"}}, {"type": "Feature", "geometry": {"type": "Point", "coordinates": [2.4698, 48.820725, 80.0]}, "properties": {"source_index": 3928, "ndvi": 0.3278420436835865, "observation_time": 0.0, "origin": "synthetic demonstration"}}, {"type": "Feature", "geometry": {"type": "Point", "coordinates": [2.4701250000000003, 48.820725, 80.0]}, "properties": {"source_index": 3941, "ndvi": 0.3336266741885306, "observation_time": 0.0, "origin": "synthetic demonstration"}}, {"type": "Feature", "geometry": {"type": "Point", "coordinates": [2.4701500000000003, 48.820725, 80.0]}, "properties": {"source_index": 3942, "ndvi": 0.37637796851978494, "observation_time": 0.0, "origin": "synthetic demonstration"}}, {"type": "Feature", "geometry": {"type": "Point", "coordinates": [2.4701750000000002, 48.820725, 80.0]}, "properties": {"source_index": 3943, "ndvi": 0.41950648919954503, "observation_time": 0.0, "origin": "synthetic demonstration"}}, {"type": "Feature", "geometry": {"type": "Point", "coordinates": [2.4702, 48.820725, 80.0]}, "properties": {"source_index": 3944, "ndvi": 0.4604203181782582, "observation_time": 0.0, "origin": "synthetic demonstration"}}, {"type": "Feature", "geometry": {"type": "Point", "coordinates": [2.470225, 48.820725, 80.0]}, "properties": {"source_index": 3945, "ndvi": 0.496292415579014, "observation_time": 0.0, "origin": "synthetic demonstration"}}, {"type": "Feature", "geometry": {"type": "Point", "coordinates": [2.47025, 48.820725, 80.0]}, "properties": {"source_index": 3946, "ndvi": 0.5243338683527055, "observation_time": 0.0, "origin": "synthetic demonstration"}}, {"type": "Feature", "geometry": {"type": "Point", "coordinates": [2.470275, 48.820725, 80.0]}, "properties": {"source_index": 3947, "ndvi": 0.5421543936693688, "observation_time": 0.0, "origin": "synthetic demonstration"}}, {"type": "Feature", "geometry": {"type": "Point", "coordinates": [2.4703000000000004, 48.820725, 80.0]}, "properties": {"source_index": 3948, "ndvi": 0.5481362442162486, "observation_time": 0.0, "origin": "synthetic demonstration"}}, {"type": "Feature", "geometry": {"type": "Point", "coordinates": [2.4703250000000003, 48.820725, 80.0]}, "properties": {"source_index": 3949, "ndvi": 0.5417188808264239, "observation_time": 0.0, "origin": "synthetic demonstration"}}, {"type": "Feature", "geometry": {"type": "Point", "coordinates": [2.4703500000000003, 48.820725, 80.0]}, "properties": {"source_index": 3950, "ndvi": 0.5235033074469664, "observation_time": 0.0, "origin": "synthetic demonstration"}}, {"type": "Feature", "geometry": {"type": "Point", "coordinates": [2.470375, 48.820725, 80.0]}, "properties": {"source_index": 3951, "ndvi": 0.4951403162014885, "observation_time": 0.0, "origin": "synthetic demonstration"}}, {"type": "Feature", "geometry": {"type": "Point", "coordinates": [2.4704, 48.820725, 80.0]}, "properties": {"source_index": 3952, "ndvi": 0.45904089167274437, "observation_time": 0.0, "origin": "synthetic demonstration"}}, {"type": "Feature", "geometry": {"type": "Point", "coordinates": [2.470425, 48.820725, 80.0]}, "properties": {"source_index": 3953, "ndvi": 0.4180011013669928, "observation_time": 0.0, "origin": "synthetic demonstration"}}, {"type": "Feature", "geometry": {"type": "Point", "coordinates": [2.47045, 48.820725, 80.0]}, "properties": {"source_index": 3954, "ndvi": 0.3748436731565955, "observation_time": 0.0, "origin": "synthetic demonstration"}}, {"type": "Feature", "geometry": {"type": "Point", "coordinates": [2.470475, 48.820725, 80.0]}, "properties": {"source_index": 3955, "ndvi": 0.33214862426865327, "observation_time": 0.0, "origin": "synthetic demonstration"}}, {"type": "Feature", "geometry": {"type": "Point", "coordinates": [2.4692000000000003, 48.82075, 80.0]}, "properties": {"source_index": 3968, "ndvi": 0.3556274128316165, "observation_time": 0.0, "origin": "synthetic demonstration"}}, {"type": "Feature", "geometry": {"type": "Point", "coordinates": [2.4692250000000002, 48.82075, 80.0]}, "properties": {"source_index": 3969, "ndvi": 0.31860803046177383, "observation_time": 0.0, "origin": "synthetic demonstration"}}, {"type": "Feature", "geometry": {"type": "Point", "coordinates": [2.4695, 48.82075, 80.0]}, "properties": {"source_index": 3980, "ndvi": 0.30837052122887953, "observation_time": 0.0, "origin": "synthetic demonstration"}}, {"type": "Feature", "geometry": {"type": "Point", "coordinates": [2.4695250000000004, 48.82075, 80.0]}, "properties": {"source_index": 3981, "ndvi": 0.34388518391593903, "observation_time": 0.0, "origin": "synthetic demonstration"}}, {"type": "Feature", "geometry": {"type": "Point", "coordinates": [2.4695500000000004, 48.82075, 80.0]}, "properties": {"source_index": 3982, "ndvi": 0.38093443154335543, "observation_time": 0.0, "origin": "synthetic demonstration"}}, {"type": "Feature", "geometry": {"type": "Point", "coordinates": [2.4695750000000003, 48.82075, 80.0]}, "properties": {"source_index": 3983, "ndvi": 0.416893082127371, "observation_time": 0.0, "origin": "synthetic demonstration"}}, {"type": "Feature", "geometry": {"type": "Point", "coordinates": [2.4696000000000002, 48.82075, 80.0]}, "properties": {"source_index": 3984, "ndvi": 0.4487453074347414, "observation_time": 0.0, "origin": "synthetic demonstration"}}, {"type": "Feature", "geometry": {"type": "Point", "coordinates": [2.469625, 48.82075, 80.0]}, "properties": {"source_index": 3985, "ndvi": 0.47339780145501803, "observation_time": 0.0, "origin": "synthetic demonstration"}}, {"type": "Feature", "geometry": {"type": "Point", "coordinates": [2.46965, 48.82075, 80.0]}, "properties": {"source_index": 3986, "ndvi": 0.48814063130108853, "observation_time": 0.0, "origin": "synthetic demonstration"}}, {"type": "Feature", "geometry": {"type": "Point", "coordinates": [2.469675, 48.82075, 80.0]}, "properties": {"source_index": 3987, "ndvi": 0.4911564830279075, "observation_time": 0.0, "origin": "synthetic demonstration"}}, {"type": "Feature", "geometry": {"type": "Point", "coordinates": [2.4697, 48.82075, 80.0]}, "properties": {"source_index": 3988, "ndvi": 0.48191774854678476, "observation_time": 0.0, "origin": "synthetic demonstration"}}, {"type": "Feature", "geometry": {"type": "Point", "coordinates": [2.4697250000000004, 48.82075, 80.0]}, "properties": {"source_index": 3989, "ndvi": 0.46131998016774034, "observation_time": 0.0, "origin": "synthetic demonstration"}}, {"type": "Feature", "geometry": {"type": "Point", "coordinates": [2.4697500000000003, 48.82075, 80.0]}, "properties": {"source_index": 3990, "ndvi": 0.43149482751717455, "observation_time": 0.0, "origin": "synthetic demonstration"}}, {"type": "Feature", "geometry": {"type": "Point", "coordinates": [2.4697750000000003, 48.82075, 80.0]}, "properties": {"source_index": 3991, "ndvi": 0.39537608162445737, "observation_time": 0.0, "origin": "synthetic demonstration"}}, {"type": "Feature", "geometry": {"type": "Point", "coordinates": [2.4698, 48.82075, 80.0]}, "properties": {"source_index": 3992, "ndvi": 0.3561786528033886, "observation_time": 0.0, "origin": "synthetic demonstration"}}, {"type": "Feature", "geometry": {"type": "Point", "coordinates": [2.469825, 48.82075, 80.0]}, "properties": {"source_index": 3993, "ndvi": 0.3169485577826506, "observation_time": 0.0, "origin": "synthetic demonstration"}}, {"type": "Feature", "geometry": {"type": "Point", "coordinates": [2.4701250000000003, 48.82075, 80.0]}, "properties": {"source_index": 4005, "ndvi": 0.31934163178281594, "observation_time": 0.0, "origin": "synthetic demonstration"}}, {"type": "Feature", "geometry": {"type": "Point", "coordinates": [2.4701500000000003, 48.82075, 80.0]}, "properties": {"source_index": 4006, "ndvi": 0.3597971038595938, "observation_time": 0.0, "origin": "synthetic demonstration"}}, {"type": "Feature", "geometry": {"type": "Point", "coordinates": [2.4701750000000002, 48.82075, 80.0]}, "properties": {"source_index": 4007, "ndvi": 0.40125430618894103, "observation_time": 0.0, "origin": "synthetic demonstration"}}, {"type": "Feature", "geometry": {"type": "Point", "coordinates": [2.4702, 48.82075, 80.0]}, "properties": {"source_index": 4008, "ndvi": 0.44108955572321235, "observation_time": 0.0, "origin": "synthetic demonstration"}}, {"type": "Feature", "geometry": {"type": "Point", "coordinates": [2.470225, 48.82075, 80.0]}, "properties": {"source_index": 4009, "ndvi": 0.47637767384317187, "observation_time": 0.0, "origin": "synthetic demonstration"}}, {"type": "Feature", "geometry": {"type": "Point", "coordinates": [2.47025, 48.82075, 80.0]}, "properties": {"source_index": 4010, "ndvi": 0.504180292956649, "observation_time": 0.0, "origin": "synthetic demonstration"}}, {"type": "Feature", "geometry": {"type": "Point", "coordinates": [2.470275, 48.82075, 80.0]}, "properties": {"source_index": 4011, "ndvi": 0.5219434988255687, "observation_time": 0.0, "origin": "synthetic demonstration"}}, {"type": "Feature", "geometry": {"type": "Point", "coordinates": [2.4703000000000004, 48.82075, 80.0]}, "properties": {"source_index": 4012, "ndvi": 0.5279221229595735, "observation_time": 0.0, "origin": "synthetic demonstration"}}, {"type": "Feature", "geometry": {"type": "Point", "coordinates": [2.4703250000000003, 48.82075, 80.0]}, "properties": {"source_index": 4013, "ndvi": 0.5215085325692933, "observation_time": 0.0, "origin": "synthetic demonstration"}}, {"type": "Feature", "geometry": {"type": "Point", "coordinates": [2.4703500000000003, 48.82075, 80.0]}, "properties": {"source_index": 4014, "ndvi": 0.5033541674670066, "observation_time": 0.0, "origin": "synthetic demonstration"}}, {"type": "Feature", "geometry": {"type": "Point", "coordinates": [2.470375, 48.82075, 80.0]}, "properties": {"source_index": 4015, "ndvi": 0.47523937973913405, "observation_time": 0.0, "origin": "synthetic demonstration"}}, {"type": "Feature", "geometry": {"type": "Point", "coordinates": [2.4704, 48.82075, 80.0]}, "properties": {"source_index": 4016, "ndvi": 0.4397391131555397, "observation_time": 0.0, "origin": "synthetic demonstration"}}, {"type": "Feature", "geometry": {"type": "Point", "coordinates": [2.470425, 48.82075, 80.0]}, "properties": {"source_index": 4017, "ndvi": 0.3997975872514472, "observation_time": 0.0, "origin": "synthetic demonstration"}}, {"type": "Feature", "geometry": {"type": "Point", "coordinates": [2.47045, 48.82075, 80.0]}, "properties": {"source_index": 4018, "ndvi": 0.35833344231995734, "observation_time": 0.0, "origin": "synthetic demonstration"}}, {"type": "Feature", "geometry": {"type": "Point", "coordinates": [2.470475, 48.82075, 80.0]}, "properties": {"source_index": 4019, "ndvi": 0.31795609987367096, "observation_time": 0.0, "origin": "synthetic demonstration"}}, {"type": "Feature", "geometry": {"type": "Point", "coordinates": [2.470775, 48.82075, 80.0]}, "properties": {"source_index": 4031, "ndvi": 0.3183075257498014, "observation_time": 0.0, "origin": "synthetic demonstration"}}, {"type": "Feature", "geometry": {"type": "Point", "coordinates": [2.4692000000000003, 48.820775, 80.0]}, "properties": {"source_index": 4032, "ndvi": 0.32862997937528665, "observation_time": 0.0, "origin": "synthetic demonstration"}}, {"type": "Feature", "geometry": {"type": "Point", "coordinates": [2.4695, 48.820775, 80.0]}, "properties": {"source_index": 4044, "ndvi": 0.3124145511717205, "observation_time": 0.0, "origin": "synthetic demonstration"}}, {"type": "Feature", "geometry": {"type": "Point", "coordinates": [2.4695250000000004, 48.820775, 80.0]}, "properties": {"source_index": 4045, "ndvi": 0.3516781028716925, "observation_time": 0.0, "origin": "synthetic demonstration"}}, {"type": "Feature", "geometry": {"type": "Point", "coordinates": [2.4695500000000004, 48.820775, 80.0]}, "properties": {"source_index": 4046, "ndvi": 0.3920759559398694, "observation_time": 0.0, "origin": "synthetic demonstration"}}, {"type": "Feature", "geometry": {"type": "Point", "coordinates": [2.4695750000000003, 48.820775, 80.0]}, "properties": {"source_index": 4047, "ndvi": 0.4309076766281679, "observation_time": 0.0, "origin": "synthetic demonstration"}}, {"type": "Feature", "geometry": {"type": "Point", "coordinates": [2.4696000000000002, 48.820775, 80.0]}, "properties": {"source_index": 4048, "ndvi": 0.4651533501542316, "observation_time": 0.0, "origin": "synthetic demonstration"}}, {"type": "Feature", "geometry": {"type": "Point", "coordinates": [2.469625, 48.820775, 80.0]}, "properties": {"source_index": 4049, "ndvi": 0.4917924496895175, "observation_time": 0.0, "origin": "synthetic demonstration"}}, {"type": "Feature", "geometry": {"type": "Point", "coordinates": [2.46965, 48.820775, 80.0]}, "properties": {"source_index": 4050, "ndvi": 0.5082410592832362, "observation_time": 0.0, "origin": "synthetic demonstration"}}, {"type": "Feature", "geometry": {"type": "Point", "coordinates": [2.469675, 48.820775, 80.0]}, "properties": {"source_index": 4051, "ndvi": 0.5128090904832755, "observation_time": 0.0, "origin": "synthetic demonstration"}}, {"type": "Feature", "geometry": {"type": "Point", "coordinates": [2.4697, 48.820775, 80.0]}, "properties": {"source_index": 4052, "ndvi": 0.5050367442436161, "observation_time": 0.0, "origin": "synthetic demonstration"}}, {"type": "Feature", "geometry": {"type": "Point", "coordinates": [2.4697250000000004, 48.820775, 80.0]}, "properties": {"source_index": 4053, "ndvi": 0.4857891195132219, "observation_time": 0.0, "origin": "synthetic demonstration"}}, {"type": "Feature", "geometry": {"type": "Point", "coordinates": [2.4697500000000003, 48.820775, 80.0]}, "properties": {"source_index": 4054, "ndvi": 0.4570729656385974, "observation_time": 0.0, "origin": "synthetic demonstration"}}, {"type": "Feature", "geometry": {"type": "Point", "coordinates": [2.4697750000000003, 48.820775, 80.0]}, "properties": {"source_index": 4055, "ndvi": 0.4216455296363829, "observation_time": 0.0, "origin": "synthetic demonstration"}}, {"type": "Feature", "geometry": {"type": "Point", "coordinates": [2.4698, 48.820775, 80.0]}, "properties": {"source_index": 4056, "ndvi": 0.3825510917486374, "observation_time": 0.0, "origin": "synthetic demonstration"}}, {"type": "Feature", "geometry": {"type": "Point", "coordinates": [2.469825, 48.820775, 80.0]}, "properties": {"source_index": 4057, "ndvi": 0.3427166673873911, "observation_time": 0.0, "origin": "synthetic demonstration"}}, {"type": "Feature", "geometry": {"type": "Point", "coordinates": [2.46985, 48.820775, 80.0]}, "properties": {"source_index": 4058, "ndvi": 0.304683170066875, "observation_time": 0.0, "origin": "synthetic demonstration"}}, {"type": "Feature", "geometry": {"type": "Point", "coordinates": [2.4701250000000003, 48.820775, 80.0]}, "properties": {"source_index": 4069, "ndvi": 0.30423032016485985, "observation_time": 0.0, "origin": "synthetic demonstration"}}, {"type": "Feature", "geometry": {"type": "Point", "coordinates": [2.4701500000000003, 48.820775, 80.0]}, "properties": {"source_index": 4070, "ndvi": 0.3420741793180255, "observation_time": 0.0, "origin": "synthetic demonstration"}}, {"type": "Feature", "geometry": {"type": "Point", "coordinates": [2.4701750000000002, 48.820775, 80.0]}, "properties": {"source_index": 4071, "ndvi": 0.38155311036017914, "observation_time": 0.0, "origin": "synthetic demonstration"}}, {"type": "Feature", "geometry": {"type": "Point", "coordinates": [2.4702, 48.820775, 80.0]}, "properties": {"source_index": 4072, "ndvi": 0.42003893191509467, "observation_time": 0.0, "origin": "synthetic demonstration"}}, {"type": "Feature", "geometry": {"type": "Point", "coordinates": [2.470225, 48.820775, 80.0]}, "properties": {"source_index": 4073, "ndvi": 0.4545281873571749, "observation_time": 0.0, "origin": "synthetic demonstration"}}, {"type": "Feature", "geometry": {"type": "Point", "coordinates": [2.47025, 48.820775, 80.0]}, "properties": {"source_index": 4074, "ndvi": 0.4819420243572334, "observation_time": 0.0, "origin": "synthetic demonstration"}}, {"type": "Feature", "geometry": {"type": "Point", "coordinates": [2.470275, 48.820775, 80.0]}, "properties": {"source_index": 4075, "ndvi": 0.49956198179385375, "observation_time": 0.0, "origin": "synthetic demonstration"}}, {"type": "Feature", "geometry": {"type": "Point", "coordinates": [2.4703000000000004, 48.820775, 80.0]}, "properties": {"source_index": 4076, "ndvi": 0.5055102914443627, "observation_time": 0.0, "origin": "synthetic demonstration"}}, {"type": "Feature", "geometry": {"type": "Point", "coordinates": [2.4703250000000003, 48.820775, 80.0]}, "properties": {"source_index": 4077, "ndvi": 0.4991295695720779, "observation_time": 0.0, "origin": "synthetic demonstration"}}, {"type": "Feature", "geometry": {"type": "Point", "coordinates": [2.4703500000000003, 48.820775, 80.0]}, "properties": {"source_index": 4078, "ndvi": 0.4811245237957158, "observation_time": 0.0, "origin": "synthetic demonstration"}}, {"type": "Feature", "geometry": {"type": "Point", "coordinates": [2.470375, 48.820775, 80.0]}, "properties": {"source_index": 4079, "ndvi": 0.4534102177417308, "observation_time": 0.0, "origin": "synthetic demonstration"}}, {"type": "Feature", "geometry": {"type": "Point", "coordinates": [2.4704, 48.820775, 80.0]}, "properties": {"source_index": 4080, "ndvi": 0.4187261946925703, "observation_time": 0.0, "origin": "synthetic demonstration"}}, {"type": "Feature", "geometry": {"type": "Point", "coordinates": [2.470425, 48.820775, 80.0]}, "properties": {"source_index": 4081, "ndvi": 0.3801554569843094, "observation_time": 0.0, "origin": "synthetic demonstration"}}, {"type": "Feature", "geometry": {"type": "Point", "coordinates": [2.47045, 48.820775, 80.0]}, "properties": {"source_index": 4082, "ndvi": 0.3406923546105104, "observation_time": 0.0, "origin": "synthetic demonstration"}}, {"type": "Feature", "geometry": {"type": "Point", "coordinates": [2.470475, 48.820775, 80.0]}, "properties": {"source_index": 4083, "ndvi": 0.3029482817022522, "observation_time": 0.0, "origin": "synthetic demonstration"}}, {"type": "Feature", "geometry": {"type": "Point", "coordinates": [2.4707500000000002, 48.820775, 80.0]}, "properties": {"source_index": 4094, "ndvi": 0.30597475230701965, "observation_time": 0.0, "origin": "synthetic demonstration"}}, {"type": "Feature", "geometry": {"type": "Point", "coordinates": [2.470775, 48.820775, 80.0]}, "properties": {"source_index": 4095, "ndvi": 0.3441098502195147, "observation_time": 0.0, "origin": "synthetic demonstration"}}]}
