#usda 1.0
(
    customLayerData = {
        dictionary geospatialExport = {
            string interpolation = "USD linear interpolation of derived placement/matrix/coordinate samples; not equivalence to the original source-CRS path between samples"
            string representation = "experimental preserved ordinary USD content"
            double[] sampledTimeCodes = [0, 5, 10]
        }
        bool geospatialResolutionRequired = 1
    }
    doc = """Generated from Composed Stage of root layer C:\\git\\worktrees\\geospatial-openusd-delivery\\extras\\usd\\examples\\usdGeospatialBuild\\scenes\\city.usda
"""
    metersPerUnit = 1
    upAxis = "Z"
)

def Scope "CRS"
{
    def CoordinateReferenceSystem "Source"
    {
        uniform token crs:wkt = 'GEOGCRS["WGS 84",ENSEMBLE["World Geodetic System 1984 ensemble",MEMBER["World Geodetic System 1984 (Transit)"],MEMBER["World Geodetic System 1984 (G730)"],MEMBER["World Geodetic System 1984 (G873)"],MEMBER["World Geodetic System 1984 (G1150)"],MEMBER["World Geodetic System 1984 (G1674)"],MEMBER["World Geodetic System 1984 (G1762)"],MEMBER["World Geodetic System 1984 (G2139)"],MEMBER["World Geodetic System 1984 (G2296)"],ELLIPSOID["WGS 84",6378137,298.257223563,LENGTHUNIT["metre",1]],ENSEMBLEACCURACY[2]],PRIMEM["Greenwich",0,ANGLEUNIT["degree",0.0174532925199433]],CS[ELLIPSOIDAL,3],AXIS["geodetic latitude (Lat)",NORTH,ORDER[1],ANGLEUNIT["degree",0.0174532925199433]],AXIS["geodetic longitude (Lon)",EAST,ORDER[2],ANGLEUNIT["degree",0.0174532925199433]],AXIS["ellipsoidal height (h)",UP,ORDER[3],LENGTHUNIT["metre",1]],USAGE[SCOPE["Geodesy. Navigation and positioning using GPS satellite system."],AREA["World."],BBOX[-90,-180,90,180]],ID["EPSG",4979]]'
    }
}

def Scope "Image" (
    apiSchemas = ["GeospatialBindingAPI"]
    customData = {
        string origin = "Synthetic multispectral image; synthetic 80 m ellipsoidal sample height; NDVI demonstration, no real land-use claim"
    }
)
{
    rel crs:binding = </GeospatialExportCRS>
    rel crs:coordinateProperties = </Image.data:coordinates>
    custom double3[] data:coordinates
    double3[] data:coordinates.timeSamples = {
        0: [(461035.69082858914, 5407493.262439764, 80), (461037.52599072154, 5407493.249643898, 80), (461039.36115285486, 5407493.236848634, 80), (461041.19631498924, 5407493.2240539715, 80), (461043.03147712455, 5407493.211259912, 80), (461044.86663926084, 5407493.1984664565, 80), (461046.7018013981, 5407493.185673603, 80), (461048.53696353635, 5407493.172881353, 80), (461050.37212567555, 5407493.160089704, 80), (461052.2072878158, 5407493.147298658, 80), (461054.042449957, 5407493.134508216, 80), (461055.8776120991, 5407493.121718377, 80), (461057.7127742422, 5407493.1089291405, 80), (461059.54793638637, 5407493.096140505, 80), (461061.38309853146, 5407493.083352473, 80), (461063.21826067753, 5407493.070565044, 80), (461065.05342282454, 5407493.057778218, 80), (461066.88858497253, 5407493.044991993, 80), (461068.7237471215, 5407493.032206372, 80), (461070.5589092715, 5407493.019421355, 80), (461072.3940714224, 5407493.006636939, 80), (461074.2292335744, 5407492.993853126, 80), (461076.06439572724, 5407492.981069916, 80), (461077.8995578811, 5407492.968287308, 80), (461079.734720036, 5407492.955505303, 80), (461081.5698821918, 5407492.942723902, 80), (461083.40504434856, 5407492.929943102, 80), (461085.24020650634, 5407492.917162905, 80), (461087.0753686651, 5407492.904383311, 80), (461088.91053082485, 5407492.89160432, 80), (461090.74569298554, 5407492.878825932, 80), (461092.5808551472, 5407492.866048147, 80), (461094.4160173099, 5407492.853270964, 80), (461096.2511794735, 5407492.840494383, 80), (461098.08634163806, 5407492.827718406, 80), (461099.92150380363, 5407492.814943031, 80), (461101.75666597026, 5407492.802168259, 80), (461103.59182813775, 5407492.789394089, 80), (461105.42699030624, 5407492.776620522, 80), (461107.26215247577, 5407492.763847559, 80), (461109.0973146462, 5407492.751075197, 80), (461110.9324768176, 5407492.738303439, 80), (461112.76763898996, 5407492.725532282, 80), (461114.6028011634, 5407492.712761729, 80), (461116.43796333775, 5407492.6999917785, 80), (461118.2731255131, 5407492.6872224305, 80), (461120.1082876894, 5407492.674453685, 80), (461121.94344986667, 5407492.661685544, 80), (461123.77861204493, 5407492.648918003, 80), (461125.6137742241, 5407492.636151067, 80), (461127.4489364043, 5407492.623384734, 80), (461129.2840985855, 5407492.610619002, 80), (461131.1192607677, 5407492.597853873, 80), (461132.9544229508, 5407492.585089346, 80), (461134.7895851349, 5407492.572325423, 80), (461136.62474731996, 5407492.559562103, 80), (461138.459909506, 5407492.546799384, 80), (461140.295071693, 5407492.534037269, 80), (461142.13023388106, 5407492.521275757, 80), (461143.96539607004, 5407492.508514846, 80), (461145.80055826, 5407492.495754539, 80), (461147.6357204509, 5407492.482994836, 80), (461149.4708826428, 5407492.470235733, 80), (461151.30604483566, 5407492.457477235, 80), (461035.710206124, 5407496.041467846, 80), (461037.54536734364, 5407496.028671981, 80), (461039.38052856433, 5407496.015876718, 80), (461041.21568978595, 5407496.003082057, 80), (461043.05085100856, 5407495.990288001, 80), (461044.88601223216, 5407495.977494546, 80), (461046.72117345675, 5407495.9647016935, 80), (461048.5563346823, 5407495.951909444, 80), (461050.39149590884, 5407495.939117799, 80), (461052.22665713634, 5407495.926326754, 80), (461054.0618183648, 5407495.913536312, 80), (461055.89697959425, 5407495.900746474, 80), (461057.73214082466, 5407495.887957239, 80), (461059.5673020561, 5407495.875168605, 80), (461061.4024632885, 5407495.862380575, 80), (461063.23762452183, 5407495.849593147, 80), (461065.0727857562, 5407495.836806323, 80), (461066.9079469915, 5407495.8240201, 80), (461068.7431082278, 5407495.811234481, 80), (461070.57826946507, 5407495.798449463, 80), (461072.4134307033, 5407495.78566505, 80), (461074.24859194254, 5407495.77288124, 80), (461076.0837531827, 5407495.76009803, 80), (461077.9189144239, 5407495.747315424, 80), (461079.754075666, 5407495.73453342, 80), (461081.5892369092, 5407495.72175202, 80), (461083.42439815326, 5407495.708971223, 80), (461085.2595593983, 5407495.696191028, 80), (461087.09472064435, 5407495.683411435, 80), (461088.9298818914, 5407495.670632445, 80), (461090.7650431394, 5407495.657854058, 80), (461092.6002043884, 5407495.645076274, 80), (461094.43536563835, 5407495.632299093, 80), (461096.27052688925, 5407495.619522514, 80), (461098.10568814114, 5407495.606746538, 80), (461099.940849394, 5407495.593971165, 80), (461101.7760106479, 5407495.581196394, 80), (461103.61117190274, 5407495.568422226, 80), (461105.4463331585, 5407495.555648661, 80), (461107.2814944153, 5407495.542875698, 80), (461109.1166556731, 5407495.530103338, 80), (461110.9518169318, 5407495.517331581, 80), (461112.78697819146, 5407495.504560426, 80), (461114.62213945214, 5407495.491789876, 80), (461116.45730071387, 5407495.479019926, 80), (461118.29246197647, 5407495.46625058, 80), (461120.12762324006, 5407495.453481835, 80), (461121.96278450463, 5407495.440713695, 80), (461123.7979457702, 5407495.427946157, 80), (461125.6331070367, 5407495.41517922, 80), (461127.4682683042, 5407495.402412889, 80), (461129.30342957267, 5407495.389647158, 80), (461131.1385908422, 5407495.376882031, 80), (461132.9737521126, 5407495.364117506, 80), (461134.808913384, 5407495.351353585, 80), (461136.64407465636, 5407495.338590265, 80), (461138.4792359297, 5407495.325827548, 80), (461140.314397204, 5407495.313065435, 80), (461142.1495584793, 5407495.300303924, 80), (461143.9847197556, 5407495.287543016, 80), (461145.8198810329, 5407495.27478271, 80), (461147.6550423111, 5407495.262023007, 80), (461149.4902035903, 5407495.249263906, 80), (461151.3253648705, 5407495.236505409, 80), (461035.7295836663, 5407498.820495939, 80), (461037.56474397326, 5407498.807700075, 80), (461039.39990428125, 5407498.794904812, 80), (461041.2350645902, 5407498.782110155, 80), (461043.0702249001, 5407498.769316098, 80), (461044.905385211, 5407498.756522645, 80), (461046.7405455229, 5407498.743729795, 80), (461048.5757058357, 5407498.730937547, 80), (461050.4108661495, 5407498.718145902, 80), (461052.24602646433, 5407498.705354859, 80), (461054.0811867801, 5407498.69256442, 80), (461055.91634709685, 5407498.679774583, 80), (461057.75150741456, 5407498.666985349, 80), (461059.5866677333, 5407498.654196717, 80), (461061.421828053, 5407498.641408687, 80), (461063.2569883737, 5407498.6286212625, 80), (461065.0921486953, 5407498.615834438, 80), (461066.9273090179, 5407498.6030482175, 80), (461068.7624693415, 5407498.590262599, 80), (461070.59762966604, 5407498.577477585, 80), (461072.4327899916, 5407498.5646931715, 80), (461074.2679503182, 5407498.551909362, 80), (461076.10311064566, 5407498.539126156, 80), (461077.9382709741, 5407498.52634355, 80), (461079.77343130356, 5407498.513561549, 80), (461081.60859163397, 5407498.500780149, 80), (461083.44375196536, 5407498.487999354, 80), (461085.27891229774, 5407498.475219159, 80), (461087.11407263106, 5407498.462439568, 80), (461088.9492329654, 5407498.449660581, 80), (461090.78439330077, 5407498.436882195, 80), (461092.619553637, 5407498.424104411, 80), (461094.45471397426, 5407498.411327232, 80), (461096.28987431247, 5407498.398550656, 80), (461098.12503465166, 5407498.38577468, 80), (461099.96019499184, 5407498.372999309, 80), (461101.795355333, 5407498.3602245385, 80), (461103.6305156752, 5407498.347450373, 80), (461105.46567601827, 5407498.334676809, 80), (461107.30083636235, 5407498.321903847, 80), (461109.13599670737, 5407498.30913149, 80), (461110.9711570534, 5407498.296359734, 80), (461112.8063174004, 5407498.28358858, 80), (461114.6414777484, 5407498.27081803, 80), (461116.4766380974, 5407498.258048084, 80), (461118.3117984473, 5407498.2452787375, 80), (461120.14695879817, 5407498.232509995, 80), (461121.9821191501, 5407498.219741857, 80), (461123.8172795029, 5407498.206974319, 80), (461125.6524398567, 5407498.194207386, 80), (461127.4876002115, 5407498.181441054, 80), (461129.3227605673, 5407498.168675325, 80), (461131.15792092413, 5407498.1559101995, 80), (461132.99308128183, 5407498.143145677, 80), (461134.8282416405, 5407498.130381756, 80), (461136.6634020002, 5407498.117618439, 80), (461138.4985623609, 5407498.104855724, 80), (461140.3337227225, 5407498.092093612, 80), (461142.1688830851, 5407498.079332101, 80), (461144.00404344866, 5407498.066571195, 80), (461145.83920381323, 5407498.053810891, 80), (461147.67436417873, 5407498.041051189, 80), (461149.5095245452, 5407498.028292091, 80), (461151.3446849127, 5407498.015533594, 80), (461035.7489612161, 5407501.5995240435, 80), (461037.5841206104, 5407501.586728182, 80), (461039.4192800056, 5407501.5739329215, 80), (461041.25443940185, 5407501.561138265, 80), (461043.08959879907, 5407501.54834421, 80), (461044.9247581973, 5407501.535550758, 80), (461046.7599175965, 5407501.522757909, 80), (461048.5950769966, 5407501.509965662, 80), (461050.4302363977, 5407501.497174018, 80), (461052.2653957998, 5407501.484382978, 80), (461054.1005552029, 5407501.47159254, 80), (461055.93571460695, 5407501.458802705, 80), (461057.77087401197, 5407501.446013472, 80), (461059.60603341804, 5407501.433224841, 80), (461061.44119282503, 5407501.4204368135, 80), (461063.27635223296, 5407501.40764939, 80), (461065.1115116419, 5407501.394862568, 80), (461066.9466710518, 5407501.382076348, 80), (461068.78183046274, 5407501.369290731, 80), (461070.6169898746, 5407501.356505718, 80), (461072.4521492874, 5407501.343721308, 80), (461074.28730870126, 5407501.330937499, 80), (461076.12246811605, 5407501.318154293, 80), (461077.95762753184, 5407501.305371691, 80), (461079.79278694856, 5407501.29258969, 80), (461081.62794636626, 5407501.279808292, 80), (461083.46310578496, 5407501.267027497, 80), (461085.29826520465, 5407501.254247306, 80), (461087.13342462527, 5407501.241467715, 80), (461088.96858404693, 5407501.228688729, 80), (461090.8037434695, 5407501.215910344, 80), (461092.6389028931, 5407501.203132563, 80), (461094.47406231763, 5407501.190355386, 80), (461096.30922174314, 5407501.177578809, 80), (461098.14438116964, 5407501.164802836, 80), (461099.9795405972, 5407501.152027465, 80), (461101.8147000256, 5407501.139252699, 80), (461103.64985945506, 5407501.126478533, 80), (461105.48501888546, 5407501.113704971, 80), (461107.32017831685, 5407501.10093201, 80), (461109.15533774917, 5407501.088159654, 80), (461110.99049718253, 5407501.075387901, 80), (461112.8256566168, 5407501.062616748, 80), (461114.6608160521, 5407501.049846199, 80), (461116.4959754884, 5407501.037076254, 80), (461118.3311349256, 5407501.024306909, 80), (461120.1662943638, 5407501.011538169, 80), (461122.001453803, 5407500.998770031, 80), (461123.83661324315, 5407500.986002496, 80), (461125.67177268426, 5407500.973235563, 80), (461127.50693212636, 5407500.960469234, 80), (461129.34209156944, 5407500.947703506, 80), (461131.1772510135, 5407500.934938383, 80), (461133.0124104585, 5407500.92217386, 80), (461134.8475699045, 5407500.909409942, 80), (461136.6827293515, 5407500.896646625, 80), (461138.5178887995, 5407500.883883912, 80), (461140.3530482484, 5407500.871121801, 80), (461142.1882076983, 5407500.858360293, 80), (461144.0233671492, 5407500.845599388, 80), (461145.85852660105, 5407500.832839085, 80), (461147.69368605386, 5407500.820079385, 80), (461149.52884550765, 5407500.807320288, 80), (461151.36400496244, 5407500.794561793, 80), (461035.76833877334, 5407504.37855216, 80), (461037.60349725495, 5407504.365756299, 80), (461039.4386557375, 5407504.352961041, 80), (461041.27381422103, 5407504.340166385, 80), (461043.10897270555, 5407504.327372331, 80), (461044.94413119106, 5407504.314578882, 80), (461046.7792896775, 5407504.301786034, 80), (461048.61444816494, 5407504.28899379, 80), (461050.4496066534, 5407504.276202148, 80), (461052.28476514283, 5407504.2634111075, 80), (461054.1199236332, 5407504.250620672, 80), (461055.9550821245, 5407504.237830837, 80), (461057.7902406168, 5407504.2250416055, 80), (461059.6253991102, 5407504.212252976, 80), (461061.46055760444, 5407504.199464952, 80), (461063.29571609973, 5407504.186677529, 80), (461065.13087459595, 5407504.173890707, 80), (461066.96603309317, 5407504.161104489, 80), (461068.80119159137, 5407504.148318875, 80), (461070.6363500905, 5407504.135533863, 80), (461072.4715085907, 5407504.1227494525, 80), (461074.30666709185, 5407504.109965646, 80), (461076.1418255939, 5407504.0971824415, 80), (461077.976984097, 5407504.084399841, 80), (461079.812142601, 5407504.071617842, 80), (461081.647301106, 5407504.058836446, 80), (461083.482459612, 5407504.046055652, 80), (461085.317618119, 5407504.033275461, 80), (461087.1527766269, 5407504.020495874, 80), (461088.98793513584, 5407504.007716889, 80), (461090.8230936458, 5407503.994938506, 80), (461092.6582521567, 5407503.982160726, 80), (461094.4934106685, 5407503.969383549, 80), (461096.3285691813, 5407503.956606975, 80), (461098.1637276951, 5407503.943831002, 80), (461099.9988862099, 5407503.931055633, 80), (461101.8340447257, 5407503.918280868, 80), (461103.6692032424, 5407503.905506704, 80), (461105.5043617601, 5407503.892733144, 80), (461107.3395202788, 5407503.879960185, 80), (461109.1746787985, 5407503.86718783, 80), (461111.0098373191, 5407503.854416076, 80), (461112.8449958407, 5407503.841644927, 80), (461114.6801543633, 5407503.828874379, 80), (461116.51531288686, 5407503.816104435, 80), (461118.35047141137, 5407503.803335093, 80), (461120.18562993687, 5407503.790566354, 80), (461122.02078846336, 5407503.777798217, 80), (461123.8559469908, 5407503.765030684, 80), (461125.6911055192, 5407503.752263752, 80), (461127.52626404865, 5407503.739497424, 80), (461129.361422579, 5407503.726731699, 80), (461131.19658111036, 5407503.713966576, 80), (461133.0317396427, 5407503.701202055, 80), (461134.866898176, 5407503.688438138, 80), (461136.70205671026, 5407503.675674823, 80), (461138.53721524554, 5407503.662912111, 80), (461140.37237378175, 5407503.650150002, 80), (461142.20753231895, 5407503.637388496, 80), (461144.04269085714, 5407503.624627591, 80), (461145.8778493963, 5407503.61186729, 80), (461147.7130079364, 5407503.599107591, 80), (461149.5481664775, 5407503.586348495, 80), (461151.3833250196, 5407503.573590003, 80), (461035.7877163381, 5407507.157580291, 80), (461037.622873907, 5407507.144784431, 80), (461039.4580314768, 5407507.131989174, 80), (461041.29318904766, 5407507.119194519, 80), (461043.1283466195, 5407507.106400468, 80), (461044.9635041923, 5407507.093607019, 80), (461046.7986617661, 5407507.0808141725, 80), (461048.63381934084, 5407507.06802193, 80), (461050.4689769165, 5407507.055230289, 80), (461052.3041344932, 5407507.04243925, 80), (461054.13929207093, 5407507.029648816, 80), (461055.97444964957, 5407507.016858983, 80), (461057.8096072292, 5407507.004069753, 80), (461059.64476480987, 5407506.991281127, 80), (461061.4799223914, 5407506.978493102, 80), (461063.315079974, 5407506.96570568, 80), (461065.1502375575, 5407506.952918861, 80), (461066.98539514205, 5407506.940132645, 80), (461068.8205527275, 5407506.927347031, 80), (461070.655710314, 5407506.91456202, 80), (461072.4908679014, 5407506.901777611, 80), (461074.3260254899, 5407506.888993806, 80), (461076.16118307924, 5407506.876210604, 80), (461077.99634066963, 5407506.863428004, 80), (461079.83149826096, 5407506.850646007, 80), (461081.6666558533, 5407506.837864612, 80), (461083.5018134466, 5407506.82508382, 80), (461085.3369710408, 5407506.812303631, 80), (461087.1721286361, 5407506.799524045, 80), (461089.0072862323, 5407506.78674506, 80), (461090.8424438295, 5407506.773966679, 80), (461092.6776014277, 5407506.761188901, 80), (461094.51275902684, 5407506.748411726, 80), (461096.34791662695, 5407506.735635153, 80), (461098.18307422806, 5407506.722859183, 80), (461100.01823183015, 5407506.710083815, 80), (461101.85338943324, 5407506.69730905, 80), (461103.68854703725, 5407506.684534888, 80), (461105.52370464226, 5407506.671761328, 80), (461107.35886224825, 5407506.658988372, 80), (461109.1940198552, 5407506.646216018, 80), (461111.0291774631, 5407506.633444266, 80), (461112.864335072, 5407506.620673118, 80), (461114.6994926819, 5407506.6079025725, 80), (461116.5346502928, 5407506.595132628, 80), (461118.3698079046, 5407506.582363289, 80), (461120.2049655174, 5407506.569594552, 80), (461122.0401231312, 5407506.556826416, 80), (461123.8752807459, 5407506.544058884, 80), (461125.7104383616, 5407506.531291954, 80), (461127.5455959784, 5407506.518525627, 80), (461129.380753596, 5407506.505759904, 80), (461131.2159112147, 5407506.4929947825, 80), (461133.0510688343, 5407506.4802302625, 80), (461134.8862264549, 5407506.467466348, 80), (461136.7213840765, 5407506.454703035, 80), (461138.5565416991, 5407506.441940323, 80), (461140.3916993226, 5407506.429178216, 80), (461142.22685694706, 5407506.41641671, 80), (461144.06201457256, 5407506.4036558075, 80), (461145.89717219904, 5407506.390895508, 80), (461147.73232982645, 5407506.378135812, 80), (461149.56748745486, 5407506.3653767165, 80), (461151.4026450842, 5407506.352618225, 80), (461035.80709391035, 5407509.936608432, 80), (461037.6422505665, 5407509.923812573, 80), (461039.47740722366, 5407509.911017318, 80), (461041.3125638818, 5407509.898222665, 80), (461043.14772054093, 5407509.885428615, 80), (461044.98287720105, 5407509.872635167, 80), (461046.8180338621, 5407509.859842323, 80), (461048.65319052414, 5407509.847050082, 80), (461050.4883471872, 5407509.834258442, 80), (461052.3235038512, 5407509.821467404, 80), (461054.15866051614, 5407509.808676971, 80), (461055.9938171821, 5407509.795887141, 80), (461057.828973849, 5407509.783097913, 80), (461059.664130517, 5407509.770309286, 80), (461061.49928718584, 5407509.757521264, 80), (461063.3344438557, 5407509.744733843, 80), (461065.1696005265, 5407509.731947025, 80), (461067.00475719833, 5407509.719160811, 80), (461068.83991387114, 5407509.706375198, 80), (461070.6750705449, 5407509.693590189, 80), (461072.5102272196, 5407509.680805782, 80), (461074.3453838954, 5407509.668021979, 80), (461076.18054057204, 5407509.655238777, 80), (461078.01569724974, 5407509.642456178, 80), (461079.85085392836, 5407509.629674183, 80), (461081.686010608, 5407509.61689279, 80), (461083.5211672886, 5407509.604111998, 80), (461085.35632397013, 5407509.591331812, 80), (461087.19148065266, 5407509.578552227, 80), (461089.02663733624, 5407509.565773244, 80), (461090.86179402075, 5407509.552994865, 80), (461092.6969507062, 5407509.540217088, 80), (461094.5321073927, 5407509.527439914, 80), (461096.3672640801, 5407509.514663342, 80), (461098.20242076844, 5407509.501887374, 80), (461100.03757745784, 5407509.489112008, 80), (461101.87273414823, 5407509.476337244, 80), (461103.70789083955, 5407509.463563084, 80), (461105.54304753186, 5407509.450789526, 80), (461107.37820422516, 5407509.438016571, 80), (461109.2133609194, 5407509.425244219, 80), (461111.0485176146, 5407509.412472469, 80), (461112.8836743108, 5407509.3997013215, 80), (461114.718831008, 5407509.386930777, 80), (461116.5539877062, 5407509.3741608355, 80), (461118.38914440526, 5407509.361391497, 80), (461120.22430110537, 5407509.348622761, 80), (461122.05945780646, 5407509.335854627, 80), (461123.89461450855, 5407509.323087096, 80), (461125.72977121157, 5407509.310320168, 80), (461127.5649279155, 5407509.297553842, 80), (461129.4000846205, 5407509.28478812, 80), (461131.2352413265, 5407509.272023, 80), (461133.0703980334, 5407509.259258483, 80), (461134.90555474133, 5407509.246494568, 80), (461136.7407114502, 5407509.233731256, 80), (461138.57586816006, 5407509.220968547, 80), (461140.4110248709, 5407509.20820644, 80), (461142.2461815827, 5407509.195444937, 80), (461144.0813382955, 5407509.182684037, 80), (461145.9164950092, 5407509.169923739, 80), (461147.7516517239, 5407509.157164043, 80), (461149.58680843964, 5407509.14440495, 80), (461151.4219651563, 5407509.13164646, 80), (461035.8264714901, 5407512.715636584, 80), (461037.66162723355, 5407512.702840727, 80), (461039.49678297795, 5407512.690045474, 80), (461041.3319387234, 5407512.677250822, 80), (461043.1670944698, 5407512.664456774, 80), (461045.00225021725, 5407512.6516633285, 80), (461046.8374059656, 5407512.638870484, 80), (461048.67256171495, 5407512.626078243, 80), (461050.5077174653, 5407512.613286606, 80), (461052.3428732166, 5407512.600495571, 80), (461054.17802896886, 5407512.587705139, 80), (461056.0131847221, 5407512.5749153085, 80), (461057.84834047634, 5407512.562126082, 80), (461059.68349623156, 5407512.549337458, 80), (461061.5186519877, 5407512.536549437, 80), (461063.3538077449, 5407512.5237620175, 80), (461065.188963503, 5407512.510975202, 80), (461067.0241192621, 5407512.498188989, 80), (461068.85927502223, 5407512.485403378, 80), (461070.6944307833, 5407512.472618369, 80), (461072.5295865453, 5407512.459833965, 80), (461074.3647423084, 5407512.447050163, 80), (461076.19989807234, 5407512.434266963, 80), (461078.0350538373, 5407512.421484366, 80), (461079.8702096032, 5407512.408702371, 80), (461081.70536537014, 5407512.395920979, 80), (461083.54052113806, 5407512.38314019, 80), (461085.3756769069, 5407512.370360004, 80), (461087.21083267673, 5407512.357580421, 80), (461089.0459884476, 5407512.34480144, 80), (461090.8811442194, 5407512.332023062, 80), (461092.7162999922, 5407512.319245286, 80), (461094.5514557659, 5407512.306468114, 80), (461096.3866115406, 5407512.293691544, 80), (461098.22176731634, 5407512.280915577, 80), (461100.05692309304, 5407512.268140212, 80), (461101.8920788707, 5407512.255365451, 80), (461103.7272346493, 5407512.242591291, 80), (461105.5623904289, 5407512.229817735, 80), (461107.3975462095, 5407512.217044781, 80), (461109.23270199104, 5407512.204272431, 80), (461111.06785777357, 5407512.191500681, 80), (461112.9030135571, 5407512.178729536, 80), (461114.7381693416, 5407512.165958993, 80), (461116.573325127, 5407512.153189054, 80), (461118.40848091344, 5407512.140419715, 80), (461120.24363670085, 5407512.127650981, 80), (461122.07879248925, 5407512.114882849, 80), (461123.9139482786, 5407512.10211532, 80), (461125.7491040689, 5407512.0893483935, 80), (461127.5842598602, 5407512.076582069, 80), (461129.41941565246, 5407512.063816348, 80), (461131.25457144575, 5407512.051051228, 80), (461133.08972724, 5407512.038286713, 80), (461134.9248830352, 5407512.025522801, 80), (461136.76003883133, 5407512.012759491, 80), (461138.5951946285, 5407511.999996782, 80), (461140.43035042664, 5407511.987234678, 80), (461142.2655062257, 5407511.974473176, 80), (461144.1006620258, 5407511.961712276, 80), (461145.9358178269, 5407511.948951979, 80), (461147.77097362885, 5407511.936192285, 80), (461149.60612943186, 5407511.923433194, 80), (461151.44128523587, 5407511.910674705, 80), (461035.8458490773, 5407515.49466475, 80), (461037.68100390804, 5407515.481868895, 80), (461039.5161587398, 5407515.469073642, 80), (461041.3513135725, 5407515.456278992, 80), (461043.18646840623, 5407515.443484945, 80), (461045.0216232409, 5407515.430691501, 80), (461046.8567780766, 5407515.417898659, 80), (461048.69193291327, 5407515.405106421, 80), (461050.52708775084, 5407515.392314783, 80), (461052.3622425895, 5407515.37952375, 80), (461054.19739742903, 5407515.36673332, 80), (461056.0325522696, 5407515.353943491, 80), (461057.86770711106, 5407515.341154267, 80), (461059.70286195364, 5407515.3283656435, 80), (461061.5380167971, 5407515.315577623, 80), (461063.37317164155, 5407515.302790207, 80), (461065.208326487, 5407515.290003392, 80), (461067.0434813334, 5407515.27721718, 80), (461068.8786361808, 5407515.264431571, 80), (461070.7137910291, 5407515.251646563, 80), (461072.54894587846, 5407515.23886216, 80), (461074.38410072884, 5407515.226078359, 80), (461076.2192555801, 5407515.213295162, 80), (461078.05441043235, 5407515.200512566, 80), (461079.8895652856, 5407515.187730573, 80), (461081.7247201398, 5407515.174949183, 80), (461083.55987499503, 5407515.162168395, 80), (461085.3950298512, 5407515.149388211, 80), (461087.2301847083, 5407515.136608629, 80), (461089.06533956644, 5407515.123829649, 80), (461090.90049442556, 5407515.111051273, 80), (461092.73564928566, 5407515.098273498, 80), (461094.5708041467, 5407515.085496327, 80), (461096.40595900867, 5407515.072719758, 80), (461098.2411138717, 5407515.059943792, 80), (461100.0762687357, 5407515.04716843, 80), (461101.9114236006, 5407515.034393669, 80), (461103.74657846655, 5407515.021619512, 80), (461105.58173333347, 5407515.008845957, 80), (461107.4168882014, 5407514.996073005, 80), (461109.2520430702, 5407514.983300655, 80), (461111.08719794, 5407514.970528909, 80), (461112.9223528108, 5407514.957757764, 80), (461114.7575076826, 5407514.944987223, 80), (461116.5926625554, 5407514.932217285, 80), (461118.42781742907, 5407514.919447947, 80), (461120.2629723038, 5407514.906679214, 80), (461122.0981271795, 5407514.893911085, 80), (461123.9332820561, 5407514.881143556, 80), (461125.76843693375, 5407514.868376631, 80), (461127.6035918123, 5407514.855610308, 80), (461129.4387466919, 5407514.842844589, 80), (461131.2739015725, 5407514.830079472, 80), (461133.10905645404, 5407514.817314958, 80), (461134.9442113365, 5407514.804551046, 80), (461136.77936621994, 5407514.791787737, 80), (461138.61452110443, 5407514.779025031, 80), (461140.44967598986, 5407514.766262928, 80), (461142.2848308762, 5407514.753501427, 80), (461144.1199857636, 5407514.740740529, 80), (461145.95514065196, 5407514.727980234, 80), (461147.7902955413, 5407514.715220541, 80), (461149.6254504316, 5407514.702461451, 80), (461151.46060532285, 5407514.689702963, 80), (461035.8652266719, 5407518.273692926, 80), (461037.70038059, 5407518.260897073, 80), (461039.53553450905, 5407518.248101822, 80), (461041.3706884291, 5407518.235307174, 80), (461043.2058423501, 5407518.222513128, 80), (461045.04099627206, 5407518.209719685, 80), (461046.8761501951, 5407518.196926844, 80), (461048.711304119, 5407518.184134606, 80), (461050.5464580439, 5407518.171342973, 80), (461052.38161196985, 5407518.158551941, 80), (461054.2167658967, 5407518.14576151, 80), (461056.05191982456, 5407518.132971684, 80), (461057.88707375334, 5407518.120182461, 80), (461059.7222276832, 5407518.107393839, 80), (461061.55738161394, 5407518.09460582, 80), (461063.3925355457, 5407518.081818406, 80), (461065.22768947843, 5407518.069031592, 80), (461067.06284341216, 5407518.056245382, 80), (461068.8979973468, 5407518.043459774, 80), (461070.7331512825, 5407518.030674769, 80), (461072.5683052191, 5407518.017890366, 80), (461074.40345915675, 5407518.0051065665, 80), (461076.23861309537, 5407517.992323371, 80), (461078.07376703486, 5407517.9795407755, 80), (461079.9089209754, 5407517.966758784, 80), (461081.74407491693, 5407517.953977397, 80), (461083.57922885945, 5407517.94119661, 80), (461085.4143828029, 5407517.928416426, 80), (461087.24953674735, 5407517.915636847, 80), (461089.0846906928, 5407517.902857868, 80), (461090.9198446392, 5407517.890079493, 80), (461092.75499858655, 5407517.87730172, 80), (461094.5901525349, 5407517.864524552, 80), (461096.4253064842, 5407517.851747983, 80), (461098.2604604345, 5407517.83897202, 80), (461100.0956143858, 5407517.8261966575, 80), (461101.9307683381, 5407517.813421899, 80), (461103.76592229126, 5407517.800647744, 80), (461105.6010762454, 5407517.78787419, 80), (461107.43623020063, 5407517.775101239, 80), (461109.2713841568, 5407517.762328892, 80), (461111.1065381139, 5407517.749557146, 80), (461112.94169207197, 5407517.736786003, 80), (461114.7768460311, 5407517.724015463, 80), (461116.6119999912, 5407517.711245527, 80), (461118.44715395215, 5407517.698476192, 80), (461120.28230791417, 5407517.68570746, 80), (461122.1174618772, 5407517.67293933, 80), (461123.9526158411, 5407517.660171804, 80), (461125.787769806, 5407517.647404881, 80), (461127.6229237719, 5407517.634638559, 80), (461129.45807773876, 5407517.621872841, 80), (461131.29323170666, 5407517.609107726, 80), (461133.1283856755, 5407517.596343213, 80), (461134.96353964525, 5407517.583579303, 80), (461136.79869361606, 5407517.570815995, 80), (461138.6338475878, 5407517.5580532905, 80), (461140.46900156053, 5407517.545291189, 80), (461142.3041555342, 5407517.532529689, 80), (461144.1393095089, 5407517.519768792, 80), (461145.97446348454, 5407517.5070084995, 80), (461147.8096174612, 5407517.494248807, 80), (461149.64477143873, 5407517.481489719, 80), (461151.4799254173, 5407517.468731234, 80), (461035.88460427406, 5407521.052721116, 80), (461037.71975727944, 5407521.039925264, 80), (461039.5549102858, 5407521.027130013, 80), (461041.3900632931, 5407521.014335367, 80), (461043.2252163014, 5407521.001541323, 80), (461045.0603693107, 5407520.988747881, 80), (461046.895522321, 5407520.975955043, 80), (461048.73067533225, 5407520.963162808, 80), (461050.56582834444, 5407520.950371174, 80), (461052.40098135767, 5407520.937580142, 80), (461054.23613437184, 5407520.924789716, 80), (461056.07128738693, 5407520.911999891, 80), (461057.9064404031, 5407520.899210668, 80), (461059.7415934202, 5407520.886422047, 80), (461061.5767464383, 5407520.873634031, 80), (461063.41189945734, 5407520.860846616, 80), (461065.2470524773, 5407520.848059805, 80), (461067.08220549836, 5407520.8352735955, 80), (461068.9173585203, 5407520.82248799, 80), (461070.7525115433, 5407520.809702987, 80), (461072.5876645672, 5407520.796918586, 80), (461074.42281759216, 5407520.7841347875, 80), (461076.2579706181, 5407520.771351593, 80), (461078.0931236449, 5407520.758568999, 80), (461079.9282766727, 5407520.74578701, 80), (461081.76342970156, 5407520.733005623, 80), (461083.5985827313, 5407520.720224838, 80), (461085.4337357621, 5407520.707444656, 80), (461087.2688887938, 5407520.694665077, 80), (461089.10404182656, 5407520.681886101, 80), (461090.9391948603, 5407520.669107728, 80), (461092.77434789494, 5407520.656329956, 80), (461094.6095009306, 5407520.6435527885, 80), (461096.44465396716, 5407520.630776222, 80), (461098.2798070048, 5407520.618000259, 80), (461100.11496004334, 5407520.6052249, 80), (461101.95011308294, 5407520.592450142, 80), (461103.7852661234, 5407520.579675988, 80), (461105.62041916494, 5407520.566902435, 80), (461107.4555722074, 5407520.554129486, 80), (461109.29072525084, 5407520.541357139, 80), (461111.1258782953, 5407520.528585396, 80), (461112.96103134064, 5407520.515814253, 80), (461114.79618438706, 5407520.503043716, 80), (461116.6313374344, 5407520.49027378, 80), (461118.46649048274, 5407520.477504447, 80), (461120.301643532, 5407520.464735717, 80), (461122.1367965823, 5407520.45196759, 80), (461123.97194963356, 5407520.439200064, 80), (461125.8071026858, 5407520.426433142, 80), (461127.64225573896, 5407520.413666822, 80), (461129.4774087931, 5407520.400901105, 80), (461131.3125618483, 5407520.388135991, 80), (461133.14771490445, 5407520.37537148, 80), (461134.9828679615, 5407520.362607572, 80), (461136.8180210196, 5407520.349844266, 80), (461138.6531740786, 5407520.337081564, 80), (461140.48832713865, 5407520.324319462, 80), (461142.3234801996, 5407520.311557964, 80), (461144.1586332616, 5407520.29879707, 80), (461145.9937863246, 5407520.286036777, 80), (461147.8289393885, 5407520.273277088, 80), (461149.6640924534, 5407520.260518, 80), (461151.4992455192, 5407520.247759516, 80), (461035.9039818837, 5407523.831749315, 80), (461037.7391339764, 5407523.818953467, 80), (461039.57428607, 5407523.806158218, 80), (461041.4094381647, 5407523.793363572, 80), (461043.24459026026, 5407523.780569528, 80), (461045.07974235684, 5407523.76777609, 80), (461046.9148944544, 5407523.754983252, 80), (461048.750046553, 5407523.742191018, 80), (461050.58519865246, 5407523.729399386, 80), (461052.420350753, 5407523.716608357, 80), (461054.2555028545, 5407523.70381793, 80), (461056.0906549569, 5407523.691028107, 80), (461057.92580706027, 5407523.6782388855, 80), (461059.7609591647, 5407523.6654502675, 80), (461061.5961112701, 5407523.652662252, 80), (461063.43126337643, 5407523.639874838, 80), (461065.2664154837, 5407523.627088029, 80), (461067.10156759206, 5407523.614301821, 80), (461068.93671970133, 5407523.601516216, 80), (461070.7718718116, 5407523.588731214, 80), (461072.6070239228, 5407523.575946815, 80), (461074.442176035, 5407523.563163019, 80), (461076.2773281482, 5407523.550379825, 80), (461078.11248026235, 5407523.537597233, 80), (461079.9476323775, 5407523.524815245, 80), (461081.7827844936, 5407523.51203386, 80), (461083.6179366107, 5407523.4992530765, 80), (461085.45308872877, 5407523.486472896, 80), (461087.28824084776, 5407523.473693319, 80), (461089.1233929678, 5407523.460914344, 80), (461090.9585450888, 5407523.448135971, 80), (461092.7936972108, 5407523.435358201, 80), (461094.62884933373, 5407523.422581036, 80), (461096.4640014576, 5407523.40980447, 80), (461098.2991535825, 5407523.3970285095, 80), (461100.1343057084, 5407523.384253152, 80), (461101.96945783525, 5407523.371478396, 80), (461103.8046099631, 5407523.358704243, 80), (461105.63976209186, 5407523.345930692, 80), (461107.4749142217, 5407523.333157743, 80), (461109.31006635237, 5407523.320385399, 80), (461111.1452184841, 5407523.307613657, 80), (461112.9803706168, 5407523.294842517, 80), (461114.8155227505, 5407523.282071981, 80), (461116.65067488514, 5407523.269302046, 80), (461118.4858270207, 5407523.256532714, 80), (461120.32097915735, 5407523.243763985, 80), (461122.1561312949, 5407523.230995858, 80), (461123.99128343345, 5407523.2182283355, 80), (461125.826435573, 5407523.2054614145, 80), (461127.66158771346, 5407523.192695096, 80), (461129.4967398549, 5407523.179929381, 80), (461131.3318919974, 5407523.167164269, 80), (461133.1670441408, 5407523.154399759, 80), (461135.00219628523, 5407523.141635852, 80), (461136.83734843053, 5407523.128872547, 80), (461138.67250057694, 5407523.116109846, 80), (461140.5076527242, 5407523.103347747, 80), (461142.34280487255, 5407523.090586252, 80), (461144.1779570218, 5407523.077825357, 80), (461146.01310917205, 5407523.065065066, 80), (461147.8482613233, 5407523.052305378, 80), (461149.68341347546, 5407523.039546292, 80), (461151.5185656286, 5407523.02678781, 80), (461035.9233595008, 5407526.61077753, 80), (461037.7585106808, 5407526.597981681, 80), (461039.5936618617, 5407526.585186433, 80), (461041.42881304363, 5407526.572391789, 80), (461043.2639642265, 5407526.559597747, 80), (461045.09911541047, 5407526.54680431, 80), (461046.9342665953, 5407526.534011475, 80), (461048.76941778115, 5407526.521219241, 80), (461050.60456896794, 5407526.508427612, 80), (461052.4397201558, 5407526.495636583, 80), (461054.2748713445, 5407526.482846159, 80), (461056.11002253427, 5407526.470056336, 80), (461057.94517372496, 5407526.457267118, 80), (461059.7803249167, 5407526.4444785, 80), (461061.6154761093, 5407526.431690486, 80), (461063.450627303, 5407526.418903074, 80), (461065.2857784976, 5407526.406116267, 80), (461067.1209296932, 5407526.39333006, 80), (461068.9560808898, 5407526.380544457, 80), (461070.7912320873, 5407526.367759456, 80), (461072.62638328585, 5407526.354975059, 80), (461074.4615344854, 5407526.342191263, 80), (461076.29668568587, 5407526.329408072, 80), (461078.13183688733, 5407526.316625481, 80), (461079.9669880897, 5407526.303843494, 80), (461081.80213929317, 5407526.291062111, 80), (461083.63729049754, 5407526.278281328, 80), (461085.4724417029, 5407526.26550115, 80), (461087.3075929092, 5407526.252721574, 80), (461089.14274411654, 5407526.2399426, 80), (461090.9778953249, 5407526.227164229, 80), (461092.8130465341, 5407526.214386461, 80), (461094.64819774433, 5407526.201609296, 80), (461096.4833489556, 5407526.188832733, 80), (461098.31850016775, 5407526.176056773, 80), (461100.1536513809, 5407526.1632814165, 80), (461101.98880259506, 5407526.150506662, 80), (461103.8239538102, 5407526.13773251, 80), (461105.6591050263, 5407526.124958961, 80), (461107.49425624334, 5407526.112186015, 80), (461109.3294074614, 5407526.0994136715, 80), (461111.1645586804, 5407526.08664193, 80), (461112.99970990035, 5407526.073870791, 80), (461114.8348611214, 5407526.061100258, 80), (461116.6700123433, 5407526.048330325, 80), (461118.5051635662, 5407526.0355609935, 80), (461120.34031479014, 5407526.022792266, 80), (461122.175466015, 5407526.010024142, 80), (461124.01061724086, 5407525.99725662, 80), (461125.84576846764, 5407525.984489701, 80), (461127.6809196954, 5407525.971723383, 80), (461129.5160709242, 5407525.95895767, 80), (461131.351222154, 5407525.946192559, 80), (461133.18637338467, 5407525.933428051, 80), (461135.02152461634, 5407525.920664146, 80), (461136.856675849, 5407525.907900842, 80), (461138.69182708266, 5407525.895138142, 80), (461140.5269783173, 5407525.882376044, 80), (461142.3621295529, 5407525.86961455, 80), (461144.19728078943, 5407525.856853657, 80), (461146.032432027, 5407525.844093368, 80), (461147.8675832655, 5407525.831333682, 80), (461149.702734505, 5407525.818574598, 80), (461151.53788574546, 5407525.805816116, 80), (461035.94273712544, 5407529.389805756, 80), (461037.7778873927, 5407529.377009907, 80), (461039.61303766095, 5407529.364214662, 80), (461041.44818793016, 5407529.35142002, 80), (461043.28333820036, 5407529.33862598, 80), (461045.11848847155, 5407529.325832544, 80), (461046.9536387437, 5407529.313039709, 80), (461048.78878901683, 5407529.300247477, 80), (461050.62393929093, 5407529.287455849, 80), (461052.459089566, 5407529.274664823, 80), (461054.2942398421, 5407529.261874399, 80), (461056.1293901191, 5407529.249084578, 80), (461057.9645403971, 5407529.23629536, 80), (461059.79969067615, 5407529.223506744, 80), (461061.63484095613, 5407529.210718732, 80), (461063.46999123704, 5407529.197931322, 80), (461065.30514151894, 5407529.185144515, 80), (461067.1402918019, 5407529.172358311, 80), (461068.97544208576, 5407529.159572709, 80), (461070.8105923706, 5407529.14678771, 80), (461072.6457426564, 5407529.134003313, 80), (461074.4808929432, 5407529.12121952, 80), (461076.316043231, 5407529.108436329, 80), (461078.15119351976, 5407529.095653742, 80), (461079.98634380946, 5407529.082871755, 80), (461081.82149410015, 5407529.070090372, 80), (461083.6566443919, 5407529.057309593, 80), (461085.4917946845, 5407529.044529414, 80), (461087.32694497815, 5407529.03174984, 80), (461089.16209527274, 5407529.0189708695, 80), (461090.9972455684, 5407529.0061925, 80), (461092.83239586494, 5407528.993414733, 80), (461094.66754616244, 5407528.980637569, 80), (461096.5026964609, 5407528.967861008, 80), (461098.3378467604, 5407528.955085049, 80), (461100.1729970609, 5407528.942309693, 80), (461102.0081473624, 5407528.929534942, 80), (461103.8432976648, 5407528.916760791, 80), (461105.67844796815, 5407528.903987243, 80), (461107.5135982725, 5407528.891214299, 80), (461109.3487485779, 5407528.878441956, 80), (461111.18389888416, 5407528.865670217, 80), (461113.01904919144, 5407528.852899079, 80), (461114.8541994997, 5407528.840128546, 80), (461116.68934980896, 5407528.827358615, 80), (461118.5245001192, 5407528.814589286, 80), (461120.3596504304, 5407528.801820559, 80), (461122.19480074255, 5407528.789052437, 80), (461124.0299510557, 5407528.776284917, 80), (461125.8651013698, 5407528.763517999, 80), (461127.7002516849, 5407528.7507516835, 80), (461129.53540200094, 5407528.737985971, 80), (461131.370552318, 5407528.725220862, 80), (461133.20570263604, 5407528.712456356, 80), (461135.040852955, 5407528.699692451, 80), (461136.8760032749, 5407528.68692915, 80), (461138.7111535959, 5407528.67416645, 80), (461140.5463039178, 5407528.6614043545, 80), (461142.38145424065, 5407528.648642861, 80), (461144.2166045646, 5407528.63588197, 80), (461146.0517548894, 5407528.623121682, 80), (461147.8869052152, 5407528.610361997, 80), (461149.722055542, 5407528.597602914, 80), (461151.5572058697, 5407528.584844436, 80), (461035.9621147575, 5407532.1688339915, 80), (461037.79726411204, 5407532.156038146, 80), (461039.6324134676, 5407532.143242902, 80), (461041.4675628241, 5407532.130448261, 80), (461043.3027121816, 5407532.117654222, 80), (461045.1378615401, 5407532.104860787, 80), (461046.97301089956, 5407532.092067954, 80), (461048.80816025997, 5407532.079275724, 80), (461050.6433096214, 5407532.066484096, 80), (461052.47845898377, 5407532.053693072, 80), (461054.3136083471, 5407532.040902651, 80), (461056.14875771146, 5407532.028112831, 80), (461057.98390707676, 5407532.015323614, 80), (461059.81905644306, 5407532.002535, 80), (461061.65420581034, 5407531.98974699, 80), (461063.48935517855, 5407531.976959581, 80), (461065.32450454775, 5407531.964172775, 80), (461067.159653918, 5407531.951386573, 80), (461068.9948032891, 5407531.938600972, 80), (461070.82995266124, 5407531.925815974, 80), (461072.6651020344, 5407531.91303158, 80), (461074.50025140855, 5407531.900247788, 80), (461076.3354007836, 5407531.887464599, 80), (461078.17055015964, 5407531.874682011, 80), (461080.00569953665, 5407531.861900027, 80), (461081.84084891464, 5407531.849118645, 80), (461083.6759982936, 5407531.836337868, 80), (461085.5111476736, 5407531.823557691, 80), (461087.3462970545, 5407531.810778118, 80), (461089.18144643644, 5407531.797999148, 80), (461091.0165958193, 5407531.78522078, 80), (461092.8517452032, 5407531.772443015, 80), (461094.686894588, 5407531.759665854, 80), (461096.5220439738, 5407531.746889292, 80), (461098.35719336057, 5407531.734113337, 80), (461100.19234274834, 5407531.721337982, 80), (461102.0274921371, 5407531.708563231, 80), (461103.8626415268, 5407531.695789082, 80), (461105.6977909175, 5407531.683015536, 80), (461107.53294030915, 5407531.670242593, 80), (461109.3680897018, 5407531.657470251, 80), (461111.2032390954, 5407531.644698514, 80), (461113.03838849, 5407531.6319273785, 80), (461114.87353788555, 5407531.619156846, 80), (461116.7086872821, 5407531.606386917, 80), (461118.5438366796, 5407531.593617588, 80), (461120.3789860781, 5407531.580848864, 80), (461122.21413547755, 5407531.568080744, 80), (461124.04928487795, 5407531.555313224, 80), (461125.8844342794, 5407531.542546307, 80), (461127.7195836818, 5407531.529779995, 80), (461129.5547330851, 5407531.517014283, 80), (461131.3898824895, 5407531.504249175, 80), (461133.2250318948, 5407531.491484669, 80), (461135.0601813011, 5407531.478720767, 80), (461136.8953307083, 5407531.465957467, 80), (461138.73048011656, 5407531.45319477, 80), (461140.5656295258, 5407531.440432675, 80), (461142.40077893593, 5407531.427671184, 80), (461144.2359283471, 5407531.414910293, 80), (461146.07107775926, 5407531.402150008, 80), (461147.90622717235, 5407531.389390323, 80), (461149.74137658643, 5407531.376631243, 80), (461151.5765260015, 5407531.363872765, 80), (461035.9814923971, 5407534.947862241, 80), (461037.8166408389, 5407534.935066396, 80), (461039.65178928175, 5407534.922271154, 80), (461041.48693772557, 5407534.909476515, 80), (461043.3220861703, 5407534.8966824785, 80), (461045.1572346161, 5407534.883889045, 80), (461046.9923830629, 5407534.871096212, 80), (461048.8275315106, 5407534.858303985, 80), (461050.6626799593, 5407534.8455123585, 80), (461052.49782840896, 5407534.832721335, 80), (461054.33297685964, 5407534.819930916, 80), (461056.16812531126, 5407534.807141097, 80), (461058.00327376387, 5407534.794351881, 80), (461059.83842221746, 5407534.781563268, 80), (461061.67357067205, 5407534.76877526, 80), (461063.50871912757, 5407534.755987853, 80), (461065.3438675841, 5407534.743201049, 80), (461067.17901604157, 5407534.730414848, 80), (461069.01416450005, 5407534.717629248, 80), (461070.8493129595, 5407534.704844252, 80), (461072.6844614199, 5407534.692059859, 80), (461074.5196098813, 5407534.679276069, 80), (461076.35475834366, 5407534.66649288, 80), (461078.189906807, 5407534.6537102945, 80), (461080.02505527134, 5407534.640928312, 80), (461081.8602037366, 5407534.628146932, 80), (461083.69535220286, 5407534.615366156, 80), (461085.53050067014, 5407534.602585981, 80), (461087.36564913834, 5407534.58980641, 80), (461089.20079760754, 5407534.577027441, 80), (461091.0359460778, 5407534.564249074, 80), (461092.8710945489, 5407534.551471311, 80), (461094.706243021, 5407534.538694151, 80), (461096.5413914941, 5407534.5259175915, 80), (461098.3765399682, 5407534.513141637, 80), (461100.21168844326, 5407534.500366284, 80), (461102.0468369193, 5407534.487591534, 80), (461103.8819853963, 5407534.474817386, 80), (461105.7171338743, 5407534.462043841, 80), (461107.5522823533, 5407534.449270899, 80), (461109.3874308332, 5407534.436498561, 80), (461111.2225793141, 5407534.423726824, 80), (461113.05772779597, 5407534.41095569, 80), (461114.89287627884, 5407534.398185159, 80), (461116.7280247627, 5407534.385415231, 80), (461118.5631732475, 5407534.372645905, 80), (461120.3983217332, 5407534.359877182, 80), (461122.23347022, 5407534.347109063, 80), (461124.06861870777, 5407534.334341545, 80), (461125.90376719646, 5407534.321574629, 80), (461127.73891568615, 5407534.308808318, 80), (461129.57406417676, 5407534.296042608, 80), (461131.4092126684, 5407534.283277502, 80), (461133.244361161, 5407534.270512997, 80), (461135.0795096546, 5407534.257749097, 80), (461136.9146581492, 5407534.244985799, 80), (461138.7498066447, 5407534.232223102, 80), (461140.5849551412, 5407534.219461009, 80), (461142.42010363867, 5407534.2066995185, 80), (461144.25525213714, 5407534.193938631, 80), (461146.0904006366, 5407534.181178346, 80), (461147.925549137, 5407534.168418664, 80), (461149.7606976384, 5407534.155659584, 80), (461151.5958461407, 5407534.142901107, 80), (461036.0008700441, 5407537.726890502, 80), (461037.83601757325, 5407537.714094658, 80), (461039.6711651034, 5407537.701299418, 80), (461041.50631263445, 5407537.688504781, 80), (461043.34146016656, 5407537.675710745, 80), (461045.1766076996, 5407537.662917313, 80), (461047.0117552337, 5407537.650124482, 80), (461048.8469027687, 5407537.637332255, 80), (461050.6820503047, 5407537.624540632, 80), (461052.51719784166, 5407537.611749609, 80), (461054.35234537965, 5407537.598959191, 80), (461056.1874929185, 5407537.586169373, 80), (461058.0226404584, 5407537.57338016, 80), (461059.8577879994, 5407537.56059155, 80), (461061.6929355412, 5407537.547803542, 80), (461063.52808308403, 5407537.535016135, 80), (461065.36323062785, 5407537.522229333, 80), (461067.19837817264, 5407537.509443133, 80), (461069.0335257184, 5407537.4966575345, 80), (461070.8686732651, 5407537.483872541, 80), (461072.7038208128, 5407537.47108815, 80), (461074.53896836156, 5407537.4583043605, 80), (461076.3741159112, 5407537.445521173, 80), (461078.2092634618, 5407537.43273859, 80), (461080.0444110134, 5407537.419956609, 80), (461081.879558566, 5407537.407175231, 80), (461083.7147061196, 5407537.394394455, 80), (461085.54985367414, 5407537.381614281, 80), (461087.38500122965, 5407537.368834712, 80), (461089.22014878615, 5407537.356055744, 80), (461091.05529634363, 5407537.34327738, 80), (461092.8904439021, 5407537.330499617, 80), (461094.7255914615, 5407537.317722457, 80), (461096.5607390219, 5407537.304945901, 80), (461098.39588658325, 5407537.292169947, 80), (461100.2310341457, 5407537.279394595, 80), (461102.066181709, 5407537.266619848, 80), (461103.9013292733, 5407537.253845701, 80), (461105.7364768386, 5407537.241072158, 80), (461107.5716244048, 5407537.228299217, 80), (461109.4067719721, 5407537.215526881, 80), (461111.2419195402, 5407537.202755146, 80), (461113.0770671094, 5407537.189984013, 80), (461114.9122146796, 5407537.1772134835, 80), (461116.74736225075, 5407537.164443557, 80), (461118.5825098228, 5407537.1516742315, 80), (461120.4176573959, 5407537.138905511, 80), (461122.25280496996, 5407537.126137392, 80), (461124.087952545, 5407537.1133698765, 80), (461125.92310012097, 5407537.100602963, 80), (461127.75824769796, 5407537.087836653, 80), (461129.5933952759, 5407537.075070945, 80), (461131.42854285485, 5407537.062305839, 80), (461133.26369043475, 5407537.0495413365, 80), (461135.09883801563, 5407537.036777438, 80), (461136.93398559745, 5407537.0240141405, 80), (461138.7691331803, 5407537.011251445, 80), (461140.6042807641, 5407536.998489355, 80), (461142.43942834885, 5407536.985727865, 80), (461144.2745759346, 5407536.972966978, 80), (461146.10972352134, 5407536.960206695, 80), (461147.94487110904, 5407536.947447015, 80), (461149.7800186977, 5407536.934687936, 80), (461151.61516628735, 5407536.921929461, 80), (461036.02024769865, 5407540.505918776, 80), (461037.8553943151, 5407540.493122934, 80), (461039.69054093247, 5407540.480327695, 80), (461041.5256875509, 5407540.467533058, 80), (461043.36083417025, 5407540.454739024, 80), (461045.19598079065, 5407540.441945594, 80), (461047.031127412, 5407540.429152764, 80), (461048.8662740343, 5407540.416360539, 80), (461050.70142065757, 5407540.403568916, 80), (461052.5365672819, 5407540.390777896, 80), (461054.3717139071, 5407540.377987479, 80), (461056.20686053333, 5407540.365197664, 80), (461058.0420071605, 5407540.352408452, 80), (461059.8771537887, 5407540.339619842, 80), (461061.7123004179, 5407540.326831836, 80), (461063.54744704795, 5407540.314044432, 80), (461065.38259367907, 5407540.30125763, 80), (461067.2177403112, 5407540.288471432, 80), (461069.0528869442, 5407540.275685836, 80), (461070.88803357823, 5407540.262900843, 80), (461072.72318021324, 5407540.250116453, 80), (461074.55832684925, 5407540.237332664, 80), (461076.39347348624, 5407540.224549481, 80), (461078.22862012417, 5407540.211766898, 80), (461080.0637667631, 5407540.198984918, 80), (461081.8989134029, 5407540.186203541, 80), (461083.7340600438, 5407540.173422767, 80), (461085.56920668564, 5407540.160642595, 80), (461087.40435332846, 5407540.147863027, 80), (461089.23949997226, 5407540.13508406, 80), (461091.07464661705, 5407540.122305698, 80), (461092.9097932628, 5407540.109527936, 80), (461094.7449399095, 5407540.096750779, 80), (461096.5800865572, 5407540.083974224, 80), (461098.41523320583, 5407540.071198272, 80), (461100.2503798555, 5407540.058422921, 80), (461102.0855265062, 5407540.045648175, 80), (461103.9206731577, 5407540.03287403, 80), (461105.7558198103, 5407540.020100488, 80), (461107.5909664639, 5407540.007327549, 80), (461109.4261131184, 5407539.994555213, 80), (461111.26125977386, 5407539.981783479, 80), (461113.09640643036, 5407539.969012349, 80), (461114.9315530878, 5407539.956241821, 80), (461116.76669974625, 5407539.943471895, 80), (461118.60184640565, 5407539.930702573, 80), (461120.436993066, 5407539.917933852, 80), (461122.27213972737, 5407539.905165736, 80), (461124.1072863897, 5407539.8923982205, 80), (461125.94243305293, 5407539.879631309, 80), (461127.7775797172, 5407539.866865001, 80), (461129.6127263825, 5407539.854099293, 80), (461131.4478730487, 5407539.841334189, 80), (461133.2830197159, 5407539.828569689, 80), (461135.11816638405, 5407539.815805791, 80), (461136.95331305324, 5407539.803042495, 80), (461138.78845972335, 5407539.790279802, 80), (461140.62360639445, 5407539.777517712, 80), (461142.4587530665, 5407539.764756224, 80), (461144.29389973957, 5407539.75199534, 80), (461146.12904641364, 5407539.7392350575, 80), (461147.9641930886, 5407539.7264753785, 80), (461149.7993397646, 5407539.713716302, 80), (461151.6344864415, 5407539.700957828, 80), (461036.03962536063, 5407543.284947061, 80), (461037.8747710644, 5407543.272151221, 80), (461039.70991676906, 5407543.259355984, 80), (461041.5450624748, 5407543.2465613475, 80), (461043.38020818145, 5407543.233767316, 80), (461045.2153538891, 5407543.220973887, 80), (461047.05049959774, 5407543.20818106, 80), (461048.88564530737, 5407543.195388836, 80), (461050.7207910179, 5407543.182597214, 80), (461052.55593672954, 5407543.1698061945, 80), (461054.3910824421, 5407543.157015779, 80), (461056.22622815554, 5407543.144225965, 80), (461058.06137387006, 5407543.131436755, 80), (461059.89651958557, 5407543.118648147, 80), (461061.73166530195, 5407543.105860142, 80), (461063.5668110194, 5407543.093072739, 80), (461065.4019567378, 5407543.08028594, 80), (461067.2371024572, 5407543.067499743, 80), (461069.07224817754, 5407543.054714149, 80), (461070.9073938988, 5407543.041929157, 80), (461072.74253962113, 5407543.029144768, 80), (461074.5776853445, 5407543.016360981, 80), (461076.41283106874, 5407543.003577799, 80), (461078.2479767939, 5407542.9907952165, 80), (461080.0831225201, 5407542.97801324, 80), (461081.91826824733, 5407542.965231864, 80), (461083.7534139755, 5407542.95245109, 80), (461085.5885597046, 5407542.93967092, 80), (461087.4237054347, 5407542.926891354, 80), (461089.2588511658, 5407542.914112389, 80), (461091.0939968979, 5407542.901334027, 80), (461092.92914263095, 5407542.888556269, 80), (461094.7642883649, 5407542.875779112, 80), (461096.5994340999, 5407542.863002558, 80), (461098.43457983586, 5407542.850226607, 80), (461100.26972557284, 5407542.83745126, 80), (461102.10487131076, 5407542.824676514, 80), (461103.94001704967, 5407542.811902371, 80), (461105.7751627895, 5407542.7991288295, 80), (461107.6103085304, 5407542.786355893, 80), (461109.4454542722, 5407542.773583558, 80), (461111.28060001496, 5407542.760811826, 80), (461113.11574575875, 5407542.748040698, 80), (461114.9508915035, 5407542.7352701705, 80), (461116.78603724926, 5407542.722500246, 80), (461118.6211829959, 5407542.709730924, 80), (461120.4563287436, 5407542.696962206, 80), (461122.29147449223, 5407542.68419409, 80), (461124.12662024185, 5407542.6714265775, 80), (461125.9617659924, 5407542.658659668, 80), (461127.796911744, 5407542.64589336, 80), (461129.6320574965, 5407542.633127655, 80), (461131.4672032501, 5407542.620362552, 80), (461133.30234900455, 5407542.607598052, 80), (461135.13749476004, 5407542.594834156, 80), (461136.97264051647, 5407542.582070862, 80), (461138.8077862739, 5407542.56930817, 80), (461140.6429320323, 5407542.556546082, 80), (461142.47807779163, 5407542.543784596, 80), (461144.31322355196, 5407542.531023713, 80), (461146.14836931333, 5407542.518263432, 80), (461147.9835150756, 5407542.505503754, 80), (461149.8186608389, 5407542.492744679, 80), (461151.6538066031, 5407542.479986207, 80), (461036.05900303007, 5407546.063975358, 80), (461037.8941478211, 5407546.051179519, 80), (461039.7292926131, 5407546.038384282, 80), (461041.56443740614, 5407546.02558965, 80), (461043.3995822001, 5407546.012795618, 80), (461045.23472699506, 5407546.0000021905, 80), (461047.069871791, 5407545.987209364, 80), (461048.9050165879, 5407545.974417142, 80), (461050.74016138574, 5407545.961625522, 80), (461052.57530618465, 5407545.948834505, 80), (461054.4104509845, 5407545.9360440895, 80), (461056.24559578527, 5407545.9232542785, 80), (461058.08074058703, 5407545.910465069, 80), (461059.91588538984, 5407545.897676463, 80), (461061.7510301936, 5407545.884888459, 80), (461063.5861749983, 5407545.872101058, 80), (461065.421319804, 5407545.859314259, 80), (461067.2564646107, 5407545.846528064, 80), (461069.0916094183, 5407545.833742471, 80), (461070.9267542269, 5407545.820957481, 80), (461072.76189903653, 5407545.808173093, 80), (461074.59704384714, 5407545.795389309, 80), (461076.4321886587, 5407545.782606127, 80), (461078.26733347116, 5407545.769823547, 80), (461080.1024782847, 5407545.75704157, 80), (461081.93762309913, 5407545.7442601975, 80), (461083.77276791463, 5407545.731479426, 80), (461085.607912731, 5407545.718699258, 80), (461087.44305754843, 5407545.70591969, 80), (461089.27820236684, 5407545.693140728, 80), (461091.11334718624, 5407545.680362367, 80), (461092.9484920065, 5407545.66758461, 80), (461094.78363682784, 5407545.654807456, 80), (461096.6187816501, 5407545.642030904, 80), (461098.4539264734, 5407545.629254954, 80), (461100.2890712976, 5407545.616479607, 80), (461102.12421612284, 5407545.603704862, 80), (461103.95936094905, 5407545.590930722, 80), (461105.79450577614, 5407545.578157184, 80), (461107.6296506043, 5407545.565384246, 80), (461109.46479543345, 5407545.552611913, 80), (461111.2999402635, 5407545.539840183, 80), (461113.13508509455, 5407545.527069055, 80), (461114.97022992664, 5407545.51429853, 80), (461116.80537475966, 5407545.501528608, 80), (461118.6405195936, 5407545.488759287, 80), (461120.4756644286, 5407545.47599057, 80), (461122.31080926454, 5407545.463222456, 80), (461124.14595410146, 5407545.450454945, 80), (461125.9810989393, 5407545.437688036, 80), (461127.8162437782, 5407545.42492173, 80), (461129.651388618, 5407545.412156027, 80), (461131.48653345887, 5407545.399390926, 80), (461133.3216783007, 5407545.386626427, 80), (461135.1568231434, 5407545.373862533, 80), (461136.99196798715, 5407545.361099239, 80), (461138.8271128319, 5407545.3483365495, 80), (461140.6622576775, 5407545.335574462, 80), (461142.49740252417, 5407545.322812977, 80), (461144.33254737186, 5407545.310052096, 80), (461146.1676922205, 5407545.297291817, 80), (461148.00283707003, 5407545.284532141, 80), (461149.8379819206, 5407545.271773066, 80), (461151.6731267721, 5407545.259014596, 80), (461036.07838070707, 5407548.843003667, 80), (461037.91352458537, 5407548.83020783, 80), (461039.7486684647, 5407548.817412595, 80), (461041.583812345, 5407548.804617963, 80), (461043.4189562262, 5407548.791823934, 80), (461045.2541001085, 5407548.7790305065, 80), (461047.0892439917, 5407548.766237684, 80), (461048.92438787594, 5407548.753445462, 80), (461050.7595317611, 5407548.740653845, 80), (461052.59467564727, 5407548.7278628275, 80), (461054.42981953436, 5407548.715072415, 80), (461056.26496342244, 5407548.702282605, 80), (461058.10010731156, 5407548.689493397, 80), (461059.9352512017, 5407548.67670479, 80), (461061.77039509267, 5407548.663916789, 80), (461063.60553898464, 5407548.65112939, 80), (461065.44068287767, 5407548.638342593, 80), (461067.2758267716, 5407548.625556399, 80), (461069.1109706666, 5407548.612770808, 80), (461070.94611456245, 5407548.599985819, 80), (461072.7812584594, 5407548.587201433, 80), (461074.61640235723, 5407548.574417649, 80), (461076.4515462561, 5407548.561634469, 80), (461078.2866901559, 5407548.548851891, 80), (461080.1218340567, 5407548.536069916, 80), (461081.95697795844, 5407548.523288543, 80), (461083.79212186125, 5407548.510507773, 80), (461085.6272657649, 5407548.497727606, 80), (461087.46240966965, 5407548.484948043, 80), (461089.2975535753, 5407548.472169081, 80), (461091.132697482, 5407548.459390722, 80), (461092.9678413896, 5407548.446612966, 80), (461094.8029852982, 5407548.433835812, 80), (461096.6381292078, 5407548.421059261, 80), (461098.4732731183, 5407548.408283314, 80), (461100.30841702985, 5407548.395507967, 80), (461102.1435609424, 5407548.382733226, 80), (461103.9787048559, 5407548.369959086, 80), (461105.81384877034, 5407548.357185548, 80), (461107.6489926858, 5407548.344412614, 80), (461109.48413660214, 5407548.331640283, 80), (461111.31928051956, 5407548.318868553, 80), (461113.1544244379, 5407548.306097427, 80), (461114.98956835724, 5407548.293326903, 80), (461116.82471227756, 5407548.280556982, 80), (461118.6598561988, 5407548.267787664, 80), (461120.49500012107, 5407548.255018948, 80), (461122.33014404436, 5407548.2422508355, 80), (461124.1652879685, 5407548.229483326, 80), (461126.00043189374, 5407548.216716418, 80), (461127.83557581983, 5407548.203950114, 80), (461129.67071974697, 5407548.191184411, 80), (461131.50586367515, 5407548.1784193115, 80), (461133.3410076042, 5407548.165654815, 80), (461135.17615153425, 5407548.152890922, 80), (461137.0112954653, 5407548.140127631, 80), (461138.8464393973, 5407548.127364942, 80), (461140.68158333027, 5407548.114602855, 80), (461142.5167272642, 5407548.101841373, 80), (461144.3518711992, 5407548.089080493, 80), (461146.1870151351, 5407548.076320214, 80), (461148.022159072, 5407548.063560541, 80), (461149.85730300983, 5407548.050801468, 80), (461151.6924469486, 5407548.038042999, 80), (461036.0977583915, 5407551.622031989, 80), (461037.9329013571, 5407551.609236153, 80), (461039.7680443237, 5407551.59644092, 80), (461041.6031872913, 5407551.583646289, 80), (461043.4383302599, 5407551.570852261, 80), (461045.2734732294, 5407551.558058836, 80), (461047.1086161999, 5407551.545266014, 80), (461048.9437591714, 5407551.532473793, 80), (461050.7789021439, 5407551.519682176, 80), (461052.61404511734, 5407551.506891162, 80), (461054.44918809173, 5407551.49410075, 80), (461056.2843310671, 5407551.481310942, 80), (461058.1194740435, 5407551.468521736, 80), (461059.9546170209, 5407551.455733132, 80), (461061.78975999926, 5407551.442945132, 80), (461063.62490297854, 5407551.430157733, 80), (461065.4600459588, 5407551.417370938, 80), (461067.2951889401, 5407551.404584745, 80), (461069.1303319223, 5407551.391799156, 80), (461070.9654749055, 5407551.379014168, 80), (461072.8006178897, 5407551.366229784, 80), (461074.6357608749, 5407551.353446002, 80), (461076.470903861, 5407551.340662822, 80), (461078.3060468481, 5407551.327880246, 80), (461080.1411898362, 5407551.315098274, 80), (461081.97633282526, 5407551.302316901, 80), (461083.8114758153, 5407551.289536133, 80), (461085.64661880635, 5407551.276755968, 80), (461087.4817617983, 5407551.263976405, 80), (461089.3169047913, 5407551.251197445, 80), (461091.15204778523, 5407551.238419089, 80), (461092.9871907802, 5407551.225641333, 80), (461094.82233377604, 5407551.212864181, 80), (461096.6574767729, 5407551.200087632, 80), (461098.49261977075, 5407551.187311686, 80), (461100.3277627696, 5407551.174536341, 80), (461102.1629057694, 5407551.1617616005, 80), (461103.9980487702, 5407551.148987463, 80), (461105.83319177193, 5407551.136213927, 80), (461107.6683347747, 5407551.123440993, 80), (461109.5034777784, 5407551.110668662, 80), (461111.33862078306, 5407551.097896935, 80), (461113.17376378865, 5407551.0851258105, 80), (461115.00890679535, 5407551.072355288, 80), (461116.8440498029, 5407551.059585369, 80), (461118.6791928115, 5407551.046816051, 80), (461120.51433582103, 5407551.034047337, 80), (461122.34947883163, 5407551.021279226, 80), (461124.1846218431, 5407551.008511717, 80), (461126.01976485556, 5407550.995744811, 80), (461127.854907869, 5407550.982978509, 80), (461129.69005088345, 5407550.970212807, 80), (461131.5251938989, 5407550.9574477095, 80), (461133.36033691524, 5407550.944683215, 80), (461135.1954799326, 5407550.931919322, 80), (461137.0306229509, 5407550.919156033, 80), (461138.8657659702, 5407550.906393345, 80), (461140.70090899046, 5407550.893631262, 80), (461142.5360520117, 5407550.88086978, 80), (461144.37119503395, 5407550.868108901, 80), (461146.2063380572, 5407550.855348625, 80), (461148.04148108134, 5407550.842588952, 80), (461149.8766241065, 5407550.829829881, 80), (461151.71176713257, 5407550.817071413, 80), (461036.1171360834, 5407554.401060321, 80), (461037.95227813633, 5407554.388264487, 80), (461039.78742019023, 5407554.375469255, 80), (461041.6225622451, 5407554.3626746265, 80), (461043.45770430093, 5407554.3498806, 80), (461045.2928463578, 5407554.337087176, 80), (461047.1279884156, 5407554.324294356, 80), (461048.9631304744, 5407554.311502136, 80), (461050.79827253416, 5407554.298710521, 80), (461052.6334145949, 5407554.285919509, 80), (461054.4685566566, 5407554.273129099, 80), (461056.3036987193, 5407554.260339292, 80), (461058.1388407829, 5407554.247550086, 80), (461059.97398284764, 5407554.234761485, 80), (461061.80912491324, 5407554.221973486, 80), (461063.6442669798, 5407554.209186089, 80), (461065.4794090474, 5407554.196399295, 80), (461067.31455111597, 5407554.183613104, 80), (461069.1496931855, 5407554.170827515, 80), (461070.984835256, 5407554.15804253, 80), (461072.8199773275, 5407554.145258146, 80), (461074.6551194, 5407554.132474366, 80), (461076.4902614734, 5407554.119691188, 80), (461078.3254035478, 5407554.106908614, 80), (461080.16054562316, 5407554.094126642, 80), (461081.9956876995, 5407554.081345272, 80), (461083.8308297769, 5407554.068564505, 80), (461085.66597185517, 5407554.055784341, 80), (461087.50111393444, 5407554.043004779, 80), (461089.3362560147, 5407554.030225822, 80), (461091.171398096, 5407554.017447465, 80), (461093.0065401782, 5407554.004669712, 80), (461094.8416822614, 5407553.991892562, 80), (461096.67682434554, 5407553.979116014, 80), (461098.51196643064, 5407553.966340069, 80), (461100.3471085168, 5407553.953564727, 80), (461102.1822506039, 5407553.940789986, 80), (461104.017392692, 5407553.9280158505, 80), (461105.85253478104, 5407553.915242315, 80), (461107.687676871, 5407553.9024693845, 80), (461109.52281896205, 5407553.889697055, 80), (461111.35796105396, 5407553.87692533, 80), (461113.1931031469, 5407553.864154205, 80), (461115.02824524086, 5407553.851383685, 80), (461116.8633873358, 5407553.838613766, 80), (461118.69852943165, 5407553.825844451, 80), (461120.5336715285, 5407553.813075738, 80), (461122.3688136263, 5407553.80030763, 80), (461124.2039557251, 5407553.787540122, 80), (461126.03909782483, 5407553.774773217, 80), (461127.8742399256, 5407553.762006915, 80), (461129.70938202733, 5407553.749241216, 80), (461131.54452413006, 5407553.736476121, 80), (461133.3796662337, 5407553.723711626, 80), (461135.2148083384, 5407553.710947737, 80), (461137.04995044396, 5407553.698184447, 80), (461138.88509255054, 5407553.685421762, 80), (461140.7202346581, 5407553.672659679, 80), (461142.55537676666, 5407553.659898198, 80), (461144.3905188762, 5407553.6471373215, 80), (461146.22566098673, 5407553.634377047, 80), (461148.0608030982, 5407553.621617376, 80), (461149.8959452106, 5407553.608858306, 80), (461151.73108732403, 5407553.59609984, 80), (461036.13651378284, 5407557.180088666, 80), (461037.971654923, 5407557.167292833, 80), (461039.8067960642, 5407557.154497604, 80), (461041.6419372064, 5407557.141702976, 80), (461043.4770783495, 5407557.128908951, 80), (461045.3122194937, 5407557.116115528, 80), (461047.1473606388, 5407557.103322709, 80), (461048.98250178486, 5407557.090530492, 80), (461050.8176429319, 5407557.077738877, 80), (461052.65278407995, 5407557.064947866, 80), (461054.48792522895, 5407557.052157459, 80), (461056.32306637894, 5407557.039367652, 80), (461058.15820752986, 5407557.026578449, 80), (461059.99334868183, 5407557.0137898475, 80), (461061.82848983473, 5407557.00100185, 80), (461063.6636309886, 5407556.988214455, 80), (461065.4987721435, 5407556.975427663, 80), (461067.3339132994, 5407556.962641474, 80), (461069.1690544562, 5407556.949855887, 80), (461071.00419561396, 5407556.937070902, 80), (461072.8393367727, 5407556.92428652, 80), (461074.6744779325, 5407556.911502741, 80), (461076.5096190932, 5407556.898719565, 80), (461078.3447602549, 5407556.885936993, 80), (461080.1799014176, 5407556.873155021, 80), (461082.01504258125, 5407556.8603736535, 80), (461083.85018374585, 5407556.8475928875, 80), (461085.6853249115, 5407556.834812726, 80), (461087.5204660781, 5407556.822033166, 80), (461089.35560724564, 5407556.8092542095, 80), (461091.1907484142, 5407556.796475855, 80), (461093.0258895837, 5407556.783698102, 80), (461094.86103075417, 5407556.770920954, 80), (461096.6961719256, 5407556.758144407, 80), (461098.53131309804, 5407556.745368463, 80), (461100.3664542715, 5407556.732593122, 80), (461102.20159544586, 5407556.719818385, 80), (461104.03673662123, 5407556.7070442485, 80), (461105.87187779753, 5407556.694270715, 80), (461107.7070189749, 5407556.681497785, 80), (461109.54216015316, 5407556.66872546, 80), (461111.3773013324, 5407556.655953733, 80), (461113.2124425126, 5407556.643182611, 80), (461115.0475836939, 5407556.630412093, 80), (461116.88272487605, 5407556.617642175, 80), (461118.7178660593, 5407556.604872862, 80), (461120.5530072434, 5407556.592104151, 80), (461122.3881484285, 5407556.579336042, 80), (461124.2232896146, 5407556.566568537, 80), (461126.0584308016, 5407556.553801634, 80), (461127.89357198967, 5407556.541035334, 80), (461129.72871317866, 5407556.528269636, 80), (461131.5638543687, 5407556.515504542, 80), (461133.39899555966, 5407556.50274005, 80), (461135.2341367516, 5407556.48997616, 80), (461137.0692779445, 5407556.477212874, 80), (461138.9044191384, 5407556.464450189, 80), (461140.73956033326, 5407556.451688108, 80), (461142.57470152905, 5407556.438926629, 80), (461144.4098427259, 5407556.426165753, 80), (461146.24498392374, 5407556.41340548, 80), (461148.08012512245, 5407556.400645809, 80), (461149.9152663222, 5407556.387886742, 80), (461151.7504075229, 5407556.375128277, 80), (461036.1558914897, 5407559.959117023, 80), (461037.9910317172, 5407559.946321193, 80), (461039.82617194566, 5407559.933525964, 80), (461041.66131217516, 5407559.920731338, 80), (461043.4964524056, 5407559.907937313, 80), (461045.331592637, 5407559.895143894, 80), (461047.1667328694, 5407559.882351075, 80), (461049.0018731028, 5407559.86955886, 80), (461050.8370133371, 5407559.856767247, 80), (461052.67215357244, 5407559.843976237, 80), (461054.50729380874, 5407559.83118583, 80), (461056.34243404603, 5407559.818396025, 80), (461058.17757428426, 5407559.805606824, 80), (461060.01271452353, 5407559.792818226, 80), (461061.84785476374, 5407559.780030228, 80), (461063.6829950049, 5407559.767242835, 80), (461065.51813524705, 5407559.754456044, 80), (461067.3532754902, 5407559.741669856, 80), (461069.18841573433, 5407559.728884271, 80), (461071.0235559794, 5407559.716099287, 80), (461072.85869622545, 5407559.703314908, 80), (461074.6938364726, 5407559.690531131, 80), (461076.5289767206, 5407559.677747956, 80), (461078.3641169695, 5407559.664965383, 80), (461080.1992572195, 5407559.652183414, 80), (461082.0343974704, 5407559.639402048, 80), (461083.8695377224, 5407559.6266212845, 80), (461085.7046779753, 5407559.613841123, 80), (461087.53981822915, 5407559.601061565, 80), (461089.37495848397, 5407559.588282609, 80), (461091.21009873983, 5407559.5755042555, 80), (461093.0452389966, 5407559.562726506, 80), (461094.8803792544, 5407559.549949358, 80), (461096.7155195131, 5407559.537172813, 80), (461098.5506597729, 5407559.524396872, 80), (461100.3858000336, 5407559.511621532, 80), (461102.2209402953, 5407559.4988467945, 80), (461104.05608055793, 5407559.486072661, 80), (461105.89122082153, 5407559.47329913, 80), (461107.7263610862, 5407559.460526201, 80), (461109.56150135177, 5407559.4477538755, 80), (461111.3966416183, 5407559.434982152, 80), (461113.23178188584, 5407559.422211031, 80), (461115.06692215434, 5407559.409440514, 80), (461116.9020624239, 5407559.396670599, 80), (461118.7372026943, 5407559.383901287, 80), (461120.57234296575, 5407559.371132577, 80), (461122.40748323814, 5407559.35836447, 80), (461124.2426235115, 5407559.345596966, 80), (461126.07776378584, 5407559.332830064, 80), (461127.9129040612, 5407559.320063766, 80), (461129.7480443375, 5407559.307298069, 80), (461131.58318461484, 5407559.294532976, 80), (461133.41832489305, 5407559.281768485, 80), (461135.2534651723, 5407559.269004597, 80), (461137.08860545245, 5407559.256241312, 80), (461138.9237457337, 5407559.243478629, 80), (461140.75888601586, 5407559.23071655, 80), (461142.59402629896, 5407559.217955072, 80), (461144.42916658305, 5407559.205194198, 80), (461146.2643068682, 5407559.192433926, 80), (461148.0994471542, 5407559.1796742575, 80), (461149.9345874412, 5407559.166915191, 80), (461151.7697277292, 5407559.154156729, 80), (461036.1752692041, 5407562.738145394, 80), (461038.01040851884, 5407562.725349565, 80), (461039.84554783464, 5407562.712554337, 80), (461041.6806871514, 5407562.6997597115, 80), (461043.5158264691, 5407562.686965689, 80), (461045.35096578783, 5407562.67417227, 80), (461047.18610510754, 5407562.661379454, 80), (461049.0212444282, 5407562.648587239, 80), (461050.8563837498, 5407562.635795629, 80), (461052.6915230724, 5407562.623004621, 80), (461054.52666239603, 5407562.610214216, 80), (461056.3618017206, 5407562.597424411, 80), (461058.1969410461, 5407562.584635212, 80), (461060.03208037274, 5407562.571846615, 80), (461061.8672197002, 5407562.55905862, 80), (461063.7023590287, 5407562.546271226, 80), (461065.5374983581, 5407562.533484438, 80), (461067.3726376886, 5407562.520698251, 80), (461069.20777701994, 5407562.507912667, 80), (461071.04291635234, 5407562.495127685, 80), (461072.87805568567, 5407562.482343307, 80), (461074.71319502004, 5407562.469559531, 80), (461076.54833435535, 5407562.456776358, 80), (461078.38347369165, 5407562.443993787, 80), (461080.2186130289, 5407562.43121182, 80), (461082.05375236715, 5407562.418430454, 80), (461083.88889170636, 5407562.405649692, 80), (461085.72403104656, 5407562.392869533, 80), (461087.5591703877, 5407562.380089976, 80), (461089.39430972986, 5407562.367311022, 80), (461091.22944907297, 5407562.35453267, 80), (461093.06458841707, 5407562.341754921, 80), (461094.89972776215, 5407562.328977776, 80), (461096.73486710817, 5407562.316201231, 80), (461098.5700064552, 5407562.303425292, 80), (461100.4051458032, 5407562.290649953, 80), (461102.2402851522, 5407562.277875218, 80), (461104.07542450214, 5407562.265101085, 80), (461105.91056385305, 5407562.252327556, 80), (461107.74570320494, 5407562.239554628, 80), (461109.5808425578, 5407562.226782305, 80), (461111.41598191165, 5407562.214010582, 80), (461113.2511212665, 5407562.201239464, 80), (461115.0862606223, 5407562.188468948, 80), (461116.9213999791, 5407562.175699033, 80), (461118.7565393368, 5407562.162929723, 80), (461120.5916786955, 5407562.150161014, 80), (461122.4268180553, 5407562.137392909, 80), (461124.26195741596, 5407562.124625406, 80), (461126.0970967776, 5407562.111858507, 80), (461127.9322361402, 5407562.099092209, 80), (461129.7673755038, 5407562.086326514, 80), (461131.60251486837, 5407562.0735614225, 80), (461133.43765423395, 5407562.060796933, 80), (461135.27279360045, 5407562.048033047, 80), (461137.10793296795, 5407562.035269763, 80), (461138.94307233643, 5407562.022507083, 80), (461140.77821170585, 5407562.009745005, 80), (461142.61335107626, 5407561.996983528, 80), (461144.4484904477, 5407561.984222654, 80), (461146.2836298201, 5407561.971462385, 80), (461148.1187691934, 5407561.958702717, 80), (461149.9539085677, 5407561.945943653, 80), (461151.789047943, 5407561.933185191, 80), (461036.1946469259, 5407565.517173775, 80), (461038.02978532796, 5407565.504377946, 80), (461039.8649237311, 5407565.491582721, 80), (461041.7000621351, 5407565.478788097, 80), (461043.5352005401, 5407565.465994077, 80), (461045.3703389461, 5407565.453200659, 80), (461047.2054773531, 5407565.440407842, 80), (461049.04061576107, 5407565.427615631, 80), (461050.87575417, 5407565.414824022, 80), (461052.7108925799, 5407565.402033014, 80), (461054.5460309908, 5407565.38924261, 80), (461056.3811694026, 5407565.376452809, 80), (461058.2163078155, 5407565.363663611, 80), (461060.05144622934, 5407565.350875014, 80), (461061.88658464415, 5407565.338087021, 80), (461063.7217230599, 5407565.32529963, 80), (461065.5568614766, 5407565.312512842, 80), (461067.39199989435, 5407565.299726658, 80), (461069.22713831306, 5407565.286941075, 80), (461071.0622767327, 5407565.274156094, 80), (461072.89741515333, 5407565.261371718, 80), (461074.732553575, 5407565.248587944, 80), (461076.5676919976, 5407565.235804771, 80), (461078.40283042117, 5407565.223022202, 80), (461080.23796884576, 5407565.2102402365, 80), (461082.0731072713, 5407565.197458873, 80), (461083.9082456978, 5407565.184678112, 80), (461085.74338412524, 5407565.171897953, 80), (461087.5785225537, 5407565.159118397, 80), (461089.41366098315, 5407565.146339445, 80), (461091.2487994136, 5407565.133561095, 80), (461093.08393784496, 5407565.120783348, 80), (461094.9190762773, 5407565.108006204, 80), (461096.7542147107, 5407565.095229661, 80), (461098.589353145, 5407565.082453723, 80), (461100.4244915802, 5407565.069678386, 80), (461102.2596300165, 5407565.056903652, 80), (461104.0947684538, 5407565.044129522, 80), (461105.92990689195, 5407565.031355993, 80), (461107.7650453312, 5407565.018583067, 80), (461109.60018377134, 5407565.005810744, 80), (461111.43532221246, 5407564.993039025, 80), (461113.2704606546, 5407564.980267906, 80), (461115.1055990977, 5407564.967497391, 80), (461116.94073754176, 5407564.954727479, 80), (461118.7758759868, 5407564.94195817, 80), (461120.6110144328, 5407564.929189463, 80), (461122.44615287986, 5407564.916421359, 80), (461124.2812913278, 5407564.903653858, 80), (461126.11642977677, 5407564.890886959, 80), (461127.9515682266, 5407564.8781206645, 80), (461129.7867066775, 5407564.865354971, 80), (461131.6218451294, 5407564.852589881, 80), (461133.4569835823, 5407564.839825392, 80), (461135.29212203604, 5407564.827061508, 80), (461137.12726049084, 5407564.814298226, 80), (461138.96239894663, 5407564.801535545, 80), (461140.79753740336, 5407564.788773469, 80), (461142.63267586107, 5407564.776011994, 80), (461144.46781431977, 5407564.763251123, 80), (461146.30295277946, 5407564.7504908545, 80), (461148.1380912401, 5407564.737731189, 80), (461149.9732297017, 5407564.724972125, 80), (461151.8083681643, 5407564.712213663, 80), (461036.21402465523, 5407568.296202169, 80), (461038.0491621446, 5407568.283406341, 80), (461039.88429963496, 5407568.270611118, 80), (461041.7194371263, 5407568.257816495, 80), (461043.5545746186, 5407568.245022476, 80), (461045.3897121119, 5407568.2322290605, 80), (461047.2248496062, 5407568.219436246, 80), (461049.0599871015, 5407568.206644036, 80), (461050.89512459765, 5407568.193852427, 80), (461052.7302620949, 5407568.1810614215, 80), (461054.56539959303, 5407568.16827102, 80), (461056.4005370922, 5407568.15548122, 80), (461058.2356745923, 5407568.142692022, 80), (461060.07081209344, 5407568.129903427, 80), (461061.90594959556, 5407568.117115436, 80), (461063.7410870986, 5407568.104328047, 80), (461065.57622460264, 5407568.09154126, 80), (461067.41136210767, 5407568.078755076, 80), (461069.2464996136, 5407568.065969494, 80), (461071.0816371206, 5407568.053184517, 80), (461072.9167746285, 5407568.040400142, 80), (461074.7519121375, 5407568.027616368, 80), (461076.58704964735, 5407568.014833198, 80), (461078.42218715826, 5407568.002050631, 80), (461080.2573246701, 5407567.989268666, 80), (461082.09246218286, 5407567.976487303, 80), (461083.9275996967, 5407567.963706545, 80), (461085.7627372115, 5407567.950926388, 80), (461087.5978747272, 5407567.938146833, 80), (461089.43301224394, 5407567.9253678825, 80), (461091.26814976166, 5407567.912589533, 80), (461093.10328728036, 5407567.8998117875, 80), (461094.9384248, 5407567.887034645, 80), (461096.7735623206, 5407567.874258104, 80), (461098.60869984224, 5407567.861482167, 80), (461100.4438373648, 5407567.848706832, 80), (461102.2789748884, 5407567.835932099, 80), (461104.1141124129, 5407567.82315797, 80), (461105.94924993836, 5407567.810384443, 80), (461107.7843874649, 5407567.797611519, 80), (461109.61952499236, 5407567.784839197, 80), (461111.4546625208, 5407567.772067478, 80), (461113.28980005014, 5407567.759296362, 80), (461115.12493758055, 5407567.74652585, 80), (461116.96007511194, 5407567.733755939, 80), (461118.79521264427, 5407567.720986631, 80), (461120.6303501776, 5407567.708217925, 80), (461122.4654877119, 5407567.6954498235, 80), (461124.3006252471, 5407567.682682323, 80), (461126.13576278335, 5407567.6699154265, 80), (461127.97090032056, 5407567.657149132, 80), (461129.8060378587, 5407567.64438344, 80), (461131.6411753979, 5407567.631618351, 80), (461133.4763129381, 5407567.618853864, 80), (461135.31145047914, 5407567.606089981, 80), (461137.14658802125, 5407567.593326701, 80), (461138.9817255643, 5407567.580564022, 80), (461140.8168631083, 5407567.567801947, 80), (461142.6520006533, 5407567.555040474, 80), (461144.4871381993, 5407567.542279605, 80), (461146.32227574626, 5407567.529519338, 80), (461148.1574132942, 5407567.516759673, 80), (461149.9925508431, 5407567.50400061, 80), (461151.82768839295, 5407567.491242151, 80), (461036.233402392, 5407571.075230573, 80), (461038.0685389687, 5407571.062434748, 80), (461039.90367554635, 5407571.049639526, 80), (461041.73881212494, 5407571.036844905, 80), (461043.5739487046, 5407571.024050887, 80), (461045.40908528515, 5407571.011257472, 80), (461047.2442218668, 5407570.99846466, 80), (461049.07935844926, 5407570.985672452, 80), (461050.9144950328, 5407570.972880844, 80), (461052.74963161733, 5407570.96008984, 80), (461054.58476820274, 5407570.947299439, 80), (461056.4199047892, 5407570.934509641, 80), (461058.25504137663, 5407570.921720444, 80), (461060.09017796506, 5407570.908931851, 80), (461061.9253145544, 5407570.896143861, 80), (461063.7604511448, 5407570.883356473, 80), (461065.5955877361, 5407570.870569688, 80), (461067.4307243284, 5407570.857783507, 80), (461069.2658609217, 5407570.844997927, 80), (461071.1009975159, 5407570.83221295, 80), (461072.93613411114, 5407570.819428576, 80), (461074.7712707074, 5407570.806644804, 80), (461076.6064073046, 5407570.793861636, 80), (461078.44154390274, 5407570.78107907, 80), (461080.2766805019, 5407570.768297106, 80), (461082.11181710195, 5407570.755515746, 80), (461083.94695370307, 5407570.742734987, 80), (461085.7820903051, 5407570.729954832, 80), (461087.61722690816, 5407570.717175281, 80), (461089.4523635122, 5407570.70439633, 80), (461091.2875001172, 5407570.691617983, 80), (461093.12263672316, 5407570.678840239, 80), (461094.9577733301, 5407570.666063096, 80), (461096.792909938, 5407570.653286559, 80), (461098.6280465469, 5407570.6405106215, 80), (461100.4631831568, 5407570.627735288, 80), (461102.2983197677, 5407570.614960557, 80), (461104.1334563795, 5407570.602186429, 80), (461105.9685929923, 5407570.589412904, 80), (461107.8037296061, 5407570.576639981, 80), (461109.63886622083, 5407570.563867662, 80), (461111.4740028365, 5407570.551095945, 80), (461113.3091394532, 5407570.538324829, 80), (461115.14427607093, 5407570.525554317, 80), (461116.9794126896, 5407570.512784408, 80), (461118.8145493092, 5407570.500015101, 80), (461120.64968592976, 5407570.487246398, 80), (461122.48482255137, 5407570.474478297, 80), (461124.3199591739, 5407570.4617107995, 80), (461126.15509579744, 5407570.448943904, 80), (461127.9902324219, 5407570.43617761, 80), (461129.8253690474, 5407570.42341192, 80), (461131.6605056739, 5407570.410646833, 80), (461133.4956423013, 5407570.397882348, 80), (461135.3307789297, 5407570.385118466, 80), (461137.16591555905, 5407570.372355187, 80), (461139.00105218944, 5407570.35959251, 80), (461140.8361888207, 5407570.346830436, 80), (461142.67132545303, 5407570.334068965, 80), (461144.50646208634, 5407570.321308097, 80), (461146.3415987206, 5407570.308547831, 80), (461148.1767353558, 5407570.295788168, 80), (461150.01187199197, 5407570.283029107, 80), (461151.8470086291, 5407570.270270648, 80), (461036.2527801363, 5407573.854258992, 80), (461038.0879158003, 5407573.841463167, 80), (461039.9230514652, 5407573.828667945, 80), (461041.75818713114, 5407573.815873328, 80), (461043.593322798, 5407573.803079311, 80), (461045.4284584659, 5407573.790285897, 80), (461047.26359413477, 5407573.777493087, 80), (461049.0987298046, 5407573.764700878, 80), (461050.9338654754, 5407573.751909273, 80), (461052.7690011472, 5407573.7391182715, 80), (461054.60413681995, 5407573.726327872, 80), (461056.4392724937, 5407573.713538075, 80), (461058.2744081684, 5407573.70074888, 80), (461060.1095438441, 5407573.687960289, 80), (461061.9446795208, 5407573.675172299, 80), (461063.7798151984, 5407573.662384912, 80), (461065.61495087703, 5407573.64959813, 80), (461067.4500865566, 5407573.636811949, 80), (461069.28522223723, 5407573.624026371, 80), (461071.1203579187, 5407573.611241395, 80), (461072.9554936013, 5407573.598457023, 80), (461074.7906292848, 5407573.585673252, 80), (461076.62576496927, 5407573.572890086, 80), (461078.4609006547, 5407573.560107521, 80), (461080.2960363411, 5407573.547325559, 80), (461082.13117202854, 5407573.5345442, 80), (461083.9663077169, 5407573.521763443, 80), (461085.80144340626, 5407573.50898329, 80), (461087.6365790966, 5407573.496203738, 80), (461089.47171478794, 5407573.483424791, 80), (461091.30685048026, 5407573.470646445, 80), (461093.14198617346, 5407573.457868702, 80), (461094.9771218677, 5407573.445091562, 80), (461096.8122575629, 5407573.432315024, 80), (461098.6473932591, 5407573.419539089, 80), (461100.48252895626, 5407573.406763757, 80), (461102.31766465446, 5407573.393989028, 80), (461104.15280035353, 5407573.381214901, 80), (461105.9879360536, 5407573.368441378, 80), (461107.8230717547, 5407573.355668455, 80), (461109.65820745676, 5407573.342896137, 80), (461111.49334315973, 5407573.330124422, 80), (461113.3284788637, 5407573.317353309, 80), (461115.1636145687, 5407573.3045828, 80), (461116.99875027465, 5407573.291812891, 80), (461118.8338859816, 5407573.279043585, 80), (461120.66902168945, 5407573.266274883, 80), (461122.50415739836, 5407573.253506784, 80), (461124.33929310815, 5407573.240739288, 80), (461126.174428819, 5407573.227972392, 80), (461128.0095645308, 5407573.215206102, 80), (461129.8447002435, 5407573.202440414, 80), (461131.6798359573, 5407573.189675326, 80), (461133.51497167203, 5407573.176910844, 80), (461135.3501073877, 5407573.1641469635, 80), (461137.18524310435, 5407573.151383686, 80), (461139.020378822, 5407573.138621011, 80), (461140.8555145406, 5407573.125858938, 80), (461142.6906502602, 5407573.113097467, 80), (461144.5257859808, 5407573.100336601, 80), (461146.36092170235, 5407573.087576336, 80), (461148.1960574249, 5407573.074816675, 80), (461150.03119314834, 5407573.062057617, 80), (461151.8663288728, 5407573.049299159, 80), (461036.2721578881, 5407576.63328742, 80), (461038.1072926393, 5407576.620491598, 80), (461039.94242739154, 5407576.607696377, 80), (461041.7775621448, 5407576.59490176, 80), (461043.6126968989, 5407576.582107745, 80), (461045.4478316541, 5407576.569314334, 80), (461047.2829664103, 5407576.556521524, 80), (461049.1181011674, 5407576.543729317, 80), (461050.95323592547, 5407576.5309377145, 80), (461052.7883706846, 5407576.518146713, 80), (461054.6235054446, 5407576.5053563155, 80), (461056.4586402056, 5407576.4925665185, 80), (461058.29377496766, 5407576.479777326, 80), (461060.12890973064, 5407576.466988737, 80), (461061.9640444946, 5407576.454200748, 80), (461063.7991792596, 5407576.441413364, 80), (461065.63431402546, 5407576.428626582, 80), (461067.46944879234, 5407576.415840403, 80), (461069.3045835602, 5407576.403054826, 80), (461071.139718329, 5407576.390269851, 80), (461072.97485309886, 5407576.377485481, 80), (461074.8099878697, 5407576.364701713, 80), (461076.6451226414, 5407576.3519185465, 80), (461078.48025741416, 5407576.339135983, 80), (461080.31539218785, 5407576.326354024, 80), (461082.15052696253, 5407576.313572666, 80), (461083.98566173826, 5407576.300791911, 80), (461085.8207965149, 5407576.288011758, 80), (461087.6559312925, 5407576.275232209, 80), (461089.4910660711, 5407576.262453262, 80), (461091.3262008507, 5407576.249674917, 80), (461093.1613356313, 5407576.236897177, 80), (461094.99647041276, 5407576.224120038, 80), (461096.8316051953, 5407576.211343502, 80), (461098.6667399787, 5407576.198567569, 80), (461100.5018747632, 5407576.185792238, 80), (461102.3370095487, 5407576.17301751, 80), (461104.17214433505, 5407576.1602433855, 80), (461106.0072791224, 5407576.147469862, 80), (461107.8424139108, 5407576.134696944, 80), (461109.6775487001, 5407576.121924626, 80), (461111.5126834904, 5407576.109152911, 80), (461113.3478182817, 5407576.096381799, 80), (461115.182953074, 5407576.083611291, 80), (461117.0180878672, 5407576.070841384, 80), (461118.8532226614, 5407576.058072082, 80), (461120.6883574566, 5407576.04530338, 80), (461122.5234922528, 5407576.032535283, 80), (461124.3586270499, 5407576.019767787, 80), (461126.193761848, 5407576.007000894, 80), (461128.02889664704, 5407575.994234605, 80), (461129.8640314471, 5407575.981468917, 80), (461131.6991662482, 5407575.968703833, 80), (461133.5343010502, 5407575.955939351, 80), (461135.36943585315, 5407575.943175472, 80), (461137.2045706571, 5407575.930412196, 80), (461139.03970546206, 5407575.917649522, 80), (461140.87484026793, 5407575.904887452, 80), (461142.7099750748, 5407575.892125982, 80), (461144.5451098827, 5407575.879365117, 80), (461146.38024469157, 5407575.866604854, 80), (461148.21537950134, 5407575.853845194, 80), (461150.0505143121, 5407575.841086135, 80), (461151.88564912387, 5407575.828327683, 80), (461036.29153564735, 5407579.412315862, 80), (461038.1266694859, 5407579.3995200405, 80), (461039.9618033254, 5407579.386724821, 80), (461041.7969371659, 5407579.373930206, 80), (461043.63207100733, 5407579.361136192, 80), (461045.4672048498, 5407579.348342783, 80), (461047.3023386933, 5407579.335549974, 80), (461049.1374725377, 5407579.322757769, 80), (461050.97260638303, 5407579.309966167, 80), (461052.8077402295, 5407579.297175168, 80), (461054.6428740768, 5407579.284384771, 80), (461056.4780079251, 5407579.271594978, 80), (461058.3131417744, 5407579.258805785, 80), (461060.14827562467, 5407579.246017197, 80), (461061.98340947594, 5407579.2332292115, 80), (461063.81854332815, 5407579.2204418285, 80), (461065.65367718134, 5407579.207655047, 80), (461067.4888110355, 5407579.19486887, 80), (461069.32394489064, 5407579.182083294, 80), (461071.1590787468, 5407579.169298322, 80), (461072.9942126039, 5407579.156513952, 80), (461074.82934646204, 5407579.143730184, 80), (461076.66448032105, 5407579.130947021, 80), (461078.4996141811, 5407579.11816446, 80), (461080.3347480421, 5407579.1053825, 80), (461082.1698819041, 5407579.092601144, 80), (461084.00501576706, 5407579.079820391, 80), (461085.84014963097, 5407579.067040239, 80), (461087.67528349586, 5407579.054260692, 80), (461089.5104173618, 5407579.041481747, 80), (461091.3455512287, 5407579.028703405, 80), (461093.1806850965, 5407579.0159256635, 80), (461095.01581896533, 5407579.003148527, 80), (461096.8509528351, 5407578.990371993, 80), (461098.6860867059, 5407578.97759606, 80), (461100.52122057765, 5407578.964820731, 80), (461102.35635445034, 5407578.952046005, 80), (461104.1914883241, 5407578.939271881, 80), (461106.0266221987, 5407578.92649836, 80), (461107.86175607436, 5407578.913725442, 80), (461109.696889951, 5407578.900953126, 80), (461111.5320238286, 5407578.8881814135, 80), (461113.3671577071, 5407578.8754103035, 80), (461115.2022915867, 5407578.862639796, 80), (461117.0374254673, 5407578.849869891, 80), (461118.8725593487, 5407578.83710059, 80), (461120.7076932312, 5407578.82433189, 80), (461122.5428271147, 5407578.811563794, 80), (461124.3779609991, 5407578.7987963, 80), (461126.2130948845, 5407578.786029409, 80), (461128.04822877084, 5407578.77326312, 80), (461129.88336265815, 5407578.760497434, 80), (461131.71849654656, 5407578.747732351, 80), (461133.55363043584, 5407578.734967872, 80), (461135.3887643261, 5407578.722203993, 80), (461137.2238982173, 5407578.709440718, 80), (461139.05903210957, 5407578.696678046, 80), (461140.89416600275, 5407578.683915976, 80), (461142.7292998969, 5407578.671154509, 80), (461144.5644337921, 5407578.658393646, 80), (461146.39956768823, 5407578.645633385, 80), (461148.2347015853, 5407578.632873726, 80), (461150.0698354834, 5407578.620114669, 80), (461151.9049693824, 5407578.607356217, 80), (461036.31091341405, 5407582.191344314, 80), (461038.1460463399, 5407582.178548495, 80), (461039.9811792667, 5407582.165753278, 80), (461041.81631219445, 5407582.152958664, 80), (461043.65144512325, 5407582.140164653, 80), (461045.486578053, 5407582.127371243, 80), (461047.32171098376, 5407582.114578436, 80), (461049.15684391547, 5407582.1017862335, 80), (461050.9919768481, 5407582.0889946325, 80), (461052.8271097818, 5407582.076203635, 80), (461054.6622427164, 5407582.063413239, 80), (461056.497375652, 5407582.050623447, 80), (461058.33250858856, 5407582.037834256, 80), (461060.1676415262, 5407582.02504567, 80), (461062.0027744647, 5407582.012257685, 80), (461063.83790740423, 5407581.999470304, 80), (461065.6730403447, 5407581.986683524, 80), (461067.5081732862, 5407581.973897348, 80), (461069.34330622863, 5407581.961111775, 80), (461071.17843917204, 5407581.948326803, 80), (461073.0135721164, 5407581.935542435, 80), (461074.8487050618, 5407581.9227586705, 80), (461076.68383800815, 5407581.909975506, 80), (461078.5189709555, 5407581.897192947, 80), (461080.35410390375, 5407581.88441099, 80), (461082.18923685304, 5407581.871629634, 80), (461084.0243698033, 5407581.858848882, 80), (461085.8595027545, 5407581.846068734, 80), (461087.6946357067, 5407581.833289186, 80), (461089.5297686599, 5407581.820510243, 80), (461091.3649016141, 5407581.807731901, 80), (461093.20003456925, 5407581.794954163, 80), (461095.03516752535, 5407581.782177028, 80), (461096.8703004824, 5407581.769400494, 80), (461098.70543344045, 5407581.7566245645, 80), (461100.5405663995, 5407581.743849236, 80), (461102.3756993595, 5407581.731074512, 80), (461104.2108323205, 5407581.71830039, 80), (461106.0459652825, 5407581.70552687, 80), (461107.8810982454, 5407581.692753953, 80), (461109.71623120934, 5407581.679981639, 80), (461111.55136417417, 5407581.667209928, 80), (461113.38649714005, 5407581.65443882, 80), (461115.2216301069, 5407581.641668314, 80), (461117.0567630747, 5407581.62889841, 80), (461118.8918960435, 5407581.61612911, 80), (461120.7270290133, 5407581.603360411, 80), (461122.56216198404, 5407581.590592316, 80), (461124.39729495574, 5407581.5778248245, 80), (461126.2324279284, 5407581.565057934, 80), (461128.06756090204, 5407581.5522916475, 80), (461129.9026938767, 5407581.539525962, 80), (461131.73782685236, 5407581.526760882, 80), (461133.57295982895, 5407581.513996402, 80), (461135.40809280646, 5407581.501232526, 80), (461137.24322578503, 5407581.488469253, 80), (461139.0783587645, 5407581.475706582, 80), (461140.913491745, 5407581.462944514, 80), (461142.7486247265, 5407581.45018305, 80), (461144.58375770896, 5407581.437422186, 80), (461146.41889069235, 5407581.424661927, 80), (461148.25402367674, 5407581.411902269, 80), (461150.0891566621, 5407581.399143215, 80), (461151.9242896484, 5407581.386384764, 80), (461036.33029118826, 5407584.97037278, 80), (461038.1654232014, 5407584.957576962, 80), (461040.00055521546, 5407584.944781746, 80), (461041.8356872306, 5407584.931987134, 80), (461043.6708192466, 5407584.9191931235, 80), (461045.50595126365, 5407584.906399716, 80), (461047.3410832817, 5407584.893606912, 80), (461049.1762153007, 5407584.88081471, 80), (461051.01134732063, 5407584.86802311, 80), (461052.8464793416, 5407584.855232114, 80), (461054.6816113635, 5407584.84244172, 80), (461056.5167433864, 5407584.8296519285, 80), (461058.35187541024, 5407584.816862741, 80), (461060.18700743513, 5407584.804074154, 80), (461062.02213946095, 5407584.791286172, 80), (461063.85727148777, 5407584.778498791, 80), (461065.69240351557, 5407584.765712013, 80), (461067.5275355443, 5407584.752925839, 80), (461069.362667574, 5407584.740140267, 80), (461071.19779960474, 5407584.727355297, 80), (461073.03293163644, 5407584.71457093, 80), (461074.8680636691, 5407584.701787166, 80), (461076.70319570275, 5407584.689004005, 80), (461078.53832773736, 5407584.676221446, 80), (461080.3734597729, 5407584.663439491, 80), (461082.2085918095, 5407584.650658137, 80), (461084.0437238471, 5407584.637877387, 80), (461085.8788558856, 5407584.625097238, 80), (461087.71398792503, 5407584.612317694, 80), (461089.5491199655, 5407584.599538752, 80), (461091.384252007, 5407584.586760412, 80), (461093.2193840494, 5407584.573982675, 80), (461095.0545160928, 5407584.561205541, 80), (461096.88964813715, 5407584.548429009, 80), (461098.72478018247, 5407584.535653081, 80), (461100.55991222884, 5407584.522877755, 80), (461102.39504427614, 5407584.510103031, 80), (461104.23017632443, 5407584.49732891, 80), (461106.06530837365, 5407584.484555392, 80), (461107.9004404239, 5407584.471782476, 80), (461109.7355724751, 5407584.459010164, 80), (461111.57070452726, 5407584.4462384535, 80), (461113.40583658044, 5407584.433467346, 80), (461115.24096863455, 5407584.420696843, 80), (461117.0761006897, 5407584.40792694, 80), (461118.91123274574, 5407584.395157641, 80), (461120.7463648028, 5407584.382388945, 80), (461122.58149686083, 5407584.36962085, 80), (461124.41662891983, 5407584.35685336, 80), (461126.2517609798, 5407584.344086472, 80), (461128.08689304075, 5407584.331320186, 80), (461129.92202510266, 5407584.318554504, 80), (461131.7571571656, 5407584.305789424, 80), (461133.5922892295, 5407584.293024947, 80), (461135.4274212943, 5407584.280261072, 80), (461137.26255336014, 5407584.2674978, 80), (461139.097685427, 5407584.254735131, 80), (461140.93281749473, 5407584.241973064, 80), (461142.7679495635, 5407584.2292116, 80), (461144.6030816332, 5407584.216450739, 80), (461146.4382137039, 5407584.20369048, 80), (461148.2733457756, 5407584.190930825, 80), (461150.10847784823, 5407584.1781717725, 80), (461151.94360992184, 5407584.165413321, 80), (461036.34966897, 5407587.749401257, 80), (461038.18480007036, 5407587.736605441, 80), (461040.01993117173, 5407587.723810228, 80), (461041.8550622741, 5407587.711015617, 80), (461043.69019337744, 5407587.698221607, 80), (461045.5253244818, 5407587.685428201, 80), (461047.3604555871, 5407587.672635398, 80), (461049.19558669336, 5407587.659843197, 80), (461051.0307178006, 5407587.6470516, 80), (461052.8658489089, 5407587.634260604, 80), (461054.70098001807, 5407587.621470212, 80), (461056.5361111283, 5407587.608680422, 80), (461058.37124223943, 5407587.595891235, 80), (461060.2063733516, 5407587.583102651, 80), (461062.0415044647, 5407587.57031467, 80), (461063.8766355788, 5407587.557527291, 80), (461065.71176669386, 5407587.544740514, 80), (461067.5468978099, 5407587.531954342, 80), (461069.3820289269, 5407587.51916877, 80), (461071.21716004494, 5407587.506383803, 80), (461073.0522911639, 5407587.493599437, 80), (461074.8874222839, 5407587.480815675, 80), (461076.7225534048, 5407587.468032515, 80), (461078.55768452666, 5407587.455249958, 80), (461080.39281564957, 5407587.442468003, 80), (461082.2279467734, 5407587.429686652, 80), (461084.06307789823, 5407587.416905903, 80), (461085.89820902405, 5407587.404125756, 80), (461087.73334015085, 5407587.391346213, 80), (461089.5684712786, 5407587.378567272, 80), (461091.4036024074, 5407587.365788934, 80), (461093.23873353703, 5407587.353011198, 80), (461095.07386466773, 5407587.3402340645, 80), (461096.9089957994, 5407587.327457535, 80), (461098.74412693206, 5407587.314681608, 80), (461100.57925806567, 5407587.301906283, 80), (461102.4143892003, 5407587.289131561, 80), (461104.2495203358, 5407587.276357442, 80), (461106.08465147234, 5407587.263583926, 80), (461107.9197826099, 5407587.2508110115, 80), (461109.75491374836, 5407587.238038701, 80), (461111.59004488785, 5407587.225266991, 80), (461113.4251760283, 5407587.212495886, 80), (461115.2603071697, 5407587.199725383, 80), (461117.0954383121, 5407587.186955483, 80), (461118.9305694555, 5407587.174186185, 80), (461120.7657005998, 5407587.16141749, 80), (461122.60083174513, 5407587.148649398, 80), (461124.43596289144, 5407587.135881908, 80), (461126.2710940387, 5407587.123115023, 80), (461128.1062251869, 5407587.110348738, 80), (461129.9413563361, 5407587.097583056, 80), (461131.7764874863, 5407587.084817978, 80), (461133.6116186375, 5407587.072053501, 80), (461135.44674978964, 5407587.05928963, 80), (461137.28188094276, 5407587.046526358, 80), (461139.11701209686, 5407587.033763691, 80), (461140.9521432519, 5407587.021001626, 80), (461142.7872744079, 5407587.008240162, 80), (461144.622405565, 5407586.995479304, 80), (461146.457536723, 5407586.982719046, 80), (461148.29266788193, 5407586.969959392, 80), (461150.12779904186, 5407586.957200341, 80), (461151.9629302028, 5407586.944441892, 80), (461036.36904675915, 5407590.528429747, 80), (461038.20417694683, 5407590.515633932, 80), (461040.0393071355, 5407590.502838719, 80), (461041.87443732517, 5407590.4900441095, 80), (461043.70956751576, 5407590.477250102, 80), (461045.5446977074, 5407590.464456698, 80), (461047.37982790003, 5407590.4516638955, 80), (461049.2149580936, 5407590.438871697, 80), (461051.0500882881, 5407590.4260801, 80), (461052.8852184836, 5407590.413289106, 80), (461054.72034868016, 5407590.400498716, 80), (461056.5554788776, 5407590.3877089275, 80), (461058.390609076, 5407590.374919742, 80), (461060.2257392755, 5407590.36213116, 80), (461062.06086947594, 5407590.34934318, 80), (461063.8959996773, 5407590.336555801, 80), (461065.73112987966, 5407590.323769028, 80), (461067.566260083, 5407590.310982856, 80), (461069.4013902873, 5407590.298197287, 80), (461071.2365204926, 5407590.28541232, 80), (461073.07165069884, 5407590.272627956, 80), (461074.90678090614, 5407590.259844196, 80), (461076.7419111143, 5407590.247061037, 80), (461078.57704132353, 5407590.2342784805, 80), (461080.4121715337, 5407590.221496529, 80), (461082.2473017448, 5407590.208715177, 80), (461084.08243195695, 5407590.195934431, 80), (461085.91756217, 5407590.183154286, 80), (461087.75269238406, 5407590.170374743, 80), (461089.58782259916, 5407590.157595804, 80), (461091.4229528152, 5407590.144817467, 80), (461093.2580830322, 5407590.132039732, 80), (461095.09321325016, 5407590.119262601, 80), (461096.9283434691, 5407590.106486073, 80), (461098.76347368903, 5407590.093710148, 80), (461100.59860390995, 5407590.0809348235, 80), (461102.43373413186, 5407590.068160103, 80), (461104.2688643547, 5407590.055385986, 80), (461106.1039945785, 5407590.042612471, 80), (461107.93912480335, 5407590.029839559, 80), (461109.7742550291, 5407590.017067249, 80), (461111.60938525584, 5407590.004295543, 80), (461113.44451548357, 5407589.991524438, 80), (461115.2796457123, 5407589.978753936, 80), (461117.114775942, 5407589.965984037, 80), (461118.94990617264, 5407589.953214741, 80), (461120.78503640427, 5407589.940446047, 80), (461122.6201666369, 5407589.927677957, 80), (461124.45529687044, 5407589.914910469, 80), (461126.29042710504, 5407589.902143584, 80), (461128.12555734057, 5407589.889377301, 80), (461129.960687577, 5407589.876611621, 80), (461131.79581781453, 5407589.863846543, 80), (461133.630948053, 5407589.85108207, 80), (461135.46607829246, 5407589.838318198, 80), (461137.3012085328, 5407589.82555493, 80), (461139.13633877423, 5407589.812792263, 80), (461140.9714690166, 5407589.8000302, 80), (461142.8065992599, 5407589.787268738, 80), (461144.6417295042, 5407589.77450788, 80), (461146.4768597495, 5407589.761747624, 80), (461148.31198999577, 5407589.748987972, 80), (461150.14712024294, 5407589.736228922, 80), (461151.98225049116, 5407589.723470474, 80), (461036.3884245558, 5407593.307458249, 80), (461038.22355383076, 5407593.294662436, 80), (461040.05868310673, 5407593.281867225, 80), (461041.89381238364, 5407593.2690726165, 80), (461043.7289416616, 5407593.256278611, 80), (461045.5640709405, 5407593.243485208, 80), (461047.3992002204, 5407593.230692407, 80), (461049.2343295013, 5407593.217900209, 80), (461051.0694587831, 5407593.205108615, 80), (461052.9045880659, 5407593.192317622, 80), (461054.7397173497, 5407593.179527233, 80), (461056.5748466344, 5407593.166737447, 80), (461058.40997592016, 5407593.153948262, 80), (461060.2451052069, 5407593.141159682, 80), (461062.0802344946, 5407593.1283717025, 80), (461063.91536378325, 5407593.115584327, 80), (461065.7504930729, 5407593.102797554, 80), (461067.58562236355, 5407593.090011384, 80), (461069.4207516551, 5407593.0772258155, 80), (461071.2558809477, 5407593.06444085, 80), (461073.09101024125, 5407593.051656488, 80), (461074.92613953585, 5407593.038872729, 80), (461076.7612688313, 5407593.026089572, 80), (461078.5963981278, 5407593.013307017, 80), (461080.43152742524, 5407593.000525067, 80), (461082.2666567237, 5407592.987743718, 80), (461084.1017860231, 5407592.974962971, 80), (461085.9369153235, 5407592.962182827, 80), (461087.77204462484, 5407592.949403286, 80), (461089.6071739272, 5407592.936624349, 80), (461091.4423032305, 5407592.923846014, 80), (461093.2774325348, 5407592.911068281, 80), (461095.11256184004, 5407592.898291152, 80), (461096.9476911463, 5407592.885514624, 80), (461098.78282045346, 5407592.8727387, 80), (461100.6179497617, 5407592.859963378, 80), (461102.4530790709, 5407592.847188659, 80), (461104.28820838104, 5407592.834414543, 80), (461106.1233376921, 5407592.82164103, 80), (461107.95846700424, 5407592.808868119, 80), (461109.7935963173, 5407592.796095811, 80), (461111.62872563134, 5407592.783324105, 80), (461113.4638549463, 5407592.770553001, 80), (461115.29898426234, 5407592.757782502, 80), (461117.13411357935, 5407592.745012604, 80), (461118.9692428973, 5407592.732243311, 80), (461120.8043722162, 5407592.719474618, 80), (461122.6395015361, 5407592.706706529, 80), (461124.47463085694, 5407592.693939042, 80), (461126.3097601788, 5407592.681172159, 80), (461128.1448895016, 5407592.668405877, 80), (461129.9800188254, 5407592.655640198, 80), (461131.8151481502, 5407592.642875124, 80), (461133.65027747594, 5407592.63011065, 80), (461135.4854068027, 5407592.61734678, 80), (461137.32053613034, 5407592.604583513, 80), (461139.15566545905, 5407592.591820847, 80), (461140.9907947887, 5407592.579058787, 80), (461142.8259241193, 5407592.566297326, 80), (461144.6610534509, 5407592.553536469, 80), (461146.4961827835, 5407592.540776216, 80), (461148.33131211705, 5407592.528016564, 80), (461150.1664414515, 5407592.515257516, 80), (461152.001570787, 5407592.50249907, 80), (461036.4078023599, 5407596.0864867605, 80), (461038.2429307222, 5407596.073690949, 80), (461040.0780590854, 5407596.06089574, 80), (461041.9131874496, 5407596.048101132, 80), (461043.7483158149, 5407596.035307127, 80), (461045.5834441811, 5407596.022513727, 80), (461047.41857254825, 5407596.009720928, 80), (461049.25370091636, 5407595.996928732, 80), (461051.08882928547, 5407595.984137139, 80), (461052.9239576556, 5407595.971346147, 80), (461054.7590860267, 5407595.958555761, 80), (461056.5942143987, 5407595.945765975, 80), (461058.4293427717, 5407595.932976793, 80), (461060.2644711458, 5407595.920188212, 80), (461062.0995995208, 5407595.907400236, 80), (461063.9347278967, 5407595.894612861, 80), (461065.76985627366, 5407595.881826089, 80), (461067.60498465155, 5407595.86903992, 80), (461069.4401130305, 5407595.856254353, 80), (461071.2752414103, 5407595.843469391, 80), (461073.1103697911, 5407595.830685029, 80), (461074.945498173, 5407595.817901271, 80), (461076.7806265558, 5407595.805118116, 80), (461078.61575493956, 5407595.792335562, 80), (461080.45088332426, 5407595.779553613, 80), (461082.28601171, 5407595.766772266, 80), (461084.1211400967, 5407595.753991522, 80), (461085.95626848435, 5407595.741211379, 80), (461087.791396873, 5407595.7284318395, 80), (461089.62652526266, 5407595.715652904, 80), (461091.4616536533, 5407595.702874569, 80), (461093.2967820448, 5407595.690096838, 80), (461095.13191043737, 5407595.677319711, 80), (461096.9670388309, 5407595.664543184, 80), (461098.8021672254, 5407595.651767262, 80), (461100.6372956209, 5407595.638991942, 80), (461102.4724240174, 5407595.626217225, 80), (461104.30755241483, 5407595.613443109, 80), (461106.1426808132, 5407595.600669597, 80), (461107.9778092126, 5407595.587896688, 80), (461109.81293761294, 5407595.575124381, 80), (461111.6480660143, 5407595.562352677, 80), (461113.48319441656, 5407595.549581575, 80), (461115.3183228199, 5407595.536811077, 80), (461117.15345122415, 5407595.524041182, 80), (461118.9885796294, 5407595.511271888, 80), (461120.8237080356, 5407595.498503198, 80), (461122.6588364428, 5407595.48573511, 80), (461124.4939648509, 5407595.472967626, 80), (461126.32909326005, 5407595.460200744, 80), (461128.16422167013, 5407595.447434463, 80), (461129.9993500812, 5407595.434668786, 80), (461131.8344784933, 5407595.421903712, 80), (461133.66960690636, 5407595.40913924, 80), (461135.50473532034, 5407595.396375372, 80), (461137.3398637353, 5407595.383612107, 80), (461139.1749921513, 5407595.370849444, 80), (461141.0101205682, 5407595.358087381, 80), (461142.84524898615, 5407595.345325924, 80), (461144.680377405, 5407595.332565069, 80), (461146.5155058249, 5407595.319804817, 80), (461148.3506342457, 5407595.307045167, 80), (461150.1857626675, 5407595.29428612, 80), (461152.0208910903, 5407595.281527675, 80), (461036.4271801715, 5407598.865515286, 80), (461038.2623076211, 5407598.8527194755, 80), (461040.0974350716, 5407598.8399242675, 80), (461041.9325625231, 5407598.827129662, 80), (461043.7676899756, 5407598.81433566, 80), (461045.6028174291, 5407598.80154226, 80), (461047.4379448836, 5407598.788749462, 80), (461049.273072339, 5407598.775957269, 80), (461051.1081997954, 5407598.763165675, 80), (461052.9433272528, 5407598.750374687, 80), (461054.7784547112, 5407598.737584299, 80), (461056.6135821705, 5407598.724794517, 80), (461058.4487096308, 5407598.712005336, 80), (461060.28383709217, 5407598.699216757, 80), (461062.1189645544, 5407598.686428782, 80), (461063.9540920176, 5407598.673641409, 80), (461065.78921948187, 5407598.660854639, 80), (461067.62434694706, 5407598.648068471, 80), (461069.45947441325, 5407598.635282906, 80), (461071.29460188036, 5407598.622497944, 80), (461073.12972934847, 5407598.609713584, 80), (461074.9648568177, 5407598.596929828, 80), (461076.7999842877, 5407598.584146674, 80), (461078.6351117588, 5407598.571364122, 80), (461080.4702392308, 5407598.558582175, 80), (461082.3053667038, 5407598.545800828, 80), (461084.1404941778, 5407598.533020085, 80), (461085.97562165273, 5407598.520239945, 80), (461087.8107491287, 5407598.507460408, 80), (461089.6458766056, 5407598.494681472, 80), (461091.48100408353, 5407598.4819031395, 80), (461093.31613156234, 5407598.469125409, 80), (461095.1512590422, 5407598.456348283, 80), (461096.986386523, 5407598.443571759, 80), (461098.8215140048, 5407598.430795837, 80), (461100.6566414876, 5407598.4180205185, 80), (461102.4917689714, 5407598.405245803, 80), (461104.32689645607, 5407598.39247169, 80), (461106.16202394175, 5407598.379698179, 80), (461107.9971514284, 5407598.366925271, 80), (461109.8322789161, 5407598.354152965, 80), (461111.6674064047, 5407598.341381263, 80), (461113.50253389427, 5407598.328610164, 80), (461115.33766138484, 5407598.315839667, 80), (461117.1727888764, 5407598.303069772, 80), (461119.00791636895, 5407598.29030048, 80), (461120.84304386243, 5407598.2775317915, 80), (461122.6781713569, 5407598.2647637045, 80), (461124.51329885237, 5407598.251996222, 80), (461126.34842634876, 5407598.239229341, 80), (461128.18355384615, 5407598.226463062, 80), (461130.0186813445, 5407598.213697387, 80), (461131.85380884394, 5407598.200932315, 80), (461133.68893634423, 5407598.188167843, 80), (461135.5240638455, 5407598.175403978, 80), (461137.3591913478, 5407598.162640713, 80), (461139.19431885105, 5407598.149878051, 80), (461141.02944635524, 5407598.137115992, 80), (461142.8645738604, 5407598.124354535, 80), (461144.6997013666, 5407598.111593682, 80), (461146.5348288738, 5407598.098833431, 80), (461148.3699563819, 5407598.086073782, 80), (461150.205083891, 5407598.073314737, 80), (461152.04021140106, 5407598.060556293, 80), (461036.4465579906, 5407601.644543825, 80), (461038.28168452746, 5407601.631748016, 80), (461040.1168110653, 5407601.618952809, 80), (461041.9519376041, 5407601.606158205, 80), (461043.78706414386, 5407601.593364204, 80), (461045.62219068466, 5407601.580570805, 80), (461047.4573172264, 5407601.567778009, 80), (461049.2924437691, 5407601.554985817, 80), (461051.1275703128, 5407601.542194226, 80), (461052.9626968575, 5407601.529403238, 80), (461054.79782340315, 5407601.516612853, 80), (461056.63294994977, 5407601.503823071, 80), (461058.4680764974, 5407601.491033891, 80), (461060.303203046, 5407601.478245314, 80), (461062.1383295955, 5407601.465457341, 80), (461063.9734561461, 5407601.452669969, 80), (461065.80858269753, 5407601.4398831995, 80), (461067.64370925, 5407601.427097034, 80), (461069.4788358035, 5407601.41431147, 80), (461071.31396235793, 5407601.40152651, 80), (461073.14908891334, 5407601.388742152, 80), (461074.9842154698, 5407601.375958397, 80), (461076.8193420271, 5407601.363175244, 80), (461078.6544685855, 5407601.3503926955, 80), (461080.4895951448, 5407601.337610749, 80), (461082.32472170505, 5407601.324829404, 80), (461084.15984826634, 5407601.312048662, 80), (461085.9949748286, 5407601.299268522, 80), (461087.8301013918, 5407601.2864889875, 80), (461089.665227956, 5407601.2737100525, 80), (461091.50035452127, 5407601.260931723, 80), (461093.3354810874, 5407601.248153995, 80), (461095.1706076545, 5407601.235376869, 80), (461097.0057342226, 5407601.222600346, 80), (461098.8408607917, 5407601.209824426, 80), (461100.67598736176, 5407601.197049108, 80), (461102.5111139328, 5407601.184274394, 80), (461104.3462405048, 5407601.171500282, 80), (461106.18136707775, 5407601.158726774, 80), (461108.0164936517, 5407601.145953867, 80), (461109.8516202267, 5407601.133181563, 80), (461111.6867468026, 5407601.120409862, 80), (461113.5218733794, 5407601.107638764, 80), (461115.3569999573, 5407601.094868268, 80), (461117.19212653616, 5407601.082098376, 80), (461119.02725311596, 5407601.069329085, 80), (461120.86237969674, 5407601.056560398, 80), (461122.6975062785, 5407601.043792313, 80), (461124.5326328612, 5407601.031024831, 80), (461126.3677594449, 5407601.018257951, 80), (461128.2028860296, 5407601.005491675, 80), (461130.0380126153, 5407600.992726, 80), (461131.87313920195, 5407600.9799609305, 80), (461133.70826578955, 5407600.967196461, 80), (461135.54339237814, 5407600.954432596, 80), (461137.37851896766, 5407600.941669333, 80), (461139.2136455582, 5407600.928906671, 80), (461141.0487721497, 5407600.916144614, 80), (461142.8838987422, 5407600.903383159, 80), (461144.7190253357, 5407600.890622307, 80), (461146.55415193015, 5407600.877862057, 80), (461148.38927852554, 5407600.865102411, 80), (461150.2244051219, 5407600.8523433665, 80), (461152.05953171925, 5407600.839584924, 80), (461036.46593581716, 5407604.4235723745, 80), (461038.3010614413, 5407604.410776567, 80), (461040.13618706644, 5407604.397981361, 80), (461041.9713126925, 5407604.385186759, 80), (461043.80643831956, 5407604.372392759, 80), (461045.64156394766, 5407604.359599362, 80), (461047.4766895767, 5407604.346806568, 80), (461049.31181520666, 5407604.334014376, 80), (461051.1469408377, 5407604.321222787, 80), (461052.9820664696, 5407604.3084318, 80), (461054.81719210255, 5407604.295641418, 80), (461056.6523177365, 5407604.282851636, 80), (461058.4874433713, 5407604.27006246, 80), (461060.3225690073, 5407604.257273883, 80), (461062.1576946441, 5407604.24448591, 80), (461063.9928202819, 5407604.231698541, 80), (461065.82794592076, 5407604.218911773, 80), (461067.6630715605, 5407604.206125609, 80), (461069.49819720123, 5407604.193340046, 80), (461071.33332284295, 5407604.1805550875, 80), (461073.16844848567, 5407604.16777073, 80), (461075.00357412937, 5407604.154986977, 80), (461076.838699774, 5407604.142203826, 80), (461078.6738254196, 5407604.129421278, 80), (461080.50895106624, 5407604.116639332, 80), (461082.34407671384, 5407604.10385799, 80), (461084.17920236243, 5407604.0910772495, 80), (461086.01432801195, 5407604.078297112, 80), (461087.8494536624, 5407604.065517577, 80), (461089.68457931397, 5407604.052738644, 80), (461091.5197049664, 5407604.039960316, 80), (461093.3548306199, 5407604.02718259, 80), (461095.1899562743, 5407604.014405465, 80), (461097.02508192963, 5407604.001628945, 80), (461098.86020758597, 5407603.988853025, 80), (461100.69533324335, 5407603.97607771, 80), (461102.5304589017, 5407603.963302997, 80), (461104.365584561, 5407603.950528886, 80), (461106.20071022125, 5407603.937755379, 80), (461108.03583588253, 5407603.924982473, 80), (461109.87096154474, 5407603.912210171, 80), (461111.7060872079, 5407603.899438472, 80), (461113.5412128721, 5407603.886667375, 80), (461115.3763385372, 5407603.873896881, 80), (461117.21146420337, 5407603.86112699, 80), (461119.0465898705, 5407603.848357701, 80), (461120.88171553856, 5407603.835589015, 80), (461122.7168412076, 5407603.822820932, 80), (461124.5519668776, 5407603.810053451, 80), (461126.3870925486, 5407603.797286573, 80), (461128.22221822053, 5407603.784520297, 80), (461130.0573438935, 5407603.771754625, 80), (461131.8924695675, 5407603.758989556, 80), (461133.7275952423, 5407603.746225088, 80), (461135.5627209182, 5407603.7334612245, 80), (461137.39784659503, 5407603.720697963, 80), (461139.2329722729, 5407603.707935303, 80), (461141.0680979517, 5407603.695173248, 80), (461142.90322363144, 5407603.682411794, 80), (461144.7383493122, 5407603.669650944, 80), (461146.57347499393, 5407603.656890695, 80), (461148.40860067663, 5407603.6441310495, 80), (461150.24372636026, 5407603.631372008, 80), (461152.07885204494, 5407603.618613566, 80), (461036.4853136512, 5407607.2026009355, 80), (461038.32043836266, 5407607.189805129, 80), (461040.15556307504, 5407607.177009925, 80), (461041.9906877884, 5407607.1642153235, 80), (461043.82581250276, 5407607.151421325, 80), (461045.6609372181, 5407607.138627931, 80), (461047.49606193445, 5407607.125835137, 80), (461049.3311866517, 5407607.113042947, 80), (461051.16631137003, 5407607.10025136, 80), (461053.0014360893, 5407607.087460375, 80), (461054.8365608095, 5407607.074669994, 80), (461056.6716855307, 5407607.061880214, 80), (461058.50681025285, 5407607.049091037, 80), (461060.34193497605, 5407607.036302463, 80), (461062.1770597002, 5407607.023514492, 80), (461064.01218442526, 5407607.010727124, 80), (461065.8473091513, 5407606.997940358, 80), (461067.6824338784, 5407606.985154195, 80), (461069.51755860646, 5407606.972368634, 80), (461071.3526833354, 5407606.959583677, 80), (461073.18780806544, 5407606.946799321, 80), (461075.02293279645, 5407606.934015569, 80), (461076.8580575284, 5407606.92123242, 80), (461078.6931822613, 5407606.908449874, 80), (461080.52830699517, 5407606.895667929, 80), (461082.3634317301, 5407606.882886589, 80), (461084.1985564659, 5407606.87010585, 80), (461086.03368120274, 5407606.857325713, 80), (461087.8688059405, 5407606.84454618, 80), (461089.7039306793, 5407606.831767249, 80), (461091.5390554191, 5407606.818988921, 80), (461093.37418015976, 5407606.806211198, 80), (461095.2093049015, 5407606.793434074, 80), (461097.0444296442, 5407606.780657555, 80), (461098.8795543878, 5407606.767881637, 80), (461100.71467913245, 5407606.755106323, 80), (461102.54980387806, 5407606.742331611, 80), (461104.38492862467, 5407606.729557502, 80), (461106.2200533722, 5407606.716783996, 80), (461108.05517812073, 5407606.704011092, 80), (461109.89030287025, 5407606.691238792, 80), (461111.7254276207, 5407606.678467094, 80), (461113.5605523722, 5407606.665695998, 80), (461115.3956771246, 5407606.652925505, 80), (461117.23080187803, 5407606.640155615, 80), (461119.06592663244, 5407606.627386328, 80), (461120.9010513878, 5407606.614617644, 80), (461122.7361761441, 5407606.6018495625, 80), (461124.5713009014, 5407606.589082083, 80), (461126.40642565966, 5407606.5763152065, 80), (461128.24155041896, 5407606.563548933, 80), (461130.0766751792, 5407606.550783263, 80), (461131.9117999404, 5407606.538018195, 80), (461133.7469247026, 5407606.525253728, 80), (461135.58204946574, 5407606.5124898655, 80), (461137.41717422986, 5407606.499726605, 80), (461139.25229899504, 5407606.486963947, 80), (461141.0874237611, 5407606.4742018925, 80), (461142.9225485281, 5407606.461440441, 80), (461144.75767329615, 5407606.4486795915, 80), (461146.5927980652, 5407606.435919344, 80), (461148.42792283517, 5407606.423159701, 80), (461150.2630476061, 5407606.41040066, 80), (461152.098172378, 5407606.397642221, 80), (461036.50469149277, 5407609.9816295095, 80), (461038.33981529146, 5407609.9688337045, 80), (461040.17493909114, 5407609.956038503, 80), (461042.0100628918, 5407609.943243902, 80), (461043.8451866935, 5407609.930449905, 80), (461045.68031049607, 5407609.917656511, 80), (461047.5154342997, 5407609.904863721, 80), (461049.3505581043, 5407609.892071531, 80), (461051.1856819098, 5407609.879279945, 80), (461053.0208057164, 5407609.8664889615, 80), (461054.8559295239, 5407609.853698581, 80), (461056.69105333235, 5407609.840908804, 80), (461058.5261771418, 5407609.828119629, 80), (461060.3613009523, 5407609.815331057, 80), (461062.1964247637, 5407609.802543086, 80), (461064.0315485761, 5407609.78975572, 80), (461065.86667238944, 5407609.776968955, 80), (461067.70179620385, 5407609.764182794, 80), (461069.53692001913, 5407609.751397234, 80), (461071.37204383546, 5407609.738612278, 80), (461073.20716765267, 5407609.725827926, 80), (461075.042291471, 5407609.713044174, 80), (461076.8774152902, 5407609.700261027, 80), (461078.7125391104, 5407609.687478482, 80), (461080.5476629316, 5407609.674696538, 80), (461082.3827867537, 5407609.661915198, 80), (461084.2179105769, 5407609.649134462, 80), (461086.053034401, 5407609.636354326, 80), (461087.88815822604, 5407609.623574795, 80), (461089.72328205215, 5407609.610795866, 80), (461091.5584058792, 5407609.598017539, 80), (461093.3935297072, 5407609.585239816, 80), (461095.2286535362, 5407609.572462696, 80), (461097.06377736613, 5407609.5596861765, 80), (461098.89890119707, 5407609.546910261, 80), (461100.734025029, 5407609.534134948, 80), (461102.5691488619, 5407609.521360238, 80), (461104.40427269577, 5407609.50858613, 80), (461106.2393965306, 5407609.495812627, 80), (461108.07452036644, 5407609.483039725, 80), (461109.90964420326, 5407609.470267425, 80), (461111.744768041, 5407609.4574957285, 80), (461113.57989187975, 5407609.444724634, 80), (461115.4150157195, 5407609.431954143, 80), (461117.2501395602, 5407609.4191842545, 80), (461119.08526340185, 5407609.406414968, 80), (461120.9203872445, 5407609.393646286, 80), (461122.7555110881, 5407609.3808782045, 80), (461124.59063493274, 5407609.3681107275, 80), (461126.42575877823, 5407609.355343853, 80), (461128.26088262483, 5407609.342577581, 80), (461130.0960064723, 5407609.329811911, 80), (461131.9311303209, 5407609.317046844, 80), (461133.76625417033, 5407609.30428238, 80), (461135.6013780208, 5407609.291518519, 80), (461137.43650187214, 5407609.278755261, 80), (461139.2716257246, 5407609.265992604, 80), (461141.106749578, 5407609.25323055, 80), (461142.94187343225, 5407609.2404691, 80), (461144.77699728764, 5407609.227708252, 80), (461146.61212114396, 5407609.214948007, 80), (461148.4472450012, 5407609.202188366, 80), (461150.2823688594, 5407609.189429325, 80), (461152.1174927186, 5407609.176670888, 80), (461036.5240693418, 5407612.760658094, 80), (461038.35919222777, 5407612.7478622915, 80), (461040.1943151147, 5407612.73506709, 80), (461042.0294380027, 5407612.722272492, 80), (461043.8645608916, 5407612.709478497, 80), (461045.69968378154, 5407612.696685105, 80), (461047.5348066724, 5407612.683892315, 80), (461049.3699295643, 5407612.671100127, 80), (461051.2050524571, 5407612.658308542, 80), (461053.04017535097, 5407612.645517561, 80), (461054.87529824575, 5407612.6327271825, 80), (461056.7104211415, 5407612.619937406, 80), (461058.54554403824, 5407612.607148232, 80), (461060.38066693605, 5407612.594359661, 80), (461062.21578983474, 5407612.581571693, 80), (461064.0509127344, 5407612.568784327, 80), (461065.8860356351, 5407612.555997564, 80), (461067.72115853673, 5407612.543211405, 80), (461069.5562814393, 5407612.530425847, 80), (461071.3914043429, 5407612.517640892, 80), (461073.22652724746, 5407612.50485654, 80), (461075.061650153, 5407612.49207279, 80), (461076.8967730595, 5407612.479289644, 80), (461078.73189596704, 5407612.4665071005, 80), (461080.5670188755, 5407612.453725159, 80), (461082.4021417849, 5407612.44094382, 80), (461084.23726469534, 5407612.428163085, 80), (461086.0723876067, 5407612.4153829515, 80), (461087.9075105191, 5407612.402603422, 80), (461089.74263343244, 5407612.389824495, 80), (461091.5777563468, 5407612.37704617, 80), (461093.4128792621, 5407612.364268446, 80), (461095.2480021784, 5407612.351491328, 80), (461097.0831250956, 5407612.338714811, 80), (461098.9182480138, 5407612.325938897, 80), (461100.75337093306, 5407612.313163585, 80), (461102.5884938532, 5407612.300388878, 80), (461104.4236167744, 5407612.287614771, 80), (461106.25873969647, 5407612.274841268, 80), (461108.0938626196, 5407612.262068368, 80), (461109.92898554367, 5407612.249296069, 80), (461111.7641084688, 5407612.236524375, 80), (461113.59923139476, 5407612.223753282, 80), (461115.4343543218, 5407612.210982792, 80), (461117.2694772498, 5407612.198212905, 80), (461119.1046001787, 5407612.185443621, 80), (461120.93972310866, 5407612.172674938, 80), (461122.7748460396, 5407612.15990686, 80), (461124.60996897146, 5407612.147139384, 80), (461126.4450919043, 5407612.134372511, 80), (461128.2802148381, 5407612.12160624, 80), (461130.11533777294, 5407612.108840573, 80), (461131.95046070876, 5407612.096075507, 80), (461133.7855836455, 5407612.083311044, 80), (461135.62070658326, 5407612.070547184, 80), (461137.45582952193, 5407612.057783928, 80), (461139.29095246166, 5407612.045021273, 80), (461141.12607540225, 5407612.032259221, 80), (461142.9611983439, 5407612.019497771, 80), (461144.7963212865, 5407612.006736925, 80), (461146.6314442301, 5407611.9939766815, 80), (461148.46656717465, 5407611.981217041, 80), (461150.3016901202, 5407611.968458002, 80), (461152.13681306667, 5407611.955699567, 80), (461036.5434471983, 5407615.539686693, 80), (461038.37856917153, 5407615.52689089, 80), (461040.21369114576, 5407615.514095691, 80), (461042.04881312104, 5407615.501301094, 80), (461043.88393509726, 5407615.4885071, 80), (461045.71905707446, 5407615.475713708, 80), (461047.55417905265, 5407615.462920921, 80), (461049.3893010318, 5407615.450128734, 80), (461051.2244230119, 5407615.437337152, 80), (461053.05954499304, 5407615.424546172, 80), (461054.89466697513, 5407615.411755795, 80), (461056.72978895815, 5407615.398966019, 80), (461058.56491094216, 5407615.386176848, 80), (461060.4000329273, 5407615.373388277, 80), (461062.2351549132, 5407615.360600311, 80), (461064.0702769002, 5407615.347812948, 80), (461065.9053988881, 5407615.335026185, 80), (461067.74052087707, 5407615.322240028, 80), (461069.57564286696, 5407615.309454471, 80), (461071.4107648578, 5407615.296669519, 80), (461073.24588684965, 5407615.283885167, 80), (461075.0810088425, 5407615.27110142, 80), (461076.9161308363, 5407615.258318274, 80), (461078.7512528311, 5407615.245535732, 80), (461080.58637482685, 5407615.232753792, 80), (461082.42149682355, 5407615.219972456, 80), (461084.25661882124, 5407615.207191722, 80), (461086.0917408199, 5407615.19441159, 80), (461087.9268628196, 5407615.1816320615, 80), (461089.76198482024, 5407615.168853135, 80), (461091.59710682184, 5407615.156074812, 80), (461093.4322288245, 5407615.14329709, 80), (461095.267350828, 5407615.130519973, 80), (461097.10247283254, 5407615.117743458, 80), (461098.93759483803, 5407615.104967544, 80), (461100.7727168445, 5407615.092192235, 80), (461102.60783885204, 5407615.079417529, 80), (461104.44296086044, 5407615.066643423, 80), (461106.27808286983, 5407615.053869922, 80), (461108.11320488027, 5407615.041097023, 80), (461109.94832689164, 5407615.028324726, 80), (461111.78344890394, 5407615.015553033, 80), (461113.6185709173, 5407615.002781942, 80), (461115.45369293157, 5407614.990011454, 80), (461117.2888149469, 5407614.977241568, 80), (461119.1239369631, 5407614.9644722855, 80), (461120.9590589803, 5407614.951703605, 80), (461122.7941809985, 5407614.938935528, 80), (461124.6293030177, 5407614.926168053, 80), (461126.4644250378, 5407614.913401181, 80), (461128.2995470589, 5407614.900634912, 80), (461130.134669081, 5407614.887869245, 80), (461131.9697911041, 5407614.8751041815, 80), (461133.80491312814, 5407614.862339719, 80), (461135.64003515313, 5407614.849575862, 80), (461137.4751571791, 5407614.836812606, 80), (461139.31027920614, 5407614.824049953, 80), (461141.14540123404, 5407614.811287902, 80), (461142.980523263, 5407614.798526455, 80), (461144.81564529287, 5407614.785765611, 80), (461146.65076732374, 5407614.773005368, 80), (461148.4858893556, 5407614.760245729, 80), (461150.3210113884, 5407614.747486692, 80), (461152.15613342216, 5407614.734728258, 80), (461036.5628250622, 5407618.318715301, 80), (461038.3979461228, 5407618.3059195, 80), (461040.23306718434, 5407618.293124303, 80), (461042.06818824686, 5407618.280329707, 80), (461043.9033093103, 5407618.267535714, 80), (461045.7384303748, 5407618.254742325, 80), (461047.5735514403, 5407618.241949539, 80), (461049.40867250675, 5407618.229157354, 80), (461051.24379357416, 5407618.216365772, 80), (461053.07891464257, 5407618.203574793, 80), (461054.9140357119, 5407618.190784418, 80), (461056.7491567823, 5407618.177994645, 80), (461058.58427785354, 5407618.165205474, 80), (461060.4193989259, 5407618.152416905, 80), (461062.2545199992, 5407618.13962894, 80), (461064.0896410734, 5407618.126841579, 80), (461065.92476214864, 5407618.114054818, 80), (461067.75988322485, 5407618.10126866, 80), (461069.59500430204, 5407618.088483105, 80), (461071.43012538017, 5407618.075698155, 80), (461073.2652464593, 5407618.062913805, 80), (461075.10036753945, 5407618.050130059, 80), (461076.93548862054, 5407618.037346915, 80), (461078.77060970257, 5407618.024564375, 80), (461080.60573078564, 5407618.011782437, 80), (461082.44085186964, 5407617.999001102, 80), (461084.27597295464, 5407617.986220369, 80), (461086.1110940406, 5407617.973440238, 80), (461087.94621512754, 5407617.960660711, 80), (461089.7813362155, 5407617.947881786, 80), (461091.6164573044, 5407617.935103464, 80), (461093.4515783943, 5407617.922325745, 80), (461095.2866994851, 5407617.909548628, 80), (461097.1218205769, 5407617.896772115, 80), (461098.9569416697, 5407617.8839962045, 80), (461100.7920627635, 5407617.871220895, 80), (461102.62718385825, 5407617.85844619, 80), (461104.46230495395, 5407617.845672087, 80), (461106.29742605065, 5407617.832898587, 80), (461108.1325471484, 5407617.820125689, 80), (461109.967668247, 5407617.807353394, 80), (461111.8027893466, 5407617.794581702, 80), (461113.6379104472, 5407617.781810612, 80), (461115.4730315488, 5407617.769040125, 80), (461117.3081526514, 5407617.756270241, 80), (461119.1432737549, 5407617.74350096, 80), (461120.9783948594, 5407617.730732281, 80), (461122.8135159649, 5407617.717964206, 80), (461124.64863707137, 5407617.705196732, 80), (461126.4837581788, 5407617.692429862, 80), (461128.31887928717, 5407617.679663595, 80), (461130.1540003965, 5407617.666897928, 80), (461131.9891215069, 5407617.654132866, 80), (461133.8242426182, 5407617.641368408, 80), (461135.6593637305, 5407617.62860455, 80), (461137.4944848438, 5407617.615841296, 80), (461139.3296059581, 5407617.603078644, 80), (461141.1647270733, 5407617.5903165955, 80), (461142.9998481895, 5407617.577555149, 80), (461144.8349693067, 5407617.564794306, 80), (461146.6700904248, 5407617.552034064, 80), (461148.505211544, 5407617.539274427, 80), (461150.3403326641, 5407617.526515392, 80), (461152.1754537851, 5407617.513756959, 80), (461036.58220293367, 5407621.097743923, 80), (461038.4173230815, 5407621.084948123, 80), (461040.25244323036, 5407621.0721529275, 80), (461042.08756338013, 5407621.059358333, 80), (461043.92268353095, 5407621.0465643415, 80), (461045.7578036827, 5407621.033770954, 80), (461047.5929238355, 5407621.020978169, 80), (461049.4280439892, 5407621.0081859855, 80), (461051.2631641439, 5407620.995394406, 80), (461053.0982842996, 5407620.982603429, 80), (461054.93340445624, 5407620.969813054, 80), (461056.7685246139, 5407620.957023283, 80), (461058.60364477243, 5407620.944234113, 80), (461060.4387649321, 5407620.931445547, 80), (461062.27388509264, 5407620.918657583, 80), (461064.10900525417, 5407620.9058702225, 80), (461065.9441254167, 5407620.893083463, 80), (461067.77924558014, 5407620.880297308, 80), (461069.61436574464, 5407620.867511755, 80), (461071.44948591007, 5407620.854726804, 80), (461073.2846060765, 5407620.841942457, 80), (461075.1197262439, 5407620.829158712, 80), (461076.9548464123, 5407620.81637557, 80), (461078.7899665816, 5407620.80359303, 80), (461080.62508675194, 5407620.7908110935, 80), (461082.4602069232, 5407620.77802976, 80), (461084.2953270955, 5407620.765249029, 80), (461086.1304472688, 5407620.752468901, 80), (461087.965567443, 5407620.739689373, 80), (461089.8006876182, 5407620.7269104505, 80), (461091.6358077944, 5407620.714132131, 80), (461093.47092797153, 5407620.701354412, 80), (461095.3060481497, 5407620.688577297, 80), (461097.14116832876, 5407620.6758007845, 80), (461098.97628850886, 5407620.663024876, 80), (461100.81140868994, 5407620.650249569, 80), (461102.64652887196, 5407620.637474865, 80), (461104.481649055, 5407620.624700763, 80), (461106.31676923897, 5407620.611927264, 80), (461108.15188942396, 5407620.599154367, 80), (461109.9870096099, 5407620.586382075, 80), (461111.8221297968, 5407620.573610384, 80), (461113.6572499846, 5407620.560839296, 80), (461115.4923701735, 5407620.548068811, 80), (461117.3274903634, 5407620.535298929, 80), (461119.1626105542, 5407620.522529649, 80), (461120.99773074593, 5407620.509760971, 80), (461122.8328509387, 5407620.496992897, 80), (461124.6679711325, 5407620.484225426, 80), (461126.50309132715, 5407620.471458556, 80), (461128.33821152285, 5407620.458692289, 80), (461130.17333171953, 5407620.445926625, 80), (461132.0084519172, 5407620.433161566, 80), (461133.8435721158, 5407620.4203971075, 80), (461135.6786923154, 5407620.4076332515, 80), (461137.51381251594, 5407620.394869999, 80), (461139.34893271746, 5407620.382107348, 80), (461141.18405291997, 5407620.369345301, 80), (461143.01917312347, 5407620.356583857, 80), (461144.85429332795, 5407620.343823014, 80), (461146.68941353343, 5407620.331062775, 80), (461148.52453373984, 5407620.31830314, 80), (461150.3596539472, 5407620.305544104, 80), (461152.19477415556, 5407620.292785673, 80), (461036.6015808126, 5407623.876772556, 80), (461038.43670004775, 5407623.863976759, 80), (461040.27181928384, 5407623.851181563, 80), (461042.1069385209, 5407623.8383869715, 80), (461043.94205775904, 5407623.825592982, 80), (461045.7771769981, 5407623.812799596, 80), (461047.61229623813, 5407623.8000068115, 80), (461049.4474154791, 5407623.787214629, 80), (461051.2825347211, 5407623.774423053, 80), (461053.1176539641, 5407623.7616320755, 80), (461054.95277320803, 5407623.748841702, 80), (461056.7878924529, 5407623.736051932, 80), (461058.62301169883, 5407623.7232627645, 80), (461060.45813094574, 5407623.7104742, 80), (461062.2932501936, 5407623.697686237, 80), (461064.12836944236, 5407623.6848988775, 80), (461065.9634886922, 5407623.672112121, 80), (461067.79860794294, 5407623.659325967, 80), (461069.6337271947, 5407623.646540415, 80), (461071.4688464474, 5407623.633755466, 80), (461073.3039657011, 5407623.62097112, 80), (461075.1390849558, 5407623.6081873765, 80), (461076.9742042115, 5407623.595404236, 80), (461078.8093234681, 5407623.582621698, 80), (461080.6444427257, 5407623.569839763, 80), (461082.4795619843, 5407623.557058431, 80), (461084.31468124385, 5407623.5442777015, 80), (461086.1498005044, 5407623.5314975735, 80), (461087.98491976585, 5407623.518718049, 80), (461089.82003902836, 5407623.505939127, 80), (461091.65515829186, 5407623.493160808, 80), (461093.4902775563, 5407623.480383093, 80), (461095.3253968217, 5407623.467605978, 80), (461097.1605160881, 5407623.454829467, 80), (461098.9956353555, 5407623.44205356, 80), (461100.8307546238, 5407623.4292782545, 80), (461102.6658738932, 5407623.416503551, 80), (461104.50099316344, 5407623.403729452, 80), (461106.3361124347, 5407623.390955954, 80), (461108.171231707, 5407623.378183059, 80), (461110.0063509802, 5407623.3654107675, 80), (461111.84147025435, 5407623.352639078, 80), (461113.6765895295, 5407623.339867991, 80), (461115.5117088057, 5407623.327097507, 80), (461117.34682808287, 5407623.3143276265, 80), (461119.1819473609, 5407623.301558348, 80), (461121.01706664, 5407623.288789672, 80), (461122.85218592006, 5407623.2760216, 80), (461124.6873052011, 5407623.26325413, 80), (461126.5224244831, 5407623.250487262, 80), (461128.35754376603, 5407623.237720997, 80), (461130.19266304997, 5407623.224955335, 80), (461132.02778233495, 5407623.212190275, 80), (461133.86290162086, 5407623.199425819, 80), (461135.6980209077, 5407623.186661965, 80), (461137.53314019553, 5407623.173898714, 80), (461139.36825948436, 5407623.161136065, 80), (461141.20337877417, 5407623.148374019, 80), (461143.0384980649, 5407623.135612576, 80), (461144.8736173567, 5407623.122851735, 80), (461146.7087366494, 5407623.110091497, 80), (461148.54385594313, 5407623.097331863, 80), (461150.3789752378, 5407623.08457283, 80), (461152.2140945334, 5407623.071814401, 80), (461036.62095869903, 5407626.655801202, 80), (461038.45607702143, 5407626.6430054065, 80), (461040.2911953448, 5407626.630210212, 80), (461042.1263136692, 5407626.617415622, 80), (461043.96143199457, 5407626.604621634, 80), (461045.7965503209, 5407626.591828249, 80), (461047.6316686482, 5407626.579035466, 80), (461049.46678697655, 5407626.566243286, 80), (461051.3019053058, 5407626.553451709, 80), (461053.137023636, 5407626.540660734, 80), (461054.9721419673, 5407626.527870364, 80), (461056.80726029945, 5407626.5150805935, 80), (461058.6423786326, 5407626.502291428, 80), (461060.47749696684, 5407626.489502865, 80), (461062.3126153019, 5407626.4767149035, 80), (461064.14773363806, 5407626.463927546, 80), (461065.98285197513, 5407626.45114079, 80), (461067.8179703132, 5407626.438354638, 80), (461069.65308865224, 5407626.425569087, 80), (461071.4882069922, 5407626.41278414, 80), (461073.3233253332, 5407626.3999997955, 80), (461075.1584436752, 5407626.387216054, 80), (461076.99356201815, 5407626.374432915, 80), (461078.828680362, 5407626.361650378, 80), (461080.66379870696, 5407626.348868445, 80), (461082.4989170528, 5407626.336087112, 80), (461084.33403539966, 5407626.323306385, 80), (461086.1691537475, 5407626.310526258, 80), (461088.00427209627, 5407626.297746736, 80), (461089.839390446, 5407626.284967816, 80), (461091.67450879683, 5407626.272189499, 80), (461093.50962714857, 5407626.259411784, 80), (461095.34474550124, 5407626.246634671, 80), (461097.1798638549, 5407626.233858163, 80), (461099.01498220954, 5407626.221082256, 80), (461100.8501005652, 5407626.208306951, 80), (461102.6852189218, 5407626.19553225, 80), (461104.52033727936, 5407626.182758152, 80), (461106.3554556379, 5407626.169984655, 80), (461108.19057399745, 5407626.157211763, 80), (461110.025692358, 5407626.144439472, 80), (461111.86081071943, 5407626.131667785, 80), (461113.6959290819, 5407626.1188966995, 80), (461115.5310474454, 5407626.106126218, 80), (461117.3661658098, 5407626.093356337, 80), (461119.20128417516, 5407626.080587061, 80), (461121.0364025415, 5407626.0678183865, 80), (461122.87152090884, 5407626.055050315, 80), (461124.70663927717, 5407626.042282847, 80), (461126.5417576464, 5407626.02951598, 80), (461128.3768760167, 5407626.016749717, 80), (461130.2119943879, 5407626.0039840555, 80), (461132.04711276013, 5407625.991218997, 80), (461133.88223113335, 5407625.978454543, 80), (461135.7173495075, 5407625.96569069, 80), (461137.5524678826, 5407625.952927441, 80), (461139.3875862587, 5407625.940164793, 80), (461141.2227046358, 5407625.92740275, 80), (461143.05782301386, 5407625.914641308, 80), (461144.8929413929, 5407625.901880468, 80), (461146.7280597729, 5407625.889120231, 80), (461148.5631781539, 5407625.876360599, 80), (461150.39829653583, 5407625.863601568, 80), (461152.23341491877, 5407625.850843139, 80), (461036.6403365929, 5407629.434829859, 80), (461038.4754540026, 5407629.422034064, 80), (461040.3105714133, 5407629.409238872, 80), (461042.14568882494, 5407629.396444283, 80), (461043.9808062376, 5407629.383650296, 80), (461045.8159236512, 5407629.370856914, 80), (461047.6510410658, 5407629.358064132, 80), (461049.4861584814, 5407629.345271954, 80), (461051.32127589796, 5407629.332480378, 80), (461053.1563933155, 5407629.319689405, 80), (461054.991510734, 5407629.306899035, 80), (461056.82662815345, 5407629.294109268, 80), (461058.6617455739, 5407629.281320103, 80), (461060.49686299544, 5407629.26853154, 80), (461062.33198041783, 5407629.255743582, 80), (461064.1670978412, 5407629.242956225, 80), (461066.00221526553, 5407629.230169471, 80), (461067.8373326909, 5407629.2173833195, 80), (461069.6724501172, 5407629.204597771, 80), (461071.50756754447, 5407629.191812825, 80), (461073.34268497274, 5407629.179028483, 80), (461075.17780240206, 5407629.1662447415, 80), (461077.01291983225, 5407629.153461604, 80), (461078.8480372635, 5407629.140679069, 80), (461080.68315469567, 5407629.127897137, 80), (461082.5182721288, 5407629.115115807, 80), (461084.3533895629, 5407629.1023350805, 80), (461086.188506998, 5407629.089554956, 80), (461088.0236244341, 5407629.076775434, 80), (461089.8587418712, 5407629.063996515, 80), (461091.69385930925, 5407629.0512182, 80), (461093.52897674823, 5407629.038440486, 80), (461095.3640941882, 5407629.025663377, 80), (461097.19921162917, 5407629.012886869, 80), (461099.03432907106, 5407629.000110963, 80), (461100.869446514, 5407628.98733566, 80), (461102.70456395793, 5407628.974560961, 80), (461104.5396814028, 5407628.961786864, 80), (461106.3747988486, 5407628.94901337, 80), (461108.2099162954, 5407628.9362404775, 80), (461110.04503374326, 5407628.923468188, 80), (461111.88015119196, 5407628.910696502, 80), (461113.7152686417, 5407628.897925419, 80), (461115.55038609245, 5407628.885154937, 80), (461117.3855035442, 5407628.8723850595, 80), (461119.22062099684, 5407628.859615784, 80), (461121.0557384505, 5407628.846847111, 80), (461122.8908559051, 5407628.834079042, 80), (461124.7259733607, 5407628.821311574, 80), (461126.5610908172, 5407628.80854471, 80), (461128.39620827476, 5407628.795778447, 80), (461130.2313257333, 5407628.783012789, 80), (461132.06644319283, 5407628.770247732, 80), (461133.9015606533, 5407628.7574832775, 80), (461135.7366781147, 5407628.744719428, 80), (461137.5717955771, 5407628.731956178, 80), (461139.40691304056, 5407628.719193533, 80), (461141.24203050486, 5407628.70643149, 80), (461143.0771479702, 5407628.69367005, 80), (461144.91226543655, 5407628.680909213, 80), (461146.7473829038, 5407628.668148978, 80), (461148.5825003721, 5407628.655389345, 80), (461150.41761784133, 5407628.642630315, 80), (461152.2527353115, 5407628.62987189, 80), (461036.6597144943, 5407632.213858528, 80), (461038.49483099126, 5407632.201062736, 80), (461040.32994748926, 5407632.188267546, 80), (461042.1650639882, 5407632.175472958, 80), (461044.0001804881, 5407632.162678974, 80), (461045.835296989, 5407632.149885591, 80), (461047.6704134909, 5407632.13709281, 80), (461049.5055299938, 5407632.1243006345, 80), (461051.3406464976, 5407632.1115090605, 80), (461053.1757630024, 5407632.098718089, 80), (461055.0108795082, 5407632.085927721, 80), (461056.84599601495, 5407632.073137953, 80), (461058.6811125227, 5407632.060348791, 80), (461060.5162290315, 5407632.04756023, 80), (461062.35134554113, 5407632.034772272, 80), (461064.1864620518, 5407632.021984917, 80), (461066.02157856344, 5407632.009198164, 80), (461067.8566950761, 5407631.996412015, 80), (461069.6918115897, 5407631.983626467, 80), (461071.5269281043, 5407631.970841523, 80), (461073.3620446198, 5407631.958057181, 80), (461075.1971611364, 5407631.945273443, 80), (461077.0322776539, 5407631.932490306, 80), (461078.86739417235, 5407631.919707774, 80), (461080.70251069183, 5407631.906925842, 80), (461082.53762721224, 5407631.894144515, 80), (461084.3727437337, 5407631.88136379, 80), (461086.2078602561, 5407631.868583666, 80), (461088.0429767794, 5407631.855804146, 80), (461089.87809330376, 5407631.843025229, 80), (461091.7132098291, 5407631.830246915, 80), (461093.5483263554, 5407631.817469203, 80), (461095.3834428827, 5407631.804692093, 80), (461097.2185594109, 5407631.791915588, 80), (461099.05367594014, 5407631.779139683, 80), (461100.88879247033, 5407631.7663643835, 80), (461102.7239090015, 5407631.753589684, 80), (461104.5590255337, 5407631.740815589, 80), (461106.39414206677, 5407631.728042095, 80), (461108.22925860086, 5407631.715269205, 80), (461110.06437513593, 5407631.702496917, 80), (461111.899491672, 5407631.689725233, 80), (461113.734608209, 5407631.676954151, 80), (461115.56972474704, 5407631.664183672, 80), (461117.404841286, 5407631.651413795, 80), (461119.239957826, 5407631.638644521, 80), (461121.0750743669, 5407631.625875849, 80), (461122.9101909088, 5407631.613107781, 80), (461124.7453074517, 5407631.600340315, 80), (461126.5804239955, 5407631.587573453, 80), (461128.41554054036, 5407631.574807191, 80), (461130.25065708614, 5407631.562041535, 80), (461132.085773633, 5407631.5492764795, 80), (461133.9208901807, 5407631.536512027, 80), (461135.75600672944, 5407631.523748177, 80), (461137.59112327907, 5407631.51098493, 80), (461139.4262398298, 5407631.498222287, 80), (461141.26135638147, 5407631.485460245, 80), (461143.09647293406, 5407631.472698805, 80), (461144.93158948765, 5407631.45993797, 80), (461146.7667060423, 5407631.447177737, 80), (461148.6018225978, 5407631.4344181055, 80), (461150.4369391543, 5407631.421659078, 80), (461152.27205571183, 5407631.408900653, 80), (461036.67909240315, 5407634.992887211, 80), (461038.5142079874, 5407634.980091419, 80), (461040.34932357265, 5407634.967296231, 80), (461042.1844391589, 5407634.954501645, 80), (461044.0195547461, 5407634.94170766, 80), (461045.8546703343, 5407634.92891428, 80), (461047.68978592346, 5407634.916121502, 80), (461049.5249015136, 5407634.903329326, 80), (461051.3600171047, 5407634.890537754, 80), (461053.1951326968, 5407634.877746783, 80), (461055.0302482899, 5407634.864956417, 80), (461056.86536388396, 5407634.852166653, 80), (461058.7004794789, 5407634.839377491, 80), (461060.535595075, 5407634.8265889315, 80), (461062.370710672, 5407634.813800975, 80), (461064.2058262699, 5407634.8010136215, 80), (461066.04094186885, 5407634.78822687, 80), (461067.87605746876, 5407634.775440722, 80), (461069.71117306966, 5407634.762655176, 80), (461071.5462886715, 5407634.749870233, 80), (461073.3814042743, 5407634.737085894, 80), (461075.2165198782, 5407634.724302157, 80), (461077.051635483, 5407634.711519022, 80), (461078.8867510887, 5407634.698736489, 80), (461080.7218666955, 5407634.68595456, 80), (461082.55698230315, 5407634.673173233, 80), (461084.3920979119, 5407634.66039251, 80), (461086.2272135216, 5407634.647612388, 80), (461088.0623291322, 5407634.63483287, 80), (461089.89744474384, 5407634.622053954, 80), (461091.7325603565, 5407634.609275642, 80), (461093.56767597, 5407634.596497931, 80), (461095.4027915846, 5407634.583720823, 80), (461097.2379072001, 5407634.570944319, 80), (461099.0730228166, 5407634.558168416, 80), (461100.9081384341, 5407634.545393116, 80), (461102.7432540526, 5407634.53261842, 80), (461104.578369672, 5407634.519844325, 80), (461106.4134852924, 5407634.507070835, 80), (461108.2486009138, 5407634.494297945, 80), (461110.0837165362, 5407634.48152566, 80), (461111.9188321595, 5407634.468753976, 80), (461113.7539477837, 5407634.455982896, 80), (461115.5890634091, 5407634.443212417, 80), (461117.42417903536, 5407634.430442542, 80), (461119.25929466257, 5407634.417673269, 80), (461121.09441029077, 5407634.404904599, 80), (461122.92952591996, 5407634.392136533, 80), (461124.76464155014, 5407634.379369069, 80), (461126.59975718125, 5407634.3666022075, 80), (461128.43487281335, 5407634.353835949, 80), (461130.26998844644, 5407634.341070292, 80), (461132.1051040805, 5407634.328305238, 80), (461133.9402197156, 5407634.315540787, 80), (461135.7753353516, 5407634.302776939, 80), (461137.6104509885, 5407634.290013693, 80), (461139.4455666265, 5407634.277251051, 80), (461141.28068226547, 5407634.264489011, 80), (461143.11579790537, 5407634.251727574, 80), (461144.95091354626, 5407634.238966739, 80), (461146.78602918814, 5407634.2262065075, 80), (461148.62114483095, 5407634.213446878, 80), (461150.45626047475, 5407634.200687852, 80), (461152.29137611954, 5407634.187929428, 80), (461036.6984703195, 5407637.771915904, 80), (461038.533584991, 5407637.759120114, 80), (461040.36869966355, 5407637.746324927, 80), (461042.20381433703, 5407637.733530342, 80), (461044.03892901156, 5407637.720736359, 80), (461045.874043687, 5407637.70794298, 80), (461047.7091583635, 5407637.695150204, 80), (461049.5442730409, 5407637.68235803, 80), (461051.3793877193, 5407637.669566458, 80), (461053.21450239874, 5407637.65677549, 80), (461055.0496170791, 5407637.643985124, 80), (461056.88473176036, 5407637.631195362, 80), (461058.7198464427, 5407637.618406202, 80), (461060.55496112606, 5407637.605617644, 80), (461062.39007581025, 5407637.592829688, 80), (461064.2251904955, 5407637.580042336, 80), (461066.0603051817, 5407637.567255587, 80), (461067.89541986893, 5407637.55446944, 80), (461069.7305345571, 5407637.5416838955, 80), (461071.5656492462, 5407637.528898954, 80), (461073.40076393634, 5407637.516114617, 80), (461075.23587862746, 5407637.503330881, 80), (461077.07099331956, 5407637.490547747, 80), (461078.9061080126, 5407637.4777652165, 80), (461080.7412227066, 5407637.464983288, 80), (461082.5763374016, 5407637.452201963, 80), (461084.4114520976, 5407637.439421241, 80), (461086.2465667945, 5407637.4266411215, 80), (461088.08168149245, 5407637.413861604, 80), (461089.91679619136, 5407637.401082689, 80), (461091.75191089127, 5407637.388304378, 80), (461093.58702559216, 5407637.375526669, 80), (461095.422140294, 5407637.3627495635, 80), (461097.2572549968, 5407637.349973059, 80), (461099.09236970055, 5407637.3371971585, 80), (461100.92748440534, 5407637.324421861, 80), (461102.76259911107, 5407637.311647166, 80), (461104.5977138178, 5407637.298873073, 80), (461106.4328285255, 5407637.286099583, 80), (461108.2679432342, 5407637.273326695, 80), (461110.1030579438, 5407637.260554411, 80), (461111.93817265437, 5407637.24778273, 80), (461113.77328736597, 5407637.23501165, 80), (461115.60840207856, 5407637.222241175, 80), (461117.44351679215, 5407637.2094713, 80), (461119.27863150666, 5407637.196702029, 80), (461121.1137462221, 5407637.183933361, 80), (461122.9488609386, 5407637.171165295, 80), (461124.783975656, 5407637.158397832, 80), (461126.61909037444, 5407637.145630972, 80), (461128.45420509385, 5407637.132864715, 80), (461130.2893198142, 5407637.12009906, 80), (461132.12443453557, 5407637.107334008, 80), (461133.9595492579, 5407637.094569558, 80), (461135.7946639812, 5407637.081805712, 80), (461137.6297787054, 5407637.069042468, 80), (461139.4648934307, 5407637.056279827, 80), (461141.3000081569, 5407637.043517789, 80), (461143.13512288406, 5407637.0307563525, 80), (461144.97023761226, 5407637.01799552, 80), (461146.80535234144, 5407637.00523529, 80), (461148.64046707156, 5407636.992475662, 80), (461150.4755818026, 5407636.979716636, 80), (461152.3106965347, 5407636.966958213, 80), (461036.7178482433, 5407640.5509446105, 80), (461038.5529620021, 5407640.538148822, 80), (461040.38807576196, 5407640.525353636, 80), (461042.22318952275, 5407640.512559053, 80), (461044.0583032845, 5407640.499765072, 80), (461045.8934170473, 5407640.486971694, 80), (461047.72853081103, 5407640.47417892, 80), (461049.5636445757, 5407640.461386747, 80), (461051.3987583414, 5407640.448595178, 80), (461053.2338721081, 5407640.435804212, 80), (461055.0689858757, 5407640.423013846, 80), (461056.90409964434, 5407640.410224085, 80), (461058.7392134139, 5407640.397434927, 80), (461060.5743271845, 5407640.38464637, 80), (461062.4094409561, 5407640.371858416, 80), (461064.24455472856, 5407640.359071066, 80), (461066.07966850203, 5407640.346284318, 80), (461067.91478227655, 5407640.333498172, 80), (461069.749896052, 5407640.32071263, 80), (461071.58500982844, 5407640.3079276895, 80), (461073.4201236058, 5407640.295143352, 80), (461075.25523738423, 5407640.282359618, 80), (461077.0903511636, 5407640.269576486, 80), (461078.9254649439, 5407640.256793957, 80), (461080.7605787252, 5407640.244012031, 80), (461082.59569250746, 5407640.231230707, 80), (461084.43080629077, 5407640.218449987, 80), (461086.265920075, 5407640.205669868, 80), (461088.10103386024, 5407640.192890353, 80), (461089.9361476464, 5407640.18011144, 80), (461091.7712614336, 5407640.16733313, 80), (461093.60637522175, 5407640.154555422, 80), (461095.4414890108, 5407640.141778316, 80), (461097.27660280094, 5407640.129001816, 80), (461099.111716592, 5407640.116225917, 80), (461100.9468303841, 5407640.10345062, 80), (461102.7819441771, 5407640.090675927, 80), (461104.6170579711, 5407640.077901835, 80), (461106.452171766, 5407640.065128346, 80), (461108.287285562, 5407640.052355461, 80), (461110.1223993589, 5407640.039583177, 80), (461111.9575131568, 5407640.026811497, 80), (461113.79262695566, 5407640.014040419, 80), (461115.62774075556, 5407640.001269944, 80), (461117.4628545564, 5407639.988500072, 80), (461119.29796835815, 5407639.975730802, 80), (461121.13308216096, 5407639.962962136, 80), (461122.9681959647, 5407639.950194072, 80), (461124.8033097694, 5407639.93742661, 80), (461126.63842357515, 5407639.924659751, 80), (461128.4735373818, 5407639.911893495, 80), (461130.30865118944, 5407639.899127842, 80), (461132.1437649981, 5407639.886362791, 80), (461133.9788788077, 5407639.873598344, 80), (461135.81399261823, 5407639.860834499, 80), (461137.6491064298, 5407639.848071256, 80), (461139.48422024236, 5407639.835308616, 80), (461141.3193340558, 5407639.822546579, 80), (461143.1544478703, 5407639.809785145, 80), (461144.98956168577, 5407639.797024313, 80), (461146.8246755022, 5407639.784264084, 80), (461148.6597893196, 5407639.771504458, 80), (461150.49490313797, 5407639.758745436, 80), (461152.3300169573, 5407639.745987015, 80), (461036.73722617456, 5407643.329973325, 80), (461038.57233902067, 5407643.317177539, 80), (461040.40745186777, 5407643.304382355, 80), (461042.24256471585, 5407643.291587774, 80), (461044.0776775649, 5407643.278793793, 80), (461045.91279041494, 5407643.266000418, 80), (461047.747903266, 5407643.253207644, 80), (461049.583016118, 5407643.240415473, 80), (461051.4181289709, 5407643.227623905, 80), (461053.2532418249, 5407643.214832939, 80), (461055.0883546798, 5407643.202042578, 80), (461056.9234675357, 5407643.189252817, 80), (461058.7585803926, 5407643.176463659, 80), (461060.59369325044, 5407643.163675104, 80), (461062.42880610924, 5407643.150887152, 80), (461064.2639189691, 5407643.138099803, 80), (461066.09903182986, 5407643.125313056, 80), (461067.9341446916, 5407643.112526912, 80), (461069.7692575544, 5407643.099741372, 80), (461071.60437041806, 5407643.086956432, 80), (461073.43948328274, 5407643.074172097, 80), (461075.27459614846, 5407643.061388365, 80), (461077.10970901506, 5407643.048605234, 80), (461078.94482188264, 5407643.035822706, 80), (461080.7799347513, 5407643.023040782, 80), (461082.61504762084, 5407643.01025946, 80), (461084.4501604914, 5407642.997478739, 80), (461086.2852733629, 5407642.9846986225, 80), (461088.12038623536, 5407642.97191911, 80), (461089.9554991089, 5407642.959140198, 80), (461091.79061198334, 5407642.94636189, 80), (461093.6257248588, 5407642.9335841825, 80), (461095.46083773515, 5407642.92080708, 80), (461097.2959506125, 5407642.908030579, 80), (461099.1310634909, 5407642.895254683, 80), (461100.9661763702, 5407642.882479386, 80), (461102.80128925055, 5407642.8697046945, 80), (461104.6364021318, 5407642.856930605, 80), (461106.47151501407, 5407642.844157117, 80), (461108.3066278973, 5407642.831384233, 80), (461110.1417407815, 5407642.8186119525, 80), (461111.97685366665, 5407642.805840273, 80), (461113.8119665528, 5407642.793069197, 80), (461115.64707943995, 5407642.780298724, 80), (461117.4821923281, 5407642.767528852, 80), (461119.31730521715, 5407642.754759585, 80), (461121.1524181072, 5407642.74199092, 80), (461122.98753099825, 5407642.729222856, 80), (461124.8226438903, 5407642.716455396, 80), (461126.65775678324, 5407642.70368854, 80), (461128.4928696772, 5407642.6909222845, 80), (461130.32798257214, 5407642.678156634, 80), (461132.1630954681, 5407642.665391585, 80), (461133.99820836494, 5407642.6526271375, 80), (461135.8333212628, 5407642.639863295, 80), (461137.66843416163, 5407642.627100052, 80), (461139.50354706147, 5407642.6143374145, 80), (461141.33865996223, 5407642.601575379, 80), (461143.173772864, 5407642.588813946, 80), (461145.0088857667, 5407642.5760531165, 80), (461146.84399867046, 5407642.563292889, 80), (461148.6791115751, 5407642.550533264, 80), (461150.5142244808, 5407642.5377742415, 80), (461152.34933738736, 5407642.525015823, 80), (461036.7566041134, 5407646.1090020565, 80), (461038.59171604674, 5407646.096206271, 80), (461040.42682798114, 5407646.083411089, 80), (461042.2619399165, 5407646.070616508, 80), (461044.09705185285, 5407646.057822531, 80), (461045.93216379016, 5407646.045029156, 80), (461047.76727572846, 5407646.032236384, 80), (461049.60238766775, 5407646.019444214, 80), (461051.437499608, 5407646.006652648, 80), (461053.27261154924, 5407645.993861683, 80), (461055.10772349144, 5407645.981071322, 80), (461056.9428354346, 5407645.968281564, 80), (461058.7779473787, 5407645.955492407, 80), (461060.6130593239, 5407645.942703854, 80), (461062.44817127, 5407645.929915905, 80), (461064.2832832171, 5407645.917128556, 80), (461066.11839516513, 5407645.904341811, 80), (461067.9535071142, 5407645.891555668, 80), (461069.7886190642, 5407645.87877013, 80), (461071.6237310152, 5407645.865985192, 80), (461073.4588429672, 5407645.8532008575, 80), (461075.29395492014, 5407645.840417125, 80), (461077.12906687404, 5407645.827633997, 80), (461078.96417882893, 5407645.814851472, 80), (461080.7992907848, 5407645.8020695485, 80), (461082.6344027417, 5407645.789288227, 80), (461084.4695146995, 5407645.77650751, 80), (461086.3046266583, 5407645.763727394, 80), (461088.13973861805, 5407645.7509478815, 80), (461089.9748505788, 5407645.738168972, 80), (461091.8099625406, 5407645.725390665, 80), (461093.64507450326, 5407645.7126129605, 80), (461095.48018646694, 5407645.699835858, 80), (461097.3152984316, 5407645.68705936, 80), (461099.1504103972, 5407645.6742834635, 80), (461100.98552236386, 5407645.66150817, 80), (461102.82063433144, 5407645.648733479, 80), (461104.6557463, 5407645.63595939, 80), (461106.4908582695, 5407645.623185905, 80), (461108.32597024005, 5407645.610413021, 80), (461110.16108221153, 5407645.597640741, 80), (461111.996194184, 5407645.584869065, 80), (461113.8313061574, 5407645.572097989, 80), (461115.66641813185, 5407645.559327518, 80), (461117.5015301073, 5407645.546557648, 80), (461119.33664208365, 5407645.533788381, 80), (461121.17175406095, 5407645.521019718, 80), (461123.0068660393, 5407645.508251657, 80), (461124.8419780186, 5407645.495484198, 80), (461126.67708999885, 5407645.482717343, 80), (461128.51220198005, 5407645.469951089, 80), (461130.3473139623, 5407645.457185439, 80), (461132.18242594553, 5407645.444420392, 80), (461134.0175379297, 5407645.431655947, 80), (461135.8526499148, 5407645.418892105, 80), (461137.6877619009, 5407645.406128865, 80), (461139.522873888, 5407645.393366229, 80), (461141.35798587603, 5407645.380604194, 80), (461143.1930978651, 5407645.367842763, 80), (461145.02820985514, 5407645.3550819345, 80), (461146.8633218461, 5407645.342321709, 80), (461148.6984338381, 5407645.329562085, 80), (461150.53354583104, 5407645.316803064, 80), (461152.36865782493, 5407645.304044647, 80), (461036.7759820596, 5407648.888030798, 80), (461038.61109308025, 5407648.875235014, 80), (461040.44620410196, 5407648.862439832, 80), (461042.2813151246, 5407648.849645253, 80), (461044.1164261482, 5407648.836851277, 80), (461045.95153717283, 5407648.824057904, 80), (461047.7866481984, 5407648.811265132, 80), (461049.621759225, 5407648.798472966, 80), (461051.4568702525, 5407648.7856813995, 80), (461053.291981281, 5407648.772890437, 80), (461055.12709231046, 5407648.760100078, 80), (461056.96220334095, 5407648.74731032, 80), (461058.7973143724, 5407648.734521166, 80), (461060.63242540485, 5407648.721732614, 80), (461062.4675364382, 5407648.708944665, 80), (461064.3026474726, 5407648.6961573195, 80), (461066.1377585079, 5407648.683370575, 80), (461067.97286954423, 5407648.670584435, 80), (461069.80798058154, 5407648.657798897, 80), (461071.6430916198, 5407648.64501396, 80), (461073.47820265905, 5407648.632229627, 80), (461075.3133136993, 5407648.619445899, 80), (461077.1484247405, 5407648.606662771, 80), (461078.98353578267, 5407648.593880245, 80), (461080.81864682585, 5407648.581098325, 80), (461082.65375786996, 5407648.5683170045, 80), (461084.48886891507, 5407648.555536289, 80), (461086.32397996116, 5407648.542756175, 80), (461088.1590910082, 5407648.529976664, 80), (461089.99420205626, 5407648.517197755, 80), (461091.82931310526, 5407648.50441945, 80), (461093.66442415526, 5407648.491641747, 80), (461095.49953520624, 5407648.478864646, 80), (461097.33464625815, 5407648.466088148, 80), (461099.16975731106, 5407648.4533122545, 80), (461101.00486836495, 5407648.440536962, 80), (461102.83997941983, 5407648.427762273, 80), (461104.6750904757, 5407648.414988185, 80), (461106.5102015325, 5407648.402214701, 80), (461108.3453125903, 5407648.38944182, 80), (461110.1804236491, 5407648.376669543, 80), (461112.0155347088, 5407648.363897866, 80), (461113.8506457695, 5407648.351126794, 80), (461115.68575683126, 5407648.338356322, 80), (461117.52086789394, 5407648.325586454, 80), (461119.35597895755, 5407648.312817189, 80), (461121.19109002216, 5407648.300048525, 80), (461123.02620108775, 5407648.287280466, 80), (461124.86131215433, 5407648.274513009, 80), (461126.6964232219, 5407648.261746156, 80), (461128.5315342904, 5407648.248979904, 80), (461130.3666453599, 5407648.236214256, 80), (461132.2017564304, 5407648.223449209, 80), (461134.03686750185, 5407648.210684766, 80), (461135.87197857426, 5407648.197920925, 80), (461137.70708964765, 5407648.185157687, 80), (461139.54220072203, 5407648.172395052, 80), (461141.37731179735, 5407648.159633019, 80), (461143.2124228737, 5407648.146871589, 80), (461145.047533951, 5407648.134110761, 80), (461146.8826450293, 5407648.121350537, 80), (461148.7177561085, 5407648.108590916, 80), (461150.55286718876, 5407648.095831896, 80), (461152.38797826995, 5407648.08307348, 80), (461036.7953600134, 5407651.667059551, 80), (461038.63047012134, 5407651.65426377, 80), (461040.46558023023, 5407651.641468589, 80), (461042.30069034017, 5407651.628674012, 80), (461044.13580045104, 5407651.615880038, 80), (461045.97091056296, 5407651.603086665, 80), (461047.8060206758, 5407651.590293896, 80), (461049.64113078965, 5407651.577501729, 80), (461051.4762409045, 5407651.564710166, 80), (461053.3113510203, 5407651.551919205, 80), (461055.14646113705, 5407651.539128847, 80), (461056.9815712548, 5407651.526339091, 80), (461058.81668137346, 5407651.513549938, 80), (461060.65179149323, 5407651.500761387, 80), (461062.4869016139, 5407651.48797344, 80), (461064.3220117355, 5407651.475186096, 80), (461066.15712185815, 5407651.462399354, 80), (461067.99223198177, 5407651.449613215, 80), (461069.8273421063, 5407651.436827677, 80), (461071.66245223186, 5407651.424042744, 80), (461073.4975623584, 5407651.411258412, 80), (461075.33267248597, 5407651.398474684, 80), (461077.1677826144, 5407651.385691558, 80), (461079.00289274385, 5407651.372909035, 80), (461080.8380028743, 5407651.360127114, 80), (461082.6731130057, 5407651.347345796, 80), (461084.5082231381, 5407651.334565082, 80), (461086.34333327145, 5407651.321784969, 80), (461088.1784434058, 5407651.309005459, 80), (461090.01355354115, 5407651.296226553, 80), (461091.84866367746, 5407651.283448248, 80), (461093.6837738147, 5407651.270670546, 80), (461095.51888395293, 5407651.257893448, 80), (461097.35399409215, 5407651.245116951, 80), (461099.18910423236, 5407651.232341059, 80), (461101.02421437355, 5407651.219565768, 80), (461102.85932451574, 5407651.206791081, 80), (461104.69443465886, 5407651.194016995, 80), (461106.5295448029, 5407651.181243512, 80), (461108.364654948, 5407651.168470632, 80), (461110.1997650941, 5407651.155698355, 80), (461112.03487524105, 5407651.142926681, 80), (461113.86998538906, 5407651.13015561, 80), (461115.70509553805, 5407651.117385141, 80), (461117.54020568804, 5407651.104615273, 80), (461119.37531583896, 5407651.09184601, 80), (461121.21042599087, 5407651.079077348, 80), (461123.04553614376, 5407651.066309291, 80), (461124.8806462976, 5407651.053541835, 80), (461126.7157564524, 5407651.040774982, 80), (461128.5508666082, 5407651.028008732, 80), (461130.38597676496, 5407651.015243085, 80), (461132.2210869228, 5407651.00247804, 80), (461134.0561970815, 5407650.989713599, 80), (461135.89130724117, 5407650.976949759, 80), (461137.72641740186, 5407650.964186523, 80), (461139.56152756355, 5407650.951423889, 80), (461141.39663772617, 5407650.938661858, 80), (461143.2317478897, 5407650.9259004295, 80), (461145.0668580543, 5407650.913139604, 80), (461146.9019682199, 5407650.90037938, 80), (461148.7370783864, 5407650.88761976, 80), (461150.5721885539, 5407650.874860743, 80), (461152.40729872236, 5407650.862102327, 80), (461036.81473797455, 5407654.446088319, 80), (461038.6498471698, 5407654.433292537, 80), (461040.484956366, 5407654.420497359, 80), (461042.32006556325, 5407654.407702783, 80), (461044.1551747614, 5407654.39490881, 80), (461045.9902839606, 5407654.3821154395, 80), (461047.82539316075, 5407654.369322672, 80), (461049.66050236183, 5407654.356530507, 80), (461051.4956115639, 5407654.343738944, 80), (461053.33072076703, 5407654.330947985, 80), (461055.1658299711, 5407654.318157628, 80), (461057.00093917607, 5407654.305367873, 80), (461058.83604838204, 5407654.292578722, 80), (461060.67115758907, 5407654.279790173, 80), (461062.506266797, 5407654.267002228, 80), (461064.34137600596, 5407654.254214884, 80), (461066.17648521584, 5407654.241428143, 80), (461068.01159442676, 5407654.2286420055, 80), (461069.8467036386, 5407654.21585647, 80), (461071.6818128514, 5407654.203071537, 80), (461073.51692206523, 5407654.190287207, 80), (461075.35203128005, 5407654.1775034815, 80), (461077.1871404958, 5407654.164720356, 80), (461079.02224971255, 5407654.151937835, 80), (461080.8573589303, 5407654.139155916, 80), (461082.69246814895, 5407654.1263745995, 80), (461084.52757736866, 5407654.113593886, 80), (461086.36268658924, 5407654.100813775, 80), (461088.1977958109, 5407654.088034268, 80), (461090.0329050335, 5407654.075255361, 80), (461091.8680142571, 5407654.062477059, 80), (461093.70312348165, 5407654.049699359, 80), (461095.5382327072, 5407654.036922262, 80), (461097.37334193365, 5407654.024145767, 80), (461099.20845116116, 5407654.011369875, 80), (461101.0435603896, 5407653.998594586, 80), (461102.87866961904, 5407653.985819899, 80), (461104.71377884946, 5407653.973045816, 80), (461106.5488880808, 5407653.9602723345, 80), (461108.3839973132, 5407653.947499456, 80), (461110.2191065465, 5407653.934727181, 80), (461112.0542157808, 5407653.921955507, 80), (461113.88932501606, 5407653.909184437, 80), (461115.72443425236, 5407653.89641397, 80), (461117.5595434896, 5407653.883644105, 80), (461119.3946527278, 5407653.870874843, 80), (461121.22976196697, 5407653.858106183, 80), (461123.06487120717, 5407653.845338127, 80), (461124.8999804483, 5407653.832570673, 80), (461126.73508969037, 5407653.819803821, 80), (461128.5701989335, 5407653.807037573, 80), (461130.4053081775, 5407653.794271926, 80), (461132.2404174226, 5407653.781506883, 80), (461134.0755266686, 5407653.768742442, 80), (461135.9106359156, 5407653.755978606, 80), (461137.7457451635, 5407653.74321537, 80), (461139.58085441246, 5407653.730452738, 80), (461141.4159636624, 5407653.717690708, 80), (461143.25107291323, 5407653.704929281, 80), (461145.08618216513, 5407653.692168457, 80), (461146.92129141797, 5407653.6794082355, 80), (461148.7564006718, 5407653.666648617, 80), (461150.59150992654, 5407653.653889601, 80), (461152.4266191823, 5407653.641131187, 80), (461036.8341159433, 5407657.225117096, 80), (461038.6692242258, 5407657.212321316, 80), (461040.5043325093, 5407657.19952614, 80), (461042.33944079373, 5407657.186731564, 80), (461044.1745490792, 5407657.173937593, 80), (461046.0096573657, 5407657.161144223, 80), (461047.84476565314, 5407657.148351458, 80), (461049.6798739415, 5407657.135559293, 80), (461051.51498223084, 5407657.122767733, 80), (461053.3500905213, 5407657.109976775, 80), (461055.18519881257, 5407657.097186419, 80), (461057.02030710486, 5407657.084396668, 80), (461058.85541539814, 5407657.071607517, 80), (461060.6905236924, 5407657.05881897, 80), (461062.52563198766, 5407657.046031025, 80), (461064.36074028385, 5407657.033243683, 80), (461066.19584858103, 5407657.020456945, 80), (461068.0309568792, 5407657.007670808, 80), (461069.86606517836, 5407656.994885274, 80), (461071.70117347845, 5407656.982100343, 80), (461073.5362817795, 5407656.969316015, 80), (461075.37139008165, 5407656.956532289, 80), (461077.2064983847, 5407656.943749166, 80), (461079.0416066887, 5407656.9309666455, 80), (461080.8767149937, 5407656.918184727, 80), (461082.71182329964, 5407656.905403414, 80), (461084.5469316066, 5407656.892622701, 80), (461086.38203991455, 5407656.879842592, 80), (461088.2171482234, 5407656.867063086, 80), (461090.05225653335, 5407656.854284182, 80), (461091.8873648442, 5407656.8415058805, 80), (461093.722473156, 5407656.828728181, 80), (461095.55758146883, 5407656.815951086, 80), (461097.3926897826, 5407656.803174592, 80), (461099.22779809736, 5407656.790398703, 80), (461101.0629064131, 5407656.777623415, 80), (461102.89801472984, 5407656.76484873, 80), (461104.7331230475, 5407656.752074648, 80), (461106.56823136617, 5407656.739301167, 80), (461108.4033396858, 5407656.726528291, 80), (461110.23844800645, 5407656.713756016, 80), (461112.073556328, 5407656.700984345, 80), (461113.9086646506, 5407656.688213277, 80), (461115.7437729741, 5407656.675442809, 80), (461117.57888129866, 5407656.662672947, 80), (461119.4139896241, 5407656.649903687, 80), (461121.2490979506, 5407656.637135028, 80), (461123.084206278, 5407656.624366973, 80), (461124.91931460646, 5407656.611599521, 80), (461126.75442293583, 5407656.598832671, 80), (461128.5895312662, 5407656.586066424, 80), (461130.42463959754, 5407656.573300779, 80), (461132.2597479299, 5407656.560535737, 80), (461134.0948562632, 5407656.547771298, 80), (461135.92996459745, 5407656.535007463, 80), (461137.76507293264, 5407656.522244229, 80), (461139.6001812689, 5407656.509481598, 80), (461141.4352896061, 5407656.49671957, 80), (461143.27039794426, 5407656.483958145, 80), (461145.10550628335, 5407656.471197321, 80), (461146.9406146235, 5407656.458437102, 80), (461148.7757229646, 5407656.445677483, 80), (461150.61083130667, 5407656.432918469, 80), (461152.44593964965, 5407656.420160057, 80), (461036.8534939194, 5407660.004145887, 80), (461038.68860128924, 5407659.991350107, 80), (461040.52370866004, 5407659.9785549315, 80), (461042.3588160318, 5407659.965760359, 80), (461044.19392340456, 5407659.952966388, 80), (461046.02903077827, 5407659.9401730215, 80), (461047.864138153, 5407659.927380257, 80), (461049.69924552867, 5407659.914588096, 80), (461051.5343529053, 5407659.901796535, 80), (461053.36946028296, 5407659.889005577, 80), (461055.2045676615, 5407659.876215225, 80), (461057.0396750411, 5407659.863425474, 80), (461058.8747824217, 5407659.850636326, 80), (461060.70988980326, 5407659.8378477795, 80), (461062.54499718576, 5407659.825059837, 80), (461064.38010456925, 5407659.812272496, 80), (461066.2152119537, 5407659.799485759, 80), (461068.05031933915, 5407659.786699623, 80), (461069.88542672555, 5407659.77391409, 80), (461071.72053411294, 5407659.761129161, 80), (461073.5556415013, 5407659.748344835, 80), (461075.3907488907, 5407659.73556111, 80), (461077.22585628106, 5407659.722777989, 80), (461079.06096367235, 5407659.709995471, 80), (461080.8960710646, 5407659.697213555, 80), (461082.73117845785, 5407659.68443224, 80), (461084.5662858521, 5407659.671651531, 80), (461086.4013932473, 5407659.658871422, 80), (461088.2365006435, 5407659.646091917, 80), (461090.07160804066, 5407659.633313014, 80), (461091.9067154388, 5407659.620534715, 80), (461093.7418228379, 5407659.607757018, 80), (461095.576930238, 5407659.594979923, 80), (461097.412037639, 5407659.582203431, 80), (461099.24714504107, 5407659.569427543, 80), (461101.0822524441, 5407659.556652256, 80), (461102.9173598481, 5407659.543877573, 80), (461104.75246725307, 5407659.531103492, 80), (461106.587574659, 5407659.518330014, 80), (461108.4226820659, 5407659.5055571385, 80), (461110.2577894738, 5407659.492784866, 80), (461112.0928968827, 5407659.480013196, 80), (461113.9280042925, 5407659.467242128, 80), (461115.76311170333, 5407659.4544716645, 80), (461117.59821911517, 5407659.441701802, 80), (461119.43332652794, 5407659.428932543, 80), (461121.26843394164, 5407659.416163887, 80), (461123.1035413564, 5407659.403395832, 80), (461124.9386487721, 5407659.390628382, 80), (461126.77375618875, 5407659.377861533, 80), (461128.6088636064, 5407659.365095288, 80), (461130.443971025, 5407659.352329644, 80), (461132.27907844464, 5407659.339564606, 80), (461134.1141858652, 5407659.326800168, 80), (461135.9492932867, 5407659.314036332, 80), (461137.78440070926, 5407659.3012731, 80), (461139.61950813275, 5407659.288510471, 80), (461141.4546155572, 5407659.275748445, 80), (461143.2897229827, 5407659.26298702, 80), (461145.12483040907, 5407659.250226199, 80), (461146.9599378365, 5407659.23746598, 80), (461148.7950452649, 5407659.224706365, 80), (461150.6301526942, 5407659.211947351, 80), (461152.46526012453, 5407659.19918894, 80), (461036.8728719031, 5407662.783174686, 80), (461038.7079783602, 5407662.770378911, 80), (461040.54308481823, 5407662.7575837355, 80), (461042.37819127727, 5407662.744789164, 80), (461044.2132977373, 5407662.731995196, 80), (461046.0484041983, 5407662.719201829, 80), (461047.8835106603, 5407662.706409066, 80), (461049.71861712326, 5407662.693616906, 80), (461051.5537235872, 5407662.680825348, 80), (461053.3888300521, 5407662.668034393, 80), (461055.22393651796, 5407662.655244041, 80), (461057.05904298485, 5407662.642454291, 80), (461058.8941494527, 5407662.629665144, 80), (461060.72925592156, 5407662.616876599, 80), (461062.5643623913, 5407662.604088658, 80), (461064.3994688621, 5407662.591301319, 80), (461066.23457533383, 5407662.5785145825, 80), (461068.06968180655, 5407662.56572845, 80), (461069.90478828026, 5407662.552942919, 80), (461071.73989475495, 5407662.5401579905, 80), (461073.5750012306, 5407662.527373665, 80), (461075.41010770726, 5407662.514589943, 80), (461077.24521418486, 5407662.501806823, 80), (461079.0803206634, 5407662.489024305, 80), (461080.915427143, 5407662.476242391, 80), (461082.7505336235, 5407662.463461079, 80), (461084.585640105, 5407662.4506803695, 80), (461086.4207465875, 5407662.437900263, 80), (461088.25585307094, 5407662.42512076, 80), (461090.0909595554, 5407662.412341858, 80), (461091.9260660408, 5407662.39956356, 80), (461093.7611725272, 5407662.386785865, 80), (461095.5962790146, 5407662.374008772, 80), (461097.4313855029, 5407662.361232281, 80), (461099.2664919922, 5407662.348456394, 80), (461101.1015984825, 5407662.335681109, 80), (461102.9367049738, 5407662.322906428, 80), (461104.7718114661, 5407662.310132347, 80), (461106.6069179593, 5407662.2973588705, 80), (461108.4420244535, 5407662.284585997, 80), (461110.27713094867, 5407662.271813726, 80), (461112.1122374448, 5407662.259042058, 80), (461113.9473439419, 5407662.246270992, 80), (461115.78245044005, 5407662.233500529, 80), (461117.61755693913, 5407662.220730668, 80), (461119.45266343915, 5407662.20796141, 80), (461121.28776994016, 5407662.195192755, 80), (461123.1228764422, 5407662.182424704, 80), (461124.95798294514, 5407662.169657254, 80), (461126.7930894491, 5407662.156890407, 80), (461128.628195954, 5407662.144124162, 80), (461130.4633024599, 5407662.131358522, 80), (461132.29840896686, 5407662.118593483, 80), (461134.1335154747, 5407662.105829046, 80), (461135.9686219835, 5407662.0930652125, 80), (461137.8037284933, 5407662.080301982, 80), (461139.63883500407, 5407662.067539355, 80), (461141.47394151584, 5407662.05477733, 80), (461143.30904802855, 5407662.042015906, 80), (461145.14415454224, 5407662.029255087, 80), (461146.9792610569, 5407662.016494869, 80), (461148.8143675726, 5407662.003735255, 80), (461150.6494740892, 5407661.990976244, 80), (461152.4845806068, 5407661.978217835, 80), (461036.89224989427, 5407665.5622034995, 80), (461038.72735543863, 5407665.549407724, 80), (461040.5624609839, 5407665.536612553, 80), (461042.3975665303, 5407665.5238179825, 80), (461044.23267207755, 5407665.511024015, 80), (461046.06777762587, 5407665.498230651, 80), (461047.9028831751, 5407665.485437889, 80), (461049.73798872536, 5407665.472645729, 80), (461051.57309427654, 5407665.4598541735, 80), (461053.40819982876, 5407665.44706322, 80), (461055.2433053819, 5407665.4342728695, 80), (461057.07841093605, 5407665.421483121, 80), (461058.9135164912, 5407665.408693976, 80), (461060.7486220473, 5407665.395905432, 80), (461062.58372760436, 5407665.383117492, 80), (461064.4188331624, 5407665.370330155, 80), (461066.25393872143, 5407665.35754342, 80), (461068.08904428146, 5407665.344757288, 80), (461069.9241498424, 5407665.331971759, 80), (461071.75925540435, 5407665.319186832, 80), (461073.5943609673, 5407665.306402507, 80), (461075.42946653126, 5407665.293618787, 80), (461077.2645720961, 5407665.280835668, 80), (461079.09967766196, 5407665.268053153, 80), (461080.9347832288, 5407665.255271239, 80), (461082.7698887966, 5407665.24248993, 80), (461084.6049943654, 5407665.229709221, 80), (461086.44009993516, 5407665.216929116, 80), (461088.2752055059, 5407665.204149614, 80), (461090.1103110777, 5407665.191370714, 80), (461091.9454166504, 5407665.178592418, 80), (461093.780522224, 5407665.165814724, 80), (461095.61562779866, 5407665.153037632, 80), (461097.4507333743, 5407665.140261144, 80), (461099.2858389509, 5407665.1274852585, 80), (461101.1209445285, 5407665.114709975, 80), (461102.956050107, 5407665.1019352935, 80), (461104.79115568654, 5407665.089161216, 80), (461106.626261267, 5407665.076387741, 80), (461108.46136684855, 5407665.063614869, 80), (461110.296472431, 5407665.050842598, 80), (461112.1315780144, 5407665.038070932, 80), (461113.96668359876, 5407665.025299867, 80), (461115.80178918416, 5407665.012529406, 80), (461117.63689477055, 5407664.999759546, 80), (461119.47200035787, 5407664.986990291, 80), (461121.3071059462, 5407664.974221637, 80), (461123.1422115355, 5407664.961453586, 80), (461124.9773171257, 5407664.948686138, 80), (461126.81242271693, 5407664.935919293, 80), (461128.64752830914, 5407664.923153049, 80), (461130.4826339023, 5407664.91038741, 80), (461132.31773949653, 5407664.897622373, 80), (461134.15284509165, 5407664.884857938, 80), (461135.9879506877, 5407664.872094107, 80), (461137.8230562848, 5407664.859330877, 80), (461139.6581618829, 5407664.84656825, 80), (461141.4932674819, 5407664.833806227, 80), (461143.32837308187, 5407664.821044806, 80), (461145.16347868287, 5407664.808283987, 80), (461146.99858428485, 5407664.795523772, 80), (461148.8336898878, 5407664.78276416, 80), (461150.6687954917, 5407664.770005149, 80), (461152.5039010965, 5407664.757246741, 80), (461036.91162789287, 5407668.341232325, 80), (461038.7467325245, 5407668.328436552, 80), (461040.58183715714, 5407668.315641381, 80), (461042.4169417907, 5407668.302846812, 80), (461044.2520464253, 5407668.290052846, 80), (461046.08715106087, 5407668.277259483, 80), (461047.9222556974, 5407668.2644667225, 80), (461049.7573603349, 5407668.2516745655, 80), (461051.5924649734, 5407668.23888301, 80), (461053.4275696129, 5407668.226092058, 80), (461055.2626742533, 5407668.213301709, 80), (461057.0977788947, 5407668.200511961, 80), (461058.93288353714, 5407668.187722818, 80), (461060.76798818057, 5407668.174934276, 80), (461062.60309282487, 5407668.162146338, 80), (461064.4381974702, 5407668.149359002, 80), (461066.2733021165, 5407668.136572269, 80), (461068.1084067638, 5407668.123786139, 80), (461069.9435114121, 5407668.1110006105, 80), (461071.77861606126, 5407668.098215685, 80), (461073.6137207115, 5407668.0854313625, 80), (461075.4488253627, 5407668.072647642, 80), (461077.2839300149, 5407668.059864526, 80), (461079.119034668, 5407668.0470820125, 80), (461080.9541393221, 5407668.034300101, 80), (461082.78924397717, 5407668.021518791, 80), (461084.6243486333, 5407668.008738085, 80), (461086.4594532903, 5407667.995957981, 80), (461088.29455794836, 5407667.9831784805, 80), (461090.12966260733, 5407667.970399583, 80), (461091.96476726735, 5407667.9576212885, 80), (461093.7998719283, 5407667.944843595, 80), (461095.6349765902, 5407667.932066505, 80), (461097.4700812531, 5407667.919290018, 80), (461099.30518591695, 5407667.906514133, 80), (461101.14029058185, 5407667.893738851, 80), (461102.9753952477, 5407667.880964171, 80), (461104.81049991446, 5407667.868190096, 80), (461106.64560458227, 5407667.855416623, 80), (461108.480709251, 5407667.842643751, 80), (461110.31581392075, 5407667.829871483, 80), (461112.1509185914, 5407667.817099817, 80), (461113.98602326313, 5407667.804328755, 80), (461115.8211279358, 5407667.791558294, 80), (461117.6562326095, 5407667.778788436, 80), (461119.49133728404, 5407667.766019181, 80), (461121.3264419596, 5407667.75325053, 80), (461123.1615466362, 5407667.74048248, 80), (461124.99665131373, 5407667.727715033, 80), (461126.8317559922, 5407667.71494819, 80), (461128.6668606717, 5407667.702181949, 80), (461130.50196535216, 5407667.689416311, 80), (461132.33707003365, 5407667.676651275, 80), (461134.172174716, 5407667.663886841, 80), (461136.00727939943, 5407667.6511230115, 80), (461137.8423840838, 5407667.638359783, 80), (461139.6774887691, 5407667.625597158, 80), (461141.51259345544, 5407667.612835136, 80), (461143.3476981427, 5407667.600073717, 80), (461145.182802831, 5407667.5873128995, 80), (461147.01790752023, 5407667.574552686, 80), (461148.85301221046, 5407667.561793075, 80), (461150.6881169016, 5407667.549034066, 80), (461152.52322159376, 5407667.536275659, 80)],
        5: [(461035.69082858914, 5407493.262439764, 80), (461037.52599072154, 5407493.249643898, 80), (461039.36115285486, 5407493.236848634, 80), (461041.19631498924, 5407493.2240539715, 80), (461043.03147712455, 5407493.211259912, 80), (461044.86663926084, 5407493.1984664565, 80), (461046.7018013981, 5407493.185673603, 80), (461048.53696353635, 5407493.172881353, 80), (461050.37212567555, 5407493.160089704, 80), (461052.2072878158, 5407493.147298658, 80), (461054.042449957, 5407493.134508216, 80), (461055.8776120991, 5407493.121718377, 80), (461057.7127742422, 5407493.1089291405, 80), (461059.54793638637, 5407493.096140505, 80), (461061.38309853146, 5407493.083352473, 80), (461063.21826067753, 5407493.070565044, 80), (461065.05342282454, 5407493.057778218, 80), (461066.88858497253, 5407493.044991993, 80), (461068.7237471215, 5407493.032206372, 80), (461070.5589092715, 5407493.019421355, 80), (461072.3940714224, 5407493.006636939, 80), (461074.2292335744, 5407492.993853126, 80), (461076.06439572724, 5407492.981069916, 80), (461077.8995578811, 5407492.968287308, 80), (461079.734720036, 5407492.955505303, 80), (461081.5698821918, 5407492.942723902, 80), (461083.40504434856, 5407492.929943102, 80), (461085.24020650634, 5407492.917162905, 80), (461087.0753686651, 5407492.904383311, 80), (461088.91053082485, 5407492.89160432, 80), (461090.74569298554, 5407492.878825932, 80), (461092.5808551472, 5407492.866048147, 80), (461094.4160173099, 5407492.853270964, 80), (461096.2511794735, 5407492.840494383, 80), (461098.08634163806, 5407492.827718406, 80), (461099.92150380363, 5407492.814943031, 80), (461101.75666597026, 5407492.802168259, 80), (461103.59182813775, 5407492.789394089, 80), (461105.42699030624, 5407492.776620522, 80), (461107.26215247577, 5407492.763847559, 80), (461109.0973146462, 5407492.751075197, 80), (461110.9324768176, 5407492.738303439, 80), (461112.76763898996, 5407492.725532282, 80), (461114.6028011634, 5407492.712761729, 80), (461116.43796333775, 5407492.6999917785, 80), (461118.2731255131, 5407492.6872224305, 80), (461120.1082876894, 5407492.674453685, 80), (461121.94344986667, 5407492.661685544, 80), (461123.77861204493, 5407492.648918003, 80), (461125.6137742241, 5407492.636151067, 80), (461127.4489364043, 5407492.623384734, 80), (461129.2840985855, 5407492.610619002, 80), (461131.1192607677, 5407492.597853873, 80), (461132.9544229508, 5407492.585089346, 80), (461134.7895851349, 5407492.572325423, 80), (461136.62474731996, 5407492.559562103, 80), (461138.459909506, 5407492.546799384, 80), (461140.295071693, 5407492.534037269, 80), (461142.13023388106, 5407492.521275757, 80), (461143.96539607004, 5407492.508514846, 80), (461145.80055826, 5407492.495754539, 80), (461147.6357204509, 5407492.482994836, 80), (461149.4708826428, 5407492.470235733, 80), (461151.30604483566, 5407492.457477235, 80), (461035.710206124, 5407496.041467846, 80), (461037.54536734364, 5407496.028671981, 80), (461039.38052856433, 5407496.015876718, 80), (461041.21568978595, 5407496.003082057, 80), (461043.05085100856, 5407495.990288001, 80), (461044.88601223216, 5407495.977494546, 80), (461046.72117345675, 5407495.9647016935, 80), (461048.5563346823, 5407495.951909444, 80), (461050.39149590884, 5407495.939117799, 80), (461052.22665713634, 5407495.926326754, 80), (461054.0618183648, 5407495.913536312, 80), (461055.89697959425, 5407495.900746474, 80), (461057.73214082466, 5407495.887957239, 80), (461059.5673020561, 5407495.875168605, 80), (461061.4024632885, 5407495.862380575, 80), (461063.23762452183, 5407495.849593147, 80), (461065.0727857562, 5407495.836806323, 80), (461066.9079469915, 5407495.8240201, 80), (461068.7431082278, 5407495.811234481, 80), (461070.57826946507, 5407495.798449463, 80), (461072.4134307033, 5407495.78566505, 80), (461074.24859194254, 5407495.77288124, 80), (461076.0837531827, 5407495.76009803, 80), (461077.9189144239, 5407495.747315424, 80), (461079.754075666, 5407495.73453342, 80), (461081.5892369092, 5407495.72175202, 80), (461083.42439815326, 5407495.708971223, 80), (461085.2595593983, 5407495.696191028, 80), (461087.09472064435, 5407495.683411435, 80), (461088.9298818914, 5407495.670632445, 80), (461090.7650431394, 5407495.657854058, 80), (461092.6002043884, 5407495.645076274, 80), (461094.43536563835, 5407495.632299093, 80), (461096.27052688925, 5407495.619522514, 80), (461098.10568814114, 5407495.606746538, 80), (461099.940849394, 5407495.593971165, 80), (461101.7760106479, 5407495.581196394, 80), (461103.61117190274, 5407495.568422226, 80), (461105.4463331585, 5407495.555648661, 80), (461107.2814944153, 5407495.542875698, 80), (461109.1166556731, 5407495.530103338, 80), (461110.9518169318, 5407495.517331581, 80), (461112.78697819146, 5407495.504560426, 80), (461114.62213945214, 5407495.491789876, 80), (461116.45730071387, 5407495.479019926, 80), (461118.29246197647, 5407495.46625058, 80), (461120.12762324006, 5407495.453481835, 80), (461121.96278450463, 5407495.440713695, 80), (461123.7979457702, 5407495.427946157, 80), (461125.6331070367, 5407495.41517922, 80), (461127.4682683042, 5407495.402412889, 80), (461129.30342957267, 5407495.389647158, 80), (461131.1385908422, 5407495.376882031, 80), (461132.9737521126, 5407495.364117506, 80), (461134.808913384, 5407495.351353585, 80), (461136.64407465636, 5407495.338590265, 80), (461138.4792359297, 5407495.325827548, 80), (461140.314397204, 5407495.313065435, 80), (461142.1495584793, 5407495.300303924, 80), (461143.9847197556, 5407495.287543016, 80), (461145.8198810329, 5407495.27478271, 80), (461147.6550423111, 5407495.262023007, 80), (461149.4902035903, 5407495.249263906, 80), (461151.3253648705, 5407495.236505409, 80), (461035.7295836663, 5407498.820495939, 80), (461037.56474397326, 5407498.807700075, 80), (461039.39990428125, 5407498.794904812, 80), (461041.2350645902, 5407498.782110155, 80), (461043.0702249001, 5407498.769316098, 80), (461044.905385211, 5407498.756522645, 80), (461046.7405455229, 5407498.743729795, 80), (461048.5757058357, 5407498.730937547, 80), (461050.4108661495, 5407498.718145902, 80), (461052.24602646433, 5407498.705354859, 80), (461054.0811867801, 5407498.69256442, 80), (461055.91634709685, 5407498.679774583, 80), (461057.75150741456, 5407498.666985349, 80), (461059.5866677333, 5407498.654196717, 80), (461061.421828053, 5407498.641408687, 80), (461063.2569883737, 5407498.6286212625, 80), (461065.0921486953, 5407498.615834438, 80), (461066.9273090179, 5407498.6030482175, 80), (461068.7624693415, 5407498.590262599, 80), (461070.59762966604, 5407498.577477585, 80), (461072.4327899916, 5407498.5646931715, 80), (461074.2679503182, 5407498.551909362, 80), (461076.10311064566, 5407498.539126156, 80), (461077.9382709741, 5407498.52634355, 80), (461079.77343130356, 5407498.513561549, 80), (461081.60859163397, 5407498.500780149, 80), (461083.44375196536, 5407498.487999354, 80), (461085.27891229774, 5407498.475219159, 80), (461087.11407263106, 5407498.462439568, 80), (461088.9492329654, 5407498.449660581, 80), (461090.78439330077, 5407498.436882195, 80), (461092.619553637, 5407498.424104411, 80), (461094.45471397426, 5407498.411327232, 80), (461096.28987431247, 5407498.398550656, 80), (461098.12503465166, 5407498.38577468, 80), (461099.96019499184, 5407498.372999309, 80), (461101.795355333, 5407498.3602245385, 80), (461103.6305156752, 5407498.347450373, 80), (461105.46567601827, 5407498.334676809, 80), (461107.30083636235, 5407498.321903847, 80), (461109.13599670737, 5407498.30913149, 80), (461110.9711570534, 5407498.296359734, 80), (461112.8063174004, 5407498.28358858, 80), (461114.6414777484, 5407498.27081803, 80), (461116.4766380974, 5407498.258048084, 80), (461118.3117984473, 5407498.2452787375, 80), (461120.14695879817, 5407498.232509995, 80), (461121.9821191501, 5407498.219741857, 80), (461123.8172795029, 5407498.206974319, 80), (461125.6524398567, 5407498.194207386, 80), (461127.4876002115, 5407498.181441054, 80), (461129.3227605673, 5407498.168675325, 80), (461131.15792092413, 5407498.1559101995, 80), (461132.99308128183, 5407498.143145677, 80), (461134.8282416405, 5407498.130381756, 80), (461136.6634020002, 5407498.117618439, 80), (461138.4985623609, 5407498.104855724, 80), (461140.3337227225, 5407498.092093612, 80), (461142.1688830851, 5407498.079332101, 80), (461144.00404344866, 5407498.066571195, 80), (461145.83920381323, 5407498.053810891, 80), (461147.67436417873, 5407498.041051189, 80), (461149.5095245452, 5407498.028292091, 80), (461151.3446849127, 5407498.015533594, 80), (461035.7489612161, 5407501.5995240435, 80), (461037.5841206104, 5407501.586728182, 80), (461039.4192800056, 5407501.5739329215, 80), (461041.25443940185, 5407501.561138265, 80), (461043.08959879907, 5407501.54834421, 80), (461044.9247581973, 5407501.535550758, 80), (461046.7599175965, 5407501.522757909, 80), (461048.5950769966, 5407501.509965662, 80), (461050.4302363977, 5407501.497174018, 80), (461052.2653957998, 5407501.484382978, 80), (461054.1005552029, 5407501.47159254, 80), (461055.93571460695, 5407501.458802705, 80), (461057.77087401197, 5407501.446013472, 80), (461059.60603341804, 5407501.433224841, 80), (461061.44119282503, 5407501.4204368135, 80), (461063.27635223296, 5407501.40764939, 80), (461065.1115116419, 5407501.394862568, 80), (461066.9466710518, 5407501.382076348, 80), (461068.78183046274, 5407501.369290731, 80), (461070.6169898746, 5407501.356505718, 80), (461072.4521492874, 5407501.343721308, 80), (461074.28730870126, 5407501.330937499, 80), (461076.12246811605, 5407501.318154293, 80), (461077.95762753184, 5407501.305371691, 80), (461079.79278694856, 5407501.29258969, 80), (461081.62794636626, 5407501.279808292, 80), (461083.46310578496, 5407501.267027497, 80), (461085.29826520465, 5407501.254247306, 80), (461087.13342462527, 5407501.241467715, 80), (461088.96858404693, 5407501.228688729, 80), (461090.8037434695, 5407501.215910344, 80), (461092.6389028931, 5407501.203132563, 80), (461094.47406231763, 5407501.190355386, 80), (461096.30922174314, 5407501.177578809, 80), (461098.14438116964, 5407501.164802836, 80), (461099.9795405972, 5407501.152027465, 80), (461101.8147000256, 5407501.139252699, 80), (461103.64985945506, 5407501.126478533, 80), (461105.48501888546, 5407501.113704971, 80), (461107.32017831685, 5407501.10093201, 80), (461109.15533774917, 5407501.088159654, 80), (461110.99049718253, 5407501.075387901, 80), (461112.8256566168, 5407501.062616748, 80), (461114.6608160521, 5407501.049846199, 80), (461116.4959754884, 5407501.037076254, 80), (461118.3311349256, 5407501.024306909, 80), (461120.1662943638, 5407501.011538169, 80), (461122.001453803, 5407500.998770031, 80), (461123.83661324315, 5407500.986002496, 80), (461125.67177268426, 5407500.973235563, 80), (461127.50693212636, 5407500.960469234, 80), (461129.34209156944, 5407500.947703506, 80), (461131.1772510135, 5407500.934938383, 80), (461133.0124104585, 5407500.92217386, 80), (461134.8475699045, 5407500.909409942, 80), (461136.6827293515, 5407500.896646625, 80), (461138.5178887995, 5407500.883883912, 80), (461140.3530482484, 5407500.871121801, 80), (461142.1882076983, 5407500.858360293, 80), (461144.0233671492, 5407500.845599388, 80), (461145.85852660105, 5407500.832839085, 80), (461147.69368605386, 5407500.820079385, 80), (461149.52884550765, 5407500.807320288, 80), (461151.36400496244, 5407500.794561793, 80), (461035.76833877334, 5407504.37855216, 80), (461037.60349725495, 5407504.365756299, 80), (461039.4386557375, 5407504.352961041, 80), (461041.27381422103, 5407504.340166385, 80), (461043.10897270555, 5407504.327372331, 80), (461044.94413119106, 5407504.314578882, 80), (461046.7792896775, 5407504.301786034, 80), (461048.61444816494, 5407504.28899379, 80), (461050.4496066534, 5407504.276202148, 80), (461052.28476514283, 5407504.2634111075, 80), (461054.1199236332, 5407504.250620672, 80), (461055.9550821245, 5407504.237830837, 80), (461057.7902406168, 5407504.2250416055, 80), (461059.6253991102, 5407504.212252976, 80), (461061.46055760444, 5407504.199464952, 80), (461063.29571609973, 5407504.186677529, 80), (461065.13087459595, 5407504.173890707, 80), (461066.96603309317, 5407504.161104489, 80), (461068.80119159137, 5407504.148318875, 80), (461070.6363500905, 5407504.135533863, 80), (461072.4715085907, 5407504.1227494525, 80), (461074.30666709185, 5407504.109965646, 80), (461076.1418255939, 5407504.0971824415, 80), (461077.976984097, 5407504.084399841, 80), (461079.812142601, 5407504.071617842, 80), (461081.647301106, 5407504.058836446, 80), (461083.482459612, 5407504.046055652, 80), (461085.317618119, 5407504.033275461, 80), (461087.1527766269, 5407504.020495874, 80), (461088.98793513584, 5407504.007716889, 80), (461090.8230936458, 5407503.994938506, 80), (461092.6582521567, 5407503.982160726, 80), (461094.4934106685, 5407503.969383549, 80), (461096.3285691813, 5407503.956606975, 80), (461098.1637276951, 5407503.943831002, 80), (461099.9988862099, 5407503.931055633, 80), (461101.8340447257, 5407503.918280868, 80), (461103.6692032424, 5407503.905506704, 80), (461105.5043617601, 5407503.892733144, 80), (461107.3395202788, 5407503.879960185, 80), (461109.1746787985, 5407503.86718783, 80), (461111.0098373191, 5407503.854416076, 80), (461112.8449958407, 5407503.841644927, 80), (461114.6801543633, 5407503.828874379, 80), (461116.51531288686, 5407503.816104435, 80), (461118.35047141137, 5407503.803335093, 80), (461120.18562993687, 5407503.790566354, 80), (461122.02078846336, 5407503.777798217, 80), (461123.8559469908, 5407503.765030684, 80), (461125.6911055192, 5407503.752263752, 80), (461127.52626404865, 5407503.739497424, 80), (461129.361422579, 5407503.726731699, 80), (461131.19658111036, 5407503.713966576, 80), (461133.0317396427, 5407503.701202055, 80), (461134.866898176, 5407503.688438138, 80), (461136.70205671026, 5407503.675674823, 80), (461138.53721524554, 5407503.662912111, 80), (461140.37237378175, 5407503.650150002, 80), (461142.20753231895, 5407503.637388496, 80), (461144.04269085714, 5407503.624627591, 80), (461145.8778493963, 5407503.61186729, 80), (461147.7130079364, 5407503.599107591, 80), (461149.5481664775, 5407503.586348495, 80), (461151.3833250196, 5407503.573590003, 80), (461035.7877163381, 5407507.157580291, 80), (461037.622873907, 5407507.144784431, 80), (461039.4580314768, 5407507.131989174, 80), (461041.29318904766, 5407507.119194519, 80), (461043.1283466195, 5407507.106400468, 80), (461044.9635041923, 5407507.093607019, 80), (461046.7986617661, 5407507.0808141725, 80), (461048.63381934084, 5407507.06802193, 80), (461050.4689769165, 5407507.055230289, 80), (461052.3041344932, 5407507.04243925, 80), (461054.13929207093, 5407507.029648816, 80), (461055.97444964957, 5407507.016858983, 80), (461057.8096072292, 5407507.004069753, 80), (461059.64476480987, 5407506.991281127, 80), (461061.4799223914, 5407506.978493102, 80), (461063.315079974, 5407506.96570568, 80), (461065.1502375575, 5407506.952918861, 80), (461066.98539514205, 5407506.940132645, 80), (461068.8205527275, 5407506.927347031, 80), (461070.655710314, 5407506.91456202, 80), (461072.4908679014, 5407506.901777611, 80), (461074.3260254899, 5407506.888993806, 80), (461076.16118307924, 5407506.876210604, 80), (461077.99634066963, 5407506.863428004, 80), (461079.83149826096, 5407506.850646007, 80), (461081.6666558533, 5407506.837864612, 80), (461083.5018134466, 5407506.82508382, 80), (461085.3369710408, 5407506.812303631, 80), (461087.1721286361, 5407506.799524045, 80), (461089.0072862323, 5407506.78674506, 80), (461090.8424438295, 5407506.773966679, 80), (461092.6776014277, 5407506.761188901, 80), (461094.51275902684, 5407506.748411726, 80), (461096.34791662695, 5407506.735635153, 80), (461098.18307422806, 5407506.722859183, 80), (461100.01823183015, 5407506.710083815, 80), (461101.85338943324, 5407506.69730905, 80), (461103.68854703725, 5407506.684534888, 80), (461105.52370464226, 5407506.671761328, 80), (461107.35886224825, 5407506.658988372, 80), (461109.1940198552, 5407506.646216018, 80), (461111.0291774631, 5407506.633444266, 80), (461112.864335072, 5407506.620673118, 80), (461114.6994926819, 5407506.6079025725, 80), (461116.5346502928, 5407506.595132628, 80), (461118.3698079046, 5407506.582363289, 80), (461120.2049655174, 5407506.569594552, 80), (461122.0401231312, 5407506.556826416, 80), (461123.8752807459, 5407506.544058884, 80), (461125.7104383616, 5407506.531291954, 80), (461127.5455959784, 5407506.518525627, 80), (461129.380753596, 5407506.505759904, 80), (461131.2159112147, 5407506.4929947825, 80), (461133.0510688343, 5407506.4802302625, 80), (461134.8862264549, 5407506.467466348, 80), (461136.7213840765, 5407506.454703035, 80), (461138.5565416991, 5407506.441940323, 80), (461140.3916993226, 5407506.429178216, 80), (461142.22685694706, 5407506.41641671, 80), (461144.06201457256, 5407506.4036558075, 80), (461145.89717219904, 5407506.390895508, 80), (461147.73232982645, 5407506.378135812, 80), (461149.56748745486, 5407506.3653767165, 80), (461151.4026450842, 5407506.352618225, 80), (461035.80709391035, 5407509.936608432, 80), (461037.6422505665, 5407509.923812573, 80), (461039.47740722366, 5407509.911017318, 80), (461041.3125638818, 5407509.898222665, 80), (461043.14772054093, 5407509.885428615, 80), (461044.98287720105, 5407509.872635167, 80), (461046.8180338621, 5407509.859842323, 80), (461048.65319052414, 5407509.847050082, 80), (461050.4883471872, 5407509.834258442, 80), (461052.3235038512, 5407509.821467404, 80), (461054.15866051614, 5407509.808676971, 80), (461055.9938171821, 5407509.795887141, 80), (461057.828973849, 5407509.783097913, 80), (461059.664130517, 5407509.770309286, 80), (461061.49928718584, 5407509.757521264, 80), (461063.3344438557, 5407509.744733843, 80), (461065.1696005265, 5407509.731947025, 80), (461067.00475719833, 5407509.719160811, 80), (461068.83991387114, 5407509.706375198, 80), (461070.6750705449, 5407509.693590189, 80), (461072.5102272196, 5407509.680805782, 80), (461074.3453838954, 5407509.668021979, 80), (461076.18054057204, 5407509.655238777, 80), (461078.01569724974, 5407509.642456178, 80), (461079.85085392836, 5407509.629674183, 80), (461081.686010608, 5407509.61689279, 80), (461083.5211672886, 5407509.604111998, 80), (461085.35632397013, 5407509.591331812, 80), (461087.19148065266, 5407509.578552227, 80), (461089.02663733624, 5407509.565773244, 80), (461090.86179402075, 5407509.552994865, 80), (461092.6969507062, 5407509.540217088, 80), (461094.5321073927, 5407509.527439914, 80), (461096.3672640801, 5407509.514663342, 80), (461098.20242076844, 5407509.501887374, 80), (461100.03757745784, 5407509.489112008, 80), (461101.87273414823, 5407509.476337244, 80), (461103.70789083955, 5407509.463563084, 80), (461105.54304753186, 5407509.450789526, 80), (461107.37820422516, 5407509.438016571, 80), (461109.2133609194, 5407509.425244219, 80), (461111.0485176146, 5407509.412472469, 80), (461112.8836743108, 5407509.3997013215, 80), (461114.718831008, 5407509.386930777, 80), (461116.5539877062, 5407509.3741608355, 80), (461118.38914440526, 5407509.361391497, 80), (461120.22430110537, 5407509.348622761, 80), (461122.05945780646, 5407509.335854627, 80), (461123.89461450855, 5407509.323087096, 80), (461125.72977121157, 5407509.310320168, 80), (461127.5649279155, 5407509.297553842, 80), (461129.4000846205, 5407509.28478812, 80), (461131.2352413265, 5407509.272023, 80), (461133.0703980334, 5407509.259258483, 80), (461134.90555474133, 5407509.246494568, 80), (461136.7407114502, 5407509.233731256, 80), (461138.57586816006, 5407509.220968547, 80), (461140.4110248709, 5407509.20820644, 80), (461142.2461815827, 5407509.195444937, 80), (461144.0813382955, 5407509.182684037, 80), (461145.9164950092, 5407509.169923739, 80), (461147.7516517239, 5407509.157164043, 80), (461149.58680843964, 5407509.14440495, 80), (461151.4219651563, 5407509.13164646, 80), (461035.8264714901, 5407512.715636584, 80), (461037.66162723355, 5407512.702840727, 80), (461039.49678297795, 5407512.690045474, 80), (461041.3319387234, 5407512.677250822, 80), (461043.1670944698, 5407512.664456774, 80), (461045.00225021725, 5407512.6516633285, 80), (461046.8374059656, 5407512.638870484, 80), (461048.67256171495, 5407512.626078243, 80), (461050.5077174653, 5407512.613286606, 80), (461052.3428732166, 5407512.600495571, 80), (461054.17802896886, 5407512.587705139, 80), (461056.0131847221, 5407512.5749153085, 80), (461057.84834047634, 5407512.562126082, 80), (461059.68349623156, 5407512.549337458, 80), (461061.5186519877, 5407512.536549437, 80), (461063.3538077449, 5407512.5237620175, 80), (461065.188963503, 5407512.510975202, 80), (461067.0241192621, 5407512.498188989, 80), (461068.85927502223, 5407512.485403378, 80), (461070.6944307833, 5407512.472618369, 80), (461072.5295865453, 5407512.459833965, 80), (461074.3647423084, 5407512.447050163, 80), (461076.19989807234, 5407512.434266963, 80), (461078.0350538373, 5407512.421484366, 80), (461079.8702096032, 5407512.408702371, 80), (461081.70536537014, 5407512.395920979, 80), (461083.54052113806, 5407512.38314019, 80), (461085.3756769069, 5407512.370360004, 80), (461087.21083267673, 5407512.357580421, 80), (461089.0459884476, 5407512.34480144, 80), (461090.8811442194, 5407512.332023062, 80), (461092.7162999922, 5407512.319245286, 80), (461094.5514557659, 5407512.306468114, 80), (461096.3866115406, 5407512.293691544, 80), (461098.22176731634, 5407512.280915577, 80), (461100.05692309304, 5407512.268140212, 80), (461101.8920788707, 5407512.255365451, 80), (461103.7272346493, 5407512.242591291, 80), (461105.5623904289, 5407512.229817735, 80), (461107.3975462095, 5407512.217044781, 80), (461109.23270199104, 5407512.204272431, 80), (461111.06785777357, 5407512.191500681, 80), (461112.9030135571, 5407512.178729536, 80), (461114.7381693416, 5407512.165958993, 80), (461116.573325127, 5407512.153189054, 80), (461118.40848091344, 5407512.140419715, 80), (461120.24363670085, 5407512.127650981, 80), (461122.07879248925, 5407512.114882849, 80), (461123.9139482786, 5407512.10211532, 80), (461125.7491040689, 5407512.0893483935, 80), (461127.5842598602, 5407512.076582069, 80), (461129.41941565246, 5407512.063816348, 80), (461131.25457144575, 5407512.051051228, 80), (461133.08972724, 5407512.038286713, 80), (461134.9248830352, 5407512.025522801, 80), (461136.76003883133, 5407512.012759491, 80), (461138.5951946285, 5407511.999996782, 80), (461140.43035042664, 5407511.987234678, 80), (461142.2655062257, 5407511.974473176, 80), (461144.1006620258, 5407511.961712276, 80), (461145.9358178269, 5407511.948951979, 80), (461147.77097362885, 5407511.936192285, 80), (461149.60612943186, 5407511.923433194, 80), (461151.44128523587, 5407511.910674705, 80), (461035.8458490773, 5407515.49466475, 80), (461037.68100390804, 5407515.481868895, 80), (461039.5161587398, 5407515.469073642, 80), (461041.3513135725, 5407515.456278992, 80), (461043.18646840623, 5407515.443484945, 80), (461045.0216232409, 5407515.430691501, 80), (461046.8567780766, 5407515.417898659, 80), (461048.69193291327, 5407515.405106421, 80), (461050.52708775084, 5407515.392314783, 80), (461052.3622425895, 5407515.37952375, 80), (461054.19739742903, 5407515.36673332, 80), (461056.0325522696, 5407515.353943491, 80), (461057.86770711106, 5407515.341154267, 80), (461059.70286195364, 5407515.3283656435, 80), (461061.5380167971, 5407515.315577623, 80), (461063.37317164155, 5407515.302790207, 80), (461065.208326487, 5407515.290003392, 80), (461067.0434813334, 5407515.27721718, 80), (461068.8786361808, 5407515.264431571, 80), (461070.7137910291, 5407515.251646563, 80), (461072.54894587846, 5407515.23886216, 80), (461074.38410072884, 5407515.226078359, 80), (461076.2192555801, 5407515.213295162, 80), (461078.05441043235, 5407515.200512566, 80), (461079.8895652856, 5407515.187730573, 80), (461081.7247201398, 5407515.174949183, 80), (461083.55987499503, 5407515.162168395, 80), (461085.3950298512, 5407515.149388211, 80), (461087.2301847083, 5407515.136608629, 80), (461089.06533956644, 5407515.123829649, 80), (461090.90049442556, 5407515.111051273, 80), (461092.73564928566, 5407515.098273498, 80), (461094.5708041467, 5407515.085496327, 80), (461096.40595900867, 5407515.072719758, 80), (461098.2411138717, 5407515.059943792, 80), (461100.0762687357, 5407515.04716843, 80), (461101.9114236006, 5407515.034393669, 80), (461103.74657846655, 5407515.021619512, 80), (461105.58173333347, 5407515.008845957, 80), (461107.4168882014, 5407514.996073005, 80), (461109.2520430702, 5407514.983300655, 80), (461111.08719794, 5407514.970528909, 80), (461112.9223528108, 5407514.957757764, 80), (461114.7575076826, 5407514.944987223, 80), (461116.5926625554, 5407514.932217285, 80), (461118.42781742907, 5407514.919447947, 80), (461120.2629723038, 5407514.906679214, 80), (461122.0981271795, 5407514.893911085, 80), (461123.9332820561, 5407514.881143556, 80), (461125.76843693375, 5407514.868376631, 80), (461127.6035918123, 5407514.855610308, 80), (461129.4387466919, 5407514.842844589, 80), (461131.2739015725, 5407514.830079472, 80), (461133.10905645404, 5407514.817314958, 80), (461134.9442113365, 5407514.804551046, 80), (461136.77936621994, 5407514.791787737, 80), (461138.61452110443, 5407514.779025031, 80), (461140.44967598986, 5407514.766262928, 80), (461142.2848308762, 5407514.753501427, 80), (461144.1199857636, 5407514.740740529, 80), (461145.95514065196, 5407514.727980234, 80), (461147.7902955413, 5407514.715220541, 80), (461149.6254504316, 5407514.702461451, 80), (461151.46060532285, 5407514.689702963, 80), (461035.8652266719, 5407518.273692926, 80), (461037.70038059, 5407518.260897073, 80), (461039.53553450905, 5407518.248101822, 80), (461041.3706884291, 5407518.235307174, 80), (461043.2058423501, 5407518.222513128, 80), (461045.04099627206, 5407518.209719685, 80), (461046.8761501951, 5407518.196926844, 80), (461048.711304119, 5407518.184134606, 80), (461050.5464580439, 5407518.171342973, 80), (461052.38161196985, 5407518.158551941, 80), (461054.2167658967, 5407518.14576151, 80), (461056.05191982456, 5407518.132971684, 80), (461057.88707375334, 5407518.120182461, 80), (461059.7222276832, 5407518.107393839, 80), (461061.55738161394, 5407518.09460582, 80), (461063.3925355457, 5407518.081818406, 80), (461065.22768947843, 5407518.069031592, 80), (461067.06284341216, 5407518.056245382, 80), (461068.8979973468, 5407518.043459774, 80), (461070.7331512825, 5407518.030674769, 80), (461072.5683052191, 5407518.017890366, 80), (461074.40345915675, 5407518.0051065665, 80), (461076.23861309537, 5407517.992323371, 80), (461078.07376703486, 5407517.9795407755, 80), (461079.9089209754, 5407517.966758784, 80), (461081.74407491693, 5407517.953977397, 80), (461083.57922885945, 5407517.94119661, 80), (461085.4143828029, 5407517.928416426, 80), (461087.24953674735, 5407517.915636847, 80), (461089.0846906928, 5407517.902857868, 80), (461090.9198446392, 5407517.890079493, 80), (461092.75499858655, 5407517.87730172, 80), (461094.5901525349, 5407517.864524552, 80), (461096.4253064842, 5407517.851747983, 80), (461098.2604604345, 5407517.83897202, 80), (461100.0956143858, 5407517.8261966575, 80), (461101.9307683381, 5407517.813421899, 80), (461103.76592229126, 5407517.800647744, 80), (461105.6010762454, 5407517.78787419, 80), (461107.43623020063, 5407517.775101239, 80), (461109.2713841568, 5407517.762328892, 80), (461111.1065381139, 5407517.749557146, 80), (461112.94169207197, 5407517.736786003, 80), (461114.7768460311, 5407517.724015463, 80), (461116.6119999912, 5407517.711245527, 80), (461118.44715395215, 5407517.698476192, 80), (461120.28230791417, 5407517.68570746, 80), (461122.1174618772, 5407517.67293933, 80), (461123.9526158411, 5407517.660171804, 80), (461125.787769806, 5407517.647404881, 80), (461127.6229237719, 5407517.634638559, 80), (461129.45807773876, 5407517.621872841, 80), (461131.29323170666, 5407517.609107726, 80), (461133.1283856755, 5407517.596343213, 80), (461134.96353964525, 5407517.583579303, 80), (461136.79869361606, 5407517.570815995, 80), (461138.6338475878, 5407517.5580532905, 80), (461140.46900156053, 5407517.545291189, 80), (461142.3041555342, 5407517.532529689, 80), (461144.1393095089, 5407517.519768792, 80), (461145.97446348454, 5407517.5070084995, 80), (461147.8096174612, 5407517.494248807, 80), (461149.64477143873, 5407517.481489719, 80), (461151.4799254173, 5407517.468731234, 80), (461035.88460427406, 5407521.052721116, 80), (461037.71975727944, 5407521.039925264, 80), (461039.5549102858, 5407521.027130013, 80), (461041.3900632931, 5407521.014335367, 80), (461043.2252163014, 5407521.001541323, 80), (461045.0603693107, 5407520.988747881, 80), (461046.895522321, 5407520.975955043, 80), (461048.73067533225, 5407520.963162808, 80), (461050.56582834444, 5407520.950371174, 80), (461052.40098135767, 5407520.937580142, 80), (461054.23613437184, 5407520.924789716, 80), (461056.07128738693, 5407520.911999891, 80), (461057.9064404031, 5407520.899210668, 80), (461059.7415934202, 5407520.886422047, 80), (461061.5767464383, 5407520.873634031, 80), (461063.41189945734, 5407520.860846616, 80), (461065.2470524773, 5407520.848059805, 80), (461067.08220549836, 5407520.8352735955, 80), (461068.9173585203, 5407520.82248799, 80), (461070.7525115433, 5407520.809702987, 80), (461072.5876645672, 5407520.796918586, 80), (461074.42281759216, 5407520.7841347875, 80), (461076.2579706181, 5407520.771351593, 80), (461078.0931236449, 5407520.758568999, 80), (461079.9282766727, 5407520.74578701, 80), (461081.76342970156, 5407520.733005623, 80), (461083.5985827313, 5407520.720224838, 80), (461085.4337357621, 5407520.707444656, 80), (461087.2688887938, 5407520.694665077, 80), (461089.10404182656, 5407520.681886101, 80), (461090.9391948603, 5407520.669107728, 80), (461092.77434789494, 5407520.656329956, 80), (461094.6095009306, 5407520.6435527885, 80), (461096.44465396716, 5407520.630776222, 80), (461098.2798070048, 5407520.618000259, 80), (461100.11496004334, 5407520.6052249, 80), (461101.95011308294, 5407520.592450142, 80), (461103.7852661234, 5407520.579675988, 80), (461105.62041916494, 5407520.566902435, 80), (461107.4555722074, 5407520.554129486, 80), (461109.29072525084, 5407520.541357139, 80), (461111.1258782953, 5407520.528585396, 80), (461112.96103134064, 5407520.515814253, 80), (461114.79618438706, 5407520.503043716, 80), (461116.6313374344, 5407520.49027378, 80), (461118.46649048274, 5407520.477504447, 80), (461120.301643532, 5407520.464735717, 80), (461122.1367965823, 5407520.45196759, 80), (461123.97194963356, 5407520.439200064, 80), (461125.8071026858, 5407520.426433142, 80), (461127.64225573896, 5407520.413666822, 80), (461129.4774087931, 5407520.400901105, 80), (461131.3125618483, 5407520.388135991, 80), (461133.14771490445, 5407520.37537148, 80), (461134.9828679615, 5407520.362607572, 80), (461136.8180210196, 5407520.349844266, 80), (461138.6531740786, 5407520.337081564, 80), (461140.48832713865, 5407520.324319462, 80), (461142.3234801996, 5407520.311557964, 80), (461144.1586332616, 5407520.29879707, 80), (461145.9937863246, 5407520.286036777, 80), (461147.8289393885, 5407520.273277088, 80), (461149.6640924534, 5407520.260518, 80), (461151.4992455192, 5407520.247759516, 80), (461035.9039818837, 5407523.831749315, 80), (461037.7391339764, 5407523.818953467, 80), (461039.57428607, 5407523.806158218, 80), (461041.4094381647, 5407523.793363572, 80), (461043.24459026026, 5407523.780569528, 80), (461045.07974235684, 5407523.76777609, 80), (461046.9148944544, 5407523.754983252, 80), (461048.750046553, 5407523.742191018, 80), (461050.58519865246, 5407523.729399386, 80), (461052.420350753, 5407523.716608357, 80), (461054.2555028545, 5407523.70381793, 80), (461056.0906549569, 5407523.691028107, 80), (461057.92580706027, 5407523.6782388855, 80), (461059.7609591647, 5407523.6654502675, 80), (461061.5961112701, 5407523.652662252, 80), (461063.43126337643, 5407523.639874838, 80), (461065.2664154837, 5407523.627088029, 80), (461067.10156759206, 5407523.614301821, 80), (461068.93671970133, 5407523.601516216, 80), (461070.7718718116, 5407523.588731214, 80), (461072.6070239228, 5407523.575946815, 80), (461074.442176035, 5407523.563163019, 80), (461076.2773281482, 5407523.550379825, 80), (461078.11248026235, 5407523.537597233, 80), (461079.9476323775, 5407523.524815245, 80), (461081.7827844936, 5407523.51203386, 80), (461083.6179366107, 5407523.4992530765, 80), (461085.45308872877, 5407523.486472896, 80), (461087.28824084776, 5407523.473693319, 80), (461089.1233929678, 5407523.460914344, 80), (461090.9585450888, 5407523.448135971, 80), (461092.7936972108, 5407523.435358201, 80), (461094.62884933373, 5407523.422581036, 80), (461096.4640014576, 5407523.40980447, 80), (461098.2991535825, 5407523.3970285095, 80), (461100.1343057084, 5407523.384253152, 80), (461101.96945783525, 5407523.371478396, 80), (461103.8046099631, 5407523.358704243, 80), (461105.63976209186, 5407523.345930692, 80), (461107.4749142217, 5407523.333157743, 80), (461109.31006635237, 5407523.320385399, 80), (461111.1452184841, 5407523.307613657, 80), (461112.9803706168, 5407523.294842517, 80), (461114.8155227505, 5407523.282071981, 80), (461116.65067488514, 5407523.269302046, 80), (461118.4858270207, 5407523.256532714, 80), (461120.32097915735, 5407523.243763985, 80), (461122.1561312949, 5407523.230995858, 80), (461123.99128343345, 5407523.2182283355, 80), (461125.826435573, 5407523.2054614145, 80), (461127.66158771346, 5407523.192695096, 80), (461129.4967398549, 5407523.179929381, 80), (461131.3318919974, 5407523.167164269, 80), (461133.1670441408, 5407523.154399759, 80), (461135.00219628523, 5407523.141635852, 80), (461136.83734843053, 5407523.128872547, 80), (461138.67250057694, 5407523.116109846, 80), (461140.5076527242, 5407523.103347747, 80), (461142.34280487255, 5407523.090586252, 80), (461144.1779570218, 5407523.077825357, 80), (461146.01310917205, 5407523.065065066, 80), (461147.8482613233, 5407523.052305378, 80), (461149.68341347546, 5407523.039546292, 80), (461151.5185656286, 5407523.02678781, 80), (461035.9233595008, 5407526.61077753, 80), (461037.7585106808, 5407526.597981681, 80), (461039.5936618617, 5407526.585186433, 80), (461041.42881304363, 5407526.572391789, 80), (461043.2639642265, 5407526.559597747, 80), (461045.09911541047, 5407526.54680431, 80), (461046.9342665953, 5407526.534011475, 80), (461048.76941778115, 5407526.521219241, 80), (461050.60456896794, 5407526.508427612, 80), (461052.4397201558, 5407526.495636583, 80), (461054.2748713445, 5407526.482846159, 80), (461056.11002253427, 5407526.470056336, 80), (461057.94517372496, 5407526.457267118, 80), (461059.7803249167, 5407526.4444785, 80), (461061.6154761093, 5407526.431690486, 80), (461063.450627303, 5407526.418903074, 80), (461065.2857784976, 5407526.406116267, 80), (461067.1209296932, 5407526.39333006, 80), (461068.9560808898, 5407526.380544457, 80), (461070.7912320873, 5407526.367759456, 80), (461072.62638328585, 5407526.354975059, 80), (461074.4615344854, 5407526.342191263, 80), (461076.29668568587, 5407526.329408072, 80), (461078.13183688733, 5407526.316625481, 80), (461079.9669880897, 5407526.303843494, 80), (461081.80213929317, 5407526.291062111, 80), (461083.63729049754, 5407526.278281328, 80), (461085.4724417029, 5407526.26550115, 80), (461087.3075929092, 5407526.252721574, 80), (461089.14274411654, 5407526.2399426, 80), (461090.9778953249, 5407526.227164229, 80), (461092.8130465341, 5407526.214386461, 80), (461094.64819774433, 5407526.201609296, 80), (461096.4833489556, 5407526.188832733, 80), (461098.31850016775, 5407526.176056773, 80), (461100.1536513809, 5407526.1632814165, 80), (461101.98880259506, 5407526.150506662, 80), (461103.8239538102, 5407526.13773251, 80), (461105.6591050263, 5407526.124958961, 80), (461107.49425624334, 5407526.112186015, 80), (461109.3294074614, 5407526.0994136715, 80), (461111.1645586804, 5407526.08664193, 80), (461112.99970990035, 5407526.073870791, 80), (461114.8348611214, 5407526.061100258, 80), (461116.6700123433, 5407526.048330325, 80), (461118.5051635662, 5407526.0355609935, 80), (461120.34031479014, 5407526.022792266, 80), (461122.175466015, 5407526.010024142, 80), (461124.01061724086, 5407525.99725662, 80), (461125.84576846764, 5407525.984489701, 80), (461127.6809196954, 5407525.971723383, 80), (461129.5160709242, 5407525.95895767, 80), (461131.351222154, 5407525.946192559, 80), (461133.18637338467, 5407525.933428051, 80), (461135.02152461634, 5407525.920664146, 80), (461136.856675849, 5407525.907900842, 80), (461138.69182708266, 5407525.895138142, 80), (461140.5269783173, 5407525.882376044, 80), (461142.3621295529, 5407525.86961455, 80), (461144.19728078943, 5407525.856853657, 80), (461146.032432027, 5407525.844093368, 80), (461147.8675832655, 5407525.831333682, 80), (461149.702734505, 5407525.818574598, 80), (461151.53788574546, 5407525.805816116, 80), (461035.94273712544, 5407529.389805756, 80), (461037.7778873927, 5407529.377009907, 80), (461039.61303766095, 5407529.364214662, 80), (461041.44818793016, 5407529.35142002, 80), (461043.28333820036, 5407529.33862598, 80), (461045.11848847155, 5407529.325832544, 80), (461046.9536387437, 5407529.313039709, 80), (461048.78878901683, 5407529.300247477, 80), (461050.62393929093, 5407529.287455849, 80), (461052.459089566, 5407529.274664823, 80), (461054.2942398421, 5407529.261874399, 80), (461056.1293901191, 5407529.249084578, 80), (461057.9645403971, 5407529.23629536, 80), (461059.79969067615, 5407529.223506744, 80), (461061.63484095613, 5407529.210718732, 80), (461063.46999123704, 5407529.197931322, 80), (461065.30514151894, 5407529.185144515, 80), (461067.1402918019, 5407529.172358311, 80), (461068.97544208576, 5407529.159572709, 80), (461070.8105923706, 5407529.14678771, 80), (461072.6457426564, 5407529.134003313, 80), (461074.4808929432, 5407529.12121952, 80), (461076.316043231, 5407529.108436329, 80), (461078.15119351976, 5407529.095653742, 80), (461079.98634380946, 5407529.082871755, 80), (461081.82149410015, 5407529.070090372, 80), (461083.6566443919, 5407529.057309593, 80), (461085.4917946845, 5407529.044529414, 80), (461087.32694497815, 5407529.03174984, 80), (461089.16209527274, 5407529.0189708695, 80), (461090.9972455684, 5407529.0061925, 80), (461092.83239586494, 5407528.993414733, 80), (461094.66754616244, 5407528.980637569, 80), (461096.5026964609, 5407528.967861008, 80), (461098.3378467604, 5407528.955085049, 80), (461100.1729970609, 5407528.942309693, 80), (461102.0081473624, 5407528.929534942, 80), (461103.8432976648, 5407528.916760791, 80), (461105.67844796815, 5407528.903987243, 80), (461107.5135982725, 5407528.891214299, 80), (461109.3487485779, 5407528.878441956, 80), (461111.18389888416, 5407528.865670217, 80), (461113.01904919144, 5407528.852899079, 80), (461114.8541994997, 5407528.840128546, 80), (461116.68934980896, 5407528.827358615, 80), (461118.5245001192, 5407528.814589286, 80), (461120.3596504304, 5407528.801820559, 80), (461122.19480074255, 5407528.789052437, 80), (461124.0299510557, 5407528.776284917, 80), (461125.8651013698, 5407528.763517999, 80), (461127.7002516849, 5407528.7507516835, 80), (461129.53540200094, 5407528.737985971, 80), (461131.370552318, 5407528.725220862, 80), (461133.20570263604, 5407528.712456356, 80), (461135.040852955, 5407528.699692451, 80), (461136.8760032749, 5407528.68692915, 80), (461138.7111535959, 5407528.67416645, 80), (461140.5463039178, 5407528.6614043545, 80), (461142.38145424065, 5407528.648642861, 80), (461144.2166045646, 5407528.63588197, 80), (461146.0517548894, 5407528.623121682, 80), (461147.8869052152, 5407528.610361997, 80), (461149.722055542, 5407528.597602914, 80), (461151.5572058697, 5407528.584844436, 80), (461035.9621147575, 5407532.1688339915, 80), (461037.79726411204, 5407532.156038146, 80), (461039.6324134676, 5407532.143242902, 80), (461041.4675628241, 5407532.130448261, 80), (461043.3027121816, 5407532.117654222, 80), (461045.1378615401, 5407532.104860787, 80), (461046.97301089956, 5407532.092067954, 80), (461048.80816025997, 5407532.079275724, 80), (461050.6433096214, 5407532.066484096, 80), (461052.47845898377, 5407532.053693072, 80), (461054.3136083471, 5407532.040902651, 80), (461056.14875771146, 5407532.028112831, 80), (461057.98390707676, 5407532.015323614, 80), (461059.81905644306, 5407532.002535, 80), (461061.65420581034, 5407531.98974699, 80), (461063.48935517855, 5407531.976959581, 80), (461065.32450454775, 5407531.964172775, 80), (461067.159653918, 5407531.951386573, 80), (461068.9948032891, 5407531.938600972, 80), (461070.82995266124, 5407531.925815974, 80), (461072.6651020344, 5407531.91303158, 80), (461074.50025140855, 5407531.900247788, 80), (461076.3354007836, 5407531.887464599, 80), (461078.17055015964, 5407531.874682011, 80), (461080.00569953665, 5407531.861900027, 80), (461081.84084891464, 5407531.849118645, 80), (461083.6759982936, 5407531.836337868, 80), (461085.5111476736, 5407531.823557691, 80), (461087.3462970545, 5407531.810778118, 80), (461089.18144643644, 5407531.797999148, 80), (461091.0165958193, 5407531.78522078, 80), (461092.8517452032, 5407531.772443015, 80), (461094.686894588, 5407531.759665854, 80), (461096.5220439738, 5407531.746889292, 80), (461098.35719336057, 5407531.734113337, 80), (461100.19234274834, 5407531.721337982, 80), (461102.0274921371, 5407531.708563231, 80), (461103.8626415268, 5407531.695789082, 80), (461105.6977909175, 5407531.683015536, 80), (461107.53294030915, 5407531.670242593, 80), (461109.3680897018, 5407531.657470251, 80), (461111.2032390954, 5407531.644698514, 80), (461113.03838849, 5407531.6319273785, 80), (461114.87353788555, 5407531.619156846, 80), (461116.7086872821, 5407531.606386917, 80), (461118.5438366796, 5407531.593617588, 80), (461120.3789860781, 5407531.580848864, 80), (461122.21413547755, 5407531.568080744, 80), (461124.04928487795, 5407531.555313224, 80), (461125.8844342794, 5407531.542546307, 80), (461127.7195836818, 5407531.529779995, 80), (461129.5547330851, 5407531.517014283, 80), (461131.3898824895, 5407531.504249175, 80), (461133.2250318948, 5407531.491484669, 80), (461135.0601813011, 5407531.478720767, 80), (461136.8953307083, 5407531.465957467, 80), (461138.73048011656, 5407531.45319477, 80), (461140.5656295258, 5407531.440432675, 80), (461142.40077893593, 5407531.427671184, 80), (461144.2359283471, 5407531.414910293, 80), (461146.07107775926, 5407531.402150008, 80), (461147.90622717235, 5407531.389390323, 80), (461149.74137658643, 5407531.376631243, 80), (461151.5765260015, 5407531.363872765, 80), (461035.9814923971, 5407534.947862241, 80), (461037.8166408389, 5407534.935066396, 80), (461039.65178928175, 5407534.922271154, 80), (461041.48693772557, 5407534.909476515, 80), (461043.3220861703, 5407534.8966824785, 80), (461045.1572346161, 5407534.883889045, 80), (461046.9923830629, 5407534.871096212, 80), (461048.8275315106, 5407534.858303985, 80), (461050.6626799593, 5407534.8455123585, 80), (461052.49782840896, 5407534.832721335, 80), (461054.33297685964, 5407534.819930916, 80), (461056.16812531126, 5407534.807141097, 80), (461058.00327376387, 5407534.794351881, 80), (461059.83842221746, 5407534.781563268, 80), (461061.67357067205, 5407534.76877526, 80), (461063.50871912757, 5407534.755987853, 80), (461065.3438675841, 5407534.743201049, 80), (461067.17901604157, 5407534.730414848, 80), (461069.01416450005, 5407534.717629248, 80), (461070.8493129595, 5407534.704844252, 80), (461072.6844614199, 5407534.692059859, 80), (461074.5196098813, 5407534.679276069, 80), (461076.35475834366, 5407534.66649288, 80), (461078.189906807, 5407534.6537102945, 80), (461080.02505527134, 5407534.640928312, 80), (461081.8602037366, 5407534.628146932, 80), (461083.69535220286, 5407534.615366156, 80), (461085.53050067014, 5407534.602585981, 80), (461087.36564913834, 5407534.58980641, 80), (461089.20079760754, 5407534.577027441, 80), (461091.0359460778, 5407534.564249074, 80), (461092.8710945489, 5407534.551471311, 80), (461094.706243021, 5407534.538694151, 80), (461096.5413914941, 5407534.5259175915, 80), (461098.3765399682, 5407534.513141637, 80), (461100.21168844326, 5407534.500366284, 80), (461102.0468369193, 5407534.487591534, 80), (461103.8819853963, 5407534.474817386, 80), (461105.7171338743, 5407534.462043841, 80), (461107.5522823533, 5407534.449270899, 80), (461109.3874308332, 5407534.436498561, 80), (461111.2225793141, 5407534.423726824, 80), (461113.05772779597, 5407534.41095569, 80), (461114.89287627884, 5407534.398185159, 80), (461116.7280247627, 5407534.385415231, 80), (461118.5631732475, 5407534.372645905, 80), (461120.3983217332, 5407534.359877182, 80), (461122.23347022, 5407534.347109063, 80), (461124.06861870777, 5407534.334341545, 80), (461125.90376719646, 5407534.321574629, 80), (461127.73891568615, 5407534.308808318, 80), (461129.57406417676, 5407534.296042608, 80), (461131.4092126684, 5407534.283277502, 80), (461133.244361161, 5407534.270512997, 80), (461135.0795096546, 5407534.257749097, 80), (461136.9146581492, 5407534.244985799, 80), (461138.7498066447, 5407534.232223102, 80), (461140.5849551412, 5407534.219461009, 80), (461142.42010363867, 5407534.2066995185, 80), (461144.25525213714, 5407534.193938631, 80), (461146.0904006366, 5407534.181178346, 80), (461147.925549137, 5407534.168418664, 80), (461149.7606976384, 5407534.155659584, 80), (461151.5958461407, 5407534.142901107, 80), (461036.0008700441, 5407537.726890502, 80), (461037.83601757325, 5407537.714094658, 80), (461039.6711651034, 5407537.701299418, 80), (461041.50631263445, 5407537.688504781, 80), (461043.34146016656, 5407537.675710745, 80), (461045.1766076996, 5407537.662917313, 80), (461047.0117552337, 5407537.650124482, 80), (461048.8469027687, 5407537.637332255, 80), (461050.6820503047, 5407537.624540632, 80), (461052.51719784166, 5407537.611749609, 80), (461054.35234537965, 5407537.598959191, 80), (461056.1874929185, 5407537.586169373, 80), (461058.0226404584, 5407537.57338016, 80), (461059.8577879994, 5407537.56059155, 80), (461061.6929355412, 5407537.547803542, 80), (461063.52808308403, 5407537.535016135, 80), (461065.36323062785, 5407537.522229333, 80), (461067.19837817264, 5407537.509443133, 80), (461069.0335257184, 5407537.4966575345, 80), (461070.8686732651, 5407537.483872541, 80), (461072.7038208128, 5407537.47108815, 80), (461074.53896836156, 5407537.4583043605, 80), (461076.3741159112, 5407537.445521173, 80), (461078.2092634618, 5407537.43273859, 80), (461080.0444110134, 5407537.419956609, 80), (461081.879558566, 5407537.407175231, 80), (461083.7147061196, 5407537.394394455, 80), (461085.54985367414, 5407537.381614281, 80), (461087.38500122965, 5407537.368834712, 80), (461089.22014878615, 5407537.356055744, 80), (461091.05529634363, 5407537.34327738, 80), (461092.8904439021, 5407537.330499617, 80), (461094.7255914615, 5407537.317722457, 80), (461096.5607390219, 5407537.304945901, 80), (461098.39588658325, 5407537.292169947, 80), (461100.2310341457, 5407537.279394595, 80), (461102.066181709, 5407537.266619848, 80), (461103.9013292733, 5407537.253845701, 80), (461105.7364768386, 5407537.241072158, 80), (461107.5716244048, 5407537.228299217, 80), (461109.4067719721, 5407537.215526881, 80), (461111.2419195402, 5407537.202755146, 80), (461113.0770671094, 5407537.189984013, 80), (461114.9122146796, 5407537.1772134835, 80), (461116.74736225075, 5407537.164443557, 80), (461118.5825098228, 5407537.1516742315, 80), (461120.4176573959, 5407537.138905511, 80), (461122.25280496996, 5407537.126137392, 80), (461124.087952545, 5407537.1133698765, 80), (461125.92310012097, 5407537.100602963, 80), (461127.75824769796, 5407537.087836653, 80), (461129.5933952759, 5407537.075070945, 80), (461131.42854285485, 5407537.062305839, 80), (461133.26369043475, 5407537.0495413365, 80), (461135.09883801563, 5407537.036777438, 80), (461136.93398559745, 5407537.0240141405, 80), (461138.7691331803, 5407537.011251445, 80), (461140.6042807641, 5407536.998489355, 80), (461142.43942834885, 5407536.985727865, 80), (461144.2745759346, 5407536.972966978, 80), (461146.10972352134, 5407536.960206695, 80), (461147.94487110904, 5407536.947447015, 80), (461149.7800186977, 5407536.934687936, 80), (461151.61516628735, 5407536.921929461, 80), (461036.02024769865, 5407540.505918776, 80), (461037.8553943151, 5407540.493122934, 80), (461039.69054093247, 5407540.480327695, 80), (461041.5256875509, 5407540.467533058, 80), (461043.36083417025, 5407540.454739024, 80), (461045.19598079065, 5407540.441945594, 80), (461047.031127412, 5407540.429152764, 80), (461048.8662740343, 5407540.416360539, 80), (461050.70142065757, 5407540.403568916, 80), (461052.5365672819, 5407540.390777896, 80), (461054.3717139071, 5407540.377987479, 80), (461056.20686053333, 5407540.365197664, 80), (461058.0420071605, 5407540.352408452, 80), (461059.8771537887, 5407540.339619842, 80), (461061.7123004179, 5407540.326831836, 80), (461063.54744704795, 5407540.314044432, 80), (461065.38259367907, 5407540.30125763, 80), (461067.2177403112, 5407540.288471432, 80), (461069.0528869442, 5407540.275685836, 80), (461070.88803357823, 5407540.262900843, 80), (461072.72318021324, 5407540.250116453, 80), (461074.55832684925, 5407540.237332664, 80), (461076.39347348624, 5407540.224549481, 80), (461078.22862012417, 5407540.211766898, 80), (461080.0637667631, 5407540.198984918, 80), (461081.8989134029, 5407540.186203541, 80), (461083.7340600438, 5407540.173422767, 80), (461085.56920668564, 5407540.160642595, 80), (461087.40435332846, 5407540.147863027, 80), (461089.23949997226, 5407540.13508406, 80), (461091.07464661705, 5407540.122305698, 80), (461092.9097932628, 5407540.109527936, 80), (461094.7449399095, 5407540.096750779, 80), (461096.5800865572, 5407540.083974224, 80), (461098.41523320583, 5407540.071198272, 80), (461100.2503798555, 5407540.058422921, 80), (461102.0855265062, 5407540.045648175, 80), (461103.9206731577, 5407540.03287403, 80), (461105.7558198103, 5407540.020100488, 80), (461107.5909664639, 5407540.007327549, 80), (461109.4261131184, 5407539.994555213, 80), (461111.26125977386, 5407539.981783479, 80), (461113.09640643036, 5407539.969012349, 80), (461114.9315530878, 5407539.956241821, 80), (461116.76669974625, 5407539.943471895, 80), (461118.60184640565, 5407539.930702573, 80), (461120.436993066, 5407539.917933852, 80), (461122.27213972737, 5407539.905165736, 80), (461124.1072863897, 5407539.8923982205, 80), (461125.94243305293, 5407539.879631309, 80), (461127.7775797172, 5407539.866865001, 80), (461129.6127263825, 5407539.854099293, 80), (461131.4478730487, 5407539.841334189, 80), (461133.2830197159, 5407539.828569689, 80), (461135.11816638405, 5407539.815805791, 80), (461136.95331305324, 5407539.803042495, 80), (461138.78845972335, 5407539.790279802, 80), (461140.62360639445, 5407539.777517712, 80), (461142.4587530665, 5407539.764756224, 80), (461144.29389973957, 5407539.75199534, 80), (461146.12904641364, 5407539.7392350575, 80), (461147.9641930886, 5407539.7264753785, 80), (461149.7993397646, 5407539.713716302, 80), (461151.6344864415, 5407539.700957828, 80), (461036.03962536063, 5407543.284947061, 80), (461037.8747710644, 5407543.272151221, 80), (461039.70991676906, 5407543.259355984, 80), (461041.5450624748, 5407543.2465613475, 80), (461043.38020818145, 5407543.233767316, 80), (461045.2153538891, 5407543.220973887, 80), (461047.05049959774, 5407543.20818106, 80), (461048.88564530737, 5407543.195388836, 80), (461050.7207910179, 5407543.182597214, 80), (461052.55593672954, 5407543.1698061945, 80), (461054.3910824421, 5407543.157015779, 80), (461056.22622815554, 5407543.144225965, 80), (461058.06137387006, 5407543.131436755, 80), (461059.89651958557, 5407543.118648147, 80), (461061.73166530195, 5407543.105860142, 80), (461063.5668110194, 5407543.093072739, 80), (461065.4019567378, 5407543.08028594, 80), (461067.2371024572, 5407543.067499743, 80), (461069.07224817754, 5407543.054714149, 80), (461070.9073938988, 5407543.041929157, 80), (461072.74253962113, 5407543.029144768, 80), (461074.5776853445, 5407543.016360981, 80), (461076.41283106874, 5407543.003577799, 80), (461078.2479767939, 5407542.9907952165, 80), (461080.0831225201, 5407542.97801324, 80), (461081.91826824733, 5407542.965231864, 80), (461083.7534139755, 5407542.95245109, 80), (461085.5885597046, 5407542.93967092, 80), (461087.4237054347, 5407542.926891354, 80), (461089.2588511658, 5407542.914112389, 80), (461091.0939968979, 5407542.901334027, 80), (461092.92914263095, 5407542.888556269, 80), (461094.7642883649, 5407542.875779112, 80), (461096.5994340999, 5407542.863002558, 80), (461098.43457983586, 5407542.850226607, 80), (461100.26972557284, 5407542.83745126, 80), (461102.10487131076, 5407542.824676514, 80), (461103.94001704967, 5407542.811902371, 80), (461105.7751627895, 5407542.7991288295, 80), (461107.6103085304, 5407542.786355893, 80), (461109.4454542722, 5407542.773583558, 80), (461111.28060001496, 5407542.760811826, 80), (461113.11574575875, 5407542.748040698, 80), (461114.9508915035, 5407542.7352701705, 80), (461116.78603724926, 5407542.722500246, 80), (461118.6211829959, 5407542.709730924, 80), (461120.4563287436, 5407542.696962206, 80), (461122.29147449223, 5407542.68419409, 80), (461124.12662024185, 5407542.6714265775, 80), (461125.9617659924, 5407542.658659668, 80), (461127.796911744, 5407542.64589336, 80), (461129.6320574965, 5407542.633127655, 80), (461131.4672032501, 5407542.620362552, 80), (461133.30234900455, 5407542.607598052, 80), (461135.13749476004, 5407542.594834156, 80), (461136.97264051647, 5407542.582070862, 80), (461138.8077862739, 5407542.56930817, 80), (461140.6429320323, 5407542.556546082, 80), (461142.47807779163, 5407542.543784596, 80), (461144.31322355196, 5407542.531023713, 80), (461146.14836931333, 5407542.518263432, 80), (461147.9835150756, 5407542.505503754, 80), (461149.8186608389, 5407542.492744679, 80), (461151.6538066031, 5407542.479986207, 80), (461036.05900303007, 5407546.063975358, 80), (461037.8941478211, 5407546.051179519, 80), (461039.7292926131, 5407546.038384282, 80), (461041.56443740614, 5407546.02558965, 80), (461043.3995822001, 5407546.012795618, 80), (461045.23472699506, 5407546.0000021905, 80), (461047.069871791, 5407545.987209364, 80), (461048.9050165879, 5407545.974417142, 80), (461050.74016138574, 5407545.961625522, 80), (461052.57530618465, 5407545.948834505, 80), (461054.4104509845, 5407545.9360440895, 80), (461056.24559578527, 5407545.9232542785, 80), (461058.08074058703, 5407545.910465069, 80), (461059.91588538984, 5407545.897676463, 80), (461061.7510301936, 5407545.884888459, 80), (461063.5861749983, 5407545.872101058, 80), (461065.421319804, 5407545.859314259, 80), (461067.2564646107, 5407545.846528064, 80), (461069.0916094183, 5407545.833742471, 80), (461070.9267542269, 5407545.820957481, 80), (461072.76189903653, 5407545.808173093, 80), (461074.59704384714, 5407545.795389309, 80), (461076.4321886587, 5407545.782606127, 80), (461078.26733347116, 5407545.769823547, 80), (461080.1024782847, 5407545.75704157, 80), (461081.93762309913, 5407545.7442601975, 80), (461083.77276791463, 5407545.731479426, 80), (461085.607912731, 5407545.718699258, 80), (461087.44305754843, 5407545.70591969, 80), (461089.27820236684, 5407545.693140728, 80), (461091.11334718624, 5407545.680362367, 80), (461092.9484920065, 5407545.66758461, 80), (461094.78363682784, 5407545.654807456, 80), (461096.6187816501, 5407545.642030904, 80), (461098.4539264734, 5407545.629254954, 80), (461100.2890712976, 5407545.616479607, 80), (461102.12421612284, 5407545.603704862, 80), (461103.95936094905, 5407545.590930722, 80), (461105.79450577614, 5407545.578157184, 80), (461107.6296506043, 5407545.565384246, 80), (461109.46479543345, 5407545.552611913, 80), (461111.2999402635, 5407545.539840183, 80), (461113.13508509455, 5407545.527069055, 80), (461114.97022992664, 5407545.51429853, 80), (461116.80537475966, 5407545.501528608, 80), (461118.6405195936, 5407545.488759287, 80), (461120.4756644286, 5407545.47599057, 80), (461122.31080926454, 5407545.463222456, 80), (461124.14595410146, 5407545.450454945, 80), (461125.9810989393, 5407545.437688036, 80), (461127.8162437782, 5407545.42492173, 80), (461129.651388618, 5407545.412156027, 80), (461131.48653345887, 5407545.399390926, 80), (461133.3216783007, 5407545.386626427, 80), (461135.1568231434, 5407545.373862533, 80), (461136.99196798715, 5407545.361099239, 80), (461138.8271128319, 5407545.3483365495, 80), (461140.6622576775, 5407545.335574462, 80), (461142.49740252417, 5407545.322812977, 80), (461144.33254737186, 5407545.310052096, 80), (461146.1676922205, 5407545.297291817, 80), (461148.00283707003, 5407545.284532141, 80), (461149.8379819206, 5407545.271773066, 80), (461151.6731267721, 5407545.259014596, 80), (461036.07838070707, 5407548.843003667, 80), (461037.91352458537, 5407548.83020783, 80), (461039.7486684647, 5407548.817412595, 80), (461041.583812345, 5407548.804617963, 80), (461043.4189562262, 5407548.791823934, 80), (461045.2541001085, 5407548.7790305065, 80), (461047.0892439917, 5407548.766237684, 80), (461048.92438787594, 5407548.753445462, 80), (461050.7595317611, 5407548.740653845, 80), (461052.59467564727, 5407548.7278628275, 80), (461054.42981953436, 5407548.715072415, 80), (461056.26496342244, 5407548.702282605, 80), (461058.10010731156, 5407548.689493397, 80), (461059.9352512017, 5407548.67670479, 80), (461061.77039509267, 5407548.663916789, 80), (461063.60553898464, 5407548.65112939, 80), (461065.44068287767, 5407548.638342593, 80), (461067.2758267716, 5407548.625556399, 80), (461069.1109706666, 5407548.612770808, 80), (461070.94611456245, 5407548.599985819, 80), (461072.7812584594, 5407548.587201433, 80), (461074.61640235723, 5407548.574417649, 80), (461076.4515462561, 5407548.561634469, 80), (461078.2866901559, 5407548.548851891, 80), (461080.1218340567, 5407548.536069916, 80), (461081.95697795844, 5407548.523288543, 80), (461083.79212186125, 5407548.510507773, 80), (461085.6272657649, 5407548.497727606, 80), (461087.46240966965, 5407548.484948043, 80), (461089.2975535753, 5407548.472169081, 80), (461091.132697482, 5407548.459390722, 80), (461092.9678413896, 5407548.446612966, 80), (461094.8029852982, 5407548.433835812, 80), (461096.6381292078, 5407548.421059261, 80), (461098.4732731183, 5407548.408283314, 80), (461100.30841702985, 5407548.395507967, 80), (461102.1435609424, 5407548.382733226, 80), (461103.9787048559, 5407548.369959086, 80), (461105.81384877034, 5407548.357185548, 80), (461107.6489926858, 5407548.344412614, 80), (461109.48413660214, 5407548.331640283, 80), (461111.31928051956, 5407548.318868553, 80), (461113.1544244379, 5407548.306097427, 80), (461114.98956835724, 5407548.293326903, 80), (461116.82471227756, 5407548.280556982, 80), (461118.6598561988, 5407548.267787664, 80), (461120.49500012107, 5407548.255018948, 80), (461122.33014404436, 5407548.2422508355, 80), (461124.1652879685, 5407548.229483326, 80), (461126.00043189374, 5407548.216716418, 80), (461127.83557581983, 5407548.203950114, 80), (461129.67071974697, 5407548.191184411, 80), (461131.50586367515, 5407548.1784193115, 80), (461133.3410076042, 5407548.165654815, 80), (461135.17615153425, 5407548.152890922, 80), (461137.0112954653, 5407548.140127631, 80), (461138.8464393973, 5407548.127364942, 80), (461140.68158333027, 5407548.114602855, 80), (461142.5167272642, 5407548.101841373, 80), (461144.3518711992, 5407548.089080493, 80), (461146.1870151351, 5407548.076320214, 80), (461148.022159072, 5407548.063560541, 80), (461149.85730300983, 5407548.050801468, 80), (461151.6924469486, 5407548.038042999, 80), (461036.0977583915, 5407551.622031989, 80), (461037.9329013571, 5407551.609236153, 80), (461039.7680443237, 5407551.59644092, 80), (461041.6031872913, 5407551.583646289, 80), (461043.4383302599, 5407551.570852261, 80), (461045.2734732294, 5407551.558058836, 80), (461047.1086161999, 5407551.545266014, 80), (461048.9437591714, 5407551.532473793, 80), (461050.7789021439, 5407551.519682176, 80), (461052.61404511734, 5407551.506891162, 80), (461054.44918809173, 5407551.49410075, 80), (461056.2843310671, 5407551.481310942, 80), (461058.1194740435, 5407551.468521736, 80), (461059.9546170209, 5407551.455733132, 80), (461061.78975999926, 5407551.442945132, 80), (461063.62490297854, 5407551.430157733, 80), (461065.4600459588, 5407551.417370938, 80), (461067.2951889401, 5407551.404584745, 80), (461069.1303319223, 5407551.391799156, 80), (461070.9654749055, 5407551.379014168, 80), (461072.8006178897, 5407551.366229784, 80), (461074.6357608749, 5407551.353446002, 80), (461076.470903861, 5407551.340662822, 80), (461078.3060468481, 5407551.327880246, 80), (461080.1411898362, 5407551.315098274, 80), (461081.97633282526, 5407551.302316901, 80), (461083.8114758153, 5407551.289536133, 80), (461085.64661880635, 5407551.276755968, 80), (461087.4817617983, 5407551.263976405, 80), (461089.3169047913, 5407551.251197445, 80), (461091.15204778523, 5407551.238419089, 80), (461092.9871907802, 5407551.225641333, 80), (461094.82233377604, 5407551.212864181, 80), (461096.6574767729, 5407551.200087632, 80), (461098.49261977075, 5407551.187311686, 80), (461100.3277627696, 5407551.174536341, 80), (461102.1629057694, 5407551.1617616005, 80), (461103.9980487702, 5407551.148987463, 80), (461105.83319177193, 5407551.136213927, 80), (461107.6683347747, 5407551.123440993, 80), (461109.5034777784, 5407551.110668662, 80), (461111.33862078306, 5407551.097896935, 80), (461113.17376378865, 5407551.0851258105, 80), (461115.00890679535, 5407551.072355288, 80), (461116.8440498029, 5407551.059585369, 80), (461118.6791928115, 5407551.046816051, 80), (461120.51433582103, 5407551.034047337, 80), (461122.34947883163, 5407551.021279226, 80), (461124.1846218431, 5407551.008511717, 80), (461126.01976485556, 5407550.995744811, 80), (461127.854907869, 5407550.982978509, 80), (461129.69005088345, 5407550.970212807, 80), (461131.5251938989, 5407550.9574477095, 80), (461133.36033691524, 5407550.944683215, 80), (461135.1954799326, 5407550.931919322, 80), (461137.0306229509, 5407550.919156033, 80), (461138.8657659702, 5407550.906393345, 80), (461140.70090899046, 5407550.893631262, 80), (461142.5360520117, 5407550.88086978, 80), (461144.37119503395, 5407550.868108901, 80), (461146.2063380572, 5407550.855348625, 80), (461148.04148108134, 5407550.842588952, 80), (461149.8766241065, 5407550.829829881, 80), (461151.71176713257, 5407550.817071413, 80), (461036.1171360834, 5407554.401060321, 80), (461037.95227813633, 5407554.388264487, 80), (461039.78742019023, 5407554.375469255, 80), (461041.6225622451, 5407554.3626746265, 80), (461043.45770430093, 5407554.3498806, 80), (461045.2928463578, 5407554.337087176, 80), (461047.1279884156, 5407554.324294356, 80), (461048.9631304744, 5407554.311502136, 80), (461050.79827253416, 5407554.298710521, 80), (461052.6334145949, 5407554.285919509, 80), (461054.4685566566, 5407554.273129099, 80), (461056.3036987193, 5407554.260339292, 80), (461058.1388407829, 5407554.247550086, 80), (461059.97398284764, 5407554.234761485, 80), (461061.80912491324, 5407554.221973486, 80), (461063.6442669798, 5407554.209186089, 80), (461065.4794090474, 5407554.196399295, 80), (461067.31455111597, 5407554.183613104, 80), (461069.1496931855, 5407554.170827515, 80), (461070.984835256, 5407554.15804253, 80), (461072.8199773275, 5407554.145258146, 80), (461074.6551194, 5407554.132474366, 80), (461076.4902614734, 5407554.119691188, 80), (461078.3254035478, 5407554.106908614, 80), (461080.16054562316, 5407554.094126642, 80), (461081.9956876995, 5407554.081345272, 80), (461083.8308297769, 5407554.068564505, 80), (461085.66597185517, 5407554.055784341, 80), (461087.50111393444, 5407554.043004779, 80), (461089.3362560147, 5407554.030225822, 80), (461091.171398096, 5407554.017447465, 80), (461093.0065401782, 5407554.004669712, 80), (461094.8416822614, 5407553.991892562, 80), (461096.67682434554, 5407553.979116014, 80), (461098.51196643064, 5407553.966340069, 80), (461100.3471085168, 5407553.953564727, 80), (461102.1822506039, 5407553.940789986, 80), (461104.017392692, 5407553.9280158505, 80), (461105.85253478104, 5407553.915242315, 80), (461107.687676871, 5407553.9024693845, 80), (461109.52281896205, 5407553.889697055, 80), (461111.35796105396, 5407553.87692533, 80), (461113.1931031469, 5407553.864154205, 80), (461115.02824524086, 5407553.851383685, 80), (461116.8633873358, 5407553.838613766, 80), (461118.69852943165, 5407553.825844451, 80), (461120.5336715285, 5407553.813075738, 80), (461122.3688136263, 5407553.80030763, 80), (461124.2039557251, 5407553.787540122, 80), (461126.03909782483, 5407553.774773217, 80), (461127.8742399256, 5407553.762006915, 80), (461129.70938202733, 5407553.749241216, 80), (461131.54452413006, 5407553.736476121, 80), (461133.3796662337, 5407553.723711626, 80), (461135.2148083384, 5407553.710947737, 80), (461137.04995044396, 5407553.698184447, 80), (461138.88509255054, 5407553.685421762, 80), (461140.7202346581, 5407553.672659679, 80), (461142.55537676666, 5407553.659898198, 80), (461144.3905188762, 5407553.6471373215, 80), (461146.22566098673, 5407553.634377047, 80), (461148.0608030982, 5407553.621617376, 80), (461149.8959452106, 5407553.608858306, 80), (461151.73108732403, 5407553.59609984, 80), (461036.13651378284, 5407557.180088666, 80), (461037.971654923, 5407557.167292833, 80), (461039.8067960642, 5407557.154497604, 80), (461041.6419372064, 5407557.141702976, 80), (461043.4770783495, 5407557.128908951, 80), (461045.3122194937, 5407557.116115528, 80), (461047.1473606388, 5407557.103322709, 80), (461048.98250178486, 5407557.090530492, 80), (461050.8176429319, 5407557.077738877, 80), (461052.65278407995, 5407557.064947866, 80), (461054.48792522895, 5407557.052157459, 80), (461056.32306637894, 5407557.039367652, 80), (461058.15820752986, 5407557.026578449, 80), (461059.99334868183, 5407557.0137898475, 80), (461061.82848983473, 5407557.00100185, 80), (461063.6636309886, 5407556.988214455, 80), (461065.4987721435, 5407556.975427663, 80), (461067.3339132994, 5407556.962641474, 80), (461069.1690544562, 5407556.949855887, 80), (461071.00419561396, 5407556.937070902, 80), (461072.8393367727, 5407556.92428652, 80), (461074.6744779325, 5407556.911502741, 80), (461076.5096190932, 5407556.898719565, 80), (461078.3447602549, 5407556.885936993, 80), (461080.1799014176, 5407556.873155021, 80), (461082.01504258125, 5407556.8603736535, 80), (461083.85018374585, 5407556.8475928875, 80), (461085.6853249115, 5407556.834812726, 80), (461087.5204660781, 5407556.822033166, 80), (461089.35560724564, 5407556.8092542095, 80), (461091.1907484142, 5407556.796475855, 80), (461093.0258895837, 5407556.783698102, 80), (461094.86103075417, 5407556.770920954, 80), (461096.6961719256, 5407556.758144407, 80), (461098.53131309804, 5407556.745368463, 80), (461100.3664542715, 5407556.732593122, 80), (461102.20159544586, 5407556.719818385, 80), (461104.03673662123, 5407556.7070442485, 80), (461105.87187779753, 5407556.694270715, 80), (461107.7070189749, 5407556.681497785, 80), (461109.54216015316, 5407556.66872546, 80), (461111.3773013324, 5407556.655953733, 80), (461113.2124425126, 5407556.643182611, 80), (461115.0475836939, 5407556.630412093, 80), (461116.88272487605, 5407556.617642175, 80), (461118.7178660593, 5407556.604872862, 80), (461120.5530072434, 5407556.592104151, 80), (461122.3881484285, 5407556.579336042, 80), (461124.2232896146, 5407556.566568537, 80), (461126.0584308016, 5407556.553801634, 80), (461127.89357198967, 5407556.541035334, 80), (461129.72871317866, 5407556.528269636, 80), (461131.5638543687, 5407556.515504542, 80), (461133.39899555966, 5407556.50274005, 80), (461135.2341367516, 5407556.48997616, 80), (461137.0692779445, 5407556.477212874, 80), (461138.9044191384, 5407556.464450189, 80), (461140.73956033326, 5407556.451688108, 80), (461142.57470152905, 5407556.438926629, 80), (461144.4098427259, 5407556.426165753, 80), (461146.24498392374, 5407556.41340548, 80), (461148.08012512245, 5407556.400645809, 80), (461149.9152663222, 5407556.387886742, 80), (461151.7504075229, 5407556.375128277, 80), (461036.1558914897, 5407559.959117023, 80), (461037.9910317172, 5407559.946321193, 80), (461039.82617194566, 5407559.933525964, 80), (461041.66131217516, 5407559.920731338, 80), (461043.4964524056, 5407559.907937313, 80), (461045.331592637, 5407559.895143894, 80), (461047.1667328694, 5407559.882351075, 80), (461049.0018731028, 5407559.86955886, 80), (461050.8370133371, 5407559.856767247, 80), (461052.67215357244, 5407559.843976237, 80), (461054.50729380874, 5407559.83118583, 80), (461056.34243404603, 5407559.818396025, 80), (461058.17757428426, 5407559.805606824, 80), (461060.01271452353, 5407559.792818226, 80), (461061.84785476374, 5407559.780030228, 80), (461063.6829950049, 5407559.767242835, 80), (461065.51813524705, 5407559.754456044, 80), (461067.3532754902, 5407559.741669856, 80), (461069.18841573433, 5407559.728884271, 80), (461071.0235559794, 5407559.716099287, 80), (461072.85869622545, 5407559.703314908, 80), (461074.6938364726, 5407559.690531131, 80), (461076.5289767206, 5407559.677747956, 80), (461078.3641169695, 5407559.664965383, 80), (461080.1992572195, 5407559.652183414, 80), (461082.0343974704, 5407559.639402048, 80), (461083.8695377224, 5407559.6266212845, 80), (461085.7046779753, 5407559.613841123, 80), (461087.53981822915, 5407559.601061565, 80), (461089.37495848397, 5407559.588282609, 80), (461091.21009873983, 5407559.5755042555, 80), (461093.0452389966, 5407559.562726506, 80), (461094.8803792544, 5407559.549949358, 80), (461096.7155195131, 5407559.537172813, 80), (461098.5506597729, 5407559.524396872, 80), (461100.3858000336, 5407559.511621532, 80), (461102.2209402953, 5407559.4988467945, 80), (461104.05608055793, 5407559.486072661, 80), (461105.89122082153, 5407559.47329913, 80), (461107.7263610862, 5407559.460526201, 80), (461109.56150135177, 5407559.4477538755, 80), (461111.3966416183, 5407559.434982152, 80), (461113.23178188584, 5407559.422211031, 80), (461115.06692215434, 5407559.409440514, 80), (461116.9020624239, 5407559.396670599, 80), (461118.7372026943, 5407559.383901287, 80), (461120.57234296575, 5407559.371132577, 80), (461122.40748323814, 5407559.35836447, 80), (461124.2426235115, 5407559.345596966, 80), (461126.07776378584, 5407559.332830064, 80), (461127.9129040612, 5407559.320063766, 80), (461129.7480443375, 5407559.307298069, 80), (461131.58318461484, 5407559.294532976, 80), (461133.41832489305, 5407559.281768485, 80), (461135.2534651723, 5407559.269004597, 80), (461137.08860545245, 5407559.256241312, 80), (461138.9237457337, 5407559.243478629, 80), (461140.75888601586, 5407559.23071655, 80), (461142.59402629896, 5407559.217955072, 80), (461144.42916658305, 5407559.205194198, 80), (461146.2643068682, 5407559.192433926, 80), (461148.0994471542, 5407559.1796742575, 80), (461149.9345874412, 5407559.166915191, 80), (461151.7697277292, 5407559.154156729, 80), (461036.1752692041, 5407562.738145394, 80), (461038.01040851884, 5407562.725349565, 80), (461039.84554783464, 5407562.712554337, 80), (461041.6806871514, 5407562.6997597115, 80), (461043.5158264691, 5407562.686965689, 80), (461045.35096578783, 5407562.67417227, 80), (461047.18610510754, 5407562.661379454, 80), (461049.0212444282, 5407562.648587239, 80), (461050.8563837498, 5407562.635795629, 80), (461052.6915230724, 5407562.623004621, 80), (461054.52666239603, 5407562.610214216, 80), (461056.3618017206, 5407562.597424411, 80), (461058.1969410461, 5407562.584635212, 80), (461060.03208037274, 5407562.571846615, 80), (461061.8672197002, 5407562.55905862, 80), (461063.7023590287, 5407562.546271226, 80), (461065.5374983581, 5407562.533484438, 80), (461067.3726376886, 5407562.520698251, 80), (461069.20777701994, 5407562.507912667, 80), (461071.04291635234, 5407562.495127685, 80), (461072.87805568567, 5407562.482343307, 80), (461074.71319502004, 5407562.469559531, 80), (461076.54833435535, 5407562.456776358, 80), (461078.38347369165, 5407562.443993787, 80), (461080.2186130289, 5407562.43121182, 80), (461082.05375236715, 5407562.418430454, 80), (461083.88889170636, 5407562.405649692, 80), (461085.72403104656, 5407562.392869533, 80), (461087.5591703877, 5407562.380089976, 80), (461089.39430972986, 5407562.367311022, 80), (461091.22944907297, 5407562.35453267, 80), (461093.06458841707, 5407562.341754921, 80), (461094.89972776215, 5407562.328977776, 80), (461096.73486710817, 5407562.316201231, 80), (461098.5700064552, 5407562.303425292, 80), (461100.4051458032, 5407562.290649953, 80), (461102.2402851522, 5407562.277875218, 80), (461104.07542450214, 5407562.265101085, 80), (461105.91056385305, 5407562.252327556, 80), (461107.74570320494, 5407562.239554628, 80), (461109.5808425578, 5407562.226782305, 80), (461111.41598191165, 5407562.214010582, 80), (461113.2511212665, 5407562.201239464, 80), (461115.0862606223, 5407562.188468948, 80), (461116.9213999791, 5407562.175699033, 80), (461118.7565393368, 5407562.162929723, 80), (461120.5916786955, 5407562.150161014, 80), (461122.4268180553, 5407562.137392909, 80), (461124.26195741596, 5407562.124625406, 80), (461126.0970967776, 5407562.111858507, 80), (461127.9322361402, 5407562.099092209, 80), (461129.7673755038, 5407562.086326514, 80), (461131.60251486837, 5407562.0735614225, 80), (461133.43765423395, 5407562.060796933, 80), (461135.27279360045, 5407562.048033047, 80), (461137.10793296795, 5407562.035269763, 80), (461138.94307233643, 5407562.022507083, 80), (461140.77821170585, 5407562.009745005, 80), (461142.61335107626, 5407561.996983528, 80), (461144.4484904477, 5407561.984222654, 80), (461146.2836298201, 5407561.971462385, 80), (461148.1187691934, 5407561.958702717, 80), (461149.9539085677, 5407561.945943653, 80), (461151.789047943, 5407561.933185191, 80), (461036.1946469259, 5407565.517173775, 80), (461038.02978532796, 5407565.504377946, 80), (461039.8649237311, 5407565.491582721, 80), (461041.7000621351, 5407565.478788097, 80), (461043.5352005401, 5407565.465994077, 80), (461045.3703389461, 5407565.453200659, 80), (461047.2054773531, 5407565.440407842, 80), (461049.04061576107, 5407565.427615631, 80), (461050.87575417, 5407565.414824022, 80), (461052.7108925799, 5407565.402033014, 80), (461054.5460309908, 5407565.38924261, 80), (461056.3811694026, 5407565.376452809, 80), (461058.2163078155, 5407565.363663611, 80), (461060.05144622934, 5407565.350875014, 80), (461061.88658464415, 5407565.338087021, 80), (461063.7217230599, 5407565.32529963, 80), (461065.5568614766, 5407565.312512842, 80), (461067.39199989435, 5407565.299726658, 80), (461069.22713831306, 5407565.286941075, 80), (461071.0622767327, 5407565.274156094, 80), (461072.89741515333, 5407565.261371718, 80), (461074.732553575, 5407565.248587944, 80), (461076.5676919976, 5407565.235804771, 80), (461078.40283042117, 5407565.223022202, 80), (461080.23796884576, 5407565.2102402365, 80), (461082.0731072713, 5407565.197458873, 80), (461083.9082456978, 5407565.184678112, 80), (461085.74338412524, 5407565.171897953, 80), (461087.5785225537, 5407565.159118397, 80), (461089.41366098315, 5407565.146339445, 80), (461091.2487994136, 5407565.133561095, 80), (461093.08393784496, 5407565.120783348, 80), (461094.9190762773, 5407565.108006204, 80), (461096.7542147107, 5407565.095229661, 80), (461098.589353145, 5407565.082453723, 80), (461100.4244915802, 5407565.069678386, 80), (461102.2596300165, 5407565.056903652, 80), (461104.0947684538, 5407565.044129522, 80), (461105.92990689195, 5407565.031355993, 80), (461107.7650453312, 5407565.018583067, 80), (461109.60018377134, 5407565.005810744, 80), (461111.43532221246, 5407564.993039025, 80), (461113.2704606546, 5407564.980267906, 80), (461115.1055990977, 5407564.967497391, 80), (461116.94073754176, 5407564.954727479, 80), (461118.7758759868, 5407564.94195817, 80), (461120.6110144328, 5407564.929189463, 80), (461122.44615287986, 5407564.916421359, 80), (461124.2812913278, 5407564.903653858, 80), (461126.11642977677, 5407564.890886959, 80), (461127.9515682266, 5407564.8781206645, 80), (461129.7867066775, 5407564.865354971, 80), (461131.6218451294, 5407564.852589881, 80), (461133.4569835823, 5407564.839825392, 80), (461135.29212203604, 5407564.827061508, 80), (461137.12726049084, 5407564.814298226, 80), (461138.96239894663, 5407564.801535545, 80), (461140.79753740336, 5407564.788773469, 80), (461142.63267586107, 5407564.776011994, 80), (461144.46781431977, 5407564.763251123, 80), (461146.30295277946, 5407564.7504908545, 80), (461148.1380912401, 5407564.737731189, 80), (461149.9732297017, 5407564.724972125, 80), (461151.8083681643, 5407564.712213663, 80), (461036.21402465523, 5407568.296202169, 80), (461038.0491621446, 5407568.283406341, 80), (461039.88429963496, 5407568.270611118, 80), (461041.7194371263, 5407568.257816495, 80), (461043.5545746186, 5407568.245022476, 80), (461045.3897121119, 5407568.2322290605, 80), (461047.2248496062, 5407568.219436246, 80), (461049.0599871015, 5407568.206644036, 80), (461050.89512459765, 5407568.193852427, 80), (461052.7302620949, 5407568.1810614215, 80), (461054.56539959303, 5407568.16827102, 80), (461056.4005370922, 5407568.15548122, 80), (461058.2356745923, 5407568.142692022, 80), (461060.07081209344, 5407568.129903427, 80), (461061.90594959556, 5407568.117115436, 80), (461063.7410870986, 5407568.104328047, 80), (461065.57622460264, 5407568.09154126, 80), (461067.41136210767, 5407568.078755076, 80), (461069.2464996136, 5407568.065969494, 80), (461071.0816371206, 5407568.053184517, 80), (461072.9167746285, 5407568.040400142, 80), (461074.7519121375, 5407568.027616368, 80), (461076.58704964735, 5407568.014833198, 80), (461078.42218715826, 5407568.002050631, 80), (461080.2573246701, 5407567.989268666, 80), (461082.09246218286, 5407567.976487303, 80), (461083.9275996967, 5407567.963706545, 80), (461085.7627372115, 5407567.950926388, 80), (461087.5978747272, 5407567.938146833, 80), (461089.43301224394, 5407567.9253678825, 80), (461091.26814976166, 5407567.912589533, 80), (461093.10328728036, 5407567.8998117875, 80), (461094.9384248, 5407567.887034645, 80), (461096.7735623206, 5407567.874258104, 80), (461098.60869984224, 5407567.861482167, 80), (461100.4438373648, 5407567.848706832, 80), (461102.2789748884, 5407567.835932099, 80), (461104.1141124129, 5407567.82315797, 80), (461105.94924993836, 5407567.810384443, 80), (461107.7843874649, 5407567.797611519, 80), (461109.61952499236, 5407567.784839197, 80), (461111.4546625208, 5407567.772067478, 80), (461113.28980005014, 5407567.759296362, 80), (461115.12493758055, 5407567.74652585, 80), (461116.96007511194, 5407567.733755939, 80), (461118.79521264427, 5407567.720986631, 80), (461120.6303501776, 5407567.708217925, 80), (461122.4654877119, 5407567.6954498235, 80), (461124.3006252471, 5407567.682682323, 80), (461126.13576278335, 5407567.6699154265, 80), (461127.97090032056, 5407567.657149132, 80), (461129.8060378587, 5407567.64438344, 80), (461131.6411753979, 5407567.631618351, 80), (461133.4763129381, 5407567.618853864, 80), (461135.31145047914, 5407567.606089981, 80), (461137.14658802125, 5407567.593326701, 80), (461138.9817255643, 5407567.580564022, 80), (461140.8168631083, 5407567.567801947, 80), (461142.6520006533, 5407567.555040474, 80), (461144.4871381993, 5407567.542279605, 80), (461146.32227574626, 5407567.529519338, 80), (461148.1574132942, 5407567.516759673, 80), (461149.9925508431, 5407567.50400061, 80), (461151.82768839295, 5407567.491242151, 80), (461036.233402392, 5407571.075230573, 80), (461038.0685389687, 5407571.062434748, 80), (461039.90367554635, 5407571.049639526, 80), (461041.73881212494, 5407571.036844905, 80), (461043.5739487046, 5407571.024050887, 80), (461045.40908528515, 5407571.011257472, 80), (461047.2442218668, 5407570.99846466, 80), (461049.07935844926, 5407570.985672452, 80), (461050.9144950328, 5407570.972880844, 80), (461052.74963161733, 5407570.96008984, 80), (461054.58476820274, 5407570.947299439, 80), (461056.4199047892, 5407570.934509641, 80), (461058.25504137663, 5407570.921720444, 80), (461060.09017796506, 5407570.908931851, 80), (461061.9253145544, 5407570.896143861, 80), (461063.7604511448, 5407570.883356473, 80), (461065.5955877361, 5407570.870569688, 80), (461067.4307243284, 5407570.857783507, 80), (461069.2658609217, 5407570.844997927, 80), (461071.1009975159, 5407570.83221295, 80), (461072.93613411114, 5407570.819428576, 80), (461074.7712707074, 5407570.806644804, 80), (461076.6064073046, 5407570.793861636, 80), (461078.44154390274, 5407570.78107907, 80), (461080.2766805019, 5407570.768297106, 80), (461082.11181710195, 5407570.755515746, 80), (461083.94695370307, 5407570.742734987, 80), (461085.7820903051, 5407570.729954832, 80), (461087.61722690816, 5407570.717175281, 80), (461089.4523635122, 5407570.70439633, 80), (461091.2875001172, 5407570.691617983, 80), (461093.12263672316, 5407570.678840239, 80), (461094.9577733301, 5407570.666063096, 80), (461096.792909938, 5407570.653286559, 80), (461098.6280465469, 5407570.6405106215, 80), (461100.4631831568, 5407570.627735288, 80), (461102.2983197677, 5407570.614960557, 80), (461104.1334563795, 5407570.602186429, 80), (461105.9685929923, 5407570.589412904, 80), (461107.8037296061, 5407570.576639981, 80), (461109.63886622083, 5407570.563867662, 80), (461111.4740028365, 5407570.551095945, 80), (461113.3091394532, 5407570.538324829, 80), (461115.14427607093, 5407570.525554317, 80), (461116.9794126896, 5407570.512784408, 80), (461118.8145493092, 5407570.500015101, 80), (461120.64968592976, 5407570.487246398, 80), (461122.48482255137, 5407570.474478297, 80), (461124.3199591739, 5407570.4617107995, 80), (461126.15509579744, 5407570.448943904, 80), (461127.9902324219, 5407570.43617761, 80), (461129.8253690474, 5407570.42341192, 80), (461131.6605056739, 5407570.410646833, 80), (461133.4956423013, 5407570.397882348, 80), (461135.3307789297, 5407570.385118466, 80), (461137.16591555905, 5407570.372355187, 80), (461139.00105218944, 5407570.35959251, 80), (461140.8361888207, 5407570.346830436, 80), (461142.67132545303, 5407570.334068965, 80), (461144.50646208634, 5407570.321308097, 80), (461146.3415987206, 5407570.308547831, 80), (461148.1767353558, 5407570.295788168, 80), (461150.01187199197, 5407570.283029107, 80), (461151.8470086291, 5407570.270270648, 80), (461036.2527801363, 5407573.854258992, 80), (461038.0879158003, 5407573.841463167, 80), (461039.9230514652, 5407573.828667945, 80), (461041.75818713114, 5407573.815873328, 80), (461043.593322798, 5407573.803079311, 80), (461045.4284584659, 5407573.790285897, 80), (461047.26359413477, 5407573.777493087, 80), (461049.0987298046, 5407573.764700878, 80), (461050.9338654754, 5407573.751909273, 80), (461052.7690011472, 5407573.7391182715, 80), (461054.60413681995, 5407573.726327872, 80), (461056.4392724937, 5407573.713538075, 80), (461058.2744081684, 5407573.70074888, 80), (461060.1095438441, 5407573.687960289, 80), (461061.9446795208, 5407573.675172299, 80), (461063.7798151984, 5407573.662384912, 80), (461065.61495087703, 5407573.64959813, 80), (461067.4500865566, 5407573.636811949, 80), (461069.28522223723, 5407573.624026371, 80), (461071.1203579187, 5407573.611241395, 80), (461072.9554936013, 5407573.598457023, 80), (461074.7906292848, 5407573.585673252, 80), (461076.62576496927, 5407573.572890086, 80), (461078.4609006547, 5407573.560107521, 80), (461080.2960363411, 5407573.547325559, 80), (461082.13117202854, 5407573.5345442, 80), (461083.9663077169, 5407573.521763443, 80), (461085.80144340626, 5407573.50898329, 80), (461087.6365790966, 5407573.496203738, 80), (461089.47171478794, 5407573.483424791, 80), (461091.30685048026, 5407573.470646445, 80), (461093.14198617346, 5407573.457868702, 80), (461094.9771218677, 5407573.445091562, 80), (461096.8122575629, 5407573.432315024, 80), (461098.6473932591, 5407573.419539089, 80), (461100.48252895626, 5407573.406763757, 80), (461102.31766465446, 5407573.393989028, 80), (461104.15280035353, 5407573.381214901, 80), (461105.9879360536, 5407573.368441378, 80), (461107.8230717547, 5407573.355668455, 80), (461109.65820745676, 5407573.342896137, 80), (461111.49334315973, 5407573.330124422, 80), (461113.3284788637, 5407573.317353309, 80), (461115.1636145687, 5407573.3045828, 80), (461116.99875027465, 5407573.291812891, 80), (461118.8338859816, 5407573.279043585, 80), (461120.66902168945, 5407573.266274883, 80), (461122.50415739836, 5407573.253506784, 80), (461124.33929310815, 5407573.240739288, 80), (461126.174428819, 5407573.227972392, 80), (461128.0095645308, 5407573.215206102, 80), (461129.8447002435, 5407573.202440414, 80), (461131.6798359573, 5407573.189675326, 80), (461133.51497167203, 5407573.176910844, 80), (461135.3501073877, 5407573.1641469635, 80), (461137.18524310435, 5407573.151383686, 80), (461139.020378822, 5407573.138621011, 80), (461140.8555145406, 5407573.125858938, 80), (461142.6906502602, 5407573.113097467, 80), (461144.5257859808, 5407573.100336601, 80), (461146.36092170235, 5407573.087576336, 80), (461148.1960574249, 5407573.074816675, 80), (461150.03119314834, 5407573.062057617, 80), (461151.8663288728, 5407573.049299159, 80), (461036.2721578881, 5407576.63328742, 80), (461038.1072926393, 5407576.620491598, 80), (461039.94242739154, 5407576.607696377, 80), (461041.7775621448, 5407576.59490176, 80), (461043.6126968989, 5407576.582107745, 80), (461045.4478316541, 5407576.569314334, 80), (461047.2829664103, 5407576.556521524, 80), (461049.1181011674, 5407576.543729317, 80), (461050.95323592547, 5407576.5309377145, 80), (461052.7883706846, 5407576.518146713, 80), (461054.6235054446, 5407576.5053563155, 80), (461056.4586402056, 5407576.4925665185, 80), (461058.29377496766, 5407576.479777326, 80), (461060.12890973064, 5407576.466988737, 80), (461061.9640444946, 5407576.454200748, 80), (461063.7991792596, 5407576.441413364, 80), (461065.63431402546, 5407576.428626582, 80), (461067.46944879234, 5407576.415840403, 80), (461069.3045835602, 5407576.403054826, 80), (461071.139718329, 5407576.390269851, 80), (461072.97485309886, 5407576.377485481, 80), (461074.8099878697, 5407576.364701713, 80), (461076.6451226414, 5407576.3519185465, 80), (461078.48025741416, 5407576.339135983, 80), (461080.31539218785, 5407576.326354024, 80), (461082.15052696253, 5407576.313572666, 80), (461083.98566173826, 5407576.300791911, 80), (461085.8207965149, 5407576.288011758, 80), (461087.6559312925, 5407576.275232209, 80), (461089.4910660711, 5407576.262453262, 80), (461091.3262008507, 5407576.249674917, 80), (461093.1613356313, 5407576.236897177, 80), (461094.99647041276, 5407576.224120038, 80), (461096.8316051953, 5407576.211343502, 80), (461098.6667399787, 5407576.198567569, 80), (461100.5018747632, 5407576.185792238, 80), (461102.3370095487, 5407576.17301751, 80), (461104.17214433505, 5407576.1602433855, 80), (461106.0072791224, 5407576.147469862, 80), (461107.8424139108, 5407576.134696944, 80), (461109.6775487001, 5407576.121924626, 80), (461111.5126834904, 5407576.109152911, 80), (461113.3478182817, 5407576.096381799, 80), (461115.182953074, 5407576.083611291, 80), (461117.0180878672, 5407576.070841384, 80), (461118.8532226614, 5407576.058072082, 80), (461120.6883574566, 5407576.04530338, 80), (461122.5234922528, 5407576.032535283, 80), (461124.3586270499, 5407576.019767787, 80), (461126.193761848, 5407576.007000894, 80), (461128.02889664704, 5407575.994234605, 80), (461129.8640314471, 5407575.981468917, 80), (461131.6991662482, 5407575.968703833, 80), (461133.5343010502, 5407575.955939351, 80), (461135.36943585315, 5407575.943175472, 80), (461137.2045706571, 5407575.930412196, 80), (461139.03970546206, 5407575.917649522, 80), (461140.87484026793, 5407575.904887452, 80), (461142.7099750748, 5407575.892125982, 80), (461144.5451098827, 5407575.879365117, 80), (461146.38024469157, 5407575.866604854, 80), (461148.21537950134, 5407575.853845194, 80), (461150.0505143121, 5407575.841086135, 80), (461151.88564912387, 5407575.828327683, 80), (461036.29153564735, 5407579.412315862, 80), (461038.1266694859, 5407579.3995200405, 80), (461039.9618033254, 5407579.386724821, 80), (461041.7969371659, 5407579.373930206, 80), (461043.63207100733, 5407579.361136192, 80), (461045.4672048498, 5407579.348342783, 80), (461047.3023386933, 5407579.335549974, 80), (461049.1374725377, 5407579.322757769, 80), (461050.97260638303, 5407579.309966167, 80), (461052.8077402295, 5407579.297175168, 80), (461054.6428740768, 5407579.284384771, 80), (461056.4780079251, 5407579.271594978, 80), (461058.3131417744, 5407579.258805785, 80), (461060.14827562467, 5407579.246017197, 80), (461061.98340947594, 5407579.2332292115, 80), (461063.81854332815, 5407579.2204418285, 80), (461065.65367718134, 5407579.207655047, 80), (461067.4888110355, 5407579.19486887, 80), (461069.32394489064, 5407579.182083294, 80), (461071.1590787468, 5407579.169298322, 80), (461072.9942126039, 5407579.156513952, 80), (461074.82934646204, 5407579.143730184, 80), (461076.66448032105, 5407579.130947021, 80), (461078.4996141811, 5407579.11816446, 80), (461080.3347480421, 5407579.1053825, 80), (461082.1698819041, 5407579.092601144, 80), (461084.00501576706, 5407579.079820391, 80), (461085.84014963097, 5407579.067040239, 80), (461087.67528349586, 5407579.054260692, 80), (461089.5104173618, 5407579.041481747, 80), (461091.3455512287, 5407579.028703405, 80), (461093.1806850965, 5407579.0159256635, 80), (461095.01581896533, 5407579.003148527, 80), (461096.8509528351, 5407578.990371993, 80), (461098.6860867059, 5407578.97759606, 80), (461100.52122057765, 5407578.964820731, 80), (461102.35635445034, 5407578.952046005, 80), (461104.1914883241, 5407578.939271881, 80), (461106.0266221987, 5407578.92649836, 80), (461107.86175607436, 5407578.913725442, 80), (461109.696889951, 5407578.900953126, 80), (461111.5320238286, 5407578.8881814135, 80), (461113.3671577071, 5407578.8754103035, 80), (461115.2022915867, 5407578.862639796, 80), (461117.0374254673, 5407578.849869891, 80), (461118.8725593487, 5407578.83710059, 80), (461120.7076932312, 5407578.82433189, 80), (461122.5428271147, 5407578.811563794, 80), (461124.3779609991, 5407578.7987963, 80), (461126.2130948845, 5407578.786029409, 80), (461128.04822877084, 5407578.77326312, 80), (461129.88336265815, 5407578.760497434, 80), (461131.71849654656, 5407578.747732351, 80), (461133.55363043584, 5407578.734967872, 80), (461135.3887643261, 5407578.722203993, 80), (461137.2238982173, 5407578.709440718, 80), (461139.05903210957, 5407578.696678046, 80), (461140.89416600275, 5407578.683915976, 80), (461142.7292998969, 5407578.671154509, 80), (461144.5644337921, 5407578.658393646, 80), (461146.39956768823, 5407578.645633385, 80), (461148.2347015853, 5407578.632873726, 80), (461150.0698354834, 5407578.620114669, 80), (461151.9049693824, 5407578.607356217, 80), (461036.31091341405, 5407582.191344314, 80), (461038.1460463399, 5407582.178548495, 80), (461039.9811792667, 5407582.165753278, 80), (461041.81631219445, 5407582.152958664, 80), (461043.65144512325, 5407582.140164653, 80), (461045.486578053, 5407582.127371243, 80), (461047.32171098376, 5407582.114578436, 80), (461049.15684391547, 5407582.1017862335, 80), (461050.9919768481, 5407582.0889946325, 80), (461052.8271097818, 5407582.076203635, 80), (461054.6622427164, 5407582.063413239, 80), (461056.497375652, 5407582.050623447, 80), (461058.33250858856, 5407582.037834256, 80), (461060.1676415262, 5407582.02504567, 80), (461062.0027744647, 5407582.012257685, 80), (461063.83790740423, 5407581.999470304, 80), (461065.6730403447, 5407581.986683524, 80), (461067.5081732862, 5407581.973897348, 80), (461069.34330622863, 5407581.961111775, 80), (461071.17843917204, 5407581.948326803, 80), (461073.0135721164, 5407581.935542435, 80), (461074.8487050618, 5407581.9227586705, 80), (461076.68383800815, 5407581.909975506, 80), (461078.5189709555, 5407581.897192947, 80), (461080.35410390375, 5407581.88441099, 80), (461082.18923685304, 5407581.871629634, 80), (461084.0243698033, 5407581.858848882, 80), (461085.8595027545, 5407581.846068734, 80), (461087.6946357067, 5407581.833289186, 80), (461089.5297686599, 5407581.820510243, 80), (461091.3649016141, 5407581.807731901, 80), (461093.20003456925, 5407581.794954163, 80), (461095.03516752535, 5407581.782177028, 80), (461096.8703004824, 5407581.769400494, 80), (461098.70543344045, 5407581.7566245645, 80), (461100.5405663995, 5407581.743849236, 80), (461102.3756993595, 5407581.731074512, 80), (461104.2108323205, 5407581.71830039, 80), (461106.0459652825, 5407581.70552687, 80), (461107.8810982454, 5407581.692753953, 80), (461109.71623120934, 5407581.679981639, 80), (461111.55136417417, 5407581.667209928, 80), (461113.38649714005, 5407581.65443882, 80), (461115.2216301069, 5407581.641668314, 80), (461117.0567630747, 5407581.62889841, 80), (461118.8918960435, 5407581.61612911, 80), (461120.7270290133, 5407581.603360411, 80), (461122.56216198404, 5407581.590592316, 80), (461124.39729495574, 5407581.5778248245, 80), (461126.2324279284, 5407581.565057934, 80), (461128.06756090204, 5407581.5522916475, 80), (461129.9026938767, 5407581.539525962, 80), (461131.73782685236, 5407581.526760882, 80), (461133.57295982895, 5407581.513996402, 80), (461135.40809280646, 5407581.501232526, 80), (461137.24322578503, 5407581.488469253, 80), (461139.0783587645, 5407581.475706582, 80), (461140.913491745, 5407581.462944514, 80), (461142.7486247265, 5407581.45018305, 80), (461144.58375770896, 5407581.437422186, 80), (461146.41889069235, 5407581.424661927, 80), (461148.25402367674, 5407581.411902269, 80), (461150.0891566621, 5407581.399143215, 80), (461151.9242896484, 5407581.386384764, 80), (461036.33029118826, 5407584.97037278, 80), (461038.1654232014, 5407584.957576962, 80), (461040.00055521546, 5407584.944781746, 80), (461041.8356872306, 5407584.931987134, 80), (461043.6708192466, 5407584.9191931235, 80), (461045.50595126365, 5407584.906399716, 80), (461047.3410832817, 5407584.893606912, 80), (461049.1762153007, 5407584.88081471, 80), (461051.01134732063, 5407584.86802311, 80), (461052.8464793416, 5407584.855232114, 80), (461054.6816113635, 5407584.84244172, 80), (461056.5167433864, 5407584.8296519285, 80), (461058.35187541024, 5407584.816862741, 80), (461060.18700743513, 5407584.804074154, 80), (461062.02213946095, 5407584.791286172, 80), (461063.85727148777, 5407584.778498791, 80), (461065.69240351557, 5407584.765712013, 80), (461067.5275355443, 5407584.752925839, 80), (461069.362667574, 5407584.740140267, 80), (461071.19779960474, 5407584.727355297, 80), (461073.03293163644, 5407584.71457093, 80), (461074.8680636691, 5407584.701787166, 80), (461076.70319570275, 5407584.689004005, 80), (461078.53832773736, 5407584.676221446, 80), (461080.3734597729, 5407584.663439491, 80), (461082.2085918095, 5407584.650658137, 80), (461084.0437238471, 5407584.637877387, 80), (461085.8788558856, 5407584.625097238, 80), (461087.71398792503, 5407584.612317694, 80), (461089.5491199655, 5407584.599538752, 80), (461091.384252007, 5407584.586760412, 80), (461093.2193840494, 5407584.573982675, 80), (461095.0545160928, 5407584.561205541, 80), (461096.88964813715, 5407584.548429009, 80), (461098.72478018247, 5407584.535653081, 80), (461100.55991222884, 5407584.522877755, 80), (461102.39504427614, 5407584.510103031, 80), (461104.23017632443, 5407584.49732891, 80), (461106.06530837365, 5407584.484555392, 80), (461107.9004404239, 5407584.471782476, 80), (461109.7355724751, 5407584.459010164, 80), (461111.57070452726, 5407584.4462384535, 80), (461113.40583658044, 5407584.433467346, 80), (461115.24096863455, 5407584.420696843, 80), (461117.0761006897, 5407584.40792694, 80), (461118.91123274574, 5407584.395157641, 80), (461120.7463648028, 5407584.382388945, 80), (461122.58149686083, 5407584.36962085, 80), (461124.41662891983, 5407584.35685336, 80), (461126.2517609798, 5407584.344086472, 80), (461128.08689304075, 5407584.331320186, 80), (461129.92202510266, 5407584.318554504, 80), (461131.7571571656, 5407584.305789424, 80), (461133.5922892295, 5407584.293024947, 80), (461135.4274212943, 5407584.280261072, 80), (461137.26255336014, 5407584.2674978, 80), (461139.097685427, 5407584.254735131, 80), (461140.93281749473, 5407584.241973064, 80), (461142.7679495635, 5407584.2292116, 80), (461144.6030816332, 5407584.216450739, 80), (461146.4382137039, 5407584.20369048, 80), (461148.2733457756, 5407584.190930825, 80), (461150.10847784823, 5407584.1781717725, 80), (461151.94360992184, 5407584.165413321, 80), (461036.34966897, 5407587.749401257, 80), (461038.18480007036, 5407587.736605441, 80), (461040.01993117173, 5407587.723810228, 80), (461041.8550622741, 5407587.711015617, 80), (461043.69019337744, 5407587.698221607, 80), (461045.5253244818, 5407587.685428201, 80), (461047.3604555871, 5407587.672635398, 80), (461049.19558669336, 5407587.659843197, 80), (461051.0307178006, 5407587.6470516, 80), (461052.8658489089, 5407587.634260604, 80), (461054.70098001807, 5407587.621470212, 80), (461056.5361111283, 5407587.608680422, 80), (461058.37124223943, 5407587.595891235, 80), (461060.2063733516, 5407587.583102651, 80), (461062.0415044647, 5407587.57031467, 80), (461063.8766355788, 5407587.557527291, 80), (461065.71176669386, 5407587.544740514, 80), (461067.5468978099, 5407587.531954342, 80), (461069.3820289269, 5407587.51916877, 80), (461071.21716004494, 5407587.506383803, 80), (461073.0522911639, 5407587.493599437, 80), (461074.8874222839, 5407587.480815675, 80), (461076.7225534048, 5407587.468032515, 80), (461078.55768452666, 5407587.455249958, 80), (461080.39281564957, 5407587.442468003, 80), (461082.2279467734, 5407587.429686652, 80), (461084.06307789823, 5407587.416905903, 80), (461085.89820902405, 5407587.404125756, 80), (461087.73334015085, 5407587.391346213, 80), (461089.5684712786, 5407587.378567272, 80), (461091.4036024074, 5407587.365788934, 80), (461093.23873353703, 5407587.353011198, 80), (461095.07386466773, 5407587.3402340645, 80), (461096.9089957994, 5407587.327457535, 80), (461098.74412693206, 5407587.314681608, 80), (461100.57925806567, 5407587.301906283, 80), (461102.4143892003, 5407587.289131561, 80), (461104.2495203358, 5407587.276357442, 80), (461106.08465147234, 5407587.263583926, 80), (461107.9197826099, 5407587.2508110115, 80), (461109.75491374836, 5407587.238038701, 80), (461111.59004488785, 5407587.225266991, 80), (461113.4251760283, 5407587.212495886, 80), (461115.2603071697, 5407587.199725383, 80), (461117.0954383121, 5407587.186955483, 80), (461118.9305694555, 5407587.174186185, 80), (461120.7657005998, 5407587.16141749, 80), (461122.60083174513, 5407587.148649398, 80), (461124.43596289144, 5407587.135881908, 80), (461126.2710940387, 5407587.123115023, 80), (461128.1062251869, 5407587.110348738, 80), (461129.9413563361, 5407587.097583056, 80), (461131.7764874863, 5407587.084817978, 80), (461133.6116186375, 5407587.072053501, 80), (461135.44674978964, 5407587.05928963, 80), (461137.28188094276, 5407587.046526358, 80), (461139.11701209686, 5407587.033763691, 80), (461140.9521432519, 5407587.021001626, 80), (461142.7872744079, 5407587.008240162, 80), (461144.622405565, 5407586.995479304, 80), (461146.457536723, 5407586.982719046, 80), (461148.29266788193, 5407586.969959392, 80), (461150.12779904186, 5407586.957200341, 80), (461151.9629302028, 5407586.944441892, 80), (461036.36904675915, 5407590.528429747, 80), (461038.20417694683, 5407590.515633932, 80), (461040.0393071355, 5407590.502838719, 80), (461041.87443732517, 5407590.4900441095, 80), (461043.70956751576, 5407590.477250102, 80), (461045.5446977074, 5407590.464456698, 80), (461047.37982790003, 5407590.4516638955, 80), (461049.2149580936, 5407590.438871697, 80), (461051.0500882881, 5407590.4260801, 80), (461052.8852184836, 5407590.413289106, 80), (461054.72034868016, 5407590.400498716, 80), (461056.5554788776, 5407590.3877089275, 80), (461058.390609076, 5407590.374919742, 80), (461060.2257392755, 5407590.36213116, 80), (461062.06086947594, 5407590.34934318, 80), (461063.8959996773, 5407590.336555801, 80), (461065.73112987966, 5407590.323769028, 80), (461067.566260083, 5407590.310982856, 80), (461069.4013902873, 5407590.298197287, 80), (461071.2365204926, 5407590.28541232, 80), (461073.07165069884, 5407590.272627956, 80), (461074.90678090614, 5407590.259844196, 80), (461076.7419111143, 5407590.247061037, 80), (461078.57704132353, 5407590.2342784805, 80), (461080.4121715337, 5407590.221496529, 80), (461082.2473017448, 5407590.208715177, 80), (461084.08243195695, 5407590.195934431, 80), (461085.91756217, 5407590.183154286, 80), (461087.75269238406, 5407590.170374743, 80), (461089.58782259916, 5407590.157595804, 80), (461091.4229528152, 5407590.144817467, 80), (461093.2580830322, 5407590.132039732, 80), (461095.09321325016, 5407590.119262601, 80), (461096.9283434691, 5407590.106486073, 80), (461098.76347368903, 5407590.093710148, 80), (461100.59860390995, 5407590.0809348235, 80), (461102.43373413186, 5407590.068160103, 80), (461104.2688643547, 5407590.055385986, 80), (461106.1039945785, 5407590.042612471, 80), (461107.93912480335, 5407590.029839559, 80), (461109.7742550291, 5407590.017067249, 80), (461111.60938525584, 5407590.004295543, 80), (461113.44451548357, 5407589.991524438, 80), (461115.2796457123, 5407589.978753936, 80), (461117.114775942, 5407589.965984037, 80), (461118.94990617264, 5407589.953214741, 80), (461120.78503640427, 5407589.940446047, 80), (461122.6201666369, 5407589.927677957, 80), (461124.45529687044, 5407589.914910469, 80), (461126.29042710504, 5407589.902143584, 80), (461128.12555734057, 5407589.889377301, 80), (461129.960687577, 5407589.876611621, 80), (461131.79581781453, 5407589.863846543, 80), (461133.630948053, 5407589.85108207, 80), (461135.46607829246, 5407589.838318198, 80), (461137.3012085328, 5407589.82555493, 80), (461139.13633877423, 5407589.812792263, 80), (461140.9714690166, 5407589.8000302, 80), (461142.8065992599, 5407589.787268738, 80), (461144.6417295042, 5407589.77450788, 80), (461146.4768597495, 5407589.761747624, 80), (461148.31198999577, 5407589.748987972, 80), (461150.14712024294, 5407589.736228922, 80), (461151.98225049116, 5407589.723470474, 80), (461036.3884245558, 5407593.307458249, 80), (461038.22355383076, 5407593.294662436, 80), (461040.05868310673, 5407593.281867225, 80), (461041.89381238364, 5407593.2690726165, 80), (461043.7289416616, 5407593.256278611, 80), (461045.5640709405, 5407593.243485208, 80), (461047.3992002204, 5407593.230692407, 80), (461049.2343295013, 5407593.217900209, 80), (461051.0694587831, 5407593.205108615, 80), (461052.9045880659, 5407593.192317622, 80), (461054.7397173497, 5407593.179527233, 80), (461056.5748466344, 5407593.166737447, 80), (461058.40997592016, 5407593.153948262, 80), (461060.2451052069, 5407593.141159682, 80), (461062.0802344946, 5407593.1283717025, 80), (461063.91536378325, 5407593.115584327, 80), (461065.7504930729, 5407593.102797554, 80), (461067.58562236355, 5407593.090011384, 80), (461069.4207516551, 5407593.0772258155, 80), (461071.2558809477, 5407593.06444085, 80), (461073.09101024125, 5407593.051656488, 80), (461074.92613953585, 5407593.038872729, 80), (461076.7612688313, 5407593.026089572, 80), (461078.5963981278, 5407593.013307017, 80), (461080.43152742524, 5407593.000525067, 80), (461082.2666567237, 5407592.987743718, 80), (461084.1017860231, 5407592.974962971, 80), (461085.9369153235, 5407592.962182827, 80), (461087.77204462484, 5407592.949403286, 80), (461089.6071739272, 5407592.936624349, 80), (461091.4423032305, 5407592.923846014, 80), (461093.2774325348, 5407592.911068281, 80), (461095.11256184004, 5407592.898291152, 80), (461096.9476911463, 5407592.885514624, 80), (461098.78282045346, 5407592.8727387, 80), (461100.6179497617, 5407592.859963378, 80), (461102.4530790709, 5407592.847188659, 80), (461104.28820838104, 5407592.834414543, 80), (461106.1233376921, 5407592.82164103, 80), (461107.95846700424, 5407592.808868119, 80), (461109.7935963173, 5407592.796095811, 80), (461111.62872563134, 5407592.783324105, 80), (461113.4638549463, 5407592.770553001, 80), (461115.29898426234, 5407592.757782502, 80), (461117.13411357935, 5407592.745012604, 80), (461118.9692428973, 5407592.732243311, 80), (461120.8043722162, 5407592.719474618, 80), (461122.6395015361, 5407592.706706529, 80), (461124.47463085694, 5407592.693939042, 80), (461126.3097601788, 5407592.681172159, 80), (461128.1448895016, 5407592.668405877, 80), (461129.9800188254, 5407592.655640198, 80), (461131.8151481502, 5407592.642875124, 80), (461133.65027747594, 5407592.63011065, 80), (461135.4854068027, 5407592.61734678, 80), (461137.32053613034, 5407592.604583513, 80), (461139.15566545905, 5407592.591820847, 80), (461140.9907947887, 5407592.579058787, 80), (461142.8259241193, 5407592.566297326, 80), (461144.6610534509, 5407592.553536469, 80), (461146.4961827835, 5407592.540776216, 80), (461148.33131211705, 5407592.528016564, 80), (461150.1664414515, 5407592.515257516, 80), (461152.001570787, 5407592.50249907, 80), (461036.4078023599, 5407596.0864867605, 80), (461038.2429307222, 5407596.073690949, 80), (461040.0780590854, 5407596.06089574, 80), (461041.9131874496, 5407596.048101132, 80), (461043.7483158149, 5407596.035307127, 80), (461045.5834441811, 5407596.022513727, 80), (461047.41857254825, 5407596.009720928, 80), (461049.25370091636, 5407595.996928732, 80), (461051.08882928547, 5407595.984137139, 80), (461052.9239576556, 5407595.971346147, 80), (461054.7590860267, 5407595.958555761, 80), (461056.5942143987, 5407595.945765975, 80), (461058.4293427717, 5407595.932976793, 80), (461060.2644711458, 5407595.920188212, 80), (461062.0995995208, 5407595.907400236, 80), (461063.9347278967, 5407595.894612861, 80), (461065.76985627366, 5407595.881826089, 80), (461067.60498465155, 5407595.86903992, 80), (461069.4401130305, 5407595.856254353, 80), (461071.2752414103, 5407595.843469391, 80), (461073.1103697911, 5407595.830685029, 80), (461074.945498173, 5407595.817901271, 80), (461076.7806265558, 5407595.805118116, 80), (461078.61575493956, 5407595.792335562, 80), (461080.45088332426, 5407595.779553613, 80), (461082.28601171, 5407595.766772266, 80), (461084.1211400967, 5407595.753991522, 80), (461085.95626848435, 5407595.741211379, 80), (461087.791396873, 5407595.7284318395, 80), (461089.62652526266, 5407595.715652904, 80), (461091.4616536533, 5407595.702874569, 80), (461093.2967820448, 5407595.690096838, 80), (461095.13191043737, 5407595.677319711, 80), (461096.9670388309, 5407595.664543184, 80), (461098.8021672254, 5407595.651767262, 80), (461100.6372956209, 5407595.638991942, 80), (461102.4724240174, 5407595.626217225, 80), (461104.30755241483, 5407595.613443109, 80), (461106.1426808132, 5407595.600669597, 80), (461107.9778092126, 5407595.587896688, 80), (461109.81293761294, 5407595.575124381, 80), (461111.6480660143, 5407595.562352677, 80), (461113.48319441656, 5407595.549581575, 80), (461115.3183228199, 5407595.536811077, 80), (461117.15345122415, 5407595.524041182, 80), (461118.9885796294, 5407595.511271888, 80), (461120.8237080356, 5407595.498503198, 80), (461122.6588364428, 5407595.48573511, 80), (461124.4939648509, 5407595.472967626, 80), (461126.32909326005, 5407595.460200744, 80), (461128.16422167013, 5407595.447434463, 80), (461129.9993500812, 5407595.434668786, 80), (461131.8344784933, 5407595.421903712, 80), (461133.66960690636, 5407595.40913924, 80), (461135.50473532034, 5407595.396375372, 80), (461137.3398637353, 5407595.383612107, 80), (461139.1749921513, 5407595.370849444, 80), (461141.0101205682, 5407595.358087381, 80), (461142.84524898615, 5407595.345325924, 80), (461144.680377405, 5407595.332565069, 80), (461146.5155058249, 5407595.319804817, 80), (461148.3506342457, 5407595.307045167, 80), (461150.1857626675, 5407595.29428612, 80), (461152.0208910903, 5407595.281527675, 80), (461036.4271801715, 5407598.865515286, 80), (461038.2623076211, 5407598.8527194755, 80), (461040.0974350716, 5407598.8399242675, 80), (461041.9325625231, 5407598.827129662, 80), (461043.7676899756, 5407598.81433566, 80), (461045.6028174291, 5407598.80154226, 80), (461047.4379448836, 5407598.788749462, 80), (461049.273072339, 5407598.775957269, 80), (461051.1081997954, 5407598.763165675, 80), (461052.9433272528, 5407598.750374687, 80), (461054.7784547112, 5407598.737584299, 80), (461056.6135821705, 5407598.724794517, 80), (461058.4487096308, 5407598.712005336, 80), (461060.28383709217, 5407598.699216757, 80), (461062.1189645544, 5407598.686428782, 80), (461063.9540920176, 5407598.673641409, 80), (461065.78921948187, 5407598.660854639, 80), (461067.62434694706, 5407598.648068471, 80), (461069.45947441325, 5407598.635282906, 80), (461071.29460188036, 5407598.622497944, 80), (461073.12972934847, 5407598.609713584, 80), (461074.9648568177, 5407598.596929828, 80), (461076.7999842877, 5407598.584146674, 80), (461078.6351117588, 5407598.571364122, 80), (461080.4702392308, 5407598.558582175, 80), (461082.3053667038, 5407598.545800828, 80), (461084.1404941778, 5407598.533020085, 80), (461085.97562165273, 5407598.520239945, 80), (461087.8107491287, 5407598.507460408, 80), (461089.6458766056, 5407598.494681472, 80), (461091.48100408353, 5407598.4819031395, 80), (461093.31613156234, 5407598.469125409, 80), (461095.1512590422, 5407598.456348283, 80), (461096.986386523, 5407598.443571759, 80), (461098.8215140048, 5407598.430795837, 80), (461100.6566414876, 5407598.4180205185, 80), (461102.4917689714, 5407598.405245803, 80), (461104.32689645607, 5407598.39247169, 80), (461106.16202394175, 5407598.379698179, 80), (461107.9971514284, 5407598.366925271, 80), (461109.8322789161, 5407598.354152965, 80), (461111.6674064047, 5407598.341381263, 80), (461113.50253389427, 5407598.328610164, 80), (461115.33766138484, 5407598.315839667, 80), (461117.1727888764, 5407598.303069772, 80), (461119.00791636895, 5407598.29030048, 80), (461120.84304386243, 5407598.2775317915, 80), (461122.6781713569, 5407598.2647637045, 80), (461124.51329885237, 5407598.251996222, 80), (461126.34842634876, 5407598.239229341, 80), (461128.18355384615, 5407598.226463062, 80), (461130.0186813445, 5407598.213697387, 80), (461131.85380884394, 5407598.200932315, 80), (461133.68893634423, 5407598.188167843, 80), (461135.5240638455, 5407598.175403978, 80), (461137.3591913478, 5407598.162640713, 80), (461139.19431885105, 5407598.149878051, 80), (461141.02944635524, 5407598.137115992, 80), (461142.8645738604, 5407598.124354535, 80), (461144.6997013666, 5407598.111593682, 80), (461146.5348288738, 5407598.098833431, 80), (461148.3699563819, 5407598.086073782, 80), (461150.205083891, 5407598.073314737, 80), (461152.04021140106, 5407598.060556293, 80), (461036.4465579906, 5407601.644543825, 80), (461038.28168452746, 5407601.631748016, 80), (461040.1168110653, 5407601.618952809, 80), (461041.9519376041, 5407601.606158205, 80), (461043.78706414386, 5407601.593364204, 80), (461045.62219068466, 5407601.580570805, 80), (461047.4573172264, 5407601.567778009, 80), (461049.2924437691, 5407601.554985817, 80), (461051.1275703128, 5407601.542194226, 80), (461052.9626968575, 5407601.529403238, 80), (461054.79782340315, 5407601.516612853, 80), (461056.63294994977, 5407601.503823071, 80), (461058.4680764974, 5407601.491033891, 80), (461060.303203046, 5407601.478245314, 80), (461062.1383295955, 5407601.465457341, 80), (461063.9734561461, 5407601.452669969, 80), (461065.80858269753, 5407601.4398831995, 80), (461067.64370925, 5407601.427097034, 80), (461069.4788358035, 5407601.41431147, 80), (461071.31396235793, 5407601.40152651, 80), (461073.14908891334, 5407601.388742152, 80), (461074.9842154698, 5407601.375958397, 80), (461076.8193420271, 5407601.363175244, 80), (461078.6544685855, 5407601.3503926955, 80), (461080.4895951448, 5407601.337610749, 80), (461082.32472170505, 5407601.324829404, 80), (461084.15984826634, 5407601.312048662, 80), (461085.9949748286, 5407601.299268522, 80), (461087.8301013918, 5407601.2864889875, 80), (461089.665227956, 5407601.2737100525, 80), (461091.50035452127, 5407601.260931723, 80), (461093.3354810874, 5407601.248153995, 80), (461095.1706076545, 5407601.235376869, 80), (461097.0057342226, 5407601.222600346, 80), (461098.8408607917, 5407601.209824426, 80), (461100.67598736176, 5407601.197049108, 80), (461102.5111139328, 5407601.184274394, 80), (461104.3462405048, 5407601.171500282, 80), (461106.18136707775, 5407601.158726774, 80), (461108.0164936517, 5407601.145953867, 80), (461109.8516202267, 5407601.133181563, 80), (461111.6867468026, 5407601.120409862, 80), (461113.5218733794, 5407601.107638764, 80), (461115.3569999573, 5407601.094868268, 80), (461117.19212653616, 5407601.082098376, 80), (461119.02725311596, 5407601.069329085, 80), (461120.86237969674, 5407601.056560398, 80), (461122.6975062785, 5407601.043792313, 80), (461124.5326328612, 5407601.031024831, 80), (461126.3677594449, 5407601.018257951, 80), (461128.2028860296, 5407601.005491675, 80), (461130.0380126153, 5407600.992726, 80), (461131.87313920195, 5407600.9799609305, 80), (461133.70826578955, 5407600.967196461, 80), (461135.54339237814, 5407600.954432596, 80), (461137.37851896766, 5407600.941669333, 80), (461139.2136455582, 5407600.928906671, 80), (461141.0487721497, 5407600.916144614, 80), (461142.8838987422, 5407600.903383159, 80), (461144.7190253357, 5407600.890622307, 80), (461146.55415193015, 5407600.877862057, 80), (461148.38927852554, 5407600.865102411, 80), (461150.2244051219, 5407600.8523433665, 80), (461152.05953171925, 5407600.839584924, 80), (461036.46593581716, 5407604.4235723745, 80), (461038.3010614413, 5407604.410776567, 80), (461040.13618706644, 5407604.397981361, 80), (461041.9713126925, 5407604.385186759, 80), (461043.80643831956, 5407604.372392759, 80), (461045.64156394766, 5407604.359599362, 80), (461047.4766895767, 5407604.346806568, 80), (461049.31181520666, 5407604.334014376, 80), (461051.1469408377, 5407604.321222787, 80), (461052.9820664696, 5407604.3084318, 80), (461054.81719210255, 5407604.295641418, 80), (461056.6523177365, 5407604.282851636, 80), (461058.4874433713, 5407604.27006246, 80), (461060.3225690073, 5407604.257273883, 80), (461062.1576946441, 5407604.24448591, 80), (461063.9928202819, 5407604.231698541, 80), (461065.82794592076, 5407604.218911773, 80), (461067.6630715605, 5407604.206125609, 80), (461069.49819720123, 5407604.193340046, 80), (461071.33332284295, 5407604.1805550875, 80), (461073.16844848567, 5407604.16777073, 80), (461075.00357412937, 5407604.154986977, 80), (461076.838699774, 5407604.142203826, 80), (461078.6738254196, 5407604.129421278, 80), (461080.50895106624, 5407604.116639332, 80), (461082.34407671384, 5407604.10385799, 80), (461084.17920236243, 5407604.0910772495, 80), (461086.01432801195, 5407604.078297112, 80), (461087.8494536624, 5407604.065517577, 80), (461089.68457931397, 5407604.052738644, 80), (461091.5197049664, 5407604.039960316, 80), (461093.3548306199, 5407604.02718259, 80), (461095.1899562743, 5407604.014405465, 80), (461097.02508192963, 5407604.001628945, 80), (461098.86020758597, 5407603.988853025, 80), (461100.69533324335, 5407603.97607771, 80), (461102.5304589017, 5407603.963302997, 80), (461104.365584561, 5407603.950528886, 80), (461106.20071022125, 5407603.937755379, 80), (461108.03583588253, 5407603.924982473, 80), (461109.87096154474, 5407603.912210171, 80), (461111.7060872079, 5407603.899438472, 80), (461113.5412128721, 5407603.886667375, 80), (461115.3763385372, 5407603.873896881, 80), (461117.21146420337, 5407603.86112699, 80), (461119.0465898705, 5407603.848357701, 80), (461120.88171553856, 5407603.835589015, 80), (461122.7168412076, 5407603.822820932, 80), (461124.5519668776, 5407603.810053451, 80), (461126.3870925486, 5407603.797286573, 80), (461128.22221822053, 5407603.784520297, 80), (461130.0573438935, 5407603.771754625, 80), (461131.8924695675, 5407603.758989556, 80), (461133.7275952423, 5407603.746225088, 80), (461135.5627209182, 5407603.7334612245, 80), (461137.39784659503, 5407603.720697963, 80), (461139.2329722729, 5407603.707935303, 80), (461141.0680979517, 5407603.695173248, 80), (461142.90322363144, 5407603.682411794, 80), (461144.7383493122, 5407603.669650944, 80), (461146.57347499393, 5407603.656890695, 80), (461148.40860067663, 5407603.6441310495, 80), (461150.24372636026, 5407603.631372008, 80), (461152.07885204494, 5407603.618613566, 80), (461036.4853136512, 5407607.2026009355, 80), (461038.32043836266, 5407607.189805129, 80), (461040.15556307504, 5407607.177009925, 80), (461041.9906877884, 5407607.1642153235, 80), (461043.82581250276, 5407607.151421325, 80), (461045.6609372181, 5407607.138627931, 80), (461047.49606193445, 5407607.125835137, 80), (461049.3311866517, 5407607.113042947, 80), (461051.16631137003, 5407607.10025136, 80), (461053.0014360893, 5407607.087460375, 80), (461054.8365608095, 5407607.074669994, 80), (461056.6716855307, 5407607.061880214, 80), (461058.50681025285, 5407607.049091037, 80), (461060.34193497605, 5407607.036302463, 80), (461062.1770597002, 5407607.023514492, 80), (461064.01218442526, 5407607.010727124, 80), (461065.8473091513, 5407606.997940358, 80), (461067.6824338784, 5407606.985154195, 80), (461069.51755860646, 5407606.972368634, 80), (461071.3526833354, 5407606.959583677, 80), (461073.18780806544, 5407606.946799321, 80), (461075.02293279645, 5407606.934015569, 80), (461076.8580575284, 5407606.92123242, 80), (461078.6931822613, 5407606.908449874, 80), (461080.52830699517, 5407606.895667929, 80), (461082.3634317301, 5407606.882886589, 80), (461084.1985564659, 5407606.87010585, 80), (461086.03368120274, 5407606.857325713, 80), (461087.8688059405, 5407606.84454618, 80), (461089.7039306793, 5407606.831767249, 80), (461091.5390554191, 5407606.818988921, 80), (461093.37418015976, 5407606.806211198, 80), (461095.2093049015, 5407606.793434074, 80), (461097.0444296442, 5407606.780657555, 80), (461098.8795543878, 5407606.767881637, 80), (461100.71467913245, 5407606.755106323, 80), (461102.54980387806, 5407606.742331611, 80), (461104.38492862467, 5407606.729557502, 80), (461106.2200533722, 5407606.716783996, 80), (461108.05517812073, 5407606.704011092, 80), (461109.89030287025, 5407606.691238792, 80), (461111.7254276207, 5407606.678467094, 80), (461113.5605523722, 5407606.665695998, 80), (461115.3956771246, 5407606.652925505, 80), (461117.23080187803, 5407606.640155615, 80), (461119.06592663244, 5407606.627386328, 80), (461120.9010513878, 5407606.614617644, 80), (461122.7361761441, 5407606.6018495625, 80), (461124.5713009014, 5407606.589082083, 80), (461126.40642565966, 5407606.5763152065, 80), (461128.24155041896, 5407606.563548933, 80), (461130.0766751792, 5407606.550783263, 80), (461131.9117999404, 5407606.538018195, 80), (461133.7469247026, 5407606.525253728, 80), (461135.58204946574, 5407606.5124898655, 80), (461137.41717422986, 5407606.499726605, 80), (461139.25229899504, 5407606.486963947, 80), (461141.0874237611, 5407606.4742018925, 80), (461142.9225485281, 5407606.461440441, 80), (461144.75767329615, 5407606.4486795915, 80), (461146.5927980652, 5407606.435919344, 80), (461148.42792283517, 5407606.423159701, 80), (461150.2630476061, 5407606.41040066, 80), (461152.098172378, 5407606.397642221, 80), (461036.50469149277, 5407609.9816295095, 80), (461038.33981529146, 5407609.9688337045, 80), (461040.17493909114, 5407609.956038503, 80), (461042.0100628918, 5407609.943243902, 80), (461043.8451866935, 5407609.930449905, 80), (461045.68031049607, 5407609.917656511, 80), (461047.5154342997, 5407609.904863721, 80), (461049.3505581043, 5407609.892071531, 80), (461051.1856819098, 5407609.879279945, 80), (461053.0208057164, 5407609.8664889615, 80), (461054.8559295239, 5407609.853698581, 80), (461056.69105333235, 5407609.840908804, 80), (461058.5261771418, 5407609.828119629, 80), (461060.3613009523, 5407609.815331057, 80), (461062.1964247637, 5407609.802543086, 80), (461064.0315485761, 5407609.78975572, 80), (461065.86667238944, 5407609.776968955, 80), (461067.70179620385, 5407609.764182794, 80), (461069.53692001913, 5407609.751397234, 80), (461071.37204383546, 5407609.738612278, 80), (461073.20716765267, 5407609.725827926, 80), (461075.042291471, 5407609.713044174, 80), (461076.8774152902, 5407609.700261027, 80), (461078.7125391104, 5407609.687478482, 80), (461080.5476629316, 5407609.674696538, 80), (461082.3827867537, 5407609.661915198, 80), (461084.2179105769, 5407609.649134462, 80), (461086.053034401, 5407609.636354326, 80), (461087.88815822604, 5407609.623574795, 80), (461089.72328205215, 5407609.610795866, 80), (461091.5584058792, 5407609.598017539, 80), (461093.3935297072, 5407609.585239816, 80), (461095.2286535362, 5407609.572462696, 80), (461097.06377736613, 5407609.5596861765, 80), (461098.89890119707, 5407609.546910261, 80), (461100.734025029, 5407609.534134948, 80), (461102.5691488619, 5407609.521360238, 80), (461104.40427269577, 5407609.50858613, 80), (461106.2393965306, 5407609.495812627, 80), (461108.07452036644, 5407609.483039725, 80), (461109.90964420326, 5407609.470267425, 80), (461111.744768041, 5407609.4574957285, 80), (461113.57989187975, 5407609.444724634, 80), (461115.4150157195, 5407609.431954143, 80), (461117.2501395602, 5407609.4191842545, 80), (461119.08526340185, 5407609.406414968, 80), (461120.9203872445, 5407609.393646286, 80), (461122.7555110881, 5407609.3808782045, 80), (461124.59063493274, 5407609.3681107275, 80), (461126.42575877823, 5407609.355343853, 80), (461128.26088262483, 5407609.342577581, 80), (461130.0960064723, 5407609.329811911, 80), (461131.9311303209, 5407609.317046844, 80), (461133.76625417033, 5407609.30428238, 80), (461135.6013780208, 5407609.291518519, 80), (461137.43650187214, 5407609.278755261, 80), (461139.2716257246, 5407609.265992604, 80), (461141.106749578, 5407609.25323055, 80), (461142.94187343225, 5407609.2404691, 80), (461144.77699728764, 5407609.227708252, 80), (461146.61212114396, 5407609.214948007, 80), (461148.4472450012, 5407609.202188366, 80), (461150.2823688594, 5407609.189429325, 80), (461152.1174927186, 5407609.176670888, 80), (461036.5240693418, 5407612.760658094, 80), (461038.35919222777, 5407612.7478622915, 80), (461040.1943151147, 5407612.73506709, 80), (461042.0294380027, 5407612.722272492, 80), (461043.8645608916, 5407612.709478497, 80), (461045.69968378154, 5407612.696685105, 80), (461047.5348066724, 5407612.683892315, 80), (461049.3699295643, 5407612.671100127, 80), (461051.2050524571, 5407612.658308542, 80), (461053.04017535097, 5407612.645517561, 80), (461054.87529824575, 5407612.6327271825, 80), (461056.7104211415, 5407612.619937406, 80), (461058.54554403824, 5407612.607148232, 80), (461060.38066693605, 5407612.594359661, 80), (461062.21578983474, 5407612.581571693, 80), (461064.0509127344, 5407612.568784327, 80), (461065.8860356351, 5407612.555997564, 80), (461067.72115853673, 5407612.543211405, 80), (461069.5562814393, 5407612.530425847, 80), (461071.3914043429, 5407612.517640892, 80), (461073.22652724746, 5407612.50485654, 80), (461075.061650153, 5407612.49207279, 80), (461076.8967730595, 5407612.479289644, 80), (461078.73189596704, 5407612.4665071005, 80), (461080.5670188755, 5407612.453725159, 80), (461082.4021417849, 5407612.44094382, 80), (461084.23726469534, 5407612.428163085, 80), (461086.0723876067, 5407612.4153829515, 80), (461087.9075105191, 5407612.402603422, 80), (461089.74263343244, 5407612.389824495, 80), (461091.5777563468, 5407612.37704617, 80), (461093.4128792621, 5407612.364268446, 80), (461095.2480021784, 5407612.351491328, 80), (461097.0831250956, 5407612.338714811, 80), (461098.9182480138, 5407612.325938897, 80), (461100.75337093306, 5407612.313163585, 80), (461102.5884938532, 5407612.300388878, 80), (461104.4236167744, 5407612.287614771, 80), (461106.25873969647, 5407612.274841268, 80), (461108.0938626196, 5407612.262068368, 80), (461109.92898554367, 5407612.249296069, 80), (461111.7641084688, 5407612.236524375, 80), (461113.59923139476, 5407612.223753282, 80), (461115.4343543218, 5407612.210982792, 80), (461117.2694772498, 5407612.198212905, 80), (461119.1046001787, 5407612.185443621, 80), (461120.93972310866, 5407612.172674938, 80), (461122.7748460396, 5407612.15990686, 80), (461124.60996897146, 5407612.147139384, 80), (461126.4450919043, 5407612.134372511, 80), (461128.2802148381, 5407612.12160624, 80), (461130.11533777294, 5407612.108840573, 80), (461131.95046070876, 5407612.096075507, 80), (461133.7855836455, 5407612.083311044, 80), (461135.62070658326, 5407612.070547184, 80), (461137.45582952193, 5407612.057783928, 80), (461139.29095246166, 5407612.045021273, 80), (461141.12607540225, 5407612.032259221, 80), (461142.9611983439, 5407612.019497771, 80), (461144.7963212865, 5407612.006736925, 80), (461146.6314442301, 5407611.9939766815, 80), (461148.46656717465, 5407611.981217041, 80), (461150.3016901202, 5407611.968458002, 80), (461152.13681306667, 5407611.955699567, 80), (461036.5434471983, 5407615.539686693, 80), (461038.37856917153, 5407615.52689089, 80), (461040.21369114576, 5407615.514095691, 80), (461042.04881312104, 5407615.501301094, 80), (461043.88393509726, 5407615.4885071, 80), (461045.71905707446, 5407615.475713708, 80), (461047.55417905265, 5407615.462920921, 80), (461049.3893010318, 5407615.450128734, 80), (461051.2244230119, 5407615.437337152, 80), (461053.05954499304, 5407615.424546172, 80), (461054.89466697513, 5407615.411755795, 80), (461056.72978895815, 5407615.398966019, 80), (461058.56491094216, 5407615.386176848, 80), (461060.4000329273, 5407615.373388277, 80), (461062.2351549132, 5407615.360600311, 80), (461064.0702769002, 5407615.347812948, 80), (461065.9053988881, 5407615.335026185, 80), (461067.74052087707, 5407615.322240028, 80), (461069.57564286696, 5407615.309454471, 80), (461071.4107648578, 5407615.296669519, 80), (461073.24588684965, 5407615.283885167, 80), (461075.0810088425, 5407615.27110142, 80), (461076.9161308363, 5407615.258318274, 80), (461078.7512528311, 5407615.245535732, 80), (461080.58637482685, 5407615.232753792, 80), (461082.42149682355, 5407615.219972456, 80), (461084.25661882124, 5407615.207191722, 80), (461086.0917408199, 5407615.19441159, 80), (461087.9268628196, 5407615.1816320615, 80), (461089.76198482024, 5407615.168853135, 80), (461091.59710682184, 5407615.156074812, 80), (461093.4322288245, 5407615.14329709, 80), (461095.267350828, 5407615.130519973, 80), (461097.10247283254, 5407615.117743458, 80), (461098.93759483803, 5407615.104967544, 80), (461100.7727168445, 5407615.092192235, 80), (461102.60783885204, 5407615.079417529, 80), (461104.44296086044, 5407615.066643423, 80), (461106.27808286983, 5407615.053869922, 80), (461108.11320488027, 5407615.041097023, 80), (461109.94832689164, 5407615.028324726, 80), (461111.78344890394, 5407615.015553033, 80), (461113.6185709173, 5407615.002781942, 80), (461115.45369293157, 5407614.990011454, 80), (461117.2888149469, 5407614.977241568, 80), (461119.1239369631, 5407614.9644722855, 80), (461120.9590589803, 5407614.951703605, 80), (461122.7941809985, 5407614.938935528, 80), (461124.6293030177, 5407614.926168053, 80), (461126.4644250378, 5407614.913401181, 80), (461128.2995470589, 5407614.900634912, 80), (461130.134669081, 5407614.887869245, 80), (461131.9697911041, 5407614.8751041815, 80), (461133.80491312814, 5407614.862339719, 80), (461135.64003515313, 5407614.849575862, 80), (461137.4751571791, 5407614.836812606, 80), (461139.31027920614, 5407614.824049953, 80), (461141.14540123404, 5407614.811287902, 80), (461142.980523263, 5407614.798526455, 80), (461144.81564529287, 5407614.785765611, 80), (461146.65076732374, 5407614.773005368, 80), (461148.4858893556, 5407614.760245729, 80), (461150.3210113884, 5407614.747486692, 80), (461152.15613342216, 5407614.734728258, 80), (461036.5628250622, 5407618.318715301, 80), (461038.3979461228, 5407618.3059195, 80), (461040.23306718434, 5407618.293124303, 80), (461042.06818824686, 5407618.280329707, 80), (461043.9033093103, 5407618.267535714, 80), (461045.7384303748, 5407618.254742325, 80), (461047.5735514403, 5407618.241949539, 80), (461049.40867250675, 5407618.229157354, 80), (461051.24379357416, 5407618.216365772, 80), (461053.07891464257, 5407618.203574793, 80), (461054.9140357119, 5407618.190784418, 80), (461056.7491567823, 5407618.177994645, 80), (461058.58427785354, 5407618.165205474, 80), (461060.4193989259, 5407618.152416905, 80), (461062.2545199992, 5407618.13962894, 80), (461064.0896410734, 5407618.126841579, 80), (461065.92476214864, 5407618.114054818, 80), (461067.75988322485, 5407618.10126866, 80), (461069.59500430204, 5407618.088483105, 80), (461071.43012538017, 5407618.075698155, 80), (461073.2652464593, 5407618.062913805, 80), (461075.10036753945, 5407618.050130059, 80), (461076.93548862054, 5407618.037346915, 80), (461078.77060970257, 5407618.024564375, 80), (461080.60573078564, 5407618.011782437, 80), (461082.44085186964, 5407617.999001102, 80), (461084.27597295464, 5407617.986220369, 80), (461086.1110940406, 5407617.973440238, 80), (461087.94621512754, 5407617.960660711, 80), (461089.7813362155, 5407617.947881786, 80), (461091.6164573044, 5407617.935103464, 80), (461093.4515783943, 5407617.922325745, 80), (461095.2866994851, 5407617.909548628, 80), (461097.1218205769, 5407617.896772115, 80), (461098.9569416697, 5407617.8839962045, 80), (461100.7920627635, 5407617.871220895, 80), (461102.62718385825, 5407617.85844619, 80), (461104.46230495395, 5407617.845672087, 80), (461106.29742605065, 5407617.832898587, 80), (461108.1325471484, 5407617.820125689, 80), (461109.967668247, 5407617.807353394, 80), (461111.8027893466, 5407617.794581702, 80), (461113.6379104472, 5407617.781810612, 80), (461115.4730315488, 5407617.769040125, 80), (461117.3081526514, 5407617.756270241, 80), (461119.1432737549, 5407617.74350096, 80), (461120.9783948594, 5407617.730732281, 80), (461122.8135159649, 5407617.717964206, 80), (461124.64863707137, 5407617.705196732, 80), (461126.4837581788, 5407617.692429862, 80), (461128.31887928717, 5407617.679663595, 80), (461130.1540003965, 5407617.666897928, 80), (461131.9891215069, 5407617.654132866, 80), (461133.8242426182, 5407617.641368408, 80), (461135.6593637305, 5407617.62860455, 80), (461137.4944848438, 5407617.615841296, 80), (461139.3296059581, 5407617.603078644, 80), (461141.1647270733, 5407617.5903165955, 80), (461142.9998481895, 5407617.577555149, 80), (461144.8349693067, 5407617.564794306, 80), (461146.6700904248, 5407617.552034064, 80), (461148.505211544, 5407617.539274427, 80), (461150.3403326641, 5407617.526515392, 80), (461152.1754537851, 5407617.513756959, 80), (461036.58220293367, 5407621.097743923, 80), (461038.4173230815, 5407621.084948123, 80), (461040.25244323036, 5407621.0721529275, 80), (461042.08756338013, 5407621.059358333, 80), (461043.92268353095, 5407621.0465643415, 80), (461045.7578036827, 5407621.033770954, 80), (461047.5929238355, 5407621.020978169, 80), (461049.4280439892, 5407621.0081859855, 80), (461051.2631641439, 5407620.995394406, 80), (461053.0982842996, 5407620.982603429, 80), (461054.93340445624, 5407620.969813054, 80), (461056.7685246139, 5407620.957023283, 80), (461058.60364477243, 5407620.944234113, 80), (461060.4387649321, 5407620.931445547, 80), (461062.27388509264, 5407620.918657583, 80), (461064.10900525417, 5407620.9058702225, 80), (461065.9441254167, 5407620.893083463, 80), (461067.77924558014, 5407620.880297308, 80), (461069.61436574464, 5407620.867511755, 80), (461071.44948591007, 5407620.854726804, 80), (461073.2846060765, 5407620.841942457, 80), (461075.1197262439, 5407620.829158712, 80), (461076.9548464123, 5407620.81637557, 80), (461078.7899665816, 5407620.80359303, 80), (461080.62508675194, 5407620.7908110935, 80), (461082.4602069232, 5407620.77802976, 80), (461084.2953270955, 5407620.765249029, 80), (461086.1304472688, 5407620.752468901, 80), (461087.965567443, 5407620.739689373, 80), (461089.8006876182, 5407620.7269104505, 80), (461091.6358077944, 5407620.714132131, 80), (461093.47092797153, 5407620.701354412, 80), (461095.3060481497, 5407620.688577297, 80), (461097.14116832876, 5407620.6758007845, 80), (461098.97628850886, 5407620.663024876, 80), (461100.81140868994, 5407620.650249569, 80), (461102.64652887196, 5407620.637474865, 80), (461104.481649055, 5407620.624700763, 80), (461106.31676923897, 5407620.611927264, 80), (461108.15188942396, 5407620.599154367, 80), (461109.9870096099, 5407620.586382075, 80), (461111.8221297968, 5407620.573610384, 80), (461113.6572499846, 5407620.560839296, 80), (461115.4923701735, 5407620.548068811, 80), (461117.3274903634, 5407620.535298929, 80), (461119.1626105542, 5407620.522529649, 80), (461120.99773074593, 5407620.509760971, 80), (461122.8328509387, 5407620.496992897, 80), (461124.6679711325, 5407620.484225426, 80), (461126.50309132715, 5407620.471458556, 80), (461128.33821152285, 5407620.458692289, 80), (461130.17333171953, 5407620.445926625, 80), (461132.0084519172, 5407620.433161566, 80), (461133.8435721158, 5407620.4203971075, 80), (461135.6786923154, 5407620.4076332515, 80), (461137.51381251594, 5407620.394869999, 80), (461139.34893271746, 5407620.382107348, 80), (461141.18405291997, 5407620.369345301, 80), (461143.01917312347, 5407620.356583857, 80), (461144.85429332795, 5407620.343823014, 80), (461146.68941353343, 5407620.331062775, 80), (461148.52453373984, 5407620.31830314, 80), (461150.3596539472, 5407620.305544104, 80), (461152.19477415556, 5407620.292785673, 80), (461036.6015808126, 5407623.876772556, 80), (461038.43670004775, 5407623.863976759, 80), (461040.27181928384, 5407623.851181563, 80), (461042.1069385209, 5407623.8383869715, 80), (461043.94205775904, 5407623.825592982, 80), (461045.7771769981, 5407623.812799596, 80), (461047.61229623813, 5407623.8000068115, 80), (461049.4474154791, 5407623.787214629, 80), (461051.2825347211, 5407623.774423053, 80), (461053.1176539641, 5407623.7616320755, 80), (461054.95277320803, 5407623.748841702, 80), (461056.7878924529, 5407623.736051932, 80), (461058.62301169883, 5407623.7232627645, 80), (461060.45813094574, 5407623.7104742, 80), (461062.2932501936, 5407623.697686237, 80), (461064.12836944236, 5407623.6848988775, 80), (461065.9634886922, 5407623.672112121, 80), (461067.79860794294, 5407623.659325967, 80), (461069.6337271947, 5407623.646540415, 80), (461071.4688464474, 5407623.633755466, 80), (461073.3039657011, 5407623.62097112, 80), (461075.1390849558, 5407623.6081873765, 80), (461076.9742042115, 5407623.595404236, 80), (461078.8093234681, 5407623.582621698, 80), (461080.6444427257, 5407623.569839763, 80), (461082.4795619843, 5407623.557058431, 80), (461084.31468124385, 5407623.5442777015, 80), (461086.1498005044, 5407623.5314975735, 80), (461087.98491976585, 5407623.518718049, 80), (461089.82003902836, 5407623.505939127, 80), (461091.65515829186, 5407623.493160808, 80), (461093.4902775563, 5407623.480383093, 80), (461095.3253968217, 5407623.467605978, 80), (461097.1605160881, 5407623.454829467, 80), (461098.9956353555, 5407623.44205356, 80), (461100.8307546238, 5407623.4292782545, 80), (461102.6658738932, 5407623.416503551, 80), (461104.50099316344, 5407623.403729452, 80), (461106.3361124347, 5407623.390955954, 80), (461108.171231707, 5407623.378183059, 80), (461110.0063509802, 5407623.3654107675, 80), (461111.84147025435, 5407623.352639078, 80), (461113.6765895295, 5407623.339867991, 80), (461115.5117088057, 5407623.327097507, 80), (461117.34682808287, 5407623.3143276265, 80), (461119.1819473609, 5407623.301558348, 80), (461121.01706664, 5407623.288789672, 80), (461122.85218592006, 5407623.2760216, 80), (461124.6873052011, 5407623.26325413, 80), (461126.5224244831, 5407623.250487262, 80), (461128.35754376603, 5407623.237720997, 80), (461130.19266304997, 5407623.224955335, 80), (461132.02778233495, 5407623.212190275, 80), (461133.86290162086, 5407623.199425819, 80), (461135.6980209077, 5407623.186661965, 80), (461137.53314019553, 5407623.173898714, 80), (461139.36825948436, 5407623.161136065, 80), (461141.20337877417, 5407623.148374019, 80), (461143.0384980649, 5407623.135612576, 80), (461144.8736173567, 5407623.122851735, 80), (461146.7087366494, 5407623.110091497, 80), (461148.54385594313, 5407623.097331863, 80), (461150.3789752378, 5407623.08457283, 80), (461152.2140945334, 5407623.071814401, 80), (461036.62095869903, 5407626.655801202, 80), (461038.45607702143, 5407626.6430054065, 80), (461040.2911953448, 5407626.630210212, 80), (461042.1263136692, 5407626.617415622, 80), (461043.96143199457, 5407626.604621634, 80), (461045.7965503209, 5407626.591828249, 80), (461047.6316686482, 5407626.579035466, 80), (461049.46678697655, 5407626.566243286, 80), (461051.3019053058, 5407626.553451709, 80), (461053.137023636, 5407626.540660734, 80), (461054.9721419673, 5407626.527870364, 80), (461056.80726029945, 5407626.5150805935, 80), (461058.6423786326, 5407626.502291428, 80), (461060.47749696684, 5407626.489502865, 80), (461062.3126153019, 5407626.4767149035, 80), (461064.14773363806, 5407626.463927546, 80), (461065.98285197513, 5407626.45114079, 80), (461067.8179703132, 5407626.438354638, 80), (461069.65308865224, 5407626.425569087, 80), (461071.4882069922, 5407626.41278414, 80), (461073.3233253332, 5407626.3999997955, 80), (461075.1584436752, 5407626.387216054, 80), (461076.99356201815, 5407626.374432915, 80), (461078.828680362, 5407626.361650378, 80), (461080.66379870696, 5407626.348868445, 80), (461082.4989170528, 5407626.336087112, 80), (461084.33403539966, 5407626.323306385, 80), (461086.1691537475, 5407626.310526258, 80), (461088.00427209627, 5407626.297746736, 80), (461089.839390446, 5407626.284967816, 80), (461091.67450879683, 5407626.272189499, 80), (461093.50962714857, 5407626.259411784, 80), (461095.34474550124, 5407626.246634671, 80), (461097.1798638549, 5407626.233858163, 80), (461099.01498220954, 5407626.221082256, 80), (461100.8501005652, 5407626.208306951, 80), (461102.6852189218, 5407626.19553225, 80), (461104.52033727936, 5407626.182758152, 80), (461106.3554556379, 5407626.169984655, 80), (461108.19057399745, 5407626.157211763, 80), (461110.025692358, 5407626.144439472, 80), (461111.86081071943, 5407626.131667785, 80), (461113.6959290819, 5407626.1188966995, 80), (461115.5310474454, 5407626.106126218, 80), (461117.3661658098, 5407626.093356337, 80), (461119.20128417516, 5407626.080587061, 80), (461121.0364025415, 5407626.0678183865, 80), (461122.87152090884, 5407626.055050315, 80), (461124.70663927717, 5407626.042282847, 80), (461126.5417576464, 5407626.02951598, 80), (461128.3768760167, 5407626.016749717, 80), (461130.2119943879, 5407626.0039840555, 80), (461132.04711276013, 5407625.991218997, 80), (461133.88223113335, 5407625.978454543, 80), (461135.7173495075, 5407625.96569069, 80), (461137.5524678826, 5407625.952927441, 80), (461139.3875862587, 5407625.940164793, 80), (461141.2227046358, 5407625.92740275, 80), (461143.05782301386, 5407625.914641308, 80), (461144.8929413929, 5407625.901880468, 80), (461146.7280597729, 5407625.889120231, 80), (461148.5631781539, 5407625.876360599, 80), (461150.39829653583, 5407625.863601568, 80), (461152.23341491877, 5407625.850843139, 80), (461036.6403365929, 5407629.434829859, 80), (461038.4754540026, 5407629.422034064, 80), (461040.3105714133, 5407629.409238872, 80), (461042.14568882494, 5407629.396444283, 80), (461043.9808062376, 5407629.383650296, 80), (461045.8159236512, 5407629.370856914, 80), (461047.6510410658, 5407629.358064132, 80), (461049.4861584814, 5407629.345271954, 80), (461051.32127589796, 5407629.332480378, 80), (461053.1563933155, 5407629.319689405, 80), (461054.991510734, 5407629.306899035, 80), (461056.82662815345, 5407629.294109268, 80), (461058.6617455739, 5407629.281320103, 80), (461060.49686299544, 5407629.26853154, 80), (461062.33198041783, 5407629.255743582, 80), (461064.1670978412, 5407629.242956225, 80), (461066.00221526553, 5407629.230169471, 80), (461067.8373326909, 5407629.2173833195, 80), (461069.6724501172, 5407629.204597771, 80), (461071.50756754447, 5407629.191812825, 80), (461073.34268497274, 5407629.179028483, 80), (461075.17780240206, 5407629.1662447415, 80), (461077.01291983225, 5407629.153461604, 80), (461078.8480372635, 5407629.140679069, 80), (461080.68315469567, 5407629.127897137, 80), (461082.5182721288, 5407629.115115807, 80), (461084.3533895629, 5407629.1023350805, 80), (461086.188506998, 5407629.089554956, 80), (461088.0236244341, 5407629.076775434, 80), (461089.8587418712, 5407629.063996515, 80), (461091.69385930925, 5407629.0512182, 80), (461093.52897674823, 5407629.038440486, 80), (461095.3640941882, 5407629.025663377, 80), (461097.19921162917, 5407629.012886869, 80), (461099.03432907106, 5407629.000110963, 80), (461100.869446514, 5407628.98733566, 80), (461102.70456395793, 5407628.974560961, 80), (461104.5396814028, 5407628.961786864, 80), (461106.3747988486, 5407628.94901337, 80), (461108.2099162954, 5407628.9362404775, 80), (461110.04503374326, 5407628.923468188, 80), (461111.88015119196, 5407628.910696502, 80), (461113.7152686417, 5407628.897925419, 80), (461115.55038609245, 5407628.885154937, 80), (461117.3855035442, 5407628.8723850595, 80), (461119.22062099684, 5407628.859615784, 80), (461121.0557384505, 5407628.846847111, 80), (461122.8908559051, 5407628.834079042, 80), (461124.7259733607, 5407628.821311574, 80), (461126.5610908172, 5407628.80854471, 80), (461128.39620827476, 5407628.795778447, 80), (461130.2313257333, 5407628.783012789, 80), (461132.06644319283, 5407628.770247732, 80), (461133.9015606533, 5407628.7574832775, 80), (461135.7366781147, 5407628.744719428, 80), (461137.5717955771, 5407628.731956178, 80), (461139.40691304056, 5407628.719193533, 80), (461141.24203050486, 5407628.70643149, 80), (461143.0771479702, 5407628.69367005, 80), (461144.91226543655, 5407628.680909213, 80), (461146.7473829038, 5407628.668148978, 80), (461148.5825003721, 5407628.655389345, 80), (461150.41761784133, 5407628.642630315, 80), (461152.2527353115, 5407628.62987189, 80), (461036.6597144943, 5407632.213858528, 80), (461038.49483099126, 5407632.201062736, 80), (461040.32994748926, 5407632.188267546, 80), (461042.1650639882, 5407632.175472958, 80), (461044.0001804881, 5407632.162678974, 80), (461045.835296989, 5407632.149885591, 80), (461047.6704134909, 5407632.13709281, 80), (461049.5055299938, 5407632.1243006345, 80), (461051.3406464976, 5407632.1115090605, 80), (461053.1757630024, 5407632.098718089, 80), (461055.0108795082, 5407632.085927721, 80), (461056.84599601495, 5407632.073137953, 80), (461058.6811125227, 5407632.060348791, 80), (461060.5162290315, 5407632.04756023, 80), (461062.35134554113, 5407632.034772272, 80), (461064.1864620518, 5407632.021984917, 80), (461066.02157856344, 5407632.009198164, 80), (461067.8566950761, 5407631.996412015, 80), (461069.6918115897, 5407631.983626467, 80), (461071.5269281043, 5407631.970841523, 80), (461073.3620446198, 5407631.958057181, 80), (461075.1971611364, 5407631.945273443, 80), (461077.0322776539, 5407631.932490306, 80), (461078.86739417235, 5407631.919707774, 80), (461080.70251069183, 5407631.906925842, 80), (461082.53762721224, 5407631.894144515, 80), (461084.3727437337, 5407631.88136379, 80), (461086.2078602561, 5407631.868583666, 80), (461088.0429767794, 5407631.855804146, 80), (461089.87809330376, 5407631.843025229, 80), (461091.7132098291, 5407631.830246915, 80), (461093.5483263554, 5407631.817469203, 80), (461095.3834428827, 5407631.804692093, 80), (461097.2185594109, 5407631.791915588, 80), (461099.05367594014, 5407631.779139683, 80), (461100.88879247033, 5407631.7663643835, 80), (461102.7239090015, 5407631.753589684, 80), (461104.5590255337, 5407631.740815589, 80), (461106.39414206677, 5407631.728042095, 80), (461108.22925860086, 5407631.715269205, 80), (461110.06437513593, 5407631.702496917, 80), (461111.899491672, 5407631.689725233, 80), (461113.734608209, 5407631.676954151, 80), (461115.56972474704, 5407631.664183672, 80), (461117.404841286, 5407631.651413795, 80), (461119.239957826, 5407631.638644521, 80), (461121.0750743669, 5407631.625875849, 80), (461122.9101909088, 5407631.613107781, 80), (461124.7453074517, 5407631.600340315, 80), (461126.5804239955, 5407631.587573453, 80), (461128.41554054036, 5407631.574807191, 80), (461130.25065708614, 5407631.562041535, 80), (461132.085773633, 5407631.5492764795, 80), (461133.9208901807, 5407631.536512027, 80), (461135.75600672944, 5407631.523748177, 80), (461137.59112327907, 5407631.51098493, 80), (461139.4262398298, 5407631.498222287, 80), (461141.26135638147, 5407631.485460245, 80), (461143.09647293406, 5407631.472698805, 80), (461144.93158948765, 5407631.45993797, 80), (461146.7667060423, 5407631.447177737, 80), (461148.6018225978, 5407631.4344181055, 80), (461150.4369391543, 5407631.421659078, 80), (461152.27205571183, 5407631.408900653, 80), (461036.67909240315, 5407634.992887211, 80), (461038.5142079874, 5407634.980091419, 80), (461040.34932357265, 5407634.967296231, 80), (461042.1844391589, 5407634.954501645, 80), (461044.0195547461, 5407634.94170766, 80), (461045.8546703343, 5407634.92891428, 80), (461047.68978592346, 5407634.916121502, 80), (461049.5249015136, 5407634.903329326, 80), (461051.3600171047, 5407634.890537754, 80), (461053.1951326968, 5407634.877746783, 80), (461055.0302482899, 5407634.864956417, 80), (461056.86536388396, 5407634.852166653, 80), (461058.7004794789, 5407634.839377491, 80), (461060.535595075, 5407634.8265889315, 80), (461062.370710672, 5407634.813800975, 80), (461064.2058262699, 5407634.8010136215, 80), (461066.04094186885, 5407634.78822687, 80), (461067.87605746876, 5407634.775440722, 80), (461069.71117306966, 5407634.762655176, 80), (461071.5462886715, 5407634.749870233, 80), (461073.3814042743, 5407634.737085894, 80), (461075.2165198782, 5407634.724302157, 80), (461077.051635483, 5407634.711519022, 80), (461078.8867510887, 5407634.698736489, 80), (461080.7218666955, 5407634.68595456, 80), (461082.55698230315, 5407634.673173233, 80), (461084.3920979119, 5407634.66039251, 80), (461086.2272135216, 5407634.647612388, 80), (461088.0623291322, 5407634.63483287, 80), (461089.89744474384, 5407634.622053954, 80), (461091.7325603565, 5407634.609275642, 80), (461093.56767597, 5407634.596497931, 80), (461095.4027915846, 5407634.583720823, 80), (461097.2379072001, 5407634.570944319, 80), (461099.0730228166, 5407634.558168416, 80), (461100.9081384341, 5407634.545393116, 80), (461102.7432540526, 5407634.53261842, 80), (461104.578369672, 5407634.519844325, 80), (461106.4134852924, 5407634.507070835, 80), (461108.2486009138, 5407634.494297945, 80), (461110.0837165362, 5407634.48152566, 80), (461111.9188321595, 5407634.468753976, 80), (461113.7539477837, 5407634.455982896, 80), (461115.5890634091, 5407634.443212417, 80), (461117.42417903536, 5407634.430442542, 80), (461119.25929466257, 5407634.417673269, 80), (461121.09441029077, 5407634.404904599, 80), (461122.92952591996, 5407634.392136533, 80), (461124.76464155014, 5407634.379369069, 80), (461126.59975718125, 5407634.3666022075, 80), (461128.43487281335, 5407634.353835949, 80), (461130.26998844644, 5407634.341070292, 80), (461132.1051040805, 5407634.328305238, 80), (461133.9402197156, 5407634.315540787, 80), (461135.7753353516, 5407634.302776939, 80), (461137.6104509885, 5407634.290013693, 80), (461139.4455666265, 5407634.277251051, 80), (461141.28068226547, 5407634.264489011, 80), (461143.11579790537, 5407634.251727574, 80), (461144.95091354626, 5407634.238966739, 80), (461146.78602918814, 5407634.2262065075, 80), (461148.62114483095, 5407634.213446878, 80), (461150.45626047475, 5407634.200687852, 80), (461152.29137611954, 5407634.187929428, 80), (461036.6984703195, 5407637.771915904, 80), (461038.533584991, 5407637.759120114, 80), (461040.36869966355, 5407637.746324927, 80), (461042.20381433703, 5407637.733530342, 80), (461044.03892901156, 5407637.720736359, 80), (461045.874043687, 5407637.70794298, 80), (461047.7091583635, 5407637.695150204, 80), (461049.5442730409, 5407637.68235803, 80), (461051.3793877193, 5407637.669566458, 80), (461053.21450239874, 5407637.65677549, 80), (461055.0496170791, 5407637.643985124, 80), (461056.88473176036, 5407637.631195362, 80), (461058.7198464427, 5407637.618406202, 80), (461060.55496112606, 5407637.605617644, 80), (461062.39007581025, 5407637.592829688, 80), (461064.2251904955, 5407637.580042336, 80), (461066.0603051817, 5407637.567255587, 80), (461067.89541986893, 5407637.55446944, 80), (461069.7305345571, 5407637.5416838955, 80), (461071.5656492462, 5407637.528898954, 80), (461073.40076393634, 5407637.516114617, 80), (461075.23587862746, 5407637.503330881, 80), (461077.07099331956, 5407637.490547747, 80), (461078.9061080126, 5407637.4777652165, 80), (461080.7412227066, 5407637.464983288, 80), (461082.5763374016, 5407637.452201963, 80), (461084.4114520976, 5407637.439421241, 80), (461086.2465667945, 5407637.4266411215, 80), (461088.08168149245, 5407637.413861604, 80), (461089.91679619136, 5407637.401082689, 80), (461091.75191089127, 5407637.388304378, 80), (461093.58702559216, 5407637.375526669, 80), (461095.422140294, 5407637.3627495635, 80), (461097.2572549968, 5407637.349973059, 80), (461099.09236970055, 5407637.3371971585, 80), (461100.92748440534, 5407637.324421861, 80), (461102.76259911107, 5407637.311647166, 80), (461104.5977138178, 5407637.298873073, 80), (461106.4328285255, 5407637.286099583, 80), (461108.2679432342, 5407637.273326695, 80), (461110.1030579438, 5407637.260554411, 80), (461111.93817265437, 5407637.24778273, 80), (461113.77328736597, 5407637.23501165, 80), (461115.60840207856, 5407637.222241175, 80), (461117.44351679215, 5407637.2094713, 80), (461119.27863150666, 5407637.196702029, 80), (461121.1137462221, 5407637.183933361, 80), (461122.9488609386, 5407637.171165295, 80), (461124.783975656, 5407637.158397832, 80), (461126.61909037444, 5407637.145630972, 80), (461128.45420509385, 5407637.132864715, 80), (461130.2893198142, 5407637.12009906, 80), (461132.12443453557, 5407637.107334008, 80), (461133.9595492579, 5407637.094569558, 80), (461135.7946639812, 5407637.081805712, 80), (461137.6297787054, 5407637.069042468, 80), (461139.4648934307, 5407637.056279827, 80), (461141.3000081569, 5407637.043517789, 80), (461143.13512288406, 5407637.0307563525, 80), (461144.97023761226, 5407637.01799552, 80), (461146.80535234144, 5407637.00523529, 80), (461148.64046707156, 5407636.992475662, 80), (461150.4755818026, 5407636.979716636, 80), (461152.3106965347, 5407636.966958213, 80), (461036.7178482433, 5407640.5509446105, 80), (461038.5529620021, 5407640.538148822, 80), (461040.38807576196, 5407640.525353636, 80), (461042.22318952275, 5407640.512559053, 80), (461044.0583032845, 5407640.499765072, 80), (461045.8934170473, 5407640.486971694, 80), (461047.72853081103, 5407640.47417892, 80), (461049.5636445757, 5407640.461386747, 80), (461051.3987583414, 5407640.448595178, 80), (461053.2338721081, 5407640.435804212, 80), (461055.0689858757, 5407640.423013846, 80), (461056.90409964434, 5407640.410224085, 80), (461058.7392134139, 5407640.397434927, 80), (461060.5743271845, 5407640.38464637, 80), (461062.4094409561, 5407640.371858416, 80), (461064.24455472856, 5407640.359071066, 80), (461066.07966850203, 5407640.346284318, 80), (461067.91478227655, 5407640.333498172, 80), (461069.749896052, 5407640.32071263, 80), (461071.58500982844, 5407640.3079276895, 80), (461073.4201236058, 5407640.295143352, 80), (461075.25523738423, 5407640.282359618, 80), (461077.0903511636, 5407640.269576486, 80), (461078.9254649439, 5407640.256793957, 80), (461080.7605787252, 5407640.244012031, 80), (461082.59569250746, 5407640.231230707, 80), (461084.43080629077, 5407640.218449987, 80), (461086.265920075, 5407640.205669868, 80), (461088.10103386024, 5407640.192890353, 80), (461089.9361476464, 5407640.18011144, 80), (461091.7712614336, 5407640.16733313, 80), (461093.60637522175, 5407640.154555422, 80), (461095.4414890108, 5407640.141778316, 80), (461097.27660280094, 5407640.129001816, 80), (461099.111716592, 5407640.116225917, 80), (461100.9468303841, 5407640.10345062, 80), (461102.7819441771, 5407640.090675927, 80), (461104.6170579711, 5407640.077901835, 80), (461106.452171766, 5407640.065128346, 80), (461108.287285562, 5407640.052355461, 80), (461110.1223993589, 5407640.039583177, 80), (461111.9575131568, 5407640.026811497, 80), (461113.79262695566, 5407640.014040419, 80), (461115.62774075556, 5407640.001269944, 80), (461117.4628545564, 5407639.988500072, 80), (461119.29796835815, 5407639.975730802, 80), (461121.13308216096, 5407639.962962136, 80), (461122.9681959647, 5407639.950194072, 80), (461124.8033097694, 5407639.93742661, 80), (461126.63842357515, 5407639.924659751, 80), (461128.4735373818, 5407639.911893495, 80), (461130.30865118944, 5407639.899127842, 80), (461132.1437649981, 5407639.886362791, 80), (461133.9788788077, 5407639.873598344, 80), (461135.81399261823, 5407639.860834499, 80), (461137.6491064298, 5407639.848071256, 80), (461139.48422024236, 5407639.835308616, 80), (461141.3193340558, 5407639.822546579, 80), (461143.1544478703, 5407639.809785145, 80), (461144.98956168577, 5407639.797024313, 80), (461146.8246755022, 5407639.784264084, 80), (461148.6597893196, 5407639.771504458, 80), (461150.49490313797, 5407639.758745436, 80), (461152.3300169573, 5407639.745987015, 80), (461036.73722617456, 5407643.329973325, 80), (461038.57233902067, 5407643.317177539, 80), (461040.40745186777, 5407643.304382355, 80), (461042.24256471585, 5407643.291587774, 80), (461044.0776775649, 5407643.278793793, 80), (461045.91279041494, 5407643.266000418, 80), (461047.747903266, 5407643.253207644, 80), (461049.583016118, 5407643.240415473, 80), (461051.4181289709, 5407643.227623905, 80), (461053.2532418249, 5407643.214832939, 80), (461055.0883546798, 5407643.202042578, 80), (461056.9234675357, 5407643.189252817, 80), (461058.7585803926, 5407643.176463659, 80), (461060.59369325044, 5407643.163675104, 80), (461062.42880610924, 5407643.150887152, 80), (461064.2639189691, 5407643.138099803, 80), (461066.09903182986, 5407643.125313056, 80), (461067.9341446916, 5407643.112526912, 80), (461069.7692575544, 5407643.099741372, 80), (461071.60437041806, 5407643.086956432, 80), (461073.43948328274, 5407643.074172097, 80), (461075.27459614846, 5407643.061388365, 80), (461077.10970901506, 5407643.048605234, 80), (461078.94482188264, 5407643.035822706, 80), (461080.7799347513, 5407643.023040782, 80), (461082.61504762084, 5407643.01025946, 80), (461084.4501604914, 5407642.997478739, 80), (461086.2852733629, 5407642.9846986225, 80), (461088.12038623536, 5407642.97191911, 80), (461089.9554991089, 5407642.959140198, 80), (461091.79061198334, 5407642.94636189, 80), (461093.6257248588, 5407642.9335841825, 80), (461095.46083773515, 5407642.92080708, 80), (461097.2959506125, 5407642.908030579, 80), (461099.1310634909, 5407642.895254683, 80), (461100.9661763702, 5407642.882479386, 80), (461102.80128925055, 5407642.8697046945, 80), (461104.6364021318, 5407642.856930605, 80), (461106.47151501407, 5407642.844157117, 80), (461108.3066278973, 5407642.831384233, 80), (461110.1417407815, 5407642.8186119525, 80), (461111.97685366665, 5407642.805840273, 80), (461113.8119665528, 5407642.793069197, 80), (461115.64707943995, 5407642.780298724, 80), (461117.4821923281, 5407642.767528852, 80), (461119.31730521715, 5407642.754759585, 80), (461121.1524181072, 5407642.74199092, 80), (461122.98753099825, 5407642.729222856, 80), (461124.8226438903, 5407642.716455396, 80), (461126.65775678324, 5407642.70368854, 80), (461128.4928696772, 5407642.6909222845, 80), (461130.32798257214, 5407642.678156634, 80), (461132.1630954681, 5407642.665391585, 80), (461133.99820836494, 5407642.6526271375, 80), (461135.8333212628, 5407642.639863295, 80), (461137.66843416163, 5407642.627100052, 80), (461139.50354706147, 5407642.6143374145, 80), (461141.33865996223, 5407642.601575379, 80), (461143.173772864, 5407642.588813946, 80), (461145.0088857667, 5407642.5760531165, 80), (461146.84399867046, 5407642.563292889, 80), (461148.6791115751, 5407642.550533264, 80), (461150.5142244808, 5407642.5377742415, 80), (461152.34933738736, 5407642.525015823, 80), (461036.7566041134, 5407646.1090020565, 80), (461038.59171604674, 5407646.096206271, 80), (461040.42682798114, 5407646.083411089, 80), (461042.2619399165, 5407646.070616508, 80), (461044.09705185285, 5407646.057822531, 80), (461045.93216379016, 5407646.045029156, 80), (461047.76727572846, 5407646.032236384, 80), (461049.60238766775, 5407646.019444214, 80), (461051.437499608, 5407646.006652648, 80), (461053.27261154924, 5407645.993861683, 80), (461055.10772349144, 5407645.981071322, 80), (461056.9428354346, 5407645.968281564, 80), (461058.7779473787, 5407645.955492407, 80), (461060.6130593239, 5407645.942703854, 80), (461062.44817127, 5407645.929915905, 80), (461064.2832832171, 5407645.917128556, 80), (461066.11839516513, 5407645.904341811, 80), (461067.9535071142, 5407645.891555668, 80), (461069.7886190642, 5407645.87877013, 80), (461071.6237310152, 5407645.865985192, 80), (461073.4588429672, 5407645.8532008575, 80), (461075.29395492014, 5407645.840417125, 80), (461077.12906687404, 5407645.827633997, 80), (461078.96417882893, 5407645.814851472, 80), (461080.7992907848, 5407645.8020695485, 80), (461082.6344027417, 5407645.789288227, 80), (461084.4695146995, 5407645.77650751, 80), (461086.3046266583, 5407645.763727394, 80), (461088.13973861805, 5407645.7509478815, 80), (461089.9748505788, 5407645.738168972, 80), (461091.8099625406, 5407645.725390665, 80), (461093.64507450326, 5407645.7126129605, 80), (461095.48018646694, 5407645.699835858, 80), (461097.3152984316, 5407645.68705936, 80), (461099.1504103972, 5407645.6742834635, 80), (461100.98552236386, 5407645.66150817, 80), (461102.82063433144, 5407645.648733479, 80), (461104.6557463, 5407645.63595939, 80), (461106.4908582695, 5407645.623185905, 80), (461108.32597024005, 5407645.610413021, 80), (461110.16108221153, 5407645.597640741, 80), (461111.996194184, 5407645.584869065, 80), (461113.8313061574, 5407645.572097989, 80), (461115.66641813185, 5407645.559327518, 80), (461117.5015301073, 5407645.546557648, 80), (461119.33664208365, 5407645.533788381, 80), (461121.17175406095, 5407645.521019718, 80), (461123.0068660393, 5407645.508251657, 80), (461124.8419780186, 5407645.495484198, 80), (461126.67708999885, 5407645.482717343, 80), (461128.51220198005, 5407645.469951089, 80), (461130.3473139623, 5407645.457185439, 80), (461132.18242594553, 5407645.444420392, 80), (461134.0175379297, 5407645.431655947, 80), (461135.8526499148, 5407645.418892105, 80), (461137.6877619009, 5407645.406128865, 80), (461139.522873888, 5407645.393366229, 80), (461141.35798587603, 5407645.380604194, 80), (461143.1930978651, 5407645.367842763, 80), (461145.02820985514, 5407645.3550819345, 80), (461146.8633218461, 5407645.342321709, 80), (461148.6984338381, 5407645.329562085, 80), (461150.53354583104, 5407645.316803064, 80), (461152.36865782493, 5407645.304044647, 80), (461036.7759820596, 5407648.888030798, 80), (461038.61109308025, 5407648.875235014, 80), (461040.44620410196, 5407648.862439832, 80), (461042.2813151246, 5407648.849645253, 80), (461044.1164261482, 5407648.836851277, 80), (461045.95153717283, 5407648.824057904, 80), (461047.7866481984, 5407648.811265132, 80), (461049.621759225, 5407648.798472966, 80), (461051.4568702525, 5407648.7856813995, 80), (461053.291981281, 5407648.772890437, 80), (461055.12709231046, 5407648.760100078, 80), (461056.96220334095, 5407648.74731032, 80), (461058.7973143724, 5407648.734521166, 80), (461060.63242540485, 5407648.721732614, 80), (461062.4675364382, 5407648.708944665, 80), (461064.3026474726, 5407648.6961573195, 80), (461066.1377585079, 5407648.683370575, 80), (461067.97286954423, 5407648.670584435, 80), (461069.80798058154, 5407648.657798897, 80), (461071.6430916198, 5407648.64501396, 80), (461073.47820265905, 5407648.632229627, 80), (461075.3133136993, 5407648.619445899, 80), (461077.1484247405, 5407648.606662771, 80), (461078.98353578267, 5407648.593880245, 80), (461080.81864682585, 5407648.581098325, 80), (461082.65375786996, 5407648.5683170045, 80), (461084.48886891507, 5407648.555536289, 80), (461086.32397996116, 5407648.542756175, 80), (461088.1590910082, 5407648.529976664, 80), (461089.99420205626, 5407648.517197755, 80), (461091.82931310526, 5407648.50441945, 80), (461093.66442415526, 5407648.491641747, 80), (461095.49953520624, 5407648.478864646, 80), (461097.33464625815, 5407648.466088148, 80), (461099.16975731106, 5407648.4533122545, 80), (461101.00486836495, 5407648.440536962, 80), (461102.83997941983, 5407648.427762273, 80), (461104.6750904757, 5407648.414988185, 80), (461106.5102015325, 5407648.402214701, 80), (461108.3453125903, 5407648.38944182, 80), (461110.1804236491, 5407648.376669543, 80), (461112.0155347088, 5407648.363897866, 80), (461113.8506457695, 5407648.351126794, 80), (461115.68575683126, 5407648.338356322, 80), (461117.52086789394, 5407648.325586454, 80), (461119.35597895755, 5407648.312817189, 80), (461121.19109002216, 5407648.300048525, 80), (461123.02620108775, 5407648.287280466, 80), (461124.86131215433, 5407648.274513009, 80), (461126.6964232219, 5407648.261746156, 80), (461128.5315342904, 5407648.248979904, 80), (461130.3666453599, 5407648.236214256, 80), (461132.2017564304, 5407648.223449209, 80), (461134.03686750185, 5407648.210684766, 80), (461135.87197857426, 5407648.197920925, 80), (461137.70708964765, 5407648.185157687, 80), (461139.54220072203, 5407648.172395052, 80), (461141.37731179735, 5407648.159633019, 80), (461143.2124228737, 5407648.146871589, 80), (461145.047533951, 5407648.134110761, 80), (461146.8826450293, 5407648.121350537, 80), (461148.7177561085, 5407648.108590916, 80), (461150.55286718876, 5407648.095831896, 80), (461152.38797826995, 5407648.08307348, 80), (461036.7953600134, 5407651.667059551, 80), (461038.63047012134, 5407651.65426377, 80), (461040.46558023023, 5407651.641468589, 80), (461042.30069034017, 5407651.628674012, 80), (461044.13580045104, 5407651.615880038, 80), (461045.97091056296, 5407651.603086665, 80), (461047.8060206758, 5407651.590293896, 80), (461049.64113078965, 5407651.577501729, 80), (461051.4762409045, 5407651.564710166, 80), (461053.3113510203, 5407651.551919205, 80), (461055.14646113705, 5407651.539128847, 80), (461056.9815712548, 5407651.526339091, 80), (461058.81668137346, 5407651.513549938, 80), (461060.65179149323, 5407651.500761387, 80), (461062.4869016139, 5407651.48797344, 80), (461064.3220117355, 5407651.475186096, 80), (461066.15712185815, 5407651.462399354, 80), (461067.99223198177, 5407651.449613215, 80), (461069.8273421063, 5407651.436827677, 80), (461071.66245223186, 5407651.424042744, 80), (461073.4975623584, 5407651.411258412, 80), (461075.33267248597, 5407651.398474684, 80), (461077.1677826144, 5407651.385691558, 80), (461079.00289274385, 5407651.372909035, 80), (461080.8380028743, 5407651.360127114, 80), (461082.6731130057, 5407651.347345796, 80), (461084.5082231381, 5407651.334565082, 80), (461086.34333327145, 5407651.321784969, 80), (461088.1784434058, 5407651.309005459, 80), (461090.01355354115, 5407651.296226553, 80), (461091.84866367746, 5407651.283448248, 80), (461093.6837738147, 5407651.270670546, 80), (461095.51888395293, 5407651.257893448, 80), (461097.35399409215, 5407651.245116951, 80), (461099.18910423236, 5407651.232341059, 80), (461101.02421437355, 5407651.219565768, 80), (461102.85932451574, 5407651.206791081, 80), (461104.69443465886, 5407651.194016995, 80), (461106.5295448029, 5407651.181243512, 80), (461108.364654948, 5407651.168470632, 80), (461110.1997650941, 5407651.155698355, 80), (461112.03487524105, 5407651.142926681, 80), (461113.86998538906, 5407651.13015561, 80), (461115.70509553805, 5407651.117385141, 80), (461117.54020568804, 5407651.104615273, 80), (461119.37531583896, 5407651.09184601, 80), (461121.21042599087, 5407651.079077348, 80), (461123.04553614376, 5407651.066309291, 80), (461124.8806462976, 5407651.053541835, 80), (461126.7157564524, 5407651.040774982, 80), (461128.5508666082, 5407651.028008732, 80), (461130.38597676496, 5407651.015243085, 80), (461132.2210869228, 5407651.00247804, 80), (461134.0561970815, 5407650.989713599, 80), (461135.89130724117, 5407650.976949759, 80), (461137.72641740186, 5407650.964186523, 80), (461139.56152756355, 5407650.951423889, 80), (461141.39663772617, 5407650.938661858, 80), (461143.2317478897, 5407650.9259004295, 80), (461145.0668580543, 5407650.913139604, 80), (461146.9019682199, 5407650.90037938, 80), (461148.7370783864, 5407650.88761976, 80), (461150.5721885539, 5407650.874860743, 80), (461152.40729872236, 5407650.862102327, 80), (461036.81473797455, 5407654.446088319, 80), (461038.6498471698, 5407654.433292537, 80), (461040.484956366, 5407654.420497359, 80), (461042.32006556325, 5407654.407702783, 80), (461044.1551747614, 5407654.39490881, 80), (461045.9902839606, 5407654.3821154395, 80), (461047.82539316075, 5407654.369322672, 80), (461049.66050236183, 5407654.356530507, 80), (461051.4956115639, 5407654.343738944, 80), (461053.33072076703, 5407654.330947985, 80), (461055.1658299711, 5407654.318157628, 80), (461057.00093917607, 5407654.305367873, 80), (461058.83604838204, 5407654.292578722, 80), (461060.67115758907, 5407654.279790173, 80), (461062.506266797, 5407654.267002228, 80), (461064.34137600596, 5407654.254214884, 80), (461066.17648521584, 5407654.241428143, 80), (461068.01159442676, 5407654.2286420055, 80), (461069.8467036386, 5407654.21585647, 80), (461071.6818128514, 5407654.203071537, 80), (461073.51692206523, 5407654.190287207, 80), (461075.35203128005, 5407654.1775034815, 80), (461077.1871404958, 5407654.164720356, 80), (461079.02224971255, 5407654.151937835, 80), (461080.8573589303, 5407654.139155916, 80), (461082.69246814895, 5407654.1263745995, 80), (461084.52757736866, 5407654.113593886, 80), (461086.36268658924, 5407654.100813775, 80), (461088.1977958109, 5407654.088034268, 80), (461090.0329050335, 5407654.075255361, 80), (461091.8680142571, 5407654.062477059, 80), (461093.70312348165, 5407654.049699359, 80), (461095.5382327072, 5407654.036922262, 80), (461097.37334193365, 5407654.024145767, 80), (461099.20845116116, 5407654.011369875, 80), (461101.0435603896, 5407653.998594586, 80), (461102.87866961904, 5407653.985819899, 80), (461104.71377884946, 5407653.973045816, 80), (461106.5488880808, 5407653.9602723345, 80), (461108.3839973132, 5407653.947499456, 80), (461110.2191065465, 5407653.934727181, 80), (461112.0542157808, 5407653.921955507, 80), (461113.88932501606, 5407653.909184437, 80), (461115.72443425236, 5407653.89641397, 80), (461117.5595434896, 5407653.883644105, 80), (461119.3946527278, 5407653.870874843, 80), (461121.22976196697, 5407653.858106183, 80), (461123.06487120717, 5407653.845338127, 80), (461124.8999804483, 5407653.832570673, 80), (461126.73508969037, 5407653.819803821, 80), (461128.5701989335, 5407653.807037573, 80), (461130.4053081775, 5407653.794271926, 80), (461132.2404174226, 5407653.781506883, 80), (461134.0755266686, 5407653.768742442, 80), (461135.9106359156, 5407653.755978606, 80), (461137.7457451635, 5407653.74321537, 80), (461139.58085441246, 5407653.730452738, 80), (461141.4159636624, 5407653.717690708, 80), (461143.25107291323, 5407653.704929281, 80), (461145.08618216513, 5407653.692168457, 80), (461146.92129141797, 5407653.6794082355, 80), (461148.7564006718, 5407653.666648617, 80), (461150.59150992654, 5407653.653889601, 80), (461152.4266191823, 5407653.641131187, 80), (461036.8341159433, 5407657.225117096, 80), (461038.6692242258, 5407657.212321316, 80), (461040.5043325093, 5407657.19952614, 80), (461042.33944079373, 5407657.186731564, 80), (461044.1745490792, 5407657.173937593, 80), (461046.0096573657, 5407657.161144223, 80), (461047.84476565314, 5407657.148351458, 80), (461049.6798739415, 5407657.135559293, 80), (461051.51498223084, 5407657.122767733, 80), (461053.3500905213, 5407657.109976775, 80), (461055.18519881257, 5407657.097186419, 80), (461057.02030710486, 5407657.084396668, 80), (461058.85541539814, 5407657.071607517, 80), (461060.6905236924, 5407657.05881897, 80), (461062.52563198766, 5407657.046031025, 80), (461064.36074028385, 5407657.033243683, 80), (461066.19584858103, 5407657.020456945, 80), (461068.0309568792, 5407657.007670808, 80), (461069.86606517836, 5407656.994885274, 80), (461071.70117347845, 5407656.982100343, 80), (461073.5362817795, 5407656.969316015, 80), (461075.37139008165, 5407656.956532289, 80), (461077.2064983847, 5407656.943749166, 80), (461079.0416066887, 5407656.9309666455, 80), (461080.8767149937, 5407656.918184727, 80), (461082.71182329964, 5407656.905403414, 80), (461084.5469316066, 5407656.892622701, 80), (461086.38203991455, 5407656.879842592, 80), (461088.2171482234, 5407656.867063086, 80), (461090.05225653335, 5407656.854284182, 80), (461091.8873648442, 5407656.8415058805, 80), (461093.722473156, 5407656.828728181, 80), (461095.55758146883, 5407656.815951086, 80), (461097.3926897826, 5407656.803174592, 80), (461099.22779809736, 5407656.790398703, 80), (461101.0629064131, 5407656.777623415, 80), (461102.89801472984, 5407656.76484873, 80), (461104.7331230475, 5407656.752074648, 80), (461106.56823136617, 5407656.739301167, 80), (461108.4033396858, 5407656.726528291, 80), (461110.23844800645, 5407656.713756016, 80), (461112.073556328, 5407656.700984345, 80), (461113.9086646506, 5407656.688213277, 80), (461115.7437729741, 5407656.675442809, 80), (461117.57888129866, 5407656.662672947, 80), (461119.4139896241, 5407656.649903687, 80), (461121.2490979506, 5407656.637135028, 80), (461123.084206278, 5407656.624366973, 80), (461124.91931460646, 5407656.611599521, 80), (461126.75442293583, 5407656.598832671, 80), (461128.5895312662, 5407656.586066424, 80), (461130.42463959754, 5407656.573300779, 80), (461132.2597479299, 5407656.560535737, 80), (461134.0948562632, 5407656.547771298, 80), (461135.92996459745, 5407656.535007463, 80), (461137.76507293264, 5407656.522244229, 80), (461139.6001812689, 5407656.509481598, 80), (461141.4352896061, 5407656.49671957, 80), (461143.27039794426, 5407656.483958145, 80), (461145.10550628335, 5407656.471197321, 80), (461146.9406146235, 5407656.458437102, 80), (461148.7757229646, 5407656.445677483, 80), (461150.61083130667, 5407656.432918469, 80), (461152.44593964965, 5407656.420160057, 80), (461036.8534939194, 5407660.004145887, 80), (461038.68860128924, 5407659.991350107, 80), (461040.52370866004, 5407659.9785549315, 80), (461042.3588160318, 5407659.965760359, 80), (461044.19392340456, 5407659.952966388, 80), (461046.02903077827, 5407659.9401730215, 80), (461047.864138153, 5407659.927380257, 80), (461049.69924552867, 5407659.914588096, 80), (461051.5343529053, 5407659.901796535, 80), (461053.36946028296, 5407659.889005577, 80), (461055.2045676615, 5407659.876215225, 80), (461057.0396750411, 5407659.863425474, 80), (461058.8747824217, 5407659.850636326, 80), (461060.70988980326, 5407659.8378477795, 80), (461062.54499718576, 5407659.825059837, 80), (461064.38010456925, 5407659.812272496, 80), (461066.2152119537, 5407659.799485759, 80), (461068.05031933915, 5407659.786699623, 80), (461069.88542672555, 5407659.77391409, 80), (461071.72053411294, 5407659.761129161, 80), (461073.5556415013, 5407659.748344835, 80), (461075.3907488907, 5407659.73556111, 80), (461077.22585628106, 5407659.722777989, 80), (461079.06096367235, 5407659.709995471, 80), (461080.8960710646, 5407659.697213555, 80), (461082.73117845785, 5407659.68443224, 80), (461084.5662858521, 5407659.671651531, 80), (461086.4013932473, 5407659.658871422, 80), (461088.2365006435, 5407659.646091917, 80), (461090.07160804066, 5407659.633313014, 80), (461091.9067154388, 5407659.620534715, 80), (461093.7418228379, 5407659.607757018, 80), (461095.576930238, 5407659.594979923, 80), (461097.412037639, 5407659.582203431, 80), (461099.24714504107, 5407659.569427543, 80), (461101.0822524441, 5407659.556652256, 80), (461102.9173598481, 5407659.543877573, 80), (461104.75246725307, 5407659.531103492, 80), (461106.587574659, 5407659.518330014, 80), (461108.4226820659, 5407659.5055571385, 80), (461110.2577894738, 5407659.492784866, 80), (461112.0928968827, 5407659.480013196, 80), (461113.9280042925, 5407659.467242128, 80), (461115.76311170333, 5407659.4544716645, 80), (461117.59821911517, 5407659.441701802, 80), (461119.43332652794, 5407659.428932543, 80), (461121.26843394164, 5407659.416163887, 80), (461123.1035413564, 5407659.403395832, 80), (461124.9386487721, 5407659.390628382, 80), (461126.77375618875, 5407659.377861533, 80), (461128.6088636064, 5407659.365095288, 80), (461130.443971025, 5407659.352329644, 80), (461132.27907844464, 5407659.339564606, 80), (461134.1141858652, 5407659.326800168, 80), (461135.9492932867, 5407659.314036332, 80), (461137.78440070926, 5407659.3012731, 80), (461139.61950813275, 5407659.288510471, 80), (461141.4546155572, 5407659.275748445, 80), (461143.2897229827, 5407659.26298702, 80), (461145.12483040907, 5407659.250226199, 80), (461146.9599378365, 5407659.23746598, 80), (461148.7950452649, 5407659.224706365, 80), (461150.6301526942, 5407659.211947351, 80), (461152.46526012453, 5407659.19918894, 80), (461036.8728719031, 5407662.783174686, 80), (461038.7079783602, 5407662.770378911, 80), (461040.54308481823, 5407662.7575837355, 80), (461042.37819127727, 5407662.744789164, 80), (461044.2132977373, 5407662.731995196, 80), (461046.0484041983, 5407662.719201829, 80), (461047.8835106603, 5407662.706409066, 80), (461049.71861712326, 5407662.693616906, 80), (461051.5537235872, 5407662.680825348, 80), (461053.3888300521, 5407662.668034393, 80), (461055.22393651796, 5407662.655244041, 80), (461057.05904298485, 5407662.642454291, 80), (461058.8941494527, 5407662.629665144, 80), (461060.72925592156, 5407662.616876599, 80), (461062.5643623913, 5407662.604088658, 80), (461064.3994688621, 5407662.591301319, 80), (461066.23457533383, 5407662.5785145825, 80), (461068.06968180655, 5407662.56572845, 80), (461069.90478828026, 5407662.552942919, 80), (461071.73989475495, 5407662.5401579905, 80), (461073.5750012306, 5407662.527373665, 80), (461075.41010770726, 5407662.514589943, 80), (461077.24521418486, 5407662.501806823, 80), (461079.0803206634, 5407662.489024305, 80), (461080.915427143, 5407662.476242391, 80), (461082.7505336235, 5407662.463461079, 80), (461084.585640105, 5407662.4506803695, 80), (461086.4207465875, 5407662.437900263, 80), (461088.25585307094, 5407662.42512076, 80), (461090.0909595554, 5407662.412341858, 80), (461091.9260660408, 5407662.39956356, 80), (461093.7611725272, 5407662.386785865, 80), (461095.5962790146, 5407662.374008772, 80), (461097.4313855029, 5407662.361232281, 80), (461099.2664919922, 5407662.348456394, 80), (461101.1015984825, 5407662.335681109, 80), (461102.9367049738, 5407662.322906428, 80), (461104.7718114661, 5407662.310132347, 80), (461106.6069179593, 5407662.2973588705, 80), (461108.4420244535, 5407662.284585997, 80), (461110.27713094867, 5407662.271813726, 80), (461112.1122374448, 5407662.259042058, 80), (461113.9473439419, 5407662.246270992, 80), (461115.78245044005, 5407662.233500529, 80), (461117.61755693913, 5407662.220730668, 80), (461119.45266343915, 5407662.20796141, 80), (461121.28776994016, 5407662.195192755, 80), (461123.1228764422, 5407662.182424704, 80), (461124.95798294514, 5407662.169657254, 80), (461126.7930894491, 5407662.156890407, 80), (461128.628195954, 5407662.144124162, 80), (461130.4633024599, 5407662.131358522, 80), (461132.29840896686, 5407662.118593483, 80), (461134.1335154747, 5407662.105829046, 80), (461135.9686219835, 5407662.0930652125, 80), (461137.8037284933, 5407662.080301982, 80), (461139.63883500407, 5407662.067539355, 80), (461141.47394151584, 5407662.05477733, 80), (461143.30904802855, 5407662.042015906, 80), (461145.14415454224, 5407662.029255087, 80), (461146.9792610569, 5407662.016494869, 80), (461148.8143675726, 5407662.003735255, 80), (461150.6494740892, 5407661.990976244, 80), (461152.4845806068, 5407661.978217835, 80), (461036.89224989427, 5407665.5622034995, 80), (461038.72735543863, 5407665.549407724, 80), (461040.5624609839, 5407665.536612553, 80), (461042.3975665303, 5407665.5238179825, 80), (461044.23267207755, 5407665.511024015, 80), (461046.06777762587, 5407665.498230651, 80), (461047.9028831751, 5407665.485437889, 80), (461049.73798872536, 5407665.472645729, 80), (461051.57309427654, 5407665.4598541735, 80), (461053.40819982876, 5407665.44706322, 80), (461055.2433053819, 5407665.4342728695, 80), (461057.07841093605, 5407665.421483121, 80), (461058.9135164912, 5407665.408693976, 80), (461060.7486220473, 5407665.395905432, 80), (461062.58372760436, 5407665.383117492, 80), (461064.4188331624, 5407665.370330155, 80), (461066.25393872143, 5407665.35754342, 80), (461068.08904428146, 5407665.344757288, 80), (461069.9241498424, 5407665.331971759, 80), (461071.75925540435, 5407665.319186832, 80), (461073.5943609673, 5407665.306402507, 80), (461075.42946653126, 5407665.293618787, 80), (461077.2645720961, 5407665.280835668, 80), (461079.09967766196, 5407665.268053153, 80), (461080.9347832288, 5407665.255271239, 80), (461082.7698887966, 5407665.24248993, 80), (461084.6049943654, 5407665.229709221, 80), (461086.44009993516, 5407665.216929116, 80), (461088.2752055059, 5407665.204149614, 80), (461090.1103110777, 5407665.191370714, 80), (461091.9454166504, 5407665.178592418, 80), (461093.780522224, 5407665.165814724, 80), (461095.61562779866, 5407665.153037632, 80), (461097.4507333743, 5407665.140261144, 80), (461099.2858389509, 5407665.1274852585, 80), (461101.1209445285, 5407665.114709975, 80), (461102.956050107, 5407665.1019352935, 80), (461104.79115568654, 5407665.089161216, 80), (461106.626261267, 5407665.076387741, 80), (461108.46136684855, 5407665.063614869, 80), (461110.296472431, 5407665.050842598, 80), (461112.1315780144, 5407665.038070932, 80), (461113.96668359876, 5407665.025299867, 80), (461115.80178918416, 5407665.012529406, 80), (461117.63689477055, 5407664.999759546, 80), (461119.47200035787, 5407664.986990291, 80), (461121.3071059462, 5407664.974221637, 80), (461123.1422115355, 5407664.961453586, 80), (461124.9773171257, 5407664.948686138, 80), (461126.81242271693, 5407664.935919293, 80), (461128.64752830914, 5407664.923153049, 80), (461130.4826339023, 5407664.91038741, 80), (461132.31773949653, 5407664.897622373, 80), (461134.15284509165, 5407664.884857938, 80), (461135.9879506877, 5407664.872094107, 80), (461137.8230562848, 5407664.859330877, 80), (461139.6581618829, 5407664.84656825, 80), (461141.4932674819, 5407664.833806227, 80), (461143.32837308187, 5407664.821044806, 80), (461145.16347868287, 5407664.808283987, 80), (461146.99858428485, 5407664.795523772, 80), (461148.8336898878, 5407664.78276416, 80), (461150.6687954917, 5407664.770005149, 80), (461152.5039010965, 5407664.757246741, 80), (461036.91162789287, 5407668.341232325, 80), (461038.7467325245, 5407668.328436552, 80), (461040.58183715714, 5407668.315641381, 80), (461042.4169417907, 5407668.302846812, 80), (461044.2520464253, 5407668.290052846, 80), (461046.08715106087, 5407668.277259483, 80), (461047.9222556974, 5407668.2644667225, 80), (461049.7573603349, 5407668.2516745655, 80), (461051.5924649734, 5407668.23888301, 80), (461053.4275696129, 5407668.226092058, 80), (461055.2626742533, 5407668.213301709, 80), (461057.0977788947, 5407668.200511961, 80), (461058.93288353714, 5407668.187722818, 80), (461060.76798818057, 5407668.174934276, 80), (461062.60309282487, 5407668.162146338, 80), (461064.4381974702, 5407668.149359002, 80), (461066.2733021165, 5407668.136572269, 80), (461068.1084067638, 5407668.123786139, 80), (461069.9435114121, 5407668.1110006105, 80), (461071.77861606126, 5407668.098215685, 80), (461073.6137207115, 5407668.0854313625, 80), (461075.4488253627, 5407668.072647642, 80), (461077.2839300149, 5407668.059864526, 80), (461079.119034668, 5407668.0470820125, 80), (461080.9541393221, 5407668.034300101, 80), (461082.78924397717, 5407668.021518791, 80), (461084.6243486333, 5407668.008738085, 80), (461086.4594532903, 5407667.995957981, 80), (461088.29455794836, 5407667.9831784805, 80), (461090.12966260733, 5407667.970399583, 80), (461091.96476726735, 5407667.9576212885, 80), (461093.7998719283, 5407667.944843595, 80), (461095.6349765902, 5407667.932066505, 80), (461097.4700812531, 5407667.919290018, 80), (461099.30518591695, 5407667.906514133, 80), (461101.14029058185, 5407667.893738851, 80), (461102.9753952477, 5407667.880964171, 80), (461104.81049991446, 5407667.868190096, 80), (461106.64560458227, 5407667.855416623, 80), (461108.480709251, 5407667.842643751, 80), (461110.31581392075, 5407667.829871483, 80), (461112.1509185914, 5407667.817099817, 80), (461113.98602326313, 5407667.804328755, 80), (461115.8211279358, 5407667.791558294, 80), (461117.6562326095, 5407667.778788436, 80), (461119.49133728404, 5407667.766019181, 80), (461121.3264419596, 5407667.75325053, 80), (461123.1615466362, 5407667.74048248, 80), (461124.99665131373, 5407667.727715033, 80), (461126.8317559922, 5407667.71494819, 80), (461128.6668606717, 5407667.702181949, 80), (461130.50196535216, 5407667.689416311, 80), (461132.33707003365, 5407667.676651275, 80), (461134.172174716, 5407667.663886841, 80), (461136.00727939943, 5407667.6511230115, 80), (461137.8423840838, 5407667.638359783, 80), (461139.6774887691, 5407667.625597158, 80), (461141.51259345544, 5407667.612835136, 80), (461143.3476981427, 5407667.600073717, 80), (461145.182802831, 5407667.5873128995, 80), (461147.01790752023, 5407667.574552686, 80), (461148.85301221046, 5407667.561793075, 80), (461150.6881169016, 5407667.549034066, 80), (461152.52322159376, 5407667.536275659, 80)],
        10: [(461035.69082858914, 5407493.262439764, 80), (461037.52599072154, 5407493.249643898, 80), (461039.36115285486, 5407493.236848634, 80), (461041.19631498924, 5407493.2240539715, 80), (461043.03147712455, 5407493.211259912, 80), (461044.86663926084, 5407493.1984664565, 80), (461046.7018013981, 5407493.185673603, 80), (461048.53696353635, 5407493.172881353, 80), (461050.37212567555, 5407493.160089704, 80), (461052.2072878158, 5407493.147298658, 80), (461054.042449957, 5407493.134508216, 80), (461055.8776120991, 5407493.121718377, 80), (461057.7127742422, 5407493.1089291405, 80), (461059.54793638637, 5407493.096140505, 80), (461061.38309853146, 5407493.083352473, 80), (461063.21826067753, 5407493.070565044, 80), (461065.05342282454, 5407493.057778218, 80), (461066.88858497253, 5407493.044991993, 80), (461068.7237471215, 5407493.032206372, 80), (461070.5589092715, 5407493.019421355, 80), (461072.3940714224, 5407493.006636939, 80), (461074.2292335744, 5407492.993853126, 80), (461076.06439572724, 5407492.981069916, 80), (461077.8995578811, 5407492.968287308, 80), (461079.734720036, 5407492.955505303, 80), (461081.5698821918, 5407492.942723902, 80), (461083.40504434856, 5407492.929943102, 80), (461085.24020650634, 5407492.917162905, 80), (461087.0753686651, 5407492.904383311, 80), (461088.91053082485, 5407492.89160432, 80), (461090.74569298554, 5407492.878825932, 80), (461092.5808551472, 5407492.866048147, 80), (461094.4160173099, 5407492.853270964, 80), (461096.2511794735, 5407492.840494383, 80), (461098.08634163806, 5407492.827718406, 80), (461099.92150380363, 5407492.814943031, 80), (461101.75666597026, 5407492.802168259, 80), (461103.59182813775, 5407492.789394089, 80), (461105.42699030624, 5407492.776620522, 80), (461107.26215247577, 5407492.763847559, 80), (461109.0973146462, 5407492.751075197, 80), (461110.9324768176, 5407492.738303439, 80), (461112.76763898996, 5407492.725532282, 80), (461114.6028011634, 5407492.712761729, 80), (461116.43796333775, 5407492.6999917785, 80), (461118.2731255131, 5407492.6872224305, 80), (461120.1082876894, 5407492.674453685, 80), (461121.94344986667, 5407492.661685544, 80), (461123.77861204493, 5407492.648918003, 80), (461125.6137742241, 5407492.636151067, 80), (461127.4489364043, 5407492.623384734, 80), (461129.2840985855, 5407492.610619002, 80), (461131.1192607677, 5407492.597853873, 80), (461132.9544229508, 5407492.585089346, 80), (461134.7895851349, 5407492.572325423, 80), (461136.62474731996, 5407492.559562103, 80), (461138.459909506, 5407492.546799384, 80), (461140.295071693, 5407492.534037269, 80), (461142.13023388106, 5407492.521275757, 80), (461143.96539607004, 5407492.508514846, 80), (461145.80055826, 5407492.495754539, 80), (461147.6357204509, 5407492.482994836, 80), (461149.4708826428, 5407492.470235733, 80), (461151.30604483566, 5407492.457477235, 80), (461035.710206124, 5407496.041467846, 80), (461037.54536734364, 5407496.028671981, 80), (461039.38052856433, 5407496.015876718, 80), (461041.21568978595, 5407496.003082057, 80), (461043.05085100856, 5407495.990288001, 80), (461044.88601223216, 5407495.977494546, 80), (461046.72117345675, 5407495.9647016935, 80), (461048.5563346823, 5407495.951909444, 80), (461050.39149590884, 5407495.939117799, 80), (461052.22665713634, 5407495.926326754, 80), (461054.0618183648, 5407495.913536312, 80), (461055.89697959425, 5407495.900746474, 80), (461057.73214082466, 5407495.887957239, 80), (461059.5673020561, 5407495.875168605, 80), (461061.4024632885, 5407495.862380575, 80), (461063.23762452183, 5407495.849593147, 80), (461065.0727857562, 5407495.836806323, 80), (461066.9079469915, 5407495.8240201, 80), (461068.7431082278, 5407495.811234481, 80), (461070.57826946507, 5407495.798449463, 80), (461072.4134307033, 5407495.78566505, 80), (461074.24859194254, 5407495.77288124, 80), (461076.0837531827, 5407495.76009803, 80), (461077.9189144239, 5407495.747315424, 80), (461079.754075666, 5407495.73453342, 80), (461081.5892369092, 5407495.72175202, 80), (461083.42439815326, 5407495.708971223, 80), (461085.2595593983, 5407495.696191028, 80), (461087.09472064435, 5407495.683411435, 80), (461088.9298818914, 5407495.670632445, 80), (461090.7650431394, 5407495.657854058, 80), (461092.6002043884, 5407495.645076274, 80), (461094.43536563835, 5407495.632299093, 80), (461096.27052688925, 5407495.619522514, 80), (461098.10568814114, 5407495.606746538, 80), (461099.940849394, 5407495.593971165, 80), (461101.7760106479, 5407495.581196394, 80), (461103.61117190274, 5407495.568422226, 80), (461105.4463331585, 5407495.555648661, 80), (461107.2814944153, 5407495.542875698, 80), (461109.1166556731, 5407495.530103338, 80), (461110.9518169318, 5407495.517331581, 80), (461112.78697819146, 5407495.504560426, 80), (461114.62213945214, 5407495.491789876, 80), (461116.45730071387, 5407495.479019926, 80), (461118.29246197647, 5407495.46625058, 80), (461120.12762324006, 5407495.453481835, 80), (461121.96278450463, 5407495.440713695, 80), (461123.7979457702, 5407495.427946157, 80), (461125.6331070367, 5407495.41517922, 80), (461127.4682683042, 5407495.402412889, 80), (461129.30342957267, 5407495.389647158, 80), (461131.1385908422, 5407495.376882031, 80), (461132.9737521126, 5407495.364117506, 80), (461134.808913384, 5407495.351353585, 80), (461136.64407465636, 5407495.338590265, 80), (461138.4792359297, 5407495.325827548, 80), (461140.314397204, 5407495.313065435, 80), (461142.1495584793, 5407495.300303924, 80), (461143.9847197556, 5407495.287543016, 80), (461145.8198810329, 5407495.27478271, 80), (461147.6550423111, 5407495.262023007, 80), (461149.4902035903, 5407495.249263906, 80), (461151.3253648705, 5407495.236505409, 80), (461035.7295836663, 5407498.820495939, 80), (461037.56474397326, 5407498.807700075, 80), (461039.39990428125, 5407498.794904812, 80), (461041.2350645902, 5407498.782110155, 80), (461043.0702249001, 5407498.769316098, 80), (461044.905385211, 5407498.756522645, 80), (461046.7405455229, 5407498.743729795, 80), (461048.5757058357, 5407498.730937547, 80), (461050.4108661495, 5407498.718145902, 80), (461052.24602646433, 5407498.705354859, 80), (461054.0811867801, 5407498.69256442, 80), (461055.91634709685, 5407498.679774583, 80), (461057.75150741456, 5407498.666985349, 80), (461059.5866677333, 5407498.654196717, 80), (461061.421828053, 5407498.641408687, 80), (461063.2569883737, 5407498.6286212625, 80), (461065.0921486953, 5407498.615834438, 80), (461066.9273090179, 5407498.6030482175, 80), (461068.7624693415, 5407498.590262599, 80), (461070.59762966604, 5407498.577477585, 80), (461072.4327899916, 5407498.5646931715, 80), (461074.2679503182, 5407498.551909362, 80), (461076.10311064566, 5407498.539126156, 80), (461077.9382709741, 5407498.52634355, 80), (461079.77343130356, 5407498.513561549, 80), (461081.60859163397, 5407498.500780149, 80), (461083.44375196536, 5407498.487999354, 80), (461085.27891229774, 5407498.475219159, 80), (461087.11407263106, 5407498.462439568, 80), (461088.9492329654, 5407498.449660581, 80), (461090.78439330077, 5407498.436882195, 80), (461092.619553637, 5407498.424104411, 80), (461094.45471397426, 5407498.411327232, 80), (461096.28987431247, 5407498.398550656, 80), (461098.12503465166, 5407498.38577468, 80), (461099.96019499184, 5407498.372999309, 80), (461101.795355333, 5407498.3602245385, 80), (461103.6305156752, 5407498.347450373, 80), (461105.46567601827, 5407498.334676809, 80), (461107.30083636235, 5407498.321903847, 80), (461109.13599670737, 5407498.30913149, 80), (461110.9711570534, 5407498.296359734, 80), (461112.8063174004, 5407498.28358858, 80), (461114.6414777484, 5407498.27081803, 80), (461116.4766380974, 5407498.258048084, 80), (461118.3117984473, 5407498.2452787375, 80), (461120.14695879817, 5407498.232509995, 80), (461121.9821191501, 5407498.219741857, 80), (461123.8172795029, 5407498.206974319, 80), (461125.6524398567, 5407498.194207386, 80), (461127.4876002115, 5407498.181441054, 80), (461129.3227605673, 5407498.168675325, 80), (461131.15792092413, 5407498.1559101995, 80), (461132.99308128183, 5407498.143145677, 80), (461134.8282416405, 5407498.130381756, 80), (461136.6634020002, 5407498.117618439, 80), (461138.4985623609, 5407498.104855724, 80), (461140.3337227225, 5407498.092093612, 80), (461142.1688830851, 5407498.079332101, 80), (461144.00404344866, 5407498.066571195, 80), (461145.83920381323, 5407498.053810891, 80), (461147.67436417873, 5407498.041051189, 80), (461149.5095245452, 5407498.028292091, 80), (461151.3446849127, 5407498.015533594, 80), (461035.7489612161, 5407501.5995240435, 80), (461037.5841206104, 5407501.586728182, 80), (461039.4192800056, 5407501.5739329215, 80), (461041.25443940185, 5407501.561138265, 80), (461043.08959879907, 5407501.54834421, 80), (461044.9247581973, 5407501.535550758, 80), (461046.7599175965, 5407501.522757909, 80), (461048.5950769966, 5407501.509965662, 80), (461050.4302363977, 5407501.497174018, 80), (461052.2653957998, 5407501.484382978, 80), (461054.1005552029, 5407501.47159254, 80), (461055.93571460695, 5407501.458802705, 80), (461057.77087401197, 5407501.446013472, 80), (461059.60603341804, 5407501.433224841, 80), (461061.44119282503, 5407501.4204368135, 80), (461063.27635223296, 5407501.40764939, 80), (461065.1115116419, 5407501.394862568, 80), (461066.9466710518, 5407501.382076348, 80), (461068.78183046274, 5407501.369290731, 80), (461070.6169898746, 5407501.356505718, 80), (461072.4521492874, 5407501.343721308, 80), (461074.28730870126, 5407501.330937499, 80), (461076.12246811605, 5407501.318154293, 80), (461077.95762753184, 5407501.305371691, 80), (461079.79278694856, 5407501.29258969, 80), (461081.62794636626, 5407501.279808292, 80), (461083.46310578496, 5407501.267027497, 80), (461085.29826520465, 5407501.254247306, 80), (461087.13342462527, 5407501.241467715, 80), (461088.96858404693, 5407501.228688729, 80), (461090.8037434695, 5407501.215910344, 80), (461092.6389028931, 5407501.203132563, 80), (461094.47406231763, 5407501.190355386, 80), (461096.30922174314, 5407501.177578809, 80), (461098.14438116964, 5407501.164802836, 80), (461099.9795405972, 5407501.152027465, 80), (461101.8147000256, 5407501.139252699, 80), (461103.64985945506, 5407501.126478533, 80), (461105.48501888546, 5407501.113704971, 80), (461107.32017831685, 5407501.10093201, 80), (461109.15533774917, 5407501.088159654, 80), (461110.99049718253, 5407501.075387901, 80), (461112.8256566168, 5407501.062616748, 80), (461114.6608160521, 5407501.049846199, 80), (461116.4959754884, 5407501.037076254, 80), (461118.3311349256, 5407501.024306909, 80), (461120.1662943638, 5407501.011538169, 80), (461122.001453803, 5407500.998770031, 80), (461123.83661324315, 5407500.986002496, 80), (461125.67177268426, 5407500.973235563, 80), (461127.50693212636, 5407500.960469234, 80), (461129.34209156944, 5407500.947703506, 80), (461131.1772510135, 5407500.934938383, 80), (461133.0124104585, 5407500.92217386, 80), (461134.8475699045, 5407500.909409942, 80), (461136.6827293515, 5407500.896646625, 80), (461138.5178887995, 5407500.883883912, 80), (461140.3530482484, 5407500.871121801, 80), (461142.1882076983, 5407500.858360293, 80), (461144.0233671492, 5407500.845599388, 80), (461145.85852660105, 5407500.832839085, 80), (461147.69368605386, 5407500.820079385, 80), (461149.52884550765, 5407500.807320288, 80), (461151.36400496244, 5407500.794561793, 80), (461035.76833877334, 5407504.37855216, 80), (461037.60349725495, 5407504.365756299, 80), (461039.4386557375, 5407504.352961041, 80), (461041.27381422103, 5407504.340166385, 80), (461043.10897270555, 5407504.327372331, 80), (461044.94413119106, 5407504.314578882, 80), (461046.7792896775, 5407504.301786034, 80), (461048.61444816494, 5407504.28899379, 80), (461050.4496066534, 5407504.276202148, 80), (461052.28476514283, 5407504.2634111075, 80), (461054.1199236332, 5407504.250620672, 80), (461055.9550821245, 5407504.237830837, 80), (461057.7902406168, 5407504.2250416055, 80), (461059.6253991102, 5407504.212252976, 80), (461061.46055760444, 5407504.199464952, 80), (461063.29571609973, 5407504.186677529, 80), (461065.13087459595, 5407504.173890707, 80), (461066.96603309317, 5407504.161104489, 80), (461068.80119159137, 5407504.148318875, 80), (461070.6363500905, 5407504.135533863, 80), (461072.4715085907, 5407504.1227494525, 80), (461074.30666709185, 5407504.109965646, 80), (461076.1418255939, 5407504.0971824415, 80), (461077.976984097, 5407504.084399841, 80), (461079.812142601, 5407504.071617842, 80), (461081.647301106, 5407504.058836446, 80), (461083.482459612, 5407504.046055652, 80), (461085.317618119, 5407504.033275461, 80), (461087.1527766269, 5407504.020495874, 80), (461088.98793513584, 5407504.007716889, 80), (461090.8230936458, 5407503.994938506, 80), (461092.6582521567, 5407503.982160726, 80), (461094.4934106685, 5407503.969383549, 80), (461096.3285691813, 5407503.956606975, 80), (461098.1637276951, 5407503.943831002, 80), (461099.9988862099, 5407503.931055633, 80), (461101.8340447257, 5407503.918280868, 80), (461103.6692032424, 5407503.905506704, 80), (461105.5043617601, 5407503.892733144, 80), (461107.3395202788, 5407503.879960185, 80), (461109.1746787985, 5407503.86718783, 80), (461111.0098373191, 5407503.854416076, 80), (461112.8449958407, 5407503.841644927, 80), (461114.6801543633, 5407503.828874379, 80), (461116.51531288686, 5407503.816104435, 80), (461118.35047141137, 5407503.803335093, 80), (461120.18562993687, 5407503.790566354, 80), (461122.02078846336, 5407503.777798217, 80), (461123.8559469908, 5407503.765030684, 80), (461125.6911055192, 5407503.752263752, 80), (461127.52626404865, 5407503.739497424, 80), (461129.361422579, 5407503.726731699, 80), (461131.19658111036, 5407503.713966576, 80), (461133.0317396427, 5407503.701202055, 80), (461134.866898176, 5407503.688438138, 80), (461136.70205671026, 5407503.675674823, 80), (461138.53721524554, 5407503.662912111, 80), (461140.37237378175, 5407503.650150002, 80), (461142.20753231895, 5407503.637388496, 80), (461144.04269085714, 5407503.624627591, 80), (461145.8778493963, 5407503.61186729, 80), (461147.7130079364, 5407503.599107591, 80), (461149.5481664775, 5407503.586348495, 80), (461151.3833250196, 5407503.573590003, 80), (461035.7877163381, 5407507.157580291, 80), (461037.622873907, 5407507.144784431, 80), (461039.4580314768, 5407507.131989174, 80), (461041.29318904766, 5407507.119194519, 80), (461043.1283466195, 5407507.106400468, 80), (461044.9635041923, 5407507.093607019, 80), (461046.7986617661, 5407507.0808141725, 80), (461048.63381934084, 5407507.06802193, 80), (461050.4689769165, 5407507.055230289, 80), (461052.3041344932, 5407507.04243925, 80), (461054.13929207093, 5407507.029648816, 80), (461055.97444964957, 5407507.016858983, 80), (461057.8096072292, 5407507.004069753, 80), (461059.64476480987, 5407506.991281127, 80), (461061.4799223914, 5407506.978493102, 80), (461063.315079974, 5407506.96570568, 80), (461065.1502375575, 5407506.952918861, 80), (461066.98539514205, 5407506.940132645, 80), (461068.8205527275, 5407506.927347031, 80), (461070.655710314, 5407506.91456202, 80), (461072.4908679014, 5407506.901777611, 80), (461074.3260254899, 5407506.888993806, 80), (461076.16118307924, 5407506.876210604, 80), (461077.99634066963, 5407506.863428004, 80), (461079.83149826096, 5407506.850646007, 80), (461081.6666558533, 5407506.837864612, 80), (461083.5018134466, 5407506.82508382, 80), (461085.3369710408, 5407506.812303631, 80), (461087.1721286361, 5407506.799524045, 80), (461089.0072862323, 5407506.78674506, 80), (461090.8424438295, 5407506.773966679, 80), (461092.6776014277, 5407506.761188901, 80), (461094.51275902684, 5407506.748411726, 80), (461096.34791662695, 5407506.735635153, 80), (461098.18307422806, 5407506.722859183, 80), (461100.01823183015, 5407506.710083815, 80), (461101.85338943324, 5407506.69730905, 80), (461103.68854703725, 5407506.684534888, 80), (461105.52370464226, 5407506.671761328, 80), (461107.35886224825, 5407506.658988372, 80), (461109.1940198552, 5407506.646216018, 80), (461111.0291774631, 5407506.633444266, 80), (461112.864335072, 5407506.620673118, 80), (461114.6994926819, 5407506.6079025725, 80), (461116.5346502928, 5407506.595132628, 80), (461118.3698079046, 5407506.582363289, 80), (461120.2049655174, 5407506.569594552, 80), (461122.0401231312, 5407506.556826416, 80), (461123.8752807459, 5407506.544058884, 80), (461125.7104383616, 5407506.531291954, 80), (461127.5455959784, 5407506.518525627, 80), (461129.380753596, 5407506.505759904, 80), (461131.2159112147, 5407506.4929947825, 80), (461133.0510688343, 5407506.4802302625, 80), (461134.8862264549, 5407506.467466348, 80), (461136.7213840765, 5407506.454703035, 80), (461138.5565416991, 5407506.441940323, 80), (461140.3916993226, 5407506.429178216, 80), (461142.22685694706, 5407506.41641671, 80), (461144.06201457256, 5407506.4036558075, 80), (461145.89717219904, 5407506.390895508, 80), (461147.73232982645, 5407506.378135812, 80), (461149.56748745486, 5407506.3653767165, 80), (461151.4026450842, 5407506.352618225, 80), (461035.80709391035, 5407509.936608432, 80), (461037.6422505665, 5407509.923812573, 80), (461039.47740722366, 5407509.911017318, 80), (461041.3125638818, 5407509.898222665, 80), (461043.14772054093, 5407509.885428615, 80), (461044.98287720105, 5407509.872635167, 80), (461046.8180338621, 5407509.859842323, 80), (461048.65319052414, 5407509.847050082, 80), (461050.4883471872, 5407509.834258442, 80), (461052.3235038512, 5407509.821467404, 80), (461054.15866051614, 5407509.808676971, 80), (461055.9938171821, 5407509.795887141, 80), (461057.828973849, 5407509.783097913, 80), (461059.664130517, 5407509.770309286, 80), (461061.49928718584, 5407509.757521264, 80), (461063.3344438557, 5407509.744733843, 80), (461065.1696005265, 5407509.731947025, 80), (461067.00475719833, 5407509.719160811, 80), (461068.83991387114, 5407509.706375198, 80), (461070.6750705449, 5407509.693590189, 80), (461072.5102272196, 5407509.680805782, 80), (461074.3453838954, 5407509.668021979, 80), (461076.18054057204, 5407509.655238777, 80), (461078.01569724974, 5407509.642456178, 80), (461079.85085392836, 5407509.629674183, 80), (461081.686010608, 5407509.61689279, 80), (461083.5211672886, 5407509.604111998, 80), (461085.35632397013, 5407509.591331812, 80), (461087.19148065266, 5407509.578552227, 80), (461089.02663733624, 5407509.565773244, 80), (461090.86179402075, 5407509.552994865, 80), (461092.6969507062, 5407509.540217088, 80), (461094.5321073927, 5407509.527439914, 80), (461096.3672640801, 5407509.514663342, 80), (461098.20242076844, 5407509.501887374, 80), (461100.03757745784, 5407509.489112008, 80), (461101.87273414823, 5407509.476337244, 80), (461103.70789083955, 5407509.463563084, 80), (461105.54304753186, 5407509.450789526, 80), (461107.37820422516, 5407509.438016571, 80), (461109.2133609194, 5407509.425244219, 80), (461111.0485176146, 5407509.412472469, 80), (461112.8836743108, 5407509.3997013215, 80), (461114.718831008, 5407509.386930777, 80), (461116.5539877062, 5407509.3741608355, 80), (461118.38914440526, 5407509.361391497, 80), (461120.22430110537, 5407509.348622761, 80), (461122.05945780646, 5407509.335854627, 80), (461123.89461450855, 5407509.323087096, 80), (461125.72977121157, 5407509.310320168, 80), (461127.5649279155, 5407509.297553842, 80), (461129.4000846205, 5407509.28478812, 80), (461131.2352413265, 5407509.272023, 80), (461133.0703980334, 5407509.259258483, 80), (461134.90555474133, 5407509.246494568, 80), (461136.7407114502, 5407509.233731256, 80), (461138.57586816006, 5407509.220968547, 80), (461140.4110248709, 5407509.20820644, 80), (461142.2461815827, 5407509.195444937, 80), (461144.0813382955, 5407509.182684037, 80), (461145.9164950092, 5407509.169923739, 80), (461147.7516517239, 5407509.157164043, 80), (461149.58680843964, 5407509.14440495, 80), (461151.4219651563, 5407509.13164646, 80), (461035.8264714901, 5407512.715636584, 80), (461037.66162723355, 5407512.702840727, 80), (461039.49678297795, 5407512.690045474, 80), (461041.3319387234, 5407512.677250822, 80), (461043.1670944698, 5407512.664456774, 80), (461045.00225021725, 5407512.6516633285, 80), (461046.8374059656, 5407512.638870484, 80), (461048.67256171495, 5407512.626078243, 80), (461050.5077174653, 5407512.613286606, 80), (461052.3428732166, 5407512.600495571, 80), (461054.17802896886, 5407512.587705139, 80), (461056.0131847221, 5407512.5749153085, 80), (461057.84834047634, 5407512.562126082, 80), (461059.68349623156, 5407512.549337458, 80), (461061.5186519877, 5407512.536549437, 80), (461063.3538077449, 5407512.5237620175, 80), (461065.188963503, 5407512.510975202, 80), (461067.0241192621, 5407512.498188989, 80), (461068.85927502223, 5407512.485403378, 80), (461070.6944307833, 5407512.472618369, 80), (461072.5295865453, 5407512.459833965, 80), (461074.3647423084, 5407512.447050163, 80), (461076.19989807234, 5407512.434266963, 80), (461078.0350538373, 5407512.421484366, 80), (461079.8702096032, 5407512.408702371, 80), (461081.70536537014, 5407512.395920979, 80), (461083.54052113806, 5407512.38314019, 80), (461085.3756769069, 5407512.370360004, 80), (461087.21083267673, 5407512.357580421, 80), (461089.0459884476, 5407512.34480144, 80), (461090.8811442194, 5407512.332023062, 80), (461092.7162999922, 5407512.319245286, 80), (461094.5514557659, 5407512.306468114, 80), (461096.3866115406, 5407512.293691544, 80), (461098.22176731634, 5407512.280915577, 80), (461100.05692309304, 5407512.268140212, 80), (461101.8920788707, 5407512.255365451, 80), (461103.7272346493, 5407512.242591291, 80), (461105.5623904289, 5407512.229817735, 80), (461107.3975462095, 5407512.217044781, 80), (461109.23270199104, 5407512.204272431, 80), (461111.06785777357, 5407512.191500681, 80), (461112.9030135571, 5407512.178729536, 80), (461114.7381693416, 5407512.165958993, 80), (461116.573325127, 5407512.153189054, 80), (461118.40848091344, 5407512.140419715, 80), (461120.24363670085, 5407512.127650981, 80), (461122.07879248925, 5407512.114882849, 80), (461123.9139482786, 5407512.10211532, 80), (461125.7491040689, 5407512.0893483935, 80), (461127.5842598602, 5407512.076582069, 80), (461129.41941565246, 5407512.063816348, 80), (461131.25457144575, 5407512.051051228, 80), (461133.08972724, 5407512.038286713, 80), (461134.9248830352, 5407512.025522801, 80), (461136.76003883133, 5407512.012759491, 80), (461138.5951946285, 5407511.999996782, 80), (461140.43035042664, 5407511.987234678, 80), (461142.2655062257, 5407511.974473176, 80), (461144.1006620258, 5407511.961712276, 80), (461145.9358178269, 5407511.948951979, 80), (461147.77097362885, 5407511.936192285, 80), (461149.60612943186, 5407511.923433194, 80), (461151.44128523587, 5407511.910674705, 80), (461035.8458490773, 5407515.49466475, 80), (461037.68100390804, 5407515.481868895, 80), (461039.5161587398, 5407515.469073642, 80), (461041.3513135725, 5407515.456278992, 80), (461043.18646840623, 5407515.443484945, 80), (461045.0216232409, 5407515.430691501, 80), (461046.8567780766, 5407515.417898659, 80), (461048.69193291327, 5407515.405106421, 80), (461050.52708775084, 5407515.392314783, 80), (461052.3622425895, 5407515.37952375, 80), (461054.19739742903, 5407515.36673332, 80), (461056.0325522696, 5407515.353943491, 80), (461057.86770711106, 5407515.341154267, 80), (461059.70286195364, 5407515.3283656435, 80), (461061.5380167971, 5407515.315577623, 80), (461063.37317164155, 5407515.302790207, 80), (461065.208326487, 5407515.290003392, 80), (461067.0434813334, 5407515.27721718, 80), (461068.8786361808, 5407515.264431571, 80), (461070.7137910291, 5407515.251646563, 80), (461072.54894587846, 5407515.23886216, 80), (461074.38410072884, 5407515.226078359, 80), (461076.2192555801, 5407515.213295162, 80), (461078.05441043235, 5407515.200512566, 80), (461079.8895652856, 5407515.187730573, 80), (461081.7247201398, 5407515.174949183, 80), (461083.55987499503, 5407515.162168395, 80), (461085.3950298512, 5407515.149388211, 80), (461087.2301847083, 5407515.136608629, 80), (461089.06533956644, 5407515.123829649, 80), (461090.90049442556, 5407515.111051273, 80), (461092.73564928566, 5407515.098273498, 80), (461094.5708041467, 5407515.085496327, 80), (461096.40595900867, 5407515.072719758, 80), (461098.2411138717, 5407515.059943792, 80), (461100.0762687357, 5407515.04716843, 80), (461101.9114236006, 5407515.034393669, 80), (461103.74657846655, 5407515.021619512, 80), (461105.58173333347, 5407515.008845957, 80), (461107.4168882014, 5407514.996073005, 80), (461109.2520430702, 5407514.983300655, 80), (461111.08719794, 5407514.970528909, 80), (461112.9223528108, 5407514.957757764, 80), (461114.7575076826, 5407514.944987223, 80), (461116.5926625554, 5407514.932217285, 80), (461118.42781742907, 5407514.919447947, 80), (461120.2629723038, 5407514.906679214, 80), (461122.0981271795, 5407514.893911085, 80), (461123.9332820561, 5407514.881143556, 80), (461125.76843693375, 5407514.868376631, 80), (461127.6035918123, 5407514.855610308, 80), (461129.4387466919, 5407514.842844589, 80), (461131.2739015725, 5407514.830079472, 80), (461133.10905645404, 5407514.817314958, 80), (461134.9442113365, 5407514.804551046, 80), (461136.77936621994, 5407514.791787737, 80), (461138.61452110443, 5407514.779025031, 80), (461140.44967598986, 5407514.766262928, 80), (461142.2848308762, 5407514.753501427, 80), (461144.1199857636, 5407514.740740529, 80), (461145.95514065196, 5407514.727980234, 80), (461147.7902955413, 5407514.715220541, 80), (461149.6254504316, 5407514.702461451, 80), (461151.46060532285, 5407514.689702963, 80), (461035.8652266719, 5407518.273692926, 80), (461037.70038059, 5407518.260897073, 80), (461039.53553450905, 5407518.248101822, 80), (461041.3706884291, 5407518.235307174, 80), (461043.2058423501, 5407518.222513128, 80), (461045.04099627206, 5407518.209719685, 80), (461046.8761501951, 5407518.196926844, 80), (461048.711304119, 5407518.184134606, 80), (461050.5464580439, 5407518.171342973, 80), (461052.38161196985, 5407518.158551941, 80), (461054.2167658967, 5407518.14576151, 80), (461056.05191982456, 5407518.132971684, 80), (461057.88707375334, 5407518.120182461, 80), (461059.7222276832, 5407518.107393839, 80), (461061.55738161394, 5407518.09460582, 80), (461063.3925355457, 5407518.081818406, 80), (461065.22768947843, 5407518.069031592, 80), (461067.06284341216, 5407518.056245382, 80), (461068.8979973468, 5407518.043459774, 80), (461070.7331512825, 5407518.030674769, 80), (461072.5683052191, 5407518.017890366, 80), (461074.40345915675, 5407518.0051065665, 80), (461076.23861309537, 5407517.992323371, 80), (461078.07376703486, 5407517.9795407755, 80), (461079.9089209754, 5407517.966758784, 80), (461081.74407491693, 5407517.953977397, 80), (461083.57922885945, 5407517.94119661, 80), (461085.4143828029, 5407517.928416426, 80), (461087.24953674735, 5407517.915636847, 80), (461089.0846906928, 5407517.902857868, 80), (461090.9198446392, 5407517.890079493, 80), (461092.75499858655, 5407517.87730172, 80), (461094.5901525349, 5407517.864524552, 80), (461096.4253064842, 5407517.851747983, 80), (461098.2604604345, 5407517.83897202, 80), (461100.0956143858, 5407517.8261966575, 80), (461101.9307683381, 5407517.813421899, 80), (461103.76592229126, 5407517.800647744, 80), (461105.6010762454, 5407517.78787419, 80), (461107.43623020063, 5407517.775101239, 80), (461109.2713841568, 5407517.762328892, 80), (461111.1065381139, 5407517.749557146, 80), (461112.94169207197, 5407517.736786003, 80), (461114.7768460311, 5407517.724015463, 80), (461116.6119999912, 5407517.711245527, 80), (461118.44715395215, 5407517.698476192, 80), (461120.28230791417, 5407517.68570746, 80), (461122.1174618772, 5407517.67293933, 80), (461123.9526158411, 5407517.660171804, 80), (461125.787769806, 5407517.647404881, 80), (461127.6229237719, 5407517.634638559, 80), (461129.45807773876, 5407517.621872841, 80), (461131.29323170666, 5407517.609107726, 80), (461133.1283856755, 5407517.596343213, 80), (461134.96353964525, 5407517.583579303, 80), (461136.79869361606, 5407517.570815995, 80), (461138.6338475878, 5407517.5580532905, 80), (461140.46900156053, 5407517.545291189, 80), (461142.3041555342, 5407517.532529689, 80), (461144.1393095089, 5407517.519768792, 80), (461145.97446348454, 5407517.5070084995, 80), (461147.8096174612, 5407517.494248807, 80), (461149.64477143873, 5407517.481489719, 80), (461151.4799254173, 5407517.468731234, 80), (461035.88460427406, 5407521.052721116, 80), (461037.71975727944, 5407521.039925264, 80), (461039.5549102858, 5407521.027130013, 80), (461041.3900632931, 5407521.014335367, 80), (461043.2252163014, 5407521.001541323, 80), (461045.0603693107, 5407520.988747881, 80), (461046.895522321, 5407520.975955043, 80), (461048.73067533225, 5407520.963162808, 80), (461050.56582834444, 5407520.950371174, 80), (461052.40098135767, 5407520.937580142, 80), (461054.23613437184, 5407520.924789716, 80), (461056.07128738693, 5407520.911999891, 80), (461057.9064404031, 5407520.899210668, 80), (461059.7415934202, 5407520.886422047, 80), (461061.5767464383, 5407520.873634031, 80), (461063.41189945734, 5407520.860846616, 80), (461065.2470524773, 5407520.848059805, 80), (461067.08220549836, 5407520.8352735955, 80), (461068.9173585203, 5407520.82248799, 80), (461070.7525115433, 5407520.809702987, 80), (461072.5876645672, 5407520.796918586, 80), (461074.42281759216, 5407520.7841347875, 80), (461076.2579706181, 5407520.771351593, 80), (461078.0931236449, 5407520.758568999, 80), (461079.9282766727, 5407520.74578701, 80), (461081.76342970156, 5407520.733005623, 80), (461083.5985827313, 5407520.720224838, 80), (461085.4337357621, 5407520.707444656, 80), (461087.2688887938, 5407520.694665077, 80), (461089.10404182656, 5407520.681886101, 80), (461090.9391948603, 5407520.669107728, 80), (461092.77434789494, 5407520.656329956, 80), (461094.6095009306, 5407520.6435527885, 80), (461096.44465396716, 5407520.630776222, 80), (461098.2798070048, 5407520.618000259, 80), (461100.11496004334, 5407520.6052249, 80), (461101.95011308294, 5407520.592450142, 80), (461103.7852661234, 5407520.579675988, 80), (461105.62041916494, 5407520.566902435, 80), (461107.4555722074, 5407520.554129486, 80), (461109.29072525084, 5407520.541357139, 80), (461111.1258782953, 5407520.528585396, 80), (461112.96103134064, 5407520.515814253, 80), (461114.79618438706, 5407520.503043716, 80), (461116.6313374344, 5407520.49027378, 80), (461118.46649048274, 5407520.477504447, 80), (461120.301643532, 5407520.464735717, 80), (461122.1367965823, 5407520.45196759, 80), (461123.97194963356, 5407520.439200064, 80), (461125.8071026858, 5407520.426433142, 80), (461127.64225573896, 5407520.413666822, 80), (461129.4774087931, 5407520.400901105, 80), (461131.3125618483, 5407520.388135991, 80), (461133.14771490445, 5407520.37537148, 80), (461134.9828679615, 5407520.362607572, 80), (461136.8180210196, 5407520.349844266, 80), (461138.6531740786, 5407520.337081564, 80), (461140.48832713865, 5407520.324319462, 80), (461142.3234801996, 5407520.311557964, 80), (461144.1586332616, 5407520.29879707, 80), (461145.9937863246, 5407520.286036777, 80), (461147.8289393885, 5407520.273277088, 80), (461149.6640924534, 5407520.260518, 80), (461151.4992455192, 5407520.247759516, 80), (461035.9039818837, 5407523.831749315, 80), (461037.7391339764, 5407523.818953467, 80), (461039.57428607, 5407523.806158218, 80), (461041.4094381647, 5407523.793363572, 80), (461043.24459026026, 5407523.780569528, 80), (461045.07974235684, 5407523.76777609, 80), (461046.9148944544, 5407523.754983252, 80), (461048.750046553, 5407523.742191018, 80), (461050.58519865246, 5407523.729399386, 80), (461052.420350753, 5407523.716608357, 80), (461054.2555028545, 5407523.70381793, 80), (461056.0906549569, 5407523.691028107, 80), (461057.92580706027, 5407523.6782388855, 80), (461059.7609591647, 5407523.6654502675, 80), (461061.5961112701, 5407523.652662252, 80), (461063.43126337643, 5407523.639874838, 80), (461065.2664154837, 5407523.627088029, 80), (461067.10156759206, 5407523.614301821, 80), (461068.93671970133, 5407523.601516216, 80), (461070.7718718116, 5407523.588731214, 80), (461072.6070239228, 5407523.575946815, 80), (461074.442176035, 5407523.563163019, 80), (461076.2773281482, 5407523.550379825, 80), (461078.11248026235, 5407523.537597233, 80), (461079.9476323775, 5407523.524815245, 80), (461081.7827844936, 5407523.51203386, 80), (461083.6179366107, 5407523.4992530765, 80), (461085.45308872877, 5407523.486472896, 80), (461087.28824084776, 5407523.473693319, 80), (461089.1233929678, 5407523.460914344, 80), (461090.9585450888, 5407523.448135971, 80), (461092.7936972108, 5407523.435358201, 80), (461094.62884933373, 5407523.422581036, 80), (461096.4640014576, 5407523.40980447, 80), (461098.2991535825, 5407523.3970285095, 80), (461100.1343057084, 5407523.384253152, 80), (461101.96945783525, 5407523.371478396, 80), (461103.8046099631, 5407523.358704243, 80), (461105.63976209186, 5407523.345930692, 80), (461107.4749142217, 5407523.333157743, 80), (461109.31006635237, 5407523.320385399, 80), (461111.1452184841, 5407523.307613657, 80), (461112.9803706168, 5407523.294842517, 80), (461114.8155227505, 5407523.282071981, 80), (461116.65067488514, 5407523.269302046, 80), (461118.4858270207, 5407523.256532714, 80), (461120.32097915735, 5407523.243763985, 80), (461122.1561312949, 5407523.230995858, 80), (461123.99128343345, 5407523.2182283355, 80), (461125.826435573, 5407523.2054614145, 80), (461127.66158771346, 5407523.192695096, 80), (461129.4967398549, 5407523.179929381, 80), (461131.3318919974, 5407523.167164269, 80), (461133.1670441408, 5407523.154399759, 80), (461135.00219628523, 5407523.141635852, 80), (461136.83734843053, 5407523.128872547, 80), (461138.67250057694, 5407523.116109846, 80), (461140.5076527242, 5407523.103347747, 80), (461142.34280487255, 5407523.090586252, 80), (461144.1779570218, 5407523.077825357, 80), (461146.01310917205, 5407523.065065066, 80), (461147.8482613233, 5407523.052305378, 80), (461149.68341347546, 5407523.039546292, 80), (461151.5185656286, 5407523.02678781, 80), (461035.9233595008, 5407526.61077753, 80), (461037.7585106808, 5407526.597981681, 80), (461039.5936618617, 5407526.585186433, 80), (461041.42881304363, 5407526.572391789, 80), (461043.2639642265, 5407526.559597747, 80), (461045.09911541047, 5407526.54680431, 80), (461046.9342665953, 5407526.534011475, 80), (461048.76941778115, 5407526.521219241, 80), (461050.60456896794, 5407526.508427612, 80), (461052.4397201558, 5407526.495636583, 80), (461054.2748713445, 5407526.482846159, 80), (461056.11002253427, 5407526.470056336, 80), (461057.94517372496, 5407526.457267118, 80), (461059.7803249167, 5407526.4444785, 80), (461061.6154761093, 5407526.431690486, 80), (461063.450627303, 5407526.418903074, 80), (461065.2857784976, 5407526.406116267, 80), (461067.1209296932, 5407526.39333006, 80), (461068.9560808898, 5407526.380544457, 80), (461070.7912320873, 5407526.367759456, 80), (461072.62638328585, 5407526.354975059, 80), (461074.4615344854, 5407526.342191263, 80), (461076.29668568587, 5407526.329408072, 80), (461078.13183688733, 5407526.316625481, 80), (461079.9669880897, 5407526.303843494, 80), (461081.80213929317, 5407526.291062111, 80), (461083.63729049754, 5407526.278281328, 80), (461085.4724417029, 5407526.26550115, 80), (461087.3075929092, 5407526.252721574, 80), (461089.14274411654, 5407526.2399426, 80), (461090.9778953249, 5407526.227164229, 80), (461092.8130465341, 5407526.214386461, 80), (461094.64819774433, 5407526.201609296, 80), (461096.4833489556, 5407526.188832733, 80), (461098.31850016775, 5407526.176056773, 80), (461100.1536513809, 5407526.1632814165, 80), (461101.98880259506, 5407526.150506662, 80), (461103.8239538102, 5407526.13773251, 80), (461105.6591050263, 5407526.124958961, 80), (461107.49425624334, 5407526.112186015, 80), (461109.3294074614, 5407526.0994136715, 80), (461111.1645586804, 5407526.08664193, 80), (461112.99970990035, 5407526.073870791, 80), (461114.8348611214, 5407526.061100258, 80), (461116.6700123433, 5407526.048330325, 80), (461118.5051635662, 5407526.0355609935, 80), (461120.34031479014, 5407526.022792266, 80), (461122.175466015, 5407526.010024142, 80), (461124.01061724086, 5407525.99725662, 80), (461125.84576846764, 5407525.984489701, 80), (461127.6809196954, 5407525.971723383, 80), (461129.5160709242, 5407525.95895767, 80), (461131.351222154, 5407525.946192559, 80), (461133.18637338467, 5407525.933428051, 80), (461135.02152461634, 5407525.920664146, 80), (461136.856675849, 5407525.907900842, 80), (461138.69182708266, 5407525.895138142, 80), (461140.5269783173, 5407525.882376044, 80), (461142.3621295529, 5407525.86961455, 80), (461144.19728078943, 5407525.856853657, 80), (461146.032432027, 5407525.844093368, 80), (461147.8675832655, 5407525.831333682, 80), (461149.702734505, 5407525.818574598, 80), (461151.53788574546, 5407525.805816116, 80), (461035.94273712544, 5407529.389805756, 80), (461037.7778873927, 5407529.377009907, 80), (461039.61303766095, 5407529.364214662, 80), (461041.44818793016, 5407529.35142002, 80), (461043.28333820036, 5407529.33862598, 80), (461045.11848847155, 5407529.325832544, 80), (461046.9536387437, 5407529.313039709, 80), (461048.78878901683, 5407529.300247477, 80), (461050.62393929093, 5407529.287455849, 80), (461052.459089566, 5407529.274664823, 80), (461054.2942398421, 5407529.261874399, 80), (461056.1293901191, 5407529.249084578, 80), (461057.9645403971, 5407529.23629536, 80), (461059.79969067615, 5407529.223506744, 80), (461061.63484095613, 5407529.210718732, 80), (461063.46999123704, 5407529.197931322, 80), (461065.30514151894, 5407529.185144515, 80), (461067.1402918019, 5407529.172358311, 80), (461068.97544208576, 5407529.159572709, 80), (461070.8105923706, 5407529.14678771, 80), (461072.6457426564, 5407529.134003313, 80), (461074.4808929432, 5407529.12121952, 80), (461076.316043231, 5407529.108436329, 80), (461078.15119351976, 5407529.095653742, 80), (461079.98634380946, 5407529.082871755, 80), (461081.82149410015, 5407529.070090372, 80), (461083.6566443919, 5407529.057309593, 80), (461085.4917946845, 5407529.044529414, 80), (461087.32694497815, 5407529.03174984, 80), (461089.16209527274, 5407529.0189708695, 80), (461090.9972455684, 5407529.0061925, 80), (461092.83239586494, 5407528.993414733, 80), (461094.66754616244, 5407528.980637569, 80), (461096.5026964609, 5407528.967861008, 80), (461098.3378467604, 5407528.955085049, 80), (461100.1729970609, 5407528.942309693, 80), (461102.0081473624, 5407528.929534942, 80), (461103.8432976648, 5407528.916760791, 80), (461105.67844796815, 5407528.903987243, 80), (461107.5135982725, 5407528.891214299, 80), (461109.3487485779, 5407528.878441956, 80), (461111.18389888416, 5407528.865670217, 80), (461113.01904919144, 5407528.852899079, 80), (461114.8541994997, 5407528.840128546, 80), (461116.68934980896, 5407528.827358615, 80), (461118.5245001192, 5407528.814589286, 80), (461120.3596504304, 5407528.801820559, 80), (461122.19480074255, 5407528.789052437, 80), (461124.0299510557, 5407528.776284917, 80), (461125.8651013698, 5407528.763517999, 80), (461127.7002516849, 5407528.7507516835, 80), (461129.53540200094, 5407528.737985971, 80), (461131.370552318, 5407528.725220862, 80), (461133.20570263604, 5407528.712456356, 80), (461135.040852955, 5407528.699692451, 80), (461136.8760032749, 5407528.68692915, 80), (461138.7111535959, 5407528.67416645, 80), (461140.5463039178, 5407528.6614043545, 80), (461142.38145424065, 5407528.648642861, 80), (461144.2166045646, 5407528.63588197, 80), (461146.0517548894, 5407528.623121682, 80), (461147.8869052152, 5407528.610361997, 80), (461149.722055542, 5407528.597602914, 80), (461151.5572058697, 5407528.584844436, 80), (461035.9621147575, 5407532.1688339915, 80), (461037.79726411204, 5407532.156038146, 80), (461039.6324134676, 5407532.143242902, 80), (461041.4675628241, 5407532.130448261, 80), (461043.3027121816, 5407532.117654222, 80), (461045.1378615401, 5407532.104860787, 80), (461046.97301089956, 5407532.092067954, 80), (461048.80816025997, 5407532.079275724, 80), (461050.6433096214, 5407532.066484096, 80), (461052.47845898377, 5407532.053693072, 80), (461054.3136083471, 5407532.040902651, 80), (461056.14875771146, 5407532.028112831, 80), (461057.98390707676, 5407532.015323614, 80), (461059.81905644306, 5407532.002535, 80), (461061.65420581034, 5407531.98974699, 80), (461063.48935517855, 5407531.976959581, 80), (461065.32450454775, 5407531.964172775, 80), (461067.159653918, 5407531.951386573, 80), (461068.9948032891, 5407531.938600972, 80), (461070.82995266124, 5407531.925815974, 80), (461072.6651020344, 5407531.91303158, 80), (461074.50025140855, 5407531.900247788, 80), (461076.3354007836, 5407531.887464599, 80), (461078.17055015964, 5407531.874682011, 80), (461080.00569953665, 5407531.861900027, 80), (461081.84084891464, 5407531.849118645, 80), (461083.6759982936, 5407531.836337868, 80), (461085.5111476736, 5407531.823557691, 80), (461087.3462970545, 5407531.810778118, 80), (461089.18144643644, 5407531.797999148, 80), (461091.0165958193, 5407531.78522078, 80), (461092.8517452032, 5407531.772443015, 80), (461094.686894588, 5407531.759665854, 80), (461096.5220439738, 5407531.746889292, 80), (461098.35719336057, 5407531.734113337, 80), (461100.19234274834, 5407531.721337982, 80), (461102.0274921371, 5407531.708563231, 80), (461103.8626415268, 5407531.695789082, 80), (461105.6977909175, 5407531.683015536, 80), (461107.53294030915, 5407531.670242593, 80), (461109.3680897018, 5407531.657470251, 80), (461111.2032390954, 5407531.644698514, 80), (461113.03838849, 5407531.6319273785, 80), (461114.87353788555, 5407531.619156846, 80), (461116.7086872821, 5407531.606386917, 80), (461118.5438366796, 5407531.593617588, 80), (461120.3789860781, 5407531.580848864, 80), (461122.21413547755, 5407531.568080744, 80), (461124.04928487795, 5407531.555313224, 80), (461125.8844342794, 5407531.542546307, 80), (461127.7195836818, 5407531.529779995, 80), (461129.5547330851, 5407531.517014283, 80), (461131.3898824895, 5407531.504249175, 80), (461133.2250318948, 5407531.491484669, 80), (461135.0601813011, 5407531.478720767, 80), (461136.8953307083, 5407531.465957467, 80), (461138.73048011656, 5407531.45319477, 80), (461140.5656295258, 5407531.440432675, 80), (461142.40077893593, 5407531.427671184, 80), (461144.2359283471, 5407531.414910293, 80), (461146.07107775926, 5407531.402150008, 80), (461147.90622717235, 5407531.389390323, 80), (461149.74137658643, 5407531.376631243, 80), (461151.5765260015, 5407531.363872765, 80), (461035.9814923971, 5407534.947862241, 80), (461037.8166408389, 5407534.935066396, 80), (461039.65178928175, 5407534.922271154, 80), (461041.48693772557, 5407534.909476515, 80), (461043.3220861703, 5407534.8966824785, 80), (461045.1572346161, 5407534.883889045, 80), (461046.9923830629, 5407534.871096212, 80), (461048.8275315106, 5407534.858303985, 80), (461050.6626799593, 5407534.8455123585, 80), (461052.49782840896, 5407534.832721335, 80), (461054.33297685964, 5407534.819930916, 80), (461056.16812531126, 5407534.807141097, 80), (461058.00327376387, 5407534.794351881, 80), (461059.83842221746, 5407534.781563268, 80), (461061.67357067205, 5407534.76877526, 80), (461063.50871912757, 5407534.755987853, 80), (461065.3438675841, 5407534.743201049, 80), (461067.17901604157, 5407534.730414848, 80), (461069.01416450005, 5407534.717629248, 80), (461070.8493129595, 5407534.704844252, 80), (461072.6844614199, 5407534.692059859, 80), (461074.5196098813, 5407534.679276069, 80), (461076.35475834366, 5407534.66649288, 80), (461078.189906807, 5407534.6537102945, 80), (461080.02505527134, 5407534.640928312, 80), (461081.8602037366, 5407534.628146932, 80), (461083.69535220286, 5407534.615366156, 80), (461085.53050067014, 5407534.602585981, 80), (461087.36564913834, 5407534.58980641, 80), (461089.20079760754, 5407534.577027441, 80), (461091.0359460778, 5407534.564249074, 80), (461092.8710945489, 5407534.551471311, 80), (461094.706243021, 5407534.538694151, 80), (461096.5413914941, 5407534.5259175915, 80), (461098.3765399682, 5407534.513141637, 80), (461100.21168844326, 5407534.500366284, 80), (461102.0468369193, 5407534.487591534, 80), (461103.8819853963, 5407534.474817386, 80), (461105.7171338743, 5407534.462043841, 80), (461107.5522823533, 5407534.449270899, 80), (461109.3874308332, 5407534.436498561, 80), (461111.2225793141, 5407534.423726824, 80), (461113.05772779597, 5407534.41095569, 80), (461114.89287627884, 5407534.398185159, 80), (461116.7280247627, 5407534.385415231, 80), (461118.5631732475, 5407534.372645905, 80), (461120.3983217332, 5407534.359877182, 80), (461122.23347022, 5407534.347109063, 80), (461124.06861870777, 5407534.334341545, 80), (461125.90376719646, 5407534.321574629, 80), (461127.73891568615, 5407534.308808318, 80), (461129.57406417676, 5407534.296042608, 80), (461131.4092126684, 5407534.283277502, 80), (461133.244361161, 5407534.270512997, 80), (461135.0795096546, 5407534.257749097, 80), (461136.9146581492, 5407534.244985799, 80), (461138.7498066447, 5407534.232223102, 80), (461140.5849551412, 5407534.219461009, 80), (461142.42010363867, 5407534.2066995185, 80), (461144.25525213714, 5407534.193938631, 80), (461146.0904006366, 5407534.181178346, 80), (461147.925549137, 5407534.168418664, 80), (461149.7606976384, 5407534.155659584, 80), (461151.5958461407, 5407534.142901107, 80), (461036.0008700441, 5407537.726890502, 80), (461037.83601757325, 5407537.714094658, 80), (461039.6711651034, 5407537.701299418, 80), (461041.50631263445, 5407537.688504781, 80), (461043.34146016656, 5407537.675710745, 80), (461045.1766076996, 5407537.662917313, 80), (461047.0117552337, 5407537.650124482, 80), (461048.8469027687, 5407537.637332255, 80), (461050.6820503047, 5407537.624540632, 80), (461052.51719784166, 5407537.611749609, 80), (461054.35234537965, 5407537.598959191, 80), (461056.1874929185, 5407537.586169373, 80), (461058.0226404584, 5407537.57338016, 80), (461059.8577879994, 5407537.56059155, 80), (461061.6929355412, 5407537.547803542, 80), (461063.52808308403, 5407537.535016135, 80), (461065.36323062785, 5407537.522229333, 80), (461067.19837817264, 5407537.509443133, 80), (461069.0335257184, 5407537.4966575345, 80), (461070.8686732651, 5407537.483872541, 80), (461072.7038208128, 5407537.47108815, 80), (461074.53896836156, 5407537.4583043605, 80), (461076.3741159112, 5407537.445521173, 80), (461078.2092634618, 5407537.43273859, 80), (461080.0444110134, 5407537.419956609, 80), (461081.879558566, 5407537.407175231, 80), (461083.7147061196, 5407537.394394455, 80), (461085.54985367414, 5407537.381614281, 80), (461087.38500122965, 5407537.368834712, 80), (461089.22014878615, 5407537.356055744, 80), (461091.05529634363, 5407537.34327738, 80), (461092.8904439021, 5407537.330499617, 80), (461094.7255914615, 5407537.317722457, 80), (461096.5607390219, 5407537.304945901, 80), (461098.39588658325, 5407537.292169947, 80), (461100.2310341457, 5407537.279394595, 80), (461102.066181709, 5407537.266619848, 80), (461103.9013292733, 5407537.253845701, 80), (461105.7364768386, 5407537.241072158, 80), (461107.5716244048, 5407537.228299217, 80), (461109.4067719721, 5407537.215526881, 80), (461111.2419195402, 5407537.202755146, 80), (461113.0770671094, 5407537.189984013, 80), (461114.9122146796, 5407537.1772134835, 80), (461116.74736225075, 5407537.164443557, 80), (461118.5825098228, 5407537.1516742315, 80), (461120.4176573959, 5407537.138905511, 80), (461122.25280496996, 5407537.126137392, 80), (461124.087952545, 5407537.1133698765, 80), (461125.92310012097, 5407537.100602963, 80), (461127.75824769796, 5407537.087836653, 80), (461129.5933952759, 5407537.075070945, 80), (461131.42854285485, 5407537.062305839, 80), (461133.26369043475, 5407537.0495413365, 80), (461135.09883801563, 5407537.036777438, 80), (461136.93398559745, 5407537.0240141405, 80), (461138.7691331803, 5407537.011251445, 80), (461140.6042807641, 5407536.998489355, 80), (461142.43942834885, 5407536.985727865, 80), (461144.2745759346, 5407536.972966978, 80), (461146.10972352134, 5407536.960206695, 80), (461147.94487110904, 5407536.947447015, 80), (461149.7800186977, 5407536.934687936, 80), (461151.61516628735, 5407536.921929461, 80), (461036.02024769865, 5407540.505918776, 80), (461037.8553943151, 5407540.493122934, 80), (461039.69054093247, 5407540.480327695, 80), (461041.5256875509, 5407540.467533058, 80), (461043.36083417025, 5407540.454739024, 80), (461045.19598079065, 5407540.441945594, 80), (461047.031127412, 5407540.429152764, 80), (461048.8662740343, 5407540.416360539, 80), (461050.70142065757, 5407540.403568916, 80), (461052.5365672819, 5407540.390777896, 80), (461054.3717139071, 5407540.377987479, 80), (461056.20686053333, 5407540.365197664, 80), (461058.0420071605, 5407540.352408452, 80), (461059.8771537887, 5407540.339619842, 80), (461061.7123004179, 5407540.326831836, 80), (461063.54744704795, 5407540.314044432, 80), (461065.38259367907, 5407540.30125763, 80), (461067.2177403112, 5407540.288471432, 80), (461069.0528869442, 5407540.275685836, 80), (461070.88803357823, 5407540.262900843, 80), (461072.72318021324, 5407540.250116453, 80), (461074.55832684925, 5407540.237332664, 80), (461076.39347348624, 5407540.224549481, 80), (461078.22862012417, 5407540.211766898, 80), (461080.0637667631, 5407540.198984918, 80), (461081.8989134029, 5407540.186203541, 80), (461083.7340600438, 5407540.173422767, 80), (461085.56920668564, 5407540.160642595, 80), (461087.40435332846, 5407540.147863027, 80), (461089.23949997226, 5407540.13508406, 80), (461091.07464661705, 5407540.122305698, 80), (461092.9097932628, 5407540.109527936, 80), (461094.7449399095, 5407540.096750779, 80), (461096.5800865572, 5407540.083974224, 80), (461098.41523320583, 5407540.071198272, 80), (461100.2503798555, 5407540.058422921, 80), (461102.0855265062, 5407540.045648175, 80), (461103.9206731577, 5407540.03287403, 80), (461105.7558198103, 5407540.020100488, 80), (461107.5909664639, 5407540.007327549, 80), (461109.4261131184, 5407539.994555213, 80), (461111.26125977386, 5407539.981783479, 80), (461113.09640643036, 5407539.969012349, 80), (461114.9315530878, 5407539.956241821, 80), (461116.76669974625, 5407539.943471895, 80), (461118.60184640565, 5407539.930702573, 80), (461120.436993066, 5407539.917933852, 80), (461122.27213972737, 5407539.905165736, 80), (461124.1072863897, 5407539.8923982205, 80), (461125.94243305293, 5407539.879631309, 80), (461127.7775797172, 5407539.866865001, 80), (461129.6127263825, 5407539.854099293, 80), (461131.4478730487, 5407539.841334189, 80), (461133.2830197159, 5407539.828569689, 80), (461135.11816638405, 5407539.815805791, 80), (461136.95331305324, 5407539.803042495, 80), (461138.78845972335, 5407539.790279802, 80), (461140.62360639445, 5407539.777517712, 80), (461142.4587530665, 5407539.764756224, 80), (461144.29389973957, 5407539.75199534, 80), (461146.12904641364, 5407539.7392350575, 80), (461147.9641930886, 5407539.7264753785, 80), (461149.7993397646, 5407539.713716302, 80), (461151.6344864415, 5407539.700957828, 80), (461036.03962536063, 5407543.284947061, 80), (461037.8747710644, 5407543.272151221, 80), (461039.70991676906, 5407543.259355984, 80), (461041.5450624748, 5407543.2465613475, 80), (461043.38020818145, 5407543.233767316, 80), (461045.2153538891, 5407543.220973887, 80), (461047.05049959774, 5407543.20818106, 80), (461048.88564530737, 5407543.195388836, 80), (461050.7207910179, 5407543.182597214, 80), (461052.55593672954, 5407543.1698061945, 80), (461054.3910824421, 5407543.157015779, 80), (461056.22622815554, 5407543.144225965, 80), (461058.06137387006, 5407543.131436755, 80), (461059.89651958557, 5407543.118648147, 80), (461061.73166530195, 5407543.105860142, 80), (461063.5668110194, 5407543.093072739, 80), (461065.4019567378, 5407543.08028594, 80), (461067.2371024572, 5407543.067499743, 80), (461069.07224817754, 5407543.054714149, 80), (461070.9073938988, 5407543.041929157, 80), (461072.74253962113, 5407543.029144768, 80), (461074.5776853445, 5407543.016360981, 80), (461076.41283106874, 5407543.003577799, 80), (461078.2479767939, 5407542.9907952165, 80), (461080.0831225201, 5407542.97801324, 80), (461081.91826824733, 5407542.965231864, 80), (461083.7534139755, 5407542.95245109, 80), (461085.5885597046, 5407542.93967092, 80), (461087.4237054347, 5407542.926891354, 80), (461089.2588511658, 5407542.914112389, 80), (461091.0939968979, 5407542.901334027, 80), (461092.92914263095, 5407542.888556269, 80), (461094.7642883649, 5407542.875779112, 80), (461096.5994340999, 5407542.863002558, 80), (461098.43457983586, 5407542.850226607, 80), (461100.26972557284, 5407542.83745126, 80), (461102.10487131076, 5407542.824676514, 80), (461103.94001704967, 5407542.811902371, 80), (461105.7751627895, 5407542.7991288295, 80), (461107.6103085304, 5407542.786355893, 80), (461109.4454542722, 5407542.773583558, 80), (461111.28060001496, 5407542.760811826, 80), (461113.11574575875, 5407542.748040698, 80), (461114.9508915035, 5407542.7352701705, 80), (461116.78603724926, 5407542.722500246, 80), (461118.6211829959, 5407542.709730924, 80), (461120.4563287436, 5407542.696962206, 80), (461122.29147449223, 5407542.68419409, 80), (461124.12662024185, 5407542.6714265775, 80), (461125.9617659924, 5407542.658659668, 80), (461127.796911744, 5407542.64589336, 80), (461129.6320574965, 5407542.633127655, 80), (461131.4672032501, 5407542.620362552, 80), (461133.30234900455, 5407542.607598052, 80), (461135.13749476004, 5407542.594834156, 80), (461136.97264051647, 5407542.582070862, 80), (461138.8077862739, 5407542.56930817, 80), (461140.6429320323, 5407542.556546082, 80), (461142.47807779163, 5407542.543784596, 80), (461144.31322355196, 5407542.531023713, 80), (461146.14836931333, 5407542.518263432, 80), (461147.9835150756, 5407542.505503754, 80), (461149.8186608389, 5407542.492744679, 80), (461151.6538066031, 5407542.479986207, 80), (461036.05900303007, 5407546.063975358, 80), (461037.8941478211, 5407546.051179519, 80), (461039.7292926131, 5407546.038384282, 80), (461041.56443740614, 5407546.02558965, 80), (461043.3995822001, 5407546.012795618, 80), (461045.23472699506, 5407546.0000021905, 80), (461047.069871791, 5407545.987209364, 80), (461048.9050165879, 5407545.974417142, 80), (461050.74016138574, 5407545.961625522, 80), (461052.57530618465, 5407545.948834505, 80), (461054.4104509845, 5407545.9360440895, 80), (461056.24559578527, 5407545.9232542785, 80), (461058.08074058703, 5407545.910465069, 80), (461059.91588538984, 5407545.897676463, 80), (461061.7510301936, 5407545.884888459, 80), (461063.5861749983, 5407545.872101058, 80), (461065.421319804, 5407545.859314259, 80), (461067.2564646107, 5407545.846528064, 80), (461069.0916094183, 5407545.833742471, 80), (461070.9267542269, 5407545.820957481, 80), (461072.76189903653, 5407545.808173093, 80), (461074.59704384714, 5407545.795389309, 80), (461076.4321886587, 5407545.782606127, 80), (461078.26733347116, 5407545.769823547, 80), (461080.1024782847, 5407545.75704157, 80), (461081.93762309913, 5407545.7442601975, 80), (461083.77276791463, 5407545.731479426, 80), (461085.607912731, 5407545.718699258, 80), (461087.44305754843, 5407545.70591969, 80), (461089.27820236684, 5407545.693140728, 80), (461091.11334718624, 5407545.680362367, 80), (461092.9484920065, 5407545.66758461, 80), (461094.78363682784, 5407545.654807456, 80), (461096.6187816501, 5407545.642030904, 80), (461098.4539264734, 5407545.629254954, 80), (461100.2890712976, 5407545.616479607, 80), (461102.12421612284, 5407545.603704862, 80), (461103.95936094905, 5407545.590930722, 80), (461105.79450577614, 5407545.578157184, 80), (461107.6296506043, 5407545.565384246, 80), (461109.46479543345, 5407545.552611913, 80), (461111.2999402635, 5407545.539840183, 80), (461113.13508509455, 5407545.527069055, 80), (461114.97022992664, 5407545.51429853, 80), (461116.80537475966, 5407545.501528608, 80), (461118.6405195936, 5407545.488759287, 80), (461120.4756644286, 5407545.47599057, 80), (461122.31080926454, 5407545.463222456, 80), (461124.14595410146, 5407545.450454945, 80), (461125.9810989393, 5407545.437688036, 80), (461127.8162437782, 5407545.42492173, 80), (461129.651388618, 5407545.412156027, 80), (461131.48653345887, 5407545.399390926, 80), (461133.3216783007, 5407545.386626427, 80), (461135.1568231434, 5407545.373862533, 80), (461136.99196798715, 5407545.361099239, 80), (461138.8271128319, 5407545.3483365495, 80), (461140.6622576775, 5407545.335574462, 80), (461142.49740252417, 5407545.322812977, 80), (461144.33254737186, 5407545.310052096, 80), (461146.1676922205, 5407545.297291817, 80), (461148.00283707003, 5407545.284532141, 80), (461149.8379819206, 5407545.271773066, 80), (461151.6731267721, 5407545.259014596, 80), (461036.07838070707, 5407548.843003667, 80), (461037.91352458537, 5407548.83020783, 80), (461039.7486684647, 5407548.817412595, 80), (461041.583812345, 5407548.804617963, 80), (461043.4189562262, 5407548.791823934, 80), (461045.2541001085, 5407548.7790305065, 80), (461047.0892439917, 5407548.766237684, 80), (461048.92438787594, 5407548.753445462, 80), (461050.7595317611, 5407548.740653845, 80), (461052.59467564727, 5407548.7278628275, 80), (461054.42981953436, 5407548.715072415, 80), (461056.26496342244, 5407548.702282605, 80), (461058.10010731156, 5407548.689493397, 80), (461059.9352512017, 5407548.67670479, 80), (461061.77039509267, 5407548.663916789, 80), (461063.60553898464, 5407548.65112939, 80), (461065.44068287767, 5407548.638342593, 80), (461067.2758267716, 5407548.625556399, 80), (461069.1109706666, 5407548.612770808, 80), (461070.94611456245, 5407548.599985819, 80), (461072.7812584594, 5407548.587201433, 80), (461074.61640235723, 5407548.574417649, 80), (461076.4515462561, 5407548.561634469, 80), (461078.2866901559, 5407548.548851891, 80), (461080.1218340567, 5407548.536069916, 80), (461081.95697795844, 5407548.523288543, 80), (461083.79212186125, 5407548.510507773, 80), (461085.6272657649, 5407548.497727606, 80), (461087.46240966965, 5407548.484948043, 80), (461089.2975535753, 5407548.472169081, 80), (461091.132697482, 5407548.459390722, 80), (461092.9678413896, 5407548.446612966, 80), (461094.8029852982, 5407548.433835812, 80), (461096.6381292078, 5407548.421059261, 80), (461098.4732731183, 5407548.408283314, 80), (461100.30841702985, 5407548.395507967, 80), (461102.1435609424, 5407548.382733226, 80), (461103.9787048559, 5407548.369959086, 80), (461105.81384877034, 5407548.357185548, 80), (461107.6489926858, 5407548.344412614, 80), (461109.48413660214, 5407548.331640283, 80), (461111.31928051956, 5407548.318868553, 80), (461113.1544244379, 5407548.306097427, 80), (461114.98956835724, 5407548.293326903, 80), (461116.82471227756, 5407548.280556982, 80), (461118.6598561988, 5407548.267787664, 80), (461120.49500012107, 5407548.255018948, 80), (461122.33014404436, 5407548.2422508355, 80), (461124.1652879685, 5407548.229483326, 80), (461126.00043189374, 5407548.216716418, 80), (461127.83557581983, 5407548.203950114, 80), (461129.67071974697, 5407548.191184411, 80), (461131.50586367515, 5407548.1784193115, 80), (461133.3410076042, 5407548.165654815, 80), (461135.17615153425, 5407548.152890922, 80), (461137.0112954653, 5407548.140127631, 80), (461138.8464393973, 5407548.127364942, 80), (461140.68158333027, 5407548.114602855, 80), (461142.5167272642, 5407548.101841373, 80), (461144.3518711992, 5407548.089080493, 80), (461146.1870151351, 5407548.076320214, 80), (461148.022159072, 5407548.063560541, 80), (461149.85730300983, 5407548.050801468, 80), (461151.6924469486, 5407548.038042999, 80), (461036.0977583915, 5407551.622031989, 80), (461037.9329013571, 5407551.609236153, 80), (461039.7680443237, 5407551.59644092, 80), (461041.6031872913, 5407551.583646289, 80), (461043.4383302599, 5407551.570852261, 80), (461045.2734732294, 5407551.558058836, 80), (461047.1086161999, 5407551.545266014, 80), (461048.9437591714, 5407551.532473793, 80), (461050.7789021439, 5407551.519682176, 80), (461052.61404511734, 5407551.506891162, 80), (461054.44918809173, 5407551.49410075, 80), (461056.2843310671, 5407551.481310942, 80), (461058.1194740435, 5407551.468521736, 80), (461059.9546170209, 5407551.455733132, 80), (461061.78975999926, 5407551.442945132, 80), (461063.62490297854, 5407551.430157733, 80), (461065.4600459588, 5407551.417370938, 80), (461067.2951889401, 5407551.404584745, 80), (461069.1303319223, 5407551.391799156, 80), (461070.9654749055, 5407551.379014168, 80), (461072.8006178897, 5407551.366229784, 80), (461074.6357608749, 5407551.353446002, 80), (461076.470903861, 5407551.340662822, 80), (461078.3060468481, 5407551.327880246, 80), (461080.1411898362, 5407551.315098274, 80), (461081.97633282526, 5407551.302316901, 80), (461083.8114758153, 5407551.289536133, 80), (461085.64661880635, 5407551.276755968, 80), (461087.4817617983, 5407551.263976405, 80), (461089.3169047913, 5407551.251197445, 80), (461091.15204778523, 5407551.238419089, 80), (461092.9871907802, 5407551.225641333, 80), (461094.82233377604, 5407551.212864181, 80), (461096.6574767729, 5407551.200087632, 80), (461098.49261977075, 5407551.187311686, 80), (461100.3277627696, 5407551.174536341, 80), (461102.1629057694, 5407551.1617616005, 80), (461103.9980487702, 5407551.148987463, 80), (461105.83319177193, 5407551.136213927, 80), (461107.6683347747, 5407551.123440993, 80), (461109.5034777784, 5407551.110668662, 80), (461111.33862078306, 5407551.097896935, 80), (461113.17376378865, 5407551.0851258105, 80), (461115.00890679535, 5407551.072355288, 80), (461116.8440498029, 5407551.059585369, 80), (461118.6791928115, 5407551.046816051, 80), (461120.51433582103, 5407551.034047337, 80), (461122.34947883163, 5407551.021279226, 80), (461124.1846218431, 5407551.008511717, 80), (461126.01976485556, 5407550.995744811, 80), (461127.854907869, 5407550.982978509, 80), (461129.69005088345, 5407550.970212807, 80), (461131.5251938989, 5407550.9574477095, 80), (461133.36033691524, 5407550.944683215, 80), (461135.1954799326, 5407550.931919322, 80), (461137.0306229509, 5407550.919156033, 80), (461138.8657659702, 5407550.906393345, 80), (461140.70090899046, 5407550.893631262, 80), (461142.5360520117, 5407550.88086978, 80), (461144.37119503395, 5407550.868108901, 80), (461146.2063380572, 5407550.855348625, 80), (461148.04148108134, 5407550.842588952, 80), (461149.8766241065, 5407550.829829881, 80), (461151.71176713257, 5407550.817071413, 80), (461036.1171360834, 5407554.401060321, 80), (461037.95227813633, 5407554.388264487, 80), (461039.78742019023, 5407554.375469255, 80), (461041.6225622451, 5407554.3626746265, 80), (461043.45770430093, 5407554.3498806, 80), (461045.2928463578, 5407554.337087176, 80), (461047.1279884156, 5407554.324294356, 80), (461048.9631304744, 5407554.311502136, 80), (461050.79827253416, 5407554.298710521, 80), (461052.6334145949, 5407554.285919509, 80), (461054.4685566566, 5407554.273129099, 80), (461056.3036987193, 5407554.260339292, 80), (461058.1388407829, 5407554.247550086, 80), (461059.97398284764, 5407554.234761485, 80), (461061.80912491324, 5407554.221973486, 80), (461063.6442669798, 5407554.209186089, 80), (461065.4794090474, 5407554.196399295, 80), (461067.31455111597, 5407554.183613104, 80), (461069.1496931855, 5407554.170827515, 80), (461070.984835256, 5407554.15804253, 80), (461072.8199773275, 5407554.145258146, 80), (461074.6551194, 5407554.132474366, 80), (461076.4902614734, 5407554.119691188, 80), (461078.3254035478, 5407554.106908614, 80), (461080.16054562316, 5407554.094126642, 80), (461081.9956876995, 5407554.081345272, 80), (461083.8308297769, 5407554.068564505, 80), (461085.66597185517, 5407554.055784341, 80), (461087.50111393444, 5407554.043004779, 80), (461089.3362560147, 5407554.030225822, 80), (461091.171398096, 5407554.017447465, 80), (461093.0065401782, 5407554.004669712, 80), (461094.8416822614, 5407553.991892562, 80), (461096.67682434554, 5407553.979116014, 80), (461098.51196643064, 5407553.966340069, 80), (461100.3471085168, 5407553.953564727, 80), (461102.1822506039, 5407553.940789986, 80), (461104.017392692, 5407553.9280158505, 80), (461105.85253478104, 5407553.915242315, 80), (461107.687676871, 5407553.9024693845, 80), (461109.52281896205, 5407553.889697055, 80), (461111.35796105396, 5407553.87692533, 80), (461113.1931031469, 5407553.864154205, 80), (461115.02824524086, 5407553.851383685, 80), (461116.8633873358, 5407553.838613766, 80), (461118.69852943165, 5407553.825844451, 80), (461120.5336715285, 5407553.813075738, 80), (461122.3688136263, 5407553.80030763, 80), (461124.2039557251, 5407553.787540122, 80), (461126.03909782483, 5407553.774773217, 80), (461127.8742399256, 5407553.762006915, 80), (461129.70938202733, 5407553.749241216, 80), (461131.54452413006, 5407553.736476121, 80), (461133.3796662337, 5407553.723711626, 80), (461135.2148083384, 5407553.710947737, 80), (461137.04995044396, 5407553.698184447, 80), (461138.88509255054, 5407553.685421762, 80), (461140.7202346581, 5407553.672659679, 80), (461142.55537676666, 5407553.659898198, 80), (461144.3905188762, 5407553.6471373215, 80), (461146.22566098673, 5407553.634377047, 80), (461148.0608030982, 5407553.621617376, 80), (461149.8959452106, 5407553.608858306, 80), (461151.73108732403, 5407553.59609984, 80), (461036.13651378284, 5407557.180088666, 80), (461037.971654923, 5407557.167292833, 80), (461039.8067960642, 5407557.154497604, 80), (461041.6419372064, 5407557.141702976, 80), (461043.4770783495, 5407557.128908951, 80), (461045.3122194937, 5407557.116115528, 80), (461047.1473606388, 5407557.103322709, 80), (461048.98250178486, 5407557.090530492, 80), (461050.8176429319, 5407557.077738877, 80), (461052.65278407995, 5407557.064947866, 80), (461054.48792522895, 5407557.052157459, 80), (461056.32306637894, 5407557.039367652, 80), (461058.15820752986, 5407557.026578449, 80), (461059.99334868183, 5407557.0137898475, 80), (461061.82848983473, 5407557.00100185, 80), (461063.6636309886, 5407556.988214455, 80), (461065.4987721435, 5407556.975427663, 80), (461067.3339132994, 5407556.962641474, 80), (461069.1690544562, 5407556.949855887, 80), (461071.00419561396, 5407556.937070902, 80), (461072.8393367727, 5407556.92428652, 80), (461074.6744779325, 5407556.911502741, 80), (461076.5096190932, 5407556.898719565, 80), (461078.3447602549, 5407556.885936993, 80), (461080.1799014176, 5407556.873155021, 80), (461082.01504258125, 5407556.8603736535, 80), (461083.85018374585, 5407556.8475928875, 80), (461085.6853249115, 5407556.834812726, 80), (461087.5204660781, 5407556.822033166, 80), (461089.35560724564, 5407556.8092542095, 80), (461091.1907484142, 5407556.796475855, 80), (461093.0258895837, 5407556.783698102, 80), (461094.86103075417, 5407556.770920954, 80), (461096.6961719256, 5407556.758144407, 80), (461098.53131309804, 5407556.745368463, 80), (461100.3664542715, 5407556.732593122, 80), (461102.20159544586, 5407556.719818385, 80), (461104.03673662123, 5407556.7070442485, 80), (461105.87187779753, 5407556.694270715, 80), (461107.7070189749, 5407556.681497785, 80), (461109.54216015316, 5407556.66872546, 80), (461111.3773013324, 5407556.655953733, 80), (461113.2124425126, 5407556.643182611, 80), (461115.0475836939, 5407556.630412093, 80), (461116.88272487605, 5407556.617642175, 80), (461118.7178660593, 5407556.604872862, 80), (461120.5530072434, 5407556.592104151, 80), (461122.3881484285, 5407556.579336042, 80), (461124.2232896146, 5407556.566568537, 80), (461126.0584308016, 5407556.553801634, 80), (461127.89357198967, 5407556.541035334, 80), (461129.72871317866, 5407556.528269636, 80), (461131.5638543687, 5407556.515504542, 80), (461133.39899555966, 5407556.50274005, 80), (461135.2341367516, 5407556.48997616, 80), (461137.0692779445, 5407556.477212874, 80), (461138.9044191384, 5407556.464450189, 80), (461140.73956033326, 5407556.451688108, 80), (461142.57470152905, 5407556.438926629, 80), (461144.4098427259, 5407556.426165753, 80), (461146.24498392374, 5407556.41340548, 80), (461148.08012512245, 5407556.400645809, 80), (461149.9152663222, 5407556.387886742, 80), (461151.7504075229, 5407556.375128277, 80), (461036.1558914897, 5407559.959117023, 80), (461037.9910317172, 5407559.946321193, 80), (461039.82617194566, 5407559.933525964, 80), (461041.66131217516, 5407559.920731338, 80), (461043.4964524056, 5407559.907937313, 80), (461045.331592637, 5407559.895143894, 80), (461047.1667328694, 5407559.882351075, 80), (461049.0018731028, 5407559.86955886, 80), (461050.8370133371, 5407559.856767247, 80), (461052.67215357244, 5407559.843976237, 80), (461054.50729380874, 5407559.83118583, 80), (461056.34243404603, 5407559.818396025, 80), (461058.17757428426, 5407559.805606824, 80), (461060.01271452353, 5407559.792818226, 80), (461061.84785476374, 5407559.780030228, 80), (461063.6829950049, 5407559.767242835, 80), (461065.51813524705, 5407559.754456044, 80), (461067.3532754902, 5407559.741669856, 80), (461069.18841573433, 5407559.728884271, 80), (461071.0235559794, 5407559.716099287, 80), (461072.85869622545, 5407559.703314908, 80), (461074.6938364726, 5407559.690531131, 80), (461076.5289767206, 5407559.677747956, 80), (461078.3641169695, 5407559.664965383, 80), (461080.1992572195, 5407559.652183414, 80), (461082.0343974704, 5407559.639402048, 80), (461083.8695377224, 5407559.6266212845, 80), (461085.7046779753, 5407559.613841123, 80), (461087.53981822915, 5407559.601061565, 80), (461089.37495848397, 5407559.588282609, 80), (461091.21009873983, 5407559.5755042555, 80), (461093.0452389966, 5407559.562726506, 80), (461094.8803792544, 5407559.549949358, 80), (461096.7155195131, 5407559.537172813, 80), (461098.5506597729, 5407559.524396872, 80), (461100.3858000336, 5407559.511621532, 80), (461102.2209402953, 5407559.4988467945, 80), (461104.05608055793, 5407559.486072661, 80), (461105.89122082153, 5407559.47329913, 80), (461107.7263610862, 5407559.460526201, 80), (461109.56150135177, 5407559.4477538755, 80), (461111.3966416183, 5407559.434982152, 80), (461113.23178188584, 5407559.422211031, 80), (461115.06692215434, 5407559.409440514, 80), (461116.9020624239, 5407559.396670599, 80), (461118.7372026943, 5407559.383901287, 80), (461120.57234296575, 5407559.371132577, 80), (461122.40748323814, 5407559.35836447, 80), (461124.2426235115, 5407559.345596966, 80), (461126.07776378584, 5407559.332830064, 80), (461127.9129040612, 5407559.320063766, 80), (461129.7480443375, 5407559.307298069, 80), (461131.58318461484, 5407559.294532976, 80), (461133.41832489305, 5407559.281768485, 80), (461135.2534651723, 5407559.269004597, 80), (461137.08860545245, 5407559.256241312, 80), (461138.9237457337, 5407559.243478629, 80), (461140.75888601586, 5407559.23071655, 80), (461142.59402629896, 5407559.217955072, 80), (461144.42916658305, 5407559.205194198, 80), (461146.2643068682, 5407559.192433926, 80), (461148.0994471542, 5407559.1796742575, 80), (461149.9345874412, 5407559.166915191, 80), (461151.7697277292, 5407559.154156729, 80), (461036.1752692041, 5407562.738145394, 80), (461038.01040851884, 5407562.725349565, 80), (461039.84554783464, 5407562.712554337, 80), (461041.6806871514, 5407562.6997597115, 80), (461043.5158264691, 5407562.686965689, 80), (461045.35096578783, 5407562.67417227, 80), (461047.18610510754, 5407562.661379454, 80), (461049.0212444282, 5407562.648587239, 80), (461050.8563837498, 5407562.635795629, 80), (461052.6915230724, 5407562.623004621, 80), (461054.52666239603, 5407562.610214216, 80), (461056.3618017206, 5407562.597424411, 80), (461058.1969410461, 5407562.584635212, 80), (461060.03208037274, 5407562.571846615, 80), (461061.8672197002, 5407562.55905862, 80), (461063.7023590287, 5407562.546271226, 80), (461065.5374983581, 5407562.533484438, 80), (461067.3726376886, 5407562.520698251, 80), (461069.20777701994, 5407562.507912667, 80), (461071.04291635234, 5407562.495127685, 80), (461072.87805568567, 5407562.482343307, 80), (461074.71319502004, 5407562.469559531, 80), (461076.54833435535, 5407562.456776358, 80), (461078.38347369165, 5407562.443993787, 80), (461080.2186130289, 5407562.43121182, 80), (461082.05375236715, 5407562.418430454, 80), (461083.88889170636, 5407562.405649692, 80), (461085.72403104656, 5407562.392869533, 80), (461087.5591703877, 5407562.380089976, 80), (461089.39430972986, 5407562.367311022, 80), (461091.22944907297, 5407562.35453267, 80), (461093.06458841707, 5407562.341754921, 80), (461094.89972776215, 5407562.328977776, 80), (461096.73486710817, 5407562.316201231, 80), (461098.5700064552, 5407562.303425292, 80), (461100.4051458032, 5407562.290649953, 80), (461102.2402851522, 5407562.277875218, 80), (461104.07542450214, 5407562.265101085, 80), (461105.91056385305, 5407562.252327556, 80), (461107.74570320494, 5407562.239554628, 80), (461109.5808425578, 5407562.226782305, 80), (461111.41598191165, 5407562.214010582, 80), (461113.2511212665, 5407562.201239464, 80), (461115.0862606223, 5407562.188468948, 80), (461116.9213999791, 5407562.175699033, 80), (461118.7565393368, 5407562.162929723, 80), (461120.5916786955, 5407562.150161014, 80), (461122.4268180553, 5407562.137392909, 80), (461124.26195741596, 5407562.124625406, 80), (461126.0970967776, 5407562.111858507, 80), (461127.9322361402, 5407562.099092209, 80), (461129.7673755038, 5407562.086326514, 80), (461131.60251486837, 5407562.0735614225, 80), (461133.43765423395, 5407562.060796933, 80), (461135.27279360045, 5407562.048033047, 80), (461137.10793296795, 5407562.035269763, 80), (461138.94307233643, 5407562.022507083, 80), (461140.77821170585, 5407562.009745005, 80), (461142.61335107626, 5407561.996983528, 80), (461144.4484904477, 5407561.984222654, 80), (461146.2836298201, 5407561.971462385, 80), (461148.1187691934, 5407561.958702717, 80), (461149.9539085677, 5407561.945943653, 80), (461151.789047943, 5407561.933185191, 80), (461036.1946469259, 5407565.517173775, 80), (461038.02978532796, 5407565.504377946, 80), (461039.8649237311, 5407565.491582721, 80), (461041.7000621351, 5407565.478788097, 80), (461043.5352005401, 5407565.465994077, 80), (461045.3703389461, 5407565.453200659, 80), (461047.2054773531, 5407565.440407842, 80), (461049.04061576107, 5407565.427615631, 80), (461050.87575417, 5407565.414824022, 80), (461052.7108925799, 5407565.402033014, 80), (461054.5460309908, 5407565.38924261, 80), (461056.3811694026, 5407565.376452809, 80), (461058.2163078155, 5407565.363663611, 80), (461060.05144622934, 5407565.350875014, 80), (461061.88658464415, 5407565.338087021, 80), (461063.7217230599, 5407565.32529963, 80), (461065.5568614766, 5407565.312512842, 80), (461067.39199989435, 5407565.299726658, 80), (461069.22713831306, 5407565.286941075, 80), (461071.0622767327, 5407565.274156094, 80), (461072.89741515333, 5407565.261371718, 80), (461074.732553575, 5407565.248587944, 80), (461076.5676919976, 5407565.235804771, 80), (461078.40283042117, 5407565.223022202, 80), (461080.23796884576, 5407565.2102402365, 80), (461082.0731072713, 5407565.197458873, 80), (461083.9082456978, 5407565.184678112, 80), (461085.74338412524, 5407565.171897953, 80), (461087.5785225537, 5407565.159118397, 80), (461089.41366098315, 5407565.146339445, 80), (461091.2487994136, 5407565.133561095, 80), (461093.08393784496, 5407565.120783348, 80), (461094.9190762773, 5407565.108006204, 80), (461096.7542147107, 5407565.095229661, 80), (461098.589353145, 5407565.082453723, 80), (461100.4244915802, 5407565.069678386, 80), (461102.2596300165, 5407565.056903652, 80), (461104.0947684538, 5407565.044129522, 80), (461105.92990689195, 5407565.031355993, 80), (461107.7650453312, 5407565.018583067, 80), (461109.60018377134, 5407565.005810744, 80), (461111.43532221246, 5407564.993039025, 80), (461113.2704606546, 5407564.980267906, 80), (461115.1055990977, 5407564.967497391, 80), (461116.94073754176, 5407564.954727479, 80), (461118.7758759868, 5407564.94195817, 80), (461120.6110144328, 5407564.929189463, 80), (461122.44615287986, 5407564.916421359, 80), (461124.2812913278, 5407564.903653858, 80), (461126.11642977677, 5407564.890886959, 80), (461127.9515682266, 5407564.8781206645, 80), (461129.7867066775, 5407564.865354971, 80), (461131.6218451294, 5407564.852589881, 80), (461133.4569835823, 5407564.839825392, 80), (461135.29212203604, 5407564.827061508, 80), (461137.12726049084, 5407564.814298226, 80), (461138.96239894663, 5407564.801535545, 80), (461140.79753740336, 5407564.788773469, 80), (461142.63267586107, 5407564.776011994, 80), (461144.46781431977, 5407564.763251123, 80), (461146.30295277946, 5407564.7504908545, 80), (461148.1380912401, 5407564.737731189, 80), (461149.9732297017, 5407564.724972125, 80), (461151.8083681643, 5407564.712213663, 80), (461036.21402465523, 5407568.296202169, 80), (461038.0491621446, 5407568.283406341, 80), (461039.88429963496, 5407568.270611118, 80), (461041.7194371263, 5407568.257816495, 80), (461043.5545746186, 5407568.245022476, 80), (461045.3897121119, 5407568.2322290605, 80), (461047.2248496062, 5407568.219436246, 80), (461049.0599871015, 5407568.206644036, 80), (461050.89512459765, 5407568.193852427, 80), (461052.7302620949, 5407568.1810614215, 80), (461054.56539959303, 5407568.16827102, 80), (461056.4005370922, 5407568.15548122, 80), (461058.2356745923, 5407568.142692022, 80), (461060.07081209344, 5407568.129903427, 80), (461061.90594959556, 5407568.117115436, 80), (461063.7410870986, 5407568.104328047, 80), (461065.57622460264, 5407568.09154126, 80), (461067.41136210767, 5407568.078755076, 80), (461069.2464996136, 5407568.065969494, 80), (461071.0816371206, 5407568.053184517, 80), (461072.9167746285, 5407568.040400142, 80), (461074.7519121375, 5407568.027616368, 80), (461076.58704964735, 5407568.014833198, 80), (461078.42218715826, 5407568.002050631, 80), (461080.2573246701, 5407567.989268666, 80), (461082.09246218286, 5407567.976487303, 80), (461083.9275996967, 5407567.963706545, 80), (461085.7627372115, 5407567.950926388, 80), (461087.5978747272, 5407567.938146833, 80), (461089.43301224394, 5407567.9253678825, 80), (461091.26814976166, 5407567.912589533, 80), (461093.10328728036, 5407567.8998117875, 80), (461094.9384248, 5407567.887034645, 80), (461096.7735623206, 5407567.874258104, 80), (461098.60869984224, 5407567.861482167, 80), (461100.4438373648, 5407567.848706832, 80), (461102.2789748884, 5407567.835932099, 80), (461104.1141124129, 5407567.82315797, 80), (461105.94924993836, 5407567.810384443, 80), (461107.7843874649, 5407567.797611519, 80), (461109.61952499236, 5407567.784839197, 80), (461111.4546625208, 5407567.772067478, 80), (461113.28980005014, 5407567.759296362, 80), (461115.12493758055, 5407567.74652585, 80), (461116.96007511194, 5407567.733755939, 80), (461118.79521264427, 5407567.720986631, 80), (461120.6303501776, 5407567.708217925, 80), (461122.4654877119, 5407567.6954498235, 80), (461124.3006252471, 5407567.682682323, 80), (461126.13576278335, 5407567.6699154265, 80), (461127.97090032056, 5407567.657149132, 80), (461129.8060378587, 5407567.64438344, 80), (461131.6411753979, 5407567.631618351, 80), (461133.4763129381, 5407567.618853864, 80), (461135.31145047914, 5407567.606089981, 80), (461137.14658802125, 5407567.593326701, 80), (461138.9817255643, 5407567.580564022, 80), (461140.8168631083, 5407567.567801947, 80), (461142.6520006533, 5407567.555040474, 80), (461144.4871381993, 5407567.542279605, 80), (461146.32227574626, 5407567.529519338, 80), (461148.1574132942, 5407567.516759673, 80), (461149.9925508431, 5407567.50400061, 80), (461151.82768839295, 5407567.491242151, 80), (461036.233402392, 5407571.075230573, 80), (461038.0685389687, 5407571.062434748, 80), (461039.90367554635, 5407571.049639526, 80), (461041.73881212494, 5407571.036844905, 80), (461043.5739487046, 5407571.024050887, 80), (461045.40908528515, 5407571.011257472, 80), (461047.2442218668, 5407570.99846466, 80), (461049.07935844926, 5407570.985672452, 80), (461050.9144950328, 5407570.972880844, 80), (461052.74963161733, 5407570.96008984, 80), (461054.58476820274, 5407570.947299439, 80), (461056.4199047892, 5407570.934509641, 80), (461058.25504137663, 5407570.921720444, 80), (461060.09017796506, 5407570.908931851, 80), (461061.9253145544, 5407570.896143861, 80), (461063.7604511448, 5407570.883356473, 80), (461065.5955877361, 5407570.870569688, 80), (461067.4307243284, 5407570.857783507, 80), (461069.2658609217, 5407570.844997927, 80), (461071.1009975159, 5407570.83221295, 80), (461072.93613411114, 5407570.819428576, 80), (461074.7712707074, 5407570.806644804, 80), (461076.6064073046, 5407570.793861636, 80), (461078.44154390274, 5407570.78107907, 80), (461080.2766805019, 5407570.768297106, 80), (461082.11181710195, 5407570.755515746, 80), (461083.94695370307, 5407570.742734987, 80), (461085.7820903051, 5407570.729954832, 80), (461087.61722690816, 5407570.717175281, 80), (461089.4523635122, 5407570.70439633, 80), (461091.2875001172, 5407570.691617983, 80), (461093.12263672316, 5407570.678840239, 80), (461094.9577733301, 5407570.666063096, 80), (461096.792909938, 5407570.653286559, 80), (461098.6280465469, 5407570.6405106215, 80), (461100.4631831568, 5407570.627735288, 80), (461102.2983197677, 5407570.614960557, 80), (461104.1334563795, 5407570.602186429, 80), (461105.9685929923, 5407570.589412904, 80), (461107.8037296061, 5407570.576639981, 80), (461109.63886622083, 5407570.563867662, 80), (461111.4740028365, 5407570.551095945, 80), (461113.3091394532, 5407570.538324829, 80), (461115.14427607093, 5407570.525554317, 80), (461116.9794126896, 5407570.512784408, 80), (461118.8145493092, 5407570.500015101, 80), (461120.64968592976, 5407570.487246398, 80), (461122.48482255137, 5407570.474478297, 80), (461124.3199591739, 5407570.4617107995, 80), (461126.15509579744, 5407570.448943904, 80), (461127.9902324219, 5407570.43617761, 80), (461129.8253690474, 5407570.42341192, 80), (461131.6605056739, 5407570.410646833, 80), (461133.4956423013, 5407570.397882348, 80), (461135.3307789297, 5407570.385118466, 80), (461137.16591555905, 5407570.372355187, 80), (461139.00105218944, 5407570.35959251, 80), (461140.8361888207, 5407570.346830436, 80), (461142.67132545303, 5407570.334068965, 80), (461144.50646208634, 5407570.321308097, 80), (461146.3415987206, 5407570.308547831, 80), (461148.1767353558, 5407570.295788168, 80), (461150.01187199197, 5407570.283029107, 80), (461151.8470086291, 5407570.270270648, 80), (461036.2527801363, 5407573.854258992, 80), (461038.0879158003, 5407573.841463167, 80), (461039.9230514652, 5407573.828667945, 80), (461041.75818713114, 5407573.815873328, 80), (461043.593322798, 5407573.803079311, 80), (461045.4284584659, 5407573.790285897, 80), (461047.26359413477, 5407573.777493087, 80), (461049.0987298046, 5407573.764700878, 80), (461050.9338654754, 5407573.751909273, 80), (461052.7690011472, 5407573.7391182715, 80), (461054.60413681995, 5407573.726327872, 80), (461056.4392724937, 5407573.713538075, 80), (461058.2744081684, 5407573.70074888, 80), (461060.1095438441, 5407573.687960289, 80), (461061.9446795208, 5407573.675172299, 80), (461063.7798151984, 5407573.662384912, 80), (461065.61495087703, 5407573.64959813, 80), (461067.4500865566, 5407573.636811949, 80), (461069.28522223723, 5407573.624026371, 80), (461071.1203579187, 5407573.611241395, 80), (461072.9554936013, 5407573.598457023, 80), (461074.7906292848, 5407573.585673252, 80), (461076.62576496927, 5407573.572890086, 80), (461078.4609006547, 5407573.560107521, 80), (461080.2960363411, 5407573.547325559, 80), (461082.13117202854, 5407573.5345442, 80), (461083.9663077169, 5407573.521763443, 80), (461085.80144340626, 5407573.50898329, 80), (461087.6365790966, 5407573.496203738, 80), (461089.47171478794, 5407573.483424791, 80), (461091.30685048026, 5407573.470646445, 80), (461093.14198617346, 5407573.457868702, 80), (461094.9771218677, 5407573.445091562, 80), (461096.8122575629, 5407573.432315024, 80), (461098.6473932591, 5407573.419539089, 80), (461100.48252895626, 5407573.406763757, 80), (461102.31766465446, 5407573.393989028, 80), (461104.15280035353, 5407573.381214901, 80), (461105.9879360536, 5407573.368441378, 80), (461107.8230717547, 5407573.355668455, 80), (461109.65820745676, 5407573.342896137, 80), (461111.49334315973, 5407573.330124422, 80), (461113.3284788637, 5407573.317353309, 80), (461115.1636145687, 5407573.3045828, 80), (461116.99875027465, 5407573.291812891, 80), (461118.8338859816, 5407573.279043585, 80), (461120.66902168945, 5407573.266274883, 80), (461122.50415739836, 5407573.253506784, 80), (461124.33929310815, 5407573.240739288, 80), (461126.174428819, 5407573.227972392, 80), (461128.0095645308, 5407573.215206102, 80), (461129.8447002435, 5407573.202440414, 80), (461131.6798359573, 5407573.189675326, 80), (461133.51497167203, 5407573.176910844, 80), (461135.3501073877, 5407573.1641469635, 80), (461137.18524310435, 5407573.151383686, 80), (461139.020378822, 5407573.138621011, 80), (461140.8555145406, 5407573.125858938, 80), (461142.6906502602, 5407573.113097467, 80), (461144.5257859808, 5407573.100336601, 80), (461146.36092170235, 5407573.087576336, 80), (461148.1960574249, 5407573.074816675, 80), (461150.03119314834, 5407573.062057617, 80), (461151.8663288728, 5407573.049299159, 80), (461036.2721578881, 5407576.63328742, 80), (461038.1072926393, 5407576.620491598, 80), (461039.94242739154, 5407576.607696377, 80), (461041.7775621448, 5407576.59490176, 80), (461043.6126968989, 5407576.582107745, 80), (461045.4478316541, 5407576.569314334, 80), (461047.2829664103, 5407576.556521524, 80), (461049.1181011674, 5407576.543729317, 80), (461050.95323592547, 5407576.5309377145, 80), (461052.7883706846, 5407576.518146713, 80), (461054.6235054446, 5407576.5053563155, 80), (461056.4586402056, 5407576.4925665185, 80), (461058.29377496766, 5407576.479777326, 80), (461060.12890973064, 5407576.466988737, 80), (461061.9640444946, 5407576.454200748, 80), (461063.7991792596, 5407576.441413364, 80), (461065.63431402546, 5407576.428626582, 80), (461067.46944879234, 5407576.415840403, 80), (461069.3045835602, 5407576.403054826, 80), (461071.139718329, 5407576.390269851, 80), (461072.97485309886, 5407576.377485481, 80), (461074.8099878697, 5407576.364701713, 80), (461076.6451226414, 5407576.3519185465, 80), (461078.48025741416, 5407576.339135983, 80), (461080.31539218785, 5407576.326354024, 80), (461082.15052696253, 5407576.313572666, 80), (461083.98566173826, 5407576.300791911, 80), (461085.8207965149, 5407576.288011758, 80), (461087.6559312925, 5407576.275232209, 80), (461089.4910660711, 5407576.262453262, 80), (461091.3262008507, 5407576.249674917, 80), (461093.1613356313, 5407576.236897177, 80), (461094.99647041276, 5407576.224120038, 80), (461096.8316051953, 5407576.211343502, 80), (461098.6667399787, 5407576.198567569, 80), (461100.5018747632, 5407576.185792238, 80), (461102.3370095487, 5407576.17301751, 80), (461104.17214433505, 5407576.1602433855, 80), (461106.0072791224, 5407576.147469862, 80), (461107.8424139108, 5407576.134696944, 80), (461109.6775487001, 5407576.121924626, 80), (461111.5126834904, 5407576.109152911, 80), (461113.3478182817, 5407576.096381799, 80), (461115.182953074, 5407576.083611291, 80), (461117.0180878672, 5407576.070841384, 80), (461118.8532226614, 5407576.058072082, 80), (461120.6883574566, 5407576.04530338, 80), (461122.5234922528, 5407576.032535283, 80), (461124.3586270499, 5407576.019767787, 80), (461126.193761848, 5407576.007000894, 80), (461128.02889664704, 5407575.994234605, 80), (461129.8640314471, 5407575.981468917, 80), (461131.6991662482, 5407575.968703833, 80), (461133.5343010502, 5407575.955939351, 80), (461135.36943585315, 5407575.943175472, 80), (461137.2045706571, 5407575.930412196, 80), (461139.03970546206, 5407575.917649522, 80), (461140.87484026793, 5407575.904887452, 80), (461142.7099750748, 5407575.892125982, 80), (461144.5451098827, 5407575.879365117, 80), (461146.38024469157, 5407575.866604854, 80), (461148.21537950134, 5407575.853845194, 80), (461150.0505143121, 5407575.841086135, 80), (461151.88564912387, 5407575.828327683, 80), (461036.29153564735, 5407579.412315862, 80), (461038.1266694859, 5407579.3995200405, 80), (461039.9618033254, 5407579.386724821, 80), (461041.7969371659, 5407579.373930206, 80), (461043.63207100733, 5407579.361136192, 80), (461045.4672048498, 5407579.348342783, 80), (461047.3023386933, 5407579.335549974, 80), (461049.1374725377, 5407579.322757769, 80), (461050.97260638303, 5407579.309966167, 80), (461052.8077402295, 5407579.297175168, 80), (461054.6428740768, 5407579.284384771, 80), (461056.4780079251, 5407579.271594978, 80), (461058.3131417744, 5407579.258805785, 80), (461060.14827562467, 5407579.246017197, 80), (461061.98340947594, 5407579.2332292115, 80), (461063.81854332815, 5407579.2204418285, 80), (461065.65367718134, 5407579.207655047, 80), (461067.4888110355, 5407579.19486887, 80), (461069.32394489064, 5407579.182083294, 80), (461071.1590787468, 5407579.169298322, 80), (461072.9942126039, 5407579.156513952, 80), (461074.82934646204, 5407579.143730184, 80), (461076.66448032105, 5407579.130947021, 80), (461078.4996141811, 5407579.11816446, 80), (461080.3347480421, 5407579.1053825, 80), (461082.1698819041, 5407579.092601144, 80), (461084.00501576706, 5407579.079820391, 80), (461085.84014963097, 5407579.067040239, 80), (461087.67528349586, 5407579.054260692, 80), (461089.5104173618, 5407579.041481747, 80), (461091.3455512287, 5407579.028703405, 80), (461093.1806850965, 5407579.0159256635, 80), (461095.01581896533, 5407579.003148527, 80), (461096.8509528351, 5407578.990371993, 80), (461098.6860867059, 5407578.97759606, 80), (461100.52122057765, 5407578.964820731, 80), (461102.35635445034, 5407578.952046005, 80), (461104.1914883241, 5407578.939271881, 80), (461106.0266221987, 5407578.92649836, 80), (461107.86175607436, 5407578.913725442, 80), (461109.696889951, 5407578.900953126, 80), (461111.5320238286, 5407578.8881814135, 80), (461113.3671577071, 5407578.8754103035, 80), (461115.2022915867, 5407578.862639796, 80), (461117.0374254673, 5407578.849869891, 80), (461118.8725593487, 5407578.83710059, 80), (461120.7076932312, 5407578.82433189, 80), (461122.5428271147, 5407578.811563794, 80), (461124.3779609991, 5407578.7987963, 80), (461126.2130948845, 5407578.786029409, 80), (461128.04822877084, 5407578.77326312, 80), (461129.88336265815, 5407578.760497434, 80), (461131.71849654656, 5407578.747732351, 80), (461133.55363043584, 5407578.734967872, 80), (461135.3887643261, 5407578.722203993, 80), (461137.2238982173, 5407578.709440718, 80), (461139.05903210957, 5407578.696678046, 80), (461140.89416600275, 5407578.683915976, 80), (461142.7292998969, 5407578.671154509, 80), (461144.5644337921, 5407578.658393646, 80), (461146.39956768823, 5407578.645633385, 80), (461148.2347015853, 5407578.632873726, 80), (461150.0698354834, 5407578.620114669, 80), (461151.9049693824, 5407578.607356217, 80), (461036.31091341405, 5407582.191344314, 80), (461038.1460463399, 5407582.178548495, 80), (461039.9811792667, 5407582.165753278, 80), (461041.81631219445, 5407582.152958664, 80), (461043.65144512325, 5407582.140164653, 80), (461045.486578053, 5407582.127371243, 80), (461047.32171098376, 5407582.114578436, 80), (461049.15684391547, 5407582.1017862335, 80), (461050.9919768481, 5407582.0889946325, 80), (461052.8271097818, 5407582.076203635, 80), (461054.6622427164, 5407582.063413239, 80), (461056.497375652, 5407582.050623447, 80), (461058.33250858856, 5407582.037834256, 80), (461060.1676415262, 5407582.02504567, 80), (461062.0027744647, 5407582.012257685, 80), (461063.83790740423, 5407581.999470304, 80), (461065.6730403447, 5407581.986683524, 80), (461067.5081732862, 5407581.973897348, 80), (461069.34330622863, 5407581.961111775, 80), (461071.17843917204, 5407581.948326803, 80), (461073.0135721164, 5407581.935542435, 80), (461074.8487050618, 5407581.9227586705, 80), (461076.68383800815, 5407581.909975506, 80), (461078.5189709555, 5407581.897192947, 80), (461080.35410390375, 5407581.88441099, 80), (461082.18923685304, 5407581.871629634, 80), (461084.0243698033, 5407581.858848882, 80), (461085.8595027545, 5407581.846068734, 80), (461087.6946357067, 5407581.833289186, 80), (461089.5297686599, 5407581.820510243, 80), (461091.3649016141, 5407581.807731901, 80), (461093.20003456925, 5407581.794954163, 80), (461095.03516752535, 5407581.782177028, 80), (461096.8703004824, 5407581.769400494, 80), (461098.70543344045, 5407581.7566245645, 80), (461100.5405663995, 5407581.743849236, 80), (461102.3756993595, 5407581.731074512, 80), (461104.2108323205, 5407581.71830039, 80), (461106.0459652825, 5407581.70552687, 80), (461107.8810982454, 5407581.692753953, 80), (461109.71623120934, 5407581.679981639, 80), (461111.55136417417, 5407581.667209928, 80), (461113.38649714005, 5407581.65443882, 80), (461115.2216301069, 5407581.641668314, 80), (461117.0567630747, 5407581.62889841, 80), (461118.8918960435, 5407581.61612911, 80), (461120.7270290133, 5407581.603360411, 80), (461122.56216198404, 5407581.590592316, 80), (461124.39729495574, 5407581.5778248245, 80), (461126.2324279284, 5407581.565057934, 80), (461128.06756090204, 5407581.5522916475, 80), (461129.9026938767, 5407581.539525962, 80), (461131.73782685236, 5407581.526760882, 80), (461133.57295982895, 5407581.513996402, 80), (461135.40809280646, 5407581.501232526, 80), (461137.24322578503, 5407581.488469253, 80), (461139.0783587645, 5407581.475706582, 80), (461140.913491745, 5407581.462944514, 80), (461142.7486247265, 5407581.45018305, 80), (461144.58375770896, 5407581.437422186, 80), (461146.41889069235, 5407581.424661927, 80), (461148.25402367674, 5407581.411902269, 80), (461150.0891566621, 5407581.399143215, 80), (461151.9242896484, 5407581.386384764, 80), (461036.33029118826, 5407584.97037278, 80), (461038.1654232014, 5407584.957576962, 80), (461040.00055521546, 5407584.944781746, 80), (461041.8356872306, 5407584.931987134, 80), (461043.6708192466, 5407584.9191931235, 80), (461045.50595126365, 5407584.906399716, 80), (461047.3410832817, 5407584.893606912, 80), (461049.1762153007, 5407584.88081471, 80), (461051.01134732063, 5407584.86802311, 80), (461052.8464793416, 5407584.855232114, 80), (461054.6816113635, 5407584.84244172, 80), (461056.5167433864, 5407584.8296519285, 80), (461058.35187541024, 5407584.816862741, 80), (461060.18700743513, 5407584.804074154, 80), (461062.02213946095, 5407584.791286172, 80), (461063.85727148777, 5407584.778498791, 80), (461065.69240351557, 5407584.765712013, 80), (461067.5275355443, 5407584.752925839, 80), (461069.362667574, 5407584.740140267, 80), (461071.19779960474, 5407584.727355297, 80), (461073.03293163644, 5407584.71457093, 80), (461074.8680636691, 5407584.701787166, 80), (461076.70319570275, 5407584.689004005, 80), (461078.53832773736, 5407584.676221446, 80), (461080.3734597729, 5407584.663439491, 80), (461082.2085918095, 5407584.650658137, 80), (461084.0437238471, 5407584.637877387, 80), (461085.8788558856, 5407584.625097238, 80), (461087.71398792503, 5407584.612317694, 80), (461089.5491199655, 5407584.599538752, 80), (461091.384252007, 5407584.586760412, 80), (461093.2193840494, 5407584.573982675, 80), (461095.0545160928, 5407584.561205541, 80), (461096.88964813715, 5407584.548429009, 80), (461098.72478018247, 5407584.535653081, 80), (461100.55991222884, 5407584.522877755, 80), (461102.39504427614, 5407584.510103031, 80), (461104.23017632443, 5407584.49732891, 80), (461106.06530837365, 5407584.484555392, 80), (461107.9004404239, 5407584.471782476, 80), (461109.7355724751, 5407584.459010164, 80), (461111.57070452726, 5407584.4462384535, 80), (461113.40583658044, 5407584.433467346, 80), (461115.24096863455, 5407584.420696843, 80), (461117.0761006897, 5407584.40792694, 80), (461118.91123274574, 5407584.395157641, 80), (461120.7463648028, 5407584.382388945, 80), (461122.58149686083, 5407584.36962085, 80), (461124.41662891983, 5407584.35685336, 80), (461126.2517609798, 5407584.344086472, 80), (461128.08689304075, 5407584.331320186, 80), (461129.92202510266, 5407584.318554504, 80), (461131.7571571656, 5407584.305789424, 80), (461133.5922892295, 5407584.293024947, 80), (461135.4274212943, 5407584.280261072, 80), (461137.26255336014, 5407584.2674978, 80), (461139.097685427, 5407584.254735131, 80), (461140.93281749473, 5407584.241973064, 80), (461142.7679495635, 5407584.2292116, 80), (461144.6030816332, 5407584.216450739, 80), (461146.4382137039, 5407584.20369048, 80), (461148.2733457756, 5407584.190930825, 80), (461150.10847784823, 5407584.1781717725, 80), (461151.94360992184, 5407584.165413321, 80), (461036.34966897, 5407587.749401257, 80), (461038.18480007036, 5407587.736605441, 80), (461040.01993117173, 5407587.723810228, 80), (461041.8550622741, 5407587.711015617, 80), (461043.69019337744, 5407587.698221607, 80), (461045.5253244818, 5407587.685428201, 80), (461047.3604555871, 5407587.672635398, 80), (461049.19558669336, 5407587.659843197, 80), (461051.0307178006, 5407587.6470516, 80), (461052.8658489089, 5407587.634260604, 80), (461054.70098001807, 5407587.621470212, 80), (461056.5361111283, 5407587.608680422, 80), (461058.37124223943, 5407587.595891235, 80), (461060.2063733516, 5407587.583102651, 80), (461062.0415044647, 5407587.57031467, 80), (461063.8766355788, 5407587.557527291, 80), (461065.71176669386, 5407587.544740514, 80), (461067.5468978099, 5407587.531954342, 80), (461069.3820289269, 5407587.51916877, 80), (461071.21716004494, 5407587.506383803, 80), (461073.0522911639, 5407587.493599437, 80), (461074.8874222839, 5407587.480815675, 80), (461076.7225534048, 5407587.468032515, 80), (461078.55768452666, 5407587.455249958, 80), (461080.39281564957, 5407587.442468003, 80), (461082.2279467734, 5407587.429686652, 80), (461084.06307789823, 5407587.416905903, 80), (461085.89820902405, 5407587.404125756, 80), (461087.73334015085, 5407587.391346213, 80), (461089.5684712786, 5407587.378567272, 80), (461091.4036024074, 5407587.365788934, 80), (461093.23873353703, 5407587.353011198, 80), (461095.07386466773, 5407587.3402340645, 80), (461096.9089957994, 5407587.327457535, 80), (461098.74412693206, 5407587.314681608, 80), (461100.57925806567, 5407587.301906283, 80), (461102.4143892003, 5407587.289131561, 80), (461104.2495203358, 5407587.276357442, 80), (461106.08465147234, 5407587.263583926, 80), (461107.9197826099, 5407587.2508110115, 80), (461109.75491374836, 5407587.238038701, 80), (461111.59004488785, 5407587.225266991, 80), (461113.4251760283, 5407587.212495886, 80), (461115.2603071697, 5407587.199725383, 80), (461117.0954383121, 5407587.186955483, 80), (461118.9305694555, 5407587.174186185, 80), (461120.7657005998, 5407587.16141749, 80), (461122.60083174513, 5407587.148649398, 80), (461124.43596289144, 5407587.135881908, 80), (461126.2710940387, 5407587.123115023, 80), (461128.1062251869, 5407587.110348738, 80), (461129.9413563361, 5407587.097583056, 80), (461131.7764874863, 5407587.084817978, 80), (461133.6116186375, 5407587.072053501, 80), (461135.44674978964, 5407587.05928963, 80), (461137.28188094276, 5407587.046526358, 80), (461139.11701209686, 5407587.033763691, 80), (461140.9521432519, 5407587.021001626, 80), (461142.7872744079, 5407587.008240162, 80), (461144.622405565, 5407586.995479304, 80), (461146.457536723, 5407586.982719046, 80), (461148.29266788193, 5407586.969959392, 80), (461150.12779904186, 5407586.957200341, 80), (461151.9629302028, 5407586.944441892, 80), (461036.36904675915, 5407590.528429747, 80), (461038.20417694683, 5407590.515633932, 80), (461040.0393071355, 5407590.502838719, 80), (461041.87443732517, 5407590.4900441095, 80), (461043.70956751576, 5407590.477250102, 80), (461045.5446977074, 5407590.464456698, 80), (461047.37982790003, 5407590.4516638955, 80), (461049.2149580936, 5407590.438871697, 80), (461051.0500882881, 5407590.4260801, 80), (461052.8852184836, 5407590.413289106, 80), (461054.72034868016, 5407590.400498716, 80), (461056.5554788776, 5407590.3877089275, 80), (461058.390609076, 5407590.374919742, 80), (461060.2257392755, 5407590.36213116, 80), (461062.06086947594, 5407590.34934318, 80), (461063.8959996773, 5407590.336555801, 80), (461065.73112987966, 5407590.323769028, 80), (461067.566260083, 5407590.310982856, 80), (461069.4013902873, 5407590.298197287, 80), (461071.2365204926, 5407590.28541232, 80), (461073.07165069884, 5407590.272627956, 80), (461074.90678090614, 5407590.259844196, 80), (461076.7419111143, 5407590.247061037, 80), (461078.57704132353, 5407590.2342784805, 80), (461080.4121715337, 5407590.221496529, 80), (461082.2473017448, 5407590.208715177, 80), (461084.08243195695, 5407590.195934431, 80), (461085.91756217, 5407590.183154286, 80), (461087.75269238406, 5407590.170374743, 80), (461089.58782259916, 5407590.157595804, 80), (461091.4229528152, 5407590.144817467, 80), (461093.2580830322, 5407590.132039732, 80), (461095.09321325016, 5407590.119262601, 80), (461096.9283434691, 5407590.106486073, 80), (461098.76347368903, 5407590.093710148, 80), (461100.59860390995, 5407590.0809348235, 80), (461102.43373413186, 5407590.068160103, 80), (461104.2688643547, 5407590.055385986, 80), (461106.1039945785, 5407590.042612471, 80), (461107.93912480335, 5407590.029839559, 80), (461109.7742550291, 5407590.017067249, 80), (461111.60938525584, 5407590.004295543, 80), (461113.44451548357, 5407589.991524438, 80), (461115.2796457123, 5407589.978753936, 80), (461117.114775942, 5407589.965984037, 80), (461118.94990617264, 5407589.953214741, 80), (461120.78503640427, 5407589.940446047, 80), (461122.6201666369, 5407589.927677957, 80), (461124.45529687044, 5407589.914910469, 80), (461126.29042710504, 5407589.902143584, 80), (461128.12555734057, 5407589.889377301, 80), (461129.960687577, 5407589.876611621, 80), (461131.79581781453, 5407589.863846543, 80), (461133.630948053, 5407589.85108207, 80), (461135.46607829246, 5407589.838318198, 80), (461137.3012085328, 5407589.82555493, 80), (461139.13633877423, 5407589.812792263, 80), (461140.9714690166, 5407589.8000302, 80), (461142.8065992599, 5407589.787268738, 80), (461144.6417295042, 5407589.77450788, 80), (461146.4768597495, 5407589.761747624, 80), (461148.31198999577, 5407589.748987972, 80), (461150.14712024294, 5407589.736228922, 80), (461151.98225049116, 5407589.723470474, 80), (461036.3884245558, 5407593.307458249, 80), (461038.22355383076, 5407593.294662436, 80), (461040.05868310673, 5407593.281867225, 80), (461041.89381238364, 5407593.2690726165, 80), (461043.7289416616, 5407593.256278611, 80), (461045.5640709405, 5407593.243485208, 80), (461047.3992002204, 5407593.230692407, 80), (461049.2343295013, 5407593.217900209, 80), (461051.0694587831, 5407593.205108615, 80), (461052.9045880659, 5407593.192317622, 80), (461054.7397173497, 5407593.179527233, 80), (461056.5748466344, 5407593.166737447, 80), (461058.40997592016, 5407593.153948262, 80), (461060.2451052069, 5407593.141159682, 80), (461062.0802344946, 5407593.1283717025, 80), (461063.91536378325, 5407593.115584327, 80), (461065.7504930729, 5407593.102797554, 80), (461067.58562236355, 5407593.090011384, 80), (461069.4207516551, 5407593.0772258155, 80), (461071.2558809477, 5407593.06444085, 80), (461073.09101024125, 5407593.051656488, 80), (461074.92613953585, 5407593.038872729, 80), (461076.7612688313, 5407593.026089572, 80), (461078.5963981278, 5407593.013307017, 80), (461080.43152742524, 5407593.000525067, 80), (461082.2666567237, 5407592.987743718, 80), (461084.1017860231, 5407592.974962971, 80), (461085.9369153235, 5407592.962182827, 80), (461087.77204462484, 5407592.949403286, 80), (461089.6071739272, 5407592.936624349, 80), (461091.4423032305, 5407592.923846014, 80), (461093.2774325348, 5407592.911068281, 80), (461095.11256184004, 5407592.898291152, 80), (461096.9476911463, 5407592.885514624, 80), (461098.78282045346, 5407592.8727387, 80), (461100.6179497617, 5407592.859963378, 80), (461102.4530790709, 5407592.847188659, 80), (461104.28820838104, 5407592.834414543, 80), (461106.1233376921, 5407592.82164103, 80), (461107.95846700424, 5407592.808868119, 80), (461109.7935963173, 5407592.796095811, 80), (461111.62872563134, 5407592.783324105, 80), (461113.4638549463, 5407592.770553001, 80), (461115.29898426234, 5407592.757782502, 80), (461117.13411357935, 5407592.745012604, 80), (461118.9692428973, 5407592.732243311, 80), (461120.8043722162, 5407592.719474618, 80), (461122.6395015361, 5407592.706706529, 80), (461124.47463085694, 5407592.693939042, 80), (461126.3097601788, 5407592.681172159, 80), (461128.1448895016, 5407592.668405877, 80), (461129.9800188254, 5407592.655640198, 80), (461131.8151481502, 5407592.642875124, 80), (461133.65027747594, 5407592.63011065, 80), (461135.4854068027, 5407592.61734678, 80), (461137.32053613034, 5407592.604583513, 80), (461139.15566545905, 5407592.591820847, 80), (461140.9907947887, 5407592.579058787, 80), (461142.8259241193, 5407592.566297326, 80), (461144.6610534509, 5407592.553536469, 80), (461146.4961827835, 5407592.540776216, 80), (461148.33131211705, 5407592.528016564, 80), (461150.1664414515, 5407592.515257516, 80), (461152.001570787, 5407592.50249907, 80), (461036.4078023599, 5407596.0864867605, 80), (461038.2429307222, 5407596.073690949, 80), (461040.0780590854, 5407596.06089574, 80), (461041.9131874496, 5407596.048101132, 80), (461043.7483158149, 5407596.035307127, 80), (461045.5834441811, 5407596.022513727, 80), (461047.41857254825, 5407596.009720928, 80), (461049.25370091636, 5407595.996928732, 80), (461051.08882928547, 5407595.984137139, 80), (461052.9239576556, 5407595.971346147, 80), (461054.7590860267, 5407595.958555761, 80), (461056.5942143987, 5407595.945765975, 80), (461058.4293427717, 5407595.932976793, 80), (461060.2644711458, 5407595.920188212, 80), (461062.0995995208, 5407595.907400236, 80), (461063.9347278967, 5407595.894612861, 80), (461065.76985627366, 5407595.881826089, 80), (461067.60498465155, 5407595.86903992, 80), (461069.4401130305, 5407595.856254353, 80), (461071.2752414103, 5407595.843469391, 80), (461073.1103697911, 5407595.830685029, 80), (461074.945498173, 5407595.817901271, 80), (461076.7806265558, 5407595.805118116, 80), (461078.61575493956, 5407595.792335562, 80), (461080.45088332426, 5407595.779553613, 80), (461082.28601171, 5407595.766772266, 80), (461084.1211400967, 5407595.753991522, 80), (461085.95626848435, 5407595.741211379, 80), (461087.791396873, 5407595.7284318395, 80), (461089.62652526266, 5407595.715652904, 80), (461091.4616536533, 5407595.702874569, 80), (461093.2967820448, 5407595.690096838, 80), (461095.13191043737, 5407595.677319711, 80), (461096.9670388309, 5407595.664543184, 80), (461098.8021672254, 5407595.651767262, 80), (461100.6372956209, 5407595.638991942, 80), (461102.4724240174, 5407595.626217225, 80), (461104.30755241483, 5407595.613443109, 80), (461106.1426808132, 5407595.600669597, 80), (461107.9778092126, 5407595.587896688, 80), (461109.81293761294, 5407595.575124381, 80), (461111.6480660143, 5407595.562352677, 80), (461113.48319441656, 5407595.549581575, 80), (461115.3183228199, 5407595.536811077, 80), (461117.15345122415, 5407595.524041182, 80), (461118.9885796294, 5407595.511271888, 80), (461120.8237080356, 5407595.498503198, 80), (461122.6588364428, 5407595.48573511, 80), (461124.4939648509, 5407595.472967626, 80), (461126.32909326005, 5407595.460200744, 80), (461128.16422167013, 5407595.447434463, 80), (461129.9993500812, 5407595.434668786, 80), (461131.8344784933, 5407595.421903712, 80), (461133.66960690636, 5407595.40913924, 80), (461135.50473532034, 5407595.396375372, 80), (461137.3398637353, 5407595.383612107, 80), (461139.1749921513, 5407595.370849444, 80), (461141.0101205682, 5407595.358087381, 80), (461142.84524898615, 5407595.345325924, 80), (461144.680377405, 5407595.332565069, 80), (461146.5155058249, 5407595.319804817, 80), (461148.3506342457, 5407595.307045167, 80), (461150.1857626675, 5407595.29428612, 80), (461152.0208910903, 5407595.281527675, 80), (461036.4271801715, 5407598.865515286, 80), (461038.2623076211, 5407598.8527194755, 80), (461040.0974350716, 5407598.8399242675, 80), (461041.9325625231, 5407598.827129662, 80), (461043.7676899756, 5407598.81433566, 80), (461045.6028174291, 5407598.80154226, 80), (461047.4379448836, 5407598.788749462, 80), (461049.273072339, 5407598.775957269, 80), (461051.1081997954, 5407598.763165675, 80), (461052.9433272528, 5407598.750374687, 80), (461054.7784547112, 5407598.737584299, 80), (461056.6135821705, 5407598.724794517, 80), (461058.4487096308, 5407598.712005336, 80), (461060.28383709217, 5407598.699216757, 80), (461062.1189645544, 5407598.686428782, 80), (461063.9540920176, 5407598.673641409, 80), (461065.78921948187, 5407598.660854639, 80), (461067.62434694706, 5407598.648068471, 80), (461069.45947441325, 5407598.635282906, 80), (461071.29460188036, 5407598.622497944, 80), (461073.12972934847, 5407598.609713584, 80), (461074.9648568177, 5407598.596929828, 80), (461076.7999842877, 5407598.584146674, 80), (461078.6351117588, 5407598.571364122, 80), (461080.4702392308, 5407598.558582175, 80), (461082.3053667038, 5407598.545800828, 80), (461084.1404941778, 5407598.533020085, 80), (461085.97562165273, 5407598.520239945, 80), (461087.8107491287, 5407598.507460408, 80), (461089.6458766056, 5407598.494681472, 80), (461091.48100408353, 5407598.4819031395, 80), (461093.31613156234, 5407598.469125409, 80), (461095.1512590422, 5407598.456348283, 80), (461096.986386523, 5407598.443571759, 80), (461098.8215140048, 5407598.430795837, 80), (461100.6566414876, 5407598.4180205185, 80), (461102.4917689714, 5407598.405245803, 80), (461104.32689645607, 5407598.39247169, 80), (461106.16202394175, 5407598.379698179, 80), (461107.9971514284, 5407598.366925271, 80), (461109.8322789161, 5407598.354152965, 80), (461111.6674064047, 5407598.341381263, 80), (461113.50253389427, 5407598.328610164, 80), (461115.33766138484, 5407598.315839667, 80), (461117.1727888764, 5407598.303069772, 80), (461119.00791636895, 5407598.29030048, 80), (461120.84304386243, 5407598.2775317915, 80), (461122.6781713569, 5407598.2647637045, 80), (461124.51329885237, 5407598.251996222, 80), (461126.34842634876, 5407598.239229341, 80), (461128.18355384615, 5407598.226463062, 80), (461130.0186813445, 5407598.213697387, 80), (461131.85380884394, 5407598.200932315, 80), (461133.68893634423, 5407598.188167843, 80), (461135.5240638455, 5407598.175403978, 80), (461137.3591913478, 5407598.162640713, 80), (461139.19431885105, 5407598.149878051, 80), (461141.02944635524, 5407598.137115992, 80), (461142.8645738604, 5407598.124354535, 80), (461144.6997013666, 5407598.111593682, 80), (461146.5348288738, 5407598.098833431, 80), (461148.3699563819, 5407598.086073782, 80), (461150.205083891, 5407598.073314737, 80), (461152.04021140106, 5407598.060556293, 80), (461036.4465579906, 5407601.644543825, 80), (461038.28168452746, 5407601.631748016, 80), (461040.1168110653, 5407601.618952809, 80), (461041.9519376041, 5407601.606158205, 80), (461043.78706414386, 5407601.593364204, 80), (461045.62219068466, 5407601.580570805, 80), (461047.4573172264, 5407601.567778009, 80), (461049.2924437691, 5407601.554985817, 80), (461051.1275703128, 5407601.542194226, 80), (461052.9626968575, 5407601.529403238, 80), (461054.79782340315, 5407601.516612853, 80), (461056.63294994977, 5407601.503823071, 80), (461058.4680764974, 5407601.491033891, 80), (461060.303203046, 5407601.478245314, 80), (461062.1383295955, 5407601.465457341, 80), (461063.9734561461, 5407601.452669969, 80), (461065.80858269753, 5407601.4398831995, 80), (461067.64370925, 5407601.427097034, 80), (461069.4788358035, 5407601.41431147, 80), (461071.31396235793, 5407601.40152651, 80), (461073.14908891334, 5407601.388742152, 80), (461074.9842154698, 5407601.375958397, 80), (461076.8193420271, 5407601.363175244, 80), (461078.6544685855, 5407601.3503926955, 80), (461080.4895951448, 5407601.337610749, 80), (461082.32472170505, 5407601.324829404, 80), (461084.15984826634, 5407601.312048662, 80), (461085.9949748286, 5407601.299268522, 80), (461087.8301013918, 5407601.2864889875, 80), (461089.665227956, 5407601.2737100525, 80), (461091.50035452127, 5407601.260931723, 80), (461093.3354810874, 5407601.248153995, 80), (461095.1706076545, 5407601.235376869, 80), (461097.0057342226, 5407601.222600346, 80), (461098.8408607917, 5407601.209824426, 80), (461100.67598736176, 5407601.197049108, 80), (461102.5111139328, 5407601.184274394, 80), (461104.3462405048, 5407601.171500282, 80), (461106.18136707775, 5407601.158726774, 80), (461108.0164936517, 5407601.145953867, 80), (461109.8516202267, 5407601.133181563, 80), (461111.6867468026, 5407601.120409862, 80), (461113.5218733794, 5407601.107638764, 80), (461115.3569999573, 5407601.094868268, 80), (461117.19212653616, 5407601.082098376, 80), (461119.02725311596, 5407601.069329085, 80), (461120.86237969674, 5407601.056560398, 80), (461122.6975062785, 5407601.043792313, 80), (461124.5326328612, 5407601.031024831, 80), (461126.3677594449, 5407601.018257951, 80), (461128.2028860296, 5407601.005491675, 80), (461130.0380126153, 5407600.992726, 80), (461131.87313920195, 5407600.9799609305, 80), (461133.70826578955, 5407600.967196461, 80), (461135.54339237814, 5407600.954432596, 80), (461137.37851896766, 5407600.941669333, 80), (461139.2136455582, 5407600.928906671, 80), (461141.0487721497, 5407600.916144614, 80), (461142.8838987422, 5407600.903383159, 80), (461144.7190253357, 5407600.890622307, 80), (461146.55415193015, 5407600.877862057, 80), (461148.38927852554, 5407600.865102411, 80), (461150.2244051219, 5407600.8523433665, 80), (461152.05953171925, 5407600.839584924, 80), (461036.46593581716, 5407604.4235723745, 80), (461038.3010614413, 5407604.410776567, 80), (461040.13618706644, 5407604.397981361, 80), (461041.9713126925, 5407604.385186759, 80), (461043.80643831956, 5407604.372392759, 80), (461045.64156394766, 5407604.359599362, 80), (461047.4766895767, 5407604.346806568, 80), (461049.31181520666, 5407604.334014376, 80), (461051.1469408377, 5407604.321222787, 80), (461052.9820664696, 5407604.3084318, 80), (461054.81719210255, 5407604.295641418, 80), (461056.6523177365, 5407604.282851636, 80), (461058.4874433713, 5407604.27006246, 80), (461060.3225690073, 5407604.257273883, 80), (461062.1576946441, 5407604.24448591, 80), (461063.9928202819, 5407604.231698541, 80), (461065.82794592076, 5407604.218911773, 80), (461067.6630715605, 5407604.206125609, 80), (461069.49819720123, 5407604.193340046, 80), (461071.33332284295, 5407604.1805550875, 80), (461073.16844848567, 5407604.16777073, 80), (461075.00357412937, 5407604.154986977, 80), (461076.838699774, 5407604.142203826, 80), (461078.6738254196, 5407604.129421278, 80), (461080.50895106624, 5407604.116639332, 80), (461082.34407671384, 5407604.10385799, 80), (461084.17920236243, 5407604.0910772495, 80), (461086.01432801195, 5407604.078297112, 80), (461087.8494536624, 5407604.065517577, 80), (461089.68457931397, 5407604.052738644, 80), (461091.5197049664, 5407604.039960316, 80), (461093.3548306199, 5407604.02718259, 80), (461095.1899562743, 5407604.014405465, 80), (461097.02508192963, 5407604.001628945, 80), (461098.86020758597, 5407603.988853025, 80), (461100.69533324335, 5407603.97607771, 80), (461102.5304589017, 5407603.963302997, 80), (461104.365584561, 5407603.950528886, 80), (461106.20071022125, 5407603.937755379, 80), (461108.03583588253, 5407603.924982473, 80), (461109.87096154474, 5407603.912210171, 80), (461111.7060872079, 5407603.899438472, 80), (461113.5412128721, 5407603.886667375, 80), (461115.3763385372, 5407603.873896881, 80), (461117.21146420337, 5407603.86112699, 80), (461119.0465898705, 5407603.848357701, 80), (461120.88171553856, 5407603.835589015, 80), (461122.7168412076, 5407603.822820932, 80), (461124.5519668776, 5407603.810053451, 80), (461126.3870925486, 5407603.797286573, 80), (461128.22221822053, 5407603.784520297, 80), (461130.0573438935, 5407603.771754625, 80), (461131.8924695675, 5407603.758989556, 80), (461133.7275952423, 5407603.746225088, 80), (461135.5627209182, 5407603.7334612245, 80), (461137.39784659503, 5407603.720697963, 80), (461139.2329722729, 5407603.707935303, 80), (461141.0680979517, 5407603.695173248, 80), (461142.90322363144, 5407603.682411794, 80), (461144.7383493122, 5407603.669650944, 80), (461146.57347499393, 5407603.656890695, 80), (461148.40860067663, 5407603.6441310495, 80), (461150.24372636026, 5407603.631372008, 80), (461152.07885204494, 5407603.618613566, 80), (461036.4853136512, 5407607.2026009355, 80), (461038.32043836266, 5407607.189805129, 80), (461040.15556307504, 5407607.177009925, 80), (461041.9906877884, 5407607.1642153235, 80), (461043.82581250276, 5407607.151421325, 80), (461045.6609372181, 5407607.138627931, 80), (461047.49606193445, 5407607.125835137, 80), (461049.3311866517, 5407607.113042947, 80), (461051.16631137003, 5407607.10025136, 80), (461053.0014360893, 5407607.087460375, 80), (461054.8365608095, 5407607.074669994, 80), (461056.6716855307, 5407607.061880214, 80), (461058.50681025285, 5407607.049091037, 80), (461060.34193497605, 5407607.036302463, 80), (461062.1770597002, 5407607.023514492, 80), (461064.01218442526, 5407607.010727124, 80), (461065.8473091513, 5407606.997940358, 80), (461067.6824338784, 5407606.985154195, 80), (461069.51755860646, 5407606.972368634, 80), (461071.3526833354, 5407606.959583677, 80), (461073.18780806544, 5407606.946799321, 80), (461075.02293279645, 5407606.934015569, 80), (461076.8580575284, 5407606.92123242, 80), (461078.6931822613, 5407606.908449874, 80), (461080.52830699517, 5407606.895667929, 80), (461082.3634317301, 5407606.882886589, 80), (461084.1985564659, 5407606.87010585, 80), (461086.03368120274, 5407606.857325713, 80), (461087.8688059405, 5407606.84454618, 80), (461089.7039306793, 5407606.831767249, 80), (461091.5390554191, 5407606.818988921, 80), (461093.37418015976, 5407606.806211198, 80), (461095.2093049015, 5407606.793434074, 80), (461097.0444296442, 5407606.780657555, 80), (461098.8795543878, 5407606.767881637, 80), (461100.71467913245, 5407606.755106323, 80), (461102.54980387806, 5407606.742331611, 80), (461104.38492862467, 5407606.729557502, 80), (461106.2200533722, 5407606.716783996, 80), (461108.05517812073, 5407606.704011092, 80), (461109.89030287025, 5407606.691238792, 80), (461111.7254276207, 5407606.678467094, 80), (461113.5605523722, 5407606.665695998, 80), (461115.3956771246, 5407606.652925505, 80), (461117.23080187803, 5407606.640155615, 80), (461119.06592663244, 5407606.627386328, 80), (461120.9010513878, 5407606.614617644, 80), (461122.7361761441, 5407606.6018495625, 80), (461124.5713009014, 5407606.589082083, 80), (461126.40642565966, 5407606.5763152065, 80), (461128.24155041896, 5407606.563548933, 80), (461130.0766751792, 5407606.550783263, 80), (461131.9117999404, 5407606.538018195, 80), (461133.7469247026, 5407606.525253728, 80), (461135.58204946574, 5407606.5124898655, 80), (461137.41717422986, 5407606.499726605, 80), (461139.25229899504, 5407606.486963947, 80), (461141.0874237611, 5407606.4742018925, 80), (461142.9225485281, 5407606.461440441, 80), (461144.75767329615, 5407606.4486795915, 80), (461146.5927980652, 5407606.435919344, 80), (461148.42792283517, 5407606.423159701, 80), (461150.2630476061, 5407606.41040066, 80), (461152.098172378, 5407606.397642221, 80), (461036.50469149277, 5407609.9816295095, 80), (461038.33981529146, 5407609.9688337045, 80), (461040.17493909114, 5407609.956038503, 80), (461042.0100628918, 5407609.943243902, 80), (461043.8451866935, 5407609.930449905, 80), (461045.68031049607, 5407609.917656511, 80), (461047.5154342997, 5407609.904863721, 80), (461049.3505581043, 5407609.892071531, 80), (461051.1856819098, 5407609.879279945, 80), (461053.0208057164, 5407609.8664889615, 80), (461054.8559295239, 5407609.853698581, 80), (461056.69105333235, 5407609.840908804, 80), (461058.5261771418, 5407609.828119629, 80), (461060.3613009523, 5407609.815331057, 80), (461062.1964247637, 5407609.802543086, 80), (461064.0315485761, 5407609.78975572, 80), (461065.86667238944, 5407609.776968955, 80), (461067.70179620385, 5407609.764182794, 80), (461069.53692001913, 5407609.751397234, 80), (461071.37204383546, 5407609.738612278, 80), (461073.20716765267, 5407609.725827926, 80), (461075.042291471, 5407609.713044174, 80), (461076.8774152902, 5407609.700261027, 80), (461078.7125391104, 5407609.687478482, 80), (461080.5476629316, 5407609.674696538, 80), (461082.3827867537, 5407609.661915198, 80), (461084.2179105769, 5407609.649134462, 80), (461086.053034401, 5407609.636354326, 80), (461087.88815822604, 5407609.623574795, 80), (461089.72328205215, 5407609.610795866, 80), (461091.5584058792, 5407609.598017539, 80), (461093.3935297072, 5407609.585239816, 80), (461095.2286535362, 5407609.572462696, 80), (461097.06377736613, 5407609.5596861765, 80), (461098.89890119707, 5407609.546910261, 80), (461100.734025029, 5407609.534134948, 80), (461102.5691488619, 5407609.521360238, 80), (461104.40427269577, 5407609.50858613, 80), (461106.2393965306, 5407609.495812627, 80), (461108.07452036644, 5407609.483039725, 80), (461109.90964420326, 5407609.470267425, 80), (461111.744768041, 5407609.4574957285, 80), (461113.57989187975, 5407609.444724634, 80), (461115.4150157195, 5407609.431954143, 80), (461117.2501395602, 5407609.4191842545, 80), (461119.08526340185, 5407609.406414968, 80), (461120.9203872445, 5407609.393646286, 80), (461122.7555110881, 5407609.3808782045, 80), (461124.59063493274, 5407609.3681107275, 80), (461126.42575877823, 5407609.355343853, 80), (461128.26088262483, 5407609.342577581, 80), (461130.0960064723, 5407609.329811911, 80), (461131.9311303209, 5407609.317046844, 80), (461133.76625417033, 5407609.30428238, 80), (461135.6013780208, 5407609.291518519, 80), (461137.43650187214, 5407609.278755261, 80), (461139.2716257246, 5407609.265992604, 80), (461141.106749578, 5407609.25323055, 80), (461142.94187343225, 5407609.2404691, 80), (461144.77699728764, 5407609.227708252, 80), (461146.61212114396, 5407609.214948007, 80), (461148.4472450012, 5407609.202188366, 80), (461150.2823688594, 5407609.189429325, 80), (461152.1174927186, 5407609.176670888, 80), (461036.5240693418, 5407612.760658094, 80), (461038.35919222777, 5407612.7478622915, 80), (461040.1943151147, 5407612.73506709, 80), (461042.0294380027, 5407612.722272492, 80), (461043.8645608916, 5407612.709478497, 80), (461045.69968378154, 5407612.696685105, 80), (461047.5348066724, 5407612.683892315, 80), (461049.3699295643, 5407612.671100127, 80), (461051.2050524571, 5407612.658308542, 80), (461053.04017535097, 5407612.645517561, 80), (461054.87529824575, 5407612.6327271825, 80), (461056.7104211415, 5407612.619937406, 80), (461058.54554403824, 5407612.607148232, 80), (461060.38066693605, 5407612.594359661, 80), (461062.21578983474, 5407612.581571693, 80), (461064.0509127344, 5407612.568784327, 80), (461065.8860356351, 5407612.555997564, 80), (461067.72115853673, 5407612.543211405, 80), (461069.5562814393, 5407612.530425847, 80), (461071.3914043429, 5407612.517640892, 80), (461073.22652724746, 5407612.50485654, 80), (461075.061650153, 5407612.49207279, 80), (461076.8967730595, 5407612.479289644, 80), (461078.73189596704, 5407612.4665071005, 80), (461080.5670188755, 5407612.453725159, 80), (461082.4021417849, 5407612.44094382, 80), (461084.23726469534, 5407612.428163085, 80), (461086.0723876067, 5407612.4153829515, 80), (461087.9075105191, 5407612.402603422, 80), (461089.74263343244, 5407612.389824495, 80), (461091.5777563468, 5407612.37704617, 80), (461093.4128792621, 5407612.364268446, 80), (461095.2480021784, 5407612.351491328, 80), (461097.0831250956, 5407612.338714811, 80), (461098.9182480138, 5407612.325938897, 80), (461100.75337093306, 5407612.313163585, 80), (461102.5884938532, 5407612.300388878, 80), (461104.4236167744, 5407612.287614771, 80), (461106.25873969647, 5407612.274841268, 80), (461108.0938626196, 5407612.262068368, 80), (461109.92898554367, 5407612.249296069, 80), (461111.7641084688, 5407612.236524375, 80), (461113.59923139476, 5407612.223753282, 80), (461115.4343543218, 5407612.210982792, 80), (461117.2694772498, 5407612.198212905, 80), (461119.1046001787, 5407612.185443621, 80), (461120.93972310866, 5407612.172674938, 80), (461122.7748460396, 5407612.15990686, 80), (461124.60996897146, 5407612.147139384, 80), (461126.4450919043, 5407612.134372511, 80), (461128.2802148381, 5407612.12160624, 80), (461130.11533777294, 5407612.108840573, 80), (461131.95046070876, 5407612.096075507, 80), (461133.7855836455, 5407612.083311044, 80), (461135.62070658326, 5407612.070547184, 80), (461137.45582952193, 5407612.057783928, 80), (461139.29095246166, 5407612.045021273, 80), (461141.12607540225, 5407612.032259221, 80), (461142.9611983439, 5407612.019497771, 80), (461144.7963212865, 5407612.006736925, 80), (461146.6314442301, 5407611.9939766815, 80), (461148.46656717465, 5407611.981217041, 80), (461150.3016901202, 5407611.968458002, 80), (461152.13681306667, 5407611.955699567, 80), (461036.5434471983, 5407615.539686693, 80), (461038.37856917153, 5407615.52689089, 80), (461040.21369114576, 5407615.514095691, 80), (461042.04881312104, 5407615.501301094, 80), (461043.88393509726, 5407615.4885071, 80), (461045.71905707446, 5407615.475713708, 80), (461047.55417905265, 5407615.462920921, 80), (461049.3893010318, 5407615.450128734, 80), (461051.2244230119, 5407615.437337152, 80), (461053.05954499304, 5407615.424546172, 80), (461054.89466697513, 5407615.411755795, 80), (461056.72978895815, 5407615.398966019, 80), (461058.56491094216, 5407615.386176848, 80), (461060.4000329273, 5407615.373388277, 80), (461062.2351549132, 5407615.360600311, 80), (461064.0702769002, 5407615.347812948, 80), (461065.9053988881, 5407615.335026185, 80), (461067.74052087707, 5407615.322240028, 80), (461069.57564286696, 5407615.309454471, 80), (461071.4107648578, 5407615.296669519, 80), (461073.24588684965, 5407615.283885167, 80), (461075.0810088425, 5407615.27110142, 80), (461076.9161308363, 5407615.258318274, 80), (461078.7512528311, 5407615.245535732, 80), (461080.58637482685, 5407615.232753792, 80), (461082.42149682355, 5407615.219972456, 80), (461084.25661882124, 5407615.207191722, 80), (461086.0917408199, 5407615.19441159, 80), (461087.9268628196, 5407615.1816320615, 80), (461089.76198482024, 5407615.168853135, 80), (461091.59710682184, 5407615.156074812, 80), (461093.4322288245, 5407615.14329709, 80), (461095.267350828, 5407615.130519973, 80), (461097.10247283254, 5407615.117743458, 80), (461098.93759483803, 5407615.104967544, 80), (461100.7727168445, 5407615.092192235, 80), (461102.60783885204, 5407615.079417529, 80), (461104.44296086044, 5407615.066643423, 80), (461106.27808286983, 5407615.053869922, 80), (461108.11320488027, 5407615.041097023, 80), (461109.94832689164, 5407615.028324726, 80), (461111.78344890394, 5407615.015553033, 80), (461113.6185709173, 5407615.002781942, 80), (461115.45369293157, 5407614.990011454, 80), (461117.2888149469, 5407614.977241568, 80), (461119.1239369631, 5407614.9644722855, 80), (461120.9590589803, 5407614.951703605, 80), (461122.7941809985, 5407614.938935528, 80), (461124.6293030177, 5407614.926168053, 80), (461126.4644250378, 5407614.913401181, 80), (461128.2995470589, 5407614.900634912, 80), (461130.134669081, 5407614.887869245, 80), (461131.9697911041, 5407614.8751041815, 80), (461133.80491312814, 5407614.862339719, 80), (461135.64003515313, 5407614.849575862, 80), (461137.4751571791, 5407614.836812606, 80), (461139.31027920614, 5407614.824049953, 80), (461141.14540123404, 5407614.811287902, 80), (461142.980523263, 5407614.798526455, 80), (461144.81564529287, 5407614.785765611, 80), (461146.65076732374, 5407614.773005368, 80), (461148.4858893556, 5407614.760245729, 80), (461150.3210113884, 5407614.747486692, 80), (461152.15613342216, 5407614.734728258, 80), (461036.5628250622, 5407618.318715301, 80), (461038.3979461228, 5407618.3059195, 80), (461040.23306718434, 5407618.293124303, 80), (461042.06818824686, 5407618.280329707, 80), (461043.9033093103, 5407618.267535714, 80), (461045.7384303748, 5407618.254742325, 80), (461047.5735514403, 5407618.241949539, 80), (461049.40867250675, 5407618.229157354, 80), (461051.24379357416, 5407618.216365772, 80), (461053.07891464257, 5407618.203574793, 80), (461054.9140357119, 5407618.190784418, 80), (461056.7491567823, 5407618.177994645, 80), (461058.58427785354, 5407618.165205474, 80), (461060.4193989259, 5407618.152416905, 80), (461062.2545199992, 5407618.13962894, 80), (461064.0896410734, 5407618.126841579, 80), (461065.92476214864, 5407618.114054818, 80), (461067.75988322485, 5407618.10126866, 80), (461069.59500430204, 5407618.088483105, 80), (461071.43012538017, 5407618.075698155, 80), (461073.2652464593, 5407618.062913805, 80), (461075.10036753945, 5407618.050130059, 80), (461076.93548862054, 5407618.037346915, 80), (461078.77060970257, 5407618.024564375, 80), (461080.60573078564, 5407618.011782437, 80), (461082.44085186964, 5407617.999001102, 80), (461084.27597295464, 5407617.986220369, 80), (461086.1110940406, 5407617.973440238, 80), (461087.94621512754, 5407617.960660711, 80), (461089.7813362155, 5407617.947881786, 80), (461091.6164573044, 5407617.935103464, 80), (461093.4515783943, 5407617.922325745, 80), (461095.2866994851, 5407617.909548628, 80), (461097.1218205769, 5407617.896772115, 80), (461098.9569416697, 5407617.8839962045, 80), (461100.7920627635, 5407617.871220895, 80), (461102.62718385825, 5407617.85844619, 80), (461104.46230495395, 5407617.845672087, 80), (461106.29742605065, 5407617.832898587, 80), (461108.1325471484, 5407617.820125689, 80), (461109.967668247, 5407617.807353394, 80), (461111.8027893466, 5407617.794581702, 80), (461113.6379104472, 5407617.781810612, 80), (461115.4730315488, 5407617.769040125, 80), (461117.3081526514, 5407617.756270241, 80), (461119.1432737549, 5407617.74350096, 80), (461120.9783948594, 5407617.730732281, 80), (461122.8135159649, 5407617.717964206, 80), (461124.64863707137, 5407617.705196732, 80), (461126.4837581788, 5407617.692429862, 80), (461128.31887928717, 5407617.679663595, 80), (461130.1540003965, 5407617.666897928, 80), (461131.9891215069, 5407617.654132866, 80), (461133.8242426182, 5407617.641368408, 80), (461135.6593637305, 5407617.62860455, 80), (461137.4944848438, 5407617.615841296, 80), (461139.3296059581, 5407617.603078644, 80), (461141.1647270733, 5407617.5903165955, 80), (461142.9998481895, 5407617.577555149, 80), (461144.8349693067, 5407617.564794306, 80), (461146.6700904248, 5407617.552034064, 80), (461148.505211544, 5407617.539274427, 80), (461150.3403326641, 5407617.526515392, 80), (461152.1754537851, 5407617.513756959, 80), (461036.58220293367, 5407621.097743923, 80), (461038.4173230815, 5407621.084948123, 80), (461040.25244323036, 5407621.0721529275, 80), (461042.08756338013, 5407621.059358333, 80), (461043.92268353095, 5407621.0465643415, 80), (461045.7578036827, 5407621.033770954, 80), (461047.5929238355, 5407621.020978169, 80), (461049.4280439892, 5407621.0081859855, 80), (461051.2631641439, 5407620.995394406, 80), (461053.0982842996, 5407620.982603429, 80), (461054.93340445624, 5407620.969813054, 80), (461056.7685246139, 5407620.957023283, 80), (461058.60364477243, 5407620.944234113, 80), (461060.4387649321, 5407620.931445547, 80), (461062.27388509264, 5407620.918657583, 80), (461064.10900525417, 5407620.9058702225, 80), (461065.9441254167, 5407620.893083463, 80), (461067.77924558014, 5407620.880297308, 80), (461069.61436574464, 5407620.867511755, 80), (461071.44948591007, 5407620.854726804, 80), (461073.2846060765, 5407620.841942457, 80), (461075.1197262439, 5407620.829158712, 80), (461076.9548464123, 5407620.81637557, 80), (461078.7899665816, 5407620.80359303, 80), (461080.62508675194, 5407620.7908110935, 80), (461082.4602069232, 5407620.77802976, 80), (461084.2953270955, 5407620.765249029, 80), (461086.1304472688, 5407620.752468901, 80), (461087.965567443, 5407620.739689373, 80), (461089.8006876182, 5407620.7269104505, 80), (461091.6358077944, 5407620.714132131, 80), (461093.47092797153, 5407620.701354412, 80), (461095.3060481497, 5407620.688577297, 80), (461097.14116832876, 5407620.6758007845, 80), (461098.97628850886, 5407620.663024876, 80), (461100.81140868994, 5407620.650249569, 80), (461102.64652887196, 5407620.637474865, 80), (461104.481649055, 5407620.624700763, 80), (461106.31676923897, 5407620.611927264, 80), (461108.15188942396, 5407620.599154367, 80), (461109.9870096099, 5407620.586382075, 80), (461111.8221297968, 5407620.573610384, 80), (461113.6572499846, 5407620.560839296, 80), (461115.4923701735, 5407620.548068811, 80), (461117.3274903634, 5407620.535298929, 80), (461119.1626105542, 5407620.522529649, 80), (461120.99773074593, 5407620.509760971, 80), (461122.8328509387, 5407620.496992897, 80), (461124.6679711325, 5407620.484225426, 80), (461126.50309132715, 5407620.471458556, 80), (461128.33821152285, 5407620.458692289, 80), (461130.17333171953, 5407620.445926625, 80), (461132.0084519172, 5407620.433161566, 80), (461133.8435721158, 5407620.4203971075, 80), (461135.6786923154, 5407620.4076332515, 80), (461137.51381251594, 5407620.394869999, 80), (461139.34893271746, 5407620.382107348, 80), (461141.18405291997, 5407620.369345301, 80), (461143.01917312347, 5407620.356583857, 80), (461144.85429332795, 5407620.343823014, 80), (461146.68941353343, 5407620.331062775, 80), (461148.52453373984, 5407620.31830314, 80), (461150.3596539472, 5407620.305544104, 80), (461152.19477415556, 5407620.292785673, 80), (461036.6015808126, 5407623.876772556, 80), (461038.43670004775, 5407623.863976759, 80), (461040.27181928384, 5407623.851181563, 80), (461042.1069385209, 5407623.8383869715, 80), (461043.94205775904, 5407623.825592982, 80), (461045.7771769981, 5407623.812799596, 80), (461047.61229623813, 5407623.8000068115, 80), (461049.4474154791, 5407623.787214629, 80), (461051.2825347211, 5407623.774423053, 80), (461053.1176539641, 5407623.7616320755, 80), (461054.95277320803, 5407623.748841702, 80), (461056.7878924529, 5407623.736051932, 80), (461058.62301169883, 5407623.7232627645, 80), (461060.45813094574, 5407623.7104742, 80), (461062.2932501936, 5407623.697686237, 80), (461064.12836944236, 5407623.6848988775, 80), (461065.9634886922, 5407623.672112121, 80), (461067.79860794294, 5407623.659325967, 80), (461069.6337271947, 5407623.646540415, 80), (461071.4688464474, 5407623.633755466, 80), (461073.3039657011, 5407623.62097112, 80), (461075.1390849558, 5407623.6081873765, 80), (461076.9742042115, 5407623.595404236, 80), (461078.8093234681, 5407623.582621698, 80), (461080.6444427257, 5407623.569839763, 80), (461082.4795619843, 5407623.557058431, 80), (461084.31468124385, 5407623.5442777015, 80), (461086.1498005044, 5407623.5314975735, 80), (461087.98491976585, 5407623.518718049, 80), (461089.82003902836, 5407623.505939127, 80), (461091.65515829186, 5407623.493160808, 80), (461093.4902775563, 5407623.480383093, 80), (461095.3253968217, 5407623.467605978, 80), (461097.1605160881, 5407623.454829467, 80), (461098.9956353555, 5407623.44205356, 80), (461100.8307546238, 5407623.4292782545, 80), (461102.6658738932, 5407623.416503551, 80), (461104.50099316344, 5407623.403729452, 80), (461106.3361124347, 5407623.390955954, 80), (461108.171231707, 5407623.378183059, 80), (461110.0063509802, 5407623.3654107675, 80), (461111.84147025435, 5407623.352639078, 80), (461113.6765895295, 5407623.339867991, 80), (461115.5117088057, 5407623.327097507, 80), (461117.34682808287, 5407623.3143276265, 80), (461119.1819473609, 5407623.301558348, 80), (461121.01706664, 5407623.288789672, 80), (461122.85218592006, 5407623.2760216, 80), (461124.6873052011, 5407623.26325413, 80), (461126.5224244831, 5407623.250487262, 80), (461128.35754376603, 5407623.237720997, 80), (461130.19266304997, 5407623.224955335, 80), (461132.02778233495, 5407623.212190275, 80), (461133.86290162086, 5407623.199425819, 80), (461135.6980209077, 5407623.186661965, 80), (461137.53314019553, 5407623.173898714, 80), (461139.36825948436, 5407623.161136065, 80), (461141.20337877417, 5407623.148374019, 80), (461143.0384980649, 5407623.135612576, 80), (461144.8736173567, 5407623.122851735, 80), (461146.7087366494, 5407623.110091497, 80), (461148.54385594313, 5407623.097331863, 80), (461150.3789752378, 5407623.08457283, 80), (461152.2140945334, 5407623.071814401, 80), (461036.62095869903, 5407626.655801202, 80), (461038.45607702143, 5407626.6430054065, 80), (461040.2911953448, 5407626.630210212, 80), (461042.1263136692, 5407626.617415622, 80), (461043.96143199457, 5407626.604621634, 80), (461045.7965503209, 5407626.591828249, 80), (461047.6316686482, 5407626.579035466, 80), (461049.46678697655, 5407626.566243286, 80), (461051.3019053058, 5407626.553451709, 80), (461053.137023636, 5407626.540660734, 80), (461054.9721419673, 5407626.527870364, 80), (461056.80726029945, 5407626.5150805935, 80), (461058.6423786326, 5407626.502291428, 80), (461060.47749696684, 5407626.489502865, 80), (461062.3126153019, 5407626.4767149035, 80), (461064.14773363806, 5407626.463927546, 80), (461065.98285197513, 5407626.45114079, 80), (461067.8179703132, 5407626.438354638, 80), (461069.65308865224, 5407626.425569087, 80), (461071.4882069922, 5407626.41278414, 80), (461073.3233253332, 5407626.3999997955, 80), (461075.1584436752, 5407626.387216054, 80), (461076.99356201815, 5407626.374432915, 80), (461078.828680362, 5407626.361650378, 80), (461080.66379870696, 5407626.348868445, 80), (461082.4989170528, 5407626.336087112, 80), (461084.33403539966, 5407626.323306385, 80), (461086.1691537475, 5407626.310526258, 80), (461088.00427209627, 5407626.297746736, 80), (461089.839390446, 5407626.284967816, 80), (461091.67450879683, 5407626.272189499, 80), (461093.50962714857, 5407626.259411784, 80), (461095.34474550124, 5407626.246634671, 80), (461097.1798638549, 5407626.233858163, 80), (461099.01498220954, 5407626.221082256, 80), (461100.8501005652, 5407626.208306951, 80), (461102.6852189218, 5407626.19553225, 80), (461104.52033727936, 5407626.182758152, 80), (461106.3554556379, 5407626.169984655, 80), (461108.19057399745, 5407626.157211763, 80), (461110.025692358, 5407626.144439472, 80), (461111.86081071943, 5407626.131667785, 80), (461113.6959290819, 5407626.1188966995, 80), (461115.5310474454, 5407626.106126218, 80), (461117.3661658098, 5407626.093356337, 80), (461119.20128417516, 5407626.080587061, 80), (461121.0364025415, 5407626.0678183865, 80), (461122.87152090884, 5407626.055050315, 80), (461124.70663927717, 5407626.042282847, 80), (461126.5417576464, 5407626.02951598, 80), (461128.3768760167, 5407626.016749717, 80), (461130.2119943879, 5407626.0039840555, 80), (461132.04711276013, 5407625.991218997, 80), (461133.88223113335, 5407625.978454543, 80), (461135.7173495075, 5407625.96569069, 80), (461137.5524678826, 5407625.952927441, 80), (461139.3875862587, 5407625.940164793, 80), (461141.2227046358, 5407625.92740275, 80), (461143.05782301386, 5407625.914641308, 80), (461144.8929413929, 5407625.901880468, 80), (461146.7280597729, 5407625.889120231, 80), (461148.5631781539, 5407625.876360599, 80), (461150.39829653583, 5407625.863601568, 80), (461152.23341491877, 5407625.850843139, 80), (461036.6403365929, 5407629.434829859, 80), (461038.4754540026, 5407629.422034064, 80), (461040.3105714133, 5407629.409238872, 80), (461042.14568882494, 5407629.396444283, 80), (461043.9808062376, 5407629.383650296, 80), (461045.8159236512, 5407629.370856914, 80), (461047.6510410658, 5407629.358064132, 80), (461049.4861584814, 5407629.345271954, 80), (461051.32127589796, 5407629.332480378, 80), (461053.1563933155, 5407629.319689405, 80), (461054.991510734, 5407629.306899035, 80), (461056.82662815345, 5407629.294109268, 80), (461058.6617455739, 5407629.281320103, 80), (461060.49686299544, 5407629.26853154, 80), (461062.33198041783, 5407629.255743582, 80), (461064.1670978412, 5407629.242956225, 80), (461066.00221526553, 5407629.230169471, 80), (461067.8373326909, 5407629.2173833195, 80), (461069.6724501172, 5407629.204597771, 80), (461071.50756754447, 5407629.191812825, 80), (461073.34268497274, 5407629.179028483, 80), (461075.17780240206, 5407629.1662447415, 80), (461077.01291983225, 5407629.153461604, 80), (461078.8480372635, 5407629.140679069, 80), (461080.68315469567, 5407629.127897137, 80), (461082.5182721288, 5407629.115115807, 80), (461084.3533895629, 5407629.1023350805, 80), (461086.188506998, 5407629.089554956, 80), (461088.0236244341, 5407629.076775434, 80), (461089.8587418712, 5407629.063996515, 80), (461091.69385930925, 5407629.0512182, 80), (461093.52897674823, 5407629.038440486, 80), (461095.3640941882, 5407629.025663377, 80), (461097.19921162917, 5407629.012886869, 80), (461099.03432907106, 5407629.000110963, 80), (461100.869446514, 5407628.98733566, 80), (461102.70456395793, 5407628.974560961, 80), (461104.5396814028, 5407628.961786864, 80), (461106.3747988486, 5407628.94901337, 80), (461108.2099162954, 5407628.9362404775, 80), (461110.04503374326, 5407628.923468188, 80), (461111.88015119196, 5407628.910696502, 80), (461113.7152686417, 5407628.897925419, 80), (461115.55038609245, 5407628.885154937, 80), (461117.3855035442, 5407628.8723850595, 80), (461119.22062099684, 5407628.859615784, 80), (461121.0557384505, 5407628.846847111, 80), (461122.8908559051, 5407628.834079042, 80), (461124.7259733607, 5407628.821311574, 80), (461126.5610908172, 5407628.80854471, 80), (461128.39620827476, 5407628.795778447, 80), (461130.2313257333, 5407628.783012789, 80), (461132.06644319283, 5407628.770247732, 80), (461133.9015606533, 5407628.7574832775, 80), (461135.7366781147, 5407628.744719428, 80), (461137.5717955771, 5407628.731956178, 80), (461139.40691304056, 5407628.719193533, 80), (461141.24203050486, 5407628.70643149, 80), (461143.0771479702, 5407628.69367005, 80), (461144.91226543655, 5407628.680909213, 80), (461146.7473829038, 5407628.668148978, 80), (461148.5825003721, 5407628.655389345, 80), (461150.41761784133, 5407628.642630315, 80), (461152.2527353115, 5407628.62987189, 80), (461036.6597144943, 5407632.213858528, 80), (461038.49483099126, 5407632.201062736, 80), (461040.32994748926, 5407632.188267546, 80), (461042.1650639882, 5407632.175472958, 80), (461044.0001804881, 5407632.162678974, 80), (461045.835296989, 5407632.149885591, 80), (461047.6704134909, 5407632.13709281, 80), (461049.5055299938, 5407632.1243006345, 80), (461051.3406464976, 5407632.1115090605, 80), (461053.1757630024, 5407632.098718089, 80), (461055.0108795082, 5407632.085927721, 80), (461056.84599601495, 5407632.073137953, 80), (461058.6811125227, 5407632.060348791, 80), (461060.5162290315, 5407632.04756023, 80), (461062.35134554113, 5407632.034772272, 80), (461064.1864620518, 5407632.021984917, 80), (461066.02157856344, 5407632.009198164, 80), (461067.8566950761, 5407631.996412015, 80), (461069.6918115897, 5407631.983626467, 80), (461071.5269281043, 5407631.970841523, 80), (461073.3620446198, 5407631.958057181, 80), (461075.1971611364, 5407631.945273443, 80), (461077.0322776539, 5407631.932490306, 80), (461078.86739417235, 5407631.919707774, 80), (461080.70251069183, 5407631.906925842, 80), (461082.53762721224, 5407631.894144515, 80), (461084.3727437337, 5407631.88136379, 80), (461086.2078602561, 5407631.868583666, 80), (461088.0429767794, 5407631.855804146, 80), (461089.87809330376, 5407631.843025229, 80), (461091.7132098291, 5407631.830246915, 80), (461093.5483263554, 5407631.817469203, 80), (461095.3834428827, 5407631.804692093, 80), (461097.2185594109, 5407631.791915588, 80), (461099.05367594014, 5407631.779139683, 80), (461100.88879247033, 5407631.7663643835, 80), (461102.7239090015, 5407631.753589684, 80), (461104.5590255337, 5407631.740815589, 80), (461106.39414206677, 5407631.728042095, 80), (461108.22925860086, 5407631.715269205, 80), (461110.06437513593, 5407631.702496917, 80), (461111.899491672, 5407631.689725233, 80), (461113.734608209, 5407631.676954151, 80), (461115.56972474704, 5407631.664183672, 80), (461117.404841286, 5407631.651413795, 80), (461119.239957826, 5407631.638644521, 80), (461121.0750743669, 5407631.625875849, 80), (461122.9101909088, 5407631.613107781, 80), (461124.7453074517, 5407631.600340315, 80), (461126.5804239955, 5407631.587573453, 80), (461128.41554054036, 5407631.574807191, 80), (461130.25065708614, 5407631.562041535, 80), (461132.085773633, 5407631.5492764795, 80), (461133.9208901807, 5407631.536512027, 80), (461135.75600672944, 5407631.523748177, 80), (461137.59112327907, 5407631.51098493, 80), (461139.4262398298, 5407631.498222287, 80), (461141.26135638147, 5407631.485460245, 80), (461143.09647293406, 5407631.472698805, 80), (461144.93158948765, 5407631.45993797, 80), (461146.7667060423, 5407631.447177737, 80), (461148.6018225978, 5407631.4344181055, 80), (461150.4369391543, 5407631.421659078, 80), (461152.27205571183, 5407631.408900653, 80), (461036.67909240315, 5407634.992887211, 80), (461038.5142079874, 5407634.980091419, 80), (461040.34932357265, 5407634.967296231, 80), (461042.1844391589, 5407634.954501645, 80), (461044.0195547461, 5407634.94170766, 80), (461045.8546703343, 5407634.92891428, 80), (461047.68978592346, 5407634.916121502, 80), (461049.5249015136, 5407634.903329326, 80), (461051.3600171047, 5407634.890537754, 80), (461053.1951326968, 5407634.877746783, 80), (461055.0302482899, 5407634.864956417, 80), (461056.86536388396, 5407634.852166653, 80), (461058.7004794789, 5407634.839377491, 80), (461060.535595075, 5407634.8265889315, 80), (461062.370710672, 5407634.813800975, 80), (461064.2058262699, 5407634.8010136215, 80), (461066.04094186885, 5407634.78822687, 80), (461067.87605746876, 5407634.775440722, 80), (461069.71117306966, 5407634.762655176, 80), (461071.5462886715, 5407634.749870233, 80), (461073.3814042743, 5407634.737085894, 80), (461075.2165198782, 5407634.724302157, 80), (461077.051635483, 5407634.711519022, 80), (461078.8867510887, 5407634.698736489, 80), (461080.7218666955, 5407634.68595456, 80), (461082.55698230315, 5407634.673173233, 80), (461084.3920979119, 5407634.66039251, 80), (461086.2272135216, 5407634.647612388, 80), (461088.0623291322, 5407634.63483287, 80), (461089.89744474384, 5407634.622053954, 80), (461091.7325603565, 5407634.609275642, 80), (461093.56767597, 5407634.596497931, 80), (461095.4027915846, 5407634.583720823, 80), (461097.2379072001, 5407634.570944319, 80), (461099.0730228166, 5407634.558168416, 80), (461100.9081384341, 5407634.545393116, 80), (461102.7432540526, 5407634.53261842, 80), (461104.578369672, 5407634.519844325, 80), (461106.4134852924, 5407634.507070835, 80), (461108.2486009138, 5407634.494297945, 80), (461110.0837165362, 5407634.48152566, 80), (461111.9188321595, 5407634.468753976, 80), (461113.7539477837, 5407634.455982896, 80), (461115.5890634091, 5407634.443212417, 80), (461117.42417903536, 5407634.430442542, 80), (461119.25929466257, 5407634.417673269, 80), (461121.09441029077, 5407634.404904599, 80), (461122.92952591996, 5407634.392136533, 80), (461124.76464155014, 5407634.379369069, 80), (461126.59975718125, 5407634.3666022075, 80), (461128.43487281335, 5407634.353835949, 80), (461130.26998844644, 5407634.341070292, 80), (461132.1051040805, 5407634.328305238, 80), (461133.9402197156, 5407634.315540787, 80), (461135.7753353516, 5407634.302776939, 80), (461137.6104509885, 5407634.290013693, 80), (461139.4455666265, 5407634.277251051, 80), (461141.28068226547, 5407634.264489011, 80), (461143.11579790537, 5407634.251727574, 80), (461144.95091354626, 5407634.238966739, 80), (461146.78602918814, 5407634.2262065075, 80), (461148.62114483095, 5407634.213446878, 80), (461150.45626047475, 5407634.200687852, 80), (461152.29137611954, 5407634.187929428, 80), (461036.6984703195, 5407637.771915904, 80), (461038.533584991, 5407637.759120114, 80), (461040.36869966355, 5407637.746324927, 80), (461042.20381433703, 5407637.733530342, 80), (461044.03892901156, 5407637.720736359, 80), (461045.874043687, 5407637.70794298, 80), (461047.7091583635, 5407637.695150204, 80), (461049.5442730409, 5407637.68235803, 80), (461051.3793877193, 5407637.669566458, 80), (461053.21450239874, 5407637.65677549, 80), (461055.0496170791, 5407637.643985124, 80), (461056.88473176036, 5407637.631195362, 80), (461058.7198464427, 5407637.618406202, 80), (461060.55496112606, 5407637.605617644, 80), (461062.39007581025, 5407637.592829688, 80), (461064.2251904955, 5407637.580042336, 80), (461066.0603051817, 5407637.567255587, 80), (461067.89541986893, 5407637.55446944, 80), (461069.7305345571, 5407637.5416838955, 80), (461071.5656492462, 5407637.528898954, 80), (461073.40076393634, 5407637.516114617, 80), (461075.23587862746, 5407637.503330881, 80), (461077.07099331956, 5407637.490547747, 80), (461078.9061080126, 5407637.4777652165, 80), (461080.7412227066, 5407637.464983288, 80), (461082.5763374016, 5407637.452201963, 80), (461084.4114520976, 5407637.439421241, 80), (461086.2465667945, 5407637.4266411215, 80), (461088.08168149245, 5407637.413861604, 80), (461089.91679619136, 5407637.401082689, 80), (461091.75191089127, 5407637.388304378, 80), (461093.58702559216, 5407637.375526669, 80), (461095.422140294, 5407637.3627495635, 80), (461097.2572549968, 5407637.349973059, 80), (461099.09236970055, 5407637.3371971585, 80), (461100.92748440534, 5407637.324421861, 80), (461102.76259911107, 5407637.311647166, 80), (461104.5977138178, 5407637.298873073, 80), (461106.4328285255, 5407637.286099583, 80), (461108.2679432342, 5407637.273326695, 80), (461110.1030579438, 5407637.260554411, 80), (461111.93817265437, 5407637.24778273, 80), (461113.77328736597, 5407637.23501165, 80), (461115.60840207856, 5407637.222241175, 80), (461117.44351679215, 5407637.2094713, 80), (461119.27863150666, 5407637.196702029, 80), (461121.1137462221, 5407637.183933361, 80), (461122.9488609386, 5407637.171165295, 80), (461124.783975656, 5407637.158397832, 80), (461126.61909037444, 5407637.145630972, 80), (461128.45420509385, 5407637.132864715, 80), (461130.2893198142, 5407637.12009906, 80), (461132.12443453557, 5407637.107334008, 80), (461133.9595492579, 5407637.094569558, 80), (461135.7946639812, 5407637.081805712, 80), (461137.6297787054, 5407637.069042468, 80), (461139.4648934307, 5407637.056279827, 80), (461141.3000081569, 5407637.043517789, 80), (461143.13512288406, 5407637.0307563525, 80), (461144.97023761226, 5407637.01799552, 80), (461146.80535234144, 5407637.00523529, 80), (461148.64046707156, 5407636.992475662, 80), (461150.4755818026, 5407636.979716636, 80), (461152.3106965347, 5407636.966958213, 80), (461036.7178482433, 5407640.5509446105, 80), (461038.5529620021, 5407640.538148822, 80), (461040.38807576196, 5407640.525353636, 80), (461042.22318952275, 5407640.512559053, 80), (461044.0583032845, 5407640.499765072, 80), (461045.8934170473, 5407640.486971694, 80), (461047.72853081103, 5407640.47417892, 80), (461049.5636445757, 5407640.461386747, 80), (461051.3987583414, 5407640.448595178, 80), (461053.2338721081, 5407640.435804212, 80), (461055.0689858757, 5407640.423013846, 80), (461056.90409964434, 5407640.410224085, 80), (461058.7392134139, 5407640.397434927, 80), (461060.5743271845, 5407640.38464637, 80), (461062.4094409561, 5407640.371858416, 80), (461064.24455472856, 5407640.359071066, 80), (461066.07966850203, 5407640.346284318, 80), (461067.91478227655, 5407640.333498172, 80), (461069.749896052, 5407640.32071263, 80), (461071.58500982844, 5407640.3079276895, 80), (461073.4201236058, 5407640.295143352, 80), (461075.25523738423, 5407640.282359618, 80), (461077.0903511636, 5407640.269576486, 80), (461078.9254649439, 5407640.256793957, 80), (461080.7605787252, 5407640.244012031, 80), (461082.59569250746, 5407640.231230707, 80), (461084.43080629077, 5407640.218449987, 80), (461086.265920075, 5407640.205669868, 80), (461088.10103386024, 5407640.192890353, 80), (461089.9361476464, 5407640.18011144, 80), (461091.7712614336, 5407640.16733313, 80), (461093.60637522175, 5407640.154555422, 80), (461095.4414890108, 5407640.141778316, 80), (461097.27660280094, 5407640.129001816, 80), (461099.111716592, 5407640.116225917, 80), (461100.9468303841, 5407640.10345062, 80), (461102.7819441771, 5407640.090675927, 80), (461104.6170579711, 5407640.077901835, 80), (461106.452171766, 5407640.065128346, 80), (461108.287285562, 5407640.052355461, 80), (461110.1223993589, 5407640.039583177, 80), (461111.9575131568, 5407640.026811497, 80), (461113.79262695566, 5407640.014040419, 80), (461115.62774075556, 5407640.001269944, 80), (461117.4628545564, 5407639.988500072, 80), (461119.29796835815, 5407639.975730802, 80), (461121.13308216096, 5407639.962962136, 80), (461122.9681959647, 5407639.950194072, 80), (461124.8033097694, 5407639.93742661, 80), (461126.63842357515, 5407639.924659751, 80), (461128.4735373818, 5407639.911893495, 80), (461130.30865118944, 5407639.899127842, 80), (461132.1437649981, 5407639.886362791, 80), (461133.9788788077, 5407639.873598344, 80), (461135.81399261823, 5407639.860834499, 80), (461137.6491064298, 5407639.848071256, 80), (461139.48422024236, 5407639.835308616, 80), (461141.3193340558, 5407639.822546579, 80), (461143.1544478703, 5407639.809785145, 80), (461144.98956168577, 5407639.797024313, 80), (461146.8246755022, 5407639.784264084, 80), (461148.6597893196, 5407639.771504458, 80), (461150.49490313797, 5407639.758745436, 80), (461152.3300169573, 5407639.745987015, 80), (461036.73722617456, 5407643.329973325, 80), (461038.57233902067, 5407643.317177539, 80), (461040.40745186777, 5407643.304382355, 80), (461042.24256471585, 5407643.291587774, 80), (461044.0776775649, 5407643.278793793, 80), (461045.91279041494, 5407643.266000418, 80), (461047.747903266, 5407643.253207644, 80), (461049.583016118, 5407643.240415473, 80), (461051.4181289709, 5407643.227623905, 80), (461053.2532418249, 5407643.214832939, 80), (461055.0883546798, 5407643.202042578, 80), (461056.9234675357, 5407643.189252817, 80), (461058.7585803926, 5407643.176463659, 80), (461060.59369325044, 5407643.163675104, 80), (461062.42880610924, 5407643.150887152, 80), (461064.2639189691, 5407643.138099803, 80), (461066.09903182986, 5407643.125313056, 80), (461067.9341446916, 5407643.112526912, 80), (461069.7692575544, 5407643.099741372, 80), (461071.60437041806, 5407643.086956432, 80), (461073.43948328274, 5407643.074172097, 80), (461075.27459614846, 5407643.061388365, 80), (461077.10970901506, 5407643.048605234, 80), (461078.94482188264, 5407643.035822706, 80), (461080.7799347513, 5407643.023040782, 80), (461082.61504762084, 5407643.01025946, 80), (461084.4501604914, 5407642.997478739, 80), (461086.2852733629, 5407642.9846986225, 80), (461088.12038623536, 5407642.97191911, 80), (461089.9554991089, 5407642.959140198, 80), (461091.79061198334, 5407642.94636189, 80), (461093.6257248588, 5407642.9335841825, 80), (461095.46083773515, 5407642.92080708, 80), (461097.2959506125, 5407642.908030579, 80), (461099.1310634909, 5407642.895254683, 80), (461100.9661763702, 5407642.882479386, 80), (461102.80128925055, 5407642.8697046945, 80), (461104.6364021318, 5407642.856930605, 80), (461106.47151501407, 5407642.844157117, 80), (461108.3066278973, 5407642.831384233, 80), (461110.1417407815, 5407642.8186119525, 80), (461111.97685366665, 5407642.805840273, 80), (461113.8119665528, 5407642.793069197, 80), (461115.64707943995, 5407642.780298724, 80), (461117.4821923281, 5407642.767528852, 80), (461119.31730521715, 5407642.754759585, 80), (461121.1524181072, 5407642.74199092, 80), (461122.98753099825, 5407642.729222856, 80), (461124.8226438903, 5407642.716455396, 80), (461126.65775678324, 5407642.70368854, 80), (461128.4928696772, 5407642.6909222845, 80), (461130.32798257214, 5407642.678156634, 80), (461132.1630954681, 5407642.665391585, 80), (461133.99820836494, 5407642.6526271375, 80), (461135.8333212628, 5407642.639863295, 80), (461137.66843416163, 5407642.627100052, 80), (461139.50354706147, 5407642.6143374145, 80), (461141.33865996223, 5407642.601575379, 80), (461143.173772864, 5407642.588813946, 80), (461145.0088857667, 5407642.5760531165, 80), (461146.84399867046, 5407642.563292889, 80), (461148.6791115751, 5407642.550533264, 80), (461150.5142244808, 5407642.5377742415, 80), (461152.34933738736, 5407642.525015823, 80), (461036.7566041134, 5407646.1090020565, 80), (461038.59171604674, 5407646.096206271, 80), (461040.42682798114, 5407646.083411089, 80), (461042.2619399165, 5407646.070616508, 80), (461044.09705185285, 5407646.057822531, 80), (461045.93216379016, 5407646.045029156, 80), (461047.76727572846, 5407646.032236384, 80), (461049.60238766775, 5407646.019444214, 80), (461051.437499608, 5407646.006652648, 80), (461053.27261154924, 5407645.993861683, 80), (461055.10772349144, 5407645.981071322, 80), (461056.9428354346, 5407645.968281564, 80), (461058.7779473787, 5407645.955492407, 80), (461060.6130593239, 5407645.942703854, 80), (461062.44817127, 5407645.929915905, 80), (461064.2832832171, 5407645.917128556, 80), (461066.11839516513, 5407645.904341811, 80), (461067.9535071142, 5407645.891555668, 80), (461069.7886190642, 5407645.87877013, 80), (461071.6237310152, 5407645.865985192, 80), (461073.4588429672, 5407645.8532008575, 80), (461075.29395492014, 5407645.840417125, 80), (461077.12906687404, 5407645.827633997, 80), (461078.96417882893, 5407645.814851472, 80), (461080.7992907848, 5407645.8020695485, 80), (461082.6344027417, 5407645.789288227, 80), (461084.4695146995, 5407645.77650751, 80), (461086.3046266583, 5407645.763727394, 80), (461088.13973861805, 5407645.7509478815, 80), (461089.9748505788, 5407645.738168972, 80), (461091.8099625406, 5407645.725390665, 80), (461093.64507450326, 5407645.7126129605, 80), (461095.48018646694, 5407645.699835858, 80), (461097.3152984316, 5407645.68705936, 80), (461099.1504103972, 5407645.6742834635, 80), (461100.98552236386, 5407645.66150817, 80), (461102.82063433144, 5407645.648733479, 80), (461104.6557463, 5407645.63595939, 80), (461106.4908582695, 5407645.623185905, 80), (461108.32597024005, 5407645.610413021, 80), (461110.16108221153, 5407645.597640741, 80), (461111.996194184, 5407645.584869065, 80), (461113.8313061574, 5407645.572097989, 80), (461115.66641813185, 5407645.559327518, 80), (461117.5015301073, 5407645.546557648, 80), (461119.33664208365, 5407645.533788381, 80), (461121.17175406095, 5407645.521019718, 80), (461123.0068660393, 5407645.508251657, 80), (461124.8419780186, 5407645.495484198, 80), (461126.67708999885, 5407645.482717343, 80), (461128.51220198005, 5407645.469951089, 80), (461130.3473139623, 5407645.457185439, 80), (461132.18242594553, 5407645.444420392, 80), (461134.0175379297, 5407645.431655947, 80), (461135.8526499148, 5407645.418892105, 80), (461137.6877619009, 5407645.406128865, 80), (461139.522873888, 5407645.393366229, 80), (461141.35798587603, 5407645.380604194, 80), (461143.1930978651, 5407645.367842763, 80), (461145.02820985514, 5407645.3550819345, 80), (461146.8633218461, 5407645.342321709, 80), (461148.6984338381, 5407645.329562085, 80), (461150.53354583104, 5407645.316803064, 80), (461152.36865782493, 5407645.304044647, 80), (461036.7759820596, 5407648.888030798, 80), (461038.61109308025, 5407648.875235014, 80), (461040.44620410196, 5407648.862439832, 80), (461042.2813151246, 5407648.849645253, 80), (461044.1164261482, 5407648.836851277, 80), (461045.95153717283, 5407648.824057904, 80), (461047.7866481984, 5407648.811265132, 80), (461049.621759225, 5407648.798472966, 80), (461051.4568702525, 5407648.7856813995, 80), (461053.291981281, 5407648.772890437, 80), (461055.12709231046, 5407648.760100078, 80), (461056.96220334095, 5407648.74731032, 80), (461058.7973143724, 5407648.734521166, 80), (461060.63242540485, 5407648.721732614, 80), (461062.4675364382, 5407648.708944665, 80), (461064.3026474726, 5407648.6961573195, 80), (461066.1377585079, 5407648.683370575, 80), (461067.97286954423, 5407648.670584435, 80), (461069.80798058154, 5407648.657798897, 80), (461071.6430916198, 5407648.64501396, 80), (461073.47820265905, 5407648.632229627, 80), (461075.3133136993, 5407648.619445899, 80), (461077.1484247405, 5407648.606662771, 80), (461078.98353578267, 5407648.593880245, 80), (461080.81864682585, 5407648.581098325, 80), (461082.65375786996, 5407648.5683170045, 80), (461084.48886891507, 5407648.555536289, 80), (461086.32397996116, 5407648.542756175, 80), (461088.1590910082, 5407648.529976664, 80), (461089.99420205626, 5407648.517197755, 80), (461091.82931310526, 5407648.50441945, 80), (461093.66442415526, 5407648.491641747, 80), (461095.49953520624, 5407648.478864646, 80), (461097.33464625815, 5407648.466088148, 80), (461099.16975731106, 5407648.4533122545, 80), (461101.00486836495, 5407648.440536962, 80), (461102.83997941983, 5407648.427762273, 80), (461104.6750904757, 5407648.414988185, 80), (461106.5102015325, 5407648.402214701, 80), (461108.3453125903, 5407648.38944182, 80), (461110.1804236491, 5407648.376669543, 80), (461112.0155347088, 5407648.363897866, 80), (461113.8506457695, 5407648.351126794, 80), (461115.68575683126, 5407648.338356322, 80), (461117.52086789394, 5407648.325586454, 80), (461119.35597895755, 5407648.312817189, 80), (461121.19109002216, 5407648.300048525, 80), (461123.02620108775, 5407648.287280466, 80), (461124.86131215433, 5407648.274513009, 80), (461126.6964232219, 5407648.261746156, 80), (461128.5315342904, 5407648.248979904, 80), (461130.3666453599, 5407648.236214256, 80), (461132.2017564304, 5407648.223449209, 80), (461134.03686750185, 5407648.210684766, 80), (461135.87197857426, 5407648.197920925, 80), (461137.70708964765, 5407648.185157687, 80), (461139.54220072203, 5407648.172395052, 80), (461141.37731179735, 5407648.159633019, 80), (461143.2124228737, 5407648.146871589, 80), (461145.047533951, 5407648.134110761, 80), (461146.8826450293, 5407648.121350537, 80), (461148.7177561085, 5407648.108590916, 80), (461150.55286718876, 5407648.095831896, 80), (461152.38797826995, 5407648.08307348, 80), (461036.7953600134, 5407651.667059551, 80), (461038.63047012134, 5407651.65426377, 80), (461040.46558023023, 5407651.641468589, 80), (461042.30069034017, 5407651.628674012, 80), (461044.13580045104, 5407651.615880038, 80), (461045.97091056296, 5407651.603086665, 80), (461047.8060206758, 5407651.590293896, 80), (461049.64113078965, 5407651.577501729, 80), (461051.4762409045, 5407651.564710166, 80), (461053.3113510203, 5407651.551919205, 80), (461055.14646113705, 5407651.539128847, 80), (461056.9815712548, 5407651.526339091, 80), (461058.81668137346, 5407651.513549938, 80), (461060.65179149323, 5407651.500761387, 80), (461062.4869016139, 5407651.48797344, 80), (461064.3220117355, 5407651.475186096, 80), (461066.15712185815, 5407651.462399354, 80), (461067.99223198177, 5407651.449613215, 80), (461069.8273421063, 5407651.436827677, 80), (461071.66245223186, 5407651.424042744, 80), (461073.4975623584, 5407651.411258412, 80), (461075.33267248597, 5407651.398474684, 80), (461077.1677826144, 5407651.385691558, 80), (461079.00289274385, 5407651.372909035, 80), (461080.8380028743, 5407651.360127114, 80), (461082.6731130057, 5407651.347345796, 80), (461084.5082231381, 5407651.334565082, 80), (461086.34333327145, 5407651.321784969, 80), (461088.1784434058, 5407651.309005459, 80), (461090.01355354115, 5407651.296226553, 80), (461091.84866367746, 5407651.283448248, 80), (461093.6837738147, 5407651.270670546, 80), (461095.51888395293, 5407651.257893448, 80), (461097.35399409215, 5407651.245116951, 80), (461099.18910423236, 5407651.232341059, 80), (461101.02421437355, 5407651.219565768, 80), (461102.85932451574, 5407651.206791081, 80), (461104.69443465886, 5407651.194016995, 80), (461106.5295448029, 5407651.181243512, 80), (461108.364654948, 5407651.168470632, 80), (461110.1997650941, 5407651.155698355, 80), (461112.03487524105, 5407651.142926681, 80), (461113.86998538906, 5407651.13015561, 80), (461115.70509553805, 5407651.117385141, 80), (461117.54020568804, 5407651.104615273, 80), (461119.37531583896, 5407651.09184601, 80), (461121.21042599087, 5407651.079077348, 80), (461123.04553614376, 5407651.066309291, 80), (461124.8806462976, 5407651.053541835, 80), (461126.7157564524, 5407651.040774982, 80), (461128.5508666082, 5407651.028008732, 80), (461130.38597676496, 5407651.015243085, 80), (461132.2210869228, 5407651.00247804, 80), (461134.0561970815, 5407650.989713599, 80), (461135.89130724117, 5407650.976949759, 80), (461137.72641740186, 5407650.964186523, 80), (461139.56152756355, 5407650.951423889, 80), (461141.39663772617, 5407650.938661858, 80), (461143.2317478897, 5407650.9259004295, 80), (461145.0668580543, 5407650.913139604, 80), (461146.9019682199, 5407650.90037938, 80), (461148.7370783864, 5407650.88761976, 80), (461150.5721885539, 5407650.874860743, 80), (461152.40729872236, 5407650.862102327, 80), (461036.81473797455, 5407654.446088319, 80), (461038.6498471698, 5407654.433292537, 80), (461040.484956366, 5407654.420497359, 80), (461042.32006556325, 5407654.407702783, 80), (461044.1551747614, 5407654.39490881, 80), (461045.9902839606, 5407654.3821154395, 80), (461047.82539316075, 5407654.369322672, 80), (461049.66050236183, 5407654.356530507, 80), (461051.4956115639, 5407654.343738944, 80), (461053.33072076703, 5407654.330947985, 80), (461055.1658299711, 5407654.318157628, 80), (461057.00093917607, 5407654.305367873, 80), (461058.83604838204, 5407654.292578722, 80), (461060.67115758907, 5407654.279790173, 80), (461062.506266797, 5407654.267002228, 80), (461064.34137600596, 5407654.254214884, 80), (461066.17648521584, 5407654.241428143, 80), (461068.01159442676, 5407654.2286420055, 80), (461069.8467036386, 5407654.21585647, 80), (461071.6818128514, 5407654.203071537, 80), (461073.51692206523, 5407654.190287207, 80), (461075.35203128005, 5407654.1775034815, 80), (461077.1871404958, 5407654.164720356, 80), (461079.02224971255, 5407654.151937835, 80), (461080.8573589303, 5407654.139155916, 80), (461082.69246814895, 5407654.1263745995, 80), (461084.52757736866, 5407654.113593886, 80), (461086.36268658924, 5407654.100813775, 80), (461088.1977958109, 5407654.088034268, 80), (461090.0329050335, 5407654.075255361, 80), (461091.8680142571, 5407654.062477059, 80), (461093.70312348165, 5407654.049699359, 80), (461095.5382327072, 5407654.036922262, 80), (461097.37334193365, 5407654.024145767, 80), (461099.20845116116, 5407654.011369875, 80), (461101.0435603896, 5407653.998594586, 80), (461102.87866961904, 5407653.985819899, 80), (461104.71377884946, 5407653.973045816, 80), (461106.5488880808, 5407653.9602723345, 80), (461108.3839973132, 5407653.947499456, 80), (461110.2191065465, 5407653.934727181, 80), (461112.0542157808, 5407653.921955507, 80), (461113.88932501606, 5407653.909184437, 80), (461115.72443425236, 5407653.89641397, 80), (461117.5595434896, 5407653.883644105, 80), (461119.3946527278, 5407653.870874843, 80), (461121.22976196697, 5407653.858106183, 80), (461123.06487120717, 5407653.845338127, 80), (461124.8999804483, 5407653.832570673, 80), (461126.73508969037, 5407653.819803821, 80), (461128.5701989335, 5407653.807037573, 80), (461130.4053081775, 5407653.794271926, 80), (461132.2404174226, 5407653.781506883, 80), (461134.0755266686, 5407653.768742442, 80), (461135.9106359156, 5407653.755978606, 80), (461137.7457451635, 5407653.74321537, 80), (461139.58085441246, 5407653.730452738, 80), (461141.4159636624, 5407653.717690708, 80), (461143.25107291323, 5407653.704929281, 80), (461145.08618216513, 5407653.692168457, 80), (461146.92129141797, 5407653.6794082355, 80), (461148.7564006718, 5407653.666648617, 80), (461150.59150992654, 5407653.653889601, 80), (461152.4266191823, 5407653.641131187, 80), (461036.8341159433, 5407657.225117096, 80), (461038.6692242258, 5407657.212321316, 80), (461040.5043325093, 5407657.19952614, 80), (461042.33944079373, 5407657.186731564, 80), (461044.1745490792, 5407657.173937593, 80), (461046.0096573657, 5407657.161144223, 80), (461047.84476565314, 5407657.148351458, 80), (461049.6798739415, 5407657.135559293, 80), (461051.51498223084, 5407657.122767733, 80), (461053.3500905213, 5407657.109976775, 80), (461055.18519881257, 5407657.097186419, 80), (461057.02030710486, 5407657.084396668, 80), (461058.85541539814, 5407657.071607517, 80), (461060.6905236924, 5407657.05881897, 80), (461062.52563198766, 5407657.046031025, 80), (461064.36074028385, 5407657.033243683, 80), (461066.19584858103, 5407657.020456945, 80), (461068.0309568792, 5407657.007670808, 80), (461069.86606517836, 5407656.994885274, 80), (461071.70117347845, 5407656.982100343, 80), (461073.5362817795, 5407656.969316015, 80), (461075.37139008165, 5407656.956532289, 80), (461077.2064983847, 5407656.943749166, 80), (461079.0416066887, 5407656.9309666455, 80), (461080.8767149937, 5407656.918184727, 80), (461082.71182329964, 5407656.905403414, 80), (461084.5469316066, 5407656.892622701, 80), (461086.38203991455, 5407656.879842592, 80), (461088.2171482234, 5407656.867063086, 80), (461090.05225653335, 5407656.854284182, 80), (461091.8873648442, 5407656.8415058805, 80), (461093.722473156, 5407656.828728181, 80), (461095.55758146883, 5407656.815951086, 80), (461097.3926897826, 5407656.803174592, 80), (461099.22779809736, 5407656.790398703, 80), (461101.0629064131, 5407656.777623415, 80), (461102.89801472984, 5407656.76484873, 80), (461104.7331230475, 5407656.752074648, 80), (461106.56823136617, 5407656.739301167, 80), (461108.4033396858, 5407656.726528291, 80), (461110.23844800645, 5407656.713756016, 80), (461112.073556328, 5407656.700984345, 80), (461113.9086646506, 5407656.688213277, 80), (461115.7437729741, 5407656.675442809, 80), (461117.57888129866, 5407656.662672947, 80), (461119.4139896241, 5407656.649903687, 80), (461121.2490979506, 5407656.637135028, 80), (461123.084206278, 5407656.624366973, 80), (461124.91931460646, 5407656.611599521, 80), (461126.75442293583, 5407656.598832671, 80), (461128.5895312662, 5407656.586066424, 80), (461130.42463959754, 5407656.573300779, 80), (461132.2597479299, 5407656.560535737, 80), (461134.0948562632, 5407656.547771298, 80), (461135.92996459745, 5407656.535007463, 80), (461137.76507293264, 5407656.522244229, 80), (461139.6001812689, 5407656.509481598, 80), (461141.4352896061, 5407656.49671957, 80), (461143.27039794426, 5407656.483958145, 80), (461145.10550628335, 5407656.471197321, 80), (461146.9406146235, 5407656.458437102, 80), (461148.7757229646, 5407656.445677483, 80), (461150.61083130667, 5407656.432918469, 80), (461152.44593964965, 5407656.420160057, 80), (461036.8534939194, 5407660.004145887, 80), (461038.68860128924, 5407659.991350107, 80), (461040.52370866004, 5407659.9785549315, 80), (461042.3588160318, 5407659.965760359, 80), (461044.19392340456, 5407659.952966388, 80), (461046.02903077827, 5407659.9401730215, 80), (461047.864138153, 5407659.927380257, 80), (461049.69924552867, 5407659.914588096, 80), (461051.5343529053, 5407659.901796535, 80), (461053.36946028296, 5407659.889005577, 80), (461055.2045676615, 5407659.876215225, 80), (461057.0396750411, 5407659.863425474, 80), (461058.8747824217, 5407659.850636326, 80), (461060.70988980326, 5407659.8378477795, 80), (461062.54499718576, 5407659.825059837, 80), (461064.38010456925, 5407659.812272496, 80), (461066.2152119537, 5407659.799485759, 80), (461068.05031933915, 5407659.786699623, 80), (461069.88542672555, 5407659.77391409, 80), (461071.72053411294, 5407659.761129161, 80), (461073.5556415013, 5407659.748344835, 80), (461075.3907488907, 5407659.73556111, 80), (461077.22585628106, 5407659.722777989, 80), (461079.06096367235, 5407659.709995471, 80), (461080.8960710646, 5407659.697213555, 80), (461082.73117845785, 5407659.68443224, 80), (461084.5662858521, 5407659.671651531, 80), (461086.4013932473, 5407659.658871422, 80), (461088.2365006435, 5407659.646091917, 80), (461090.07160804066, 5407659.633313014, 80), (461091.9067154388, 5407659.620534715, 80), (461093.7418228379, 5407659.607757018, 80), (461095.576930238, 5407659.594979923, 80), (461097.412037639, 5407659.582203431, 80), (461099.24714504107, 5407659.569427543, 80), (461101.0822524441, 5407659.556652256, 80), (461102.9173598481, 5407659.543877573, 80), (461104.75246725307, 5407659.531103492, 80), (461106.587574659, 5407659.518330014, 80), (461108.4226820659, 5407659.5055571385, 80), (461110.2577894738, 5407659.492784866, 80), (461112.0928968827, 5407659.480013196, 80), (461113.9280042925, 5407659.467242128, 80), (461115.76311170333, 5407659.4544716645, 80), (461117.59821911517, 5407659.441701802, 80), (461119.43332652794, 5407659.428932543, 80), (461121.26843394164, 5407659.416163887, 80), (461123.1035413564, 5407659.403395832, 80), (461124.9386487721, 5407659.390628382, 80), (461126.77375618875, 5407659.377861533, 80), (461128.6088636064, 5407659.365095288, 80), (461130.443971025, 5407659.352329644, 80), (461132.27907844464, 5407659.339564606, 80), (461134.1141858652, 5407659.326800168, 80), (461135.9492932867, 5407659.314036332, 80), (461137.78440070926, 5407659.3012731, 80), (461139.61950813275, 5407659.288510471, 80), (461141.4546155572, 5407659.275748445, 80), (461143.2897229827, 5407659.26298702, 80), (461145.12483040907, 5407659.250226199, 80), (461146.9599378365, 5407659.23746598, 80), (461148.7950452649, 5407659.224706365, 80), (461150.6301526942, 5407659.211947351, 80), (461152.46526012453, 5407659.19918894, 80), (461036.8728719031, 5407662.783174686, 80), (461038.7079783602, 5407662.770378911, 80), (461040.54308481823, 5407662.7575837355, 80), (461042.37819127727, 5407662.744789164, 80), (461044.2132977373, 5407662.731995196, 80), (461046.0484041983, 5407662.719201829, 80), (461047.8835106603, 5407662.706409066, 80), (461049.71861712326, 5407662.693616906, 80), (461051.5537235872, 5407662.680825348, 80), (461053.3888300521, 5407662.668034393, 80), (461055.22393651796, 5407662.655244041, 80), (461057.05904298485, 5407662.642454291, 80), (461058.8941494527, 5407662.629665144, 80), (461060.72925592156, 5407662.616876599, 80), (461062.5643623913, 5407662.604088658, 80), (461064.3994688621, 5407662.591301319, 80), (461066.23457533383, 5407662.5785145825, 80), (461068.06968180655, 5407662.56572845, 80), (461069.90478828026, 5407662.552942919, 80), (461071.73989475495, 5407662.5401579905, 80), (461073.5750012306, 5407662.527373665, 80), (461075.41010770726, 5407662.514589943, 80), (461077.24521418486, 5407662.501806823, 80), (461079.0803206634, 5407662.489024305, 80), (461080.915427143, 5407662.476242391, 80), (461082.7505336235, 5407662.463461079, 80), (461084.585640105, 5407662.4506803695, 80), (461086.4207465875, 5407662.437900263, 80), (461088.25585307094, 5407662.42512076, 80), (461090.0909595554, 5407662.412341858, 80), (461091.9260660408, 5407662.39956356, 80), (461093.7611725272, 5407662.386785865, 80), (461095.5962790146, 5407662.374008772, 80), (461097.4313855029, 5407662.361232281, 80), (461099.2664919922, 5407662.348456394, 80), (461101.1015984825, 5407662.335681109, 80), (461102.9367049738, 5407662.322906428, 80), (461104.7718114661, 5407662.310132347, 80), (461106.6069179593, 5407662.2973588705, 80), (461108.4420244535, 5407662.284585997, 80), (461110.27713094867, 5407662.271813726, 80), (461112.1122374448, 5407662.259042058, 80), (461113.9473439419, 5407662.246270992, 80), (461115.78245044005, 5407662.233500529, 80), (461117.61755693913, 5407662.220730668, 80), (461119.45266343915, 5407662.20796141, 80), (461121.28776994016, 5407662.195192755, 80), (461123.1228764422, 5407662.182424704, 80), (461124.95798294514, 5407662.169657254, 80), (461126.7930894491, 5407662.156890407, 80), (461128.628195954, 5407662.144124162, 80), (461130.4633024599, 5407662.131358522, 80), (461132.29840896686, 5407662.118593483, 80), (461134.1335154747, 5407662.105829046, 80), (461135.9686219835, 5407662.0930652125, 80), (461137.8037284933, 5407662.080301982, 80), (461139.63883500407, 5407662.067539355, 80), (461141.47394151584, 5407662.05477733, 80), (461143.30904802855, 5407662.042015906, 80), (461145.14415454224, 5407662.029255087, 80), (461146.9792610569, 5407662.016494869, 80), (461148.8143675726, 5407662.003735255, 80), (461150.6494740892, 5407661.990976244, 80), (461152.4845806068, 5407661.978217835, 80), (461036.89224989427, 5407665.5622034995, 80), (461038.72735543863, 5407665.549407724, 80), (461040.5624609839, 5407665.536612553, 80), (461042.3975665303, 5407665.5238179825, 80), (461044.23267207755, 5407665.511024015, 80), (461046.06777762587, 5407665.498230651, 80), (461047.9028831751, 5407665.485437889, 80), (461049.73798872536, 5407665.472645729, 80), (461051.57309427654, 5407665.4598541735, 80), (461053.40819982876, 5407665.44706322, 80), (461055.2433053819, 5407665.4342728695, 80), (461057.07841093605, 5407665.421483121, 80), (461058.9135164912, 5407665.408693976, 80), (461060.7486220473, 5407665.395905432, 80), (461062.58372760436, 5407665.383117492, 80), (461064.4188331624, 5407665.370330155, 80), (461066.25393872143, 5407665.35754342, 80), (461068.08904428146, 5407665.344757288, 80), (461069.9241498424, 5407665.331971759, 80), (461071.75925540435, 5407665.319186832, 80), (461073.5943609673, 5407665.306402507, 80), (461075.42946653126, 5407665.293618787, 80), (461077.2645720961, 5407665.280835668, 80), (461079.09967766196, 5407665.268053153, 80), (461080.9347832288, 5407665.255271239, 80), (461082.7698887966, 5407665.24248993, 80), (461084.6049943654, 5407665.229709221, 80), (461086.44009993516, 5407665.216929116, 80), (461088.2752055059, 5407665.204149614, 80), (461090.1103110777, 5407665.191370714, 80), (461091.9454166504, 5407665.178592418, 80), (461093.780522224, 5407665.165814724, 80), (461095.61562779866, 5407665.153037632, 80), (461097.4507333743, 5407665.140261144, 80), (461099.2858389509, 5407665.1274852585, 80), (461101.1209445285, 5407665.114709975, 80), (461102.956050107, 5407665.1019352935, 80), (461104.79115568654, 5407665.089161216, 80), (461106.626261267, 5407665.076387741, 80), (461108.46136684855, 5407665.063614869, 80), (461110.296472431, 5407665.050842598, 80), (461112.1315780144, 5407665.038070932, 80), (461113.96668359876, 5407665.025299867, 80), (461115.80178918416, 5407665.012529406, 80), (461117.63689477055, 5407664.999759546, 80), (461119.47200035787, 5407664.986990291, 80), (461121.3071059462, 5407664.974221637, 80), (461123.1422115355, 5407664.961453586, 80), (461124.9773171257, 5407664.948686138, 80), (461126.81242271693, 5407664.935919293, 80), (461128.64752830914, 5407664.923153049, 80), (461130.4826339023, 5407664.91038741, 80), (461132.31773949653, 5407664.897622373, 80), (461134.15284509165, 5407664.884857938, 80), (461135.9879506877, 5407664.872094107, 80), (461137.8230562848, 5407664.859330877, 80), (461139.6581618829, 5407664.84656825, 80), (461141.4932674819, 5407664.833806227, 80), (461143.32837308187, 5407664.821044806, 80), (461145.16347868287, 5407664.808283987, 80), (461146.99858428485, 5407664.795523772, 80), (461148.8336898878, 5407664.78276416, 80), (461150.6687954917, 5407664.770005149, 80), (461152.5039010965, 5407664.757246741, 80), (461036.91162789287, 5407668.341232325, 80), (461038.7467325245, 5407668.328436552, 80), (461040.58183715714, 5407668.315641381, 80), (461042.4169417907, 5407668.302846812, 80), (461044.2520464253, 5407668.290052846, 80), (461046.08715106087, 5407668.277259483, 80), (461047.9222556974, 5407668.2644667225, 80), (461049.7573603349, 5407668.2516745655, 80), (461051.5924649734, 5407668.23888301, 80), (461053.4275696129, 5407668.226092058, 80), (461055.2626742533, 5407668.213301709, 80), (461057.0977788947, 5407668.200511961, 80), (461058.93288353714, 5407668.187722818, 80), (461060.76798818057, 5407668.174934276, 80), (461062.60309282487, 5407668.162146338, 80), (461064.4381974702, 5407668.149359002, 80), (461066.2733021165, 5407668.136572269, 80), (461068.1084067638, 5407668.123786139, 80), (461069.9435114121, 5407668.1110006105, 80), (461071.77861606126, 5407668.098215685, 80), (461073.6137207115, 5407668.0854313625, 80), (461075.4488253627, 5407668.072647642, 80), (461077.2839300149, 5407668.059864526, 80), (461079.119034668, 5407668.0470820125, 80), (461080.9541393221, 5407668.034300101, 80), (461082.78924397717, 5407668.021518791, 80), (461084.6243486333, 5407668.008738085, 80), (461086.4594532903, 5407667.995957981, 80), (461088.29455794836, 5407667.9831784805, 80), (461090.12966260733, 5407667.970399583, 80), (461091.96476726735, 5407667.9576212885, 80), (461093.7998719283, 5407667.944843595, 80), (461095.6349765902, 5407667.932066505, 80), (461097.4700812531, 5407667.919290018, 80), (461099.30518591695, 5407667.906514133, 80), (461101.14029058185, 5407667.893738851, 80), (461102.9753952477, 5407667.880964171, 80), (461104.81049991446, 5407667.868190096, 80), (461106.64560458227, 5407667.855416623, 80), (461108.480709251, 5407667.842643751, 80), (461110.31581392075, 5407667.829871483, 80), (461112.1509185914, 5407667.817099817, 80), (461113.98602326313, 5407667.804328755, 80), (461115.8211279358, 5407667.791558294, 80), (461117.6562326095, 5407667.778788436, 80), (461119.49133728404, 5407667.766019181, 80), (461121.3264419596, 5407667.75325053, 80), (461123.1615466362, 5407667.74048248, 80), (461124.99665131373, 5407667.727715033, 80), (461126.8317559922, 5407667.71494819, 80), (461128.6668606717, 5407667.702181949, 80), (461130.50196535216, 5407667.689416311, 80), (461132.33707003365, 5407667.676651275, 80), (461134.172174716, 5407667.663886841, 80), (461136.00727939943, 5407667.6511230115, 80), (461137.8423840838, 5407667.638359783, 80), (461139.6774887691, 5407667.625597158, 80), (461141.51259345544, 5407667.612835136, 80), (461143.3476981427, 5407667.600073717, 80), (461145.182802831, 5407667.5873128995, 80), (461147.01790752023, 5407667.574552686, 80), (461148.85301221046, 5407667.561793075, 80), (461150.6881169016, 5407667.549034066, 80), (461152.52322159376, 5407667.536275659, 80)],
    }
    custom double[] data:nir = [0.6000000000000001, 0.5979626520893231, 0.5918921162223835, 0.5819120703348334, 0.5682258426830473, 0.5511122693401393, 0.5309200133350536, 0.508060461173628, 0.4829993414642136, 0.4562472364056024, 0.4283491794512681, 0.39987355108168937, 0.3714004989165059, 0.343510118089111, 0.31677063269057154, 0.29172681906798037, 0.2688889068349313, 0.24872218371914637, 0.2316375160326772, 0.21798297789568022, 0.208036759755602, 0.20200150067991093, 0.20000015989328943, 0.2020735116704393, 0.2081793146222478, 0.21819317229984625, 0.23191106758306188, 0.2490535192189532, 0.2692712758272776, 0.2921524313661898, 0.3172308170913786, 0.34399549903524085, 0.37190118750939344, 0.40037934655274865, 0.4288497769870371, 0.45673243709264527, 0.48345926007647033, 0.5084857275688608, 0.5313019633572444, 0.5514431213384914, 0.5684988560512847, 0.5821216828408023, 0.5920340573300732, 0.5980340299645417, 0.599999360427098, 0.5978900080986256, 0.5917489478247173, 0.581701294368557, 0.5679517533879059, 0.5507804508686609, 0.5305372259839339, 0.5076345036529677, 0.48253889201066, 0.4557616759764774, 0.4278484006018294, 0.3993677564193632, 0.3708999932382773, 0.34302509843695844, 0.31631098060224416, 0.2913018992556964, 0.2685073763936083, 0.24839181575125932, 0.23136504128311716, 0.21777394762306462, 0.5984395334458659, 0.5964180816015576, 0.5903949100755482, 0.5804927318270793, 0.5669132886778075, 0.5499332411290163, 0.5298985318246727, 0.5072173374961991, 0.48235175298236327, 0.4558083767497353, 0.42812798971941385, 0.3998745376782285, 0.3716236417410345, 0.34395087094595567, 0.3174200159106121, 0.2925716024557511, 0.26991187921373155, 0.24990250358259003, 0.232951136158687, 0.21940313527206468, 0.20953452083572507, 0.20354635085969974, 0.20156062519988296, 0.20361779999651686, 0.20967596344186323, 0.2196116896695429, 0.23322255336884565, 0.2502312538925686, 0.27029126483595844, 0.29299389398517856, 0.3178766097995882, 0.34443246478842326, 0.37212042379490584, 0.4003763867647087, 0.4286246814266246, 0.4562897917395573, 0.48280808315655976, 0.5076392858215002, 0.5302775017456889, 0.5502615117099794, 0.5671841719048951, 0.5807007088665238, 0.5905357437114819, 0.5964889025628413, 0.5984388988631244, 0.5963460044034493, 0.5902528587253628, 0.5802836004050319, 0.5666413379185559, 0.5496040116156719, 0.529518731107847, 0.5067947034378613, 0.48189489610867037, 0.4553266048246586, 0.4276311181132029, 0.3993726893941714, 0.37112704117466105, 0.3434696355785295, 0.31696395018083656, 0.29214999800924335, 0.269533325599874, 0.2495747132555252, 0.23268078734779463, 0.2191957359231952, 0.593782484342129, 0.5918084726441278, 0.5859266550362101, 0.5762568646065206, 0.5629961086283453, 0.5464145548365457, 0.5268500271708566, 0.504701123126909, 0.48041909293847995, 0.45449864604028334, 0.42746787211563786, 0.399877482072337, 0.3722895881454755, 0.3452662517155722, 0.3193580321627769, 0.2950927700568421, 0.2729648332083032, 0.25342504467622007, 0.23687149793400167, 0.22364144632034355, 0.21400443201537805, 0.20815679452869904, 0.2062176705804653, 0.20822656687192168, 0.21414255519644648, 0.2238451062895141, 0.23713654542914758, 0.25374607975773666, 0.27333531527466465, 0.29550515109940995, 0.31980391054499635, 0.34573654334353904, 0.3727747115425331, 0.4003675535870913, 0.4279529072863221, 0.4549687630129817, 0.4808647137948714, 0.5051131690197862, 0.5272201032918301, 0.5467351214474967, 0.5632606346721235, 0.5764599607672998, 0.586064183538602, 0.5918776315540624, 0.5937818646519997, 0.5917380869791784, 0.5857879373973149, 0.5760526411545973, 0.562730540105625, 0.5460930517977771, 0.5264791397514832, 0.5042884075940202, 0.47997295774336196, 0.454028180509013, 0.42698266126788664, 0.39938741134117417, 0.37180464197670315, 0.3447963101498278, 0.31891266954473124, 0.29468105997248917, 0.2725951636244447, 0.25310494704839903, 0.23660749376455043, 0.22343891429269275, 0.5861015243824629, 0.5842057566230908, 0.5785570767298115, 0.5692705679644114, 0.5565354288191974, 0.5406111183854662, 0.5218220702691292, 0.5005510827494205, 0.47723151984615353, 0.4523384821869168, 0.4263791275543649, 0.3998823383177294, 0.37338794625891925, 0.34743573432099123, 0.3225544393516372, 0.2992509798940647, 0.278000128492648, 0.2592348389244149, 0.24333742542431633, 0.23063177361414827, 0.221376741825603, 0.21576088725545695, 0.21389862439946164, 0.21582789403100508, 0.2215093902155576, 0.2308273611093081, 0.24359196722693519, 0.2595431491323953, 0.27835592575440926, 0.29964701538152816, 0.3229826444440733, 0.34788738499089605, 0.3738538408108057, 0.4003529848586788, 0.4268449373769085, 0.4527899651243673, 0.4776594776203178, 0.5009467963715278, 0.5221774776759673, 0.5409189786916576, 0.5567894698392262, 0.5694656139988636, 0.5786891540123794, 0.5842721742800177, 0.5861009292550028, 0.5841381608360607, 0.5784238574445661, 0.5690744393212753, 0.5562803866409838, 0.5403023587686642, 0.5214658837213407, 0.5001547260298352, 0.4768030681201165, 0.451886664506717, 0.4259131490180697, 0.3994116925293123, 0.37292222191051716, 0.346984419837886, 0.32212672958002064, 0.29885558877003293, 0.2776451115090054, 0.25892742901226035, 0.24308388559307206, 0.23043726935226905, 0.5755165123780746, 0.5737285713791607, 0.5684011749610045, 0.5596428607232248, 0.5476320659979554, 0.5326134924605875, 0.514893120705298, 0.4948319763558076, 0.4728387747173784, 0.449361593824082, 0.4248787455303338, 0.3998890306343207, 0.3749015765703608, 0.3504254647117574, 0.3269593586120769, 0.3049813444936584, 0.2849391909679516, 0.26724122643106735, 0.25224801999373003, 0.24026503543403444, 0.23153640783754412, 0.226239969716227, 0.22448362794148802, 0.22630316530577918, 0.2316615115026251, 0.2404494983777375, 0.2524880840641257, 0.267532000687833, 0.2852747513278424, 0.305354854424693, 0.3273632084174792, 0.3508514265659548, 0.37534097214841633, 0.40033290791960546, 0.42531806119824994, 0.44978739748604807, 0.47324239127138373, 0.4952051827284219, 0.5152283133842864, 0.5329038424049078, 0.5478716577690835, 0.5598268130032172, 0.5685257400019283, 0.5737912113577572, 0.5755159511000487, 0.5736648202796985, 0.5682755328717988, 0.559457887410755, 0.5473915300121386, 0.532322294356305, 0.5145571932010433, 0.4944581634635701, 0.47243469230630786, 0.4489354744587379, 0.4244392707447028, 0.399445154058766, 0.3744623415150202, 0.3499998199228542, 0.32655597595482433, 0.3046084422761962, 0.2846043665058163, 0.26695130126344246, 0.25200890090496075, 0.24008159411187982, 0.5621926239010436, 0.5605404098838835, 0.555617429180162, 0.5475239800343891, 0.5364249541636381, 0.5225464773395921, 0.5061713024198597, 0.48763304868853785, 0.46730940487069744, 0.4456144342990348, 0.42299013900321364, 0.39989745459074877, 0.3768068593850368, 0.3541887891450641, 0.3325040526523003, 0.3121944434326165, 0.2936737388851166, 0.2773192701969417, 0.26346423479421266, 0.25239090795123065, 0.24432489186107342, 0.23943051933402879, 0.23780750576651719, 0.23948891759154634, 0.24444049860042916, 0.25256136786093564, 0.2636860750128581, 0.27758797106746785, 0.29398382603595186, 0.3125395993096722, 0.33287724522952644, 0.3545824151912859, 0.37721289936822555, 0.4003076360637906, 0.4233961051424374, 0.44600791416178515, 0.46768238190321165, 0.48797792405103657, 0.5064810498013508, 0.5228147861082703, 0.5366463579364105, 0.547693968046117, 0.5557325381836401, 0.5605982947082345, 0.5621921052310078, 0.5604814982865742, 0.555501324889776, 0.5473530484992609, 0.5362026778538274, 0.5222773847968525, 0.5058608759954887, 0.48728761284880645, 0.46693599734546914, 0.4452206626987233, 0.42258402582529053, 0.39948727377355964, 0.3764009677388904, 0.3537954560949331, 0.3321312917608632, 0.3118498491361071, 0.2933643317682351, 0.2770513539591194, 0.263243267821323, 0.25222139210927924, 0.5463377737747642, 0.5448470689864985, 0.5404053254645595, 0.5331030369777892, 0.5230889765481042, 0.5105671654264428, 0.4957927164700709, 0.4790666366061153, 0.46072969427322247, 0.4411554767828936, 0.42074277904619933, 0.39990747873399096, 0.3790740634018626, 0.35866698220180593, 0.3391019983762805, 0.32077771871448, 0.3040674725452407, 0.28931170571976056, 0.2768110445451628, 0.266820170980709, 0.2595426338802229, 0.2551267019937701, 0.2536623432173759, 0.25517939163397624, 0.2596469396893515, 0.2669739678865369, 0.27701119916964245, 0.2895541402168319, 0.30434724768074306, 0.32108913449553567, 0.33943871017998045, 0.3590221300372526, 0.3794404116720505, 0.40027756365009187, 0.42110906069090714, 0.44151049272477283, 0.46106621160239863, 0.47937779929381324, 0.49607218504977413, 0.5108092461508815, 0.5232887373906973, 0.5332564081151834, 0.5405091821930917, 0.5448992953832799, 0.546337305806391, 0.5447939161871146, 0.5403005707416126, 0.5329488145494387, 0.5228884284617719, 0.5103243775443752, 0.495512635226111, 0.47875496822963504, 0.4603927885333783, 0.4408001976217373, 0.4203763647362976, 0.3995373944096311, 0.37870784896829457, 0.35831209872114084, 0.33876567605969676, 0.3204668096176679, 0.30378831096818815, 0.28906997915502514, 0.27661167780386053, 0.26666722585697855, 0.5281993716326651, 0.5268934380229355, 0.5230022436048595, 0.516605065546614, 0.5078322366217111, 0.4968624898769595, 0.48391931721847, 0.4692664161039755, 0.4532023171081859, 0.43605430181636096, 0.41817173495977117, 0.39991894664064476, 0.38166780966044167, 0.3637901631771029, 0.346650237047735, 0.3305972311992262, 0.3159582012108319, 0.3030313950541641, 0.2920801767443729, 0.2833276606988865, 0.27695216612048934, 0.2730835840147696, 0.27180073085843115, 0.2731297428334516, 0.27704354334212516, 0.2834623946515605, 0.29225552242871516, 0.30324378006853825, 0.31620329853358503, 0.3308700473451741, 0.3469452138028281, 0.36410129083858445, 0.3819887494754008, 0.400243159948467, 0.4184926164074034, 0.43636531393233413, 0.45349712349365334, 0.4695390105272022, 0.48416414598266977, 0.4970745649684202, 0.5080072373329878, 0.5167394265043719, 0.5230932274089328, 0.526939191016693, 0.5281989616684443, 0.526846873453134, 0.5229104731117672, 0.5164699588144546, 0.5076565462446694, 0.4966497952792613, 0.48367395172905764, 0.46899337867152124, 0.4529071704551151, 0.43574305910684336, 0.41785073729064626, 0.39959473385121785, 0.38134698709320425, 0.36347926710392564, 0.34635560150326894, 0.3303248589345808, 0.31571364139665026, 0.3028196302247107, 0.2919055212859761, 0.2831936729508789, 0.508060461173628, 0.5069596773996335, 0.5036797528728709, 0.4982875110671577, 0.4908928107082614, 0.4816463075694447, 0.47073638508921706, 0.4583853163452858, 0.44484473557865173, 0.43039051152865737, 0.41531712702698986, 0.3999316793578622, 0.3845476236179098, 0.3694783865453278, 0.35503098092676943, 0.3414997506787515, 0.3291603740380209, 0.318264247036758, 0.3090333616907678, 0.30165578324978387, 0.2962818186540321, 0.2930209542589246, 0.29193962521708505, 0.2930598619631549, 0.29635884137719354, 0.30176935177103537, 0.30918116222421443, 0.3184432683713196, 0.3293669688862781, 0.3417297099848799, 0.35527961961965004, 0.3697406389897462, 0.3848181468191688, 0.40020496181717324, 0.41558760102987774, 0.43065266657867546, 0.4450932306653657, 0.4586150887592383, 0.4709427535669332, 0.48182506766705535, 0.4910403204606528, 0.4984007651874715, 0.5037564439806531, 0.5069982430302021, 0.5080601156109142, 0.5069204276839523, 0.5036023986574844, 0.498173628326557, 0.49074471963008276, 0.4814670252841753, 0.47052956420075, 0.45815517051467114, 0.444595953677161, 0.43012816210916277, 0.4150465550599081, 0.3996583973355116, 0.3842771992458628, 0.3692163293088784, 0.354782629843549, 0.3412701655243654, 0.32895423226081516, 0.3180857484619236, 0.30888614295528966, 0.3015428437114934, 0.48623530335973325, 0.4853568467841005, 0.48273937427389213, 0.47843621285060745, 0.4725350328835967, 0.46515606193962317, 0.4564496353290433, 0.44659313325250244, 0.43578736694912273, 0.42425248747291877, 0.41222350044989814, 0.39994547819584986, 0.3876685667406394, 0.37564288948329494, 0.36411345130816386, 0.35331514698302, 0.34346797553542024, 0.334772558107113, 0.3274060506033985, 0.3215185344109936, 0.31722995871803494, 0.3146276967318009, 0.3137647655824984, 0.31465874617986817, 0.31729142502888796, 0.3216091653020325, 0.3275239996080582, 0.33491542219381143, 0.34363284406567196, 0.35349866101126864, 0.36431187201518894, 0.3758521743489676, 0.3878844519041214, 0.40016356532527375, 0.412439346351689, 0.42446169461510624, 0.4359856730543665, 0.44677649813551046, 0.4566143232092028, 0.4652987175518485, 0.47265274983675276, 0.47852659284080856, 0.48280057594629633, 0.4853876232477138, 0.48623502759091713, 0.48532552440122523, 0.4826776434228708, 0.47834533120364353, 0.4724168520160259, 0.46501298960688164, 0.456284586412313, 0.44640947037243994, 0.43558883195757764, 0.4240431252183934, 0.4120075763699107, 0.3997273914151327, 0.3874527604456628, 0.37543376039910087, 0.36391526012177966, 0.3531319315384407, 0.343303468568678, 0.3346301111974576, 0.3272885658899676, 0.3214284054661417, 0.46306447247905375, 0.462422051122838, 0.46050787541226945, 0.45736094376619396, 0.4530453701307533, 0.4476490777552429, 0.4412820078896292, 0.4340738798987906, 0.4261715484277474, 0.4177360114616197, 0.40893913023654127, 0.399960127828356, 0.3909819377550266, 0.38218747698442873, 0.3737559192793275, 0.36585904480446524, 0.35865774036696435, 0.3522987215923238, 0.34691154381668826, 0.34260596259391407, 0.33946969759308593, 0.33756664544367154, 0.336935577938876, 0.3375893521193234, 0.3395146483304076, 0.342672241589998, 0.3469978007377924, 0.35240319908486833, 0.3587783098609377, 0.3659932498798011, 0.37390102571172745, 0.38234052845102406, 0.3911398160649603, 0.4001196164511792, 0.4090969798341292, 0.4178890060884939, 0.4263165710510738, 0.4342079759031827, 0.44140244527294337, 0.4477534027889664, 0.4531314573509914, 0.45742703927676365, 0.46055263261766716, 0.4624445581630747, 0.46306427080741536, 0.4623991448480775, 0.460462731214897, 0.45729448139057155, 0.4529589436467021, 0.4475444479709299, 0.4411613064777791, 0.43393956596709593, 0.4260263584182893, 0.41758290340002235, 0.40878122346669865, 0.3998006394605444, 0.39082411712217535, 0.38203453944190385, 0.3736109806969562, 0.36572505808542727, 0.3585374352868807, 0.35219454918422993, 0.3468256264349639, 0.3425400506745408, 0.4389095415977975, 0.4385131802313991, 0.4373321713922211, 0.4353905763391733, 0.4327279521185028, 0.42939854564913865, 0.4254701885242223, 0.4210229150455623, 0.41614733164645806, 0.4109427709234247, 0.4055152678856127, 0.399975399652765, 0.3944360326145777, 0.389010022949668, 0.3838079173525772, 0.3789357008129987, 0.3744926373328053, 0.3705692475729809, 0.36724546463282476, 0.3645890055346238, 0.3626539915923131, 0.36147984577201764, 0.3610904895090756, 0.361493855345175, 0.3626817253148817, 0.3646298983741864, 0.3672986834599689, 0.37063370813504365, 0.3745670263438724, 0.37901850271010723, 0.3838974451730065, 0.3891044527002391, 0.3945334404327402, 0.4000738010023708, 0.4056126579888215, 0.4110371656050036, 0.4162368077583341, 0.42110564964803954, 0.4255444960256059, 0.4294629121471016, 0.43278106624354373, 0.43543135597177535, 0.43735978570939155, 0.438527066633424, 0.4389094171703553, 0.43849904750950974, 0.43730431830859867, 0.43534957035803507, 0.43267462867434875, 0.4293339911260441, 0.42539571812241483, 0.42094004598621715, 0.41605775226062447, 0.41084830625484825, 0.40541784250824503, 0.39987699846049635, 0.39433866038204285, 0.3889156634880121, 0.38371849309232076, 0.3788530336374397, 0.37441841145991794, 0.37050497524203546, 0.367192455294813, 0.3645483391741861, 0.4141474403335406, 0.41400332404351575, 0.41357391132366506, 0.4128679508050645, 0.41189982535959, 0.4106892590707777, 0.40926091538562004, 0.4076438946343439, 0.40587114115544065, 0.4039787721048741, 0.4020053416239583, 0.39999105535736484, 0.3979769513242612, 0.3960040638310847, 0.39411258745995764, 0.3923410581652081, 0.39072556816190956, 0.3892990306018916, 0.3880905090183281, 0.387124625200452, 0.38642105756204637, 0.38599414022369233, 0.3858525709768633, 0.38599923407965164, 0.386431141494397, 0.3871394937644089, 0.3881098592895142, 0.3893224683479611, 0.39075261587443266, 0.39237116478817874, 0.3941451396167219, 0.3960383983209568, 0.398012368634229, 0.4000268339136038, 0.4020407524928003, 0.40401309384372275, 0.40590367451106657, 0.407673976789106, 0.40928793346136677, 0.4107126626153073, 0.41191913756127696, 0.4128827782071713, 0.4135839518404246, 0.4140083731146697, 0.41414739509194326, 0.41399818541089584, 0.4135637839918469, 0.4128530411030313, 0.4118804370498446, 0.41066578716064367, 0.40923383807956804, 0.4076137635913031, 0.4058385702495868, 0.4039444249188772, 0.4019699179294946, 0.39995527685833343, 0.3979415469531645, 0.3959697548981376, 0.39408007295748865, 0.39231100052675394, 0.39069857976613936, 0.3892756612963226, 0.3880712349170191, 0.38710983898390333, 0.38916457299461277, 0.38927495066746637, 0.3896038349088154, 0.3901445252024402, 0.3908860058059404, 0.3918131701797325, 0.39290712875981854, 0.3941455938039234, 0.39550333347034655, 0.3969526858783617, 0.39846412267696585, 0.40000685064012137, 0.4015494390319035, 0.40306045995994194, 0.4045091286709294, 0.40586593074314997, 0.4071032233979332, 0.4081957986792279, 0.40912139702736805, 0.4098611607837466, 0.41040001838692897, 0.41072699143279523, 0.41083541834282694, 0.41072309008363794, 0.41039229517266995, 0.4098497730531302, 0.40910657678808604, 0.40817784787111566, 0.4070825077414047, 0.40584287228820076, 0.4044841971985096, 0.403034163410884, 0.4015223131584002, 0.3999794480905898, 0.3984370017366763, 0.3969263990952246, 0.3954784163975889, 0.3941225540890064, 0.39288643580189275, 0.3917952455663439, 0.39087121472382524, 0.390133168997401, 0.3895961449462582, 0.3892710836186827, 0.38916460764484023, 0.38927888631075924, 0.38961159136242735, 0.3901559444404256, 0.3909008551786927, 0.39183114715386624, 0.39292786708182675, 0.39416867096203595, 0.3955282793025648, 0.3969789921512941, 0.3984912534403105, 0.4000342531458381, 0.4015765549956146, 0.4030867369351273, 0.40453403130418414, 0.4058889516811957, 0.4071238936241696, 0.40821369706923266, 0.4091361589286664, 0.40987248544505084, 0.3643507888701016, 0.3647139380991655, 0.3657959871731262, 0.367574890987783, 0.37001440708343486, 0.3730648340298765, 0.3766640240174478, 0.38073864902413573, 0.3852056947624986, 0.3899741519695169, 0.39494687058191186, 0.40002253902093005, 0.4050977482616762, 0.4100690986347216, 0.4148353064371084, 0.41929926743375634, 0.42337003520856664, 0.4269646740593307, 0.43000994868652614, 0.43244381625116146, 0.43421669040325983, 0.4352924515283245, 0.43564918262955027, 0.43527961585329944, 0.43419128056056655, 0.4324063499276992, 0.42996118920165327, 0.4269056148133935, 0.4233018794438782, 0.4192234037203646, 0.41475328038279313, 0.4099825813955865, 0.40500850249488535, 0.39993238297324835, 0.39485764104569315, 0.3898876668608531, 0.3851237160839441, 0.38066284696658526, 0.37659594293253706, 0.3730058609661665, 0.36996574352740697, 0.36753752838537923, 0.365770686730546, 0.36470121527444715, 0.36435090287144867, 0.36472688660397395, 0.3658215063753039, 0.36761246097239747, 0.3700632624191896, 0.3731239793636092, 0.3767322543529374, 0.38081457427206766, 0.3852877680614205, 0.3900607012007879, 0.395036132436577, 0.4001126949244583, 0.40518696142465066, 0.4101555514746303, 0.4149172376088238, 0.4193750077142633, 0.42343804150484265, 0.4270235608465195, 0.4300585162358993, 0.4324810750727665, 0.34009329876208516, 0.3407035527250983, 0.34252188161777225, 0.34551123975440295, 0.34961072350945116, 0.35473681213628483, 0.36078506937536564, 0.3676322711842009, 0.37513891623979845, 0.3831520680659561, 0.39150847088136426, 0.4000378756878555, 0.40856650883481155, 0.4169206123930036, 0.42492998420813305, 0.432431445510866, 0.439272165436081, 0.44531277471930636, 0.45043020513351817, 0.45452019681709216, 0.45749942240991615, 0.4593071847216203, 0.45990665334451725, 0.45928561501714316, 0.4574567224508853, 0.45445723655023085, 0.45034826727850785, 0.44521352863532415, 0.4391576331111453, 0.43230396036690594, 0.4247921435610656, 0.4167752245363717, 0.4084165358250748, 0.3998863729969943, 0.39135852514628555, 0.38300673420296055, 0.3750011552053073, 0.36750488964977224, 0.3606706625460296, 0.3546377108771886, 0.3495289468580264, 0.3454484537855489, 0.3424793655001135, 0.34068217265986966, 0.340093490335599, 0.3407253120343355, 0.3425647653499007, 0.3455743742186022, 0.34969282243703387, 0.3548362028864652, 0.3608997270127715, 0.3677598597338521, 0.3752768362790444, 0.3832975096837588, 0.39165847092596223, 0.40018937813647404, 0.4087164270554791, 0.41706589202998373, 0.42506766540977714, 0.4325587232320888, 0.4393864465868885, 0.4454117309950603, 0.450511820450602, 0.45458280838754844, 0.31677063269057154, 0.3176184685785457, 0.32014470287571856, 0.3242978674004179, 0.32999334774197264, 0.3371151071506413, 0.3455180506099078, 0.35503098092676943, 0.3654600866141715, 0.3765928905052893, 0.38820257865264757, 0.4000526213173398, 0.4119015919027227, 0.4235080856541381, 0.43463563791363885, 0.44505754172775636, 0.4545614666568811, 0.46295378468503706, 0.4700635150962204, 0.475745807946444, 0.4798848951610454, 0.4823964491331366, 0.48322930077034193, 0.4823664819872316, 0.4798255714042563, 0.4756583362100904, 0.46994967748389527, 0.4628159004649567, 0.4544023450103224, 0.444880424516261, 0.43444413363101464, 0.42330609590888596, 0.4116932319286973, 0.3998421361321186, 0.387994256571754, 0.37639097577428593, 0.3652686929386117, 0.3548540076617035, 0.3453591033164539, 0.3369774241381618, 0.32987973409244564, 0.32421063781915815, 0.3200856345327775, 0.31758876490157406, 0.3167708988468115, 0.3176486991454686, 0.32020428195150086, 0.32438558115200394, 0.3301074091350772, 0.33725319235785495, 0.34567734635514646, 0.3552082418014957, 0.36565170119765766, 0.3767949549418222, 0.3884109761866512, 0.4002631061660093, 0.4121098757573914, 0.4237099250480446, 0.43482692067610856, 0.44523437076342454, 0.45472023934308403, 0.46309126626976976, 0.4701769046012888, 0.4758327952331356, 0.294746733059139, 0.2958189206766085, 0.29901363933699376, 0.3042658015064155, 0.3114684023686497, 0.32047469988551514, 0.3311012044427227, 0.343131417171698, 0.3563202407847573, 0.37039897305957714, 0.3850807812383066, 0.4000665458087667, 0.41505095460958225, 0.4297287231011226, 0.44380081407369126, 0.45698053007587003, 0.46899935443905544, 0.47961242189619613, 0.48860350733919533, 0.49578943107663287, 0.5010237908413813, 0.5041999445141362, 0.5052531827944057, 0.5041620475540923, 0.5009487690142174, 0.49567881283797705, 0.4884595463674217, 0.4794380511771554, 0.4687981265109487, 0.4567565446516863, 0.4435586345157904, 0.42947328344966756, 0.41478745905897507, 0.3998003626801023, 0.3848173336079954, 0.37014362827241104, 0.35607820110242266, 0.3429076137846059, 0.330900197004504, 0.32030058361701286, 0.31132472462402216, 0.3041554895011911, 0.298938940510506, 0.2957813569038382, 0.29474706964482594, 0.29585715076333113, 0.29908898404487905, 0.30437672580163155, 0.3116126463373854, 0.32064932477628727, 0.33130265253896757, 0.3433555842748356, 0.35656255983099555, 0.3706545071668902, 0.3853443242878981, 0.4003327285118221, 0.4153143538983623, 0.42998397261572047, 0.4440427134934545, 0.457204151068024, 0.46920014106598856, 0.47978628343575974, 0.4887469016269458, 0.4958994366720445, 0.2743652754554522, 0.27564508367324875, 0.2794584341806525, 0.28572763576077403, 0.29432496296620464, 0.3050752583307504, 0.31775950093641014, 0.33211926863147223, 0.3478620029888233, 0.36466696973895046, 0.3821917932428799, 0.4000794318751046, 0.4179654522036814, 0.4354854537671429, 0.4522824931796852, 0.4680143563097814, 0.4823605303726398, 0.4950287338907288, 0.5057608714843522, 0.5143382921724755, 0.5205862440539191, 0.5243774346115662, 0.525634624103801, 0.5243321992067701, 0.5204966948469014, 0.5142062535921345, 0.5055890336159458, 0.4948205976694785, 0.4821203362575008, 0.46774699789053986, 0.45199341747750976, 0.43518055025981195, 0.4176509328364313, 0.3997617045016925, 0.38187733107530986, 0.36436217946562316, 0.3475730942480044, 0.3318521274993566, 0.31751957000727143, 0.3048674258323606, 0.2941534631696272, 0.28559596271353155, 0.2793692705208218, 0.27560024597479044, 0.2743656772182791, 0.27569071671205425, 0.2795483687916739, 0.28586003966309276, 0.2944971386316831, 0.30528369794206534, 0.3179999578534954, 0.33238684391035145, 0.3481512451901428, 0.3649719859927647, 0.3825063693069148, 0.40039715874049187, 0.4182798566687676, 0.4357901303191273, 0.45257123449720194, 0.4682812797276305, 0.4826001977321447, 0.49523626233394796, 0.5059320329348839, 0.5144695994760832, 0.25594430570866167, 0.25741176354758954, 0.2617842398427518, 0.26897265203970405, 0.27883054717274086, 0.2911570856213326, 0.30570113291193796, 0.3221663762009541, 0.34021736119824425, 0.3594863265381096, 0.3795806963577892, 0.40009107843359815, 0.42059960492484316, 0.44068844579554417, 0.4599483214659427, 0.47798684126146895, 0.49443649777595167, 0.5089621542760795, 0.5212678726026351, 0.5311029424603984, 0.5382669892591088, 0.5426140564409926, 0.5440555791236443, 0.5425621884748068, 0.5381643100576623, 0.5309515439562569, 0.5210708393100594, 0.5087235004487394, 0.49416108562261196, 0.4776802818858815, 0.4596168605491412, 0.4403388363495916, 0.4202389697104823, 0.3997267648448339, 0.3792201267299105, 0.3591368469288966, 0.3398860917232135, 0.3218600659718339, 0.3054260225337814, 0.2909187800496812, 0.2786339015211796, 0.26882167266430657, 0.26168200271866815, 0.25736035160073134, 0.2559447663792539, 0.2574640874501697, 0.26188736095738374, 0.2691244694305134, 0.2790279677912879, 0.2913960873227701, 0.30597684640009537, 0.32247318423284077, 0.3405490130268329, 0.35983606526179956, 0.37994139658200077, 0.40045539143984943, 0.42096010838971304, 0.4410377950092231, 0.4602793989695251, 0.4782929018543525, 0.49471130593904195, 0.5092001112110075, 0.5214641302987587, 0.5312535024656461, 0.23977127689061328, 0.24140348516190002, 0.24626685621464733, 0.25426230626032353, 0.2652269401644739, 0.2789373701873388, 0.29511426716930245, 0.3134280514376907, 0.33350560749134545, 0.35493788566149265, 0.37728823587662225, 0.4001013037435974, 0.42291230770086896, 0.44525650823590895, 0.4666786762459593, 0.48674236763864553, 0.5050388152165741, 0.5211952566872879, 0.5348825291280437, 0.545821775179741, 0.5537901243415017, 0.5586252336181633, 0.5602285950118988, 0.5585675424728522, 0.5536759174202233, 0.5456533792748196, 0.53466337504993, 0.5209298093670136, 0.5047324827395727, 0.4864013910632368, 0.46631000245127846, 0.44486764838980897, 0.4225111842312999, 0.3996960889311857, 0.3768871853568824, 0.3545491702288092, 0.33313714663146476, 0.31308735198024323, 0.2948082703475662, 0.2786723102211681, 0.2650082172475515, 0.25409437653942774, 0.24615314100243804, 0.24134630123287737, 0.23977178928036041, 0.24146168343125518, 0.24638155466238568, 0.2544311680800166, 0.2654465250533661, 0.2792032044372842, 0.29542093481176407, 0.3137693045858619, 0.333874493631342, 0.3553268892992484, 0.3776894316546511, 0.40050651790809777, 0.4233132846295268, 0.4456450786336458, 0.46704692358189565, 0.48708278943337624, 0.5053444758937767, 0.5214599288755418, 0.5351008205340515, 0.545989238448103, 0.22609856370680315, 0.2278700523462815, 0.23314842687793227, 0.2418261484485172, 0.25372642167892356, 0.2686067966011268, 0.28616410820754856, 0.30604065297700433, 0.32783147653991884, 0.3510926240077138, 0.3753501848784545, 0.40010994824255974, 0.42486747157844235, 0.4491183580016834, 0.47236853258441835, 0.494144308380557, 0.5140020370768831, 0.5315371476526941, 0.5463923888990388, 0.5582651078687589, 0.5669134159699841, 0.5721611170783053, 0.5739012972648335, 0.5720985030048964, 0.5667894634896826, 0.5580823423248326, 0.5461545338614783, 0.5312490490561375, 0.5136695644920679, 0.49377423543074367, 0.47196839894311793, 0.4486963157832768, 0.4244321192512485, 0.3996701554481207, 0.3749149117260792, 0.35067073852587777, 0.32743157400367173, 0.30567088079231325, 0.2858319999202924, 0.26831911841255734, 0.2534890345946049, 0.2416438888692521, 0.23302500806545082, 0.22780798877118116, 0.22609911982003453, 0.2279332168178833, 0.233272912827862, 0.2420094196648749, 0.25396474428941185, 0.2688953151450203, 0.2864969445583214, 0.3064110261002179, 0.3282318406464858, 0.35151482228787373, 0.3757856156843678, 0.40054974033379953, 0.4253026648600266, 0.4495400860723822, 0.47276820337619485, 0.49451377920888506, 0.5143337805355612, 0.5318244049732982, 0.5466293076505495, 0.558446861191942, 0.2151395242735073, 0.2170226497934479, 0.22263366053483383, 0.23185824068755753, 0.24450845346060884, 0.26032657000835974, 0.2789903202638162, 0.30011945870109474, 0.32328351125969934, 0.3480105455987993, 0.37379678600091437, 0.40011687703597004, 0.42643458687917535, 0.4522137322189017, 0.4769291021761798, 0.5000771586775689, 0.5211862952775757, 0.5398264454227178, 0.5556178444034665, 0.5682387664826205, 0.5774320795678922, 0.5830104838872165, 0.584860327936745, 0.5829439239573835, 0.5773003157655658, 0.5680444832948746, 0.5553650000547674, 0.539520191232121, 0.5208328707084345, 0.4996837642179587, 0.47650375263990424, 0.45176509345585103, 0.4259717992218153, 0.3996493690789684, 0.3733340825078656, 0.3475620734496514, 0.3228584073924131, 0.2997263839604286, 0.2786372829497864, 0.2600207627193077, 0.2442561065549486, 0.23166449534969935, 0.22250246403137047, 0.21695667505360164, 0.21514011543226194, 0.21708979480684296, 0.22276599142534168, 0.23205306141454535, 0.24476179484806565, 0.2606332706108214, 0.27934413152296644, 0.30051317225063745, 0.32370910578485895, 0.3484593502584093, 0.37425965708261943, 0.4005843842454578, 0.4268972054680811, 0.4526620370370698, 0.47735395969476413, 0.500469913070791, 0.5215389447720111, 0.5401318053212598, 0.5558696934626022, 0.5684319736608053, 0.20706517073573674, 0.20903054759222858, 0.21488663659738141, 0.2245141288442014, 0.23771687882054737, 0.2542259005756243, 0.2737048478996319, 0.2957568668662427, 0.31993268112777834, 0.3457397452374923, 0.37265227951393814, 0.4001219820023246, 0.42758919929293526, 0.45449432860817884, 0.48028921885808623, 0.5044483383850895, 0.5264794818722673, 0.5459337982780854, 0.5624149354937135, 0.575587115414433, 0.5851819749078384, 0.5910040333045087, 0.5929346750193408, 0.590934566163695, 0.5850444559135529, 0.5753843463070325, 0.5621510473853712, 0.5456141674876633, 0.5261106203909958, 0.5040377612046505, 0.4798452908640873, 0.45402609415833045, 0.42710619795201865, 0.3996340541880673, 0.37216936601346967, 0.34527168467892466, 0.3194890095331223, 0.2953466233694624, 0.27333639058803744, 0.25390673620655535, 0.23745350988260866, 0.22431192107894754, 0.21474970968049292, 0.20896169120138586, 0.20706578771518, 0.20910062537194005, 0.21502474744918024, 0.2247174589695341, 0.2379812856773536, 0.25454599727633137, 0.2740741129607958, 0.29616777707385483, 0.3203768648113093, 0.3462081528299459, 0.37313536792301627, 0.400609909036418, 0.4280720241808094, 0.4549622145270682, 0.48073263334399824, 0.5048582475422596, 0.5268475344250462, 0.5462524957154788, 0.5626777848401394, 0.5757887615142236, 0.20200150067991093, 0.20401845982444575, 0.2100282447830598, 0.21990841532746253, 0.23345767800949632, 0.25039998720899653, 0.2703901691434668, 0.2930209542589246, 0.3178312747276504, 0.34431565800394226, 0.3719345250584651, 0.4001251834803308, 0.4283132914791755, 0.45592455922562536, 0.4823964491331366, 0.5071896367057619, 0.5297989984545001, 0.5497639030201458, 0.5666775958366623, 0.580195486136834, 0.5900421674650627, 0.5960170286650366, 0.5979983410269323, 0.5959457383247407, 0.5899010392167294, 0.5799873952538823, 0.5664067818543481, 0.5494358833614797, 0.5294204560211444, 0.5067682837240737, 0.48194087002928504, 0.45544403573096404, 0.4278176135290834, 0.3996244497591676, 0.37143893725423716, 0.34383531296442443, 0.31737595875246927, 0.2925999437185878, 0.27001204148742136, 0.2500724462131428, 0.2331873968234697, 0.21970090051935967, 0.2098877241514878, 0.20394779626355605, 0.20200213385228497, 0.20409037683015935, 0.21016998042249962, 0.22011708195253984, 0.23372902435508472, 0.2507284850059936, 0.27076912574886874, 0.2934426490082488, 0.31828711623173217, 0.3447963591854221, 0.37243029236186564, 0.4006259164008543, 0.4288087883451277, 0.45640472504196017, 0.48285150125162746, 0.5076103041315799, 0.5301767107286345, 0.5500909648294712, 0.5669473437942399, 0.5804024245382858, 0.2000275309836627, 0.20206459844337946, 0.20813429867120012, 0.21811297075634883, 0.23179731443158552, 0.24890853200695284, 0.2690980084486877, 0.29195441388032783, 0.31701208380335577, 0.34376050630313043, 0.37165472295271357, 0.4001264315119952, 0.4285955642215087, 0.45648210580080906, 0.48321791037767026, 0.508258276596143, 0.5310930450782492, 0.5512569921454109, 0.5683393080433453, 0.5819919665660105, 0.591936815560243, 0.5979712438528391, 0.5999723091450581, 0.5978992427749776, 0.5917942803169758, 0.5817818010961379, 0.568065794148677, 0.5509257022555653, 0.5307107287208752, 0.5078327228855597, 0.48275778932350927, 0.4559967916697537, 0.4280949445508685, 0.3996207056661701, 0.37115419432665747, 0.3432753724063485, 0.31655222850115805, 0.2915292060251059, 0.2687161110037959, 0.24857772555200566, 0.23152433864498104, 0.21790338710457227, 0.20799237710240198, 0.20199323039367645, 0.20002817046852434, 0.20213723243427434, 0.20827744736103224, 0.21832371770827677, 0.23207136599698727, 0.24924030480198667, 0.2694807431072458, 0.2923803127658404, 0.3174724698737774, 0.34424599989247423, 0.3721554328674807, 0.4006321565491984, 0.42909600100266904, 0.456967058687621, 0.483677499192627, 0.5086831379161249, 0.5314745230000304, 0.5515873146365223, 0.5686117452854159, 0.5822009680645809, 0.20117406478389077, 0.20319945280239546, 0.2092343526574314, 0.2191558124428906, 0.23276169750512535, 0.24977480862909104, 0.26984852955076244, 0.2925738887363468, 0.31748789155528273, 0.34408295309167264, 0.3718172394149616, 0.4001257066222009, 0.42843161274819924, 0.4561582680059004, 0.48274078396371095, 0.507637582288159, 0.5303414285787562, 0.5503897664974574, 0.5673741416505508, 0.5809485232257131, 0.5908363538435355, 0.5968361839935145, 0.5988257762614453, 0.5967645957308262, 0.5906946358201332, 0.5807395627307855, 0.5671021959363756, 0.5500603760443605, 0.5299613042162516, 0.5072144684720042, 0.4822833009943993, 0.45567573640314873, 0.42793386335953476, 0.39962288033439375, 0.37131958054888087, 0.3436006006898286, 0.3170306728142565, 0.2921511187926061, 0.26946882169892283, 0.24944589883913876, 0.23249028681379386, 0.21894743043022927, 0.2090932447900213, 0.20312849393842508, 0.20117470060229267, 0.20327167034933674, 0.20937668061022827, 0.2193653510859705, 0.2330341778073213, 0.2501046792186594, 0.2702290698161387, 0.29299734574838493, 0.3179456380213954, 0.3445656631237962, 0.3723150785303421, 0.40062853210602256, 0.4289291802959731, 0.45664044043558755, 0.4831977377453896, 0.5080600076835051, 0.5307207193128034, 0.5507181950983604, 0.5676450168850711, 0.5811563264229195, 0.20542321080411075, 0.20740531387878314, 0.21331124076722105, 0.22302066719135677, 0.23633577835479946, 0.25298529911845635, 0.2726300208189114, 0.2948697121290421, 0.31925127316260044, 0.3452779666952788, 0.3724195384301709, 0.4001230201226109, 0.4278239954671532, 0.4549580992213787, 0.4809725152893696, 0.5053372395088899, 0.5275558776801109, 0.5471757588424706, 0.5637971577570303, 0.5770814387002787, 0.5867579546519704, 0.592629561316537, 0.594576633638275, 0.5925595029799179, 0.5866192653107895, 0.576876943938931, 0.5635310238452633, 0.5468534078539755, 0.5271838770260169, 0.5049231681367505, 0.48052480927363417, 0.45448587989120465, 0.4273368835731979, 0.3996309398288682, 0.37193251512422437, 0.3448059227362766, 0.3188038257282787, 0.29445597728035555, 0.2722584277741553, 0.25266341852076446, 0.23607016803180353, 0.22281673854942308, 0.21317314854227518, 0.20733587148988486, 0.2054238330343194, 0.20747598805110462, 0.21345052700288208, 0.22322572774514535, 0.23660243542980725, 0.25330811998233715, 0.27300242848753964, 0.2952841193625617, 0.31969923704389774, 0.34575036064157744, 0.3729067381332759, 0.40061509962955016, 0.4283109294063734, 0.45542996705444244, 0.48141970342683915, 0.5057506371725895, 0.5279270625213766, 0.5474971685346939, 0.564062244066562, 0.5772848008967302, 0.21270866254184073, 0.2146165506171321, 0.2203013445251663, 0.22964722523603162, 0.24246378464433094, 0.25848990484473855, 0.2773990780121889, 0.29880605850222863, 0.3222747116451049, 0.34732689932634736, 0.3734522213236532, 0.40011841393515274, 0.4267821940428185, 0.45290032767971944, 0.4779406975958963, 0.5013931443380362, 0.5227798599724354, 0.5416651226949539, 0.5576641740000889, 0.570451057550347, 0.5797652600408763, 0.5854170187618397, 0.5872911877250192, 0.5853495835882009, 0.5796317635827, 0.5702542195949346, 0.5574080048214125, 0.541354841350423, 0.5224217879725399, 0.5009945768551848, 0.47750975483637365, 0.4524457894468326, 0.4263133208617587, 0.3996447583838778, 0.37298343341364104, 0.34687252989828793, 0.3218440177850476, 0.2984078149425328, 0.2770413983596973, 0.2581800762783783, 0.24220811944992526, 0.22945093220307725, 0.22016842282566879, 0.21454970832855907, 0.21270926147416183, 0.21468457856801226, 0.22043541552856952, 0.22984460779917132, 0.24272045739768083, 0.2588006384713211, 0.2777575417869552, 0.2992049492709528, 0.3227059026150446, 0.3477816056372853, 0.3739211790260639, 0.4005920687290841, 0.42725089593222265, 0.4533545275764451, 0.4783711418678377, 0.5017910633378119, 0.5231371467056172, 0.5419744979877484, 0.5579193348014324, 0.5706468053469841, 0.22291673295939593, 0.22472063408000106, 0.23009558570002517, 0.2389320813549378, 0.2510500908851365, 0.2662027282766421, 0.2840812815881464, 0.30432150248729806, 0.32651102725649195, 0.3501977780764537, 0.37489917342424545, 0.40011195993784104, 0.4253224654379822, 0.4500170642175908, 0.4736926413843803, 0.4958668430616024, 0.516087903614677, 0.5339438496889093, 0.5490708935400243, 0.561160844656174, 0.5699673886708918, 0.575311105643691, 0.5770831254684738, 0.5752473459363631, 0.569841168263301, 0.5609747350971571, 0.5488286865287936, 0.5336504798249476, 0.5157493478627784, 0.4954899989803045, 0.47328518659870006, 0.44958729999909114, 0.42487914757898976, 0.3996641203654934, 0.37445593618871326, 0.34976817346229416, 0.3261038078043359, 0.30394496467414606, 0.28374309679926735, 0.26590978651276664, 0.2508083603891703, 0.23874648701809006, 0.22996990872463988, 0.22465743494331045, 0.22291729924769094, 0.22478495425601897, 0.23022234933800367, 0.23911870583854708, 0.2512927740243589, 0.2664965257716112, 0.28442020776173677, 0.3046986522341933, 0.3269187167242036, 0.35062770121212916, 0.3753425711978627, 0.4005597987941231, 0.42576562134134766, 0.4504465085405011, 0.4740996248518955, 0.49624307400455003, 0.5164257168998015, 0.5342363628843043, 0.5493121471342151, 0.5613459234740998, 0.23588812853208785, 0.23755989342435005, 0.24254112843403272, 0.2507303484737402, 0.26196071064009274, 0.2760034133841327, 0.2925723579949018, 0.3113299774255513, 0.3318941137085182, 0.3538458038428926, 0.3767378155283636, 0.4001037588431453, 0.423467588229304, 0.4463533011969868, 0.4682946361512029, 0.48884457176268803, 0.5075844343476161, 0.5241324277071494, 0.5381514116443186, 0.5493557706827813, 0.5575172330477629, 0.5624695213562898, 0.5641117402659774, 0.5624104320641805, 0.5574002583180024, 0.5491832936975825, 0.5379269463599357, 0.5238605472623642, 0.5072706778929899, 0.48849533160879355, 0.46791702753501896, 0.44595501731976567, 0.42305674351929695, 0.3996887236364676, 0.3763270455361272, 0.353447667878952, 0.33151672318761627, 0.31098102110558096, 0.29225894533015695, 0.2757319296809904, 0.26173668696610675, 0.25055834897055196, 0.24242465732992677, 0.23750132364093243, 0.2358886533396173, 0.23761950213067135, 0.24265860660241304, 0.2509033026651706, 0.26218561717596756, 0.2762756901358424, 0.2928864577377342, 0.31167950085495827, 0.33227193981621345, 0.35424423499656493, 0.3771487342992283, 0.40051879338620944, 0.4238782828469761, 0.4467512886110542, 0.46867180797340063, 0.48919324369077666, 0.5078975027213536, 0.5244035142345644, 0.5383749933497088, 0.5495272924289433, 0.25142043497040023, 0.252933976302312, 0.2574437641953443, 0.26485791858008256, 0.2750253873370748, 0.2877390237540319, 0.30273980682504176, 0.31972211840962206, 0.3383399697375196, 0.3582140504036927, 0.3789394562409226, 0.4000939386264053, 0.42124650715524564, 0.44196621041446676, 0.4618309159626184, 0.4804359106362532, 0.49740214596510623, 0.5123839607081847, 0.525076123175839, 0.5352200498612144, 0.5426090736859261, 0.5470926545274617, 0.5485794462452228, 0.5470391577192114, 0.5425031699855307, 0.5350638968955012, 0.5248729023239923, 0.5121378122859839, 0.4971180848722881, 0.4801197241855572, 0.4614890459720918, 0.44160562196521863, 0.42087454668851304, 0.39971818427098565, 0.3785675634203254, 0.3578535958685282, 0.33799829720072905, 0.31940618892949507, 0.3024560569842409, 0.2874932345240103, 0.27482256629957497, 0.2647021979052744, 0.2573383164551425, 0.2528809498340484, 0.25142091010771817, 0.25298794336501124, 0.25755012368660046, 0.2650145035870227, 0.2752290076783317, 0.28798553097483715, 0.30302417871568266, 0.32003856132532604, 0.33868203663515517, 0.35857477219046757, 0.37931148375905077, 0.4004696923810189, 0.4216183317350759, 0.4423265304592049, 0.46217239049936154, 0.48075158264066126, 0.49768558410019287, 0.5126293903530266, 0.5252785440746949, 0.5353753379961306, 0.2692712758272776, 0.2706029752925715, 0.27457094233722024, 0.2810943356675435, 0.29004025106582065, 0.301226429111594, 0.31442496844016327, 0.3293669688862781, 0.34574800991603616, 0.36323435273227056, 0.38146973969496084, 0.40008265252881886, 0.41869388144310793, 0.43692425095439136, 0.4544023450103224, 0.4707720740268263, 0.4856999296718019, 0.49888177959015745, 0.5100490636379927, 0.5189742653870797, 0.5254755474260597, 0.5294204560211444, 0.5307286196594938, 0.5293733864965535, 0.5253823673468536, 0.5188368731556553, 0.5098702584121064, 0.4986652042543431, 0.4854499966191387, 0.4704938752631407, 0.45410154841231387, 0.4366069847952649, 0.41836660953832777, 0.39975204254569924, 0.38114252730908543, 0.3629172043983463, 0.34544738704901806, 0.32908899621986654, 0.31417530924466947, 0.3010101698134212, 0.28986179761926184, 0.2809573237901637, 0.27447816343764053, 0.270556319599764, 0.26927169388002514, 0.27065045857368497, 0.27466452344706405, 0.28123210803333143, 0.2902194077851368, 0.3014433201387606, 0.3146751749503699, 0.3296453933024166, 0.34604897976408155, 0.36355173620931186, 0.3817970705953599, 0.4004132619833153, 0.41902103378688804, 0.4372412809560144, 0.45470279366567423, 0.4710498201515043, 0.48594931461093793, 0.4990977225049045, 0.5102271650198891, 0.5191108966913422, 0.28916209470151666, 0.29029117157543505, 0.2936553989730895, 0.2991862358778835, 0.30677099989969425, 0.3162551630071937, 0.3274454998014658, 0.340114024189635, 0.3540026342547651, 0.36882837068987223, 0.3842891816634532, 0.40007007666616407, 0.415849543963381, 0.43130610090780813, 0.44612484365947563, 0.46000386287254375, 0.47266039463905263, 0.4838365813734931, 0.49330472526893776, 0.5008719272935528, 0.5063840172149929, 0.5097286945844093, 0.510837816687297, 0.5096887868476662, 0.5063050148009474, 0.5007554397562366, 0.4931531258647588, 0.48365295870974506, 0.47244848974823883, 0.45976799299452975, 0.4458698142842932, 0.431037107871104, 0.4155720675891685, 0.3997897701135557, 0.38401175575214214, 0.36855947755086615, 0.3537477521768135, 0.3398783460074277, 0.3272338270995241, 0.3160718082948879, 0.3066196987504247, 0.29907007082245374, 0.29357673669782913, 0.2902516147045656, 0.2891624491461204, 0.29033143011424223, 0.2937347413996008, 0.2993030457108302, 0.3069228973163853, 0.31643905332878375, 0.3276576365423301, 0.34035008538631556, 0.35425781051940364, 0.36909746319417247, 0.3845667080569011, 0.40035038277058105, 0.41612691896820525, 0.43157489371917407, 0.44637957803265704, 0.46023934898211066, 0.47287183481367184, 0.4840196678411847, 0.4934557279213776, 0.5009877696813562, 0.31078250201724145, 0.3116913374327964, 0.3143993275401112, 0.31885130115931287, 0.32495655609888685, 0.33259070707488025, 0.3415982198718857, 0.35179558011612944, 0.3629750321017312, 0.37490881149723715, 0.38735378569746814, 0.4000564072805715, 0.4127578796511227, 0.42519942962715507, 0.43712757955017606, 0.4482993115069466, 0.458487018449859, 0.4674831413443659, 0.47510439786863423, 0.4811955165120994, 0.4856323999963419, 0.4883246535683964, 0.4892174266563625, 0.48829253036638537, 0.4855688080537049, 0.48110175141795103, 0.4749823699441611, 0.4673353367229378, 0.45831644842584235, 0.44810945118516193, 0.43692229704592256, 0.42498290725924404, 0.41253452873349306, 0.3998307782484769, 0.38713047539927997, 0.3746923695406498, 0.36276986816242496, 0.35160587409733535, 0.34142783674521404, 0.33244311813740246, 0.324834768250737, 0.31875779564267065, 0.31433600938766626, 0.31165949665560483, 0.3107827873227119, 0.311723743008264, 0.31446319317126104, 0.3189453256810433, 0.3250788239045687, 0.3327387271439291, 0.3417689765205174, 0.3519855944373307, 0.3631804328426991, 0.375125413930267, 0.3875771768774162, 0.40028203595190043, 0.4129811489728113, 0.4254157908263427, 0.43733262459649164, 0.448488862919423, 0.45865721440675444, 0.4676305143619086, 0.4752259454457304, 0.48128876230172646, 0.33379511854942256, 0.3344695304339223, 0.33647902597098334, 0.33978266474526625, 0.3443131401412268, 0.3499781506130417, 0.3566622801882238, 0.3642293498925262, 0.3725251921894287, 0.38138079190922247, 0.39061572967603825, 0.4000418576782316, 0.40946713289389197, 0.4186995296753377, 0.42755095197963644, 0.43584106553940644, 0.443400971899245, 0.4500766494648808, 0.4557320914589068, 0.4602520768520182, 0.4635445178162455, 0.46554233587439375, 0.4662048285219962, 0.4655184984789384, 0.46349732867601307, 0.46018249737397127, 0.4556415392190876, 0.4499669693274554, 0.44327439843020167, 0.43570017748067214, 0.42739861971113224, 0.4185388567353532, 0.40930139274921307, 0.39987442703223297, 0.3904500196734881, 0.3812201786393954, 0.37237294790342185, 0.3640885763361197, 0.35653584540852784, 0.3498686305263988, 0.3442227660528339, 0.3397132778897251, 0.33643203999994553, 0.3344459026150871, 0.3337953302636633, 0.33449357736788343, 0.33652641820495816, 0.33985243673456605, 0.34440387038768533, 0.3500879906258784, 0.3567889921442321, 0.36437035222831765, 0.37267761219686124, 0.381541524262459, 0.3907814996978385, 0.4002092880565198, 0.4096328124893543, 0.41886008301819744, 0.42770310803971756, 0.43598172436839777, 0.4435272677874329, 0.45018600932562597, 0.4558222872513713, 0.4603212709741087, 0.3578408401138441, 0.3582703044953939, 0.35954994795643863, 0.3616536997076606, 0.3645386990067105, 0.36814616838064607, 0.3724026111275491, 0.3772213087000464, 0.38250408746382286, 0.38814331883610903, 0.39402411205436333, 0.40002665490082245, 0.4060286546942166, 0.41190782981715623, 0.417544401018109, 0.4228235317314786, 0.4276376676979741, 0.4318887282190652, 0.43549010440204367, 0.43836842368449, 0.44046504468864073, 0.4417372519502729, 0.4421591261813222, 0.4417220723359567, 0.4404349947215634, 0.43832411558702794, 0.4354324408842948, 0.43181888408750363, 0.4275570659205549, 0.42273381444682995, 0.4174473960794553, 0.4118055135525883, 0.405923111642013, 0.3999200353401521, 0.39391858819661785, 0.3880410405693994, 0.3824071385522791, 0.3771316643302922, 0.37232209766727875, 0.36807642616916014, 0.3644811489354976, 0.3616095142718942, 0.35952002736717104, 0.35825525833912547, 0.3578409749331253, 0.35828561754348676, 0.35958012725327787, 0.36169813039597265, 0.36459647587879523, 0.36821611432060725, 0.37248330109324035, 0.37731109875613755, 0.38260114827448216, 0.3882456729349384, 0.3941296741322688, 0.40013327429101536, 0.40613415918877843, 0.41201006992247136, 0.417641293747528, 0.42291310304300295, 0.42771809271236, 0.4319583683989623, 0.4355475409347019, 0.43841248638791125, 0.382544441267793, 0.38272225649835684, 0.3832520794751635, 0.3841231158608648, 0.3853176196138553, 0.3868112545368806, 0.3885735900900433, 0.39056872136677184, 0.3927560006016846, 0.3950908653069884, 0.3975257461653926, 0.400011036182601, 0.40249610135437375, 0.4049303122573548, 0.4072640755465708, 0.40944984434440873, 0.4114430869359336, 0.41320319403485234, 0.4146943061359593, 0.4158860440980169, 0.41675412807255424, 0.41728087216885335, 0.4174555447770735, 0.41727458720848065, 0.41674168619831775, 0.4158676987941814, 0.4146704311601892, 0.4131742758034676, 0.41140971461391723, 0.409412697842066, 0.40722391166739114, 0.4048879492792915, 0.4024524023586753, 0.3999668914698432, 0.39748205511695855, 0.3950485180615405, 0.3927158599199432, 0.39053160505407775, 0.38854025433481765, 0.3867823785044361, 0.38529379160943555, 0.38410482134382, 0.3832396911684545, 0.38271602679489153, 0.3825444970883048, 0.3827285967055877, 0.3832645748970338, 0.3841415119221581, 0.38534154152280137, 0.3868402149209672, 0.38860699892549033, 0.3906058979993684, 0.3927961876140832, 0.39513324394993155, 0.39756945303848373, 0.40005518082477437, 0.4025397843856844, 0.40497264370247693, 0.40730419296669174, 0.40948693040810774, 0.4114763860710668, 0.41323202782218577, 0.4147180871309293, 0.4159042877990191, 0.40752043057759535, 0.4074438219099721, 0.40721555669219145, 0.4068402854808988, 0.40632565385627667, 0.40568214665497704, 0.4049228743575206, 0.40406330598219603, 0.40312095392733877, 0.40211501718284964, 0.4010659901799753, 0.3999952452484412, 0.39892459718773865, 0.39787585882376303, 0.3968703966056613, 0.39592869529692665, 0.39506994062949735, 0.39431162842364814, 0.39366920813726125, 0.3931557681066192, 0.39278176889145877, 0.3925548301569761, 0.3924795754347366, 0.39255753792525155, 0.39278712926134934, 0.39316367186874085, 0.39367949426448157, 0.3943240873517691, 0.3950843185268072, 0.39594469923563497, 0.39688770052985717, 0.3978941101923083, 0.39894342415675765, 0.400014264247074, 0.4010848137250506, 0.4021332617732652, 0.40313824785731284, 0.4040792969142077, 0.4049372365006506, 0.4056945874024024, 0.4063359197466896, 0.40684816736239543, 0.40722089398342387, 0.40744650587174885, 0.4075204065282773, 0.40744109033952747, 0.4072101732522137, 0.40683235985078975, 0.4063153475086958, 0.40566966956608147, 0.40490848072902025, 0.4040472890623804, 0.40310364003658905, 0.40209675906535736, 0.40104715981711564, 0.39997622628021845, 0.39890577709670455, 0.39785762104064915, 0.3968531126975608, 0.39591271739718004, 0.39505559426351133, 0.39429920587681033, 0.39365896250007015, 0.3931479081183501, 0.4323790660835074, 0.4320492289703328, 0.4310664375603432, 0.42945071473379604, 0.4272349783859405, 0.4244643707749657, 0.4211953388171468, 0.4174944840667759, 0.41343720581078686, 0.4091061649229583, 0.4045895997743291, 0.39997952851058916, 0.395369874322311, 0.390854551902789, 0.3865255540789976, 0.382471077597653, 0.37877372625063677, 0.3755088279483678, 0.37274290002819305, 0.3705322940648051, 0.36892204779261223, 0.3679449675303978, 0.36762095980246956, 0.3679566257735031, 0.3689451267598505, 0.37056632355731944, 0.3727871867468288, 0.3755624696185881, 0.3788356300049941, 0.38253998224130137, 0.3866000557846192, 0.3909331328114411, 0.3954509334674929, 0.40006141443550003, 0.40467064417778864, 0.4091847166485059, 0.4135116644864833, 0.4175633327103476, 0.42125717474219243, 0.4245179341685582, 0.4272791779753997, 0.42948465001970954, 0.4310894171628724, 0.43206078471502585, 0.4323789625396411, 0.43203746824745604, 0.43104325926529763, 0.4294165910890917, 0.4271906046089397, 0.4244106509138871, 0.42113336733245765, 0.41742552353322476, 0.4133626611943632, 0.40902755495684745, 0.40450852601703313, 0.39989764271660844, 0.39528884479015836, 0.39077602948594475, 0.3864511385522807, 0.3824022850642423, 0.37871195825377446, 0.37545534291704735, 0.3726987876385826, 0.3704984530397527, 0.45673243709264527, 0.4561545185317537, 0.4544325370608047, 0.45160157543331897, 0.44771931018686606, 0.44286483657133163, 0.43713705710349604, 0.43065266657867546, 0.4235437745917474, 0.41595521400507995, 0.4080415901992359, 0.39996413122348257, 0.3918874030194982, 0.3839759566405977, 0.37639097577428593, 0.369286992869768, 0.36280874077432396, 0.35708820402166863, 0.35224192984781183, 0.34836865371838033, 0.3455472877436717, 0.34383531296442443, 0.3432676082630347, 0.3438557397593751, 0.3455877251686929, 0.3484282779224382, 0.3523195260784308, 0.3571821913736654, 0.3629172043983463, 0.36940772298443814, 0.37652151268713496, 0.38411364086055905, 0.39202942943999314, 0.40010760627220066, 0.40818359079026967, 0.4160928470923548, 0.42367423611043536, 0.43077329857375124, 0.43724540188152844, 0.44295868677224903, 0.447796753755561, 0.45166103457486256, 0.45447280038561905, 0.45617476573583193, 0.45673225566999814, 0.45613391217859167, 0.45439192560023345, 0.4515417862620819, 0.44764156141839423, 0.442770712218535, 0.43702847480690976, 0.4305318385374504, 0.42341316249345706, 0.41581747887257986, 0.40789953817637037, 0.39982065640417147, 0.3917454284849751, 0.3838383749060755, 0.37626058985835825, 0.3691664591871689, 0.36270051501551753, 0.35699449112189074, 0.3521646390648681, 0.3483093597344222, 0.4802005173956072, 0.47938353561285146, 0.4769492350258657, 0.47294721080679863, 0.46745899811246205, 0.46059641092951764, 0.4524992640345555, 0.44333252448066446, 0.433282950644623, 0.4225552873090117, 0.4113680942986631, 0.3999492936566369, 0.38853152607923774, 0.37734741121564974, 0.366624808396374, 0.3565821743459192, 0.34742411245928917, 0.33933720431898967, 0.33248620837905546, 0.3270107032621294, 0.32302224405731017, 0.3206020895548754, 0.3197995467220155, 0.3206309661483681, 0.32307940892762144, 0.3270949917619683, 0.3325959032584316, 0.33947007071156987, 0.3475774434144002, 0.35675284597855084, 0.36680934353158456, 0.3775420502307177, 0.38873230350025606, 0.4001521189490134, 0.4115688352055413, 0.42274985403971943, 0.4334673791979373, 0.44350305740530765, 0.45265242698155034, 0.46072908343676366, 0.46756847717940486, 0.4730312659639551, 0.47700615377724787, 0.47941215832546713, 0.48020026092521895, 0.4793544051846534, 0.4768918241280281, 0.47286268909904905, 0.46734908759604743, 0.4604633508640477, 0.452345765316494, 0.44316171441293695, 0.4330983092225754, 0.42236057632079843, 0.4111672806845343, 0.3997464686885644, 0.3883308220074709, 0.3771529170804014, 0.36644048671984486, 0.3564117804019351, 0.3472711177653078, 0.33920472590921225, 0.3323769452995957, 0.32692688158205385, 0.5024170954483682, 0.5013737991712215, 0.49826516591468606, 0.4931545293534645, 0.48614601093475907, 0.4773823985621428, 0.46704223750918905, 0.4553361928310707, 0.4425027573844603, 0.42880339289829755, 0.4145172030887172, 0.3999352473453202, 0.3853546108387804, 0.3710723518623272, 0.35737944972081487, 0.3445548764699346, 0.3328599132848663, 0.32253282725371557, 0.31378401704797176, 0.30679172636957075, 0.3016984125065574, 0.29860784398250395, 0.2975829864306633, 0.2986447197649553, 0.3017714127834768, 0.30689936387134165, 0.31392409882420075, 0.32270249935126133, 0.3330557188927945, 0.34477282634678313, 0.3576151034693214, 0.3713209083957702, 0.3856110061958188, 0.4001942578605044, 0.4147735518167276, 0.42905185712368, 0.4427382750265102, 0.4555539655760284, 0.46723782856858526, 0.4775518230656154, 0.4862858171157263, 0.49326186887361945, 0.49833785189455754, 0.5014103507445173, 0.5024167679323734, 0.5013365992385764, 0.49819185145744116, 0.4930465940421827, 0.4860056537872498, 0.4772124791418182, 0.4668462176658088, 0.4551180661708186, 0.4422669679062916, 0.4285547444542193, 0.41426076151260977, 0.39967623724427653, 0.38509830914968246, 0.370823980342283, 0.35714406856179853, 0.3443372812050716, 0.33266453708673915, 0.3223636506152147, 0.31364448668580697, 0.3066846850026604, 0.5230354889809417, 0.5217821584988694, 0.5180477017550431, 0.5119082026259083, 0.5034887440686984, 0.49296085974641896, 0.4805390392903485, 0.4664763584000169, 0.4510593228107283, 0.43460203117494955, 0.41743977577997615, 0.3999222114775227, 0.3824062319979067, 0.36524869878309063, 0.3487991704775504, 0.333392781202535, 0.3193434127080499, 0.30693729950958065, 0.29642719729517253, 0.2880272334127008, 0.2819085443508227, 0.27819578909330106, 0.2769646093818037, 0.27824008863045935, 0.2819962408894445, 0.28815654026918897, 0.2965954800389879, 0.307141129635758, 0.3195786374877723, 0.3336546082886675, 0.34908226554142385, 0.3655472941933362, 0.38271424432717216, 0.4002333654430533, 0.4177477320929561, 0.4349005156938706, 0.45134225436748054, 0.46673797269444, 0.4807740063290813, 0.49316439243340676, 0.5036566957349955, 0.5120371515117503, 0.5181350207229987, 0.5218260685577691, 0.523035095530118, 0.5217374695542845, 0.5179596277859757, 0.5117785380055271, 0.5033201305164376, 0.4927567325069627, 0.4803035571457449, 0.4662143189408191, 0.45077606469238346, 0.4343033253508136, 0.4171317079269161, 0.39961105800950647, 0.3820983321936137, 0.36495032563275087, 0.34851640288030805, 0.3331313801181248, 0.3191087037860035, 0.3067340645872175, 0.2962595769749371, 0.2878986427036854, 0.541733954858252, 0.5402901479742398, 0.5359881426915887, 0.5289155858250422, 0.5192165699641521, 0.5070886978059166, 0.4927790563003611, 0.47657918262972443, 0.4588191245817675, 0.4398607163280654, 0.4200902066030726, 0.39991038947360147, 0.3797323980223176, 0.35996732813647037, 0.34101786305442294, 0.3232700693071089, 0.3070855311996304, 0.2927939840809728, 0.2806865964877615, 0.2710100380281644, 0.26396145386378356, 0.2596844481768243, 0.2582661584532894, 0.25973548018922854, 0.26406247818895356, 0.2711589964491221, 0.2808804542032296, 0.2930287915348356, 0.3073565045471325, 0.32357168787841656, 0.3413439818298753, 0.36031130294200947, 0.3800872208944294, 0.4002688314359146, 0.4204449649457568, 0.44020456338943803, 0.4591450550009078, 0.4768805560700477, 0.49304973273637775, 0.5073231626169126, 0.5194100462861994, 0.5290641318723358, 0.5360887320643379, 0.5403407313169604, 0.541733501612268, 0.5402386673737486, 0.5358866835755289, 0.528766215268595, 0.5190223311652287, 0.5068535480846283, 0.49250778647464166, 0.4762773194097004, 0.4584928179714451, 0.4395166143283526, 0.419735319768871, 0.399551948084413, 0.37937770477629584, 0.3596236093690526, 0.3406921215127355, 0.3229689414796457, 0.3068151521078928, 0.2925598622877372, 0.2804935018684907, 0.2708619045920499, 0.5582207097741477, 0.5566089566117268, 0.5518065341438438, 0.5439112844243101, 0.5330840611583293, 0.5195454525528952, 0.5035712871675653, 0.48548701432706576, 0.4656610735862736, 0.4444973883346435, 0.4224271364714716, 0.3998999658119736, 0.3773748331969153, 0.35531065394500677, 0.3341569521512449, 0.3143447023171557, 0.29627754890079205, 0.2803235826748011, 0.2668078414367581, 0.25600568785838895, 0.24813719938993056, 0.24336268451679702, 0.241779416718001, 0.24341965266696172, 0.24824997505084287, 0.25617197339747744, 0.2670242490390665, 0.2805857033645651, 0.2965800423676154, 0.31468140571671216, 0.33452100566385834, 0.3556946405340443, 0.3777709297196277, 0.4003001024041314, 0.4228231609585744, 0.4448812323200776, 0.46602491683262165, 0.4858234440815499, 0.5038734491856118, 0.5198071907429425, 0.533300043002831, 0.5440771096216698, 0.5519188242578679, 0.5566654239021231, 0.5582202038057552, 0.5565514876928819, 0.551693273116364, 0.5437445388093722, 0.5328672281442355, 0.5192829497825278, 0.5032684627356317, 0.48515003782080324, 0.4652968103894918, 0.4441132597559715, 0.4220309685464812, 0.39949982985960747, 0.3769788813786387, 0.35492695317691686, 0.33379331975292326, 0.31400854674567236, 0.2959757188146592, 0.28006222740297243, 0.2665922856954035, 0.2558403232679013, 0.5722384834323042, 0.5704839348605093, 0.565256035403794, 0.5566612955625118, 0.5448748200892473, 0.5301367404957974, 0.5127473227388333, 0.49306084975770537, 0.47147840349838055, 0.4484396934787962, 0.4244140983761833, 0.3998911031503926, 0.3753703265322922, 0.35135134205199264, 0.3283234999879692, 0.30675595759938734, 0.28708812076048507, 0.2697206917341752, 0.25500750547286344, 0.24324832076943886, 0.23468271312776917, 0.22948519377617874, 0.22776165426658423, 0.22954720909517407, 0.234805480297954, 0.24342933859643645, 0.25524308599375756, 0.27000603535414525, 0.28741741403725146, 0.30712249168325595, 0.3287198073044403, 0.35176934844223434, 0.3758015157518462, 0.40032669037470353, 0.42484520917803725, 0.44885754463127914, 0.4718744819197675, 0.49342708595255347, 0.5130762552016789, 0.5304216677279809, 0.5451099371317569, 0.5568418122631944, 0.5653782740094199, 0.5705454049454006, 0.5722379326369708, 0.5704213744065683, 0.5651327398653466, 0.5564797768986347, 0.5446387764666464, 0.5298509809442861, 0.5124176691746638, 0.4926940183708798, 0.47108186792049406, 0.44802153251916005, 0.4239828314283718, 0.3994555166225565, 0.3749392948374554, 0.3509336468053845, 0.32792765109496924, 0.30639001987914666, 0.28675954963750144, 0.2694361813453578, 0.2547728522846744, 0.24306830548370512, 0.5835685331631516, 0.5816985683256216, 0.5761267715025797, 0.5669666595801871, 0.5544048559073104, 0.5386972881286223, 0.5201639740480801, 0.4991825017528829, 0.4761803368304662, 0.4516261134072872, 0.42602008644124123, 0.39988393978772824, 0.37375015768452513, 0.3481511761952923, 0.32360853563455527, 0.30062225497700323, 0.2796606447313551, 0.26115076582599484, 0.24546972889206967, 0.23293701120792543, 0.22380794783545102, 0.21826852955652995, 0.21643161359373148, 0.21833462431604456, 0.2239387907742782, 0.23312993660018475, 0.24572080617631278, 0.26145487968441694, 0.2800115993066156, 0.3010129001033957, 0.32403091251175886, 0.34859667953682427, 0.37420971103736456, 0.4003481804512429, 0.42647955621797223, 0.45207145129933834, 0.47660246975559817, 0.4995728293947652, 0.5205145440746562, 0.5390009582087802, 0.5546554392250167, 0.5671590508814539, 0.5762570511072505, 0.5817640819848926, 0.5835679461358542, 0.5816318925715444, 0.5759953654388051, 0.5667732004054101, 0.5541532850579863, 0.5383927309781936, 0.5198126354852879, 0.49879153976659574, 0.4757577166765431, 0.4511804453286045, 0.4255604502470882, 0.3994196998665034, 0.3732907722185639, 0.34770600446478755, 0.3231866473364571, 0.3002322454437386, 0.2793104598140014, 0.26084754000964927, 0.245219639941566, 0.23274515430527173, 0.5920340573300732, 0.590077856402672, 0.5842491082391913, 0.5746665647185585, 0.5615254555909809, 0.545093510968709, 0.5257055067321881, 0.5037564439806531, 0.47969350148548556, 0.4540069251028581, 0.42722003976002676, 0.3998785875058591, 0.37253960884660403, 0.3457600938927764, 0.3200856345327775, 0.2960393088279558, 0.2741110240926531, 0.2547475357777714, 0.23834334550792804, 0.22523266371084927, 0.21568260058820332, 0.2098877241514878, 0.20796609619471235, 0.2099568669649054, 0.21581947753537403, 0.2254344861321497, 0.23860600157847453, 0.25506567427959836, 0.27447816343764053, 0.29644796911032945, 0.3205274899208124, 0.3462261422549565, 0.37302035515635945, 0.4003642372882925, 0.42770069863944254, 0.45447280038561905, 0.48013510167125195, 0.5041647721372666, 0.5260722437944813, 0.5454111852268054, 0.5617875949150207, 0.5748678284185001, 0.5843853958732492, 0.5901463913175811, 0.5920334432311766, 0.5900081058013006, 0.5841116421977649, 0.5744641838985999, 0.5612622831938973, 0.5447749087318337, 0.5253379656915375, 0.5033474522259398, 0.479251391601679, 0.4535407044064391, 0.4267392067886127, 0.3993929384999471, 0.37205903816606917, 0.345294392434338, 0.3196442902553687, 0.29563131344999166, 0.27374468989944223, 0.25443032627134515, 0.23808172334953798, 0.22503195905407336, 0.5975029542598123, 0.5954910431037435, 0.5894962992654399, 0.5796408565332417, 0.5661255045637412, 0.5492255980979098, 0.5292854470270354, 0.5067113016023463, 0.48196307570400554, 0.45554497679528266, 0.4279952334623351, 0.39987512982535345, 0.3717575702282661, 0.3442154071840575, 0.3178097703760642, 0.29307863449409477, 0.27052585881832725, 0.25061092185279144, 0.2337395601496674, 0.2202555020441165, 0.21043346471222663, 0.20447355722636495, 0.20249720363717294, 0.20454466914320762, 0.21057423974875994, 0.2204630721230749, 0.23400969634638402, 0.2509381205531065, 0.27090345384635606, 0.2934989329254231, 0.3182642092693826, 0.3446947280380678, 0.37225200760956345, 0.4003746103242807, 0.42848958092338285, 0.45602411964078193, 0.48241725212720443, 0.5071312584493758, 0.529662628315847, 0.5495523193333962, 0.5663951092976378, 0.579847851979135, 0.5896364682059381, 0.5955615298098658, 0.5975023226721241, 0.5954193060898836, 0.5893549183579613, 0.5794327121531089, 0.5658548373361343, 0.548897922455935, 0.5289074388635384, 0.5062906622587483, 0.4815083750671848, 0.4550654786991634, 0.42750070695136017, 0.39937565012506215, 0.3712633134778963, 0.3437364431131865, 0.31735585714918246, 0.2926590199028467, 0.27014909187182057, 0.25028467860453896, 0.23347048730967085, 0.22004908156225994, 0.5998898836448999, 0.597853657460853, 0.5917864639203292, 0.5818119128641634, 0.5681332205998978, 0.5510290696785861, 0.530847931161663, 0.5080009650530536, 0.4829536435394248, 0.45621626770231516, 0.42833357090971186, 0.3998736207021593, 0.3714162452805909, 0.3435412203885913, 0.3168164572633986, 0.291786432308177, 0.26896109421339387, 0.24880547452782814, 0.23173021334802762, 0.21808319315088173, 0.20814245121724662, 0.20211051504521302, 0.2001102761603552, 0.2021824863878024, 0.20828492759578085, 0.21829327182583955, 0.23200361428591398, 0.2491366276003472, 0.26934325268034154, 0.2922118102720116, 0.31727638829506116, 0.344026334092818, 0.371916658203464, 0.4003791376914501, 0.42883389282560075, 0.4567012012467023, 0.48341330892887546, 0.5084259973043594, 0.5312296708891325, 0.5513597395158575, 0.5684060836519501, 0.5820214099613067, 0.5919283268778319, 0.5979249960367142, 0.599889244424135, 0.5977810534666128, 0.5916433743485736, 0.5816012529472928, 0.5678592822133273, 0.5506974339003109, 0.5304653545662827, 0.5075752420568413, 0.4824934476009489, 0.4557309746139134, 0.42783306777998115, 0.39936810452115634, 0.3709160151716673, 0.34305646777942, 0.3163570582511341, 0.2913617464489977, 0.2685797738357787, 0.2484752884545234, 0.23145788861809896, 0.21787427796652478, 0.5991575982506112, 0.5971288316671546, 0.5910838649503851, 0.5811458551034083, 0.5675172739622042, 0.5504757831399081, 0.5303685770937363, 0.5076053095659658, 0.4826497475119757, 0.45601032255387053, 0.4282297724594507, 0.3998740836856393, 0.37152096026522785, 0.3437480539658335, 0.31712119551368145, 0.29218286665312554, 0.2694411479061639, 0.24935936720453997, 0.23234666028780482, 0.21874963518487633, 0.2088453106026032, 0.20283547209092898, 0.20084256096920633, 0.20290717977053538, 0.20898726502690376, 0.2189589442483735, 0.23261905963666654, 0.24968930711632342, 0.26982190635697, 0.2926066862686121, 0.31757944161376717, 0.34423139048317264, 0.37201953995338266, 0.40037774874175036, 0.42872826147402027, 0.4564934795713756, 0.48310772894301474, 0.5080287847354221, 0.5307489183390928, 0.550805241586749, 0.5677891373957465, 0.5813545847196686, 0.5912252082008878, 0.5971999088981383, 0.5991569613715958, 0.5970564936535813, 0.5909412995792622, 0.5809359669273455, 0.5672443391335715, 0.550145362290734, 0.5299874020462878, 0.5071811461821084, 0.48219123747554804, 0.45552680730952017, 0.42773110289490607, 0.399370419434855, 0.3710225627212938, 0.34326507722069827, 0.31666347948397067, 0.29175973660680765, 0.26906122447439706, 0.24903039074942335, 0.23207533320427326, 0.2185414853495974, 0.5953175251456048, 0.5933278763867348, 0.5873994661775435, 0.5776530768595641, 0.5642872762919331, 0.5475743723332603, 0.5278548649831611, 0.5055305092126287, 0.4810561298175259, 0.4549303550551101, 0.4276854578516516, 0.39987651155109116, 0.37207008113986445, 0.3448326803469885, 0.3187192297884397, 0.29426175130357823, 0.2719585288193198, 0.252263956572961, 0.2355792815206798, 0.22224442854105717, 0.2125310749826652, 0.20663711565128254, 0.20468263100420317, 0.20670744069354896, 0.21267029230141882, 0.222449701795163, 0.2358464285797842, 0.25258753472203677, 0.2723319456457074, 0.2946773990073672, 0.31916864017982094, 0.34530669737274305, 0.3725590474240216, 0.40037046514927693, 0.4281743352105535, 0.4554041960420709, 0.4815052806430978, 0.505945819111851, 0.5282278726484794, 0.5478974783007983, 0.5645538977690121, 0.5778577818390913, 0.5875380841068953, 0.593397583136424, 0.5953169005466229, 0.593256933164336, 0.5872596496919873, 0.5774472356590978, 0.5640196040779536, 0.5472503225200265, 0.5274810395927725, 0.505114524368866, 0.4806064605789122, 0.45445616274848344, 0.4271964034240634, 0.3993825587427041, 0.3715812934878998, 0.3443590161564614, 0.3182703392468391, 0.29384677987297503, 0.27158593091148525, 0.2519413233035856, 0.23531318605193613, 0.22204029216341822, 0.5884295873863385, 0.5865101042554821, 0.5807907614123752, 0.5713880817689362, 0.5584936306224284, 0.5423701128038785, 0.5233460204666903, 0.5018089405586208, 0.4781976583271979, 0.45299321773764745, 0.4267091209337186, 0.3998808664124864, 0.37305503905691034, 0.346778174300141, 0.32158562329729196, 0.2979906459598659, 0.27647395406567155, 0.2574739174874622, 0.24137763307349172, 0.22851303813796486, 0.21914222923701762, 0.213456122350007, 0.2115705632567943, 0.2135239673561697, 0.21927653701052754, 0.2287110723622045, 0.24163535910233108, 0.2577860845450374, 0.27683420222295735, 0.2983916357085566, 0.3220191850811205, 0.34723547495716317, 0.3735267617817446, 0.4003574005720543, 0.4271807578692764, 0.4534503485639428, 0.4786309696988921, 0.5022096044155359, 0.5237058738921085, 0.5426818243315557, 0.5587508496040681, 0.5715855677589898, 0.5809244909341509, 0.5865773527733619, 0.5884289848140484, 0.5864416628695159, 0.5806558756018801, 0.571189499627154, 0.558235397958476, 0.5420574907155393, 0.5229853781535495, 0.5014076255593102, 0.47776384682447104, 0.4525357479810917, 0.4262373131738608, 0.3994043330148647, 0.37258348866474467, 0.34632121403549415, 0.32115256303056794, 0.2975903086353611, 0.2761144959475025, 0.25716266198808907, 0.24112092155032774, 0.22831610069786384, 0.5786012689378154, 0.5767819043272417, 0.5713608772824021, 0.5624486329845317, 0.5502267448566277, 0.534944215281109, 0.5169124025549814, 0.4964986774380774, 0.47411893853255793, 0.45022913898142936, 0.42531599711671164, 0.39988708031366954, 0.37446046407749767, 0.3495541770428394, 0.32567564692822276, 0.30331136246803814, 0.28291696194447297, 0.2649079502504892, 0.24965123360956779, 0.2374576444194305, 0.2285756085146791, 0.22318608386824462, 0.22139887384790657, 0.2232503901396738, 0.2287029109150601, 0.23764534935596893, 0.24989551687966083, 0.26520383495403743, 0.28325841988065065, 0.3036914369507168, 0.3260865945178704, 0.3499876253073245, 0.3749075821676597, 0.4003387588784405, 0.42576303389228903, 0.45066242627340614, 0.4745296487713438, 0.4968784430272034, 0.517253486348152, 0.5352396682147905, 0.5504705475266486, 0.5626358182822883, 0.5714876315921413, 0.5768456452226824, 0.578600697795156, 0.5767170327826454, 0.5712330269949273, 0.562260408709339, 0.5499819813770552, 0.5346478992807938, 0.5165705710217648, 0.49611829466955976, 0.4737077542491259, 0.44979553043749076, 0.42486879842687675, 0.3994354024711024, 0.37401350933128663, 0.3491210514161683, 0.3252651746969968, 0.3029319063796844, 0.2825762528396795, 0.264612929559084, 0.2494079119294431, 0.2372709790597527, 0.5659859374222584, 0.5642950819082134, 0.5592569639755663, 0.5509742276147556, 0.5396156209819748, 0.5254125584121391, 0.5086544057037672, 0.48968258473093096, 0.46888361749183805, 0.44668125131097647, 0.4235278256318528, 0.3998950562887909, 0.3762644250142367, 0.35311736998074206, 0.33092547723041527, 0.3101408728265447, 0.29118701147269505, 0.27445004926715166, 0.2602709763597199, 0.2489386697960328, 0.24068400808709706, 0.23567516741077316, 0.2340141952779293, 0.23573493146961094, 0.2408023186029686, 0.24911311637211486, 0.26049800491233943, 0.2747250344348352, 0.29150435085087417, 0.31049410110802833, 0.33130739792619057, 0.3535202020374934, 0.3766799613414721, 0.4003148309658295, 0.4239432863880822, 0.44708393376536015, 0.46926531760180495, 0.4900355259372655, 0.5089713973661762, 0.5256871423076115, 0.5398422028812533, 0.551148191256249, 0.5593747651146596, 0.5643543205258602, 0.5659854066217199, 0.5642347925037433, 0.5591381442720871, 0.5507992983830132, 0.5393881461390176, 0.5251371724119273, 0.5083367191172223, 0.48932906993908665, 0.46850147682091975, 0.4462782702959591, 0.42311221439802615, 0.399475282282944, 0.37584904049330703, 0.3527148377725883, 0.33054399831656966, 0.30978821925968847, 0.29087036803290445, 0.27417586708293157, 0.2600448414760718, 0.24876518936728415, 0.5507804508686609, 0.54924448968592, 0.5446678990107623, 0.5371439199176886, 0.5268258420375515, 0.5139238805144637, 0.4987008931919524, 0.4814670252841753, 0.46257339063888037, 0.44240491832676443, 0.42137251029709394, 0.39990466987542633, 0.37843877166006, 0.3574121506797937, 0.33725319235785495, 0.31837260481042995, 0.3011550512934396, 0.2859513132737322, 0.27307114379019687, 0.2627769567066982, 0.255278480428703, 0.2507284850059936, 0.24921966967525044, 0.25078277425409046, 0.25538595286403487, 0.26293542274184933, 0.27327737492071097, 0.2862011078539805, 0.3014433201387605, 0.3186934748815262, 0.337600126415037, 0.35777808046929627, 0.3788162419189619, 0.4002859902212946, 0.42174991190782884, 0.442770712218535, 0.46292012431747515, 0.48178763457823776, 0.4989888461747286, 0.5141733105818753, 0.5270316674313315, 0.5373019472584772, 0.5447749087318337, 0.5492983016269575, 0.5507799686932083, 0.5491897232175686, 0.5445599640330111, 0.5369850154415515, 0.526619205500053, 0.5136737218207834, 0.4984123089450092, 0.481145894949095, 0.46222625675783513, 0.4420388532246272, 0.4209949719935746, 0.3995233501392638, 0.3780614393009319, 0.3570464932706351, 0.3369066596122513, 0.3180522568060339, 0.30086741463362565, 0.2857022481179793, 0.27286572446225194, 0.2626193683129473, 0.5332220858090854, 0.5318649871181895, 0.5278213398673267, 0.5211735272192777, 0.512056988246133, 0.5006574585641883, 0.4872071862532455, 0.471980200155212, 0.4552867269532152, 0.4374668707747553, 0.41888368408737, 0.3999157710567718, 0.3809495740627886, 0.3623715005236123, 0.34456005043233723, 0.3278781049952593, 0.3126655334792012, 0.2992322688921054, 0.28785199356937285, 0.27875656331252063, 0.2721312836798538, 0.2681111346675449, 0.26677802069750234, 0.2681591019393417, 0.2722262409632377, 0.27889657599726264, 0.28803420910996563, 0.29945297492403966, 0.31292023345274667, 0.3281616097858266, 0.34486658406099885, 0.36269481783388924, 0.38128308795621507, 0.40025268669500835, 0.41921713732670013, 0.43779006801257464, 0.4555930835373515, 0.4722634745361991, 0.487461607146401, 0.5008778425307611, 0.5122388452979848, 0.521313152295562, 0.5279158883194691, 0.5319125326652757, 0.5332216597829051, 0.5318165981983785, 0.5277259739045316, 0.5210331271499489, 0.5118744145081497, 0.5004364308197866, 0.48695220760655805, 0.47169646540836985, 0.45498001677015487, 0.4371434339089834, 0.4185501100731135, 0.3995788559572408, 0.3806161820107241, 0.36204842387502145, 0.34425387138256985, 0.32759506147678896, 0.31241139207323765, 0.2990122073432733, 0.28767049529703936, 0.2786173260679452, 0.513584834657739, 0.5124277755298663, 0.5089801714662153, 0.5033122621561452, 0.49553952263156364, 0.48582031063877723, 0.4743526403402552, 0.46137014807722776, 0.4471373323845696, 0.4319441652354255, 0.41610018430327433, 0.3999281866026052, 0.3837576519906875, 0.3679180305165824, 0.3527320303774517, 0.3385090432298455, 0.3255388408052513, 0.31408567125177717, 0.30438287548002707, 0.2966281331969341, 0.29097943548238114, 0.2875518659612362, 0.28641525614952523, 0.28759276274349976, 0.29106039583716925, 0.29674750768015, 0.3045382320181311, 0.31427384469158615, 0.32575599739912087, 0.33875075874244753, 0.35299338022284044, 0.36819369008914327, 0.3840420051458782, 0.4002154400773597, 0.41638448574492626, 0.43221972243449347, 0.44739853128221563, 0.4616116671431678, 0.4745695589908456, 0.4860082094864222, 0.4956945735230166, 0.5034313061653085, 0.5090607832524556, 0.512468312750641, 0.5135844714288273, 0.512386519251505, 0.5088988626723296, 0.5031925573897486, 0.49538386069521323, 0.48563186290768096, 0.4741352461503252, 0.4611282365044507, 0.44687583200931896, 0.431668403730133, 0.4158157798892063, 0.39964093358714975, 0.38347340271715324, 0.3676425761316049, 0.35247098284518796, 0.33826772099674013, 0.32532216044477846, 0.3138980472967338, 0.3042281304831411, 0.2965094198521666, 0.49217513015099, 0.4912361661068425, 0.4884384039387355, 0.4838388437957466, 0.4775311947203493, 0.469643965469194, 0.4603378463426395, 0.44980243536427583, 0.43825237550955176, 0.42592298168159953, 0.41306544652797206, 0.39994172277248635, 0.3868191863268778, 0.37396518891324876, 0.3616416111793444, 0.350099527278647, 0.3395740896163561, 0.33027973797677385, 0.3224058306388403, 0.3161127864891935, 0.3115288167313343, 0.30874731277735046, 0.30782494353993384, 0.30878050088947173, 0.311594516798268, 0.31620965997199857, 0.32253190388763886, 0.3304324424408655, 0.3397503141745322, 0.3502956816235536, 0.3618536989645337, 0.3741888891726604, 0.3870499415079504, 0.4001748315893597, 0.4132961597430359, 0.42614659886398715, 0.4384643407992699, 0.44999843029092296, 0.46051387780767267, 0.46979644709923807, 0.4776570199341005, 0.4839354490958414, 0.4885038211391109, 0.4912690624315334, 0.4921748353874126, 0.4912026862603564, 0.48837242111029355, 0.4837417022851255, 0.47740487363808604, 0.4694910384152189, 0.46016142897309154, 0.4496061219147475, 0.43804016556800546, 0.42569919870284567, 0.4128346497498527, 0.3997086143283384, 0.38658851544671763, 0.373741655165434, 0.36142976872401567, 0.34990369208364197, 0.3393982515259285, 0.3301274794245853, 0.3222802536613225, 0.31601644952627433, 0.4693270635670052, 0.46862084682644717, 0.46651658469678164, 0.46305714831854256, 0.4583130184465032, 0.45238084951149127, 0.4453815004333621, 0.43745757230432003, 0.42877050310854553, 0.4194972786687978, 0.40982682682945254, 0.39995616833901154, 0.39008640285199986, 0.38041861182935593, 0.37114976180948817, 0.36246869151462013, 0.3545522645490287, 0.34756176607209766, 0.34163961685849265, 0.3369064716914842, 0.3334587612052417, 0.3313667272573228, 0.33067299185765603, 0.3313916888099122, 0.3335081757567504, 0.33697933249557943, 0.34173443948710447, 0.34767661865838323, 0.35468480714622097, 0.36261622376888447, 0.37130927797552465, 0.3805868620078887, 0.39025995920153184, 0.4001314949128817, 0.41000035161537124, 0.4196654663631647, 0.4289299271428834, 0.4376049846563961, 0.4455138978007014, 0.45249553449909635, 0.45840765452217536, 0.46312980741617127, 0.46656578649775954, 0.46864558891890995, 0.46932684186844903, 0.46859566585364293, 0.46646695747375266, 0.46298408592448037, 0.45821800941656665, 0.4522658295101668, 0.4452488128182436, 0.4373099203837617, 0.428610895065866, 0.41932896627511995, 0.40965323919381225, 0.3997808420454768, 0.3899129099071489, 0.3802504868880758, 0.37099043016175726, 0.36232139930043467, 0.35442001262323697, 0.34744724886654665, 0.34154516748707686, 0.33683401441649896, 0.44539717134309387, 0.4449347221821614, 0.44355679639768214, 0.44129146713183687, 0.4381848870230933, 0.4343003479163903, 0.4297169913880578, 0.4245281963565647, 0.41883967662907434, 0.4127673271434032, 0.4064348627849267, 0.39997129788394653, 0.3935083177449281, 0.3871775957587012, 0.38110811075738293, 0.37542351926683654, 0.3702396361930252, 0.3656620752694451, 0.36178409733793276, 0.35868471030085247, 0.3564270594552479, 0.3550571410034523, 0.3546028649504214, 0.35507348647983034, 0.35645941739378245, 0.3587324214577589, 0.3618461896709527, 0.365737283741729, 0.37032642854633435, 0.3755201272389742, 0.3812125661078472, 0.38728777036859185, 0.3936219669741324, 0.40008610630226776, 0.40654849134545284, 0.4128774608370306, 0.4189440716492968, 0.4246247258136189, 0.4298036886410673, 0.4343754466406823, 0.4382468571963774, 0.4413390462060825, 0.44358901502161424, 0.44495092395031843, 0.44539702616909077, 0.4449182330236977, 0.4435242991962833, 0.4412436239685566, 0.43812267262961907, 0.43422502981636774, 0.4296301040732241, 0.4244315100238132, 0.4187351611153853, 0.41265711179341114, 0.40632119306876185, 0.3998564896491963, 0.39339471003476445, 0.3870675031574335, 0.38100377623432286, 0.3753270684792099, 0.37015303417893847, 0.3655870864132229, 0.3617222494234706, 0.35863726338534335, 0.4207588714438506, 0.4205474062270299, 0.4199173188587445, 0.4188814464108276, 0.4174608932089541, 0.4156846008641024, 0.41358875863124794, 0.4112160661083328, 0.40861486329689933, 0.40583814574807886, 0.40294248485883766, 0.3999868753158029, 0.3970315331682474, 0.3941366690176678, 0.3913612613183528, 0.38876185478107717, 0.38639140836061814, 0.3842982162975966, 0.382524924196775, 0.3811076601877196, 0.3800752988691077, 0.3794488730326947, 0.3792411451521706, 0.37945634736716927, 0.3800900952598597, 0.3811294771807911, 0.38255331730411346, 0.38433260705282296, 0.3864310961043993, 0.3888060309359944, 0.39140902586243687, 0.3941870488209778, 0.3970835018189132, 0.4000393740316059, 0.4029944440582883, 0.40588850684151284, 0.4086626002536317, 0.4112602063604729, 0.4136284028882911, 0.4157189414346061, 0.41748923045602254, 0.41890320300614975, 0.41993205154478014, 0.4205548148477079, 0.42075880505979235, 0.4205398661907096, 0.4199024587869346, 0.41885956905489063, 0.4174324442867442, 0.41565015997914184, 0.4135490274641868, 0.41117185412127316, 0.40856707124183583, 0.40578774731544676, 0.4028905068400512, 0.39993437668394183, 0.3969795835030911, 0.3940863267146339, 0.3913135520253004, 0.3887177505022914, 0.3863518076537014, 0.38426392596672393, 0.3824966428552859, 0.3810859640249341, 0.39579663629871037, 0.3958394548699835, 0.3959670382205359, 0.39617678703364057, 0.3964644279962361, 0.39682410086118075, 0.3972484778408754, 0.3977289128997908, 0.3982556179042919, 0.3988178620409742, 0.399404190440666, 0.40000265755396647, 0.4006010705236468, 0.4011872375955719, 0.4017492165071488, 0.40227555779276414, 0.4027555380492323, 0.40317937840882656, 0.4035384437688361, 0.40382541871865074, 0.40403445658012627, 0.40416129852475946, 0.4042033603408415, 0.40415978508284106, 0.40403146053036676, 0.40382100110100727, 0.40353269458554947, 0.4031724147907624, 0.4027475018695177, 0.4022666127763386, 0.40173954489511754, 0.40117703643232056, 0.40059054764236185, 0.39999202734234984, 0.39939366947311195, 0.3988076646661954, 0.39824595187829037, 0.3977199751531453, 0.39724045046658046, 0.3968171474047789, 0.396458690123826, 0.39617238164564594, 0.39596405507003696, 0.3958379547341347, 0.39579664974049794, 0.3958409816155516, 0.3959700471647655, 0.3961812168738693, 0.39647018848120663, 0.3968310746297729, 0.39725652281316043, 0.39773786517169396, 0.3982652950868886, 0.398828066976387, 0.3994147152188565, 0.40001328774858613, 0.4006115895606476, 0.4011974311655732, 0.4017588769316653, 0.4022844882553387, 0.4027635566052723, 0.403186321692448, 0.40354417032119516, 0.40382981186995265]
    custom double[] data:observationTimes = [0, 0, 0, 0, 0, 0, 0, 0, 0, 0, 0, 0, 0, 0, 0, 0, 0, 0, 0, 0, 0, 0, 0, 0, 0, 0, 0, 0, 0, 0, 0, 0, 0, 0, 0, 0, 0, 0, 0, 0, 0, 0, 0, 0, 0, 0, 0, 0, 0, 0, 0, 0, 0, 0, 0, 0, 0, 0, 0, 0, 0, 0, 0, 0, 0, 0, 0, 0, 0, 0, 0, 0, 0, 0, 0, 0, 0, 0, 0, 0, 0, 0, 0, 0, 0, 0, 0, 0, 0, 0, 0, 0, 0, 0, 0, 0, 0, 0, 0, 0, 0, 0, 0, 0, 0, 0, 0, 0, 0, 0, 0, 0, 0, 0, 0, 0, 0, 0, 0, 0, 0, 0, 0, 0, 0, 0, 0, 0, 0, 0, 0, 0, 0, 0, 0, 0, 0, 0, 0, 0, 0, 0, 0, 0, 0, 0, 0, 0, 0, 0, 0, 0, 0, 0, 0, 0, 0, 0, 0, 0, 0, 0, 0, 0, 0, 0, 0, 0, 0, 0, 0, 0, 0, 0, 0, 0, 0, 0, 0, 0, 0, 0, 0, 0, 0, 0, 0, 0, 0, 0, 0, 0, 0, 0, 0, 0, 0, 0, 0, 0, 0, 0, 0, 0, 0, 0, 0, 0, 0, 0, 0, 0, 0, 0, 0, 0, 0, 0, 0, 0, 0, 0, 0, 0, 0, 0, 0, 0, 0, 0, 0, 0, 0, 0, 0, 0, 0, 0, 0, 0, 0, 0, 0, 0, 0, 0, 0, 0, 0, 0, 0, 0, 0, 0, 0, 0, 0, 0, 0, 0, 0, 0, 0, 0, 0, 0, 0, 0, 0, 0, 0, 0, 0, 0, 0, 0, 0, 0, 0, 0, 0, 0, 0, 0, 0, 0, 0, 0, 0, 0, 0, 0, 0, 0, 0, 0, 0, 0, 0, 0, 0, 0, 0, 0, 0, 0, 0, 0, 0, 0, 0, 0, 0, 0, 0, 0, 0, 0, 0, 0, 0, 0, 0, 0, 0, 0, 0, 0, 0, 0, 0, 0, 0, 0, 0, 0, 0, 0, 0, 0, 0, 0, 0, 0, 0, 0, 0, 0, 0, 0, 0, 0, 0, 0, 0, 0, 0, 0, 0, 0, 0, 0, 0, 0, 0, 0, 0, 0, 0, 0, 0, 0, 0, 0, 0, 0, 0, 0, 0, 0, 0, 0, 0, 0, 0, 0, 0, 0, 0, 0, 0, 0, 0, 0, 0, 0, 0, 0, 0, 0, 0, 0, 0, 0, 0, 0, 0, 0, 0, 0, 0, 0, 0, 0, 0, 0, 0, 0, 0, 0, 0, 0, 0, 0, 0, 0, 0, 0, 0, 0, 0, 0, 0, 0, 0, 0, 0, 0, 0, 0, 0, 0, 0, 0, 0, 0, 0, 0, 0, 0, 0, 0, 0, 0, 0, 0, 0, 0, 0, 0, 0, 0, 0, 0, 0, 0, 0, 0, 0, 0, 0, 0, 0, 0, 0, 0, 0, 0, 0, 0, 0, 0, 0, 0, 0, 0, 0, 0, 0, 0, 0, 0, 0, 0, 0, 0, 0, 0, 0, 0, 0, 0, 0, 0, 0, 0, 0, 0, 0, 0, 0, 0, 0, 0, 0, 0, 0, 0, 0, 0, 0, 0, 0, 0, 0, 0, 0, 0, 0, 0, 0, 0, 0, 0, 0, 0, 0, 0, 0, 0, 0, 0, 0, 0, 0, 0, 0, 0, 0, 0, 0, 0, 0, 0, 0, 0, 0, 0, 0, 0, 0, 0, 0, 0, 0, 0, 0, 0, 0, 0, 0, 0, 0, 0, 0, 0, 0, 0, 0, 0, 0, 0, 0, 0, 0, 0, 0, 0, 0, 0, 0, 0, 0, 0, 0, 0, 0, 0, 0, 0, 0, 0, 0, 0, 0, 0, 0, 0, 0, 0, 0, 0, 0, 0, 0, 0, 0, 0, 0, 0, 0, 0, 0, 0, 0, 0, 0, 0, 0, 0, 0, 0, 0, 0, 0, 0, 0, 0, 0, 0, 0, 0, 0, 0, 0, 0, 0, 0, 0, 0, 0, 0, 0, 0, 0, 0, 0, 0, 0, 0, 0, 0, 0, 0, 0, 0, 0, 0, 0, 0, 0, 0, 0, 0, 0, 0, 0, 0, 0, 0, 0, 0, 0, 0, 0, 0, 0, 0, 0, 0, 0, 0, 0, 0, 0, 0, 0, 0, 0, 0, 0, 0, 0, 0, 0, 0, 0, 0, 0, 0, 0, 0, 0, 0, 0, 0, 0, 0, 0, 0, 0, 0, 0, 0, 0, 0, 0, 0, 0, 0, 0, 0, 0, 0, 0, 0, 0, 0, 0, 0, 0, 0, 0, 0, 0, 0, 0, 0, 0, 0, 0, 0, 0, 0, 0, 0, 0, 0, 0, 0, 0, 0, 0, 0, 0, 0, 0, 0, 0, 0, 0, 0, 0, 0, 0, 0, 0, 0, 0, 0, 0, 0, 0, 0, 0, 0, 0, 0, 0, 0, 0, 0, 0, 0, 0, 0, 0, 0, 0, 0, 0, 0, 0, 0, 0, 0, 0, 0, 0, 0, 0, 0, 0, 0, 0, 0, 0, 0, 0, 0, 0, 0, 0, 0, 0, 0, 0, 0, 0, 0, 0, 0, 0, 0, 0, 0, 0, 0, 0, 0, 0, 0, 0, 0, 0, 0, 0, 0, 0, 0, 0, 0, 0, 0, 0, 0, 0, 0, 0, 0, 0, 0, 0, 0, 0, 0, 0, 0, 0, 0, 0, 0, 0, 0, 0, 0, 0, 0, 0, 0, 0, 0, 0, 0, 0, 0, 0, 0, 0, 0, 0, 0, 0, 0, 0, 0, 0, 0, 0, 0, 0, 0, 0, 0, 0, 0, 0, 0, 0, 0, 0, 0, 0, 0, 0, 0, 0, 0, 0, 0, 0, 0, 0, 0, 0, 0, 0, 0, 0, 0, 0, 0, 0, 0, 0, 0, 0, 0, 0, 0, 0, 0, 0, 0, 0, 0, 0, 0, 0, 0, 0, 0, 0, 0, 0, 0, 0, 0, 0, 0, 0, 0, 0, 0, 0, 0, 0, 0, 0, 0, 0, 0, 0, 0, 0, 0, 0, 0, 0, 0, 0, 0, 0, 0, 0, 0, 0, 0, 0, 0, 0, 0, 0, 0, 0, 0, 0, 0, 0, 0, 0, 0, 0, 0, 0, 0, 0, 0, 0, 0, 0, 0, 0, 0, 0, 0, 0, 0, 0, 0, 0, 0, 0, 0, 0, 0, 0, 0, 0, 0, 0, 0, 0, 0, 0, 0, 0, 0, 0, 0, 0, 0, 0, 0, 0, 0, 0, 0, 0, 0, 0, 0, 0, 0, 0, 0, 0, 0, 0, 0, 0, 0, 0, 0, 0, 0, 0, 0, 0, 0, 0, 0, 0, 0, 0, 0, 0, 0, 0, 0, 0, 0, 0, 0, 0, 0, 0, 0, 0, 0, 0, 0, 0, 0, 0, 0, 0, 0, 0, 0, 0, 0, 0, 0, 0, 0, 0, 0, 0, 0, 0, 0, 0, 0, 0, 0, 0, 0, 0, 0, 0, 0, 0, 0, 0, 0, 0, 0, 0, 0, 0, 0, 0, 0, 0, 0, 0, 0, 0, 0, 0, 0, 0, 0, 0, 0, 0, 0, 0, 0, 0, 0, 0, 0, 0, 0, 0, 0, 0, 0, 0, 0, 0, 0, 0, 0, 0, 0, 0, 0, 0, 0, 0, 0, 0, 0, 0, 0, 0, 0, 0, 0, 0, 0, 0, 0, 0, 0, 0, 0, 0, 0, 0, 0, 0, 0, 0, 0, 0, 0, 0, 0, 0, 0, 0, 0, 0, 0, 0, 0, 0, 0, 0, 0, 0, 0, 0, 0, 0, 0, 0, 0, 0, 0, 0, 0, 0, 0, 0, 0, 0, 0, 0, 0, 0, 0, 0, 0, 0, 0, 0, 0, 0, 0, 0, 0, 0, 0, 0, 0, 0, 0, 0, 0, 0, 0, 0, 0, 0, 0, 0, 0, 0, 0, 0, 0, 0, 0, 0, 0, 0, 0, 0, 0, 0, 0, 0, 0, 0, 0, 0, 0, 0, 0, 0, 0, 0, 0, 0, 0, 0, 0, 0, 0, 0, 0, 0, 0, 0, 0, 0, 0, 0, 0, 0, 0, 0, 0, 0, 0, 0, 0, 0, 0, 0, 0, 0, 0, 0, 0, 0, 0, 0, 0, 0, 0, 0, 0, 0, 0, 0, 0, 0, 0, 0, 0, 0, 0, 0, 0, 0, 0, 0, 0, 0, 0, 0, 0, 0, 0, 0, 0, 0, 0, 0, 0, 0, 0, 0, 0, 0, 0, 0, 0, 0, 0, 0, 0, 0, 0, 0, 0, 0, 0, 0, 0, 0, 0, 0, 0, 0, 0, 0, 0, 0, 0, 0, 0, 0, 0, 0, 0, 0, 0, 0, 0, 0, 0, 0, 0, 0, 0, 0, 0, 0, 0, 0, 0, 0, 0, 0, 0, 0, 0, 0, 0, 0, 0, 0, 0, 0, 0, 0, 0, 0, 0, 0, 0, 0, 0, 0, 0, 0, 0, 0, 0, 0, 0, 0, 0, 0, 0, 0, 0, 0, 0, 0, 0, 0, 0, 0, 0, 0, 0, 0, 0, 0, 0, 0, 0, 0, 0, 0, 0, 0, 0, 0, 0, 0, 0, 0, 0, 0, 0, 0, 0, 0, 0, 0, 0, 0, 0, 0, 0, 0, 0, 0, 0, 0, 0, 0, 0, 0, 0, 0, 0, 0, 0, 0, 0, 0, 0, 0, 0, 0, 0, 0, 0, 0, 0, 0, 0, 0, 0, 0, 0, 0, 0, 0, 0, 0, 0, 0, 0, 0, 0, 0, 0, 0, 0, 0, 0, 0, 0, 0, 0, 0, 0, 0, 0, 0, 0, 0, 0, 0, 0, 0, 0, 0, 0, 0, 0, 0, 0, 0, 0, 0, 0, 0, 0, 0, 0, 0, 0, 0, 0, 0, 0, 0, 0, 0, 0, 0, 0, 0, 0, 0, 0, 0, 0, 0, 0, 0, 0, 0, 0, 0, 0, 0, 0, 0, 0, 0, 0, 0, 0, 0, 0, 0, 0, 0, 0, 0, 0, 0, 0, 0, 0, 0, 0, 0, 0, 0, 0, 0, 0, 0, 0, 0, 0, 0, 0, 0, 0, 0, 0, 0, 0, 0, 0, 0, 0, 0, 0, 0, 0, 0, 0, 0, 0, 0, 0, 0, 0, 0, 0, 0, 0, 0, 0, 0, 0, 0, 0, 0, 0, 0, 0, 0, 0, 0, 0, 0, 0, 0, 0, 0, 0, 0, 0, 0, 0, 0, 0, 0, 0, 0, 0, 0, 0, 0, 0, 0, 0, 0, 0, 0, 0, 0, 0, 0, 0, 0, 0, 0, 0, 0, 0, 0, 0, 0, 0, 0, 0, 0, 0, 0, 0, 0, 0, 0, 0, 0, 0, 0, 0, 0, 0, 0, 0, 0, 0, 0, 0, 0, 0, 0, 0, 0, 0, 0, 0, 0, 0, 0, 0, 0, 0, 0, 0, 0, 0, 0, 0, 0, 0, 0, 0, 0, 0, 0, 0, 0, 0, 0, 0, 0, 0, 0, 0, 0, 0, 0, 0, 0, 0, 0, 0, 0, 0, 0, 0, 0, 0, 0, 0, 0, 0, 0, 0, 0, 0, 0, 0, 0, 0, 0, 0, 0, 0, 0, 0, 0, 0, 0, 0, 0, 0, 0, 0, 0, 0, 0, 0, 0, 0, 0, 0, 0, 0, 0, 0, 0, 0, 0, 0, 0, 0, 0, 0, 0, 0, 0, 0, 0, 0, 0, 0, 0, 0, 0, 0, 0, 0, 0, 0, 0, 0, 0, 0, 0, 0, 0, 0, 0, 0, 0, 0, 0, 0, 0, 0, 0, 0, 0, 0, 0, 0, 0, 0, 0, 0, 0, 0, 0, 0, 0, 0, 0, 0, 0, 0, 0, 0, 0, 0, 0, 0, 0, 0, 0, 0, 0, 0, 0, 0, 0, 0, 0, 0, 0, 0, 0, 0, 0, 0, 0, 0, 0, 0, 0, 0, 0, 0, 0, 0, 0, 0, 0, 0, 0, 0, 0, 0, 0, 0, 0, 0, 0, 0, 0, 0, 0, 0, 0, 0, 0, 0, 0, 0, 0, 0, 0, 0, 0, 0, 0, 0, 0, 0, 0, 0, 0, 0, 0, 0, 0, 0, 0, 0, 0, 0, 0, 0, 0, 0, 0, 0, 0, 0, 0, 0, 0, 0, 0, 0, 0, 0, 0, 0, 0, 0, 0, 0, 0, 0, 0, 0, 0, 0, 0, 0, 0, 0, 0, 0, 0, 0, 0, 0, 0, 0, 0, 0, 0, 0, 0, 0, 0, 0, 0, 0, 0, 0, 0, 0, 0, 0, 0, 0, 0, 0, 0, 0, 0, 0, 0, 0, 0, 0, 0, 0, 0, 0, 0, 0, 0, 0, 0, 0, 0, 0, 0, 0, 0, 0, 0, 0, 0, 0, 0, 0, 0, 0, 0, 0, 0, 0, 0, 0, 0, 0, 0, 0, 0, 0, 0, 0, 0, 0, 0, 0, 0, 0, 0, 0, 0, 0, 0, 0, 0, 0, 0, 0, 0, 0, 0, 0, 0, 0, 0, 0, 0, 0, 0, 0, 0, 0, 0, 0, 0, 0, 0, 0, 0, 0, 0, 0, 0, 0, 0, 0, 0, 0, 0, 0, 0, 0, 0, 0, 0, 0, 0, 0, 0, 0, 0, 0, 0, 0, 0, 0, 0, 0, 0, 0, 0, 0, 0, 0, 0, 0, 0, 0, 0, 0, 0, 0, 0, 0, 0, 0, 0, 0, 0, 0, 0, 0, 0, 0, 0, 0, 0, 0, 0, 0, 0, 0, 0, 0, 0, 0, 0, 0, 0, 0, 0, 0, 0, 0, 0, 0, 0, 0, 0, 0, 0, 0, 0, 0, 0, 0, 0, 0, 0, 0, 0, 0, 0, 0, 0, 0, 0, 0, 0, 0, 0, 0, 0, 0, 0, 0, 0, 0, 0, 0, 0, 0, 0, 0, 0, 0, 0, 0, 0, 0, 0, 0, 0, 0, 0, 0, 0, 0, 0, 0, 0, 0, 0, 0, 0, 0, 0, 0, 0, 0, 0, 0, 0, 0, 0, 0, 0, 0, 0, 0, 0, 0, 0, 0, 0, 0, 0, 0, 0, 0, 0, 0, 0, 0, 0, 0, 0, 0, 0, 0, 0, 0, 0, 0, 0, 0, 0, 0, 0, 0, 0, 0, 0, 0, 0, 0, 0, 0, 0, 0, 0, 0, 0, 0, 0, 0, 0, 0, 0, 0, 0, 0, 0, 0, 0, 0, 0, 0, 0, 0, 0, 0, 0, 0, 0, 0, 0, 0, 0, 0, 0, 0, 0, 0, 0, 0, 0, 0, 0, 0, 0, 0, 0, 0, 0, 0, 0, 0, 0, 0, 0, 0, 0, 0, 0, 0, 0, 0, 0, 0, 0, 0, 0, 0, 0, 0, 0, 0, 0, 0, 0, 0, 0, 0, 0, 0, 0, 0, 0, 0, 0, 0, 0, 0, 0, 0, 0, 0, 0, 0, 0, 0, 0, 0, 0, 0, 0, 0, 0, 0, 0, 0, 0, 0, 0, 0, 0, 0, 0, 0, 0, 0, 0, 0, 0, 0, 0, 0, 0, 0, 0, 0, 0, 0, 0, 0, 0, 0, 0, 0, 0, 0, 0, 0, 0, 0, 0, 0, 0, 0, 0, 0, 0, 0, 0, 0, 0, 0, 0, 0, 0, 0, 0, 0, 0, 0, 0, 0, 0, 0, 0, 0, 0, 0, 0, 0, 0, 0, 0, 0, 0, 0, 0, 0, 0, 0, 0, 0, 0, 0, 0, 0, 0, 0, 0, 0, 0, 0, 0, 0, 0, 0, 0, 0, 0, 0, 0, 0, 0, 0, 0, 0, 0, 0, 0, 0, 0, 0, 0, 0, 0, 0, 0, 0, 0, 0, 0, 0, 0, 0, 0, 0, 0, 0, 0, 0, 0, 0, 0, 0, 0, 0, 0, 0, 0, 0, 0, 0, 0, 0, 0, 0, 0, 0, 0, 0, 0, 0, 0, 0, 0, 0, 0, 0, 0, 0, 0, 0, 0, 0, 0, 0, 0, 0, 0, 0, 0, 0, 0, 0, 0, 0, 0, 0, 0, 0, 0, 0, 0, 0, 0, 0, 0, 0, 0, 0, 0, 0, 0, 0, 0, 0, 0, 0, 0, 0, 0, 0, 0, 0, 0, 0, 0, 0, 0, 0, 0, 0, 0, 0, 0, 0, 0, 0, 0, 0, 0, 0, 0, 0, 0, 0, 0, 0, 0, 0, 0, 0, 0, 0, 0, 0, 0, 0, 0, 0, 0, 0, 0, 0, 0, 0, 0, 0, 0, 0, 0, 0, 0, 0, 0, 0, 0, 0, 0, 0, 0, 0, 0, 0, 0, 0, 0, 0, 0, 0, 0, 0, 0, 0, 0, 0, 0, 0, 0, 0, 0, 0, 0, 0, 0, 0, 0, 0, 0, 0, 0, 0, 0, 0, 0, 0, 0, 0, 0, 0, 0, 0, 0, 0, 0, 0, 0, 0, 0, 0, 0, 0, 0, 0, 0, 0, 0, 0, 0, 0, 0, 0, 0, 0, 0, 0, 0, 0, 0, 0, 0, 0, 0, 0, 0, 0, 0, 0, 0, 0, 0, 0, 0, 0, 0, 0, 0, 0, 0, 0, 0, 0, 0, 0, 0, 0, 0, 0, 0, 0, 0, 0, 0, 0, 0, 0, 0, 0, 0, 0, 0, 0, 0, 0, 0, 0, 0, 0, 0, 0, 0, 0, 0, 0, 0, 0, 0, 0, 0, 0, 0, 0, 0, 0, 0, 0, 0, 0, 0, 0, 0, 0, 0, 0, 0, 0, 0, 0, 0, 0, 0, 0, 0, 0, 0, 0, 0, 0, 0, 0, 0, 0, 0, 0, 0, 0, 0, 0, 0, 0, 0, 0, 0, 0, 0, 0, 0, 0, 0, 0, 0, 0, 0, 0, 0, 0, 0, 0, 0, 0, 0, 0, 0, 0, 0, 0, 0, 0, 0, 0, 0, 0, 0, 0, 0, 0, 0, 0, 0, 0, 0, 0, 0, 0, 0, 0, 0, 0, 0, 0, 0, 0, 0, 0, 0, 0, 0, 0, 0, 0, 0, 0, 0, 0, 0, 0, 0, 0, 0, 0, 0, 0, 0, 0, 0, 0, 0, 0, 0, 0, 0, 0, 0, 0, 0, 0, 0, 0, 0, 0, 0, 0, 0, 0, 0, 0, 0, 0, 0, 0, 0, 0, 0, 0, 0, 0, 0, 0, 0, 0, 0, 0, 0, 0, 0, 0, 0, 0, 0, 0, 0, 0, 0, 0, 0, 0, 0, 0, 0, 0, 0, 0, 0, 0, 0, 0, 0, 0, 0, 0, 0, 0, 0, 0, 0, 0, 0, 0, 0, 0, 0, 0, 0, 0, 0, 0, 0, 0, 0, 0, 0, 0, 0, 0, 0, 0, 0, 0, 0, 0, 0, 0, 0, 0, 0, 0, 0, 0, 0, 0, 0, 0, 0, 0, 0, 0, 0, 0, 0, 0, 0, 0, 0, 0, 0, 0, 0, 0, 0, 0, 0, 0, 0, 0, 0, 0, 0, 0, 0, 0, 0, 0, 0, 0, 0, 0, 0, 0, 0, 0, 0, 0, 0, 0, 0, 0, 0, 0, 0, 0, 0, 0, 0, 0, 0, 0, 0, 0, 0, 0, 0, 0, 0, 0, 0, 0, 0, 0, 0, 0, 0, 0, 0, 0, 0, 0, 0, 0, 0, 0, 0, 0, 0, 0, 0, 0, 0, 0, 0, 0, 0, 0, 0, 0, 0, 0, 0, 0, 0, 0, 0, 0, 0, 0, 0, 0, 0, 0, 0, 0, 0, 0, 0, 0, 0, 0, 0, 0, 0, 0, 0, 0, 0, 0, 0, 0, 0, 0, 0, 0, 0, 0, 0, 0, 0, 0, 0, 0, 0, 0, 0, 0, 0, 0, 0, 0, 0, 0, 0, 0, 0, 0, 0, 0, 0, 0, 0, 0, 0, 0, 0, 0, 0, 0, 0, 0, 0, 0, 0, 0, 0, 0, 0, 0, 0, 0, 0, 0, 0, 0, 0, 0, 0, 0, 0, 0, 0, 0, 0, 0, 0, 0, 0, 0, 0, 0, 0, 0, 0, 0, 0, 0, 0, 0, 0, 0, 0, 0, 0, 0, 0, 0, 0, 0, 0, 0, 0, 0, 0, 0, 0, 0, 0, 0, 0, 0, 0, 0, 0, 0, 0, 0, 0, 0, 0, 0, 0, 0, 0, 0, 0, 0, 0, 0, 0, 0, 0, 0, 0, 0, 0, 0, 0, 0, 0, 0, 0, 0, 0, 0, 0, 0, 0, 0, 0, 0, 0, 0, 0, 0, 0, 0, 0, 0, 0, 0, 0, 0, 0, 0, 0, 0, 0, 0, 0, 0, 0, 0, 0, 0, 0, 0, 0, 0, 0, 0, 0, 0, 0, 0, 0, 0, 0, 0, 0, 0, 0, 0, 0, 0, 0, 0, 0, 0, 0, 0, 0, 0, 0, 0, 0, 0, 0, 0, 0, 0, 0, 0, 0, 0, 0, 0, 0, 0, 0, 0, 0, 0, 0, 0, 0, 0, 0, 0, 0, 0, 0, 0, 0, 0, 0, 0, 0, 0, 0, 0, 0, 0, 0, 0, 0, 0, 0, 0, 0, 0, 0, 0, 0, 0, 0, 0, 0, 0, 0, 0, 0, 0, 0, 0, 0, 0, 0, 0, 0, 0, 0, 0, 0, 0, 0, 0, 0, 0, 0, 0, 0, 0, 0, 0, 0, 0, 0, 0, 0, 0, 0, 0, 0, 0, 0, 0, 0, 0, 0, 0, 0, 0, 0, 0, 0, 0, 0, 0, 0, 0, 0, 0, 0, 0, 0, 0, 0, 0, 0, 0, 0, 0, 0, 0, 0, 0, 0, 0, 0, 0, 0, 0, 0, 0, 0, 0, 0, 0, 0, 0, 0, 0, 0, 0, 0, 0, 0, 0, 0, 0, 0, 0, 0, 0, 0, 0, 0, 0, 0, 0, 0, 0, 0, 0, 0, 0, 0, 0, 0, 0, 0, 0, 0, 0, 0, 0, 0, 0, 0, 0, 0, 0, 0, 0, 0, 0, 0, 0, 0, 0, 0, 0, 0, 0, 0, 0, 0, 0, 0, 0, 0, 0, 0, 0, 0, 0, 0, 0, 0, 0, 0, 0, 0, 0, 0, 0, 0, 0, 0, 0, 0, 0, 0, 0, 0, 0, 0, 0, 0, 0, 0, 0, 0, 0, 0, 0, 0, 0, 0, 0, 0, 0, 0, 0, 0, 0, 0, 0, 0, 0, 0, 0, 0, 0, 0, 0, 0, 0, 0, 0, 0, 0, 0, 0, 0, 0, 0, 0, 0, 0, 0, 0, 0, 0, 0, 0, 0, 0, 0, 0, 0, 0, 0, 0, 0, 0, 0, 0, 0, 0, 0, 0, 0, 0, 0, 0, 0, 0, 0, 0, 0, 0, 0, 0, 0, 0, 0, 0, 0, 0, 0, 0, 0, 0, 0, 0, 0, 0, 0, 0, 0, 0, 0, 0, 0, 0, 0, 0, 0, 0, 0, 0, 0, 0, 0, 0, 0, 0, 0, 0, 0, 0, 0, 0, 0, 0, 0, 0, 0, 0, 0, 0, 0, 0, 0, 0, 0, 0, 0, 0, 0, 0, 0, 0, 0, 0, 0, 0, 0, 0, 0, 0, 0, 0, 0, 0, 0, 0, 0, 0, 0, 0, 0, 0, 0, 0, 0, 0, 0, 0, 0, 0, 0, 0, 0, 0, 0, 0, 0, 0, 0, 0, 0, 0, 0, 0, 0, 0, 0, 0, 0, 0, 0, 0, 0, 0, 0, 0, 0, 0, 0, 0, 0, 0, 0, 0, 0, 0, 0, 0, 0, 0, 0, 0, 0, 0, 0, 0, 0, 0, 0, 0, 0, 0, 0, 0, 0, 0, 0, 0, 0, 0, 0, 0, 0, 0, 0, 0, 0, 0, 0, 0, 0, 0, 0, 0, 0, 0, 0, 0, 0, 0, 0, 0, 0, 0, 0, 0, 0, 0, 0, 0, 0, 0, 0, 0, 0, 0, 0, 0, 0, 0, 0, 0, 0, 0, 0, 0, 0, 0, 0, 0, 0, 0, 0, 0, 0, 0, 0, 0, 0, 0, 0, 0, 0, 0, 0, 0, 0, 0, 0, 0, 0, 0, 0, 0, 0, 0, 0, 0, 0, 0, 0, 0, 0, 0, 0, 0, 0, 0, 0, 0, 0, 0, 0, 0, 0, 0, 0, 0, 0, 0, 0, 0, 0, 0, 0, 0, 0, 0, 0, 0, 0, 0, 0, 0, 0, 0, 0, 0, 0, 0, 0, 0, 0, 0, 0, 0, 0, 0, 0, 0, 0, 0, 0, 0, 0, 0, 0, 0, 0, 0, 0, 0, 0, 0, 0, 0, 0, 0, 0, 0, 0, 0, 0, 0, 0, 0, 0, 0, 0, 0, 0, 0, 0, 0, 0, 0, 0, 0, 0, 0, 0, 0, 0, 0, 0, 0, 0, 0, 0, 0, 0, 0, 0, 0, 0, 0, 0, 0, 0, 0, 0, 0, 0, 0, 0, 0, 0, 0, 0, 0, 0, 0, 0, 0, 0, 0, 0, 0, 0, 0, 0, 0, 0, 0, 0, 0, 0, 0, 0, 0, 0, 0, 0, 0, 0, 0, 0, 0, 0, 0, 0, 0, 0, 0, 0, 0, 0, 0, 0, 0, 0, 0, 0, 0, 0, 0, 0, 0, 0, 0, 0, 0, 0, 0, 0, 0, 0, 0, 0, 0, 0, 0, 0, 0, 0, 0, 0, 0, 0, 0, 0, 0, 0, 0, 0, 0, 0, 0, 0, 0, 0, 0, 0, 0, 0, 0, 0, 0, 0, 0, 0, 0, 0, 0, 0, 0, 0, 0, 0, 0, 0, 0, 0, 0, 0, 0, 0, 0, 0, 0, 0, 0, 0, 0, 0, 0, 0, 0, 0, 0, 0, 0, 0, 0, 0, 0, 0, 0, 0, 0, 0, 0, 0, 0, 0, 0]
    custom double[] data:red = [0.2, 0.21731827714781662, 0.23355978770229424, 0.2477147132016334, 0.2589029689365528, 0.26642892335489105, 0.2698246490622838, 0.2688790162811756, 0.2636508198777977, 0.2544651237821545, 0.24189305008727696, 0.22671626944366324, 0.20987840056419071, 0.19242634058289243, 0.1754451740617266, 0.15999070768803594, 0.14702382532844505, 0.13735074492399918, 0.13157289176344322, 0.13004950477172356, 0.1328753007735803, 0.13987458546013856, 0.15061217721007258, 0.16442046457505194, 0.18044091512607519, 0.19767745484167104, 0.2150583991661471, 0.23150308516464324, 0.24598906191031525, 0.2576156615308054, 0.2656599983742317, 0.26962191453778234, 0.26925507726363673, 0.2645822947167538, 0.2558940978836443, 0.24373067676279347, 0.22884829396692297, 0.21217226397663036, 0.19473942156767335, 0.17763365644644086, 0.1619185222377441, 0.14857110987166433, 0.13842129680198312, 0.13210014924555252, 0.13000068554145078, 0.1322534401742117, 0.13871834777181002, 0.1489934516920981, 0.16243989573996956, 0.1782216451513211, 0.19535746718541597, 0.2127819394241794, 0.22941169257786487, 0.24421276914027673, 0.2562649098586135, 0.2648187709966039, 0.2693425148986409, 0.2695548770792934, 0.26544265388672783, 0.2572615234418286, 0.2455201488109982, 0.23094855180035778, 0.21445272373564578, 0.19705829530968116, 0.2, 0.21731827714781662, 0.23355978770229424, 0.2477147132016334, 0.2589029689365528, 0.26642892335489105, 0.2698246490622838, 0.2688790162811756, 0.2636508198777977, 0.2544651237821545, 0.24189305008727696, 0.22671626944366324, 0.20987840056419071, 0.19242634058289243, 0.1754451740617266, 0.15999070768803594, 0.14702382532844505, 0.13735074492399918, 0.13157289176344322, 0.13004950477172356, 0.1328753007735803, 0.13987458546013856, 0.15061217721007258, 0.16442046457505194, 0.18044091512607519, 0.19767745484167104, 0.2150583991661471, 0.23150308516464324, 0.24598906191031525, 0.2576156615308054, 0.2656599983742317, 0.26962191453778234, 0.26925507726363673, 0.2645822947167538, 0.2558940978836443, 0.24373067676279347, 0.22884829396692297, 0.21217226397663036, 0.19473942156767335, 0.17763365644644086, 0.1619185222377441, 0.14857110987166433, 0.13842129680198312, 0.13210014924555252, 0.13000068554145078, 0.1322534401742117, 0.13871834777181002, 0.1489934516920981, 0.16243989573996956, 0.1782216451513211, 0.19535746718541597, 0.2127819394241794, 0.22941169257786487, 0.24421276914027673, 0.2562649098586135, 0.2648187709966039, 0.2693425148986409, 0.2695548770792934, 0.26544265388672783, 0.2572615234418286, 0.2455201488109982, 0.23094855180035778, 0.21445272373564578, 0.19705829530968116, 0.2, 0.21731827714781662, 0.23355978770229424, 0.2477147132016334, 0.2589029689365528, 0.26642892335489105, 0.2698246490622838, 0.2688790162811756, 0.2636508198777977, 0.2544651237821545, 0.24189305008727696, 0.22671626944366324, 0.20987840056419071, 0.19242634058289243, 0.1754451740617266, 0.15999070768803594, 0.14702382532844505, 0.13735074492399918, 0.13157289176344322, 0.13004950477172356, 0.1328753007735803, 0.13987458546013856, 0.15061217721007258, 0.16442046457505194, 0.18044091512607519, 0.19767745484167104, 0.2150583991661471, 0.23150308516464324, 0.24598906191031525, 0.2576156615308054, 0.2656599983742317, 0.26962191453778234, 0.26925507726363673, 0.2645822947167538, 0.2558940978836443, 0.24373067676279347, 0.22884829396692297, 0.21217226397663036, 0.19473942156767335, 0.17763365644644086, 0.1619185222377441, 0.14857110987166433, 0.13842129680198312, 0.13210014924555252, 0.13000068554145078, 0.1322534401742117, 0.13871834777181002, 0.1489934516920981, 0.16243989573996956, 0.1782216451513211, 0.19535746718541597, 0.2127819394241794, 0.22941169257786487, 0.24421276914027673, 0.2562649098586135, 0.2648187709966039, 0.2693425148986409, 0.2695548770792934, 0.26544265388672783, 0.2572615234418286, 0.2455201488109982, 0.23094855180035778, 0.21445272373564578, 0.19705829530968116, 0.2, 0.21731827714781662, 0.23355978770229424, 0.2477147132016334, 0.2589029689365528, 0.26642892335489105, 0.2698246490622838, 0.2688790162811756, 0.2636508198777977, 0.2544651237821545, 0.24189305008727696, 0.22671626944366324, 0.20987840056419071, 0.19242634058289243, 0.1754451740617266, 0.15999070768803594, 0.14702382532844505, 0.13735074492399918, 0.13157289176344322, 0.13004950477172356, 0.1328753007735803, 0.13987458546013856, 0.15061217721007258, 0.16442046457505194, 0.18044091512607519, 0.19767745484167104, 0.2150583991661471, 0.23150308516464324, 0.24598906191031525, 0.2576156615308054, 0.2656599983742317, 0.26962191453778234, 0.26925507726363673, 0.2645822947167538, 0.2558940978836443, 0.24373067676279347, 0.22884829396692297, 0.21217226397663036, 0.19473942156767335, 0.17763365644644086, 0.1619185222377441, 0.14857110987166433, 0.13842129680198312, 0.13210014924555252, 0.13000068554145078, 0.1322534401742117, 0.13871834777181002, 0.1489934516920981, 0.16243989573996956, 0.1782216451513211, 0.19535746718541597, 0.2127819394241794, 0.22941169257786487, 0.24421276914027673, 0.2562649098586135, 0.2648187709966039, 0.2693425148986409, 0.2695548770792934, 0.26544265388672783, 0.2572615234418286, 0.2455201488109982, 0.23094855180035778, 0.21445272373564578, 0.19705829530968116, 0.2, 0.21731827714781662, 0.23355978770229424, 0.2477147132016334, 0.2589029689365528, 0.26642892335489105, 0.2698246490622838, 0.2688790162811756, 0.2636508198777977, 0.2544651237821545, 0.24189305008727696, 0.22671626944366324, 0.20987840056419071, 0.19242634058289243, 0.1754451740617266, 0.15999070768803594, 0.14702382532844505, 0.13735074492399918, 0.13157289176344322, 0.13004950477172356, 0.1328753007735803, 0.13987458546013856, 0.15061217721007258, 0.16442046457505194, 0.18044091512607519, 0.19767745484167104, 0.2150583991661471, 0.23150308516464324, 0.24598906191031525, 0.2576156615308054, 0.2656599983742317, 0.26962191453778234, 0.26925507726363673, 0.2645822947167538, 0.2558940978836443, 0.24373067676279347, 0.22884829396692297, 0.21217226397663036, 0.19473942156767335, 0.17763365644644086, 0.1619185222377441, 0.14857110987166433, 0.13842129680198312, 0.13210014924555252, 0.13000068554145078, 0.1322534401742117, 0.13871834777181002, 0.1489934516920981, 0.16243989573996956, 0.1782216451513211, 0.19535746718541597, 0.2127819394241794, 0.22941169257786487, 0.24421276914027673, 0.2562649098586135, 0.2648187709966039, 0.2693425148986409, 0.2695548770792934, 0.26544265388672783, 0.2572615234418286, 0.2455201488109982, 0.23094855180035778, 0.21445272373564578, 0.19705829530968116, 0.2, 0.21731827714781662, 0.23355978770229424, 0.2477147132016334, 0.2589029689365528, 0.26642892335489105, 0.2698246490622838, 0.2688790162811756, 0.2636508198777977, 0.2544651237821545, 0.24189305008727696, 0.22671626944366324, 0.20987840056419071, 0.19242634058289243, 0.1754451740617266, 0.15999070768803594, 0.14702382532844505, 0.13735074492399918, 0.13157289176344322, 0.13004950477172356, 0.1328753007735803, 0.13987458546013856, 0.15061217721007258, 0.16442046457505194, 0.18044091512607519, 0.19767745484167104, 0.2150583991661471, 0.23150308516464324, 0.24598906191031525, 0.2576156615308054, 0.2656599983742317, 0.26962191453778234, 0.26925507726363673, 0.2645822947167538, 0.2558940978836443, 0.24373067676279347, 0.22884829396692297, 0.21217226397663036, 0.19473942156767335, 0.17763365644644086, 0.1619185222377441, 0.14857110987166433, 0.13842129680198312, 0.13210014924555252, 0.13000068554145078, 0.1322534401742117, 0.13871834777181002, 0.1489934516920981, 0.16243989573996956, 0.1782216451513211, 0.19535746718541597, 0.2127819394241794, 0.22941169257786487, 0.24421276914027673, 0.2562649098586135, 0.2648187709966039, 0.2693425148986409, 0.2695548770792934, 0.26544265388672783, 0.2572615234418286, 0.2455201488109982, 0.23094855180035778, 0.21445272373564578, 0.19705829530968116, 0.2, 0.21731827714781662, 0.23355978770229424, 0.2477147132016334, 0.2589029689365528, 0.26642892335489105, 0.2698246490622838, 0.2688790162811756, 0.2636508198777977, 0.2544651237821545, 0.24189305008727696, 0.22671626944366324, 0.20987840056419071, 0.19242634058289243, 0.1754451740617266, 0.15999070768803594, 0.14702382532844505, 0.13735074492399918, 0.13157289176344322, 0.13004950477172356, 0.1328753007735803, 0.13987458546013856, 0.15061217721007258, 0.16442046457505194, 0.18044091512607519, 0.19767745484167104, 0.2150583991661471, 0.23150308516464324, 0.24598906191031525, 0.2576156615308054, 0.2656599983742317, 0.26962191453778234, 0.26925507726363673, 0.2645822947167538, 0.2558940978836443, 0.24373067676279347, 0.22884829396692297, 0.21217226397663036, 0.19473942156767335, 0.17763365644644086, 0.1619185222377441, 0.14857110987166433, 0.13842129680198312, 0.13210014924555252, 0.13000068554145078, 0.1322534401742117, 0.13871834777181002, 0.1489934516920981, 0.16243989573996956, 0.1782216451513211, 0.19535746718541597, 0.2127819394241794, 0.22941169257786487, 0.24421276914027673, 0.2562649098586135, 0.2648187709966039, 0.2693425148986409, 0.2695548770792934, 0.26544265388672783, 0.2572615234418286, 0.2455201488109982, 0.23094855180035778, 0.21445272373564578, 0.19705829530968116, 0.2, 0.21731827714781662, 0.23355978770229424, 0.2477147132016334, 0.2589029689365528, 0.26642892335489105, 0.2698246490622838, 0.2688790162811756, 0.2636508198777977, 0.2544651237821545, 0.24189305008727696, 0.22671626944366324, 0.20987840056419071, 0.19242634058289243, 0.1754451740617266, 0.15999070768803594, 0.14702382532844505, 0.13735074492399918, 0.13157289176344322, 0.13004950477172356, 0.1328753007735803, 0.13987458546013856, 0.15061217721007258, 0.16442046457505194, 0.18044091512607519, 0.19767745484167104, 0.2150583991661471, 0.23150308516464324, 0.24598906191031525, 0.2576156615308054, 0.2656599983742317, 0.26962191453778234, 0.26925507726363673, 0.2645822947167538, 0.2558940978836443, 0.24373067676279347, 0.22884829396692297, 0.21217226397663036, 0.19473942156767335, 0.17763365644644086, 0.1619185222377441, 0.14857110987166433, 0.13842129680198312, 0.13210014924555252, 0.13000068554145078, 0.1322534401742117, 0.13871834777181002, 0.1489934516920981, 0.16243989573996956, 0.1782216451513211, 0.19535746718541597, 0.2127819394241794, 0.22941169257786487, 0.24421276914027673, 0.2562649098586135, 0.2648187709966039, 0.2693425148986409, 0.2695548770792934, 0.26544265388672783, 0.2572615234418286, 0.2455201488109982, 0.23094855180035778, 0.21445272373564578, 0.19705829530968116, 0.2, 0.21731827714781662, 0.23355978770229424, 0.2477147132016334, 0.2589029689365528, 0.26642892335489105, 0.2698246490622838, 0.2688790162811756, 0.2636508198777977, 0.2544651237821545, 0.24189305008727696, 0.22671626944366324, 0.20987840056419071, 0.19242634058289243, 0.1754451740617266, 0.15999070768803594, 0.14702382532844505, 0.13735074492399918, 0.13157289176344322, 0.13004950477172356, 0.1328753007735803, 0.13987458546013856, 0.15061217721007258, 0.16442046457505194, 0.18044091512607519, 0.19767745484167104, 0.2150583991661471, 0.23150308516464324, 0.24598906191031525, 0.2576156615308054, 0.2656599983742317, 0.26962191453778234, 0.26925507726363673, 0.2645822947167538, 0.2558940978836443, 0.24373067676279347, 0.22884829396692297, 0.21217226397663036, 0.19473942156767335, 0.17763365644644086, 0.1619185222377441, 0.14857110987166433, 0.13842129680198312, 0.13210014924555252, 0.13000068554145078, 0.1322534401742117, 0.13871834777181002, 0.1489934516920981, 0.16243989573996956, 0.1782216451513211, 0.19535746718541597, 0.2127819394241794, 0.22941169257786487, 0.24421276914027673, 0.2562649098586135, 0.2648187709966039, 0.2693425148986409, 0.2695548770792934, 0.26544265388672783, 0.2572615234418286, 0.2455201488109982, 0.23094855180035778, 0.21445272373564578, 0.19705829530968116, 0.2, 0.21731827714781662, 0.23355978770229424, 0.2477147132016334, 0.2589029689365528, 0.26642892335489105, 0.2698246490622838, 0.2688790162811756, 0.2636508198777977, 0.2544651237821545, 0.24189305008727696, 0.22671626944366324, 0.20987840056419071, 0.19242634058289243, 0.1754451740617266, 0.15999070768803594, 0.14702382532844505, 0.13735074492399918, 0.13157289176344322, 0.13004950477172356, 0.1328753007735803, 0.13987458546013856, 0.15061217721007258, 0.16442046457505194, 0.18044091512607519, 0.19767745484167104, 0.2150583991661471, 0.23150308516464324, 0.24598906191031525, 0.2576156615308054, 0.2656599983742317, 0.26962191453778234, 0.26925507726363673, 0.2645822947167538, 0.2558940978836443, 0.24373067676279347, 0.22884829396692297, 0.21217226397663036, 0.19473942156767335, 0.17763365644644086, 0.1619185222377441, 0.14857110987166433, 0.13842129680198312, 0.13210014924555252, 0.13000068554145078, 0.1322534401742117, 0.13871834777181002, 0.1489934516920981, 0.16243989573996956, 0.1782216451513211, 0.19535746718541597, 0.2127819394241794, 0.22941169257786487, 0.24421276914027673, 0.2562649098586135, 0.2648187709966039, 0.2693425148986409, 0.2695548770792934, 0.26544265388672783, 0.2572615234418286, 0.2455201488109982, 0.23094855180035778, 0.21445272373564578, 0.19705829530968116, 0.2, 0.21731827714781662, 0.23355978770229424, 0.2477147132016334, 0.2589029689365528, 0.26642892335489105, 0.2698246490622838, 0.2688790162811756, 0.2636508198777977, 0.2544651237821545, 0.24189305008727696, 0.22671626944366324, 0.20987840056419071, 0.19242634058289243, 0.1754451740617266, 0.15999070768803594, 0.14702382532844505, 0.13735074492399918, 0.13157289176344322, 0.13004950477172356, 0.1328753007735803, 0.13987458546013856, 0.15061217721007258, 0.16442046457505194, 0.18044091512607519, 0.19767745484167104, 0.2150583991661471, 0.23150308516464324, 0.24598906191031525, 0.2576156615308054, 0.2656599983742317, 0.26962191453778234, 0.26925507726363673, 0.2645822947167538, 0.2558940978836443, 0.24373067676279347, 0.22884829396692297, 0.21217226397663036, 0.19473942156767335, 0.17763365644644086, 0.1619185222377441, 0.14857110987166433, 0.13842129680198312, 0.13210014924555252, 0.13000068554145078, 0.1322534401742117, 0.13871834777181002, 0.1489934516920981, 0.16243989573996956, 0.1782216451513211, 0.19535746718541597, 0.2127819394241794, 0.22941169257786487, 0.24421276914027673, 0.2562649098586135, 0.2648187709966039, 0.2693425148986409, 0.2695548770792934, 0.26544265388672783, 0.2572615234418286, 0.2455201488109982, 0.23094855180035778, 0.21445272373564578, 0.19705829530968116, 0.2, 0.21731827714781662, 0.23355978770229424, 0.2477147132016334, 0.2589029689365528, 0.26642892335489105, 0.2698246490622838, 0.2688790162811756, 0.2636508198777977, 0.2544651237821545, 0.24189305008727696, 0.22671626944366324, 0.20987840056419071, 0.19242634058289243, 0.1754451740617266, 0.15999070768803594, 0.14702382532844505, 0.13735074492399918, 0.13157289176344322, 0.13004950477172356, 0.1328753007735803, 0.13987458546013856, 0.15061217721007258, 0.16442046457505194, 0.18044091512607519, 0.19767745484167104, 0.2150583991661471, 0.23150308516464324, 0.24598906191031525, 0.2576156615308054, 0.2656599983742317, 0.26962191453778234, 0.26925507726363673, 0.2645822947167538, 0.2558940978836443, 0.24373067676279347, 0.22884829396692297, 0.21217226397663036, 0.19473942156767335, 0.17763365644644086, 0.1619185222377441, 0.14857110987166433, 0.13842129680198312, 0.13210014924555252, 0.13000068554145078, 0.1322534401742117, 0.13871834777181002, 0.1489934516920981, 0.16243989573996956, 0.1782216451513211, 0.19535746718541597, 0.2127819394241794, 0.22941169257786487, 0.24421276914027673, 0.2562649098586135, 0.2648187709966039, 0.2693425148986409, 0.2695548770792934, 0.26544265388672783, 0.2572615234418286, 0.2455201488109982, 0.23094855180035778, 0.21445272373564578, 0.19705829530968116, 0.2, 0.21731827714781662, 0.23355978770229424, 0.2477147132016334, 0.2589029689365528, 0.26642892335489105, 0.2698246490622838, 0.2688790162811756, 0.2636508198777977, 0.2544651237821545, 0.24189305008727696, 0.22671626944366324, 0.20987840056419071, 0.19242634058289243, 0.1754451740617266, 0.15999070768803594, 0.14702382532844505, 0.13735074492399918, 0.13157289176344322, 0.13004950477172356, 0.1328753007735803, 0.13987458546013856, 0.15061217721007258, 0.16442046457505194, 0.18044091512607519, 0.19767745484167104, 0.2150583991661471, 0.23150308516464324, 0.24598906191031525, 0.2576156615308054, 0.2656599983742317, 0.26962191453778234, 0.26925507726363673, 0.2645822947167538, 0.2558940978836443, 0.24373067676279347, 0.22884829396692297, 0.21217226397663036, 0.19473942156767335, 0.17763365644644086, 0.1619185222377441, 0.14857110987166433, 0.13842129680198312, 0.13210014924555252, 0.13000068554145078, 0.1322534401742117, 0.13871834777181002, 0.1489934516920981, 0.16243989573996956, 0.1782216451513211, 0.19535746718541597, 0.2127819394241794, 0.22941169257786487, 0.24421276914027673, 0.2562649098586135, 0.2648187709966039, 0.2693425148986409, 0.2695548770792934, 0.26544265388672783, 0.2572615234418286, 0.2455201488109982, 0.23094855180035778, 0.21445272373564578, 0.19705829530968116, 0.2, 0.21731827714781662, 0.23355978770229424, 0.2477147132016334, 0.2589029689365528, 0.26642892335489105, 0.2698246490622838, 0.2688790162811756, 0.2636508198777977, 0.2544651237821545, 0.24189305008727696, 0.22671626944366324, 0.20987840056419071, 0.19242634058289243, 0.1754451740617266, 0.15999070768803594, 0.14702382532844505, 0.13735074492399918, 0.13157289176344322, 0.13004950477172356, 0.1328753007735803, 0.13987458546013856, 0.15061217721007258, 0.16442046457505194, 0.18044091512607519, 0.19767745484167104, 0.2150583991661471, 0.23150308516464324, 0.24598906191031525, 0.2576156615308054, 0.2656599983742317, 0.26962191453778234, 0.26925507726363673, 0.2645822947167538, 0.2558940978836443, 0.24373067676279347, 0.22884829396692297, 0.21217226397663036, 0.19473942156767335, 0.17763365644644086, 0.1619185222377441, 0.14857110987166433, 0.13842129680198312, 0.13210014924555252, 0.13000068554145078, 0.1322534401742117, 0.13871834777181002, 0.1489934516920981, 0.16243989573996956, 0.1782216451513211, 0.19535746718541597, 0.2127819394241794, 0.22941169257786487, 0.24421276914027673, 0.2562649098586135, 0.2648187709966039, 0.2693425148986409, 0.2695548770792934, 0.26544265388672783, 0.2572615234418286, 0.2455201488109982, 0.23094855180035778, 0.21445272373564578, 0.19705829530968116, 0.2, 0.21731827714781662, 0.23355978770229424, 0.2477147132016334, 0.2589029689365528, 0.26642892335489105, 0.2698246490622838, 0.2688790162811756, 0.2636508198777977, 0.2544651237821545, 0.24189305008727696, 0.22671626944366324, 0.20987840056419071, 0.19242634058289243, 0.1754451740617266, 0.15999070768803594, 0.14702382532844505, 0.13735074492399918, 0.13157289176344322, 0.13004950477172356, 0.1328753007735803, 0.13987458546013856, 0.15061217721007258, 0.16442046457505194, 0.18044091512607519, 0.19767745484167104, 0.2150583991661471, 0.23150308516464324, 0.24598906191031525, 0.2576156615308054, 0.2656599983742317, 0.26962191453778234, 0.26925507726363673, 0.2645822947167538, 0.2558940978836443, 0.24373067676279347, 0.22884829396692297, 0.21217226397663036, 0.19473942156767335, 0.17763365644644086, 0.1619185222377441, 0.14857110987166433, 0.13842129680198312, 0.13210014924555252, 0.13000068554145078, 0.1322534401742117, 0.13871834777181002, 0.1489934516920981, 0.16243989573996956, 0.1782216451513211, 0.19535746718541597, 0.2127819394241794, 0.22941169257786487, 0.24421276914027673, 0.2562649098586135, 0.2648187709966039, 0.2693425148986409, 0.2695548770792934, 0.26544265388672783, 0.2572615234418286, 0.2455201488109982, 0.23094855180035778, 0.21445272373564578, 0.19705829530968116, 0.2, 0.21731827714781662, 0.23355978770229424, 0.2477147132016334, 0.2589029689365528, 0.26642892335489105, 0.2698246490622838, 0.2688790162811756, 0.2636508198777977, 0.2544651237821545, 0.24189305008727696, 0.22671626944366324, 0.20987840056419071, 0.19242634058289243, 0.1754451740617266, 0.15999070768803594, 0.14702382532844505, 0.13735074492399918, 0.13157289176344322, 0.13004950477172356, 0.1328753007735803, 0.13987458546013856, 0.15061217721007258, 0.16442046457505194, 0.18044091512607519, 0.19767745484167104, 0.2150583991661471, 0.23150308516464324, 0.24598906191031525, 0.2576156615308054, 0.2656599983742317, 0.26962191453778234, 0.26925507726363673, 0.2645822947167538, 0.2558940978836443, 0.24373067676279347, 0.22884829396692297, 0.21217226397663036, 0.19473942156767335, 0.17763365644644086, 0.1619185222377441, 0.14857110987166433, 0.13842129680198312, 0.13210014924555252, 0.13000068554145078, 0.1322534401742117, 0.13871834777181002, 0.1489934516920981, 0.16243989573996956, 0.1782216451513211, 0.19535746718541597, 0.2127819394241794, 0.22941169257786487, 0.24421276914027673, 0.2562649098586135, 0.2648187709966039, 0.2693425148986409, 0.2695548770792934, 0.26544265388672783, 0.2572615234418286, 0.2455201488109982, 0.23094855180035778, 0.21445272373564578, 0.19705829530968116, 0.2, 0.21731827714781662, 0.23355978770229424, 0.2477147132016334, 0.2589029689365528, 0.26642892335489105, 0.2698246490622838, 0.2688790162811756, 0.2636508198777977, 0.2544651237821545, 0.24189305008727696, 0.22671626944366324, 0.20987840056419071, 0.19242634058289243, 0.1754451740617266, 0.15999070768803594, 0.14702382532844505, 0.13735074492399918, 0.13157289176344322, 0.13004950477172356, 0.1328753007735803, 0.13987458546013856, 0.15061217721007258, 0.16442046457505194, 0.18044091512607519, 0.19767745484167104, 0.2150583991661471, 0.23150308516464324, 0.24598906191031525, 0.2576156615308054, 0.2656599983742317, 0.26962191453778234, 0.26925507726363673, 0.2645822947167538, 0.2558940978836443, 0.24373067676279347, 0.22884829396692297, 0.21217226397663036, 0.19473942156767335, 0.17763365644644086, 0.1619185222377441, 0.14857110987166433, 0.13842129680198312, 0.13210014924555252, 0.13000068554145078, 0.1322534401742117, 0.13871834777181002, 0.1489934516920981, 0.16243989573996956, 0.1782216451513211, 0.19535746718541597, 0.2127819394241794, 0.22941169257786487, 0.24421276914027673, 0.2562649098586135, 0.2648187709966039, 0.2693425148986409, 0.2695548770792934, 0.26544265388672783, 0.2572615234418286, 0.2455201488109982, 0.23094855180035778, 0.21445272373564578, 0.19705829530968116, 0.2, 0.21731827714781662, 0.23355978770229424, 0.2477147132016334, 0.2589029689365528, 0.26642892335489105, 0.2698246490622838, 0.2688790162811756, 0.2636508198777977, 0.2544651237821545, 0.24189305008727696, 0.22671626944366324, 0.20987840056419071, 0.19242634058289243, 0.1754451740617266, 0.15999070768803594, 0.14702382532844505, 0.13735074492399918, 0.13157289176344322, 0.13004950477172356, 0.1328753007735803, 0.13987458546013856, 0.15061217721007258, 0.16442046457505194, 0.18044091512607519, 0.19767745484167104, 0.2150583991661471, 0.23150308516464324, 0.24598906191031525, 0.2576156615308054, 0.2656599983742317, 0.26962191453778234, 0.26925507726363673, 0.2645822947167538, 0.2558940978836443, 0.24373067676279347, 0.22884829396692297, 0.21217226397663036, 0.19473942156767335, 0.17763365644644086, 0.1619185222377441, 0.14857110987166433, 0.13842129680198312, 0.13210014924555252, 0.13000068554145078, 0.1322534401742117, 0.13871834777181002, 0.1489934516920981, 0.16243989573996956, 0.1782216451513211, 0.19535746718541597, 0.2127819394241794, 0.22941169257786487, 0.24421276914027673, 0.2562649098586135, 0.2648187709966039, 0.2693425148986409, 0.2695548770792934, 0.26544265388672783, 0.2572615234418286, 0.2455201488109982, 0.23094855180035778, 0.21445272373564578, 0.19705829530968116, 0.2, 0.21731827714781662, 0.23355978770229424, 0.2477147132016334, 0.2589029689365528, 0.26642892335489105, 0.2698246490622838, 0.2688790162811756, 0.2636508198777977, 0.2544651237821545, 0.24189305008727696, 0.22671626944366324, 0.20987840056419071, 0.19242634058289243, 0.1754451740617266, 0.15999070768803594, 0.14702382532844505, 0.13735074492399918, 0.13157289176344322, 0.13004950477172356, 0.1328753007735803, 0.13987458546013856, 0.15061217721007258, 0.16442046457505194, 0.18044091512607519, 0.19767745484167104, 0.2150583991661471, 0.23150308516464324, 0.24598906191031525, 0.2576156615308054, 0.2656599983742317, 0.26962191453778234, 0.26925507726363673, 0.2645822947167538, 0.2558940978836443, 0.24373067676279347, 0.22884829396692297, 0.21217226397663036, 0.19473942156767335, 0.17763365644644086, 0.1619185222377441, 0.14857110987166433, 0.13842129680198312, 0.13210014924555252, 0.13000068554145078, 0.1322534401742117, 0.13871834777181002, 0.1489934516920981, 0.16243989573996956, 0.1782216451513211, 0.19535746718541597, 0.2127819394241794, 0.22941169257786487, 0.24421276914027673, 0.2562649098586135, 0.2648187709966039, 0.2693425148986409, 0.2695548770792934, 0.26544265388672783, 0.2572615234418286, 0.2455201488109982, 0.23094855180035778, 0.21445272373564578, 0.19705829530968116, 0.2, 0.21731827714781662, 0.23355978770229424, 0.2477147132016334, 0.2589029689365528, 0.26642892335489105, 0.2698246490622838, 0.2688790162811756, 0.2636508198777977, 0.2544651237821545, 0.24189305008727696, 0.22671626944366324, 0.20987840056419071, 0.19242634058289243, 0.1754451740617266, 0.15999070768803594, 0.14702382532844505, 0.13735074492399918, 0.13157289176344322, 0.13004950477172356, 0.1328753007735803, 0.13987458546013856, 0.15061217721007258, 0.16442046457505194, 0.18044091512607519, 0.19767745484167104, 0.2150583991661471, 0.23150308516464324, 0.24598906191031525, 0.2576156615308054, 0.2656599983742317, 0.26962191453778234, 0.26925507726363673, 0.2645822947167538, 0.2558940978836443, 0.24373067676279347, 0.22884829396692297, 0.21217226397663036, 0.19473942156767335, 0.17763365644644086, 0.1619185222377441, 0.14857110987166433, 0.13842129680198312, 0.13210014924555252, 0.13000068554145078, 0.1322534401742117, 0.13871834777181002, 0.1489934516920981, 0.16243989573996956, 0.1782216451513211, 0.19535746718541597, 0.2127819394241794, 0.22941169257786487, 0.24421276914027673, 0.2562649098586135, 0.2648187709966039, 0.2693425148986409, 0.2695548770792934, 0.26544265388672783, 0.2572615234418286, 0.2455201488109982, 0.23094855180035778, 0.21445272373564578, 0.19705829530968116, 0.2, 0.21731827714781662, 0.23355978770229424, 0.2477147132016334, 0.2589029689365528, 0.26642892335489105, 0.2698246490622838, 0.2688790162811756, 0.2636508198777977, 0.2544651237821545, 0.24189305008727696, 0.22671626944366324, 0.20987840056419071, 0.19242634058289243, 0.1754451740617266, 0.15999070768803594, 0.14702382532844505, 0.13735074492399918, 0.13157289176344322, 0.13004950477172356, 0.1328753007735803, 0.13987458546013856, 0.15061217721007258, 0.16442046457505194, 0.18044091512607519, 0.19767745484167104, 0.2150583991661471, 0.23150308516464324, 0.24598906191031525, 0.2576156615308054, 0.2656599983742317, 0.26962191453778234, 0.26925507726363673, 0.2645822947167538, 0.2558940978836443, 0.24373067676279347, 0.22884829396692297, 0.21217226397663036, 0.19473942156767335, 0.17763365644644086, 0.1619185222377441, 0.14857110987166433, 0.13842129680198312, 0.13210014924555252, 0.13000068554145078, 0.1322534401742117, 0.13871834777181002, 0.1489934516920981, 0.16243989573996956, 0.1782216451513211, 0.19535746718541597, 0.2127819394241794, 0.22941169257786487, 0.24421276914027673, 0.2562649098586135, 0.2648187709966039, 0.2693425148986409, 0.2695548770792934, 0.26544265388672783, 0.2572615234418286, 0.2455201488109982, 0.23094855180035778, 0.21445272373564578, 0.19705829530968116, 0.2, 0.21731827714781662, 0.23355978770229424, 0.2477147132016334, 0.2589029689365528, 0.26642892335489105, 0.2698246490622838, 0.2688790162811756, 0.2636508198777977, 0.2544651237821545, 0.24189305008727696, 0.22671626944366324, 0.20987840056419071, 0.19242634058289243, 0.1754451740617266, 0.15999070768803594, 0.14702382532844505, 0.13735074492399918, 0.13157289176344322, 0.13004950477172356, 0.1328753007735803, 0.13987458546013856, 0.15061217721007258, 0.16442046457505194, 0.18044091512607519, 0.19767745484167104, 0.2150583991661471, 0.23150308516464324, 0.24598906191031525, 0.2576156615308054, 0.2656599983742317, 0.26962191453778234, 0.26925507726363673, 0.2645822947167538, 0.2558940978836443, 0.24373067676279347, 0.22884829396692297, 0.21217226397663036, 0.19473942156767335, 0.17763365644644086, 0.1619185222377441, 0.14857110987166433, 0.13842129680198312, 0.13210014924555252, 0.13000068554145078, 0.1322534401742117, 0.13871834777181002, 0.1489934516920981, 0.16243989573996956, 0.1782216451513211, 0.19535746718541597, 0.2127819394241794, 0.22941169257786487, 0.24421276914027673, 0.2562649098586135, 0.2648187709966039, 0.2693425148986409, 0.2695548770792934, 0.26544265388672783, 0.2572615234418286, 0.2455201488109982, 0.23094855180035778, 0.21445272373564578, 0.19705829530968116, 0.2, 0.21731827714781662, 0.23355978770229424, 0.2477147132016334, 0.2589029689365528, 0.26642892335489105, 0.2698246490622838, 0.2688790162811756, 0.2636508198777977, 0.2544651237821545, 0.24189305008727696, 0.22671626944366324, 0.20987840056419071, 0.19242634058289243, 0.1754451740617266, 0.15999070768803594, 0.14702382532844505, 0.13735074492399918, 0.13157289176344322, 0.13004950477172356, 0.1328753007735803, 0.13987458546013856, 0.15061217721007258, 0.16442046457505194, 0.18044091512607519, 0.19767745484167104, 0.2150583991661471, 0.23150308516464324, 0.24598906191031525, 0.2576156615308054, 0.2656599983742317, 0.26962191453778234, 0.26925507726363673, 0.2645822947167538, 0.2558940978836443, 0.24373067676279347, 0.22884829396692297, 0.21217226397663036, 0.19473942156767335, 0.17763365644644086, 0.1619185222377441, 0.14857110987166433, 0.13842129680198312, 0.13210014924555252, 0.13000068554145078, 0.1322534401742117, 0.13871834777181002, 0.1489934516920981, 0.16243989573996956, 0.1782216451513211, 0.19535746718541597, 0.2127819394241794, 0.22941169257786487, 0.24421276914027673, 0.2562649098586135, 0.2648187709966039, 0.2693425148986409, 0.2695548770792934, 0.26544265388672783, 0.2572615234418286, 0.2455201488109982, 0.23094855180035778, 0.21445272373564578, 0.19705829530968116, 0.2, 0.21731827714781662, 0.23355978770229424, 0.2477147132016334, 0.2589029689365528, 0.26642892335489105, 0.2698246490622838, 0.2688790162811756, 0.2636508198777977, 0.2544651237821545, 0.24189305008727696, 0.22671626944366324, 0.20987840056419071, 0.19242634058289243, 0.1754451740617266, 0.15999070768803594, 0.14702382532844505, 0.13735074492399918, 0.13157289176344322, 0.13004950477172356, 0.1328753007735803, 0.13987458546013856, 0.15061217721007258, 0.16442046457505194, 0.18044091512607519, 0.19767745484167104, 0.2150583991661471, 0.23150308516464324, 0.24598906191031525, 0.2576156615308054, 0.2656599983742317, 0.26962191453778234, 0.26925507726363673, 0.2645822947167538, 0.2558940978836443, 0.24373067676279347, 0.22884829396692297, 0.21217226397663036, 0.19473942156767335, 0.17763365644644086, 0.1619185222377441, 0.14857110987166433, 0.13842129680198312, 0.13210014924555252, 0.13000068554145078, 0.1322534401742117, 0.13871834777181002, 0.1489934516920981, 0.16243989573996956, 0.1782216451513211, 0.19535746718541597, 0.2127819394241794, 0.22941169257786487, 0.24421276914027673, 0.2562649098586135, 0.2648187709966039, 0.2693425148986409, 0.2695548770792934, 0.26544265388672783, 0.2572615234418286, 0.2455201488109982, 0.23094855180035778, 0.21445272373564578, 0.19705829530968116, 0.2, 0.21731827714781662, 0.23355978770229424, 0.2477147132016334, 0.2589029689365528, 0.26642892335489105, 0.2698246490622838, 0.2688790162811756, 0.2636508198777977, 0.2544651237821545, 0.24189305008727696, 0.22671626944366324, 0.20987840056419071, 0.19242634058289243, 0.1754451740617266, 0.15999070768803594, 0.14702382532844505, 0.13735074492399918, 0.13157289176344322, 0.13004950477172356, 0.1328753007735803, 0.13987458546013856, 0.15061217721007258, 0.16442046457505194, 0.18044091512607519, 0.19767745484167104, 0.2150583991661471, 0.23150308516464324, 0.24598906191031525, 0.2576156615308054, 0.2656599983742317, 0.26962191453778234, 0.26925507726363673, 0.2645822947167538, 0.2558940978836443, 0.24373067676279347, 0.22884829396692297, 0.21217226397663036, 0.19473942156767335, 0.17763365644644086, 0.1619185222377441, 0.14857110987166433, 0.13842129680198312, 0.13210014924555252, 0.13000068554145078, 0.1322534401742117, 0.13871834777181002, 0.1489934516920981, 0.16243989573996956, 0.1782216451513211, 0.19535746718541597, 0.2127819394241794, 0.22941169257786487, 0.24421276914027673, 0.2562649098586135, 0.2648187709966039, 0.2693425148986409, 0.2695548770792934, 0.26544265388672783, 0.2572615234418286, 0.2455201488109982, 0.23094855180035778, 0.21445272373564578, 0.19705829530968116, 0.2, 0.21731827714781662, 0.23355978770229424, 0.2477147132016334, 0.2589029689365528, 0.26642892335489105, 0.2698246490622838, 0.2688790162811756, 0.2636508198777977, 0.2544651237821545, 0.24189305008727696, 0.22671626944366324, 0.20987840056419071, 0.19242634058289243, 0.1754451740617266, 0.15999070768803594, 0.14702382532844505, 0.13735074492399918, 0.13157289176344322, 0.13004950477172356, 0.1328753007735803, 0.13987458546013856, 0.15061217721007258, 0.16442046457505194, 0.18044091512607519, 0.19767745484167104, 0.2150583991661471, 0.23150308516464324, 0.24598906191031525, 0.2576156615308054, 0.2656599983742317, 0.26962191453778234, 0.26925507726363673, 0.2645822947167538, 0.2558940978836443, 0.24373067676279347, 0.22884829396692297, 0.21217226397663036, 0.19473942156767335, 0.17763365644644086, 0.1619185222377441, 0.14857110987166433, 0.13842129680198312, 0.13210014924555252, 0.13000068554145078, 0.1322534401742117, 0.13871834777181002, 0.1489934516920981, 0.16243989573996956, 0.1782216451513211, 0.19535746718541597, 0.2127819394241794, 0.22941169257786487, 0.24421276914027673, 0.2562649098586135, 0.2648187709966039, 0.2693425148986409, 0.2695548770792934, 0.26544265388672783, 0.2572615234418286, 0.2455201488109982, 0.23094855180035778, 0.21445272373564578, 0.19705829530968116, 0.2, 0.21731827714781662, 0.23355978770229424, 0.2477147132016334, 0.2589029689365528, 0.26642892335489105, 0.2698246490622838, 0.2688790162811756, 0.2636508198777977, 0.2544651237821545, 0.24189305008727696, 0.22671626944366324, 0.20987840056419071, 0.19242634058289243, 0.1754451740617266, 0.15999070768803594, 0.14702382532844505, 0.13735074492399918, 0.13157289176344322, 0.13004950477172356, 0.1328753007735803, 0.13987458546013856, 0.15061217721007258, 0.16442046457505194, 0.18044091512607519, 0.19767745484167104, 0.2150583991661471, 0.23150308516464324, 0.24598906191031525, 0.2576156615308054, 0.2656599983742317, 0.26962191453778234, 0.26925507726363673, 0.2645822947167538, 0.2558940978836443, 0.24373067676279347, 0.22884829396692297, 0.21217226397663036, 0.19473942156767335, 0.17763365644644086, 0.1619185222377441, 0.14857110987166433, 0.13842129680198312, 0.13210014924555252, 0.13000068554145078, 0.1322534401742117, 0.13871834777181002, 0.1489934516920981, 0.16243989573996956, 0.1782216451513211, 0.19535746718541597, 0.2127819394241794, 0.22941169257786487, 0.24421276914027673, 0.2562649098586135, 0.2648187709966039, 0.2693425148986409, 0.2695548770792934, 0.26544265388672783, 0.2572615234418286, 0.2455201488109982, 0.23094855180035778, 0.21445272373564578, 0.19705829530968116, 0.2, 0.21731827714781662, 0.23355978770229424, 0.2477147132016334, 0.2589029689365528, 0.26642892335489105, 0.2698246490622838, 0.2688790162811756, 0.2636508198777977, 0.2544651237821545, 0.24189305008727696, 0.22671626944366324, 0.20987840056419071, 0.19242634058289243, 0.1754451740617266, 0.15999070768803594, 0.14702382532844505, 0.13735074492399918, 0.13157289176344322, 0.13004950477172356, 0.1328753007735803, 0.13987458546013856, 0.15061217721007258, 0.16442046457505194, 0.18044091512607519, 0.19767745484167104, 0.2150583991661471, 0.23150308516464324, 0.24598906191031525, 0.2576156615308054, 0.2656599983742317, 0.26962191453778234, 0.26925507726363673, 0.2645822947167538, 0.2558940978836443, 0.24373067676279347, 0.22884829396692297, 0.21217226397663036, 0.19473942156767335, 0.17763365644644086, 0.1619185222377441, 0.14857110987166433, 0.13842129680198312, 0.13210014924555252, 0.13000068554145078, 0.1322534401742117, 0.13871834777181002, 0.1489934516920981, 0.16243989573996956, 0.1782216451513211, 0.19535746718541597, 0.2127819394241794, 0.22941169257786487, 0.24421276914027673, 0.2562649098586135, 0.2648187709966039, 0.2693425148986409, 0.2695548770792934, 0.26544265388672783, 0.2572615234418286, 0.2455201488109982, 0.23094855180035778, 0.21445272373564578, 0.19705829530968116, 0.2, 0.21731827714781662, 0.23355978770229424, 0.2477147132016334, 0.2589029689365528, 0.26642892335489105, 0.2698246490622838, 0.2688790162811756, 0.2636508198777977, 0.2544651237821545, 0.24189305008727696, 0.22671626944366324, 0.20987840056419071, 0.19242634058289243, 0.1754451740617266, 0.15999070768803594, 0.14702382532844505, 0.13735074492399918, 0.13157289176344322, 0.13004950477172356, 0.1328753007735803, 0.13987458546013856, 0.15061217721007258, 0.16442046457505194, 0.18044091512607519, 0.19767745484167104, 0.2150583991661471, 0.23150308516464324, 0.24598906191031525, 0.2576156615308054, 0.2656599983742317, 0.26962191453778234, 0.26925507726363673, 0.2645822947167538, 0.2558940978836443, 0.24373067676279347, 0.22884829396692297, 0.21217226397663036, 0.19473942156767335, 0.17763365644644086, 0.1619185222377441, 0.14857110987166433, 0.13842129680198312, 0.13210014924555252, 0.13000068554145078, 0.1322534401742117, 0.13871834777181002, 0.1489934516920981, 0.16243989573996956, 0.1782216451513211, 0.19535746718541597, 0.2127819394241794, 0.22941169257786487, 0.24421276914027673, 0.2562649098586135, 0.2648187709966039, 0.2693425148986409, 0.2695548770792934, 0.26544265388672783, 0.2572615234418286, 0.2455201488109982, 0.23094855180035778, 0.21445272373564578, 0.19705829530968116, 0.2, 0.21731827714781662, 0.23355978770229424, 0.2477147132016334, 0.2589029689365528, 0.26642892335489105, 0.2698246490622838, 0.2688790162811756, 0.2636508198777977, 0.2544651237821545, 0.24189305008727696, 0.22671626944366324, 0.20987840056419071, 0.19242634058289243, 0.1754451740617266, 0.15999070768803594, 0.14702382532844505, 0.13735074492399918, 0.13157289176344322, 0.13004950477172356, 0.1328753007735803, 0.13987458546013856, 0.15061217721007258, 0.16442046457505194, 0.18044091512607519, 0.19767745484167104, 0.2150583991661471, 0.23150308516464324, 0.24598906191031525, 0.2576156615308054, 0.2656599983742317, 0.26962191453778234, 0.26925507726363673, 0.2645822947167538, 0.2558940978836443, 0.24373067676279347, 0.22884829396692297, 0.21217226397663036, 0.19473942156767335, 0.17763365644644086, 0.1619185222377441, 0.14857110987166433, 0.13842129680198312, 0.13210014924555252, 0.13000068554145078, 0.1322534401742117, 0.13871834777181002, 0.1489934516920981, 0.16243989573996956, 0.1782216451513211, 0.19535746718541597, 0.2127819394241794, 0.22941169257786487, 0.24421276914027673, 0.2562649098586135, 0.2648187709966039, 0.2693425148986409, 0.2695548770792934, 0.26544265388672783, 0.2572615234418286, 0.2455201488109982, 0.23094855180035778, 0.21445272373564578, 0.19705829530968116, 0.2, 0.21731827714781662, 0.23355978770229424, 0.2477147132016334, 0.2589029689365528, 0.26642892335489105, 0.2698246490622838, 0.2688790162811756, 0.2636508198777977, 0.2544651237821545, 0.24189305008727696, 0.22671626944366324, 0.20987840056419071, 0.19242634058289243, 0.1754451740617266, 0.15999070768803594, 0.14702382532844505, 0.13735074492399918, 0.13157289176344322, 0.13004950477172356, 0.1328753007735803, 0.13987458546013856, 0.15061217721007258, 0.16442046457505194, 0.18044091512607519, 0.19767745484167104, 0.2150583991661471, 0.23150308516464324, 0.24598906191031525, 0.2576156615308054, 0.2656599983742317, 0.26962191453778234, 0.26925507726363673, 0.2645822947167538, 0.2558940978836443, 0.24373067676279347, 0.22884829396692297, 0.21217226397663036, 0.19473942156767335, 0.17763365644644086, 0.1619185222377441, 0.14857110987166433, 0.13842129680198312, 0.13210014924555252, 0.13000068554145078, 0.1322534401742117, 0.13871834777181002, 0.1489934516920981, 0.16243989573996956, 0.1782216451513211, 0.19535746718541597, 0.2127819394241794, 0.22941169257786487, 0.24421276914027673, 0.2562649098586135, 0.2648187709966039, 0.2693425148986409, 0.2695548770792934, 0.26544265388672783, 0.2572615234418286, 0.2455201488109982, 0.23094855180035778, 0.21445272373564578, 0.19705829530968116, 0.2, 0.21731827714781662, 0.23355978770229424, 0.2477147132016334, 0.2589029689365528, 0.26642892335489105, 0.2698246490622838, 0.2688790162811756, 0.2636508198777977, 0.2544651237821545, 0.24189305008727696, 0.22671626944366324, 0.20987840056419071, 0.19242634058289243, 0.1754451740617266, 0.15999070768803594, 0.14702382532844505, 0.13735074492399918, 0.13157289176344322, 0.13004950477172356, 0.1328753007735803, 0.13987458546013856, 0.15061217721007258, 0.16442046457505194, 0.18044091512607519, 0.19767745484167104, 0.2150583991661471, 0.23150308516464324, 0.24598906191031525, 0.2576156615308054, 0.2656599983742317, 0.26962191453778234, 0.26925507726363673, 0.2645822947167538, 0.2558940978836443, 0.24373067676279347, 0.22884829396692297, 0.21217226397663036, 0.19473942156767335, 0.17763365644644086, 0.1619185222377441, 0.14857110987166433, 0.13842129680198312, 0.13210014924555252, 0.13000068554145078, 0.1322534401742117, 0.13871834777181002, 0.1489934516920981, 0.16243989573996956, 0.1782216451513211, 0.19535746718541597, 0.2127819394241794, 0.22941169257786487, 0.24421276914027673, 0.2562649098586135, 0.2648187709966039, 0.2693425148986409, 0.2695548770792934, 0.26544265388672783, 0.2572615234418286, 0.2455201488109982, 0.23094855180035778, 0.21445272373564578, 0.19705829530968116, 0.2, 0.21731827714781662, 0.23355978770229424, 0.2477147132016334, 0.2589029689365528, 0.26642892335489105, 0.2698246490622838, 0.2688790162811756, 0.2636508198777977, 0.2544651237821545, 0.24189305008727696, 0.22671626944366324, 0.20987840056419071, 0.19242634058289243, 0.1754451740617266, 0.15999070768803594, 0.14702382532844505, 0.13735074492399918, 0.13157289176344322, 0.13004950477172356, 0.1328753007735803, 0.13987458546013856, 0.15061217721007258, 0.16442046457505194, 0.18044091512607519, 0.19767745484167104, 0.2150583991661471, 0.23150308516464324, 0.24598906191031525, 0.2576156615308054, 0.2656599983742317, 0.26962191453778234, 0.26925507726363673, 0.2645822947167538, 0.2558940978836443, 0.24373067676279347, 0.22884829396692297, 0.21217226397663036, 0.19473942156767335, 0.17763365644644086, 0.1619185222377441, 0.14857110987166433, 0.13842129680198312, 0.13210014924555252, 0.13000068554145078, 0.1322534401742117, 0.13871834777181002, 0.1489934516920981, 0.16243989573996956, 0.1782216451513211, 0.19535746718541597, 0.2127819394241794, 0.22941169257786487, 0.24421276914027673, 0.2562649098586135, 0.2648187709966039, 0.2693425148986409, 0.2695548770792934, 0.26544265388672783, 0.2572615234418286, 0.2455201488109982, 0.23094855180035778, 0.21445272373564578, 0.19705829530968116, 0.2, 0.21731827714781662, 0.23355978770229424, 0.2477147132016334, 0.2589029689365528, 0.26642892335489105, 0.2698246490622838, 0.2688790162811756, 0.2636508198777977, 0.2544651237821545, 0.24189305008727696, 0.22671626944366324, 0.20987840056419071, 0.19242634058289243, 0.1754451740617266, 0.15999070768803594, 0.14702382532844505, 0.13735074492399918, 0.13157289176344322, 0.13004950477172356, 0.1328753007735803, 0.13987458546013856, 0.15061217721007258, 0.16442046457505194, 0.18044091512607519, 0.19767745484167104, 0.2150583991661471, 0.23150308516464324, 0.24598906191031525, 0.2576156615308054, 0.2656599983742317, 0.26962191453778234, 0.26925507726363673, 0.2645822947167538, 0.2558940978836443, 0.24373067676279347, 0.22884829396692297, 0.21217226397663036, 0.19473942156767335, 0.17763365644644086, 0.1619185222377441, 0.14857110987166433, 0.13842129680198312, 0.13210014924555252, 0.13000068554145078, 0.1322534401742117, 0.13871834777181002, 0.1489934516920981, 0.16243989573996956, 0.1782216451513211, 0.19535746718541597, 0.2127819394241794, 0.22941169257786487, 0.24421276914027673, 0.2562649098586135, 0.2648187709966039, 0.2693425148986409, 0.2695548770792934, 0.26544265388672783, 0.2572615234418286, 0.2455201488109982, 0.23094855180035778, 0.21445272373564578, 0.19705829530968116, 0.2, 0.21731827714781662, 0.23355978770229424, 0.2477147132016334, 0.2589029689365528, 0.26642892335489105, 0.2698246490622838, 0.2688790162811756, 0.2636508198777977, 0.2544651237821545, 0.24189305008727696, 0.22671626944366324, 0.20987840056419071, 0.19242634058289243, 0.1754451740617266, 0.15999070768803594, 0.14702382532844505, 0.13735074492399918, 0.13157289176344322, 0.13004950477172356, 0.1328753007735803, 0.13987458546013856, 0.15061217721007258, 0.16442046457505194, 0.18044091512607519, 0.19767745484167104, 0.2150583991661471, 0.23150308516464324, 0.24598906191031525, 0.2576156615308054, 0.2656599983742317, 0.26962191453778234, 0.26925507726363673, 0.2645822947167538, 0.2558940978836443, 0.24373067676279347, 0.22884829396692297, 0.21217226397663036, 0.19473942156767335, 0.17763365644644086, 0.1619185222377441, 0.14857110987166433, 0.13842129680198312, 0.13210014924555252, 0.13000068554145078, 0.1322534401742117, 0.13871834777181002, 0.1489934516920981, 0.16243989573996956, 0.1782216451513211, 0.19535746718541597, 0.2127819394241794, 0.22941169257786487, 0.24421276914027673, 0.2562649098586135, 0.2648187709966039, 0.2693425148986409, 0.2695548770792934, 0.26544265388672783, 0.2572615234418286, 0.2455201488109982, 0.23094855180035778, 0.21445272373564578, 0.19705829530968116, 0.2, 0.21731827714781662, 0.23355978770229424, 0.2477147132016334, 0.2589029689365528, 0.26642892335489105, 0.2698246490622838, 0.2688790162811756, 0.2636508198777977, 0.2544651237821545, 0.24189305008727696, 0.22671626944366324, 0.20987840056419071, 0.19242634058289243, 0.1754451740617266, 0.15999070768803594, 0.14702382532844505, 0.13735074492399918, 0.13157289176344322, 0.13004950477172356, 0.1328753007735803, 0.13987458546013856, 0.15061217721007258, 0.16442046457505194, 0.18044091512607519, 0.19767745484167104, 0.2150583991661471, 0.23150308516464324, 0.24598906191031525, 0.2576156615308054, 0.2656599983742317, 0.26962191453778234, 0.26925507726363673, 0.2645822947167538, 0.2558940978836443, 0.24373067676279347, 0.22884829396692297, 0.21217226397663036, 0.19473942156767335, 0.17763365644644086, 0.1619185222377441, 0.14857110987166433, 0.13842129680198312, 0.13210014924555252, 0.13000068554145078, 0.1322534401742117, 0.13871834777181002, 0.1489934516920981, 0.16243989573996956, 0.1782216451513211, 0.19535746718541597, 0.2127819394241794, 0.22941169257786487, 0.24421276914027673, 0.2562649098586135, 0.2648187709966039, 0.2693425148986409, 0.2695548770792934, 0.26544265388672783, 0.2572615234418286, 0.2455201488109982, 0.23094855180035778, 0.21445272373564578, 0.19705829530968116, 0.2, 0.21731827714781662, 0.23355978770229424, 0.2477147132016334, 0.2589029689365528, 0.26642892335489105, 0.2698246490622838, 0.2688790162811756, 0.2636508198777977, 0.2544651237821545, 0.24189305008727696, 0.22671626944366324, 0.20987840056419071, 0.19242634058289243, 0.1754451740617266, 0.15999070768803594, 0.14702382532844505, 0.13735074492399918, 0.13157289176344322, 0.13004950477172356, 0.1328753007735803, 0.13987458546013856, 0.15061217721007258, 0.16442046457505194, 0.18044091512607519, 0.19767745484167104, 0.2150583991661471, 0.23150308516464324, 0.24598906191031525, 0.2576156615308054, 0.2656599983742317, 0.26962191453778234, 0.26925507726363673, 0.2645822947167538, 0.2558940978836443, 0.24373067676279347, 0.22884829396692297, 0.21217226397663036, 0.19473942156767335, 0.17763365644644086, 0.1619185222377441, 0.14857110987166433, 0.13842129680198312, 0.13210014924555252, 0.13000068554145078, 0.1322534401742117, 0.13871834777181002, 0.1489934516920981, 0.16243989573996956, 0.1782216451513211, 0.19535746718541597, 0.2127819394241794, 0.22941169257786487, 0.24421276914027673, 0.2562649098586135, 0.2648187709966039, 0.2693425148986409, 0.2695548770792934, 0.26544265388672783, 0.2572615234418286, 0.2455201488109982, 0.23094855180035778, 0.21445272373564578, 0.19705829530968116, 0.2, 0.21731827714781662, 0.23355978770229424, 0.2477147132016334, 0.2589029689365528, 0.26642892335489105, 0.2698246490622838, 0.2688790162811756, 0.2636508198777977, 0.2544651237821545, 0.24189305008727696, 0.22671626944366324, 0.20987840056419071, 0.19242634058289243, 0.1754451740617266, 0.15999070768803594, 0.14702382532844505, 0.13735074492399918, 0.13157289176344322, 0.13004950477172356, 0.1328753007735803, 0.13987458546013856, 0.15061217721007258, 0.16442046457505194, 0.18044091512607519, 0.19767745484167104, 0.2150583991661471, 0.23150308516464324, 0.24598906191031525, 0.2576156615308054, 0.2656599983742317, 0.26962191453778234, 0.26925507726363673, 0.2645822947167538, 0.2558940978836443, 0.24373067676279347, 0.22884829396692297, 0.21217226397663036, 0.19473942156767335, 0.17763365644644086, 0.1619185222377441, 0.14857110987166433, 0.13842129680198312, 0.13210014924555252, 0.13000068554145078, 0.1322534401742117, 0.13871834777181002, 0.1489934516920981, 0.16243989573996956, 0.1782216451513211, 0.19535746718541597, 0.2127819394241794, 0.22941169257786487, 0.24421276914027673, 0.2562649098586135, 0.2648187709966039, 0.2693425148986409, 0.2695548770792934, 0.26544265388672783, 0.2572615234418286, 0.2455201488109982, 0.23094855180035778, 0.21445272373564578, 0.19705829530968116, 0.2, 0.21731827714781662, 0.23355978770229424, 0.2477147132016334, 0.2589029689365528, 0.26642892335489105, 0.2698246490622838, 0.2688790162811756, 0.2636508198777977, 0.2544651237821545, 0.24189305008727696, 0.22671626944366324, 0.20987840056419071, 0.19242634058289243, 0.1754451740617266, 0.15999070768803594, 0.14702382532844505, 0.13735074492399918, 0.13157289176344322, 0.13004950477172356, 0.1328753007735803, 0.13987458546013856, 0.15061217721007258, 0.16442046457505194, 0.18044091512607519, 0.19767745484167104, 0.2150583991661471, 0.23150308516464324, 0.24598906191031525, 0.2576156615308054, 0.2656599983742317, 0.26962191453778234, 0.26925507726363673, 0.2645822947167538, 0.2558940978836443, 0.24373067676279347, 0.22884829396692297, 0.21217226397663036, 0.19473942156767335, 0.17763365644644086, 0.1619185222377441, 0.14857110987166433, 0.13842129680198312, 0.13210014924555252, 0.13000068554145078, 0.1322534401742117, 0.13871834777181002, 0.1489934516920981, 0.16243989573996956, 0.1782216451513211, 0.19535746718541597, 0.2127819394241794, 0.22941169257786487, 0.24421276914027673, 0.2562649098586135, 0.2648187709966039, 0.2693425148986409, 0.2695548770792934, 0.26544265388672783, 0.2572615234418286, 0.2455201488109982, 0.23094855180035778, 0.21445272373564578, 0.19705829530968116, 0.2, 0.21731827714781662, 0.23355978770229424, 0.2477147132016334, 0.2589029689365528, 0.26642892335489105, 0.2698246490622838, 0.2688790162811756, 0.2636508198777977, 0.2544651237821545, 0.24189305008727696, 0.22671626944366324, 0.20987840056419071, 0.19242634058289243, 0.1754451740617266, 0.15999070768803594, 0.14702382532844505, 0.13735074492399918, 0.13157289176344322, 0.13004950477172356, 0.1328753007735803, 0.13987458546013856, 0.15061217721007258, 0.16442046457505194, 0.18044091512607519, 0.19767745484167104, 0.2150583991661471, 0.23150308516464324, 0.24598906191031525, 0.2576156615308054, 0.2656599983742317, 0.26962191453778234, 0.26925507726363673, 0.2645822947167538, 0.2558940978836443, 0.24373067676279347, 0.22884829396692297, 0.21217226397663036, 0.19473942156767335, 0.17763365644644086, 0.1619185222377441, 0.14857110987166433, 0.13842129680198312, 0.13210014924555252, 0.13000068554145078, 0.1322534401742117, 0.13871834777181002, 0.1489934516920981, 0.16243989573996956, 0.1782216451513211, 0.19535746718541597, 0.2127819394241794, 0.22941169257786487, 0.24421276914027673, 0.2562649098586135, 0.2648187709966039, 0.2693425148986409, 0.2695548770792934, 0.26544265388672783, 0.2572615234418286, 0.2455201488109982, 0.23094855180035778, 0.21445272373564578, 0.19705829530968116, 0.2, 0.21731827714781662, 0.23355978770229424, 0.2477147132016334, 0.2589029689365528, 0.26642892335489105, 0.2698246490622838, 0.2688790162811756, 0.2636508198777977, 0.2544651237821545, 0.24189305008727696, 0.22671626944366324, 0.20987840056419071, 0.19242634058289243, 0.1754451740617266, 0.15999070768803594, 0.14702382532844505, 0.13735074492399918, 0.13157289176344322, 0.13004950477172356, 0.1328753007735803, 0.13987458546013856, 0.15061217721007258, 0.16442046457505194, 0.18044091512607519, 0.19767745484167104, 0.2150583991661471, 0.23150308516464324, 0.24598906191031525, 0.2576156615308054, 0.2656599983742317, 0.26962191453778234, 0.26925507726363673, 0.2645822947167538, 0.2558940978836443, 0.24373067676279347, 0.22884829396692297, 0.21217226397663036, 0.19473942156767335, 0.17763365644644086, 0.1619185222377441, 0.14857110987166433, 0.13842129680198312, 0.13210014924555252, 0.13000068554145078, 0.1322534401742117, 0.13871834777181002, 0.1489934516920981, 0.16243989573996956, 0.1782216451513211, 0.19535746718541597, 0.2127819394241794, 0.22941169257786487, 0.24421276914027673, 0.2562649098586135, 0.2648187709966039, 0.2693425148986409, 0.2695548770792934, 0.26544265388672783, 0.2572615234418286, 0.2455201488109982, 0.23094855180035778, 0.21445272373564578, 0.19705829530968116, 0.2, 0.21731827714781662, 0.23355978770229424, 0.2477147132016334, 0.2589029689365528, 0.26642892335489105, 0.2698246490622838, 0.2688790162811756, 0.2636508198777977, 0.2544651237821545, 0.24189305008727696, 0.22671626944366324, 0.20987840056419071, 0.19242634058289243, 0.1754451740617266, 0.15999070768803594, 0.14702382532844505, 0.13735074492399918, 0.13157289176344322, 0.13004950477172356, 0.1328753007735803, 0.13987458546013856, 0.15061217721007258, 0.16442046457505194, 0.18044091512607519, 0.19767745484167104, 0.2150583991661471, 0.23150308516464324, 0.24598906191031525, 0.2576156615308054, 0.2656599983742317, 0.26962191453778234, 0.26925507726363673, 0.2645822947167538, 0.2558940978836443, 0.24373067676279347, 0.22884829396692297, 0.21217226397663036, 0.19473942156767335, 0.17763365644644086, 0.1619185222377441, 0.14857110987166433, 0.13842129680198312, 0.13210014924555252, 0.13000068554145078, 0.1322534401742117, 0.13871834777181002, 0.1489934516920981, 0.16243989573996956, 0.1782216451513211, 0.19535746718541597, 0.2127819394241794, 0.22941169257786487, 0.24421276914027673, 0.2562649098586135, 0.2648187709966039, 0.2693425148986409, 0.2695548770792934, 0.26544265388672783, 0.2572615234418286, 0.2455201488109982, 0.23094855180035778, 0.21445272373564578, 0.19705829530968116, 0.2, 0.21731827714781662, 0.23355978770229424, 0.2477147132016334, 0.2589029689365528, 0.26642892335489105, 0.2698246490622838, 0.2688790162811756, 0.2636508198777977, 0.2544651237821545, 0.24189305008727696, 0.22671626944366324, 0.20987840056419071, 0.19242634058289243, 0.1754451740617266, 0.15999070768803594, 0.14702382532844505, 0.13735074492399918, 0.13157289176344322, 0.13004950477172356, 0.1328753007735803, 0.13987458546013856, 0.15061217721007258, 0.16442046457505194, 0.18044091512607519, 0.19767745484167104, 0.2150583991661471, 0.23150308516464324, 0.24598906191031525, 0.2576156615308054, 0.2656599983742317, 0.26962191453778234, 0.26925507726363673, 0.2645822947167538, 0.2558940978836443, 0.24373067676279347, 0.22884829396692297, 0.21217226397663036, 0.19473942156767335, 0.17763365644644086, 0.1619185222377441, 0.14857110987166433, 0.13842129680198312, 0.13210014924555252, 0.13000068554145078, 0.1322534401742117, 0.13871834777181002, 0.1489934516920981, 0.16243989573996956, 0.1782216451513211, 0.19535746718541597, 0.2127819394241794, 0.22941169257786487, 0.24421276914027673, 0.2562649098586135, 0.2648187709966039, 0.2693425148986409, 0.2695548770792934, 0.26544265388672783, 0.2572615234418286, 0.2455201488109982, 0.23094855180035778, 0.21445272373564578, 0.19705829530968116, 0.2, 0.21731827714781662, 0.23355978770229424, 0.2477147132016334, 0.2589029689365528, 0.26642892335489105, 0.2698246490622838, 0.2688790162811756, 0.2636508198777977, 0.2544651237821545, 0.24189305008727696, 0.22671626944366324, 0.20987840056419071, 0.19242634058289243, 0.1754451740617266, 0.15999070768803594, 0.14702382532844505, 0.13735074492399918, 0.13157289176344322, 0.13004950477172356, 0.1328753007735803, 0.13987458546013856, 0.15061217721007258, 0.16442046457505194, 0.18044091512607519, 0.19767745484167104, 0.2150583991661471, 0.23150308516464324, 0.24598906191031525, 0.2576156615308054, 0.2656599983742317, 0.26962191453778234, 0.26925507726363673, 0.2645822947167538, 0.2558940978836443, 0.24373067676279347, 0.22884829396692297, 0.21217226397663036, 0.19473942156767335, 0.17763365644644086, 0.1619185222377441, 0.14857110987166433, 0.13842129680198312, 0.13210014924555252, 0.13000068554145078, 0.1322534401742117, 0.13871834777181002, 0.1489934516920981, 0.16243989573996956, 0.1782216451513211, 0.19535746718541597, 0.2127819394241794, 0.22941169257786487, 0.24421276914027673, 0.2562649098586135, 0.2648187709966039, 0.2693425148986409, 0.2695548770792934, 0.26544265388672783, 0.2572615234418286, 0.2455201488109982, 0.23094855180035778, 0.21445272373564578, 0.19705829530968116, 0.2, 0.21731827714781662, 0.23355978770229424, 0.2477147132016334, 0.2589029689365528, 0.26642892335489105, 0.2698246490622838, 0.2688790162811756, 0.2636508198777977, 0.2544651237821545, 0.24189305008727696, 0.22671626944366324, 0.20987840056419071, 0.19242634058289243, 0.1754451740617266, 0.15999070768803594, 0.14702382532844505, 0.13735074492399918, 0.13157289176344322, 0.13004950477172356, 0.1328753007735803, 0.13987458546013856, 0.15061217721007258, 0.16442046457505194, 0.18044091512607519, 0.19767745484167104, 0.2150583991661471, 0.23150308516464324, 0.24598906191031525, 0.2576156615308054, 0.2656599983742317, 0.26962191453778234, 0.26925507726363673, 0.2645822947167538, 0.2558940978836443, 0.24373067676279347, 0.22884829396692297, 0.21217226397663036, 0.19473942156767335, 0.17763365644644086, 0.1619185222377441, 0.14857110987166433, 0.13842129680198312, 0.13210014924555252, 0.13000068554145078, 0.1322534401742117, 0.13871834777181002, 0.1489934516920981, 0.16243989573996956, 0.1782216451513211, 0.19535746718541597, 0.2127819394241794, 0.22941169257786487, 0.24421276914027673, 0.2562649098586135, 0.2648187709966039, 0.2693425148986409, 0.2695548770792934, 0.26544265388672783, 0.2572615234418286, 0.2455201488109982, 0.23094855180035778, 0.21445272373564578, 0.19705829530968116, 0.2, 0.21731827714781662, 0.23355978770229424, 0.2477147132016334, 0.2589029689365528, 0.26642892335489105, 0.2698246490622838, 0.2688790162811756, 0.2636508198777977, 0.2544651237821545, 0.24189305008727696, 0.22671626944366324, 0.20987840056419071, 0.19242634058289243, 0.1754451740617266, 0.15999070768803594, 0.14702382532844505, 0.13735074492399918, 0.13157289176344322, 0.13004950477172356, 0.1328753007735803, 0.13987458546013856, 0.15061217721007258, 0.16442046457505194, 0.18044091512607519, 0.19767745484167104, 0.2150583991661471, 0.23150308516464324, 0.24598906191031525, 0.2576156615308054, 0.2656599983742317, 0.26962191453778234, 0.26925507726363673, 0.2645822947167538, 0.2558940978836443, 0.24373067676279347, 0.22884829396692297, 0.21217226397663036, 0.19473942156767335, 0.17763365644644086, 0.1619185222377441, 0.14857110987166433, 0.13842129680198312, 0.13210014924555252, 0.13000068554145078, 0.1322534401742117, 0.13871834777181002, 0.1489934516920981, 0.16243989573996956, 0.1782216451513211, 0.19535746718541597, 0.2127819394241794, 0.22941169257786487, 0.24421276914027673, 0.2562649098586135, 0.2648187709966039, 0.2693425148986409, 0.2695548770792934, 0.26544265388672783, 0.2572615234418286, 0.2455201488109982, 0.23094855180035778, 0.21445272373564578, 0.19705829530968116, 0.2, 0.21731827714781662, 0.23355978770229424, 0.2477147132016334, 0.2589029689365528, 0.26642892335489105, 0.2698246490622838, 0.2688790162811756, 0.2636508198777977, 0.2544651237821545, 0.24189305008727696, 0.22671626944366324, 0.20987840056419071, 0.19242634058289243, 0.1754451740617266, 0.15999070768803594, 0.14702382532844505, 0.13735074492399918, 0.13157289176344322, 0.13004950477172356, 0.1328753007735803, 0.13987458546013856, 0.15061217721007258, 0.16442046457505194, 0.18044091512607519, 0.19767745484167104, 0.2150583991661471, 0.23150308516464324, 0.24598906191031525, 0.2576156615308054, 0.2656599983742317, 0.26962191453778234, 0.26925507726363673, 0.2645822947167538, 0.2558940978836443, 0.24373067676279347, 0.22884829396692297, 0.21217226397663036, 0.19473942156767335, 0.17763365644644086, 0.1619185222377441, 0.14857110987166433, 0.13842129680198312, 0.13210014924555252, 0.13000068554145078, 0.1322534401742117, 0.13871834777181002, 0.1489934516920981, 0.16243989573996956, 0.1782216451513211, 0.19535746718541597, 0.2127819394241794, 0.22941169257786487, 0.24421276914027673, 0.2562649098586135, 0.2648187709966039, 0.2693425148986409, 0.2695548770792934, 0.26544265388672783, 0.2572615234418286, 0.2455201488109982, 0.23094855180035778, 0.21445272373564578, 0.19705829530968116, 0.2, 0.21731827714781662, 0.23355978770229424, 0.2477147132016334, 0.2589029689365528, 0.26642892335489105, 0.2698246490622838, 0.2688790162811756, 0.2636508198777977, 0.2544651237821545, 0.24189305008727696, 0.22671626944366324, 0.20987840056419071, 0.19242634058289243, 0.1754451740617266, 0.15999070768803594, 0.14702382532844505, 0.13735074492399918, 0.13157289176344322, 0.13004950477172356, 0.1328753007735803, 0.13987458546013856, 0.15061217721007258, 0.16442046457505194, 0.18044091512607519, 0.19767745484167104, 0.2150583991661471, 0.23150308516464324, 0.24598906191031525, 0.2576156615308054, 0.2656599983742317, 0.26962191453778234, 0.26925507726363673, 0.2645822947167538, 0.2558940978836443, 0.24373067676279347, 0.22884829396692297, 0.21217226397663036, 0.19473942156767335, 0.17763365644644086, 0.1619185222377441, 0.14857110987166433, 0.13842129680198312, 0.13210014924555252, 0.13000068554145078, 0.1322534401742117, 0.13871834777181002, 0.1489934516920981, 0.16243989573996956, 0.1782216451513211, 0.19535746718541597, 0.2127819394241794, 0.22941169257786487, 0.24421276914027673, 0.2562649098586135, 0.2648187709966039, 0.2693425148986409, 0.2695548770792934, 0.26544265388672783, 0.2572615234418286, 0.2455201488109982, 0.23094855180035778, 0.21445272373564578, 0.19705829530968116, 0.2, 0.21731827714781662, 0.23355978770229424, 0.2477147132016334, 0.2589029689365528, 0.26642892335489105, 0.2698246490622838, 0.2688790162811756, 0.2636508198777977, 0.2544651237821545, 0.24189305008727696, 0.22671626944366324, 0.20987840056419071, 0.19242634058289243, 0.1754451740617266, 0.15999070768803594, 0.14702382532844505, 0.13735074492399918, 0.13157289176344322, 0.13004950477172356, 0.1328753007735803, 0.13987458546013856, 0.15061217721007258, 0.16442046457505194, 0.18044091512607519, 0.19767745484167104, 0.2150583991661471, 0.23150308516464324, 0.24598906191031525, 0.2576156615308054, 0.2656599983742317, 0.26962191453778234, 0.26925507726363673, 0.2645822947167538, 0.2558940978836443, 0.24373067676279347, 0.22884829396692297, 0.21217226397663036, 0.19473942156767335, 0.17763365644644086, 0.1619185222377441, 0.14857110987166433, 0.13842129680198312, 0.13210014924555252, 0.13000068554145078, 0.1322534401742117, 0.13871834777181002, 0.1489934516920981, 0.16243989573996956, 0.1782216451513211, 0.19535746718541597, 0.2127819394241794, 0.22941169257786487, 0.24421276914027673, 0.2562649098586135, 0.2648187709966039, 0.2693425148986409, 0.2695548770792934, 0.26544265388672783, 0.2572615234418286, 0.2455201488109982, 0.23094855180035778, 0.21445272373564578, 0.19705829530968116, 0.2, 0.21731827714781662, 0.23355978770229424, 0.2477147132016334, 0.2589029689365528, 0.26642892335489105, 0.2698246490622838, 0.2688790162811756, 0.2636508198777977, 0.2544651237821545, 0.24189305008727696, 0.22671626944366324, 0.20987840056419071, 0.19242634058289243, 0.1754451740617266, 0.15999070768803594, 0.14702382532844505, 0.13735074492399918, 0.13157289176344322, 0.13004950477172356, 0.1328753007735803, 0.13987458546013856, 0.15061217721007258, 0.16442046457505194, 0.18044091512607519, 0.19767745484167104, 0.2150583991661471, 0.23150308516464324, 0.24598906191031525, 0.2576156615308054, 0.2656599983742317, 0.26962191453778234, 0.26925507726363673, 0.2645822947167538, 0.2558940978836443, 0.24373067676279347, 0.22884829396692297, 0.21217226397663036, 0.19473942156767335, 0.17763365644644086, 0.1619185222377441, 0.14857110987166433, 0.13842129680198312, 0.13210014924555252, 0.13000068554145078, 0.1322534401742117, 0.13871834777181002, 0.1489934516920981, 0.16243989573996956, 0.1782216451513211, 0.19535746718541597, 0.2127819394241794, 0.22941169257786487, 0.24421276914027673, 0.2562649098586135, 0.2648187709966039, 0.2693425148986409, 0.2695548770792934, 0.26544265388672783, 0.2572615234418286, 0.2455201488109982, 0.23094855180035778, 0.21445272373564578, 0.19705829530968116, 0.2, 0.21731827714781662, 0.23355978770229424, 0.2477147132016334, 0.2589029689365528, 0.26642892335489105, 0.2698246490622838, 0.2688790162811756, 0.2636508198777977, 0.2544651237821545, 0.24189305008727696, 0.22671626944366324, 0.20987840056419071, 0.19242634058289243, 0.1754451740617266, 0.15999070768803594, 0.14702382532844505, 0.13735074492399918, 0.13157289176344322, 0.13004950477172356, 0.1328753007735803, 0.13987458546013856, 0.15061217721007258, 0.16442046457505194, 0.18044091512607519, 0.19767745484167104, 0.2150583991661471, 0.23150308516464324, 0.24598906191031525, 0.2576156615308054, 0.2656599983742317, 0.26962191453778234, 0.26925507726363673, 0.2645822947167538, 0.2558940978836443, 0.24373067676279347, 0.22884829396692297, 0.21217226397663036, 0.19473942156767335, 0.17763365644644086, 0.1619185222377441, 0.14857110987166433, 0.13842129680198312, 0.13210014924555252, 0.13000068554145078, 0.1322534401742117, 0.13871834777181002, 0.1489934516920981, 0.16243989573996956, 0.1782216451513211, 0.19535746718541597, 0.2127819394241794, 0.22941169257786487, 0.24421276914027673, 0.2562649098586135, 0.2648187709966039, 0.2693425148986409, 0.2695548770792934, 0.26544265388672783, 0.2572615234418286, 0.2455201488109982, 0.23094855180035778, 0.21445272373564578, 0.19705829530968116, 0.2, 0.21731827714781662, 0.23355978770229424, 0.2477147132016334, 0.2589029689365528, 0.26642892335489105, 0.2698246490622838, 0.2688790162811756, 0.2636508198777977, 0.2544651237821545, 0.24189305008727696, 0.22671626944366324, 0.20987840056419071, 0.19242634058289243, 0.1754451740617266, 0.15999070768803594, 0.14702382532844505, 0.13735074492399918, 0.13157289176344322, 0.13004950477172356, 0.1328753007735803, 0.13987458546013856, 0.15061217721007258, 0.16442046457505194, 0.18044091512607519, 0.19767745484167104, 0.2150583991661471, 0.23150308516464324, 0.24598906191031525, 0.2576156615308054, 0.2656599983742317, 0.26962191453778234, 0.26925507726363673, 0.2645822947167538, 0.2558940978836443, 0.24373067676279347, 0.22884829396692297, 0.21217226397663036, 0.19473942156767335, 0.17763365644644086, 0.1619185222377441, 0.14857110987166433, 0.13842129680198312, 0.13210014924555252, 0.13000068554145078, 0.1322534401742117, 0.13871834777181002, 0.1489934516920981, 0.16243989573996956, 0.1782216451513211, 0.19535746718541597, 0.2127819394241794, 0.22941169257786487, 0.24421276914027673, 0.2562649098586135, 0.2648187709966039, 0.2693425148986409, 0.2695548770792934, 0.26544265388672783, 0.2572615234418286, 0.2455201488109982, 0.23094855180035778, 0.21445272373564578, 0.19705829530968116, 0.2, 0.21731827714781662, 0.23355978770229424, 0.2477147132016334, 0.2589029689365528, 0.26642892335489105, 0.2698246490622838, 0.2688790162811756, 0.2636508198777977, 0.2544651237821545, 0.24189305008727696, 0.22671626944366324, 0.20987840056419071, 0.19242634058289243, 0.1754451740617266, 0.15999070768803594, 0.14702382532844505, 0.13735074492399918, 0.13157289176344322, 0.13004950477172356, 0.1328753007735803, 0.13987458546013856, 0.15061217721007258, 0.16442046457505194, 0.18044091512607519, 0.19767745484167104, 0.2150583991661471, 0.23150308516464324, 0.24598906191031525, 0.2576156615308054, 0.2656599983742317, 0.26962191453778234, 0.26925507726363673, 0.2645822947167538, 0.2558940978836443, 0.24373067676279347, 0.22884829396692297, 0.21217226397663036, 0.19473942156767335, 0.17763365644644086, 0.1619185222377441, 0.14857110987166433, 0.13842129680198312, 0.13210014924555252, 0.13000068554145078, 0.1322534401742117, 0.13871834777181002, 0.1489934516920981, 0.16243989573996956, 0.1782216451513211, 0.19535746718541597, 0.2127819394241794, 0.22941169257786487, 0.24421276914027673, 0.2562649098586135, 0.2648187709966039, 0.2693425148986409, 0.2695548770792934, 0.26544265388672783, 0.2572615234418286, 0.2455201488109982, 0.23094855180035778, 0.21445272373564578, 0.19705829530968116, 0.2, 0.21731827714781662, 0.23355978770229424, 0.2477147132016334, 0.2589029689365528, 0.26642892335489105, 0.2698246490622838, 0.2688790162811756, 0.2636508198777977, 0.2544651237821545, 0.24189305008727696, 0.22671626944366324, 0.20987840056419071, 0.19242634058289243, 0.1754451740617266, 0.15999070768803594, 0.14702382532844505, 0.13735074492399918, 0.13157289176344322, 0.13004950477172356, 0.1328753007735803, 0.13987458546013856, 0.15061217721007258, 0.16442046457505194, 0.18044091512607519, 0.19767745484167104, 0.2150583991661471, 0.23150308516464324, 0.24598906191031525, 0.2576156615308054, 0.2656599983742317, 0.26962191453778234, 0.26925507726363673, 0.2645822947167538, 0.2558940978836443, 0.24373067676279347, 0.22884829396692297, 0.21217226397663036, 0.19473942156767335, 0.17763365644644086, 0.1619185222377441, 0.14857110987166433, 0.13842129680198312, 0.13210014924555252, 0.13000068554145078, 0.1322534401742117, 0.13871834777181002, 0.1489934516920981, 0.16243989573996956, 0.1782216451513211, 0.19535746718541597, 0.2127819394241794, 0.22941169257786487, 0.24421276914027673, 0.2562649098586135, 0.2648187709966039, 0.2693425148986409, 0.2695548770792934, 0.26544265388672783, 0.2572615234418286, 0.2455201488109982, 0.23094855180035778, 0.21445272373564578, 0.19705829530968116, 0.2, 0.21731827714781662, 0.23355978770229424, 0.2477147132016334, 0.2589029689365528, 0.26642892335489105, 0.2698246490622838, 0.2688790162811756, 0.2636508198777977, 0.2544651237821545, 0.24189305008727696, 0.22671626944366324, 0.20987840056419071, 0.19242634058289243, 0.1754451740617266, 0.15999070768803594, 0.14702382532844505, 0.13735074492399918, 0.13157289176344322, 0.13004950477172356, 0.1328753007735803, 0.13987458546013856, 0.15061217721007258, 0.16442046457505194, 0.18044091512607519, 0.19767745484167104, 0.2150583991661471, 0.23150308516464324, 0.24598906191031525, 0.2576156615308054, 0.2656599983742317, 0.26962191453778234, 0.26925507726363673, 0.2645822947167538, 0.2558940978836443, 0.24373067676279347, 0.22884829396692297, 0.21217226397663036, 0.19473942156767335, 0.17763365644644086, 0.1619185222377441, 0.14857110987166433, 0.13842129680198312, 0.13210014924555252, 0.13000068554145078, 0.1322534401742117, 0.13871834777181002, 0.1489934516920981, 0.16243989573996956, 0.1782216451513211, 0.19535746718541597, 0.2127819394241794, 0.22941169257786487, 0.24421276914027673, 0.2562649098586135, 0.2648187709966039, 0.2693425148986409, 0.2695548770792934, 0.26544265388672783, 0.2572615234418286, 0.2455201488109982, 0.23094855180035778, 0.21445272373564578, 0.19705829530968116, 0.2, 0.21731827714781662, 0.23355978770229424, 0.2477147132016334, 0.2589029689365528, 0.26642892335489105, 0.2698246490622838, 0.2688790162811756, 0.2636508198777977, 0.2544651237821545, 0.24189305008727696, 0.22671626944366324, 0.20987840056419071, 0.19242634058289243, 0.1754451740617266, 0.15999070768803594, 0.14702382532844505, 0.13735074492399918, 0.13157289176344322, 0.13004950477172356, 0.1328753007735803, 0.13987458546013856, 0.15061217721007258, 0.16442046457505194, 0.18044091512607519, 0.19767745484167104, 0.2150583991661471, 0.23150308516464324, 0.24598906191031525, 0.2576156615308054, 0.2656599983742317, 0.26962191453778234, 0.26925507726363673, 0.2645822947167538, 0.2558940978836443, 0.24373067676279347, 0.22884829396692297, 0.21217226397663036, 0.19473942156767335, 0.17763365644644086, 0.1619185222377441, 0.14857110987166433, 0.13842129680198312, 0.13210014924555252, 0.13000068554145078, 0.1322534401742117, 0.13871834777181002, 0.1489934516920981, 0.16243989573996956, 0.1782216451513211, 0.19535746718541597, 0.2127819394241794, 0.22941169257786487, 0.24421276914027673, 0.2562649098586135, 0.2648187709966039, 0.2693425148986409, 0.2695548770792934, 0.26544265388672783, 0.2572615234418286, 0.2455201488109982, 0.23094855180035778, 0.21445272373564578, 0.19705829530968116, 0.2, 0.21731827714781662, 0.23355978770229424, 0.2477147132016334, 0.2589029689365528, 0.26642892335489105, 0.2698246490622838, 0.2688790162811756, 0.2636508198777977, 0.2544651237821545, 0.24189305008727696, 0.22671626944366324, 0.20987840056419071, 0.19242634058289243, 0.1754451740617266, 0.15999070768803594, 0.14702382532844505, 0.13735074492399918, 0.13157289176344322, 0.13004950477172356, 0.1328753007735803, 0.13987458546013856, 0.15061217721007258, 0.16442046457505194, 0.18044091512607519, 0.19767745484167104, 0.2150583991661471, 0.23150308516464324, 0.24598906191031525, 0.2576156615308054, 0.2656599983742317, 0.26962191453778234, 0.26925507726363673, 0.2645822947167538, 0.2558940978836443, 0.24373067676279347, 0.22884829396692297, 0.21217226397663036, 0.19473942156767335, 0.17763365644644086, 0.1619185222377441, 0.14857110987166433, 0.13842129680198312, 0.13210014924555252, 0.13000068554145078, 0.1322534401742117, 0.13871834777181002, 0.1489934516920981, 0.16243989573996956, 0.1782216451513211, 0.19535746718541597, 0.2127819394241794, 0.22941169257786487, 0.24421276914027673, 0.2562649098586135, 0.2648187709966039, 0.2693425148986409, 0.2695548770792934, 0.26544265388672783, 0.2572615234418286, 0.2455201488109982, 0.23094855180035778, 0.21445272373564578, 0.19705829530968116, 0.2, 0.21731827714781662, 0.23355978770229424, 0.2477147132016334, 0.2589029689365528, 0.26642892335489105, 0.2698246490622838, 0.2688790162811756, 0.2636508198777977, 0.2544651237821545, 0.24189305008727696, 0.22671626944366324, 0.20987840056419071, 0.19242634058289243, 0.1754451740617266, 0.15999070768803594, 0.14702382532844505, 0.13735074492399918, 0.13157289176344322, 0.13004950477172356, 0.1328753007735803, 0.13987458546013856, 0.15061217721007258, 0.16442046457505194, 0.18044091512607519, 0.19767745484167104, 0.2150583991661471, 0.23150308516464324, 0.24598906191031525, 0.2576156615308054, 0.2656599983742317, 0.26962191453778234, 0.26925507726363673, 0.2645822947167538, 0.2558940978836443, 0.24373067676279347, 0.22884829396692297, 0.21217226397663036, 0.19473942156767335, 0.17763365644644086, 0.1619185222377441, 0.14857110987166433, 0.13842129680198312, 0.13210014924555252, 0.13000068554145078, 0.1322534401742117, 0.13871834777181002, 0.1489934516920981, 0.16243989573996956, 0.1782216451513211, 0.19535746718541597, 0.2127819394241794, 0.22941169257786487, 0.24421276914027673, 0.2562649098586135, 0.2648187709966039, 0.2693425148986409, 0.2695548770792934, 0.26544265388672783, 0.2572615234418286, 0.2455201488109982, 0.23094855180035778, 0.21445272373564578, 0.19705829530968116, 0.2, 0.21731827714781662, 0.23355978770229424, 0.2477147132016334, 0.2589029689365528, 0.26642892335489105, 0.2698246490622838, 0.2688790162811756, 0.2636508198777977, 0.2544651237821545, 0.24189305008727696, 0.22671626944366324, 0.20987840056419071, 0.19242634058289243, 0.1754451740617266, 0.15999070768803594, 0.14702382532844505, 0.13735074492399918, 0.13157289176344322, 0.13004950477172356, 0.1328753007735803, 0.13987458546013856, 0.15061217721007258, 0.16442046457505194, 0.18044091512607519, 0.19767745484167104, 0.2150583991661471, 0.23150308516464324, 0.24598906191031525, 0.2576156615308054, 0.2656599983742317, 0.26962191453778234, 0.26925507726363673, 0.2645822947167538, 0.2558940978836443, 0.24373067676279347, 0.22884829396692297, 0.21217226397663036, 0.19473942156767335, 0.17763365644644086, 0.1619185222377441, 0.14857110987166433, 0.13842129680198312, 0.13210014924555252, 0.13000068554145078, 0.1322534401742117, 0.13871834777181002, 0.1489934516920981, 0.16243989573996956, 0.1782216451513211, 0.19535746718541597, 0.2127819394241794, 0.22941169257786487, 0.24421276914027673, 0.2562649098586135, 0.2648187709966039, 0.2693425148986409, 0.2695548770792934, 0.26544265388672783, 0.2572615234418286, 0.2455201488109982, 0.23094855180035778, 0.21445272373564578, 0.19705829530968116, 0.2, 0.21731827714781662, 0.23355978770229424, 0.2477147132016334, 0.2589029689365528, 0.26642892335489105, 0.2698246490622838, 0.2688790162811756, 0.2636508198777977, 0.2544651237821545, 0.24189305008727696, 0.22671626944366324, 0.20987840056419071, 0.19242634058289243, 0.1754451740617266, 0.15999070768803594, 0.14702382532844505, 0.13735074492399918, 0.13157289176344322, 0.13004950477172356, 0.1328753007735803, 0.13987458546013856, 0.15061217721007258, 0.16442046457505194, 0.18044091512607519, 0.19767745484167104, 0.2150583991661471, 0.23150308516464324, 0.24598906191031525, 0.2576156615308054, 0.2656599983742317, 0.26962191453778234, 0.26925507726363673, 0.2645822947167538, 0.2558940978836443, 0.24373067676279347, 0.22884829396692297, 0.21217226397663036, 0.19473942156767335, 0.17763365644644086, 0.1619185222377441, 0.14857110987166433, 0.13842129680198312, 0.13210014924555252, 0.13000068554145078, 0.1322534401742117, 0.13871834777181002, 0.1489934516920981, 0.16243989573996956, 0.1782216451513211, 0.19535746718541597, 0.2127819394241794, 0.22941169257786487, 0.24421276914027673, 0.2562649098586135, 0.2648187709966039, 0.2693425148986409, 0.2695548770792934, 0.26544265388672783, 0.2572615234418286, 0.2455201488109982, 0.23094855180035778, 0.21445272373564578, 0.19705829530968116, 0.2, 0.21731827714781662, 0.23355978770229424, 0.2477147132016334, 0.2589029689365528, 0.26642892335489105, 0.2698246490622838, 0.2688790162811756, 0.2636508198777977, 0.2544651237821545, 0.24189305008727696, 0.22671626944366324, 0.20987840056419071, 0.19242634058289243, 0.1754451740617266, 0.15999070768803594, 0.14702382532844505, 0.13735074492399918, 0.13157289176344322, 0.13004950477172356, 0.1328753007735803, 0.13987458546013856, 0.15061217721007258, 0.16442046457505194, 0.18044091512607519, 0.19767745484167104, 0.2150583991661471, 0.23150308516464324, 0.24598906191031525, 0.2576156615308054, 0.2656599983742317, 0.26962191453778234, 0.26925507726363673, 0.2645822947167538, 0.2558940978836443, 0.24373067676279347, 0.22884829396692297, 0.21217226397663036, 0.19473942156767335, 0.17763365644644086, 0.1619185222377441, 0.14857110987166433, 0.13842129680198312, 0.13210014924555252, 0.13000068554145078, 0.1322534401742117, 0.13871834777181002, 0.1489934516920981, 0.16243989573996956, 0.1782216451513211, 0.19535746718541597, 0.2127819394241794, 0.22941169257786487, 0.24421276914027673, 0.2562649098586135, 0.2648187709966039, 0.2693425148986409, 0.2695548770792934, 0.26544265388672783, 0.2572615234418286, 0.2455201488109982, 0.23094855180035778, 0.21445272373564578, 0.19705829530968116, 0.2, 0.21731827714781662, 0.23355978770229424, 0.2477147132016334, 0.2589029689365528, 0.26642892335489105, 0.2698246490622838, 0.2688790162811756, 0.2636508198777977, 0.2544651237821545, 0.24189305008727696, 0.22671626944366324, 0.20987840056419071, 0.19242634058289243, 0.1754451740617266, 0.15999070768803594, 0.14702382532844505, 0.13735074492399918, 0.13157289176344322, 0.13004950477172356, 0.1328753007735803, 0.13987458546013856, 0.15061217721007258, 0.16442046457505194, 0.18044091512607519, 0.19767745484167104, 0.2150583991661471, 0.23150308516464324, 0.24598906191031525, 0.2576156615308054, 0.2656599983742317, 0.26962191453778234, 0.26925507726363673, 0.2645822947167538, 0.2558940978836443, 0.24373067676279347, 0.22884829396692297, 0.21217226397663036, 0.19473942156767335, 0.17763365644644086, 0.1619185222377441, 0.14857110987166433, 0.13842129680198312, 0.13210014924555252, 0.13000068554145078, 0.1322534401742117, 0.13871834777181002, 0.1489934516920981, 0.16243989573996956, 0.1782216451513211, 0.19535746718541597, 0.2127819394241794, 0.22941169257786487, 0.24421276914027673, 0.2562649098586135, 0.2648187709966039, 0.2693425148986409, 0.2695548770792934, 0.26544265388672783, 0.2572615234418286, 0.2455201488109982, 0.23094855180035778, 0.21445272373564578, 0.19705829530968116, 0.2, 0.21731827714781662, 0.23355978770229424, 0.2477147132016334, 0.2589029689365528, 0.26642892335489105, 0.2698246490622838, 0.2688790162811756, 0.2636508198777977, 0.2544651237821545, 0.24189305008727696, 0.22671626944366324, 0.20987840056419071, 0.19242634058289243, 0.1754451740617266, 0.15999070768803594, 0.14702382532844505, 0.13735074492399918, 0.13157289176344322, 0.13004950477172356, 0.1328753007735803, 0.13987458546013856, 0.15061217721007258, 0.16442046457505194, 0.18044091512607519, 0.19767745484167104, 0.2150583991661471, 0.23150308516464324, 0.24598906191031525, 0.2576156615308054, 0.2656599983742317, 0.26962191453778234, 0.26925507726363673, 0.2645822947167538, 0.2558940978836443, 0.24373067676279347, 0.22884829396692297, 0.21217226397663036, 0.19473942156767335, 0.17763365644644086, 0.1619185222377441, 0.14857110987166433, 0.13842129680198312, 0.13210014924555252, 0.13000068554145078, 0.1322534401742117, 0.13871834777181002, 0.1489934516920981, 0.16243989573996956, 0.1782216451513211, 0.19535746718541597, 0.2127819394241794, 0.22941169257786487, 0.24421276914027673, 0.2562649098586135, 0.2648187709966039, 0.2693425148986409, 0.2695548770792934, 0.26544265388672783, 0.2572615234418286, 0.2455201488109982, 0.23094855180035778, 0.21445272373564578, 0.19705829530968116, 0.2, 0.21731827714781662, 0.23355978770229424, 0.2477147132016334, 0.2589029689365528, 0.26642892335489105, 0.2698246490622838, 0.2688790162811756, 0.2636508198777977, 0.2544651237821545, 0.24189305008727696, 0.22671626944366324, 0.20987840056419071, 0.19242634058289243, 0.1754451740617266, 0.15999070768803594, 0.14702382532844505, 0.13735074492399918, 0.13157289176344322, 0.13004950477172356, 0.1328753007735803, 0.13987458546013856, 0.15061217721007258, 0.16442046457505194, 0.18044091512607519, 0.19767745484167104, 0.2150583991661471, 0.23150308516464324, 0.24598906191031525, 0.2576156615308054, 0.2656599983742317, 0.26962191453778234, 0.26925507726363673, 0.2645822947167538, 0.2558940978836443, 0.24373067676279347, 0.22884829396692297, 0.21217226397663036, 0.19473942156767335, 0.17763365644644086, 0.1619185222377441, 0.14857110987166433, 0.13842129680198312, 0.13210014924555252, 0.13000068554145078, 0.1322534401742117, 0.13871834777181002, 0.1489934516920981, 0.16243989573996956, 0.1782216451513211, 0.19535746718541597, 0.2127819394241794, 0.22941169257786487, 0.24421276914027673, 0.2562649098586135, 0.2648187709966039, 0.2693425148986409, 0.2695548770792934, 0.26544265388672783, 0.2572615234418286, 0.2455201488109982, 0.23094855180035778, 0.21445272373564578, 0.19705829530968116]
    custom double[] data:values = [0.5000000000000001, 0.4668873774561075, 0.43410443033248725, 0.4028285534714901, 0.373971828089037, 0.3482189625782495, 0.32606569426398707, 0.30785080670117726, 0.29377683544883193, 0.28391529953150213, 0.27819215374173645, 0.2763486988870097, 0.27787366528634694, 0.28190613842653844, 0.2871209268173001, 0.2916338277285803, 0.2930063738914728, 0.2884725411506122, 0.27550043203994, 0.25265881060875006, 0.2204716925102385, 0.18172348911916023, 0.14086207887390184, 0.10273851559886472, 0.07137662265841509, 0.0493319703754742, 0.037704294522584614, 0.036521054739892, 0.04518534071376423, 0.06282061524049781, 0.08847423453730764, 0.12120513996561755, 0.16009530887465243, 0.20421787274336567, 0.25258448516396975, 0.30408704772113243, 0.357445270184565, 0.4111707176892186, 0.4635583436120189, 0.5127161861165728, 0.5566411012371275, 0.5933417946545199, 0.6209999803028113, 0.6381482938150714, 0.6438337606706077, 0.6377329948325668, 0.620192858439946, 0.5921868810598232, 0.5551978286336352, 0.5110531337993958, 0.4617470852901264, 0.40928072514471114, 0.3555404053486257, 0.30222375732719037, 0.25081150756697235, 0.20257710728675152, 0.1586234544706581, 0.11993572152884698, 0.08743963715877845, 0.0620536740245575, 0.0447198378597724, 0.036390141810919326, 0.03793549489163942, 0.04993742088833235, 0.49902280229825324, 0.4658754649188552, 0.43307614282146506, 0.4018051523479229, 0.37297681766527946, 0.3472776300863388, 0.3252048821117656, 0.30709888025500437, 0.29316377859940884, 0.28347284928524635, 0.2779538679649044, 0.27634983830983734, 0.2781507706071738, 0.2824962118192334, 0.28806019320791065, 0.2929561118900773, 0.29474101773132105, 0.29064122532900005, 0.27811128109475475, 0.25569596638086534, 0.2238814871076159, 0.18540443713734955, 0.14466888879880785, 0.106503424221648, 0.07493920392038818, 0.05256363630921726, 0.04051957617200041, 0.03887654918803946, 0.04707171989062936, 0.06425284868370967, 0.08948300876746805, 0.12183049705260571, 0.1603824068139452, 0.20421433064896455, 0.2523387067876006, 0.3036469996820529, 0.3568573223725516, 0.41047830078266023, 0.46280034215558774, 0.5119251666518317, 0.5558416570435359, 0.5925494279246185, 0.6202209756984266, 0.6373809106308325, 0.6430707821906382, 0.6369653005956557, 0.6194133690454672, 0.5913941038905632, 0.5543983626492563, 0.510262812270227, 0.4609908074085217, 0.40859131119692393, 0.35495693073366424, 0.30178978273632384, 0.250573480829825, 0.2025830297763887, 0.15892172439867047, 0.12057390360912656, 0.08846276112647204, 0.06350153428757634, 0.046622686734309464, 0.0387622469288792, 0.040766489561430516, 0.05318252545914462, 0.49608361498236886, 0.46283254829061843, 0.4299849868856892, 0.39872995653423127, 0.36998841827728046, 0.344452085787313, 0.3226227540253286, 0.3048450895160983, 0.2913278299887469, 0.2821491460815097, 0.2772417926902886, 0.2763532387766749, 0.2789764994486516, 0.2842514725362643, 0.2908486773946929, 0.29687314300728146, 0.2998676400420907, 0.29703554529560283, 0.28579239938224166, 0.2646150297587276, 0.23388259264820385, 0.1961955530295874, 0.15583195664459554, 0.11755387431042287, 0.08541067379944858, 0.06207888701762568, 0.04882439869547849, 0.045838295459305727, 0.05265736515697749, 0.06850129068264743, 0.09248035847455537, 0.12369152943443615, 0.16123805481267034, 0.20420375945148145, 0.2516042449581446, 0.302330407360822, 0.35509623900332166, 0.4084021389078165, 0.46052537611282157, 0.5095491084999523, 0.5534385656429756, 0.5901662262812274, 0.617876960800069, 0.6350712611659124, 0.6407741924512974, 0.6346547294711875, 0.6170679244295905, 0.5890097107975135, 0.5519952614986176, 0.5078889165109796, 0.45872108643973625, 0.406524226503041, 0.3532093132435792, 0.30049141556954184, 0.24986221484520366, 0.20260070430379734, 0.15981062378474148, 0.12247300019048107, 0.09150257303042278, 0.06779606729957893, 0.05225673544790287, 0.0457726166647626, 0.049117100487575165, 0.06273672780838985, 0.4911598723660691, 0.45773734038789715, 0.42481236893013635, 0.3935883083521853, 0.3649968663504058, 0.3397380313860383, 0.31832055265721354, 0.30109566386878833, 0.28827883797032444, 0.2799552191495482, 0.2760642798539757, 0.2763588471617023, 0.28033427024432267, 0.28712777011738877, 0.2954003604171531, 0.3032396142850873, 0.3081621682417817, 0.30733364742527597, 0.2981100506895362, 0.27886745132032503, 0.2498261983267015, 0.2133822625056451, 0.1736202244486072, 0.13519434940996553, 0.10217301627517551, 0.07736180559387086, 0.06221202500105196, 0.057102696262182, 0.06172818393524906, 0.07542467061244616, 0.09738106263486462, 0.12674379238150876, 0.16264548757985225, 0.20418632356011526, 0.2503897253040826, 0.300148015420112, 0.35217048369392384, 0.40494574952731216, 0.45673083791684455, 0.5055792776758755, 0.5494177773929543, 0.5861740634356363, 0.6139470659093321, 0.6311969491076037, 0.6369211216528188, 0.6307789203901756, 0.6131357302281326, 0.5850156968254602, 0.5479746440385851, 0.5039229192650109, 0.45493553763756284, 0.4030831917203335, 0.35030615233494194, 0.29833941148091203, 0.24868615598515367, 0.20262985352742258, 0.16127260469953814, 0.12558736019870256, 0.0964721397817704, 0.07479371595448837, 0.061404999786028154, 0.057114205039182624, 0.06257676713440034, 0.07808028153223744, 0.4842147219104025, 0.45055522930787495, 0.41752828734544345, 0.38635687283540976, 0.3579870489877081, 0.3331294607608991, 0.3123014172542553, 0.29586186692749994, 0.28403382257500104, 0.27690973526095153, 0.27443526652707717, 0.27636657584783486, 0.28219703556676334, 0.2910538798763062, 0.3015780605003498, 0.3118265627478301, 0.319275864915422, 0.32104067975456035, 0.3144047771598039, 0.2976267974815998, 0.27074077131052965, 0.23589716124365584, 0.19694022091653907, 0.15837972417895785, 0.12429093610433675, 0.09762477113487866, 0.08005553723637782, 0.07219715916696198, 0.07394761028061209, 0.08479874441179669, 0.10404855887017529, 0.13091539417902515, 0.16457732712067089, 0.20416229417616935, 0.24870954086161245, 0.2971180252893009, 0.34809477243172293, 0.40011583641824083, 0.45141331928034606, 0.5000020217550727, 0.543756657111862, 0.5805433497921049, 0.6083969813982613, 0.6257210199239457, 0.6314737915740768, 0.6253009800619923, 0.6075826069511991, 0.5793826803100525, 0.5423141612310136, 0.49835151567172487, 0.4496311230449351, 0.3982752432862214, 0.34626238014825655, 0.29535197875635527, 0.24705939184483094, 0.20267002012933383, 0.16327902091629629, 0.12984316515202207, 0.1032322018793412, 0.08426668397173004, 0.07372648607178721, 0.07230921889521293, 0.08051289792220483, 0.098419979149303, 0.47519827999288994, 0.4412396987501659, 0.40809292841741596, 0.37700538138147904, 0.34894032658290647, 0.3246204555417795, 0.3045720185861234, 0.2891613267478027, 0.27861787563471524, 0.273039411464593, 0.2723742935411913, 0.2763763041001873, 0.2845281281402779, 0.29593481732325777, 0.3092019247801654, 0.3223390980918194, 0.3327676970903455, 0.33754194942723287, 0.33387075331391625, 0.3198966403901805, 0.2954653610037794, 0.2624692697661292, 0.22448740982495446, 0.1858546900144333, 0.15062928479980633, 0.12189955697249304, 0.10157334124869472, 0.09052385685953401, 0.08888365545199851, 0.09633154607378747, 0.11230253016601535, 0.13611007903514563, 0.1669963958107495, 0.20413204511565192, 0.24658387021130318, 0.2932665216366156, 0.3428909827093076, 0.39392356781529214, 0.4445700617168953, 0.49280019583292567, 0.5364252431431213, 0.5732340610390102, 0.6011797678684582, 0.6185926202127703, 0.6243801227794489, 0.6181701460934809, 0.6003618069768196, 0.5720709398233378, 0.5349842626841835, 0.49115805295402953, 0.4428055994678495, 0.39211200163378346, 0.3411001547140266, 0.2915551876013273, 0.24500165975677551, 0.20272057410458807, 0.1657909924277835, 0.1351416282825576, 0.11159897174209106, 0.09591852899900181, 0.08878374620440063, 0.09075356439256883, 0.10213722733291682, 0.12278119475309734, 0.4640496380386674, 0.4297345628476817, 0.3964591330308639, 0.3654992777899541, 0.3378372490113261, 0.3142078133938436, 0.29514490864593346, 0.28101991035518886, 0.2720654000838258, 0.2683795632979985, 0.2699065174196855, 0.27638787995827163, 0.287282375386113, 0.3016560621328024, 0.31805990408832996, 0.3344375424766926, 0.34814160228107727, 0.3561620212101595, 0.35564119905041164, 0.34462362474451946, 0.3227868094723814, 0.29177655920192386, 0.2549014612603982, 0.21629875634111695, 0.1799777560244088, 0.14913655625541897, 0.1259025150365388, 0.11141013352168462, 0.10604095123905669, 0.109681954254689, 0.12192839079434054, 0.14221118655455495, 0.169856791495798, 0.20409604704765663, 0.24403868832034317, 0.28862804041660556, 0.3365894118197269, 0.3863863941440884, 0.43620107218171084, 0.4839552974508891, 0.5273881881358187, 0.5641973785090609, 0.592237199287713, 0.6097481311288906, 0.6155747948377744, 0.6093229256961141, 0.5914153671137578, 0.5630320657106003, 0.5259501468024783, 0.48232466886215286, 0.43445962850756453, 0.38461147317187383, 0.3348500948898064, 0.2869835142109925, 0.24253834496858573, 0.20278072279294734, 0.16876054727763365, 0.14136309929136756, 0.12135387504417643, 0.10940312696993894, 0.10607548658655803, 0.11176799266727308, 0.12658004504774523, 0.15010804316349116, 0.4506998830510154, 0.41597727442934695, 0.3825759738464269, 0.351803472605866, 0.3246613249014848, 0.30189461394094586, 0.2840416344725211, 0.27147414456700364, 0.2644216610774132, 0.26297475683151417, 0.2670627018224119, 0.2764011226168921, 0.29040742063247443, 0.30808834587934686, 0.3279191108425848, 0.34775931079381034, 0.3648832269907898, 0.37622018490209513, 0.37886491781179776, 0.37079492707988143, 0.35155492734250865, 0.32257261970143686, 0.28689595259410283, 0.24844983825343503, 0.21116045895745944, 0.17829522933975192, 0.15216835173748136, 0.1341582336768104, 0.12489361571514325, 0.12447946434295946, 0.13268776336349997, 0.14908618699656265, 0.17310516826893166, 0.20405486023399402, 0.24110575590845015, 0.2832462473020145, 0.3292303630656534, 0.3775304240609636, 0.426311980447112, 0.4734504462567727, 0.5166075645710456, 0.5533781542648188, 0.5815018665928818, 0.5991130083585386, 0.6049809929478905, 0.5986849423683097, 0.5806762239088752, 0.5522114384059558, 0.5151745761882638, 0.47183527269249415, 0.42459962309926064, 0.3758004029288979, 0.32755283487809356, 0.28168048865809225, 0.2397004551301494, 0.202849523483848, 0.17213197977176992, 0.14837175986110432, 0.1322542960913845, 0.12434484134444698, 0.12506996871959805, 0.13464848757316428, 0.15296047474653643, 0.17935455413785018, 0.43507649143833005, 0.3999036536087769, 0.36639375712246763, 0.3358874675087305, 0.3094040378322808, 0.2876948404622715, 0.2712966612632114, 0.2605741703016318, 0.25574460461381376, 0.2568795212828491, 0.2638791713500204, 0.2764158252579878, 0.29384518165074436, 0.315092643671663, 0.33853700147735644, 0.3619391754368352, 0.38249179404083006, 0.397075393270512, 0.40276430154155024, 0.3975079371034041, 0.3807615217904225, 0.3537721106994396, 0.3193466781332891, 0.2811911024929278, 0.24311658022066057, 0.20841438077324995, 0.17954151115272513, 0.15808848017207744, 0.14491532635979196, 0.14034320185264526, 0.14432904367571112, 0.15659147364759315, 0.17668215927594955, 0.20400912587814926, 0.2378225697061028, 0.2771746836001485, 0.32086602293341226, 0.3673933680733066, 0.41491772247530767, 0.46127437563213075, 0.5040467740092016, 0.5407184899402796, 0.5689003588530303, 0.5866046579301839, 0.5925131733318706, 0.586173819598146, 0.5680714081151669, 0.539551821184096, 0.502621795071087, 0.45967953327539396, 0.4132414118991217, 0.3657171848980825, 0.31926086045895735, 0.27569940419368627, 0.23652455454572974, 0.20292589838318248, 0.17584335640435084, 0.1560205770593583, 0.14404439531954538, 0.14035788519007172, 0.14523551649797087, 0.15870993236659198, 0.18044411609774963, 0.20955537447614017, 0.4171095569673498, 0.38145447377791963, 0.3478708335831921, 0.31773215645858094, 0.29207132171890227, 0.2716391705397433, 0.2569621288783003, 0.24838719031503217, 0.24610687593744593, 0.25015906597266024, 0.26039770775214605, 0.2764317582885826, 0.2975333754572492, 0.3225250360401591, 0.3496715062558718, 0.37662621132360363, 0.4005044525943009, 0.4181573159291907, 0.42667133666327206, 0.4240092589054919, 0.40958121252055457, 0.3844933636611816, 0.35133654007732074, 0.31359799847727643, 0.27494799686957444, 0.23865762307926497, 0.20727837964517803, 0.18257231302600127, 0.16560406112070966, 0.1568986291822049, 0.15659726771605695, 0.16457710950783594, 0.18052387563828978, 0.20395955621287815, 0.2342322531040689, 0.2704775235305693, 0.3115625695472483, 0.3560280368490241, 0.40204712683617994, 0.44742662329548993, 0.48967585088303417, 0.5261627997390868, 0.5543579423898626, 0.5721367932123932, 0.5780812998303897, 0.5717035463954602, 0.5535267374187158, 0.5249984354407129, 0.48826283625671524, 0.44585805701113684, 0.4004147948805838, 0.35441531469644266, 0.3100405665450331, 0.2691040327458707, 0.23305263903688386, 0.20300865169234505, 0.17982809861886778, 0.16415619929948644, 0.15646519101962178, 0.1570632963286132, 0.16606555320050734, 0.18331943225641154, 0.20828362968659897, 0.23987136019180982, 0.3967404127316804, 0.3605844228760068, 0.32698265568455803, 0.29733863095790686, 0.27269169761465895, 0.2537820155761973, 0.24111342110377654, 0.23500132728000409, 0.2355979394364375, 0.2428899314789983, 0.25666536658674655, 0.2764486729336535, 0.30140704193829077, 0.3302411647615906, 0.36108949458053946, 0.3914964990296635, 0.4185122207242852, 0.43898337763461875, 0.4500431697264318, 0.4497069694483418, 0.4373802994292173, 0.4140657471272353, 0.38216441109831506, 0.3449511977366312, 0.3059371692205116, 0.26833509430251445, 0.2347441440806007, 0.20705396941500076, 0.18650022010989684, 0.17379095514181322, 0.16924268875232112, 0.1728912687002386, 0.18456341808911683, 0.2039069234753301, 0.2303833646554656, 0.26323027237514346, 0.30140242193654043, 0.34350634228521176, 0.38774845134830693, 0.4319241058054057, 0.47347848919200386, 0.5096648064670092, 0.537805269968593, 0.5556258508419929, 0.5615971432816246, 0.555190901358801, 0.5369735372605532, 0.5085059637108685, 0.4720825411310073, 0.43038893570571474, 0.38616903296936655, 0.34196733014021724, 0.2999744453981633, 0.26196927760839733, 0.22933193047147707, 0.20309648851678178, 0.18401657449979067, 0.172623525659968, 0.16926329959878153, 0.17410252140214566, 0.18709687528328367, 0.20791808593663982, 0.23584181121377873, 0.26961119589701926, 0.3739332816979503, 0.33727400629348414, 0.303733531051636, 0.274739291308516, 0.2513262173368231, 0.23420981429134097, 0.2238554510230685, 0.22052974757122581, 0.22432616421025847, 0.23516049086028096, 0.2527341914769582, 0.276466305127223, 0.3054000068798475, 0.3381000823072307, 0.3725732525928803, 0.4062613924115066, 0.43616803742610144, 0.4591638566980967, 0.4724617084503604, 0.4741634463876287, 0.4637035476180624, 0.44201316774492216, 0.4113293246027298, 0.3747252799657861, 0.3355426502582302, 0.29690602937647514, 0.2614208512881827, 0.23106148722115097, 0.2071979743125008, 0.190694826005852, 0.18202769897159393, 0.1813841742261448, 0.1887323444579482, 0.20385204793619163, 0.22632960098451654, 0.2555203203584187, 0.290486500603172, 0.3299236893886678, 0.3720958546748453, 0.4148092226646451, 0.4554611256710535, 0.49119697754326425, 0.5191877572697133, 0.5370001795583146, 0.5429833820078759, 0.5365646474501254, 0.5183580232502659, 0.49004798185366083, 0.4540886196658207, 0.4133158034930707, 0.3705792517567561, 0.3284691258221618, 0.28916327670547215, 0.2543816803861517, 0.22541456931755763, 0.20318803529350454, 0.18833763882264495, 0.18126974413446562, 0.18219796387384568, 0.19114719014433618, 0.2079210278395823, 0.23203193125815866, 0.2625994971947816, 0.29823373439744555, 0.34869060142502284, 0.3115449345065107, 0.2781714565202232, 0.25001146200493773, 0.22808023121545454, 0.21305045331835107, 0.2053294512845341, 0.20511482481115337, 0.21242069648942022, 0.22707120417799742, 0.2486608036264296, 0.2764843796403915, 0.30944623614104266, 0.34596737646644393, 0.38392491187200845, 0.4206717137085833, 0.45318831742733656, 0.4783981639910645, 0.4936226350922248, 0.49707652709264355, 0.4882486709536999, 0.4680247041569243, 0.4385011215775526, 0.4025632985995353, 0.3633804558940093, 0.3239681055316942, 0.2869041228503042, 0.2542089034357277, 0.227350523791306, 0.20732036066103507, 0.19473195015382225, 0.18991140276978102, 0.19296204567171452, 0.2037957851646987, 0.22212937120679438, 0.24744725361210113, 0.27893632369299715, 0.31540356293999566, 0.3551966812552363, 0.396159538383046, 0.4356643574266147, 0.47076291383415286, 0.49847833098538796, 0.5162128264373905, 0.5221863673942261, 0.5157783190757526, 0.4976540438531768, 0.4696293254377338, 0.43432301986975547, 0.3947174438699595, 0.3537536332918532, 0.3140444448923939, 0.27772814589081635, 0.2464396866109961, 0.22135718427494833, 0.2032818614050622, 0.1927200714155281, 0.18994770703412697, 0.19504622636172747, 0.20790515624004005, 0.22818949589840498, 0.2552739898777296, 0.2881520455545215, 0.3253370605434432, 0.3210725519919244, 0.28347938228550945, 0.2504062200432738, 0.22329348455807704, 0.20311676867353984, 0.1904834832904016, 0.1857199002921116, 0.18893201793319536, 0.2000328950713727, 0.2187345202773378, 0.2445058465009697, 0.27650261438143764, 0.3134810456035656, 0.353717528558214, 0.39496897174465034, 0.4345185800714345, 0.46934976133589257, 0.4964655297169526, 0.5133187293038068, 0.518255470512233, 0.5108362331684622, 0.4919208686271613, 0.4634862508877486, 0.4282454763050427, 0.3891984675849951, 0.34923919203864673, 0.3108924484672903, 0.27619201008230787, 0.24667043141534983, 0.22341593815090222, 0.20715571326501045, 0.19833649504804296, 0.1971849942818498, 0.20373901272419104, 0.21784522229761555, 0.23912281328862153, 0.2668957128766432, 0.3001020043233791, 0.33719927697055374, 0.37609890956166236, 0.4141768147587701, 0.44841310641315607, 0.47569422576770726, 0.4932587725646484, 0.4991934659437918, 0.49282744919926696, 0.4748798525439436, 0.44730179515781077, 0.41287571728528905, 0.3747188065490357, 0.3358411104069096, 0.29884924478852803, 0.2658120686773468, 0.23825356505407372, 0.21722032040920952, 0.20337650163153184, 0.19709387619257163, 0.19851858266528713, 0.20760629510237627, 0.22412323268228748, 0.24761391249384576, 0.2773398234679574, 0.3121983739691232, 0.3506399689775669, 0.29122097835488403, 0.2532431317204708, 0.22063055869999423, 0.19480286513869122, 0.17667096248800546, 0.1667505107650727, 0.16526101601471901, 0.1721930278641478, 0.18733706473161751, 0.21027431642695144, 0.24033326983303208, 0.276520724800557, 0.3174421448217217, 0.3612355279144598, 0.40555319087135944, 0.44763170585025636, 0.4844831422623457, 0.5132128582577092, 0.5314212533345207, 0.5375962703513327, 0.5313800835104902, 0.5136209954154789, 0.4861944261471575, 0.45165768709715576, 0.41284912703118637, 0.37253599173517254, 0.3331725019069734, 0.2967799934224267, 0.2649263669620291, 0.23876834315050618, 0.21912165247704188, 0.20653286977601998, 0.20133584151151507, 0.2036826165029205, 0.21354309923271422, 0.23067038946851134, 0.2545318346093234, 0.2842115453011582, 0.31830083111334645, 0.35480963196713067, 0.3911512986577504, 0.4242641999815948, 0.4509182957168039, 0.4681973171583969, 0.4740557587412069, 0.4677719295989774, 0.4501193646781272, 0.42318332779570655, 0.38990072358812894, 0.3535030034631393, 0.31703905932762316, 0.2830755083138397, 0.25358095372565487, 0.229944872173331, 0.21306771149779294, 0.20347047908229976, 0.201391416230566, 0.20685378433057627, 0.21969928796585048, 0.2395872478174505, 0.2659626494891147, 0.29799896572727835, 0.3345260394679423, 0.3739603761716524, 0.259387218991949, 0.22111191529080804, 0.18914348384680074, 0.1648554417847885, 0.14906444291875529, 0.14216477782948841, 0.14424202110052858, 0.15514768841926788, 0.17453019367467837, 0.20182477186790881, 0.23620944352215179, 0.276538428330334, 0.32127050485984865, 0.36841781305992927, 0.41554818967753954, 0.4598760129946725, 0.49846552715898007, 0.5285418074291576, 0.5478618843612887, 0.5550590308794351, 0.549861145622656, 0.5331146826522832, 0.5066092324351148, 0.47276298899456975, 0.434263729800048, 0.3937526788530368, 0.35360311216829526, 0.31580493091581197, 0.2819375363034912, 0.2532009429672376, 0.23047527195845277, 0.21438508644875318, 0.20535235042111905, 0.20362747689185134, 0.2092914303359682, 0.2222239410051387, 0.24203526464871963, 0.2679640291175811, 0.29875446219731755, 0.3325447606185558, 0.36682247142990854, 0.39852135096919444, 0.42432478200652446, 0.4411798279040623, 0.44691641712467567, 0.4407637148321702, 0.4235478287528039, 0.3974802084315104, 0.3656335946736875, 0.3313234358808739, 0.29760021363134925, 0.26695393946558116, 0.241223599820754, 0.22164535823083112, 0.20896538862882147, 0.20356232824566559, 0.20554837276413168, 0.21483622632337482, 0.23116962493142174, 0.2541201140956426, 0.2830550896699519, 0.3170842295888806, 0.3549950125594053, 0.39519378322936527, 0.22596220702907216, 0.18749916178320625, 0.15637387206854364, 0.13388368856884167, 0.12071798853553979, 0.11711852031167146, 0.12301015610967313, 0.13808396248037672, 0.16183039538144364, 0.1935285884310253, 0.23220210058902135, 0.27655544879264354, 0.32491105179664037, 0.37517264050819316, 0.4248461167180228, 0.47114727513874854, 0.5112120349776395, 0.5423964399753826, 0.5626165894773266, 0.5706486925816604, 0.5663057044006933, 0.5504383855772349, 0.524763896203314, 0.4915776657245238, 0.45343003527474646, 0.41284138621861866, 0.37209966861159693, 0.3331506412582998, 0.29756687623613687, 0.26657054281852477, 0.24108432951730974, 0.2217895352102122, 0.20917616321568522, 0.2035744550250147, 0.20516003709966177, 0.21392624893638945, 0.22961874845934968, 0.2516316277071546, 0.2788744549544817, 0.30963920852754473, 0.3415246184645551, 0.3715023450151337, 0.3962084874092326, 0.41248207331910003, 0.4180440740453403, 0.41207907846715824, 0.3954608520593342, 0.37051098018882417, 0.34040895511070324, 0.308514665769118, 0.2778377202495135, 0.25075486704712446, 0.2289504110736595, 0.21349522825583686, 0.2049806254406099, 0.2036506177964749, 0.20950452711936152, 0.22236099033978685, 0.24188437273620486, 0.26757857073919716, 0.2987546763527342, 0.3344803978465047, 0.37352193110139625, 0.41429364103865446, 0.1915055254095302, 0.1529817831597771, 0.12290108426658505, 0.10245124021215289, 0.09216001376753785, 0.0920862887712758, 0.10197024312239604, 0.1213253840651068, 0.14947378480525367, 0.18553450240362723, 0.22837911886736012, 0.2765715207033692, 0.3283131962785451, 0.38141999699089996, 0.43335870583513597, 0.48136737048588657, 0.5226678795303294, 0.5547522046351658, 0.5756920387366496, 0.5843994442581785, 0.580768287788333, 0.565657143853444, 0.5407222689454305, 0.5081520632316741, 0.47037379835376586, 0.4297954340177564, 0.3886200045599677, 0.34874190469309496, 0.3117138474358324, 0.2787634812740865, 0.2508375103127688, 0.2286546515725815, 0.21275340942643015, 0.20352437929844783, 0.20121887855848775, 0.20592644206270866, 0.2175143513039464, 0.23552529112613668, 0.2590382661921325, 0.2865176075306478, 0.3157069929196885, 0.3436607874267864, 0.36701471696393556, 0.382538635827691, 0.3878687576138554, 0.3821529157473883, 0.36630413567449477, 0.3427293673538606, 0.31467556305831207, 0.2855000355014323, 0.25812697841009047, 0.23478661173980317, 0.21699053624016884, 0.2056407014957931, 0.20118073051269286, 0.2037339728097562, 0.21320437382919355, 0.22933550524945287, 0.2517318436970986, 0.27984917226900047, 0.312961581506926, 0.35011331835554965, 0.39006587603038806, 0.4312545016385562, 0.15676795773900581, 0.11831874569396941, 0.0894678678466723, 0.07125966401632552, 0.06402784817430021, 0.06762213858501029, 0.08157955226367639, 0.10522534579194062, 0.13770959489657858, 0.17799407769359865, 0.22480716308853105, 0.27658639340807234, 0.33143121609319176, 0.3870911732687647, 0.441015003105626, 0.49047956183808106, 0.5328011444940604, 0.5656065716065412, 0.5871146349035092, 0.5963626083906575, 0.5933186831716112, 0.5788508540928807, 0.5545644669447616, 0.5225558514075357, 0.4851441481845103, 0.4446355422950318, 0.40315225064799254, 0.3625346642661683, 0.3243074116902987, 0.2896914166044414, 0.25964262830426255, 0.23490076154823727, 0.21603516840852266, 0.20347803238076614, 0.19753665258619416, 0.1983767799066482, 0.20596876297173958, 0.219989885376323, 0.23968373510069474, 0.2636963398817846, 0.28994313433606006, 0.31560397251216943, 0.3373651411568025, 0.35197438710277146, 0.35701533305481303, 0.35161007730240046, 0.3366990856383116, 0.31474183993431765, 0.2890053398129772, 0.2627934822350099, 0.23890273070226536, 0.2193905963481756, 0.20558720937175612, 0.19823085826583933, 0.19763170882263112, 0.20381109604135725, 0.2165975801959872, 0.2356793505251741, 0.2606197228742384, 0.2908439796576905, 0.3256055816139714, 0.36394001277574356, 0.40461615338225027, 0.44609818742520574, 0.12269986708510146, 0.08445533874587367, 0.05697949419182377, 0.041142749500254094, 0.03705846416338649, 0.0443486060775531, 0.06233688389525714, 0.09015781291517243, 0.12679346870704702, 0.17105782990034696, 0.2215502216434863, 0.2765998349845197, 0.33422451302992773, 0.39212811097458106, 0.4477589862136493, 0.4984440817659589, 0.5415965102349217, 0.5749713641983816, 0.5969219480612453, 0.6065975243193348, 0.6040324004404239, 0.5901042834339169, 0.566376369604468, 0.5348670469756025, 0.49780238494664736, 0.4573988815493375, 0.4157047759403777, 0.37450750982468395, 0.3352995666345608, 0.2992871405389586, 0.2674245838517805, 0.2404596614649917, 0.21897780424565857, 0.20343613892194842, 0.19417928943617324, 0.19142873953369977, 0.19523665273298113, 0.20539543365434218, 0.2212999763807276, 0.24177683174672368, 0.2649296042627239, 0.28809928638926346, 0.3080722055138237, 0.32162491981341584, 0.3263261173594015, 0.3212856451163748, 0.30745695955330227, 0.287313725792651, 0.26409186643562677, 0.2409926933022974, 0.2206499260414405, 0.20493263858777955, 0.19499119738624307, 0.19141382208935756, 0.1943968261102606, 0.2038807879543969, 0.21963931234799647, 0.24132379162582832, 0.2684729564383094, 0.30049629342318557, 0.336639513937151, 0.3759400959782279, 0.41718219236321497, 0.4588628224570637, 0.09043627672051396, 0.0525050477065043, 0.026482623825601268, 0.01304361117110132, 0.012065656086613741, 0.02293586343813738, 0.04476522572690251, 0.07650436964646812, 0.1169790433660789, 0.16487080031170911, 0.21866808454743797, 0.2766116358517212, 0.33665776749592197, 0.39648262160624403, 0.4535472433311465, 0.5052341876678551, 0.5490499955477993, 0.5828666650835677, 0.6051562110862744, 0.6151648734621106, 0.612983861095639, 0.5995000094782885, 0.5762421540923048, 0.5451640608911023, 0.5084136281136277, 0.46813062025974794, 0.4262981106797488, 0.3846545337209382, 0.3446596446754795, 0.30750065302234914, 0.27412326167842294, 0.24527402910402848, 0.22154319384768797, 0.20339935415697755, 0.1912083853896914, 0.18522852478360544, 0.18557216100384683, 0.19212420855879864, 0.20441082744849054, 0.2214274218516361, 0.2414692861217658, 0.2620618608470254, 0.28013261831833697, 0.29253498553103763, 0.2968612084818022, 0.2922232373243081, 0.2795721479284787, 0.261356672895863, 0.24073357860343872, 0.22076098265492788, 0.20388726810134375, 0.19179019385197138, 0.1854524460407754, 0.18533239393733883, 0.19153512145085128, 0.20394196519250182, 0.2222904505178036, 0.24621114717326686, 0.275231588129735, 0.30875666276512403, 0.3460335172734183, 0.3861085893319722, 0.4277854454158023, 0.46959437624910416, 0.061250062614060956, 0.023701823474248897, -0.0008814090078357829, -0.012028750231935639, -0.01009803057022175, 0.004070519341054054, 0.029388110697596143, 0.0646379636720004, 0.1085081616995608, 0.15956777132853975, 0.21621481975187123, 0.2766216120297859, 0.3387010147675945, 0.40011556168280127, 0.45834682946108163, 0.5108327676766375, 0.5551646805664832, 0.5893160978145503, 0.6118594992508314, 0.6221219123248501, 0.6202416598200965, 0.6071135619703382, 0.5842391273144248, 0.5535200807786276, 0.5170407406070897, 0.4768775592911827, 0.4349586302723988, 0.39297951515758317, 0.35236946343839076, 0.3142956471133165, 0.2796915104125611, 0.24929675133743362, 0.2236988699910104, 0.20336825358767832, 0.18867963524501993, 0.17991219235430123, 0.17721885279867783, 0.18055393367696512, 0.18955055227914788, 0.20335216435145964, 0.22043535523311872, 0.23851666209115532, 0.25469013966158843, 0.26592296593520975, 0.2698637652470266, 0.26563942552089453, 0.25418490989176573, 0.2378907542289024, 0.2197978594642565, 0.20279631068703421, 0.1891431834007484, 0.18033581518476643, 0.17721024665566004, 0.18011932751068235, 0.18909992317952204, 0.2039936772267773, 0.22451771711072568, 0.2502940754921201, 0.2808486863200192, 0.3155893189501165, 0.3537701410002983, 0.394450079150121, 0.4364530631604777, 0.47834030353369855, 0.03646852055342454, -0.0006806343497275331, -0.02395064464358779, -0.03306373386047879, -0.02859393894441182, -0.011584792989188863, 0.01670084038120732, 0.05490426388382248, 0.1016002782906422, 0.15526838106634755, 0.21423731265679616, 0.2766296080003817, 0.3403296657279981, 0.40299603235476406, 0.4621333781783093, 0.5152295215673514, 0.5599473255654837, 0.5943432623485883, 0.617070240214979, 0.6275191489666181, 0.6258653522375004, 0.613010168860115, 0.5904342415084386, 0.5599991995928071, 0.523740011049026, 0.4836834495750841, 0.44171373978613976, 0.3994913195188337, 0.3584193371458596, 0.31964648916485505, 0.28409330687137885, 0.2524902401897377, 0.2254181005636912, 0.20334332390958273, 0.18664133025820517, 0.17560065914820105, 0.17039871582828525, 0.17103799812060366, 0.17723276321261944, 0.188246942484694, 0.2027147401154608, 0.21853131147373778, 0.23296101934449662, 0.24310232575577448, 0.24668028135362566, 0.24284527690147495, 0.23250701217153558, 0.2179776139276765, 0.20216492468195796, 0.18778785994997732, 0.17692517692392473, 0.17091772516633208, 0.1704824940340718, 0.17589250060201783, 0.18713743034060631, 0.20403512093275966, 0.22629374044682954, 0.2535348541120906, 0.2852884651510162, 0.32096911637757014, 0.35984032817041733, 0.40097410168125514, 0.44321307819228417, 0.4851448717311421, 0.017356362675212466, -0.01943884695974303, -0.04163964766599285, -0.0491299605016081, -0.0426605787337917, -0.02343783677474453, 0.0071388928458099125, 0.047602094353698145, 0.09644183078000156, 0.15207244420463042, 0.2127739372968829, 0.27663549912381674, 0.3415244928174224, 0.40510065685949403, 0.46488951637715575, 0.5184187063250103, 0.563405780620376, 0.597969114652204, 0.6208207504634257, 0.6313980849309812, 0.629903337035378, 0.6172426395601537, 0.5948818107198366, 0.5646538173863843, 0.5285581620429582, 0.48858563559099855, 0.44658830352522827, 0.4042003716311236, 0.36280491353882394, 0.3235357346505808, 0.28730217690163967, 0.254825795697016, 0.22667992363518086, 0.2033249553311819, 0.1851329918291075, 0.17239490800611787, 0.16530101998831429, 0.16388426414584423, 0.16791504063922427, 0.1767460962140943, 0.18913439492453418, 0.2031221721572925, 0.21612310036072324, 0.22535954727480362, 0.22863473020366082, 0.22512456406451808, 0.215711347325946, 0.20262723168390054, 0.18865483007167397, 0.17636335216020618, 0.16768502398339352, 0.16383904921577358, 0.16545482988117863, 0.1727502869466628, 0.185685424983163, 0.20406565288570894, 0.22759707517953798, 0.2559047116979661, 0.28852467126896447, 0.32487901971198224, 0.364240233919874, 0.40569160955575817, 0.44809083836210634, 0.49004581548252857, 0.004978838826536109, -0.031565767131875894, -0.053048191556005056, -0.0594630508581458, -0.051680188262171696, -0.031014008346410223, 0.0010468429634368196, 0.04296483225393958, 0.09317648015733938, 0.1500558083273373, 0.21185342633118456, 0.2766391935756262, 0.3422715990169013, 0.4064129759371874, 0.4666036082981118, 0.5203974186817389, 0.5655470821545607, 0.6002101095211572, 0.6231355535012638, 0.6337897304833872, 0.6323915063296914, 0.619850035588676, 0.5976220650365219, 0.5675229542081038, 0.5315303441313586, 0.49161273055511767, 0.44960209516869865, 0.407116062855559, 0.36552478084990747, 0.32595219161777383, 0.28929992031298174, 0.25628306104335274, 0.227469155455118, 0.20331343541078614, 0.18418420981958533, 0.17037173347644802, 0.1620720140945938, 0.15933460383880665, 0.16196316935709074, 0.16936580824135872, 0.18037916201069082, 0.19314470999892477, 0.20518109796258063, 0.21380177435441605, 0.2168699905691003, 0.21358185589900133, 0.2047980023306924, 0.1926892455713989, 0.17994629310651247, 0.16903326227708818, 0.16178364355642855, 0.15933779477967053, 0.16227061703317325, 0.17076745538912366, 0.18477217909882146, 0.20408479919704467, 0.22841219762187717, 0.25738325854040867, 0.29053928307739085, 0.3273081471493001, 0.36696882089554506, 0.40861237649819176, 0.45110646224139533, 0.49307202208693945, 0.00006882272226358665, -0.03637172519963851, -0.05756357129398933, -0.06354655050504611, -0.05523871785627599, -0.033997900144161396, -0.0013483207719492212, 0.041144832597634545, 0.09189714649802935, 0.149267062509919, 0.21149400025118964, 0.27664063377296727, 0.34256238424808644, 0.4069229899679556, 0.46726884136507524, 0.521164381987303, 0.5663761462230872, 0.6010769628917063, 0.6240302946576326, 0.6347136788889681, 0.6333524294663347, 0.6208568784880754, 0.598680281972116, 0.5686312107905246, 0.5326788621112986, 0.49278309716436747, 0.45076808761112713, 0.4082449703111115, 0.3665787866109491, 0.32688952834558327, 0.29007566965652554, 0.2568496037072476, 0.22777638534222788, 0.20330894451178994, 0.1838137474814409, 0.16958035745023786, 0.16080647326363326, 0.15754756889671576, 0.15961982161625105, 0.16645277930616922, 0.17691467638037678, 0.18918718165920198, 0.20083237337687032, 0.2092022332905789, 0.21218594571911306, 0.20898846165450474, 0.20046092939711999, 0.1887476867181475, 0.1765005894900029, 0.1661403071277409, 0.15946037627836548, 0.1575699154015958, 0.16102272353461916, 0.16999191110130282, 0.18441561345091548, 0.20409226275103004, 0.22872949080975574, 0.2579580496912263, 0.29132155156795175, 0.3282503647568318, 0.3680261713024702, 0.40974321636671907, 0.4522731340275439, 0.49424202041204823, 0.0029265719969291124, -0.03357486103402296, -0.05493621714393256, -0.06117092253642846, -0.053168903961758156, -0.03226267788067209, 0.0000442499079535417, 0.042202778262286696, 0.09264065638429682, 0.14972536504934655, 0.2117028043200353, 0.2766397972689644, 0.34239351980375127, 0.40662686707420137, 0.46688265854816063, 0.5207192083075433, 0.5658949895041789, 0.6005739297220815, 0.6235111232369702, 0.634177593605949, 0.6327949123774196, 0.6202727277521137, 0.5980663202005914, 0.5679881985361603, 0.5320124590166584, 0.4921039741444994, 0.45009145049564137, 0.4075897949309704, 0.36596701890030053, 0.326345415994898, 0.2896253002106283, 0.2565206458672494, 0.22759796785368605, 0.20331155295084993, 0.18402896275109518, 0.17004019326229616, 0.16154199779359196, 0.15858644978309822, 0.1609824926963483, 0.1681472257427038, 0.17893049789064938, 0.19149053133688215, 0.20336400216313769, 0.2118802976328348, 0.21491336022765142, 0.21166293653643162, 0.20298575698377946, 0.19104172036380124, 0.17850546164541445, 0.16782305914321308, 0.1608113566017325, 0.1585976505479801, 0.16174798526330397, 0.1704425442311552, 0.18462275416874802, 0.20408792773854528, 0.22854523031017904, 0.2576243041562444, 0.2908673994785828, 0.3277034214272017, 0.36741246462730554, 0.40908692171785027, 0.4515961046877747, 0.4935631127799816, 0.013376665813865006, -0.023339799056305902, -0.04531183640260203, -0.05245844489033517, -0.04556830560044386, -0.02588227979668871, 0.005171624307782268, 0.046103333875644865, 0.0953855783821132, 0.15141957340572534, 0.21247568547781223, 0.27663669710131306, 0.34176693746066805, 0.40552682841413296, 0.4654465383613793, 0.5190621155714615, 0.5641024339370606, 0.5986985334585169, 0.6215744642606458, 0.6321770218873962, 0.6307138399405811, 0.6180920310809292, 0.5957744533533436, 0.5655883335826528, 0.5295260535534292, 0.48957115174123594, 0.4475691736619048, 0.4051489587583988, 0.36368941662979876, 0.3243211977988895, 0.287951200154694, 0.2552989579392683, 0.2269360187844448, 0.20332121988580834, 0.18482557896781246, 0.17173994966415476, 0.16425670334558534, 0.16241438317684898, 0.165994353755022, 0.1743673532524987, 0.18631596225470223, 0.19991399555318104, 0.2126081703796541, 0.22164919940235933, 0.22485877840152893, 0.2214189929610796, 0.21220552008999558, 0.19943162564937866, 0.18585130923938104, 0.1740006852314334, 0.16578055042599393, 0.16238474999766184, 0.1644249633279464, 0.17210836809216437, 0.18538951754572072, 0.2040718614235339, 0.2278615777007924, 0.2563847940811039, 0.28917918733643483, 0.325668615203543, 0.3651275866957896, 0.40664186142367137, 0.44907231689826577, 0.4910310525783969, 0.030793302140955926, -0.0062549402294430016, -0.029212554756689824, -0.037848614459573375, -0.03278874032793198, -0.01512427842868925, 0.013841557986527598, 0.0527176837130542, 0.10005348566213779, 0.15430875116044873, 0.21379732216796454, 0.27663138158980444, 0.3406898358653966, 0.40363121486686904, 0.4629661225559507, 0.5161940915311946, 0.5609942777116822, 0.5954417224279742, 0.6182071501982046, 0.628695502140281, 0.6270902665946464, 0.6142942103674776, 0.5917834655129378, 0.5614109553246611, 0.5252008914920837, 0.4851691591268262, 0.4431902848952624, 0.40091683808296874, 0.3597459953934371, 0.32082208097031406, 0.28506240404284355, 0.25319492050422143, 0.22579841755520336, 0.20333779396164067, 0.18618781829978565, 0.17463815294636995, 0.16887056861619945, 0.16889721030333338, 0.17444960311166133, 0.18481845289348867, 0.1986743484094108, 0.21395530770510351, 0.22796840385878678, 0.23784679924577595, 0.24133695754370138, 0.2375961524558286, 0.2275266922051298, 0.21341877903092915, 0.198145156691668, 0.1843818870105442, 0.17416499802133995, 0.16879926372144832, 0.16897525246335035, 0.17494902132460946, 0.18670083526547226, 0.20404431311706916, 0.22668658442409914, 0.25424990920498564, 0.2862658493247003, 0.3221509868419331, 0.36117135622583574, 0.4024022136131885, 0.4446906219216866, 0.48663023043320897, 0.054187340375572574, 0.016745939654098502, -0.00747150189773201, -0.018047240719418035, -0.015399217438095407, -0.0004246744960726178, 0.025738364110168596, 0.06183261362406116, 0.10651350588644641, 0.15832400830286902, 0.21564169953333365, 0.2766239335858701, 0.33917470268854216, 0.4009547326813878, 0.4594516914989602, 0.5121175093427887, 0.5565639426623507, 0.5907884674590584, 0.6133869298320825, 0.6237049839332897, 0.6218917753029339, 0.6088440045710262, 0.5860570305849444, 0.5554207923111601, 0.5190051338799431, 0.47887198517779217, 0.4369366803197116, 0.3948846460179726, 0.35413769673610035, 0.31585785358200735, 0.2809750877963618, 0.2502267515818682, 0.2241988145025351, 0.20336101570380885, 0.1880888901347458, 0.1786650414896093, 0.17525028471285956, 0.1778136741093222, 0.18601238669149975, 0.19902476627175503, 0.21537205811664661, 0.2328202433107968, 0.24850922212376403, 0.2594402748527394, 0.2632810389693094, 0.2591640437703373, 0.24801818363496467, 0.23221445759357, 0.21475915434718262, 0.19849623062869573, 0.18563335733812752, 0.17762349794694318, 0.17526819047814393, 0.17889659055781496, 0.18853111293119984, 0.20400571037358795, 0.22503420444599875, 0.25123789352917963, 0.2821433972930618, 0.3171600430476842, 0.35554437694347546, 0.39635884772889635, 0.4384326069058321, 0.48033439047663856, 0.08233334698273605, 0.04449898365329906, 0.01886436347282045, 0.00605008556403517, 0.005870522026080342, 0.01765103107016305, 0.04044777736575851, 0.0731649485010103, 0.11458966399019758, 0.16337151865533261, 0.217972902640242, 0.27661446918563787, 0.33723934696735725, 0.39751886880201565, 0.4549189865896451, 0.5068372119855222, 0.5508036351353064, 0.5847188542146402, 0.6070834189711791, 0.6171666324353348, 0.6150731815186019, 0.6016921503217011, 0.5785444602387481, 0.5475688627566332, 0.5108949686724114, 0.47064441335738094, 0.4287846358659375, 0.3870420146630135, 0.3468678892235788, 0.309444133916936, 0.2757134179741993, 0.2464208877223651, 0.22215663757080775, 0.2033905216197042, 0.19049180639711677, 0.18372566939274912, 0.18321705687844372, 0.18887152187799644, 0.20024610017417716, 0.21637785539146823, 0.23561179600728802, 0.2555242085982062, 0.2730851132842047, 0.2851752012031391, 0.28939888798614405, 0.2848709648774668, 0.2725394328064524, 0.2548404053362883, 0.2349027988239242, 0.21574173789724893, 0.19975464224704761, 0.18856974762175455, 0.18312843975873883, 0.18385859818783018, 0.19084499608677752, 0.2039566524633024, 0.2229243099037016, 0.24737524262545738, 0.27683578603222536, 0.3107110175474921, 0.3482495444282657, 0.38850090657015474, 0.4302741015808497, 0.4721079577585679, 0.11390807988958646, 0.07573743430933397, 0.04864318476056414, 0.03344541693312599, 0.030195845961512507, 0.038454227658447165, 0.057487253049524414, 0.08637955167238202, 0.12407025347920951, 0.16933646677219594, 0.2207461831600629, 0.27660313592621144, 0.3349069320601393, 0.3933524588825336, 0.4493903762966399, 0.5003620926729738, 0.5437060830018218, 0.5772097635130677, 0.5992596081923331, 0.6090321468461659, 0.6065777217129518, 0.5927765479394235, 0.569181974847551, 0.5377939677171257, 0.500816401040976, 0.46044411340230684, 0.41870711853102205, 0.377379361575488, 0.3379445670106586, 0.30160416182110317, 0.26931074051524356, 0.24181249825204232, 0.2196970890143804, 0.20342584994090596, 0.19335047808020092, 0.18970396052171146, 0.1925565134103869, 0.20172737319697528, 0.21664846134621554, 0.23619270399171283, 0.25851482039383, 0.2810031179083334, 0.3004779054498894, 0.3137317672926134, 0.3183359986725805, 0.3133996199515442, 0.2998769381713533, 0.2802387017338934, 0.2577041938722435, 0.23544014645071298, 0.21603265773481678, 0.20129972805151342, 0.1923456261498652, 0.18972190897927235, 0.1935984016021477, 0.20389790121374543, 0.22038269979884614, 0.242697240790866, 0.2703761255769807, 0.30282668066040075, 0.3392942547704042, 0.3788181743758128, 0.4201874841104345, 0.4619081201384324, 0.14761456623391103, 0.10920757781762117, 0.08070984927783602, 0.06312226036466319, 0.05672222735373841, 0.061300409844646735, 0.07633778104731519, 0.10110883165922363, 0.13471832570799785, 0.17608761717572213, 0.2239092417698574, 0.2765901104928301, 0.33220599580382476, 0.38849238192384294, 0.44289635586654674, 0.4927072036397985, 0.5352669338979137, 0.5682372729093542, 0.5898740974936758, 0.59924578805518, 0.5963389395276153, 0.5820241394570375, 0.557894733730717, 0.5260250164480562, 0.4887079539403099, 0.4482246980484425, 0.4066770656175024, 0.36589115545169404, 0.32738330270502053, 0.29237113782315355, 0.2618110829612948, 0.23644610184485643, 0.21685111906255986, 0.20346644791227317, 0.19661103376520672, 0.1964673929255744, 0.20302972307893538, 0.21600794448283864, 0.2346874249176271, 0.25776267570616823, 0.2831979830861454, 0.3082129226926298, 0.32951572897842407, 0.34385681360405623, 0.34881202787022364, 0.34349883143243165, 0.3288626238296035, 0.3073705254184066, 0.28228628253098537, 0.2568911300680884, 0.23394131651124397, 0.21544536351220492, 0.20268507092159593, 0.19635725024841796, 0.1967397597447066, 0.20383036935144774, 0.2174410878874501, 0.23724860692910602, 0.2628082152323468, 0.29353970467477525, 0.3286933738493635, 0.36730434787812166, 0.4081449559641644, 0.44968787400896865, 0.18227515105380915, 0.14375795133672384, 0.11398687441034823, 0.09411489002328716, 0.08462123696732884, 0.08551158478239305, 0.0964736825518574, 0.11697179306579238, 0.14628237529062013, 0.1834821764096726, 0.22740366039779475, 0.27657559597210063, 0.329170440924929, 0.38298434462379527, 0.43547735875374727, 0.4838964233400387, 0.5254879159706328, 0.5577799510409823, 0.5788842865318213, 0.5877473860857262, 0.5842835699550789, 0.569353820225334, 0.5445999588793056, 0.5121845183757975, 0.4745045954760887, 0.43394002095083095, 0.3926718457264245, 0.35258021756911845, 0.3152110121681823, 0.2817911032521095, 0.25327092794149325, 0.2303762431808435, 0.21365536022521525, 0.2035116805089267, 0.20021329253446432, 0.20387197133358814, 0.21438432175537914, 0.2313303884121878, 0.25383370866258176, 0.28040635912543543, 0.308835373574218, 0.3362044589316466, 0.35915774578615867, 0.3744543741924364, 0.37971317235067187, 0.3740739459794844, 0.3584582871746978, 0.335290583106283, 0.30782798234939796, 0.2794186168461526, 0.25295668980485614, 0.23062874727935248, 0.21389864859999919, 0.20362401843280162, 0.20021140438673318, 0.20375510651147005, 0.2141370523869012, 0.23108420635935553, 0.2541883577561829, 0.2828955801190322, 0.3164730275184355, 0.35396134973342874, 0.3941230021094688, 0.4354003118341156, 0.21688781737770255, 0.17839573740034317, 0.14752841514837334, 0.12555745695039158, 0.11313267032566553, 0.11045010941047279, 0.11738777604887002, 0.1335910383899093, 0.15850640682979403, 0.19137063193062684, 0.23116641568611856, 0.2765598186935227, 0.3258394756835795, 0.3768837057512985, 0.4271858386542591, 0.47396569846807834, 0.5143808675298474, 0.5458232481932846, 0.5662508090809324, 0.5744766820396336, 0.5703358240869877, 0.5546808185363467, 0.5292116016516392, 0.49619368436259165, 0.4581433007777045, 0.4175500574598845, 0.3766791505857579, 0.33746320203932895, 0.3014705740612273, 0.26992632998597066, 0.2437611932268711, 0.22366817483288423, 0.21015200321264432, 0.20356084043939449, 0.20409232083560358, 0.21176716094373524, 0.22636487986354645, 0.24732000179547897, 0.2735870437876286, 0.30350227535309, 0.3346998350016254, 0.36416896914112656, 0.38854085882381456, 0.40463198731244526, 0.41013811295273583, 0.40423316700103834, 0.38780230331916404, 0.3631925418598575, 0.33360550397568967, 0.30240521647209617, 0.27258294774118214, 0.24647956312461514, 0.22573492715566923, 0.21137505868111325, 0.2039510459536637, 0.20367328311749416, 0.2105139271576421, 0.22426977273264184, 0.24458738941521846, 0.2709560535468288, 0.3026752587186588, 0.338804831157901, 0.37810828921186307, 0.4190044960066256, 0.25064882367790864, 0.2123121454958055, 0.18054777288845825, 0.1567121062997396, 0.14159133007116212, 0.1355422914281758, 0.1386104435248593, 0.15060665552031252, 0.1711387575866755, 0.19960129489715794, 0.23513140741605723, 0.27654302470793357, 0.32225748237063767, 0.3702562763327855, 0.4180885531934851, 0.4629668477684089, 0.5019727287241728, 0.5323652038159042, 0.5519435539554054, 0.5593794466415063, 0.5544235901223051, 0.5379231054467052, 0.5116471309628741, 0.477979695753603, 0.4395707449811509, 0.39902876235009477, 0.3587045805195155, 0.3205773793327336, 0.2862263094904545, 0.25685914835549956, 0.2333693242048095, 0.2163984760742265, 0.20638859354317893, 0.20361315927298085, 0.20818000525540475, 0.22000050194046084, 0.23872186134010615, 0.2636242162091751, 0.2934947993011254, 0.3265103836200545, 0.3601844939992884, 0.39145664454761653, 0.4169934753571225, 0.4337101397869649, 0.43940576843559287, 0.43329711726638304, 0.41622356434919217, 0.39042771875762705, 0.35901393448703456, 0.3253136680381074, 0.292370841524199, 0.2626488970010181, 0.23794795636271904, 0.2194611472426565, 0.20789326368634922, 0.20358617236795515, 0.20662061187172645, 0.21688257024187854, 0.23409283164629424, 0.2578030171820633, 0.2873635604845914, 0.32187099295452964, 0.360105269567331, 0.4004733173449101, 0.28294959559008254, 0.24488329310700094, 0.21242301833776908, 0.186978819532261, 0.1694396372617352, 0.1602918966572774, 0.1597222173891291, 0.16768648494646646, 0.18393927870176757, 0.2080243367318549, 0.23923094236793319, 0.2765254759571887, 0.3184737899255431, 0.36317901582327294, 0.4082689428794562, 0.45097186421736246, 0.4883115464926903, 0.5174236805272306, 0.5359496470298827, 0.5424158941470069, 0.5364871779031786, 0.51901052742351, 0.4918371508594219, 0.45748580717346526, 0.41875369211746366, 0.3783743184519941, 0.3387811605480239, 0.301988790072344, 0.26957025882543867, 0.24269608303696608, 0.22220136824403006, 0.20865552684496527, 0.20241772708904024, 0.20366781951209764, 0.21240658003393506, 0.22842169069547932, 0.2512187809153454, 0.2799224516075979, 0.3131629815741863, 0.3489815852584631, 0.38480766191643145, 0.4175744713117202, 0.44402567096455553, 0.46120651591778133, 0.4670373767792397, 0.46078324205399945, 0.4432318992554575, 0.4165032010791844, 0.38357235102752446, 0.3476964501005472, 0.31192870220424795, 0.27881901443765617, 0.2503043163004082, 0.22773496915000868, 0.21197095988669548, 0.20349513059378946, 0.202511277646923, 0.2090119121733664, 0.22281103279899064, 0.24354272145855838, 0.27062922553106394, 0.3032247974393837, 0.3401457341116406, 0.37980375814207873, 0.31335710777794235, 0.27565467676901, 0.24268711375133536, 0.21589147782055093, 0.196228827398631, 0.18428494641971396, 0.18036035634093744, 0.1845327508736734, 0.19668470329052956, 0.2164951811498652, 0.24339712406048286, 0.27650744619427586, 0.3145423269367247, 0.3557405289856091, 0.39782945206494497, 0.43807757590499014, 0.4734734606484839, 0.5010452738427695, 0.5182837546556368, 0.5235719489563659, 0.5164913165129011, 0.49789745915661265, 0.4697386548096089, 0.43468501555609557, 0.3956926584066415, 0.35562214559029715, 0.31698093271448236, 0.28180172228478606, 0.25162908513186805, 0.2275720877204945, 0.210383858464386, 0.2005397430009906, 0.19829662336041398, 0.20372396741612306, 0.21670205835195766, 0.2368859889689423, 0.26363741365761983, 0.2959319663308149, 0.3322605617404415, 0.3705577253420842, 0.40820585304678214, 0.4421707414763496, 0.46930554519508205, 0.48680653253143036, 0.49272497353522626, 0.4863764919820664, 0.4684946892034027, 0.4410666646883035, 0.4069171217204022, 0.3691959845652254, 0.3309268679087274, 0.2947092194209503, 0.2625882767441245, 0.23605445520837362, 0.2161167280253657, 0.20340157628028482, 0.19824494502820264, 0.200759438942144, 0.21086912520434778, 0.2283101011892862, 0.2525983448144955, 0.2829695302653127, 0.3183004677528703, 0.35702993709573416, 0.3415859288555891, 0.30431670718964243, 0.27100881847131136, 0.24310496841296506, 0.22161205917568488, 0.20718781391004534, 0.20022040927326737, 0.2008854031447184, 0.2091722228336275, 0.2248771843505466, 0.2475631107489157, 0.27648921671705323, 0.31052113297999745, 0.3480412548816165, 0.3868935844008693, 0.4244104205430526, 0.457570499566115, 0.48331590945900077, 0.4990009681694719, 0.5028738756539135, 0.4944411159227762, 0.4745797983456031, 0.44535273652525753, 0.4095979954793193, 0.3704393325036918, 0.3308608832216299, 0.2934285790747968, 0.26016927570024273, 0.23257127992871865, 0.2116545708840251, 0.19806529005034268, 0.192163470092561, 0.19408655753857793, 0.203780726372511, 0.22099752865109276, 0.24525689632016523, 0.2757811161410179, 0.31141021802875635, 0.3505185871500579, 0.39096500702794457, 0.4301196426294558, 0.46501277157128684, 0.4926297887531862, 0.5103290957597245, 0.5162954999928193, 0.5098951992405085, 0.491807654556646, 0.4638843731329607, 0.4287880501562278, 0.389538290229309, 0.34909695322826195, 0.31007828553696454, 0.2746051178566403, 0.24428541284764596, 0.2202640977366008, 0.2033069680687363, 0.19388491336236155, 0.19223904904804184, 0.19841657676383276, 0.21227290558374226, 0.23343913201396338, 0.26125748084776784, 0.2946929697630586, 0.33223915924594266, 0.3674679927700534, 0.3306770816207839, 0.29716951024615545, 0.26837755448657064, 0.24533260418880398, 0.22874074587612242, 0.21905399613603393, 0.21652273537696443, 0.22122143687397144, 0.23304359874064015, 0.2516642166992122, 0.2764710719818386, 0.3064717099654754, 0.34019323087078096, 0.3756074283719879, 0.4101309547407974, 0.4407588057916921, 0.46437289196050147, 0.4782122872019679, 0.480406578609172, 0.4704025393786926, 0.4491169761525695, 0.4187474074764636, 0.38231577745990736, 0.3431179485133629, 0.30425123034828033, 0.26831669976004846, 0.2373044942492002, 0.21261414571734832, 0.19514679269932142, 0.18541693093002726, 0.18365042968103115, 0.1898521363828945, 0.20383721060348017, 0.22522629020412965, 0.2534080855733261, 0.287476465631777, 0.3261544524627068, 0.3677256571407636, 0.4100035299582379, 0.450376258498057, 0.4859627040146326, 0.5138939675486944, 0.5316933828857309, 0.5376764220219241, 0.5312579444381726, 0.5130653028968464, 0.48481720346456114, 0.4490112175545633, 0.40852275487062006, 0.3662275049451621, 0.3247241521842741, 0.2861828066676144, 0.2523034475012996, 0.22434863163342744, 0.20321278207263205, 0.189498024815575, 0.18357637239364202, 0.18562607294174302, 0.1956352070545914, 0.21336904644181617, 0.23830122526510533, 0.26951487109785655, 0.3055908651151968, 0.3909239480071973, 0.3546338366094483, 0.3210395543795711, 0.2915517135024375, 0.26720971985845715, 0.24874871764668083, 0.23666403226934912, 0.2312599332686847, 0.23267493079943863, 0.2408788652741859, 0.2556388439900897, 0.27645329516510275, 0.30245820113305105, 0.33231931409779786, 0.36414033725821293, 0.39543756512159006, 0.4232466299580837, 0.44441777810229843, 0.45610226935477405, 0.4563354151014582, 0.4445274785816732, 0.42165919731761403, 0.39008567817451717, 0.3530271015132185, 0.3139502251247674, 0.2760469521492536, 0.24192186689870773, 0.21349116619335667, 0.1920297900642048, 0.1782900992441614, 0.17263267846138497, 0.17513461731940425, 0.18566040929699354, 0.20389253899270382, 0.22932481470764332, 0.2612246518925266, 0.29857350997583987, 0.3399992897221235, 0.38372120866814996, 0.4275351335301772, 0.46887168941615287, 0.5049545038656286, 0.533065694333657, 0.5508897425968513, 0.5568659047060367, 0.5504545104670737, 0.5322342100630065, 0.5037978047727282, 0.46748128849356674, 0.4260101818123526, 0.38215746362120523, 0.33848163458152863, 0.29717230955368157, 0.25999522029323796, 0.22830886050343024, 0.2031204888574296, 0.18515375270625115, 0.17490767999137707, 0.17269343275386712, 0.1786397460657757, 0.19266094227594832, 0.2143846089155981, 0.2430421733788378, 0.2773377977696706, 0.4119381127030833, 0.37615125103034547, 0.34255644831788723, 0.31253558721735647, 0.28712410428537194, 0.26707114376659297, 0.2528984734688981, 0.24494619676182025, 0.24339777743826255, 0.24827931443890028, 0.2594292430643357, 0.27643616374248897, 0.2985463936354455, 0.32455175418144006, 0.35268441441400916, 0.38056869319934805, 0.40530108797192654, 0.4237288979420562, 0.43294769255449955, 0.4309305317513389, 0.41708262182956585, 0.3924791719121151, 0.35965806314888527, 0.32204935740595425, 0.2832824952391295, 0.24661648636069938, 0.21461988625291845, 0.18909292746213424, 0.1711491140297922, 0.16136436558189904, 0.15992766519332005, 0.16675856748535117, 0.1815798140352051, 0.2039458488159829, 0.2332335319377142, 0.2686037611051713, 0.308944954077935, 0.3528130248079363, 0.39838778630260563, 0.443471100838558, 0.48555403880408393, 0.5219738030378653, 0.5501620973464765, 0.5679558772242349, 0.5739086073392328, 0.5675220938455716, 0.5493305533152237, 0.5208105479105074, 0.4841450071752001, 0.44191065622893533, 0.39676858974193896, 0.3512188488158853, 0.30744685527942345, 0.26725912218601416, 0.2320870539670303, 0.20303153044218997, 0.18092311248101653, 0.1663781401319222, 0.15983625189962297, 0.16156847029042237, 0.1716472132627343, 0.18987205430747167, 0.2156507377736121, 0.2478478247089916, 0.43053777792143394, 0.3952395349594872, 0.36170586545882155, 0.3312862811059104, 0.30500416501134825, 0.2836115409799878, 0.26764344013954544, 0.25746100634707336, 0.25327626066849035, 0.2551533765424125, 0.26298210938389616, 0.27641994515427964, 0.29480255112361836, 0.31703003693624676, 0.34145245459477863, 0.36580276307425297, 0.38725231343204014, 0.4026716619878644, 0.40913505927374144, 0.4045914373423252, 0.38847980578187713, 0.36200597301956233, 0.32791699050639356, 0.28986039056511914, 0.2516121854109036, 0.21646239973579243, 0.18689786530490768, 0.1645588148778404, 0.15036256239408916, 0.1446859735368797, 0.14753534165427185, 0.15867093010343475, 0.17767896654154017, 0.20399630916282985, 0.2368974469009567, 0.27545480304064784, 0.31848460188857447, 0.36449324712382636, 0.4116431598590766, 0.4577607044077595, 0.5004090148509518, 0.5370412091877694, 0.565231855450104, 0.5829582958842098, 0.588876983620973, 0.5825267698438431, 0.5644021780788617, 0.5358748953994015, 0.498986781979137, 0.4561722115291865, 0.4099777103194275, 0.362832946124554, 0.31690045828610564, 0.2740054648730451, 0.23562983253257871, 0.2029472976850213, 0.17687740433884397, 0.15813936092571806, 0.14729098994341674, 0.14474057642842367, 0.15072067870568617, 0.16521431917779827, 0.18782860615946126, 0.217623657256735, 0.4467768095812742, 0.4119384412006983, 0.37850595961749917, 0.3477955758304889, 0.32081379028638646, 0.2983078537959555, 0.28081634745768747, 0.26870999916810023, 0.26221609536413715, 0.2614214102310666, 0.26624903054355575, 0.2764048926252329, 0.29129209496352665, 0.30989796207604836, 0.3306740420217082, 0.3514549583011248, 0.3694933377076548, 0.38170406948894237, 0.38517353090819584, 0.3778677793149286, 0.35930339459711585, 0.3308562673949566, 0.2955081663316184, 0.25712619575244844, 0.2196089229472752, 0.18623457052829734, 0.15935984106972928, 0.14042301465939447, 0.13011629846572867, 0.1286026892254846, 0.13570283363279204, 0.1510233467506786, 0.17402531577205874, 0.20404313384208178, 0.24026660312192005, 0.281699163044712, 0.3271053397395525, 0.3749622482731039, 0.423432862988366, 0.47038111770579005, 0.5134478632454854, 0.5501990557595096, 0.5783414366530218, 0.595978427996647, 0.6018573887999453, 0.5955496071677308, 0.5775148461344941, 0.5490321804945795, 0.512016674676685, 0.46877082455826646, 0.42172935791641675, 0.37324562012594426, 0.32544598127273755, 0.28015629659177227, 0.2388886338593657, 0.2028691084121435, 0.1730868087229488, 0.1503462038541401, 0.13530828819600293, 0.12850739942640882, 0.13033084412271148, 0.14094841543516, 0.16018187368009115, 0.18731631671490898, 0.46072308355299524, 0.42630448674642185, 0.39299482598114516, 0.3620781638004959, 0.33454191549457757, 0.31112384238883994, 0.2923594596646428, 0.27862080885553975, 0.27014037912672345, 0.26701525686625815, 0.2691868030117708, 0.2763912412044467, 0.28807816591100943, 0.30329997797041225, 0.32058962034771904, 0.3378700887630973, 0.3524739219093573, 0.3613742739950601, 0.3616986606102268, 0.35147033847483916, 0.33032765125294905, 0.299855221958376, 0.2632909886716291, 0.22471691553715406, 0.18812356513016323, 0.15673171615633308, 0.1327221180391326, 0.11729641057724007, 0.11090256497344936, 0.11348496558752628, 0.12468449289277249, 0.14396667120850226, 0.17068369632654576, 0.20408559357392642, 0.2432964116751284, 0.2872697224709653, 0.3347369002614487, 0.38416255531105054, 0.433723488225914, 0.4813288910990137, 0.5246976870835444, 0.5615012303985448, 0.5895648963600024, 0.6071025630236889, 0.6129400943778328, 0.6066766027740191, 0.5887420302965779, 0.560335443505407, 0.5232607492342568, 0.47970194538940464, 0.4319891398905826, 0.38239872203653996, 0.3330129718304258, 0.2856449494641863, 0.2418200508605437, 0.2027981866422067, 0.16961886887507804, 0.1431529116613456, 0.12414642861633489, 0.11324365404824036, 0.1109742636310251, 0.11768924592110111, 0.1334302086095007, 0.15772691432827304, 0.4724491235287564, 0.4384012665063117, 0.4052207709816944, 0.37416225858038904, 0.3461939170757997, 0.3220417063923479, 0.3022341172941116, 0.2871391198132825, 0.27698746656793377, 0.27187762041340235, 0.27175764042243095, 0.2763792040875827, 0.2852201111945889, 0.2973768706320562, 0.31144253511844633, 0.32541107278377207, 0.33668680552108077, 0.3423069801123506, 0.33946157131387733, 0.32626470383302586, 0.302514743130175, 0.27003662525538474, 0.23233739182659355, 0.19370136666823146, 0.15817704896127674, 0.12888529744931984, 0.10779448309618171, 0.09584786720461919, 0.09324338606531672, 0.09971350099759627, 0.11473373336763656, 0.13764664520416428, 0.16771482333753823, 0.20412302728282652, 0.24594786842415636, 0.2921101899402042, 0.34132359569999143, 0.3920528119953853, 0.44249689715079565, 0.49061298270014814, 0.5341939058209314, 0.5710055820822213, 0.5989765259783234, 0.6164147733405095, 0.6222123229512562, 0.6159915969714714, 0.5981575524659999, 0.5698418341854117, 0.5327535411041698, 0.48897355961296973, 0.4407380006422221, 0.3902502067203884, 0.33954545943237263, 0.2904154168573885, 0.2443860621380161, 0.20273564324319537, 0.16653690733428933, 0.13670866302482704, 0.11406302170252867, 0.09933484399982369, 0.09317812567046507, 0.0961108407129557, 0.10838811532714, 0.1297906982865982, 0.48202529583587544, 0.448292290030991, 0.4152349491673104, 0.3840822935974288, 0.3557847144536053, 0.33105596827524925, 0.31041576037722685, 0.29422510025888315, 0.2827089129528917, 0.27596136053315645, 0.273929296285969, 0.27636896927945936, 0.2827719537112617, 0.2922609855907034, 0.3034692981151136, 0.314443060500439, 0.32264556802439875, 0.3251762096030569, 0.3192986881690429, 0.30323995547955107, 0.2769832475520814, 0.24261062885980092, 0.2038974967043176, 0.1653098689884821, 0.1309212211616296, 0.10372065095203514, 0.08544452462009018, 0.07677417740613061, 0.07766750872932517, 0.08766333542491367, 0.106093457967008, 0.13219920973863739, 0.16517378419485762, 0.20415485232054467, 0.24818768292321383, 0.29617435228048944, 0.3468221617961834, 0.39860413987647625, 0.44974538440145106, 0.4982492175916956, 0.541974527073107, 0.5787683916477477, 0.6066456913510229, 0.623992072652743, 0.6297535277149319, 0.6235714232817213, 0.6058304087090622, 0.5776070709593606, 0.5405323279429849, 0.4966006633131534, 0.44796742030217895, 0.3967705431402028, 0.34499985291898394, 0.2944216472519625, 0.24655417635411284, 0.2026824583388694, 0.16389843441656052, 0.13115273948437434, 0.10530523129257169, 0.08716111402420391, 0.0774769373070375, 0.07691607476320053, 0.0859290938294517, 0.10453812628249426, 0.48951497785999837, 0.456035806056004, 0.4230859212195545, 0.3918733839322142, 0.36333338736472537, 0.33816855157659526, 0.3168897850707695, 0.29985031154951686, 0.28726759480943953, 0.2792287727715209, 0.2756751234314172, 0.27636069664974766, 0.2807809090289577, 0.2880712400702718, 0.2968886087691826, 0.30531391577712824, 0.3108545745391692, 0.31066386842298194, 0.3020794756057272, 0.28344718579565725, 0.25493949440149927, 0.2188899934394741, 0.17932311629497463, 0.1408581134667358, 0.10756691053858596, 0.08229311395948641, 0.06654468486132484, 0.06075932768211728, 0.06468154872198716, 0.07768532000160694, 0.09898560934206505, 0.12774569667749475, 0.16310858912862833, 0.20418057346550011, 0.24998834188420319, 0.29942531954708396, 0.3511998122750998, 0.4037970448897305, 0.45546776132086525, 0.5042559965320629, 0.5480758974071129, 0.5848404384263136, 0.6126332994222372, 0.6299011955876838, 0.6356322860328855, 0.6294826798989227, 0.61182122237822, 0.583681493806725, 0.5466328731761414, 0.50260097735156, 0.4536755201150593, 0.40193965726164493, 0.34934303851771675, 0.2976268273575303, 0.2482975117883988, 0.2026394657554235, 0.16175361501459956, 0.12660955800406268, 0.0980990809151633, 0.07707838975098981, 0.06438327042610985, 0.06079549778293522, 0.06693227315167719, 0.08303064814291575, 0.4949712120355153, 0.4616811547209939, 0.4288157322294388, 0.3975672358979142, 0.3688590955740003, 0.34338494640149225, 0.3216482188715572, 0.3039951436087115, 0.2906360826318933, 0.28165091570618883, 0.2769740907550362, 0.27635451542837286, 0.2792860207859474, 0.28490824645045215, 0.291889945009274, 0.29833255753494686, 0.301773170610091, 0.2994065432872021, 0.2886341365603744, 0.2679086297678759, 0.23757114525621856, 0.200173480010157, 0.15994811520522656, 0.12163237074890404, 0.08928109663365986, 0.06560209864697737, 0.05190533436980637, 0.04842602131272935, 0.05473755145346383, 0.07008636812091282, 0.09360058452657455, 0.12438819425057472, 0.16155884633754544, 0.2041997905637746, 0.2513281283439317, 0.30183482397357, 0.3544325709886887, 0.40761889088505776, 0.45966628753203886, 0.5086510650283682, 0.5525296293617891, 0.5892642709478436, 0.6169894434993068, 0.6341965192590486, 0.639904319308461, 0.633779644199151, 0.616179877158531, 0.5881073213901571, 0.5510863433373369, 0.5069917160901878, 0.45786400669818045, 0.4057444313690766, 0.3525507460474911, 0.3000027132822973, 0.2495948307996066, 0.2026073397672343, 0.1601438642869412, 0.12318387466729433, 0.09263860168357692, 0.0693982403965753, 0.05435480892281824, 0.048378237150069205, 0.0522148087644792, 0.06627412847178576, 0.49843445988077545, 0.46526627652213, 0.43245717661170674, 0.40118922924272277, 0.37237810026574675, 0.3467113432281553, 0.3246871729371203, 0.3066467951407412, 0.29279531553775373, 0.2832070316317949, 0.277810775236936, 0.27635052218032014, 0.2783169848376489, 0.28284990355816164, 0.2886227455390315, 0.2937473680409795, 0.29577805511276634, 0.29193651493912987, 0.27966927448321544, 0.25750701679184224, 0.225913730541939, 0.18759785158776845, 0.14693754751745244, 0.10874795719531152, 0.07706433944313616, 0.054492726277462565, 0.04220138854132443, 0.04028477492827103, 0.04820033406668502, 0.06511036317233239, 0.09008739525876402, 0.12220540401689693, 0.1605546264018035, 0.20421220469790763, 0.2521911149906375, 0.30338261912470077, 0.35650392396024294, 0.4100619352980959, 0.46234436636675363, 0.5114491688155953, 0.5553604512484591, 0.5920723713886629, 0.6197518838344451, 0.6369187685765384, 0.6426112770016583, 0.6365029723781553, 0.6189439875764235, 0.5909168036864757, 0.5539171482021545, 0.5097872397030989, 0.4605358742255244, 0.40817675732274733, 0.3546062264417433, 0.3015290554373145, 0.2504305464957812, 0.20258658436369245, 0.1591006420243621, 0.12095649097171544, 0.08907573077045129, 0.06436838355906245, 0.04776112499595704, 0.040180364909364795, 0.04245764252681479, 0.055119586771627226, 0.4999311678036242, 0.4668160962824557, 0.4340319902268466, 0.4027564506844774, 0.37390171745285644, 0.34815262527140023, 0.32600502196087616, 0.307797799553549, 0.29373360916953806, 0.28388409537323517, 0.2781753439532097, 0.2763487792919834, 0.27789322656093124, 0.2819478095498749, 0.287187288639809, 0.2917272985995836, 0.29312906107088965, 0.2886260119338382, 0.2756852891578054, 0.25287394405776065, 0.2207132913294523, 0.1819843305837254, 0.1411318222560546, 0.10300523144609564, 0.07162892046163448, 0.0495607398850615, 0.037903500207771355, 0.03668765182606935, 0.04531870039738764, 0.06292182641905772, 0.08854549330116199, 0.12124929830904665, 0.1601155747532089, 0.2042176227918943, 0.2525671467918588, 0.3040560133972395, 0.35740381613578925, 0.4111219097324577, 0.46350492440761853, 0.5126604508893862, 0.5565847818026284, 0.5932859813411973, 0.6209451136441827, 0.6380942489467933, 0.6437800270855079, 0.6376789279787645, 0.6201379574792518, 0.5921310386019326, 0.5551415073608157, 0.5109974473896381, 0.4616937871588529, 0.40923212846518814, 0.355499266320111, 0.30219315103689065, 0.2507947158586781, 0.2025775252178325, 0.1586445092139145, 0.11998078605135579, 0.08751191054618757, 0.06215599096617772, 0.04485436392610408, 0.036557916362373016, 0.03813581559023951, 0.050167145212258756, 0.4994729439154224, 0.4663415836443526, 0.43354978371327096, 0.4022765162826081, 0.3734350745610415, 0.34771113145352583, 0.32560126668786893, 0.3074450897953938, 0.2934460151894814, 0.28367651522807674, 0.2780635371647568, 0.2763493139930985, 0.2780232841509139, 0.2822248039470475, 0.28762828768451953, 0.292348262849504, 0.2939438618977376, 0.28964492721439383, 0.27691221303264957, 0.2543014596429036, 0.2223161474605675, 0.18371473274141817, 0.1429213446355956, 0.1047748945333245, 0.07330324654372655, 0.05107928508690632, 0.039226144013327004, 0.03779407622276228, 0.046204609659065934, 0.06359433577671149, 0.08901908835349644, 0.121542843111097, 0.16025032011358795, 0.20421596058421015, 0.2524518243203957, 0.3038495614353598, 0.35712800621711366, 0.4107971257302067, 0.46314941025048134, 0.512289481173897, 0.5562098873429101, 0.5929144268449255, 0.620579840092735, 0.637734433802759, 0.6434222802385187, 0.6373189667660832, 0.619772456170743, 0.5917592909903597, 0.5547666018353229, 0.5106268039865892, 0.46133908028510207, 0.4089087519119298, 0.35522555377717396, 0.3019895476562404, 0.25068303007503207, 0.20258030449252876, 0.15878449868092487, 0.12028035253127835, 0.08799224516094258, 0.06283584202535787, 0.04574801360006203, 0.03767215047603927, 0.03946585034184902, 0.05169201486544768, 0.4970562230138597, 0.46383936764450695, 0.43100760092904694, 0.3997470795819003, 0.3709765866705787, 0.34538613107296007, 0.32347604693051824, 0.3055895945760114, 0.29193404201300066, 0.282586000691079, 0.27747665966202206, 0.2763521179298067, 0.27870453429270203, 0.28367385902671893, 0.2899319631491601, 0.29558682833243843, 0.2981860745543793, 0.2949406457391044, 0.2832786983852349, 0.26169886861911773, 0.230614660874987, 0.19267034843846856, 0.15218475627575476, 0.11394178534727038, 0.08198539386920956, 0.058963688878854253, 0.04610292047116956, 0.04355475750042244, 0.050823492297955686, 0.06710520215562304, 0.09149456486584781, 0.12307897432161306, 0.16095621175470115, 0.20420724392493778, 0.25184649516371677, 0.3027649277886295, 0.3556777859742337, 0.40908809018115755, 0.4612773686289323, 0.5103348486669013, 0.5542335323996518, 0.5909548434347753, 0.6186527774358835, 0.6358358038919372, 0.6415344449523245, 0.6354195748694064, 0.6178442094487098, 0.5897987150599465, 0.5527902222197306, 0.50867393064577, 0.45947133321339867, 0.40720716661582546, 0.3537864023394649, 0.3009199121533015, 0.2500968090563354, 0.20259487857230743, 0.15951783542982187, 0.12184793323848399, 0.09050284297513161, 0.06638487609621117, 0.05040703082523383, 0.043473207009587976, 0.04638071019242533, 0.059608878675451456, 0.49266236782664535, 0.4592918533967933, 0.4263900528925499, 0.39515598109872446, 0.3665181159886364, 0.34117398403380317, 0.3196302903572577, 0.30223636195454984, 0.28920574046134834, 0.2806216031448632, 0.2764215835019148, 0.2763571472956385, 0.27992327665879363, 0.2862584222810732, 0.29402694966204324, 0.3013221764873968, 0.305668966959936, 0.3042443494532219, 0.29442173692625423, 0.27460630038827405, 0.2450642968287407, 0.20825118016463445, 0.16830836822357717, 0.12992254583619223, 0.09715768395116348, 0.07278248719317651, 0.058194270131802596, 0.05371669966860115, 0.05899726050595059, 0.07333712053818078, 0.09590128133434313, 0.1258209137819152, 0.16221940040024393, 0.20419160837785194, 0.25075825664352847, 0.300810928844289, 0.35306006629468717, 0.4059976229403501, 0.4578865703531502, 0.5067892855653116, 0.5506440857228897, 0.5873922592498356, 0.6151467092408749, 0.6323798953648729, 0.6380976707793186, 0.6319623172215632, 0.6143360624703657, 0.5862344382933043, 0.5492008754557367, 0.5051317294181228, 0.45608850021125397, 0.40413036018217824, 0.3511888355987244, 0.29899307098851946, 0.24904300320082595, 0.20262101875928884, 0.16083002276431296, 0.124645749467636, 0.094971638938022, 0.07268388218626634, 0.05865091102349696, 0.05370519964962901, 0.05853762194242328, 0.07348304383517303, 0.48625822233029664, 0.45266785673277854, 0.41967004237185335, 0.388482052742209, 0.36004582572348764, 0.33506899467987167, 0.31406650161546196, 0.29739521157301274, 0.28527615323816996, 0.27779992763322836, 0.2749107611746098, 0.2763643235183324, 0.2816551721478038, 0.28991417836988126, 0.2997889262907103, 0.3093460271647854, 0.3160740749394535, 0.3171024190568692, 0.309734704566743, 0.2922613611302566, 0.26476709639365487, 0.22946990805206718, 0.1902811662086932, 0.1517522528432344, 0.11795850925080964, 0.09181208548898383, 0.07492595827514553, 0.06784835971550769, 0.07041952820298063, 0.08208657176180037, 0.10211566381533314, 0.12970379828178955, 0.16401525819161736, 0.20416929713333393, 0.24919996885543058, 0.29800375119772043, 0.3492878293111916, 0.4015314789736662, 0.452973704084434, 0.5016403327173025, 0.5454210933042666, 0.5822000489862955, 0.6100308327855403, 0.6273335697134984, 0.6330780927090103, 0.6269141093489243, 0.6092173275461646, 0.5810400196407931, 0.5439783618175257, 0.49998805098821897, 0.45118760127111535, 0.3996843866296626, 0.3474460317855103, 0.29622522010513413, 0.24753420146047836, 0.20265831492143882, 0.16269528921864512, 0.12860719267091797, 0.10127260536515802, 0.0815260952853502, 0.07016920379092638, 0.06793178853686711, 0.07535709113078361, 0.09258570886904399, 0.47779720167434947, 0.4439238412959671, 0.41081015957847755, 0.37969664898970806, 0.35154178699091143, 0.3270650010394938, 0.3067902150729754, 0.2910819215672787, 0.2801681219943523, 0.2741455056418005, 0.2729622441560472, 0.27637353449157137, 0.2838660087425793, 0.2945520703223394, 0.30704840964210417, 0.3193790235792339, 0.32898133509571603, 0.33292627473543274, 0.32844225740397376, 0.31370151630695264, 0.28859863683312753, 0.25509424841390926, 0.2168390522167285, 0.17821693172069414, 0.1432934671556521, 0.11512253132538074, 0.09555040234237473, 0.08538038010292404, 0.08468064512035528, 0.09307785758091174, 0.10996814894547773, 0.13463748520290578, 0.1663091141638925, 0.2041406572629302, 0.24719027283923203, 0.2943673366246488, 0.3443809426586627, 0.39569948660738513, 0.446535661160613, 0.49487159554751503, 0.5385363801592412, 0.5753408270082733, 0.6032614560140105, 0.6206495758756208, 0.626427346737921, 0.6202277828422018, 0.6024444872167665, 0.5741783501583688, 0.5370948835128527, 0.49322695414906115, 0.4447660049264684, 0.3938794960154573, 0.3425781239362744, 0.29264029453685964, 0.24558864080384443, 0.20270618203121868, 0.16507737075071352, 0.13363973644947416, 0.1092328900138439, 0.09263154863207262, 0.0845470190053785, 0.0855775600358802, 0.09608504043657874, 0.11598064219310643, 0.46722107703098054, 0.4330059153656969, 0.3997648973688827, 0.36876603569454947, 0.34098644387093596, 0.31715777265408246, 0.297812150079397, 0.28331995802830456, 0.27391343868797435, 0.2696913099834982, 0.27059969781305443, 0.2763846363320643, 0.28651275035639895, 0.30006231414977286, 0.31560080720777656, 0.33109122916465705, 0.3439056011000504, 0.3510508996398955, 0.34968574745740066, 0.33787808345560105, 0.31534712679079435, 0.28380191536529864, 0.2466224069776507, 0.2080000867107323, 0.1719605725172051, 0.14167638612827413, 0.11921914969966693, 0.10565497329740496, 0.10129882711884215, 0.10598099091564897, 0.11925225136658167, 0.1405103070339032, 0.16905726486015893, 0.20410613437093852, 0.24475360458837708, 0.28993391513903405, 0.33836732664242725, 0.3885172200339905, 0.4385714677551967, 0.4864646789856044, 0.5299557945821347, 0.5667679074803675, 0.594783180349114, 0.6122675386878198, 0.618083490672634, 0.611843078692168, 0.5939623858237286, 0.5656031236237927, 0.5285167979128507, 0.48483064446215157, 0.43682335579666487, 0.38673179289211, 0.3366133457592697, 0.28827047927787547, 0.2432302082982577, 0.2027638694839144, 0.16793058444739833, 0.1396288299568857, 0.11864213027885287, 0.10566535245864402, 0.10129671596787153, 0.10597815067019346, 0.11986617978986282, 0.14262401284977028, 0.4544626958984551, 0.4198528250341288, 0.3864839060357785, 0.3556548268548693, 0.3283620854119057, 0.30534831634386417, 0.2871511170997942, 0.2741427512381838, 0.2665543174370635, 0.26447938299166096, 0.26785239982937026, 0.2763974556340744, 0.2895448097335, 0.30631907218992843, 0.3252176486018001, 0.34412406151530145, 0.3603340059478465, 0.37079208041816575, 0.37260331294343985, 0.36375942078763973, 0.3438363430416883, 0.3143162686362487, 0.2783147377915976, 0.23981400277453463, 0.20276559631609975, 0.17042288479843962, 0.14505442684573724, 0.12797648405792203, 0.11975319089827197, 0.12043135114555985, 0.12973486817041252, 0.14719348473827712, 0.17220820650041038, 0.20406626572230224, 0.241920191703178, 0.28474465779283636, 0.33128445623381747, 0.38000822564395276, 0.42908493722224217, 0.476401927707317, 0.5196417630808945, 0.5564275255817972, 0.5845307754309006, 0.6021155834993749, 0.6079725405576539, 0.6016882782475177, 0.5837061153949525, 0.5552610705396449, 0.5182071824037118, 0.4747822166669141, 0.4273642177359495, 0.3782654414751497, 0.32958950424337524, 0.2831568332471148, 0.24048842337700022, 0.20283047303839724, 0.17120113576632395, 0.14644246896109608, 0.1292630255044209, 0.12025775181234764, 0.11989148911751268, 0.12843150057543928, 0.1458163430530934, 0.1714593455978617, 0.43944997066556996, 0.4044002667766328, 0.37091658214910705, 0.3403307169263111, 0.3136575104659857, 0.29164720596542715, 0.2748377223956622, 0.2635965108774548, 0.258145147640338, 0.2585615379816421, 0.2647552058454706, 0.27641179218563583, 0.2929054774860101, 0.3131854248653385, 0.3356579095532328, 0.35811118303089606, 0.37775945556033663, 0.3914946158418963, 0.39639338827710435, 0.39040862140857463, 0.37301490625156863, 0.3455033725919579, 0.3107426870104748, 0.27249711009373495, 0.23461118376342613, 0.200374294075224, 0.1722101866750738, 0.15165675754881522, 0.13951486626775497, 0.13604907059399207, 0.14116690358445258, 0.15454588259724067, 0.1757040265033482, 0.20402167194900445, 0.23872601592489792, 0.27885040957966273, 0.3231811657448828, 0.37020681504229486, 0.418088126039579, 0.4646701313915868, 0.5075568802338755, 0.5442620879391362, 0.572432037685599, 0.5901128986781464, 0.5960109268105621, 0.5896827733358917, 0.5716038871892358, 0.5430952224754027, 0.5061294331471132, 0.46306935795997606, 0.4164015132829476, 0.3685154282439151, 0.3215557459295106, 0.2773499871194047, 0.2373983845458497, 0.20290494917973137, 0.17482859216322372, 0.15393611282976466, 0.14084222095946025, 0.13602387844324854, 0.13979694626668512, 0.15224376115008922, 0.17308409596631616, 0.20149438767459502, 0.4221115689135716, 0.3865869328273735, 0.35301835819993904, 0.32277080513868495, 0.2968740948928238, 0.27608005294006904, 0.26091890295557235, 0.2517435487848872, 0.24875446753793326, 0.2520000813103265, 0.2613484630328403, 0.2764274221034325, 0.2965334361155862, 0.32051829675463595, 0.3466784926276741, 0.3726964496841, 0.39570712979679257, 0.4125671873570151, 0.4203565706022111, 0.41703049621613936, 0.4020068872466698, 0.37642551106102046, 0.34293201665838063, 0.30507130553444023, 0.26655316500125414, 0.23065806032771638, 0.19991711924673428, 0.176051081336279, 0.1600733296964402, 0.15245647434681145, 0.15329338785472196, 0.16241879451576835, 0.17948188856576405, 0.20397304745879016, 0.23521272174168617, 0.27231244996408266, 0.31411970328688643, 0.3591614192128499, 0.4056056741619805, 0.4512653783825545, 0.49366881138729046, 0.5302148008893707, 0.5584120245282972, 0.5761736487108309, 0.582109288557772, 0.5757409878044024, 0.5575812795997646, 0.5290495533382, 0.49225217267036503, 0.4496891919115483, 0.403960836734819, 0.35753087398927513, 0.31257456315979754, 0.2709108633286408, 0.2340006619984302, 0.20298613166374732, 0.17874745228373287, 0.16195762430521723, 0.15312065322243573, 0.15258148239212993, 0.16049777654601788, 0.17676557561673015, 0.20089604042705836, 0.2318534588067231, 0.40238484027778043, 0.3663627877392503, 0.3327591191174943, 0.3029698371237456, 0.2780334697188617, 0.2586942097560579, 0.24546328564831094, 0.23866603931808003, 0.23846706874739693, 0.24486848863747046, 0.2576778500859389, 0.2764441013367602, 0.30036429014120075, 0.32817304308055545, 0.3580431776884816, 0.38754778674781826, 0.41375265569632563, 0.43350298534531007, 0.4439162559476597, 0.4429902974719914, 0.43012826380409386, 0.40635686352057115, 0.37412500160013135, 0.33676307265751626, 0.29782572504943444, 0.26054448564596566, 0.22751018247173643, 0.20058288080004588, 0.18095634059565713, 0.16929242872985134, 0.16586244191671423, 0.17066048855818874, 0.18347554679943348, 0.20392114969008393, 0.23142744897133244, 0.2652032144343756, 0.3041779535333076, 0.3469384641490933, 0.39168008762597767, 0.4361992461263584, 0.4779568288300356, 0.5142361056759565, 0.5423991664516188, 0.5602127793725994, 0.5661781593671434, 0.5597781910718842, 0.5415673626922483, 0.5130754234138353, 0.4765557825320841, 0.43465444655499536, 0.3900856944945967, 0.3453788531145666, 0.30272395846060585, 0.2639113529538806, 0.2303411155762372, 0.20307274996912686, 0.18288874155874688, 0.17035194836332737, 0.16584269253197487, 0.16956548026471233, 0.18151787596932906, 0.2014169136979609, 0.22858439889391627, 0.2618050804637086, 0.3802265988126564, 0.3437001346383201, 0.3101341979011133, 0.2809506786085936, 0.25718697658235923, 0.23956673631878186, 0.22856729761339242, 0.22447009093443848, 0.22738610654004032, 0.23725195490965448, 0.2537941208927768, 0.2764615694852484, 0.30433205042253286, 0.3360074750441839, 0.36952964308260394, 0.4023666177196266, 0.4315321445826018, 0.45388769665481676, 0.46662196068977807, 0.46781092560744303, 0.4568785619123539, 0.434772199957449, 0.403770020124512, 0.3669975781578191, 0.3278420436835865, 0.28945382437715167, 0.25444032400694594, 0.22475741019128812, 0.20174304972262375, 0.18622303114038805, 0.17863266132817537, 0.17912029390703807, 0.18761682998617485, 0.20386678737513214, 0.22742256598738503, 0.2576068957849639, 0.2934517104127078, 0.3336266741885306, 0.37637796851978494, 0.41950648919954503, 0.4604203181782582, 0.496292415579014, 0.5243338683527055, 0.5421543936693688, 0.5481362442162486, 0.5417188808264239, 0.5235033074469664, 0.4951403162014885, 0.45904089167274437, 0.4180011013669928, 0.3748436731565955, 0.33214862426865327, 0.29209964911304176, 0.2564348701963687, 0.22647061649374148, 0.2031634493532818, 0.18718157132125607, 0.17896530732896163, 0.17876364840618822, 0.18663875154441376, 0.20243351312246033, 0.2257007393825812, 0.255598615955773, 0.29076886713852534, 0.3556274128316165, 0.31860803046177383, 0.28517836246348033, 0.2567772567257294, 0.23442696031901622, 0.21881354380138726, 0.21036185118778553, 0.20928992653065087, 0.21563504883147638, 0.22924772441853464, 0.24975272925214756, 0.27647955387018575, 0.30837052122887953, 0.34388518391593903, 0.38093443154335543, 0.416893082127371, 0.4487453074347414, 0.47339780145501803, 0.48814063130108853, 0.4911564830279075, 0.48191774854678476, 0.46131998016774034, 0.43149482751717455, 0.39537608162445737, 0.3561786528033886, 0.3169485577826506, 0.28027381914005955, 0.24816606737729, 0.22207077433293387, 0.2029485874840547, 0.19137871798825176, 0.18765208238966397, 0.19183704586229627, 0.2038108079893782, 0.22325528038641757, 0.24961982985017933, 0.28205683685853966, 0.31934163178281594, 0.3597971038595938, 0.40125430618894103, 0.44108955572321235, 0.47637767384317187, 0.504180292956649, 0.5219434988255687, 0.5279221229595735, 0.5215085325692933, 0.5033541674670066, 0.47523937973913405, 0.4397391131555397, 0.3997975872514472, 0.35833344231995734, 0.31795609987367096, 0.28081715070158997, 0.24857669199433036, 0.2224446515448543, 0.20325681218476788, 0.19155460836524227, 0.18764876099225722, 0.19165543774919855, 0.20349914054956864, 0.22288005885029488, 0.24920719216038242, 0.28150447680229246, 0.3183075257498014, 0.32862997937528665, 0.2911504958678143, 0.2579830498567986, 0.2305700164977485, 0.2098997595905597, 0.19659944658437037, 0.1910192805549639, 0.19329187514605134, 0.20335925191712415, 0.22096509688972987, 0.245613313763395, 0.27649777379542684, 0.3124145511717205, 0.3516781028716925, 0.3920759559398694, 0.4309076766281679, 0.4651533501542316, 0.4917924496895175, 0.5082410592832362, 0.5128090904832755, 0.5050367442436161, 0.4857891195132219, 0.4570729656385974, 0.4216455296363829, 0.3825510917486374, 0.3427166673873911, 0.304683170066875, 0.27048362452651975, 0.24163651119933305, 0.21920720843337127, 0.20389517477683802, 0.19611706563387507, 0.19606826632204372, 0.2037540845785995, 0.21898710572349597, 0.24135055903203323, 0.2701310991668389, 0.30423032016485985, 0.3420741793180255, 0.38155311036017914, 0.42003893191509467, 0.4545281873571749, 0.4819420243572334, 0.49956198179385375, 0.5055102914443627, 0.4991295695720779, 0.4811245237957158, 0.4534102177417308, 0.4187261946925703, 0.3801554569843094, 0.3406923546105104, 0.3029482817022522, 0.2690135305696592, 0.24044397984089955, 0.21832279040747918, 0.20335138020743102, 0.19593741390382596, 0.19626105265406268, 0.20431041709051717, 0.2198830138330028, 0.24255338593356482, 0.27161062589636026, 0.30597475230701965, 0.3441098502195147]
}

def CoordinateReferenceSystem "GeospatialExportCRS"
{
    uniform token crs:wkt = 'PROJCRS["WGS 84 / UTM zone 31N",BASEGEOGCRS["WGS 84",ENSEMBLE["World Geodetic System 1984 ensemble",MEMBER["World Geodetic System 1984 (Transit)"],MEMBER["World Geodetic System 1984 (G730)"],MEMBER["World Geodetic System 1984 (G873)"],MEMBER["World Geodetic System 1984 (G1150)"],MEMBER["World Geodetic System 1984 (G1674)"],MEMBER["World Geodetic System 1984 (G1762)"],MEMBER["World Geodetic System 1984 (G2139)"],MEMBER["World Geodetic System 1984 (G2296)"],ELLIPSOID["WGS 84",6378137,298.257223563,LENGTHUNIT["metre",1]],ENSEMBLEACCURACY[2]],PRIMEM["Greenwich",0,ANGLEUNIT["degree",0.0174532925199433]],ID["EPSG",4979]],CONVERSION["UTM zone 31N",METHOD["Transverse Mercator",ID["EPSG",9807]],PARAMETER["Latitude of natural origin",0,ANGLEUNIT["degree",0.0174532925199433],ID["EPSG",8801]],PARAMETER["Longitude of natural origin",3,ANGLEUNIT["degree",0.0174532925199433],ID["EPSG",8802]],PARAMETER["Scale factor at natural origin",0.9996,SCALEUNIT["unity",1],ID["EPSG",8805]],PARAMETER["False easting",500000,LENGTHUNIT["metre",1],ID["EPSG",8806]],PARAMETER["False northing",0,LENGTHUNIT["metre",1],ID["EPSG",8807]],ID["EPSG",16031]],CS[CARTESIAN,3],AXIS["(E)",EAST,ORDER[1],LENGTHUNIT["metre",1,ID["EPSG",9001]]],AXIS["(N)",NORTH,ORDER[2],LENGTHUNIT["metre",1,ID["EPSG",9001]]],AXIS["ellipsoidal height (h)",UP,ORDER[3],LENGTHUNIT["metre",1,ID["EPSG",9001]]],USAGE[SCOPE["unknown"],AREA["Between 0°E and 6°E, northern hemisphere between equator and 84°N, onshore and offshore. Algeria. Andorra. Belgium. Benin. Burkina Faso. Denmark - North Sea. France. Germany - North Sea. Ghana. Luxembourg. Mali. Netherlands. Niger. Nigeria. Norway. Spain. Togo. United Kingdom (UK) - North Sea."],BBOX[0,0,84,6]],REMARK["Promoted to 3D from EPSG:32631"]]'
}

