#usda 1.0
(
    customLayerData = {
        dictionary geospatialExport = {
            string interpolation = "USD linear interpolation of derived placement/matrix/coordinate samples; not equivalence to the original source-CRS path between samples"
            string representation = "experimental preserved ordinary USD content"
            double[] sampledTimeCodes = [0, 5, 10]
        }
        bool geospatialResolutionRequired = 1
    }
    doc = """Generated from Composed Stage of root layer C:\\git\\worktrees\\geospatial-openusd-delivery\\extras\\usd\\examples\\usdGeospatialBuild\\scenes\\climate.usda
"""
    metersPerUnit = 1
    upAxis = "Z"
)

def Scope "CRS"
{
    def CoordinateReferenceSystem "Source"
    {
        uniform token crs:wkt = 'GEOGCRS["WGS 84",ENSEMBLE["World Geodetic System 1984 ensemble",MEMBER["World Geodetic System 1984 (Transit)"],MEMBER["World Geodetic System 1984 (G730)"],MEMBER["World Geodetic System 1984 (G873)"],MEMBER["World Geodetic System 1984 (G1150)"],MEMBER["World Geodetic System 1984 (G1674)"],MEMBER["World Geodetic System 1984 (G1762)"],MEMBER["World Geodetic System 1984 (G2139)"],MEMBER["World Geodetic System 1984 (G2296)"],ELLIPSOID["WGS 84",6378137,298.257223563,LENGTHUNIT["metre",1]],ENSEMBLEACCURACY[2]],PRIMEM["Greenwich",0,ANGLEUNIT["degree",0.0174532925199433]],CS[ELLIPSOIDAL,3],AXIS["geodetic latitude (Lat)",NORTH,ORDER[1],ANGLEUNIT["degree",0.0174532925199433]],AXIS["geodetic longitude (Lon)",EAST,ORDER[2],ANGLEUNIT["degree",0.0174532925199433]],AXIS["ellipsoidal height (h)",UP,ORDER[3],LENGTHUNIT["metre",1]],USAGE[SCOPE["Geodesy. Navigation and positioning using GPS satellite system."],AREA["World."],BBOX[-90,-180,90,180]],ID["EPSG",4979]]'
    }
}

def Scope "Climate" (
    apiSchemas = ["GeospatialBindingAPI"]
    customData = {
        string origin = "Original scalar field; second time explicitly synthetic perturbation. Surface positions assume zero ellipsoidal height; source file contains no height or units metadata. No forecast/trend accuracy claimed."
    }
)
{
    rel crs:binding = </CRS/Source>
    rel crs:coordinateProperties = </Climate.data:coordinates>
    custom double3[] data:coordinates
    double3[] data:coordinates.timeSamples = {
        0: [(0, -90, 0), (5.03521728515625, -90, 0), (10.070419311523438, -90, 0), (15.105636596679688, -90, 0), (20.140838623046875, -90, 0), (25.176055908203125, -90, 0), (30.211273193359375, -90, 0), (35.24647521972656, -90, 0), (40.28169250488281, -90, 0), (45.31689453125, -90, 0), (50.35211181640625, -90, 0), (55.3873291015625, -90, 0), (60.42253112792969, -90, 0), (65.45774841308594, -90, 0), (70.49295043945312, -90, 0), (75.52816772460938, -90, 0), (80.56338500976562, -90, 0), (85.59860229492188, -90, 0), (90.6337890625, -90, 0), (95.66900634765625, -90, 0), (100.7042236328125, -90, 0), (105.73944091796875, -90, 0), (110.774658203125, -90, 0), (115.80987548828125, -90, 0), (120.84506225585938, -90, 0), (125.88027954101562, -90, 0), (130.91549682617188, -90, 0), (135.95068359375, -90, 0), (140.98590087890625, -90, 0), (146.0211181640625, -90, 0), (151.05633544921875, -90, 0), (156.091552734375, -90, 0), (161.12677001953125, -90, 0), (166.1619873046875, -90, 0), (171.19720458984375, -90, 0), (176.23239135742188, -90, 0), (-178.73239135742188, -90, 0), (-173.69720458984375, -90, 0), (-168.6619873046875, -90, 0), (-163.62677001953125, -90, 0), (-158.591552734375, -90, 0), (-153.55633544921875, -90, 0), (-148.5211181640625, -90, 0), (-143.48590087890625, -90, 0), (-138.45068359375, -90, 0), (-133.41549682617188, -90, 0), (-128.38027954101562, -90, 0), (-123.3450927734375, -90, 0), (-118.30987548828125, -90, 0), (-113.274658203125, -90, 0), (-108.23944091796875, -90, 0), (-103.2042236328125, -90, 0), (-98.16900634765625, -90, 0), (-93.1337890625, -90, 0), (-88.09860229492188, -90, 0), (-83.06338500976562, -90, 0), (-78.02816772460938, -90, 0), (-72.99295043945312, -90, 0), (-67.95773315429688, -90, 0), (-62.92254638671875, -90, 0), (-57.8873291015625, -90, 0), (-52.85211181640625, -90, 0), (-47.81689453125, -90, 0), (-42.78167724609375, -90, 0), (-37.746490478515625, -90, 0), (-32.711273193359375, -90, 0), (-27.676025390625, -90, 0), (-22.640869140625, -90, 0), (-17.6055908203125, -90, 0), (-12.5704345703125, -90, 0), (-7.53521728515625, -90, 0), (-2.5, -90, 0), (0, -85, 0), (5.03521728515625, -85, 0), (10.070419311523438, -85, 0), (15.105636596679688, -85, 0), (20.140838623046875, -85, 0), (25.176055908203125, -85, 0), (30.211273193359375, -85, 0), (35.24647521972656, -85, 0), (40.28169250488281, -85, 0), (45.31689453125, -85, 0), (50.35211181640625, -85, 0), (55.3873291015625, -85, 0), (60.42253112792969, -85, 0), (65.45774841308594, -85, 0), (70.49295043945312, -85, 0), (75.52816772460938, -85, 0), (80.56338500976562, -85, 0), (85.59860229492188, -85, 0), (90.6337890625, -85, 0), (95.66900634765625, -85, 0), (100.7042236328125, -85, 0), (105.73944091796875, -85, 0), (110.774658203125, -85, 0), (115.80987548828125, -85, 0), (120.84506225585938, -85, 0), (125.88027954101562, -85, 0), (130.91549682617188, -85, 0), (135.95068359375, -85, 0), (140.98590087890625, -85, 0), (146.0211181640625, -85, 0), (151.05633544921875, -85, 0), (156.091552734375, -85, 0), (161.12677001953125, -85, 0), (166.1619873046875, -85, 0), (171.19720458984375, -85, 0), (176.23239135742188, -85, 0), (-178.73239135742188, -85, 0), (-173.69720458984375, -85, 0), (-168.6619873046875, -85, 0), (-163.62677001953125, -85, 0), (-158.591552734375, -85, 0), (-153.55633544921875, -85, 0), (-148.5211181640625, -85, 0), (-143.48590087890625, -85, 0), (-138.45068359375, -85, 0), (-133.41549682617188, -85, 0), (-128.38027954101562, -85, 0), (-123.3450927734375, -85, 0), (-118.30987548828125, -85, 0), (-113.274658203125, -85, 0), (-108.23944091796875, -85, 0), (-103.2042236328125, -85, 0), (-98.16900634765625, -85, 0), (-93.1337890625, -85, 0), (-88.09860229492188, -85, 0), (-83.06338500976562, -85, 0), (-78.02816772460938, -85, 0), (-72.99295043945312, -85, 0), (-67.95773315429688, -85, 0), (-62.92254638671875, -85, 0), (-57.8873291015625, -85, 0), (-52.85211181640625, -85, 0), (-47.81689453125, -85, 0), (-42.78167724609375, -85, 0), (-37.746490478515625, -85, 0), (-32.711273193359375, -85, 0), (-27.676025390625, -85, 0), (-22.640869140625, -85, 0), (-17.6055908203125, -85, 0), (-12.5704345703125, -85, 0), (-7.53521728515625, -85, 0), (-2.5, -85, 0), (0, -80, 0), (5.03521728515625, -80, 0), (10.070419311523438, -80, 0), (15.105636596679688, -80, 0), (20.140838623046875, -80, 0), (25.176055908203125, -80, 0), (30.211273193359375, -80, 0), (35.24647521972656, -80, 0), (40.28169250488281, -80, 0), (45.31689453125, -80, 0), (50.35211181640625, -80, 0), (55.3873291015625, -80, 0), (60.42253112792969, -80, 0), (65.45774841308594, -80, 0), (70.49295043945312, -80, 0), (75.52816772460938, -80, 0), (80.56338500976562, -80, 0), (85.59860229492188, -80, 0), (90.6337890625, -80, 0), (95.66900634765625, -80, 0), (100.7042236328125, -80, 0), (105.73944091796875, -80, 0), (110.774658203125, -80, 0), (115.80987548828125, -80, 0), (120.84506225585938, -80, 0), (125.88027954101562, -80, 0), (130.91549682617188, -80, 0), (135.95068359375, -80, 0), (140.98590087890625, -80, 0), (146.0211181640625, -80, 0), (151.05633544921875, -80, 0), (156.091552734375, -80, 0), (161.12677001953125, -80, 0), (166.1619873046875, -80, 0), (171.19720458984375, -80, 0), (176.23239135742188, -80, 0), (-178.73239135742188, -80, 0), (-173.69720458984375, -80, 0), (-168.6619873046875, -80, 0), (-163.62677001953125, -80, 0), (-158.591552734375, -80, 0), (-153.55633544921875, -80, 0), (-148.5211181640625, -80, 0), (-143.48590087890625, -80, 0), (-138.45068359375, -80, 0), (-133.41549682617188, -80, 0), (-128.38027954101562, -80, 0), (-123.3450927734375, -80, 0), (-118.30987548828125, -80, 0), (-113.274658203125, -80, 0), (-108.23944091796875, -80, 0), (-103.2042236328125, -80, 0), (-98.16900634765625, -80, 0), (-93.1337890625, -80, 0), (-88.09860229492188, -80, 0), (-83.06338500976562, -80, 0), (-78.02816772460938, -80, 0), (-72.99295043945312, -80, 0), (-67.95773315429688, -80, 0), (-62.92254638671875, -80, 0), (-57.8873291015625, -80, 0), (-52.85211181640625, -80, 0), (-47.81689453125, -80, 0), (-42.78167724609375, -80, 0), (-37.746490478515625, -80, 0), (-32.711273193359375, -80, 0), (-27.676025390625, -80, 0), (-22.640869140625, -80, 0), (-17.6055908203125, -80, 0), (-12.5704345703125, -80, 0), (-7.53521728515625, -80, 0), (-2.5, -80, 0), (0, -75, 0), (5.03521728515625, -75, 0), (10.070419311523438, -75, 0), (15.105636596679688, -75, 0), (20.140838623046875, -75, 0), (25.176055908203125, -75, 0), (30.211273193359375, -75, 0), (35.24647521972656, -75, 0), (40.28169250488281, -75, 0), (45.31689453125, -75, 0), (50.35211181640625, -75, 0), (55.3873291015625, -75, 0), (60.42253112792969, -75, 0), (65.45774841308594, -75, 0), (70.49295043945312, -75, 0), (75.52816772460938, -75, 0), (80.56338500976562, -75, 0), (85.59860229492188, -75, 0), (90.6337890625, -75, 0), (95.66900634765625, -75, 0), (100.7042236328125, -75, 0), (105.73944091796875, -75, 0), (110.774658203125, -75, 0), (115.80987548828125, -75, 0), (120.84506225585938, -75, 0), (125.88027954101562, -75, 0), (130.91549682617188, -75, 0), (135.95068359375, -75, 0), (140.98590087890625, -75, 0), (146.0211181640625, -75, 0), (151.05633544921875, -75, 0), (156.091552734375, -75, 0), (161.12677001953125, -75, 0), (166.1619873046875, -75, 0), (171.19720458984375, -75, 0), (176.23239135742188, -75, 0), (-178.73239135742188, -75, 0), (-173.69720458984375, -75, 0), (-168.6619873046875, -75, 0), (-163.62677001953125, -75, 0), (-158.591552734375, -75, 0), (-153.55633544921875, -75, 0), (-148.5211181640625, -75, 0), (-143.48590087890625, -75, 0), (-138.45068359375, -75, 0), (-133.41549682617188, -75, 0), (-128.38027954101562, -75, 0), (-123.3450927734375, -75, 0), (-118.30987548828125, -75, 0), (-113.274658203125, -75, 0), (-108.23944091796875, -75, 0), (-103.2042236328125, -75, 0), (-98.16900634765625, -75, 0), (-93.1337890625, -75, 0), (-88.09860229492188, -75, 0), (-83.06338500976562, -75, 0), (-78.02816772460938, -75, 0), (-72.99295043945312, -75, 0), (-67.95773315429688, -75, 0), (-62.92254638671875, -75, 0), (-57.8873291015625, -75, 0), (-52.85211181640625, -75, 0), (-47.81689453125, -75, 0), (-42.78167724609375, -75, 0), (-37.746490478515625, -75, 0), (-32.711273193359375, -75, 0), (-27.676025390625, -75, 0), (-22.640869140625, -75, 0), (-17.6055908203125, -75, 0), (-12.5704345703125, -75, 0), (-7.53521728515625, -75, 0), (-2.5, -75, 0), (0, -70, 0), (5.03521728515625, -70, 0), (10.070419311523438, -70, 0), (15.105636596679688, -70, 0), (20.140838623046875, -70, 0), (25.176055908203125, -70, 0), (30.211273193359375, -70, 0), (35.24647521972656, -70, 0), (40.28169250488281, -70, 0), (45.31689453125, -70, 0), (50.35211181640625, -70, 0), (55.3873291015625, -70, 0), (60.42253112792969, -70, 0), (65.45774841308594, -70, 0), (70.49295043945312, -70, 0), (75.52816772460938, -70, 0), (80.56338500976562, -70, 0), (85.59860229492188, -70, 0), (90.6337890625, -70, 0), (95.66900634765625, -70, 0), (100.7042236328125, -70, 0), (105.73944091796875, -70, 0), (110.774658203125, -70, 0), (115.80987548828125, -70, 0), (120.84506225585938, -70, 0), (125.88027954101562, -70, 0), (130.91549682617188, -70, 0), (135.95068359375, -70, 0), (140.98590087890625, -70, 0), (146.0211181640625, -70, 0), (151.05633544921875, -70, 0), (156.091552734375, -70, 0), (161.12677001953125, -70, 0), (166.1619873046875, -70, 0), (171.19720458984375, -70, 0), (176.23239135742188, -70, 0), (-178.73239135742188, -70, 0), (-173.69720458984375, -70, 0), (-168.6619873046875, -70, 0), (-163.62677001953125, -70, 0), (-158.591552734375, -70, 0), (-153.55633544921875, -70, 0), (-148.5211181640625, -70, 0), (-143.48590087890625, -70, 0), (-138.45068359375, -70, 0), (-133.41549682617188, -70, 0), (-128.38027954101562, -70, 0), (-123.3450927734375, -70, 0), (-118.30987548828125, -70, 0), (-113.274658203125, -70, 0), (-108.23944091796875, -70, 0), (-103.2042236328125, -70, 0), (-98.16900634765625, -70, 0), (-93.1337890625, -70, 0), (-88.09860229492188, -70, 0), (-83.06338500976562, -70, 0), (-78.02816772460938, -70, 0), (-72.99295043945312, -70, 0), (-67.95773315429688, -70, 0), (-62.92254638671875, -70, 0), (-57.8873291015625, -70, 0), (-52.85211181640625, -70, 0), (-47.81689453125, -70, 0), (-42.78167724609375, -70, 0), (-37.746490478515625, -70, 0), (-32.711273193359375, -70, 0), (-27.676025390625, -70, 0), (-22.640869140625, -70, 0), (-17.6055908203125, -70, 0), (-12.5704345703125, -70, 0), (-7.53521728515625, -70, 0), (-2.5, -70, 0), (0, -65, 0), (5.03521728515625, -65, 0), (10.070419311523438, -65, 0), (15.105636596679688, -65, 0), (20.140838623046875, -65, 0), (25.176055908203125, -65, 0), (30.211273193359375, -65, 0), (35.24647521972656, -65, 0), (40.28169250488281, -65, 0), (45.31689453125, -65, 0), (50.35211181640625, -65, 0), (55.3873291015625, -65, 0), (60.42253112792969, -65, 0), (65.45774841308594, -65, 0), (70.49295043945312, -65, 0), (75.52816772460938, -65, 0), (80.56338500976562, -65, 0), (85.59860229492188, -65, 0), (90.6337890625, -65, 0), (95.66900634765625, -65, 0), (100.7042236328125, -65, 0), (105.73944091796875, -65, 0), (110.774658203125, -65, 0), (115.80987548828125, -65, 0), (120.84506225585938, -65, 0), (125.88027954101562, -65, 0), (130.91549682617188, -65, 0), (135.95068359375, -65, 0), (140.98590087890625, -65, 0), (146.0211181640625, -65, 0), (151.05633544921875, -65, 0), (156.091552734375, -65, 0), (161.12677001953125, -65, 0), (166.1619873046875, -65, 0), (171.19720458984375, -65, 0), (176.23239135742188, -65, 0), (-178.73239135742188, -65, 0), (-173.69720458984375, -65, 0), (-168.6619873046875, -65, 0), (-163.62677001953125, -65, 0), (-158.591552734375, -65, 0), (-153.55633544921875, -65, 0), (-148.5211181640625, -65, 0), (-143.48590087890625, -65, 0), (-138.45068359375, -65, 0), (-133.41549682617188, -65, 0), (-128.38027954101562, -65, 0), (-123.3450927734375, -65, 0), (-118.30987548828125, -65, 0), (-113.274658203125, -65, 0), (-108.23944091796875, -65, 0), (-103.2042236328125, -65, 0), (-98.16900634765625, -65, 0), (-93.1337890625, -65, 0), (-88.09860229492188, -65, 0), (-83.06338500976562, -65, 0), (-78.02816772460938, -65, 0), (-72.99295043945312, -65, 0), (-67.95773315429688, -65, 0), (-62.92254638671875, -65, 0), (-57.8873291015625, -65, 0), (-52.85211181640625, -65, 0), (-47.81689453125, -65, 0), (-42.78167724609375, -65, 0), (-37.746490478515625, -65, 0), (-32.711273193359375, -65, 0), (-27.676025390625, -65, 0), (-22.640869140625, -65, 0), (-17.6055908203125, -65, 0), (-12.5704345703125, -65, 0), (-7.53521728515625, -65, 0), (-2.5, -65, 0), (0, -60, 0), (5.03521728515625, -60, 0), (10.070419311523438, -60, 0), (15.105636596679688, -60, 0), (20.140838623046875, -60, 0), (25.176055908203125, -60, 0), (30.211273193359375, -60, 0), (35.24647521972656, -60, 0), (40.28169250488281, -60, 0), (45.31689453125, -60, 0), (50.35211181640625, -60, 0), (55.3873291015625, -60, 0), (60.42253112792969, -60, 0), (65.45774841308594, -60, 0), (70.49295043945312, -60, 0), (75.52816772460938, -60, 0), (80.56338500976562, -60, 0), (85.59860229492188, -60, 0), (90.6337890625, -60, 0), (95.66900634765625, -60, 0), (100.7042236328125, -60, 0), (105.73944091796875, -60, 0), (110.774658203125, -60, 0), (115.80987548828125, -60, 0), (120.84506225585938, -60, 0), (125.88027954101562, -60, 0), (130.91549682617188, -60, 0), (135.95068359375, -60, 0), (140.98590087890625, -60, 0), (146.0211181640625, -60, 0), (151.05633544921875, -60, 0), (156.091552734375, -60, 0), (161.12677001953125, -60, 0), (166.1619873046875, -60, 0), (171.19720458984375, -60, 0), (176.23239135742188, -60, 0), (-178.73239135742188, -60, 0), (-173.69720458984375, -60, 0), (-168.6619873046875, -60, 0), (-163.62677001953125, -60, 0), (-158.591552734375, -60, 0), (-153.55633544921875, -60, 0), (-148.5211181640625, -60, 0), (-143.48590087890625, -60, 0), (-138.45068359375, -60, 0), (-133.41549682617188, -60, 0), (-128.38027954101562, -60, 0), (-123.3450927734375, -60, 0), (-118.30987548828125, -60, 0), (-113.274658203125, -60, 0), (-108.23944091796875, -60, 0), (-103.2042236328125, -60, 0), (-98.16900634765625, -60, 0), (-93.1337890625, -60, 0), (-88.09860229492188, -60, 0), (-83.06338500976562, -60, 0), (-78.02816772460938, -60, 0), (-72.99295043945312, -60, 0), (-67.95773315429688, -60, 0), (-62.92254638671875, -60, 0), (-57.8873291015625, -60, 0), (-52.85211181640625, -60, 0), (-47.81689453125, -60, 0), (-42.78167724609375, -60, 0), (-37.746490478515625, -60, 0), (-32.711273193359375, -60, 0), (-27.676025390625, -60, 0), (-22.640869140625, -60, 0), (-17.6055908203125, -60, 0), (-12.5704345703125, -60, 0), (-7.53521728515625, -60, 0), (-2.5, -60, 0), (0, -55, 0), (5.03521728515625, -55, 0), (10.070419311523438, -55, 0), (15.105636596679688, -55, 0), (20.140838623046875, -55, 0), (25.176055908203125, -55, 0), (30.211273193359375, -55, 0), (35.24647521972656, -55, 0), (40.28169250488281, -55, 0), (45.31689453125, -55, 0), (50.35211181640625, -55, 0), (55.3873291015625, -55, 0), (60.42253112792969, -55, 0), (65.45774841308594, -55, 0), (70.49295043945312, -55, 0), (75.52816772460938, -55, 0), (80.56338500976562, -55, 0), (85.59860229492188, -55, 0), (90.6337890625, -55, 0), (95.66900634765625, -55, 0), (100.7042236328125, -55, 0), (105.73944091796875, -55, 0), (110.774658203125, -55, 0), (115.80987548828125, -55, 0), (120.84506225585938, -55, 0), (125.88027954101562, -55, 0), (130.91549682617188, -55, 0), (135.95068359375, -55, 0), (140.98590087890625, -55, 0), (146.0211181640625, -55, 0), (151.05633544921875, -55, 0), (156.091552734375, -55, 0), (161.12677001953125, -55, 0), (166.1619873046875, -55, 0), (171.19720458984375, -55, 0), (176.23239135742188, -55, 0), (-178.73239135742188, -55, 0), (-173.69720458984375, -55, 0), (-168.6619873046875, -55, 0), (-163.62677001953125, -55, 0), (-158.591552734375, -55, 0), (-153.55633544921875, -55, 0), (-148.5211181640625, -55, 0), (-143.48590087890625, -55, 0), (-138.45068359375, -55, 0), (-133.41549682617188, -55, 0), (-128.38027954101562, -55, 0), (-123.3450927734375, -55, 0), (-118.30987548828125, -55, 0), (-113.274658203125, -55, 0), (-108.23944091796875, -55, 0), (-103.2042236328125, -55, 0), (-98.16900634765625, -55, 0), (-93.1337890625, -55, 0), (-88.09860229492188, -55, 0), (-83.06338500976562, -55, 0), (-78.02816772460938, -55, 0), (-72.99295043945312, -55, 0), (-67.95773315429688, -55, 0), (-62.92254638671875, -55, 0), (-57.8873291015625, -55, 0), (-52.85211181640625, -55, 0), (-47.81689453125, -55, 0), (-42.78167724609375, -55, 0), (-37.746490478515625, -55, 0), (-32.711273193359375, -55, 0), (-27.676025390625, -55, 0), (-22.640869140625, -55, 0), (-17.6055908203125, -55, 0), (-12.5704345703125, -55, 0), (-7.53521728515625, -55, 0), (-2.5, -55, 0), (0, -50, 0), (5.03521728515625, -50, 0), (10.070419311523438, -50, 0), (15.105636596679688, -50, 0), (20.140838623046875, -50, 0), (25.176055908203125, -50, 0), (30.211273193359375, -50, 0), (35.24647521972656, -50, 0), (40.28169250488281, -50, 0), (45.31689453125, -50, 0), (50.35211181640625, -50, 0), (55.3873291015625, -50, 0), (60.42253112792969, -50, 0), (65.45774841308594, -50, 0), (70.49295043945312, -50, 0), (75.52816772460938, -50, 0), (80.56338500976562, -50, 0), (85.59860229492188, -50, 0), (90.6337890625, -50, 0), (95.66900634765625, -50, 0), (100.7042236328125, -50, 0), (105.73944091796875, -50, 0), (110.774658203125, -50, 0), (115.80987548828125, -50, 0), (120.84506225585938, -50, 0), (125.88027954101562, -50, 0), (130.91549682617188, -50, 0), (135.95068359375, -50, 0), (140.98590087890625, -50, 0), (146.0211181640625, -50, 0), (151.05633544921875, -50, 0), (156.091552734375, -50, 0), (161.12677001953125, -50, 0), (166.1619873046875, -50, 0), (171.19720458984375, -50, 0), (176.23239135742188, -50, 0), (-178.73239135742188, -50, 0), (-173.69720458984375, -50, 0), (-168.6619873046875, -50, 0), (-163.62677001953125, -50, 0), (-158.591552734375, -50, 0), (-153.55633544921875, -50, 0), (-148.5211181640625, -50, 0), (-143.48590087890625, -50, 0), (-138.45068359375, -50, 0), (-133.41549682617188, -50, 0), (-128.38027954101562, -50, 0), (-123.3450927734375, -50, 0), (-118.30987548828125, -50, 0), (-113.274658203125, -50, 0), (-108.23944091796875, -50, 0), (-103.2042236328125, -50, 0), (-98.16900634765625, -50, 0), (-93.1337890625, -50, 0), (-88.09860229492188, -50, 0), (-83.06338500976562, -50, 0), (-78.02816772460938, -50, 0), (-72.99295043945312, -50, 0), (-67.95773315429688, -50, 0), (-62.92254638671875, -50, 0), (-57.8873291015625, -50, 0), (-52.85211181640625, -50, 0), (-47.81689453125, -50, 0), (-42.78167724609375, -50, 0), (-37.746490478515625, -50, 0), (-32.711273193359375, -50, 0), (-27.676025390625, -50, 0), (-22.640869140625, -50, 0), (-17.6055908203125, -50, 0), (-12.5704345703125, -50, 0), (-7.53521728515625, -50, 0), (-2.5, -50, 0), (0, -45, 0), (5.03521728515625, -45, 0), (10.070419311523438, -45, 0), (15.105636596679688, -45, 0), (20.140838623046875, -45, 0), (25.176055908203125, -45, 0), (30.211273193359375, -45, 0), (35.24647521972656, -45, 0), (40.28169250488281, -45, 0), (45.31689453125, -45, 0), (50.35211181640625, -45, 0), (55.3873291015625, -45, 0), (60.42253112792969, -45, 0), (65.45774841308594, -45, 0), (70.49295043945312, -45, 0), (75.52816772460938, -45, 0), (80.56338500976562, -45, 0), (85.59860229492188, -45, 0), (90.6337890625, -45, 0), (95.66900634765625, -45, 0), (100.7042236328125, -45, 0), (105.73944091796875, -45, 0), (110.774658203125, -45, 0), (115.80987548828125, -45, 0), (120.84506225585938, -45, 0), (125.88027954101562, -45, 0), (130.91549682617188, -45, 0), (135.95068359375, -45, 0), (140.98590087890625, -45, 0), (146.0211181640625, -45, 0), (151.05633544921875, -45, 0), (156.091552734375, -45, 0), (161.12677001953125, -45, 0), (166.1619873046875, -45, 0), (171.19720458984375, -45, 0), (176.23239135742188, -45, 0), (-178.73239135742188, -45, 0), (-173.69720458984375, -45, 0), (-168.6619873046875, -45, 0), (-163.62677001953125, -45, 0), (-158.591552734375, -45, 0), (-153.55633544921875, -45, 0), (-148.5211181640625, -45, 0), (-143.48590087890625, -45, 0), (-138.45068359375, -45, 0), (-133.41549682617188, -45, 0), (-128.38027954101562, -45, 0), (-123.3450927734375, -45, 0), (-118.30987548828125, -45, 0), (-113.274658203125, -45, 0), (-108.23944091796875, -45, 0), (-103.2042236328125, -45, 0), (-98.16900634765625, -45, 0), (-93.1337890625, -45, 0), (-88.09860229492188, -45, 0), (-83.06338500976562, -45, 0), (-78.02816772460938, -45, 0), (-72.99295043945312, -45, 0), (-67.95773315429688, -45, 0), (-62.92254638671875, -45, 0), (-57.8873291015625, -45, 0), (-52.85211181640625, -45, 0), (-47.81689453125, -45, 0), (-42.78167724609375, -45, 0), (-37.746490478515625, -45, 0), (-32.711273193359375, -45, 0), (-27.676025390625, -45, 0), (-22.640869140625, -45, 0), (-17.6055908203125, -45, 0), (-12.5704345703125, -45, 0), (-7.53521728515625, -45, 0), (-2.5, -45, 0), (0, -40, 0), (5.03521728515625, -40, 0), (10.070419311523438, -40, 0), (15.105636596679688, -40, 0), (20.140838623046875, -40, 0), (25.176055908203125, -40, 0), (30.211273193359375, -40, 0), (35.24647521972656, -40, 0), (40.28169250488281, -40, 0), (45.31689453125, -40, 0), (50.35211181640625, -40, 0), (55.3873291015625, -40, 0), (60.42253112792969, -40, 0), (65.45774841308594, -40, 0), (70.49295043945312, -40, 0), (75.52816772460938, -40, 0), (80.56338500976562, -40, 0), (85.59860229492188, -40, 0), (90.6337890625, -40, 0), (95.66900634765625, -40, 0), (100.7042236328125, -40, 0), (105.73944091796875, -40, 0), (110.774658203125, -40, 0), (115.80987548828125, -40, 0), (120.84506225585938, -40, 0), (125.88027954101562, -40, 0), (130.91549682617188, -40, 0), (135.95068359375, -40, 0), (140.98590087890625, -40, 0), (146.0211181640625, -40, 0), (151.05633544921875, -40, 0), (156.091552734375, -40, 0), (161.12677001953125, -40, 0), (166.1619873046875, -40, 0), (171.19720458984375, -40, 0), (176.23239135742188, -40, 0), (-178.73239135742188, -40, 0), (-173.69720458984375, -40, 0), (-168.6619873046875, -40, 0), (-163.62677001953125, -40, 0), (-158.591552734375, -40, 0), (-153.55633544921875, -40, 0), (-148.5211181640625, -40, 0), (-143.48590087890625, -40, 0), (-138.45068359375, -40, 0), (-133.41549682617188, -40, 0), (-128.38027954101562, -40, 0), (-123.3450927734375, -40, 0), (-118.30987548828125, -40, 0), (-113.274658203125, -40, 0), (-108.23944091796875, -40, 0), (-103.2042236328125, -40, 0), (-98.16900634765625, -40, 0), (-93.1337890625, -40, 0), (-88.09860229492188, -40, 0), (-83.06338500976562, -40, 0), (-78.02816772460938, -40, 0), (-72.99295043945312, -40, 0), (-67.95773315429688, -40, 0), (-62.92254638671875, -40, 0), (-57.8873291015625, -40, 0), (-52.85211181640625, -40, 0), (-47.81689453125, -40, 0), (-42.78167724609375, -40, 0), (-37.746490478515625, -40, 0), (-32.711273193359375, -40, 0), (-27.676025390625, -40, 0), (-22.640869140625, -40, 0), (-17.6055908203125, -40, 0), (-12.5704345703125, -40, 0), (-7.53521728515625, -40, 0), (-2.5, -40, 0), (0, -35, 0), (5.03521728515625, -35, 0), (10.070419311523438, -35, 0), (15.105636596679688, -35, 0), (20.140838623046875, -35, 0), (25.176055908203125, -35, 0), (30.211273193359375, -35, 0), (35.24647521972656, -35, 0), (40.28169250488281, -35, 0), (45.31689453125, -35, 0), (50.35211181640625, -35, 0), (55.3873291015625, -35, 0), (60.42253112792969, -35, 0), (65.45774841308594, -35, 0), (70.49295043945312, -35, 0), (75.52816772460938, -35, 0), (80.56338500976562, -35, 0), (85.59860229492188, -35, 0), (90.6337890625, -35, 0), (95.66900634765625, -35, 0), (100.7042236328125, -35, 0), (105.73944091796875, -35, 0), (110.774658203125, -35, 0), (115.80987548828125, -35, 0), (120.84506225585938, -35, 0), (125.88027954101562, -35, 0), (130.91549682617188, -35, 0), (135.95068359375, -35, 0), (140.98590087890625, -35, 0), (146.0211181640625, -35, 0), (151.05633544921875, -35, 0), (156.091552734375, -35, 0), (161.12677001953125, -35, 0), (166.1619873046875, -35, 0), (171.19720458984375, -35, 0), (176.23239135742188, -35, 0), (-178.73239135742188, -35, 0), (-173.69720458984375, -35, 0), (-168.6619873046875, -35, 0), (-163.62677001953125, -35, 0), (-158.591552734375, -35, 0), (-153.55633544921875, -35, 0), (-148.5211181640625, -35, 0), (-143.48590087890625, -35, 0), (-138.45068359375, -35, 0), (-133.41549682617188, -35, 0), (-128.38027954101562, -35, 0), (-123.3450927734375, -35, 0), (-118.30987548828125, -35, 0), (-113.274658203125, -35, 0), (-108.23944091796875, -35, 0), (-103.2042236328125, -35, 0), (-98.16900634765625, -35, 0), (-93.1337890625, -35, 0), (-88.09860229492188, -35, 0), (-83.06338500976562, -35, 0), (-78.02816772460938, -35, 0), (-72.99295043945312, -35, 0), (-67.95773315429688, -35, 0), (-62.92254638671875, -35, 0), (-57.8873291015625, -35, 0), (-52.85211181640625, -35, 0), (-47.81689453125, -35, 0), (-42.78167724609375, -35, 0), (-37.746490478515625, -35, 0), (-32.711273193359375, -35, 0), (-27.676025390625, -35, 0), (-22.640869140625, -35, 0), (-17.6055908203125, -35, 0), (-12.5704345703125, -35, 0), (-7.53521728515625, -35, 0), (-2.5, -35, 0), (0, -30, 0), (5.03521728515625, -30, 0), (10.070419311523438, -30, 0), (15.105636596679688, -30, 0), (20.140838623046875, -30, 0), (25.176055908203125, -30, 0), (30.211273193359375, -30, 0), (35.24647521972656, -30, 0), (40.28169250488281, -30, 0), (45.31689453125, -30, 0), (50.35211181640625, -30, 0), (55.3873291015625, -30, 0), (60.42253112792969, -30, 0), (65.45774841308594, -30, 0), (70.49295043945312, -30, 0), (75.52816772460938, -30, 0), (80.56338500976562, -30, 0), (85.59860229492188, -30, 0), (90.6337890625, -30, 0), (95.66900634765625, -30, 0), (100.7042236328125, -30, 0), (105.73944091796875, -30, 0), (110.774658203125, -30, 0), (115.80987548828125, -30, 0), (120.84506225585938, -30, 0), (125.88027954101562, -30, 0), (130.91549682617188, -30, 0), (135.95068359375, -30, 0), (140.98590087890625, -30, 0), (146.0211181640625, -30, 0), (151.05633544921875, -30, 0), (156.091552734375, -30, 0), (161.12677001953125, -30, 0), (166.1619873046875, -30, 0), (171.19720458984375, -30, 0), (176.23239135742188, -30, 0), (-178.73239135742188, -30, 0), (-173.69720458984375, -30, 0), (-168.6619873046875, -30, 0), (-163.62677001953125, -30, 0), (-158.591552734375, -30, 0), (-153.55633544921875, -30, 0), (-148.5211181640625, -30, 0), (-143.48590087890625, -30, 0), (-138.45068359375, -30, 0), (-133.41549682617188, -30, 0), (-128.38027954101562, -30, 0), (-123.3450927734375, -30, 0), (-118.30987548828125, -30, 0), (-113.274658203125, -30, 0), (-108.23944091796875, -30, 0), (-103.2042236328125, -30, 0), (-98.16900634765625, -30, 0), (-93.1337890625, -30, 0), (-88.09860229492188, -30, 0), (-83.06338500976562, -30, 0), (-78.02816772460938, -30, 0), (-72.99295043945312, -30, 0), (-67.95773315429688, -30, 0), (-62.92254638671875, -30, 0), (-57.8873291015625, -30, 0), (-52.85211181640625, -30, 0), (-47.81689453125, -30, 0), (-42.78167724609375, -30, 0), (-37.746490478515625, -30, 0), (-32.711273193359375, -30, 0), (-27.676025390625, -30, 0), (-22.640869140625, -30, 0), (-17.6055908203125, -30, 0), (-12.5704345703125, -30, 0), (-7.53521728515625, -30, 0), (-2.5, -30, 0), (0, -25, 0), (5.03521728515625, -25, 0), (10.070419311523438, -25, 0), (15.105636596679688, -25, 0), (20.140838623046875, -25, 0), (25.176055908203125, -25, 0), (30.211273193359375, -25, 0), (35.24647521972656, -25, 0), (40.28169250488281, -25, 0), (45.31689453125, -25, 0), (50.35211181640625, -25, 0), (55.3873291015625, -25, 0), (60.42253112792969, -25, 0), (65.45774841308594, -25, 0), (70.49295043945312, -25, 0), (75.52816772460938, -25, 0), (80.56338500976562, -25, 0), (85.59860229492188, -25, 0), (90.6337890625, -25, 0), (95.66900634765625, -25, 0), (100.7042236328125, -25, 0), (105.73944091796875, -25, 0), (110.774658203125, -25, 0), (115.80987548828125, -25, 0), (120.84506225585938, -25, 0), (125.88027954101562, -25, 0), (130.91549682617188, -25, 0), (135.95068359375, -25, 0), (140.98590087890625, -25, 0), (146.0211181640625, -25, 0), (151.05633544921875, -25, 0), (156.091552734375, -25, 0), (161.12677001953125, -25, 0), (166.1619873046875, -25, 0), (171.19720458984375, -25, 0), (176.23239135742188, -25, 0), (-178.73239135742188, -25, 0), (-173.69720458984375, -25, 0), (-168.6619873046875, -25, 0), (-163.62677001953125, -25, 0), (-158.591552734375, -25, 0), (-153.55633544921875, -25, 0), (-148.5211181640625, -25, 0), (-143.48590087890625, -25, 0), (-138.45068359375, -25, 0), (-133.41549682617188, -25, 0), (-128.38027954101562, -25, 0), (-123.3450927734375, -25, 0), (-118.30987548828125, -25, 0), (-113.274658203125, -25, 0), (-108.23944091796875, -25, 0), (-103.2042236328125, -25, 0), (-98.16900634765625, -25, 0), (-93.1337890625, -25, 0), (-88.09860229492188, -25, 0), (-83.06338500976562, -25, 0), (-78.02816772460938, -25, 0), (-72.99295043945312, -25, 0), (-67.95773315429688, -25, 0), (-62.92254638671875, -25, 0), (-57.8873291015625, -25, 0), (-52.85211181640625, -25, 0), (-47.81689453125, -25, 0), (-42.78167724609375, -25, 0), (-37.746490478515625, -25, 0), (-32.711273193359375, -25, 0), (-27.676025390625, -25, 0), (-22.640869140625, -25, 0), (-17.6055908203125, -25, 0), (-12.5704345703125, -25, 0), (-7.53521728515625, -25, 0), (-2.5, -25, 0), (0, -20, 0), (5.03521728515625, -20, 0), (10.070419311523438, -20, 0), (15.105636596679688, -20, 0), (20.140838623046875, -20, 0), (25.176055908203125, -20, 0), (30.211273193359375, -20, 0), (35.24647521972656, -20, 0), (40.28169250488281, -20, 0), (45.31689453125, -20, 0), (50.35211181640625, -20, 0), (55.3873291015625, -20, 0), (60.42253112792969, -20, 0), (65.45774841308594, -20, 0), (70.49295043945312, -20, 0), (75.52816772460938, -20, 0), (80.56338500976562, -20, 0), (85.59860229492188, -20, 0), (90.6337890625, -20, 0), (95.66900634765625, -20, 0), (100.7042236328125, -20, 0), (105.73944091796875, -20, 0), (110.774658203125, -20, 0), (115.80987548828125, -20, 0), (120.84506225585938, -20, 0), (125.88027954101562, -20, 0), (130.91549682617188, -20, 0), (135.95068359375, -20, 0), (140.98590087890625, -20, 0), (146.0211181640625, -20, 0), (151.05633544921875, -20, 0), (156.091552734375, -20, 0), (161.12677001953125, -20, 0), (166.1619873046875, -20, 0), (171.19720458984375, -20, 0), (176.23239135742188, -20, 0), (-178.73239135742188, -20, 0), (-173.69720458984375, -20, 0), (-168.6619873046875, -20, 0), (-163.62677001953125, -20, 0), (-158.591552734375, -20, 0), (-153.55633544921875, -20, 0), (-148.5211181640625, -20, 0), (-143.48590087890625, -20, 0), (-138.45068359375, -20, 0), (-133.41549682617188, -20, 0), (-128.38027954101562, -20, 0), (-123.3450927734375, -20, 0), (-118.30987548828125, -20, 0), (-113.274658203125, -20, 0), (-108.23944091796875, -20, 0), (-103.2042236328125, -20, 0), (-98.16900634765625, -20, 0), (-93.1337890625, -20, 0), (-88.09860229492188, -20, 0), (-83.06338500976562, -20, 0), (-78.02816772460938, -20, 0), (-72.99295043945312, -20, 0), (-67.95773315429688, -20, 0), (-62.92254638671875, -20, 0), (-57.8873291015625, -20, 0), (-52.85211181640625, -20, 0), (-47.81689453125, -20, 0), (-42.78167724609375, -20, 0), (-37.746490478515625, -20, 0), (-32.711273193359375, -20, 0), (-27.676025390625, -20, 0), (-22.640869140625, -20, 0), (-17.6055908203125, -20, 0), (-12.5704345703125, -20, 0), (-7.53521728515625, -20, 0), (-2.5, -20, 0), (0, -15, 0), (5.03521728515625, -15, 0), (10.070419311523438, -15, 0), (15.105636596679688, -15, 0), (20.140838623046875, -15, 0), (25.176055908203125, -15, 0), (30.211273193359375, -15, 0), (35.24647521972656, -15, 0), (40.28169250488281, -15, 0), (45.31689453125, -15, 0), (50.35211181640625, -15, 0), (55.3873291015625, -15, 0), (60.42253112792969, -15, 0), (65.45774841308594, -15, 0), (70.49295043945312, -15, 0), (75.52816772460938, -15, 0), (80.56338500976562, -15, 0), (85.59860229492188, -15, 0), (90.6337890625, -15, 0), (95.66900634765625, -15, 0), (100.7042236328125, -15, 0), (105.73944091796875, -15, 0), (110.774658203125, -15, 0), (115.80987548828125, -15, 0), (120.84506225585938, -15, 0), (125.88027954101562, -15, 0), (130.91549682617188, -15, 0), (135.95068359375, -15, 0), (140.98590087890625, -15, 0), (146.0211181640625, -15, 0), (151.05633544921875, -15, 0), (156.091552734375, -15, 0), (161.12677001953125, -15, 0), (166.1619873046875, -15, 0), (171.19720458984375, -15, 0), (176.23239135742188, -15, 0), (-178.73239135742188, -15, 0), (-173.69720458984375, -15, 0), (-168.6619873046875, -15, 0), (-163.62677001953125, -15, 0), (-158.591552734375, -15, 0), (-153.55633544921875, -15, 0), (-148.5211181640625, -15, 0), (-143.48590087890625, -15, 0), (-138.45068359375, -15, 0), (-133.41549682617188, -15, 0), (-128.38027954101562, -15, 0), (-123.3450927734375, -15, 0), (-118.30987548828125, -15, 0), (-113.274658203125, -15, 0), (-108.23944091796875, -15, 0), (-103.2042236328125, -15, 0), (-98.16900634765625, -15, 0), (-93.1337890625, -15, 0), (-88.09860229492188, -15, 0), (-83.06338500976562, -15, 0), (-78.02816772460938, -15, 0), (-72.99295043945312, -15, 0), (-67.95773315429688, -15, 0), (-62.92254638671875, -15, 0), (-57.8873291015625, -15, 0), (-52.85211181640625, -15, 0), (-47.81689453125, -15, 0), (-42.78167724609375, -15, 0), (-37.746490478515625, -15, 0), (-32.711273193359375, -15, 0), (-27.676025390625, -15, 0), (-22.640869140625, -15, 0), (-17.6055908203125, -15, 0), (-12.5704345703125, -15, 0), (-7.53521728515625, -15, 0), (-2.5, -15, 0), (0, -10, 0), (5.03521728515625, -10, 0), (10.070419311523438, -10, 0), (15.105636596679688, -10, 0), (20.140838623046875, -10, 0), (25.176055908203125, -10, 0), (30.211273193359375, -10, 0), (35.24647521972656, -10, 0), (40.28169250488281, -10, 0), (45.31689453125, -10, 0), (50.35211181640625, -10, 0), (55.3873291015625, -10, 0), (60.42253112792969, -10, 0), (65.45774841308594, -10, 0), (70.49295043945312, -10, 0), (75.52816772460938, -10, 0), (80.56338500976562, -10, 0), (85.59860229492188, -10, 0), (90.6337890625, -10, 0), (95.66900634765625, -10, 0), (100.7042236328125, -10, 0), (105.73944091796875, -10, 0), (110.774658203125, -10, 0), (115.80987548828125, -10, 0), (120.84506225585938, -10, 0), (125.88027954101562, -10, 0), (130.91549682617188, -10, 0), (135.95068359375, -10, 0), (140.98590087890625, -10, 0), (146.0211181640625, -10, 0), (151.05633544921875, -10, 0), (156.091552734375, -10, 0), (161.12677001953125, -10, 0), (166.1619873046875, -10, 0), (171.19720458984375, -10, 0), (176.23239135742188, -10, 0), (-178.73239135742188, -10, 0), (-173.69720458984375, -10, 0), (-168.6619873046875, -10, 0), (-163.62677001953125, -10, 0), (-158.591552734375, -10, 0), (-153.55633544921875, -10, 0), (-148.5211181640625, -10, 0), (-143.48590087890625, -10, 0), (-138.45068359375, -10, 0), (-133.41549682617188, -10, 0), (-128.38027954101562, -10, 0), (-123.3450927734375, -10, 0), (-118.30987548828125, -10, 0), (-113.274658203125, -10, 0), (-108.23944091796875, -10, 0), (-103.2042236328125, -10, 0), (-98.16900634765625, -10, 0), (-93.1337890625, -10, 0), (-88.09860229492188, -10, 0), (-83.06338500976562, -10, 0), (-78.02816772460938, -10, 0), (-72.99295043945312, -10, 0), (-67.95773315429688, -10, 0), (-62.92254638671875, -10, 0), (-57.8873291015625, -10, 0), (-52.85211181640625, -10, 0), (-47.81689453125, -10, 0), (-42.78167724609375, -10, 0), (-37.746490478515625, -10, 0), (-32.711273193359375, -10, 0), (-27.676025390625, -10, 0), (-22.640869140625, -10, 0), (-17.6055908203125, -10, 0), (-12.5704345703125, -10, 0), (-7.53521728515625, -10, 0), (-2.5, -10, 0), (0, -5, 0), (5.03521728515625, -5, 0), (10.070419311523438, -5, 0), (15.105636596679688, -5, 0), (20.140838623046875, -5, 0), (25.176055908203125, -5, 0), (30.211273193359375, -5, 0), (35.24647521972656, -5, 0), (40.28169250488281, -5, 0), (45.31689453125, -5, 0), (50.35211181640625, -5, 0), (55.3873291015625, -5, 0), (60.42253112792969, -5, 0), (65.45774841308594, -5, 0), (70.49295043945312, -5, 0), (75.52816772460938, -5, 0), (80.56338500976562, -5, 0), (85.59860229492188, -5, 0), (90.6337890625, -5, 0), (95.66900634765625, -5, 0), (100.7042236328125, -5, 0), (105.73944091796875, -5, 0), (110.774658203125, -5, 0), (115.80987548828125, -5, 0), (120.84506225585938, -5, 0), (125.88027954101562, -5, 0), (130.91549682617188, -5, 0), (135.95068359375, -5, 0), (140.98590087890625, -5, 0), (146.0211181640625, -5, 0), (151.05633544921875, -5, 0), (156.091552734375, -5, 0), (161.12677001953125, -5, 0), (166.1619873046875, -5, 0), (171.19720458984375, -5, 0), (176.23239135742188, -5, 0), (-178.73239135742188, -5, 0), (-173.69720458984375, -5, 0), (-168.6619873046875, -5, 0), (-163.62677001953125, -5, 0), (-158.591552734375, -5, 0), (-153.55633544921875, -5, 0), (-148.5211181640625, -5, 0), (-143.48590087890625, -5, 0), (-138.45068359375, -5, 0), (-133.41549682617188, -5, 0), (-128.38027954101562, -5, 0), (-123.3450927734375, -5, 0), (-118.30987548828125, -5, 0), (-113.274658203125, -5, 0), (-108.23944091796875, -5, 0), (-103.2042236328125, -5, 0), (-98.16900634765625, -5, 0), (-93.1337890625, -5, 0), (-88.09860229492188, -5, 0), (-83.06338500976562, -5, 0), (-78.02816772460938, -5, 0), (-72.99295043945312, -5, 0), (-67.95773315429688, -5, 0), (-62.92254638671875, -5, 0), (-57.8873291015625, -5, 0), (-52.85211181640625, -5, 0), (-47.81689453125, -5, 0), (-42.78167724609375, -5, 0), (-37.746490478515625, -5, 0), (-32.711273193359375, -5, 0), (-27.676025390625, -5, 0), (-22.640869140625, -5, 0), (-17.6055908203125, -5, 0), (-12.5704345703125, -5, 0), (-7.53521728515625, -5, 0), (-2.5, -5, 0), (0, 0, 0), (5.03521728515625, 0, 0), (10.070419311523438, 0, 0), (15.105636596679688, 0, 0), (20.140838623046875, 0, 0), (25.176055908203125, 0, 0), (30.211273193359375, 0, 0), (35.24647521972656, 0, 0), (40.28169250488281, 0, 0), (45.31689453125, 0, 0), (50.35211181640625, 0, 0), (55.3873291015625, 0, 0), (60.42253112792969, 0, 0), (65.45774841308594, 0, 0), (70.49295043945312, 0, 0), (75.52816772460938, 0, 0), (80.56338500976562, 0, 0), (85.59860229492188, 0, 0), (90.6337890625, 0, 0), (95.66900634765625, 0, 0), (100.7042236328125, 0, 0), (105.73944091796875, 0, 0), (110.774658203125, 0, 0), (115.80987548828125, 0, 0), (120.84506225585938, 0, 0), (125.88027954101562, 0, 0), (130.91549682617188, 0, 0), (135.95068359375, 0, 0), (140.98590087890625, 0, 0), (146.0211181640625, 0, 0), (151.05633544921875, 0, 0), (156.091552734375, 0, 0), (161.12677001953125, 0, 0), (166.1619873046875, 0, 0), (171.19720458984375, 0, 0), (176.23239135742188, 0, 0), (-178.73239135742188, 0, 0), (-173.69720458984375, 0, 0), (-168.6619873046875, 0, 0), (-163.62677001953125, 0, 0), (-158.591552734375, 0, 0), (-153.55633544921875, 0, 0), (-148.5211181640625, 0, 0), (-143.48590087890625, 0, 0), (-138.45068359375, 0, 0), (-133.41549682617188, 0, 0), (-128.38027954101562, 0, 0), (-123.3450927734375, 0, 0), (-118.30987548828125, 0, 0), (-113.274658203125, 0, 0), (-108.23944091796875, 0, 0), (-103.2042236328125, 0, 0), (-98.16900634765625, 0, 0), (-93.1337890625, 0, 0), (-88.09860229492188, 0, 0), (-83.06338500976562, 0, 0), (-78.02816772460938, 0, 0), (-72.99295043945312, 0, 0), (-67.95773315429688, 0, 0), (-62.92254638671875, 0, 0), (-57.8873291015625, 0, 0), (-52.85211181640625, 0, 0), (-47.81689453125, 0, 0), (-42.78167724609375, 0, 0), (-37.746490478515625, 0, 0), (-32.711273193359375, 0, 0), (-27.676025390625, 0, 0), (-22.640869140625, 0, 0), (-17.6055908203125, 0, 0), (-12.5704345703125, 0, 0), (-7.53521728515625, 0, 0), (-2.5, 0, 0), (0, 5, 0), (5.03521728515625, 5, 0), (10.070419311523438, 5, 0), (15.105636596679688, 5, 0), (20.140838623046875, 5, 0), (25.176055908203125, 5, 0), (30.211273193359375, 5, 0), (35.24647521972656, 5, 0), (40.28169250488281, 5, 0), (45.31689453125, 5, 0), (50.35211181640625, 5, 0), (55.3873291015625, 5, 0), (60.42253112792969, 5, 0), (65.45774841308594, 5, 0), (70.49295043945312, 5, 0), (75.52816772460938, 5, 0), (80.56338500976562, 5, 0), (85.59860229492188, 5, 0), (90.6337890625, 5, 0), (95.66900634765625, 5, 0), (100.7042236328125, 5, 0), (105.73944091796875, 5, 0), (110.774658203125, 5, 0), (115.80987548828125, 5, 0), (120.84506225585938, 5, 0), (125.88027954101562, 5, 0), (130.91549682617188, 5, 0), (135.95068359375, 5, 0), (140.98590087890625, 5, 0), (146.0211181640625, 5, 0), (151.05633544921875, 5, 0), (156.091552734375, 5, 0), (161.12677001953125, 5, 0), (166.1619873046875, 5, 0), (171.19720458984375, 5, 0), (176.23239135742188, 5, 0), (-178.73239135742188, 5, 0), (-173.69720458984375, 5, 0), (-168.6619873046875, 5, 0), (-163.62677001953125, 5, 0), (-158.591552734375, 5, 0), (-153.55633544921875, 5, 0), (-148.5211181640625, 5, 0), (-143.48590087890625, 5, 0), (-138.45068359375, 5, 0), (-133.41549682617188, 5, 0), (-128.38027954101562, 5, 0), (-123.3450927734375, 5, 0), (-118.30987548828125, 5, 0), (-113.274658203125, 5, 0), (-108.23944091796875, 5, 0), (-103.2042236328125, 5, 0), (-98.16900634765625, 5, 0), (-93.1337890625, 5, 0), (-88.09860229492188, 5, 0), (-83.06338500976562, 5, 0), (-78.02816772460938, 5, 0), (-72.99295043945312, 5, 0), (-67.95773315429688, 5, 0), (-62.92254638671875, 5, 0), (-57.8873291015625, 5, 0), (-52.85211181640625, 5, 0), (-47.81689453125, 5, 0), (-42.78167724609375, 5, 0), (-37.746490478515625, 5, 0), (-32.711273193359375, 5, 0), (-27.676025390625, 5, 0), (-22.640869140625, 5, 0), (-17.6055908203125, 5, 0), (-12.5704345703125, 5, 0), (-7.53521728515625, 5, 0), (-2.5, 5, 0), (0, 10, 0), (5.03521728515625, 10, 0), (10.070419311523438, 10, 0), (15.105636596679688, 10, 0), (20.140838623046875, 10, 0), (25.176055908203125, 10, 0), (30.211273193359375, 10, 0), (35.24647521972656, 10, 0), (40.28169250488281, 10, 0), (45.31689453125, 10, 0), (50.35211181640625, 10, 0), (55.3873291015625, 10, 0), (60.42253112792969, 10, 0), (65.45774841308594, 10, 0), (70.49295043945312, 10, 0), (75.52816772460938, 10, 0), (80.56338500976562, 10, 0), (85.59860229492188, 10, 0), (90.6337890625, 10, 0), (95.66900634765625, 10, 0), (100.7042236328125, 10, 0), (105.73944091796875, 10, 0), (110.774658203125, 10, 0), (115.80987548828125, 10, 0), (120.84506225585938, 10, 0), (125.88027954101562, 10, 0), (130.91549682617188, 10, 0), (135.95068359375, 10, 0), (140.98590087890625, 10, 0), (146.0211181640625, 10, 0), (151.05633544921875, 10, 0), (156.091552734375, 10, 0), (161.12677001953125, 10, 0), (166.1619873046875, 10, 0), (171.19720458984375, 10, 0), (176.23239135742188, 10, 0), (-178.73239135742188, 10, 0), (-173.69720458984375, 10, 0), (-168.6619873046875, 10, 0), (-163.62677001953125, 10, 0), (-158.591552734375, 10, 0), (-153.55633544921875, 10, 0), (-148.5211181640625, 10, 0), (-143.48590087890625, 10, 0), (-138.45068359375, 10, 0), (-133.41549682617188, 10, 0), (-128.38027954101562, 10, 0), (-123.3450927734375, 10, 0), (-118.30987548828125, 10, 0), (-113.274658203125, 10, 0), (-108.23944091796875, 10, 0), (-103.2042236328125, 10, 0), (-98.16900634765625, 10, 0), (-93.1337890625, 10, 0), (-88.09860229492188, 10, 0), (-83.06338500976562, 10, 0), (-78.02816772460938, 10, 0), (-72.99295043945312, 10, 0), (-67.95773315429688, 10, 0), (-62.92254638671875, 10, 0), (-57.8873291015625, 10, 0), (-52.85211181640625, 10, 0), (-47.81689453125, 10, 0), (-42.78167724609375, 10, 0), (-37.746490478515625, 10, 0), (-32.711273193359375, 10, 0), (-27.676025390625, 10, 0), (-22.640869140625, 10, 0), (-17.6055908203125, 10, 0), (-12.5704345703125, 10, 0), (-7.53521728515625, 10, 0), (-2.5, 10, 0), (0, 15, 0), (5.03521728515625, 15, 0), (10.070419311523438, 15, 0), (15.105636596679688, 15, 0), (20.140838623046875, 15, 0), (25.176055908203125, 15, 0), (30.211273193359375, 15, 0), (35.24647521972656, 15, 0), (40.28169250488281, 15, 0), (45.31689453125, 15, 0), (50.35211181640625, 15, 0), (55.3873291015625, 15, 0), (60.42253112792969, 15, 0), (65.45774841308594, 15, 0), (70.49295043945312, 15, 0), (75.52816772460938, 15, 0), (80.56338500976562, 15, 0), (85.59860229492188, 15, 0), (90.6337890625, 15, 0), (95.66900634765625, 15, 0), (100.7042236328125, 15, 0), (105.73944091796875, 15, 0), (110.774658203125, 15, 0), (115.80987548828125, 15, 0), (120.84506225585938, 15, 0), (125.88027954101562, 15, 0), (130.91549682617188, 15, 0), (135.95068359375, 15, 0), (140.98590087890625, 15, 0), (146.0211181640625, 15, 0), (151.05633544921875, 15, 0), (156.091552734375, 15, 0), (161.12677001953125, 15, 0), (166.1619873046875, 15, 0), (171.19720458984375, 15, 0), (176.23239135742188, 15, 0), (-178.73239135742188, 15, 0), (-173.69720458984375, 15, 0), (-168.6619873046875, 15, 0), (-163.62677001953125, 15, 0), (-158.591552734375, 15, 0), (-153.55633544921875, 15, 0), (-148.5211181640625, 15, 0), (-143.48590087890625, 15, 0), (-138.45068359375, 15, 0), (-133.41549682617188, 15, 0), (-128.38027954101562, 15, 0), (-123.3450927734375, 15, 0), (-118.30987548828125, 15, 0), (-113.274658203125, 15, 0), (-108.23944091796875, 15, 0), (-103.2042236328125, 15, 0), (-98.16900634765625, 15, 0), (-93.1337890625, 15, 0), (-88.09860229492188, 15, 0), (-83.06338500976562, 15, 0), (-78.02816772460938, 15, 0), (-72.99295043945312, 15, 0), (-67.95773315429688, 15, 0), (-62.92254638671875, 15, 0), (-57.8873291015625, 15, 0), (-52.85211181640625, 15, 0), (-47.81689453125, 15, 0), (-42.78167724609375, 15, 0), (-37.746490478515625, 15, 0), (-32.711273193359375, 15, 0), (-27.676025390625, 15, 0), (-22.640869140625, 15, 0), (-17.6055908203125, 15, 0), (-12.5704345703125, 15, 0), (-7.53521728515625, 15, 0), (-2.5, 15, 0), (0, 20, 0), (5.03521728515625, 20, 0), (10.070419311523438, 20, 0), (15.105636596679688, 20, 0), (20.140838623046875, 20, 0), (25.176055908203125, 20, 0), (30.211273193359375, 20, 0), (35.24647521972656, 20, 0), (40.28169250488281, 20, 0), (45.31689453125, 20, 0), (50.35211181640625, 20, 0), (55.3873291015625, 20, 0), (60.42253112792969, 20, 0), (65.45774841308594, 20, 0), (70.49295043945312, 20, 0), (75.52816772460938, 20, 0), (80.56338500976562, 20, 0), (85.59860229492188, 20, 0), (90.6337890625, 20, 0), (95.66900634765625, 20, 0), (100.7042236328125, 20, 0), (105.73944091796875, 20, 0), (110.774658203125, 20, 0), (115.80987548828125, 20, 0), (120.84506225585938, 20, 0), (125.88027954101562, 20, 0), (130.91549682617188, 20, 0), (135.95068359375, 20, 0), (140.98590087890625, 20, 0), (146.0211181640625, 20, 0), (151.05633544921875, 20, 0), (156.091552734375, 20, 0), (161.12677001953125, 20, 0), (166.1619873046875, 20, 0), (171.19720458984375, 20, 0), (176.23239135742188, 20, 0), (-178.73239135742188, 20, 0), (-173.69720458984375, 20, 0), (-168.6619873046875, 20, 0), (-163.62677001953125, 20, 0), (-158.591552734375, 20, 0), (-153.55633544921875, 20, 0), (-148.5211181640625, 20, 0), (-143.48590087890625, 20, 0), (-138.45068359375, 20, 0), (-133.41549682617188, 20, 0), (-128.38027954101562, 20, 0), (-123.3450927734375, 20, 0), (-118.30987548828125, 20, 0), (-113.274658203125, 20, 0), (-108.23944091796875, 20, 0), (-103.2042236328125, 20, 0), (-98.16900634765625, 20, 0), (-93.1337890625, 20, 0), (-88.09860229492188, 20, 0), (-83.06338500976562, 20, 0), (-78.02816772460938, 20, 0), (-72.99295043945312, 20, 0), (-67.95773315429688, 20, 0), (-62.92254638671875, 20, 0), (-57.8873291015625, 20, 0), (-52.85211181640625, 20, 0), (-47.81689453125, 20, 0), (-42.78167724609375, 20, 0), (-37.746490478515625, 20, 0), (-32.711273193359375, 20, 0), (-27.676025390625, 20, 0), (-22.640869140625, 20, 0), (-17.6055908203125, 20, 0), (-12.5704345703125, 20, 0), (-7.53521728515625, 20, 0), (-2.5, 20, 0), (0, 25, 0), (5.03521728515625, 25, 0), (10.070419311523438, 25, 0), (15.105636596679688, 25, 0), (20.140838623046875, 25, 0), (25.176055908203125, 25, 0), (30.211273193359375, 25, 0), (35.24647521972656, 25, 0), (40.28169250488281, 25, 0), (45.31689453125, 25, 0), (50.35211181640625, 25, 0), (55.3873291015625, 25, 0), (60.42253112792969, 25, 0), (65.45774841308594, 25, 0), (70.49295043945312, 25, 0), (75.52816772460938, 25, 0), (80.56338500976562, 25, 0), (85.59860229492188, 25, 0), (90.6337890625, 25, 0), (95.66900634765625, 25, 0), (100.7042236328125, 25, 0), (105.73944091796875, 25, 0), (110.774658203125, 25, 0), (115.80987548828125, 25, 0), (120.84506225585938, 25, 0), (125.88027954101562, 25, 0), (130.91549682617188, 25, 0), (135.95068359375, 25, 0), (140.98590087890625, 25, 0), (146.0211181640625, 25, 0), (151.05633544921875, 25, 0), (156.091552734375, 25, 0), (161.12677001953125, 25, 0), (166.1619873046875, 25, 0), (171.19720458984375, 25, 0), (176.23239135742188, 25, 0), (-178.73239135742188, 25, 0), (-173.69720458984375, 25, 0), (-168.6619873046875, 25, 0), (-163.62677001953125, 25, 0), (-158.591552734375, 25, 0), (-153.55633544921875, 25, 0), (-148.5211181640625, 25, 0), (-143.48590087890625, 25, 0), (-138.45068359375, 25, 0), (-133.41549682617188, 25, 0), (-128.38027954101562, 25, 0), (-123.3450927734375, 25, 0), (-118.30987548828125, 25, 0), (-113.274658203125, 25, 0), (-108.23944091796875, 25, 0), (-103.2042236328125, 25, 0), (-98.16900634765625, 25, 0), (-93.1337890625, 25, 0), (-88.09860229492188, 25, 0), (-83.06338500976562, 25, 0), (-78.02816772460938, 25, 0), (-72.99295043945312, 25, 0), (-67.95773315429688, 25, 0), (-62.92254638671875, 25, 0), (-57.8873291015625, 25, 0), (-52.85211181640625, 25, 0), (-47.81689453125, 25, 0), (-42.78167724609375, 25, 0), (-37.746490478515625, 25, 0), (-32.711273193359375, 25, 0), (-27.676025390625, 25, 0), (-22.640869140625, 25, 0), (-17.6055908203125, 25, 0), (-12.5704345703125, 25, 0), (-7.53521728515625, 25, 0), (-2.5, 25, 0), (0, 30, 0), (5.03521728515625, 30, 0), (10.070419311523438, 30, 0), (15.105636596679688, 30, 0), (20.140838623046875, 30, 0), (25.176055908203125, 30, 0), (30.211273193359375, 30, 0), (35.24647521972656, 30, 0), (40.28169250488281, 30, 0), (45.31689453125, 30, 0), (50.35211181640625, 30, 0), (55.3873291015625, 30, 0), (60.42253112792969, 30, 0), (65.45774841308594, 30, 0), (70.49295043945312, 30, 0), (75.52816772460938, 30, 0), (80.56338500976562, 30, 0), (85.59860229492188, 30, 0), (90.6337890625, 30, 0), (95.66900634765625, 30, 0), (100.7042236328125, 30, 0), (105.73944091796875, 30, 0), (110.774658203125, 30, 0), (115.80987548828125, 30, 0), (120.84506225585938, 30, 0), (125.88027954101562, 30, 0), (130.91549682617188, 30, 0), (135.95068359375, 30, 0), (140.98590087890625, 30, 0), (146.0211181640625, 30, 0), (151.05633544921875, 30, 0), (156.091552734375, 30, 0), (161.12677001953125, 30, 0), (166.1619873046875, 30, 0), (171.19720458984375, 30, 0), (176.23239135742188, 30, 0), (-178.73239135742188, 30, 0), (-173.69720458984375, 30, 0), (-168.6619873046875, 30, 0), (-163.62677001953125, 30, 0), (-158.591552734375, 30, 0), (-153.55633544921875, 30, 0), (-148.5211181640625, 30, 0), (-143.48590087890625, 30, 0), (-138.45068359375, 30, 0), (-133.41549682617188, 30, 0), (-128.38027954101562, 30, 0), (-123.3450927734375, 30, 0), (-118.30987548828125, 30, 0), (-113.274658203125, 30, 0), (-108.23944091796875, 30, 0), (-103.2042236328125, 30, 0), (-98.16900634765625, 30, 0), (-93.1337890625, 30, 0), (-88.09860229492188, 30, 0), (-83.06338500976562, 30, 0), (-78.02816772460938, 30, 0), (-72.99295043945312, 30, 0), (-67.95773315429688, 30, 0), (-62.92254638671875, 30, 0), (-57.8873291015625, 30, 0), (-52.85211181640625, 30, 0), (-47.81689453125, 30, 0), (-42.78167724609375, 30, 0), (-37.746490478515625, 30, 0), (-32.711273193359375, 30, 0), (-27.676025390625, 30, 0), (-22.640869140625, 30, 0), (-17.6055908203125, 30, 0), (-12.5704345703125, 30, 0), (-7.53521728515625, 30, 0), (-2.5, 30, 0), (0, 35, 0), (5.03521728515625, 35, 0), (10.070419311523438, 35, 0), (15.105636596679688, 35, 0), (20.140838623046875, 35, 0), (25.176055908203125, 35, 0), (30.211273193359375, 35, 0), (35.24647521972656, 35, 0), (40.28169250488281, 35, 0), (45.31689453125, 35, 0), (50.35211181640625, 35, 0), (55.3873291015625, 35, 0), (60.42253112792969, 35, 0), (65.45774841308594, 35, 0), (70.49295043945312, 35, 0), (75.52816772460938, 35, 0), (80.56338500976562, 35, 0), (85.59860229492188, 35, 0), (90.6337890625, 35, 0), (95.66900634765625, 35, 0), (100.7042236328125, 35, 0), (105.73944091796875, 35, 0), (110.774658203125, 35, 0), (115.80987548828125, 35, 0), (120.84506225585938, 35, 0), (125.88027954101562, 35, 0), (130.91549682617188, 35, 0), (135.95068359375, 35, 0), (140.98590087890625, 35, 0), (146.0211181640625, 35, 0), (151.05633544921875, 35, 0), (156.091552734375, 35, 0), (161.12677001953125, 35, 0), (166.1619873046875, 35, 0), (171.19720458984375, 35, 0), (176.23239135742188, 35, 0), (-178.73239135742188, 35, 0), (-173.69720458984375, 35, 0), (-168.6619873046875, 35, 0), (-163.62677001953125, 35, 0), (-158.591552734375, 35, 0), (-153.55633544921875, 35, 0), (-148.5211181640625, 35, 0), (-143.48590087890625, 35, 0), (-138.45068359375, 35, 0), (-133.41549682617188, 35, 0), (-128.38027954101562, 35, 0), (-123.3450927734375, 35, 0), (-118.30987548828125, 35, 0), (-113.274658203125, 35, 0), (-108.23944091796875, 35, 0), (-103.2042236328125, 35, 0), (-98.16900634765625, 35, 0), (-93.1337890625, 35, 0), (-88.09860229492188, 35, 0), (-83.06338500976562, 35, 0), (-78.02816772460938, 35, 0), (-72.99295043945312, 35, 0), (-67.95773315429688, 35, 0), (-62.92254638671875, 35, 0), (-57.8873291015625, 35, 0), (-52.85211181640625, 35, 0), (-47.81689453125, 35, 0), (-42.78167724609375, 35, 0), (-37.746490478515625, 35, 0), (-32.711273193359375, 35, 0), (-27.676025390625, 35, 0), (-22.640869140625, 35, 0), (-17.6055908203125, 35, 0), (-12.5704345703125, 35, 0), (-7.53521728515625, 35, 0), (-2.5, 35, 0), (0, 40, 0), (5.03521728515625, 40, 0), (10.070419311523438, 40, 0), (15.105636596679688, 40, 0), (20.140838623046875, 40, 0), (25.176055908203125, 40, 0), (30.211273193359375, 40, 0), (35.24647521972656, 40, 0), (40.28169250488281, 40, 0), (45.31689453125, 40, 0), (50.35211181640625, 40, 0), (55.3873291015625, 40, 0), (60.42253112792969, 40, 0), (65.45774841308594, 40, 0), (70.49295043945312, 40, 0), (75.52816772460938, 40, 0), (80.56338500976562, 40, 0), (85.59860229492188, 40, 0), (90.6337890625, 40, 0), (95.66900634765625, 40, 0), (100.7042236328125, 40, 0), (105.73944091796875, 40, 0), (110.774658203125, 40, 0), (115.80987548828125, 40, 0), (120.84506225585938, 40, 0), (125.88027954101562, 40, 0), (130.91549682617188, 40, 0), (135.95068359375, 40, 0), (140.98590087890625, 40, 0), (146.0211181640625, 40, 0), (151.05633544921875, 40, 0), (156.091552734375, 40, 0), (161.12677001953125, 40, 0), (166.1619873046875, 40, 0), (171.19720458984375, 40, 0), (176.23239135742188, 40, 0), (-178.73239135742188, 40, 0), (-173.69720458984375, 40, 0), (-168.6619873046875, 40, 0), (-163.62677001953125, 40, 0), (-158.591552734375, 40, 0), (-153.55633544921875, 40, 0), (-148.5211181640625, 40, 0), (-143.48590087890625, 40, 0), (-138.45068359375, 40, 0), (-133.41549682617188, 40, 0), (-128.38027954101562, 40, 0), (-123.3450927734375, 40, 0), (-118.30987548828125, 40, 0), (-113.274658203125, 40, 0), (-108.23944091796875, 40, 0), (-103.2042236328125, 40, 0), (-98.16900634765625, 40, 0), (-93.1337890625, 40, 0), (-88.09860229492188, 40, 0), (-83.06338500976562, 40, 0), (-78.02816772460938, 40, 0), (-72.99295043945312, 40, 0), (-67.95773315429688, 40, 0), (-62.92254638671875, 40, 0), (-57.8873291015625, 40, 0), (-52.85211181640625, 40, 0), (-47.81689453125, 40, 0), (-42.78167724609375, 40, 0), (-37.746490478515625, 40, 0), (-32.711273193359375, 40, 0), (-27.676025390625, 40, 0), (-22.640869140625, 40, 0), (-17.6055908203125, 40, 0), (-12.5704345703125, 40, 0), (-7.53521728515625, 40, 0), (-2.5, 40, 0), (0, 45, 0), (5.03521728515625, 45, 0), (10.070419311523438, 45, 0), (15.105636596679688, 45, 0), (20.140838623046875, 45, 0), (25.176055908203125, 45, 0), (30.211273193359375, 45, 0), (35.24647521972656, 45, 0), (40.28169250488281, 45, 0), (45.31689453125, 45, 0), (50.35211181640625, 45, 0), (55.3873291015625, 45, 0), (60.42253112792969, 45, 0), (65.45774841308594, 45, 0), (70.49295043945312, 45, 0), (75.52816772460938, 45, 0), (80.56338500976562, 45, 0), (85.59860229492188, 45, 0), (90.6337890625, 45, 0), (95.66900634765625, 45, 0), (100.7042236328125, 45, 0), (105.73944091796875, 45, 0), (110.774658203125, 45, 0), (115.80987548828125, 45, 0), (120.84506225585938, 45, 0), (125.88027954101562, 45, 0), (130.91549682617188, 45, 0), (135.95068359375, 45, 0), (140.98590087890625, 45, 0), (146.0211181640625, 45, 0), (151.05633544921875, 45, 0), (156.091552734375, 45, 0), (161.12677001953125, 45, 0), (166.1619873046875, 45, 0), (171.19720458984375, 45, 0), (176.23239135742188, 45, 0), (-178.73239135742188, 45, 0), (-173.69720458984375, 45, 0), (-168.6619873046875, 45, 0), (-163.62677001953125, 45, 0), (-158.591552734375, 45, 0), (-153.55633544921875, 45, 0), (-148.5211181640625, 45, 0), (-143.48590087890625, 45, 0), (-138.45068359375, 45, 0), (-133.41549682617188, 45, 0), (-128.38027954101562, 45, 0), (-123.3450927734375, 45, 0), (-118.30987548828125, 45, 0), (-113.274658203125, 45, 0), (-108.23944091796875, 45, 0), (-103.2042236328125, 45, 0), (-98.16900634765625, 45, 0), (-93.1337890625, 45, 0), (-88.09860229492188, 45, 0), (-83.06338500976562, 45, 0), (-78.02816772460938, 45, 0), (-72.99295043945312, 45, 0), (-67.95773315429688, 45, 0), (-62.92254638671875, 45, 0), (-57.8873291015625, 45, 0), (-52.85211181640625, 45, 0), (-47.81689453125, 45, 0), (-42.78167724609375, 45, 0), (-37.746490478515625, 45, 0), (-32.711273193359375, 45, 0), (-27.676025390625, 45, 0), (-22.640869140625, 45, 0), (-17.6055908203125, 45, 0), (-12.5704345703125, 45, 0), (-7.53521728515625, 45, 0), (-2.5, 45, 0), (0, 50, 0), (5.03521728515625, 50, 0), (10.070419311523438, 50, 0), (15.105636596679688, 50, 0), (20.140838623046875, 50, 0), (25.176055908203125, 50, 0), (30.211273193359375, 50, 0), (35.24647521972656, 50, 0), (40.28169250488281, 50, 0), (45.31689453125, 50, 0), (50.35211181640625, 50, 0), (55.3873291015625, 50, 0), (60.42253112792969, 50, 0), (65.45774841308594, 50, 0), (70.49295043945312, 50, 0), (75.52816772460938, 50, 0), (80.56338500976562, 50, 0), (85.59860229492188, 50, 0), (90.6337890625, 50, 0), (95.66900634765625, 50, 0), (100.7042236328125, 50, 0), (105.73944091796875, 50, 0), (110.774658203125, 50, 0), (115.80987548828125, 50, 0), (120.84506225585938, 50, 0), (125.88027954101562, 50, 0), (130.91549682617188, 50, 0), (135.95068359375, 50, 0), (140.98590087890625, 50, 0), (146.0211181640625, 50, 0), (151.05633544921875, 50, 0), (156.091552734375, 50, 0), (161.12677001953125, 50, 0), (166.1619873046875, 50, 0), (171.19720458984375, 50, 0), (176.23239135742188, 50, 0), (-178.73239135742188, 50, 0), (-173.69720458984375, 50, 0), (-168.6619873046875, 50, 0), (-163.62677001953125, 50, 0), (-158.591552734375, 50, 0), (-153.55633544921875, 50, 0), (-148.5211181640625, 50, 0), (-143.48590087890625, 50, 0), (-138.45068359375, 50, 0), (-133.41549682617188, 50, 0), (-128.38027954101562, 50, 0), (-123.3450927734375, 50, 0), (-118.30987548828125, 50, 0), (-113.274658203125, 50, 0), (-108.23944091796875, 50, 0), (-103.2042236328125, 50, 0), (-98.16900634765625, 50, 0), (-93.1337890625, 50, 0), (-88.09860229492188, 50, 0), (-83.06338500976562, 50, 0), (-78.02816772460938, 50, 0), (-72.99295043945312, 50, 0), (-67.95773315429688, 50, 0), (-62.92254638671875, 50, 0), (-57.8873291015625, 50, 0), (-52.85211181640625, 50, 0), (-47.81689453125, 50, 0), (-42.78167724609375, 50, 0), (-37.746490478515625, 50, 0), (-32.711273193359375, 50, 0), (-27.676025390625, 50, 0), (-22.640869140625, 50, 0), (-17.6055908203125, 50, 0), (-12.5704345703125, 50, 0), (-7.53521728515625, 50, 0), (-2.5, 50, 0), (0, 55, 0), (5.03521728515625, 55, 0), (10.070419311523438, 55, 0), (15.105636596679688, 55, 0), (20.140838623046875, 55, 0), (25.176055908203125, 55, 0), (30.211273193359375, 55, 0), (35.24647521972656, 55, 0), (40.28169250488281, 55, 0), (45.31689453125, 55, 0), (50.35211181640625, 55, 0), (55.3873291015625, 55, 0), (60.42253112792969, 55, 0), (65.45774841308594, 55, 0), (70.49295043945312, 55, 0), (75.52816772460938, 55, 0), (80.56338500976562, 55, 0), (85.59860229492188, 55, 0), (90.6337890625, 55, 0), (95.66900634765625, 55, 0), (100.7042236328125, 55, 0), (105.73944091796875, 55, 0), (110.774658203125, 55, 0), (115.80987548828125, 55, 0), (120.84506225585938, 55, 0), (125.88027954101562, 55, 0), (130.91549682617188, 55, 0), (135.95068359375, 55, 0), (140.98590087890625, 55, 0), (146.0211181640625, 55, 0), (151.05633544921875, 55, 0), (156.091552734375, 55, 0), (161.12677001953125, 55, 0), (166.1619873046875, 55, 0), (171.19720458984375, 55, 0), (176.23239135742188, 55, 0), (-178.73239135742188, 55, 0), (-173.69720458984375, 55, 0), (-168.6619873046875, 55, 0), (-163.62677001953125, 55, 0), (-158.591552734375, 55, 0), (-153.55633544921875, 55, 0), (-148.5211181640625, 55, 0), (-143.48590087890625, 55, 0), (-138.45068359375, 55, 0), (-133.41549682617188, 55, 0), (-128.38027954101562, 55, 0), (-123.3450927734375, 55, 0), (-118.30987548828125, 55, 0), (-113.274658203125, 55, 0), (-108.23944091796875, 55, 0), (-103.2042236328125, 55, 0), (-98.16900634765625, 55, 0), (-93.1337890625, 55, 0), (-88.09860229492188, 55, 0), (-83.06338500976562, 55, 0), (-78.02816772460938, 55, 0), (-72.99295043945312, 55, 0), (-67.95773315429688, 55, 0), (-62.92254638671875, 55, 0), (-57.8873291015625, 55, 0), (-52.85211181640625, 55, 0), (-47.81689453125, 55, 0), (-42.78167724609375, 55, 0), (-37.746490478515625, 55, 0), (-32.711273193359375, 55, 0), (-27.676025390625, 55, 0), (-22.640869140625, 55, 0), (-17.6055908203125, 55, 0), (-12.5704345703125, 55, 0), (-7.53521728515625, 55, 0), (-2.5, 55, 0), (0, 60, 0), (5.03521728515625, 60, 0), (10.070419311523438, 60, 0), (15.105636596679688, 60, 0), (20.140838623046875, 60, 0), (25.176055908203125, 60, 0), (30.211273193359375, 60, 0), (35.24647521972656, 60, 0), (40.28169250488281, 60, 0), (45.31689453125, 60, 0), (50.35211181640625, 60, 0), (55.3873291015625, 60, 0), (60.42253112792969, 60, 0), (65.45774841308594, 60, 0), (70.49295043945312, 60, 0), (75.52816772460938, 60, 0), (80.56338500976562, 60, 0), (85.59860229492188, 60, 0), (90.6337890625, 60, 0), (95.66900634765625, 60, 0), (100.7042236328125, 60, 0), (105.73944091796875, 60, 0), (110.774658203125, 60, 0), (115.80987548828125, 60, 0), (120.84506225585938, 60, 0), (125.88027954101562, 60, 0), (130.91549682617188, 60, 0), (135.95068359375, 60, 0), (140.98590087890625, 60, 0), (146.0211181640625, 60, 0), (151.05633544921875, 60, 0), (156.091552734375, 60, 0), (161.12677001953125, 60, 0), (166.1619873046875, 60, 0), (171.19720458984375, 60, 0), (176.23239135742188, 60, 0), (-178.73239135742188, 60, 0), (-173.69720458984375, 60, 0), (-168.6619873046875, 60, 0), (-163.62677001953125, 60, 0), (-158.591552734375, 60, 0), (-153.55633544921875, 60, 0), (-148.5211181640625, 60, 0), (-143.48590087890625, 60, 0), (-138.45068359375, 60, 0), (-133.41549682617188, 60, 0), (-128.38027954101562, 60, 0), (-123.3450927734375, 60, 0), (-118.30987548828125, 60, 0), (-113.274658203125, 60, 0), (-108.23944091796875, 60, 0), (-103.2042236328125, 60, 0), (-98.16900634765625, 60, 0), (-93.1337890625, 60, 0), (-88.09860229492188, 60, 0), (-83.06338500976562, 60, 0), (-78.02816772460938, 60, 0), (-72.99295043945312, 60, 0), (-67.95773315429688, 60, 0), (-62.92254638671875, 60, 0), (-57.8873291015625, 60, 0), (-52.85211181640625, 60, 0), (-47.81689453125, 60, 0), (-42.78167724609375, 60, 0), (-37.746490478515625, 60, 0), (-32.711273193359375, 60, 0), (-27.676025390625, 60, 0), (-22.640869140625, 60, 0), (-17.6055908203125, 60, 0), (-12.5704345703125, 60, 0), (-7.53521728515625, 60, 0), (-2.5, 60, 0), (0, 65, 0), (5.03521728515625, 65, 0), (10.070419311523438, 65, 0), (15.105636596679688, 65, 0), (20.140838623046875, 65, 0), (25.176055908203125, 65, 0), (30.211273193359375, 65, 0), (35.24647521972656, 65, 0), (40.28169250488281, 65, 0), (45.31689453125, 65, 0), (50.35211181640625, 65, 0), (55.3873291015625, 65, 0), (60.42253112792969, 65, 0), (65.45774841308594, 65, 0), (70.49295043945312, 65, 0), (75.52816772460938, 65, 0), (80.56338500976562, 65, 0), (85.59860229492188, 65, 0), (90.6337890625, 65, 0), (95.66900634765625, 65, 0), (100.7042236328125, 65, 0), (105.73944091796875, 65, 0), (110.774658203125, 65, 0), (115.80987548828125, 65, 0), (120.84506225585938, 65, 0), (125.88027954101562, 65, 0), (130.91549682617188, 65, 0), (135.95068359375, 65, 0), (140.98590087890625, 65, 0), (146.0211181640625, 65, 0), (151.05633544921875, 65, 0), (156.091552734375, 65, 0), (161.12677001953125, 65, 0), (166.1619873046875, 65, 0), (171.19720458984375, 65, 0), (176.23239135742188, 65, 0), (-178.73239135742188, 65, 0), (-173.69720458984375, 65, 0), (-168.6619873046875, 65, 0), (-163.62677001953125, 65, 0), (-158.591552734375, 65, 0), (-153.55633544921875, 65, 0), (-148.5211181640625, 65, 0), (-143.48590087890625, 65, 0), (-138.45068359375, 65, 0), (-133.41549682617188, 65, 0), (-128.38027954101562, 65, 0), (-123.3450927734375, 65, 0), (-118.30987548828125, 65, 0), (-113.274658203125, 65, 0), (-108.23944091796875, 65, 0), (-103.2042236328125, 65, 0), (-98.16900634765625, 65, 0), (-93.1337890625, 65, 0), (-88.09860229492188, 65, 0), (-83.06338500976562, 65, 0), (-78.02816772460938, 65, 0), (-72.99295043945312, 65, 0), (-67.95773315429688, 65, 0), (-62.92254638671875, 65, 0), (-57.8873291015625, 65, 0), (-52.85211181640625, 65, 0), (-47.81689453125, 65, 0), (-42.78167724609375, 65, 0), (-37.746490478515625, 65, 0), (-32.711273193359375, 65, 0), (-27.676025390625, 65, 0), (-22.640869140625, 65, 0), (-17.6055908203125, 65, 0), (-12.5704345703125, 65, 0), (-7.53521728515625, 65, 0), (-2.5, 65, 0), (0, 70, 0), (5.03521728515625, 70, 0), (10.070419311523438, 70, 0), (15.105636596679688, 70, 0), (20.140838623046875, 70, 0), (25.176055908203125, 70, 0), (30.211273193359375, 70, 0), (35.24647521972656, 70, 0), (40.28169250488281, 70, 0), (45.31689453125, 70, 0), (50.35211181640625, 70, 0), (55.3873291015625, 70, 0), (60.42253112792969, 70, 0), (65.45774841308594, 70, 0), (70.49295043945312, 70, 0), (75.52816772460938, 70, 0), (80.56338500976562, 70, 0), (85.59860229492188, 70, 0), (90.6337890625, 70, 0), (95.66900634765625, 70, 0), (100.7042236328125, 70, 0), (105.73944091796875, 70, 0), (110.774658203125, 70, 0), (115.80987548828125, 70, 0), (120.84506225585938, 70, 0), (125.88027954101562, 70, 0), (130.91549682617188, 70, 0), (135.95068359375, 70, 0), (140.98590087890625, 70, 0), (146.0211181640625, 70, 0), (151.05633544921875, 70, 0), (156.091552734375, 70, 0), (161.12677001953125, 70, 0), (166.1619873046875, 70, 0), (171.19720458984375, 70, 0), (176.23239135742188, 70, 0), (-178.73239135742188, 70, 0), (-173.69720458984375, 70, 0), (-168.6619873046875, 70, 0), (-163.62677001953125, 70, 0), (-158.591552734375, 70, 0), (-153.55633544921875, 70, 0), (-148.5211181640625, 70, 0), (-143.48590087890625, 70, 0), (-138.45068359375, 70, 0), (-133.41549682617188, 70, 0), (-128.38027954101562, 70, 0), (-123.3450927734375, 70, 0), (-118.30987548828125, 70, 0), (-113.274658203125, 70, 0), (-108.23944091796875, 70, 0), (-103.2042236328125, 70, 0), (-98.16900634765625, 70, 0), (-93.1337890625, 70, 0), (-88.09860229492188, 70, 0), (-83.06338500976562, 70, 0), (-78.02816772460938, 70, 0), (-72.99295043945312, 70, 0), (-67.95773315429688, 70, 0), (-62.92254638671875, 70, 0), (-57.8873291015625, 70, 0), (-52.85211181640625, 70, 0), (-47.81689453125, 70, 0), (-42.78167724609375, 70, 0), (-37.746490478515625, 70, 0), (-32.711273193359375, 70, 0), (-27.676025390625, 70, 0), (-22.640869140625, 70, 0), (-17.6055908203125, 70, 0), (-12.5704345703125, 70, 0), (-7.53521728515625, 70, 0), (-2.5, 70, 0), (0, 75, 0), (5.03521728515625, 75, 0), (10.070419311523438, 75, 0), (15.105636596679688, 75, 0), (20.140838623046875, 75, 0), (25.176055908203125, 75, 0), (30.211273193359375, 75, 0), (35.24647521972656, 75, 0), (40.28169250488281, 75, 0), (45.31689453125, 75, 0), (50.35211181640625, 75, 0), (55.3873291015625, 75, 0), (60.42253112792969, 75, 0), (65.45774841308594, 75, 0), (70.49295043945312, 75, 0), (75.52816772460938, 75, 0), (80.56338500976562, 75, 0), (85.59860229492188, 75, 0), (90.6337890625, 75, 0), (95.66900634765625, 75, 0), (100.7042236328125, 75, 0), (105.73944091796875, 75, 0), (110.774658203125, 75, 0), (115.80987548828125, 75, 0), (120.84506225585938, 75, 0), (125.88027954101562, 75, 0), (130.91549682617188, 75, 0), (135.95068359375, 75, 0), (140.98590087890625, 75, 0), (146.0211181640625, 75, 0), (151.05633544921875, 75, 0), (156.091552734375, 75, 0), (161.12677001953125, 75, 0), (166.1619873046875, 75, 0), (171.19720458984375, 75, 0), (176.23239135742188, 75, 0), (-178.73239135742188, 75, 0), (-173.69720458984375, 75, 0), (-168.6619873046875, 75, 0), (-163.62677001953125, 75, 0), (-158.591552734375, 75, 0), (-153.55633544921875, 75, 0), (-148.5211181640625, 75, 0), (-143.48590087890625, 75, 0), (-138.45068359375, 75, 0), (-133.41549682617188, 75, 0), (-128.38027954101562, 75, 0), (-123.3450927734375, 75, 0), (-118.30987548828125, 75, 0), (-113.274658203125, 75, 0), (-108.23944091796875, 75, 0), (-103.2042236328125, 75, 0), (-98.16900634765625, 75, 0), (-93.1337890625, 75, 0), (-88.09860229492188, 75, 0), (-83.06338500976562, 75, 0), (-78.02816772460938, 75, 0), (-72.99295043945312, 75, 0), (-67.95773315429688, 75, 0), (-62.92254638671875, 75, 0), (-57.8873291015625, 75, 0), (-52.85211181640625, 75, 0), (-47.81689453125, 75, 0), (-42.78167724609375, 75, 0), (-37.746490478515625, 75, 0), (-32.711273193359375, 75, 0), (-27.676025390625, 75, 0), (-22.640869140625, 75, 0), (-17.6055908203125, 75, 0), (-12.5704345703125, 75, 0), (-7.53521728515625, 75, 0), (-2.5, 75, 0), (0, 80, 0), (5.03521728515625, 80, 0), (10.070419311523438, 80, 0), (15.105636596679688, 80, 0), (20.140838623046875, 80, 0), (25.176055908203125, 80, 0), (30.211273193359375, 80, 0), (35.24647521972656, 80, 0), (40.28169250488281, 80, 0), (45.31689453125, 80, 0), (50.35211181640625, 80, 0), (55.3873291015625, 80, 0), (60.42253112792969, 80, 0), (65.45774841308594, 80, 0), (70.49295043945312, 80, 0), (75.52816772460938, 80, 0), (80.56338500976562, 80, 0), (85.59860229492188, 80, 0), (90.6337890625, 80, 0), (95.66900634765625, 80, 0), (100.7042236328125, 80, 0), (105.73944091796875, 80, 0), (110.774658203125, 80, 0), (115.80987548828125, 80, 0), (120.84506225585938, 80, 0), (125.88027954101562, 80, 0), (130.91549682617188, 80, 0), (135.95068359375, 80, 0), (140.98590087890625, 80, 0), (146.0211181640625, 80, 0), (151.05633544921875, 80, 0), (156.091552734375, 80, 0), (161.12677001953125, 80, 0), (166.1619873046875, 80, 0), (171.19720458984375, 80, 0), (176.23239135742188, 80, 0), (-178.73239135742188, 80, 0), (-173.69720458984375, 80, 0), (-168.6619873046875, 80, 0), (-163.62677001953125, 80, 0), (-158.591552734375, 80, 0), (-153.55633544921875, 80, 0), (-148.5211181640625, 80, 0), (-143.48590087890625, 80, 0), (-138.45068359375, 80, 0), (-133.41549682617188, 80, 0), (-128.38027954101562, 80, 0), (-123.3450927734375, 80, 0), (-118.30987548828125, 80, 0), (-113.274658203125, 80, 0), (-108.23944091796875, 80, 0), (-103.2042236328125, 80, 0), (-98.16900634765625, 80, 0), (-93.1337890625, 80, 0), (-88.09860229492188, 80, 0), (-83.06338500976562, 80, 0), (-78.02816772460938, 80, 0), (-72.99295043945312, 80, 0), (-67.95773315429688, 80, 0), (-62.92254638671875, 80, 0), (-57.8873291015625, 80, 0), (-52.85211181640625, 80, 0), (-47.81689453125, 80, 0), (-42.78167724609375, 80, 0), (-37.746490478515625, 80, 0), (-32.711273193359375, 80, 0), (-27.676025390625, 80, 0), (-22.640869140625, 80, 0), (-17.6055908203125, 80, 0), (-12.5704345703125, 80, 0), (-7.53521728515625, 80, 0), (-2.5, 80, 0), (0, 85, 0), (5.03521728515625, 85, 0), (10.070419311523438, 85, 0), (15.105636596679688, 85, 0), (20.140838623046875, 85, 0), (25.176055908203125, 85, 0), (30.211273193359375, 85, 0), (35.24647521972656, 85, 0), (40.28169250488281, 85, 0), (45.31689453125, 85, 0), (50.35211181640625, 85, 0), (55.3873291015625, 85, 0), (60.42253112792969, 85, 0), (65.45774841308594, 85, 0), (70.49295043945312, 85, 0), (75.52816772460938, 85, 0), (80.56338500976562, 85, 0), (85.59860229492188, 85, 0), (90.6337890625, 85, 0), (95.66900634765625, 85, 0), (100.7042236328125, 85, 0), (105.73944091796875, 85, 0), (110.774658203125, 85, 0), (115.80987548828125, 85, 0), (120.84506225585938, 85, 0), (125.88027954101562, 85, 0), (130.91549682617188, 85, 0), (135.95068359375, 85, 0), (140.98590087890625, 85, 0), (146.0211181640625, 85, 0), (151.05633544921875, 85, 0), (156.091552734375, 85, 0), (161.12677001953125, 85, 0), (166.1619873046875, 85, 0), (171.19720458984375, 85, 0), (176.23239135742188, 85, 0), (-178.73239135742188, 85, 0), (-173.69720458984375, 85, 0), (-168.6619873046875, 85, 0), (-163.62677001953125, 85, 0), (-158.591552734375, 85, 0), (-153.55633544921875, 85, 0), (-148.5211181640625, 85, 0), (-143.48590087890625, 85, 0), (-138.45068359375, 85, 0), (-133.41549682617188, 85, 0), (-128.38027954101562, 85, 0), (-123.3450927734375, 85, 0), (-118.30987548828125, 85, 0), (-113.274658203125, 85, 0), (-108.23944091796875, 85, 0), (-103.2042236328125, 85, 0), (-98.16900634765625, 85, 0), (-93.1337890625, 85, 0), (-88.09860229492188, 85, 0), (-83.06338500976562, 85, 0), (-78.02816772460938, 85, 0), (-72.99295043945312, 85, 0), (-67.95773315429688, 85, 0), (-62.92254638671875, 85, 0), (-57.8873291015625, 85, 0), (-52.85211181640625, 85, 0), (-47.81689453125, 85, 0), (-42.78167724609375, 85, 0), (-37.746490478515625, 85, 0), (-32.711273193359375, 85, 0), (-27.676025390625, 85, 0), (-22.640869140625, 85, 0), (-17.6055908203125, 85, 0), (-12.5704345703125, 85, 0), (-7.53521728515625, 85, 0), (-2.5, 85, 0), (0, 90, 0), (5.03521728515625, 90, 0), (10.070419311523438, 90, 0), (15.105636596679688, 90, 0), (20.140838623046875, 90, 0), (25.176055908203125, 90, 0), (30.211273193359375, 90, 0), (35.24647521972656, 90, 0), (40.28169250488281, 90, 0), (45.31689453125, 90, 0), (50.35211181640625, 90, 0), (55.3873291015625, 90, 0), (60.42253112792969, 90, 0), (65.45774841308594, 90, 0), (70.49295043945312, 90, 0), (75.52816772460938, 90, 0), (80.56338500976562, 90, 0), (85.59860229492188, 90, 0), (90.6337890625, 90, 0), (95.66900634765625, 90, 0), (100.7042236328125, 90, 0), (105.73944091796875, 90, 0), (110.774658203125, 90, 0), (115.80987548828125, 90, 0), (120.84506225585938, 90, 0), (125.88027954101562, 90, 0), (130.91549682617188, 90, 0), (135.95068359375, 90, 0), (140.98590087890625, 90, 0), (146.0211181640625, 90, 0), (151.05633544921875, 90, 0), (156.091552734375, 90, 0), (161.12677001953125, 90, 0), (166.1619873046875, 90, 0), (171.19720458984375, 90, 0), (176.23239135742188, 90, 0), (-178.73239135742188, 90, 0), (-173.69720458984375, 90, 0), (-168.6619873046875, 90, 0), (-163.62677001953125, 90, 0), (-158.591552734375, 90, 0), (-153.55633544921875, 90, 0), (-148.5211181640625, 90, 0), (-143.48590087890625, 90, 0), (-138.45068359375, 90, 0), (-133.41549682617188, 90, 0), (-128.38027954101562, 90, 0), (-123.3450927734375, 90, 0), (-118.30987548828125, 90, 0), (-113.274658203125, 90, 0), (-108.23944091796875, 90, 0), (-103.2042236328125, 90, 0), (-98.16900634765625, 90, 0), (-93.1337890625, 90, 0), (-88.09860229492188, 90, 0), (-83.06338500976562, 90, 0), (-78.02816772460938, 90, 0), (-72.99295043945312, 90, 0), (-67.95773315429688, 90, 0), (-62.92254638671875, 90, 0), (-57.8873291015625, 90, 0), (-52.85211181640625, 90, 0), (-47.81689453125, 90, 0), (-42.78167724609375, 90, 0), (-37.746490478515625, 90, 0), (-32.711273193359375, 90, 0), (-27.676025390625, 90, 0), (-22.640869140625, 90, 0), (-17.6055908203125, 90, 0), (-12.5704345703125, 90, 0), (-7.53521728515625, 90, 0), (-2.5, 90, 0)],
        5: [(0, -90, 0), (5.03521728515625, -90, 0), (10.070419311523438, -90, 0), (15.105636596679688, -90, 0), (20.140838623046875, -90, 0), (25.176055908203125, -90, 0), (30.211273193359375, -90, 0), (35.24647521972656, -90, 0), (40.28169250488281, -90, 0), (45.31689453125, -90, 0), (50.35211181640625, -90, 0), (55.3873291015625, -90, 0), (60.42253112792969, -90, 0), (65.45774841308594, -90, 0), (70.49295043945312, -90, 0), (75.52816772460938, -90, 0), (80.56338500976562, -90, 0), (85.59860229492188, -90, 0), (90.6337890625, -90, 0), (95.66900634765625, -90, 0), (100.7042236328125, -90, 0), (105.73944091796875, -90, 0), (110.774658203125, -90, 0), (115.80987548828125, -90, 0), (120.84506225585938, -90, 0), (125.88027954101562, -90, 0), (130.91549682617188, -90, 0), (135.95068359375, -90, 0), (140.98590087890625, -90, 0), (146.0211181640625, -90, 0), (151.05633544921875, -90, 0), (156.091552734375, -90, 0), (161.12677001953125, -90, 0), (166.1619873046875, -90, 0), (171.19720458984375, -90, 0), (176.23239135742188, -90, 0), (-178.73239135742188, -90, 0), (-173.69720458984375, -90, 0), (-168.6619873046875, -90, 0), (-163.62677001953125, -90, 0), (-158.591552734375, -90, 0), (-153.55633544921875, -90, 0), (-148.5211181640625, -90, 0), (-143.48590087890625, -90, 0), (-138.45068359375, -90, 0), (-133.41549682617188, -90, 0), (-128.38027954101562, -90, 0), (-123.3450927734375, -90, 0), (-118.30987548828125, -90, 0), (-113.274658203125, -90, 0), (-108.23944091796875, -90, 0), (-103.2042236328125, -90, 0), (-98.16900634765625, -90, 0), (-93.1337890625, -90, 0), (-88.09860229492188, -90, 0), (-83.06338500976562, -90, 0), (-78.02816772460938, -90, 0), (-72.99295043945312, -90, 0), (-67.95773315429688, -90, 0), (-62.92254638671875, -90, 0), (-57.8873291015625, -90, 0), (-52.85211181640625, -90, 0), (-47.81689453125, -90, 0), (-42.78167724609375, -90, 0), (-37.746490478515625, -90, 0), (-32.711273193359375, -90, 0), (-27.676025390625, -90, 0), (-22.640869140625, -90, 0), (-17.6055908203125, -90, 0), (-12.5704345703125, -90, 0), (-7.53521728515625, -90, 0), (-2.5, -90, 0), (0, -85, 0), (5.03521728515625, -85, 0), (10.070419311523438, -85, 0), (15.105636596679688, -85, 0), (20.140838623046875, -85, 0), (25.176055908203125, -85, 0), (30.211273193359375, -85, 0), (35.24647521972656, -85, 0), (40.28169250488281, -85, 0), (45.31689453125, -85, 0), (50.35211181640625, -85, 0), (55.3873291015625, -85, 0), (60.42253112792969, -85, 0), (65.45774841308594, -85, 0), (70.49295043945312, -85, 0), (75.52816772460938, -85, 0), (80.56338500976562, -85, 0), (85.59860229492188, -85, 0), (90.6337890625, -85, 0), (95.66900634765625, -85, 0), (100.7042236328125, -85, 0), (105.73944091796875, -85, 0), (110.774658203125, -85, 0), (115.80987548828125, -85, 0), (120.84506225585938, -85, 0), (125.88027954101562, -85, 0), (130.91549682617188, -85, 0), (135.95068359375, -85, 0), (140.98590087890625, -85, 0), (146.0211181640625, -85, 0), (151.05633544921875, -85, 0), (156.091552734375, -85, 0), (161.12677001953125, -85, 0), (166.1619873046875, -85, 0), (171.19720458984375, -85, 0), (176.23239135742188, -85, 0), (-178.73239135742188, -85, 0), (-173.69720458984375, -85, 0), (-168.6619873046875, -85, 0), (-163.62677001953125, -85, 0), (-158.591552734375, -85, 0), (-153.55633544921875, -85, 0), (-148.5211181640625, -85, 0), (-143.48590087890625, -85, 0), (-138.45068359375, -85, 0), (-133.41549682617188, -85, 0), (-128.38027954101562, -85, 0), (-123.3450927734375, -85, 0), (-118.30987548828125, -85, 0), (-113.274658203125, -85, 0), (-108.23944091796875, -85, 0), (-103.2042236328125, -85, 0), (-98.16900634765625, -85, 0), (-93.1337890625, -85, 0), (-88.09860229492188, -85, 0), (-83.06338500976562, -85, 0), (-78.02816772460938, -85, 0), (-72.99295043945312, -85, 0), (-67.95773315429688, -85, 0), (-62.92254638671875, -85, 0), (-57.8873291015625, -85, 0), (-52.85211181640625, -85, 0), (-47.81689453125, -85, 0), (-42.78167724609375, -85, 0), (-37.746490478515625, -85, 0), (-32.711273193359375, -85, 0), (-27.676025390625, -85, 0), (-22.640869140625, -85, 0), (-17.6055908203125, -85, 0), (-12.5704345703125, -85, 0), (-7.53521728515625, -85, 0), (-2.5, -85, 0), (0, -80, 0), (5.03521728515625, -80, 0), (10.070419311523438, -80, 0), (15.105636596679688, -80, 0), (20.140838623046875, -80, 0), (25.176055908203125, -80, 0), (30.211273193359375, -80, 0), (35.24647521972656, -80, 0), (40.28169250488281, -80, 0), (45.31689453125, -80, 0), (50.35211181640625, -80, 0), (55.3873291015625, -80, 0), (60.42253112792969, -80, 0), (65.45774841308594, -80, 0), (70.49295043945312, -80, 0), (75.52816772460938, -80, 0), (80.56338500976562, -80, 0), (85.59860229492188, -80, 0), (90.6337890625, -80, 0), (95.66900634765625, -80, 0), (100.7042236328125, -80, 0), (105.73944091796875, -80, 0), (110.774658203125, -80, 0), (115.80987548828125, -80, 0), (120.84506225585938, -80, 0), (125.88027954101562, -80, 0), (130.91549682617188, -80, 0), (135.95068359375, -80, 0), (140.98590087890625, -80, 0), (146.0211181640625, -80, 0), (151.05633544921875, -80, 0), (156.091552734375, -80, 0), (161.12677001953125, -80, 0), (166.1619873046875, -80, 0), (171.19720458984375, -80, 0), (176.23239135742188, -80, 0), (-178.73239135742188, -80, 0), (-173.69720458984375, -80, 0), (-168.6619873046875, -80, 0), (-163.62677001953125, -80, 0), (-158.591552734375, -80, 0), (-153.55633544921875, -80, 0), (-148.5211181640625, -80, 0), (-143.48590087890625, -80, 0), (-138.45068359375, -80, 0), (-133.41549682617188, -80, 0), (-128.38027954101562, -80, 0), (-123.3450927734375, -80, 0), (-118.30987548828125, -80, 0), (-113.274658203125, -80, 0), (-108.23944091796875, -80, 0), (-103.2042236328125, -80, 0), (-98.16900634765625, -80, 0), (-93.1337890625, -80, 0), (-88.09860229492188, -80, 0), (-83.06338500976562, -80, 0), (-78.02816772460938, -80, 0), (-72.99295043945312, -80, 0), (-67.95773315429688, -80, 0), (-62.92254638671875, -80, 0), (-57.8873291015625, -80, 0), (-52.85211181640625, -80, 0), (-47.81689453125, -80, 0), (-42.78167724609375, -80, 0), (-37.746490478515625, -80, 0), (-32.711273193359375, -80, 0), (-27.676025390625, -80, 0), (-22.640869140625, -80, 0), (-17.6055908203125, -80, 0), (-12.5704345703125, -80, 0), (-7.53521728515625, -80, 0), (-2.5, -80, 0), (0, -75, 0), (5.03521728515625, -75, 0), (10.070419311523438, -75, 0), (15.105636596679688, -75, 0), (20.140838623046875, -75, 0), (25.176055908203125, -75, 0), (30.211273193359375, -75, 0), (35.24647521972656, -75, 0), (40.28169250488281, -75, 0), (45.31689453125, -75, 0), (50.35211181640625, -75, 0), (55.3873291015625, -75, 0), (60.42253112792969, -75, 0), (65.45774841308594, -75, 0), (70.49295043945312, -75, 0), (75.52816772460938, -75, 0), (80.56338500976562, -75, 0), (85.59860229492188, -75, 0), (90.6337890625, -75, 0), (95.66900634765625, -75, 0), (100.7042236328125, -75, 0), (105.73944091796875, -75, 0), (110.774658203125, -75, 0), (115.80987548828125, -75, 0), (120.84506225585938, -75, 0), (125.88027954101562, -75, 0), (130.91549682617188, -75, 0), (135.95068359375, -75, 0), (140.98590087890625, -75, 0), (146.0211181640625, -75, 0), (151.05633544921875, -75, 0), (156.091552734375, -75, 0), (161.12677001953125, -75, 0), (166.1619873046875, -75, 0), (171.19720458984375, -75, 0), (176.23239135742188, -75, 0), (-178.73239135742188, -75, 0), (-173.69720458984375, -75, 0), (-168.6619873046875, -75, 0), (-163.62677001953125, -75, 0), (-158.591552734375, -75, 0), (-153.55633544921875, -75, 0), (-148.5211181640625, -75, 0), (-143.48590087890625, -75, 0), (-138.45068359375, -75, 0), (-133.41549682617188, -75, 0), (-128.38027954101562, -75, 0), (-123.3450927734375, -75, 0), (-118.30987548828125, -75, 0), (-113.274658203125, -75, 0), (-108.23944091796875, -75, 0), (-103.2042236328125, -75, 0), (-98.16900634765625, -75, 0), (-93.1337890625, -75, 0), (-88.09860229492188, -75, 0), (-83.06338500976562, -75, 0), (-78.02816772460938, -75, 0), (-72.99295043945312, -75, 0), (-67.95773315429688, -75, 0), (-62.92254638671875, -75, 0), (-57.8873291015625, -75, 0), (-52.85211181640625, -75, 0), (-47.81689453125, -75, 0), (-42.78167724609375, -75, 0), (-37.746490478515625, -75, 0), (-32.711273193359375, -75, 0), (-27.676025390625, -75, 0), (-22.640869140625, -75, 0), (-17.6055908203125, -75, 0), (-12.5704345703125, -75, 0), (-7.53521728515625, -75, 0), (-2.5, -75, 0), (0, -70, 0), (5.03521728515625, -70, 0), (10.070419311523438, -70, 0), (15.105636596679688, -70, 0), (20.140838623046875, -70, 0), (25.176055908203125, -70, 0), (30.211273193359375, -70, 0), (35.24647521972656, -70, 0), (40.28169250488281, -70, 0), (45.31689453125, -70, 0), (50.35211181640625, -70, 0), (55.3873291015625, -70, 0), (60.42253112792969, -70, 0), (65.45774841308594, -70, 0), (70.49295043945312, -70, 0), (75.52816772460938, -70, 0), (80.56338500976562, -70, 0), (85.59860229492188, -70, 0), (90.6337890625, -70, 0), (95.66900634765625, -70, 0), (100.7042236328125, -70, 0), (105.73944091796875, -70, 0), (110.774658203125, -70, 0), (115.80987548828125, -70, 0), (120.84506225585938, -70, 0), (125.88027954101562, -70, 0), (130.91549682617188, -70, 0), (135.95068359375, -70, 0), (140.98590087890625, -70, 0), (146.0211181640625, -70, 0), (151.05633544921875, -70, 0), (156.091552734375, -70, 0), (161.12677001953125, -70, 0), (166.1619873046875, -70, 0), (171.19720458984375, -70, 0), (176.23239135742188, -70, 0), (-178.73239135742188, -70, 0), (-173.69720458984375, -70, 0), (-168.6619873046875, -70, 0), (-163.62677001953125, -70, 0), (-158.591552734375, -70, 0), (-153.55633544921875, -70, 0), (-148.5211181640625, -70, 0), (-143.48590087890625, -70, 0), (-138.45068359375, -70, 0), (-133.41549682617188, -70, 0), (-128.38027954101562, -70, 0), (-123.3450927734375, -70, 0), (-118.30987548828125, -70, 0), (-113.274658203125, -70, 0), (-108.23944091796875, -70, 0), (-103.2042236328125, -70, 0), (-98.16900634765625, -70, 0), (-93.1337890625, -70, 0), (-88.09860229492188, -70, 0), (-83.06338500976562, -70, 0), (-78.02816772460938, -70, 0), (-72.99295043945312, -70, 0), (-67.95773315429688, -70, 0), (-62.92254638671875, -70, 0), (-57.8873291015625, -70, 0), (-52.85211181640625, -70, 0), (-47.81689453125, -70, 0), (-42.78167724609375, -70, 0), (-37.746490478515625, -70, 0), (-32.711273193359375, -70, 0), (-27.676025390625, -70, 0), (-22.640869140625, -70, 0), (-17.6055908203125, -70, 0), (-12.5704345703125, -70, 0), (-7.53521728515625, -70, 0), (-2.5, -70, 0), (0, -65, 0), (5.03521728515625, -65, 0), (10.070419311523438, -65, 0), (15.105636596679688, -65, 0), (20.140838623046875, -65, 0), (25.176055908203125, -65, 0), (30.211273193359375, -65, 0), (35.24647521972656, -65, 0), (40.28169250488281, -65, 0), (45.31689453125, -65, 0), (50.35211181640625, -65, 0), (55.3873291015625, -65, 0), (60.42253112792969, -65, 0), (65.45774841308594, -65, 0), (70.49295043945312, -65, 0), (75.52816772460938, -65, 0), (80.56338500976562, -65, 0), (85.59860229492188, -65, 0), (90.6337890625, -65, 0), (95.66900634765625, -65, 0), (100.7042236328125, -65, 0), (105.73944091796875, -65, 0), (110.774658203125, -65, 0), (115.80987548828125, -65, 0), (120.84506225585938, -65, 0), (125.88027954101562, -65, 0), (130.91549682617188, -65, 0), (135.95068359375, -65, 0), (140.98590087890625, -65, 0), (146.0211181640625, -65, 0), (151.05633544921875, -65, 0), (156.091552734375, -65, 0), (161.12677001953125, -65, 0), (166.1619873046875, -65, 0), (171.19720458984375, -65, 0), (176.23239135742188, -65, 0), (-178.73239135742188, -65, 0), (-173.69720458984375, -65, 0), (-168.6619873046875, -65, 0), (-163.62677001953125, -65, 0), (-158.591552734375, -65, 0), (-153.55633544921875, -65, 0), (-148.5211181640625, -65, 0), (-143.48590087890625, -65, 0), (-138.45068359375, -65, 0), (-133.41549682617188, -65, 0), (-128.38027954101562, -65, 0), (-123.3450927734375, -65, 0), (-118.30987548828125, -65, 0), (-113.274658203125, -65, 0), (-108.23944091796875, -65, 0), (-103.2042236328125, -65, 0), (-98.16900634765625, -65, 0), (-93.1337890625, -65, 0), (-88.09860229492188, -65, 0), (-83.06338500976562, -65, 0), (-78.02816772460938, -65, 0), (-72.99295043945312, -65, 0), (-67.95773315429688, -65, 0), (-62.92254638671875, -65, 0), (-57.8873291015625, -65, 0), (-52.85211181640625, -65, 0), (-47.81689453125, -65, 0), (-42.78167724609375, -65, 0), (-37.746490478515625, -65, 0), (-32.711273193359375, -65, 0), (-27.676025390625, -65, 0), (-22.640869140625, -65, 0), (-17.6055908203125, -65, 0), (-12.5704345703125, -65, 0), (-7.53521728515625, -65, 0), (-2.5, -65, 0), (0, -60, 0), (5.03521728515625, -60, 0), (10.070419311523438, -60, 0), (15.105636596679688, -60, 0), (20.140838623046875, -60, 0), (25.176055908203125, -60, 0), (30.211273193359375, -60, 0), (35.24647521972656, -60, 0), (40.28169250488281, -60, 0), (45.31689453125, -60, 0), (50.35211181640625, -60, 0), (55.3873291015625, -60, 0), (60.42253112792969, -60, 0), (65.45774841308594, -60, 0), (70.49295043945312, -60, 0), (75.52816772460938, -60, 0), (80.56338500976562, -60, 0), (85.59860229492188, -60, 0), (90.6337890625, -60, 0), (95.66900634765625, -60, 0), (100.7042236328125, -60, 0), (105.73944091796875, -60, 0), (110.774658203125, -60, 0), (115.80987548828125, -60, 0), (120.84506225585938, -60, 0), (125.88027954101562, -60, 0), (130.91549682617188, -60, 0), (135.95068359375, -60, 0), (140.98590087890625, -60, 0), (146.0211181640625, -60, 0), (151.05633544921875, -60, 0), (156.091552734375, -60, 0), (161.12677001953125, -60, 0), (166.1619873046875, -60, 0), (171.19720458984375, -60, 0), (176.23239135742188, -60, 0), (-178.73239135742188, -60, 0), (-173.69720458984375, -60, 0), (-168.6619873046875, -60, 0), (-163.62677001953125, -60, 0), (-158.591552734375, -60, 0), (-153.55633544921875, -60, 0), (-148.5211181640625, -60, 0), (-143.48590087890625, -60, 0), (-138.45068359375, -60, 0), (-133.41549682617188, -60, 0), (-128.38027954101562, -60, 0), (-123.3450927734375, -60, 0), (-118.30987548828125, -60, 0), (-113.274658203125, -60, 0), (-108.23944091796875, -60, 0), (-103.2042236328125, -60, 0), (-98.16900634765625, -60, 0), (-93.1337890625, -60, 0), (-88.09860229492188, -60, 0), (-83.06338500976562, -60, 0), (-78.02816772460938, -60, 0), (-72.99295043945312, -60, 0), (-67.95773315429688, -60, 0), (-62.92254638671875, -60, 0), (-57.8873291015625, -60, 0), (-52.85211181640625, -60, 0), (-47.81689453125, -60, 0), (-42.78167724609375, -60, 0), (-37.746490478515625, -60, 0), (-32.711273193359375, -60, 0), (-27.676025390625, -60, 0), (-22.640869140625, -60, 0), (-17.6055908203125, -60, 0), (-12.5704345703125, -60, 0), (-7.53521728515625, -60, 0), (-2.5, -60, 0), (0, -55, 0), (5.03521728515625, -55, 0), (10.070419311523438, -55, 0), (15.105636596679688, -55, 0), (20.140838623046875, -55, 0), (25.176055908203125, -55, 0), (30.211273193359375, -55, 0), (35.24647521972656, -55, 0), (40.28169250488281, -55, 0), (45.31689453125, -55, 0), (50.35211181640625, -55, 0), (55.3873291015625, -55, 0), (60.42253112792969, -55, 0), (65.45774841308594, -55, 0), (70.49295043945312, -55, 0), (75.52816772460938, -55, 0), (80.56338500976562, -55, 0), (85.59860229492188, -55, 0), (90.6337890625, -55, 0), (95.66900634765625, -55, 0), (100.7042236328125, -55, 0), (105.73944091796875, -55, 0), (110.774658203125, -55, 0), (115.80987548828125, -55, 0), (120.84506225585938, -55, 0), (125.88027954101562, -55, 0), (130.91549682617188, -55, 0), (135.95068359375, -55, 0), (140.98590087890625, -55, 0), (146.0211181640625, -55, 0), (151.05633544921875, -55, 0), (156.091552734375, -55, 0), (161.12677001953125, -55, 0), (166.1619873046875, -55, 0), (171.19720458984375, -55, 0), (176.23239135742188, -55, 0), (-178.73239135742188, -55, 0), (-173.69720458984375, -55, 0), (-168.6619873046875, -55, 0), (-163.62677001953125, -55, 0), (-158.591552734375, -55, 0), (-153.55633544921875, -55, 0), (-148.5211181640625, -55, 0), (-143.48590087890625, -55, 0), (-138.45068359375, -55, 0), (-133.41549682617188, -55, 0), (-128.38027954101562, -55, 0), (-123.3450927734375, -55, 0), (-118.30987548828125, -55, 0), (-113.274658203125, -55, 0), (-108.23944091796875, -55, 0), (-103.2042236328125, -55, 0), (-98.16900634765625, -55, 0), (-93.1337890625, -55, 0), (-88.09860229492188, -55, 0), (-83.06338500976562, -55, 0), (-78.02816772460938, -55, 0), (-72.99295043945312, -55, 0), (-67.95773315429688, -55, 0), (-62.92254638671875, -55, 0), (-57.8873291015625, -55, 0), (-52.85211181640625, -55, 0), (-47.81689453125, -55, 0), (-42.78167724609375, -55, 0), (-37.746490478515625, -55, 0), (-32.711273193359375, -55, 0), (-27.676025390625, -55, 0), (-22.640869140625, -55, 0), (-17.6055908203125, -55, 0), (-12.5704345703125, -55, 0), (-7.53521728515625, -55, 0), (-2.5, -55, 0), (0, -50, 0), (5.03521728515625, -50, 0), (10.070419311523438, -50, 0), (15.105636596679688, -50, 0), (20.140838623046875, -50, 0), (25.176055908203125, -50, 0), (30.211273193359375, -50, 0), (35.24647521972656, -50, 0), (40.28169250488281, -50, 0), (45.31689453125, -50, 0), (50.35211181640625, -50, 0), (55.3873291015625, -50, 0), (60.42253112792969, -50, 0), (65.45774841308594, -50, 0), (70.49295043945312, -50, 0), (75.52816772460938, -50, 0), (80.56338500976562, -50, 0), (85.59860229492188, -50, 0), (90.6337890625, -50, 0), (95.66900634765625, -50, 0), (100.7042236328125, -50, 0), (105.73944091796875, -50, 0), (110.774658203125, -50, 0), (115.80987548828125, -50, 0), (120.84506225585938, -50, 0), (125.88027954101562, -50, 0), (130.91549682617188, -50, 0), (135.95068359375, -50, 0), (140.98590087890625, -50, 0), (146.0211181640625, -50, 0), (151.05633544921875, -50, 0), (156.091552734375, -50, 0), (161.12677001953125, -50, 0), (166.1619873046875, -50, 0), (171.19720458984375, -50, 0), (176.23239135742188, -50, 0), (-178.73239135742188, -50, 0), (-173.69720458984375, -50, 0), (-168.6619873046875, -50, 0), (-163.62677001953125, -50, 0), (-158.591552734375, -50, 0), (-153.55633544921875, -50, 0), (-148.5211181640625, -50, 0), (-143.48590087890625, -50, 0), (-138.45068359375, -50, 0), (-133.41549682617188, -50, 0), (-128.38027954101562, -50, 0), (-123.3450927734375, -50, 0), (-118.30987548828125, -50, 0), (-113.274658203125, -50, 0), (-108.23944091796875, -50, 0), (-103.2042236328125, -50, 0), (-98.16900634765625, -50, 0), (-93.1337890625, -50, 0), (-88.09860229492188, -50, 0), (-83.06338500976562, -50, 0), (-78.02816772460938, -50, 0), (-72.99295043945312, -50, 0), (-67.95773315429688, -50, 0), (-62.92254638671875, -50, 0), (-57.8873291015625, -50, 0), (-52.85211181640625, -50, 0), (-47.81689453125, -50, 0), (-42.78167724609375, -50, 0), (-37.746490478515625, -50, 0), (-32.711273193359375, -50, 0), (-27.676025390625, -50, 0), (-22.640869140625, -50, 0), (-17.6055908203125, -50, 0), (-12.5704345703125, -50, 0), (-7.53521728515625, -50, 0), (-2.5, -50, 0), (0, -45, 0), (5.03521728515625, -45, 0), (10.070419311523438, -45, 0), (15.105636596679688, -45, 0), (20.140838623046875, -45, 0), (25.176055908203125, -45, 0), (30.211273193359375, -45, 0), (35.24647521972656, -45, 0), (40.28169250488281, -45, 0), (45.31689453125, -45, 0), (50.35211181640625, -45, 0), (55.3873291015625, -45, 0), (60.42253112792969, -45, 0), (65.45774841308594, -45, 0), (70.49295043945312, -45, 0), (75.52816772460938, -45, 0), (80.56338500976562, -45, 0), (85.59860229492188, -45, 0), (90.6337890625, -45, 0), (95.66900634765625, -45, 0), (100.7042236328125, -45, 0), (105.73944091796875, -45, 0), (110.774658203125, -45, 0), (115.80987548828125, -45, 0), (120.84506225585938, -45, 0), (125.88027954101562, -45, 0), (130.91549682617188, -45, 0), (135.95068359375, -45, 0), (140.98590087890625, -45, 0), (146.0211181640625, -45, 0), (151.05633544921875, -45, 0), (156.091552734375, -45, 0), (161.12677001953125, -45, 0), (166.1619873046875, -45, 0), (171.19720458984375, -45, 0), (176.23239135742188, -45, 0), (-178.73239135742188, -45, 0), (-173.69720458984375, -45, 0), (-168.6619873046875, -45, 0), (-163.62677001953125, -45, 0), (-158.591552734375, -45, 0), (-153.55633544921875, -45, 0), (-148.5211181640625, -45, 0), (-143.48590087890625, -45, 0), (-138.45068359375, -45, 0), (-133.41549682617188, -45, 0), (-128.38027954101562, -45, 0), (-123.3450927734375, -45, 0), (-118.30987548828125, -45, 0), (-113.274658203125, -45, 0), (-108.23944091796875, -45, 0), (-103.2042236328125, -45, 0), (-98.16900634765625, -45, 0), (-93.1337890625, -45, 0), (-88.09860229492188, -45, 0), (-83.06338500976562, -45, 0), (-78.02816772460938, -45, 0), (-72.99295043945312, -45, 0), (-67.95773315429688, -45, 0), (-62.92254638671875, -45, 0), (-57.8873291015625, -45, 0), (-52.85211181640625, -45, 0), (-47.81689453125, -45, 0), (-42.78167724609375, -45, 0), (-37.746490478515625, -45, 0), (-32.711273193359375, -45, 0), (-27.676025390625, -45, 0), (-22.640869140625, -45, 0), (-17.6055908203125, -45, 0), (-12.5704345703125, -45, 0), (-7.53521728515625, -45, 0), (-2.5, -45, 0), (0, -40, 0), (5.03521728515625, -40, 0), (10.070419311523438, -40, 0), (15.105636596679688, -40, 0), (20.140838623046875, -40, 0), (25.176055908203125, -40, 0), (30.211273193359375, -40, 0), (35.24647521972656, -40, 0), (40.28169250488281, -40, 0), (45.31689453125, -40, 0), (50.35211181640625, -40, 0), (55.3873291015625, -40, 0), (60.42253112792969, -40, 0), (65.45774841308594, -40, 0), (70.49295043945312, -40, 0), (75.52816772460938, -40, 0), (80.56338500976562, -40, 0), (85.59860229492188, -40, 0), (90.6337890625, -40, 0), (95.66900634765625, -40, 0), (100.7042236328125, -40, 0), (105.73944091796875, -40, 0), (110.774658203125, -40, 0), (115.80987548828125, -40, 0), (120.84506225585938, -40, 0), (125.88027954101562, -40, 0), (130.91549682617188, -40, 0), (135.95068359375, -40, 0), (140.98590087890625, -40, 0), (146.0211181640625, -40, 0), (151.05633544921875, -40, 0), (156.091552734375, -40, 0), (161.12677001953125, -40, 0), (166.1619873046875, -40, 0), (171.19720458984375, -40, 0), (176.23239135742188, -40, 0), (-178.73239135742188, -40, 0), (-173.69720458984375, -40, 0), (-168.6619873046875, -40, 0), (-163.62677001953125, -40, 0), (-158.591552734375, -40, 0), (-153.55633544921875, -40, 0), (-148.5211181640625, -40, 0), (-143.48590087890625, -40, 0), (-138.45068359375, -40, 0), (-133.41549682617188, -40, 0), (-128.38027954101562, -40, 0), (-123.3450927734375, -40, 0), (-118.30987548828125, -40, 0), (-113.274658203125, -40, 0), (-108.23944091796875, -40, 0), (-103.2042236328125, -40, 0), (-98.16900634765625, -40, 0), (-93.1337890625, -40, 0), (-88.09860229492188, -40, 0), (-83.06338500976562, -40, 0), (-78.02816772460938, -40, 0), (-72.99295043945312, -40, 0), (-67.95773315429688, -40, 0), (-62.92254638671875, -40, 0), (-57.8873291015625, -40, 0), (-52.85211181640625, -40, 0), (-47.81689453125, -40, 0), (-42.78167724609375, -40, 0), (-37.746490478515625, -40, 0), (-32.711273193359375, -40, 0), (-27.676025390625, -40, 0), (-22.640869140625, -40, 0), (-17.6055908203125, -40, 0), (-12.5704345703125, -40, 0), (-7.53521728515625, -40, 0), (-2.5, -40, 0), (0, -35, 0), (5.03521728515625, -35, 0), (10.070419311523438, -35, 0), (15.105636596679688, -35, 0), (20.140838623046875, -35, 0), (25.176055908203125, -35, 0), (30.211273193359375, -35, 0), (35.24647521972656, -35, 0), (40.28169250488281, -35, 0), (45.31689453125, -35, 0), (50.35211181640625, -35, 0), (55.3873291015625, -35, 0), (60.42253112792969, -35, 0), (65.45774841308594, -35, 0), (70.49295043945312, -35, 0), (75.52816772460938, -35, 0), (80.56338500976562, -35, 0), (85.59860229492188, -35, 0), (90.6337890625, -35, 0), (95.66900634765625, -35, 0), (100.7042236328125, -35, 0), (105.73944091796875, -35, 0), (110.774658203125, -35, 0), (115.80987548828125, -35, 0), (120.84506225585938, -35, 0), (125.88027954101562, -35, 0), (130.91549682617188, -35, 0), (135.95068359375, -35, 0), (140.98590087890625, -35, 0), (146.0211181640625, -35, 0), (151.05633544921875, -35, 0), (156.091552734375, -35, 0), (161.12677001953125, -35, 0), (166.1619873046875, -35, 0), (171.19720458984375, -35, 0), (176.23239135742188, -35, 0), (-178.73239135742188, -35, 0), (-173.69720458984375, -35, 0), (-168.6619873046875, -35, 0), (-163.62677001953125, -35, 0), (-158.591552734375, -35, 0), (-153.55633544921875, -35, 0), (-148.5211181640625, -35, 0), (-143.48590087890625, -35, 0), (-138.45068359375, -35, 0), (-133.41549682617188, -35, 0), (-128.38027954101562, -35, 0), (-123.3450927734375, -35, 0), (-118.30987548828125, -35, 0), (-113.274658203125, -35, 0), (-108.23944091796875, -35, 0), (-103.2042236328125, -35, 0), (-98.16900634765625, -35, 0), (-93.1337890625, -35, 0), (-88.09860229492188, -35, 0), (-83.06338500976562, -35, 0), (-78.02816772460938, -35, 0), (-72.99295043945312, -35, 0), (-67.95773315429688, -35, 0), (-62.92254638671875, -35, 0), (-57.8873291015625, -35, 0), (-52.85211181640625, -35, 0), (-47.81689453125, -35, 0), (-42.78167724609375, -35, 0), (-37.746490478515625, -35, 0), (-32.711273193359375, -35, 0), (-27.676025390625, -35, 0), (-22.640869140625, -35, 0), (-17.6055908203125, -35, 0), (-12.5704345703125, -35, 0), (-7.53521728515625, -35, 0), (-2.5, -35, 0), (0, -30, 0), (5.03521728515625, -30, 0), (10.070419311523438, -30, 0), (15.105636596679688, -30, 0), (20.140838623046875, -30, 0), (25.176055908203125, -30, 0), (30.211273193359375, -30, 0), (35.24647521972656, -30, 0), (40.28169250488281, -30, 0), (45.31689453125, -30, 0), (50.35211181640625, -30, 0), (55.3873291015625, -30, 0), (60.42253112792969, -30, 0), (65.45774841308594, -30, 0), (70.49295043945312, -30, 0), (75.52816772460938, -30, 0), (80.56338500976562, -30, 0), (85.59860229492188, -30, 0), (90.6337890625, -30, 0), (95.66900634765625, -30, 0), (100.7042236328125, -30, 0), (105.73944091796875, -30, 0), (110.774658203125, -30, 0), (115.80987548828125, -30, 0), (120.84506225585938, -30, 0), (125.88027954101562, -30, 0), (130.91549682617188, -30, 0), (135.95068359375, -30, 0), (140.98590087890625, -30, 0), (146.0211181640625, -30, 0), (151.05633544921875, -30, 0), (156.091552734375, -30, 0), (161.12677001953125, -30, 0), (166.1619873046875, -30, 0), (171.19720458984375, -30, 0), (176.23239135742188, -30, 0), (-178.73239135742188, -30, 0), (-173.69720458984375, -30, 0), (-168.6619873046875, -30, 0), (-163.62677001953125, -30, 0), (-158.591552734375, -30, 0), (-153.55633544921875, -30, 0), (-148.5211181640625, -30, 0), (-143.48590087890625, -30, 0), (-138.45068359375, -30, 0), (-133.41549682617188, -30, 0), (-128.38027954101562, -30, 0), (-123.3450927734375, -30, 0), (-118.30987548828125, -30, 0), (-113.274658203125, -30, 0), (-108.23944091796875, -30, 0), (-103.2042236328125, -30, 0), (-98.16900634765625, -30, 0), (-93.1337890625, -30, 0), (-88.09860229492188, -30, 0), (-83.06338500976562, -30, 0), (-78.02816772460938, -30, 0), (-72.99295043945312, -30, 0), (-67.95773315429688, -30, 0), (-62.92254638671875, -30, 0), (-57.8873291015625, -30, 0), (-52.85211181640625, -30, 0), (-47.81689453125, -30, 0), (-42.78167724609375, -30, 0), (-37.746490478515625, -30, 0), (-32.711273193359375, -30, 0), (-27.676025390625, -30, 0), (-22.640869140625, -30, 0), (-17.6055908203125, -30, 0), (-12.5704345703125, -30, 0), (-7.53521728515625, -30, 0), (-2.5, -30, 0), (0, -25, 0), (5.03521728515625, -25, 0), (10.070419311523438, -25, 0), (15.105636596679688, -25, 0), (20.140838623046875, -25, 0), (25.176055908203125, -25, 0), (30.211273193359375, -25, 0), (35.24647521972656, -25, 0), (40.28169250488281, -25, 0), (45.31689453125, -25, 0), (50.35211181640625, -25, 0), (55.3873291015625, -25, 0), (60.42253112792969, -25, 0), (65.45774841308594, -25, 0), (70.49295043945312, -25, 0), (75.52816772460938, -25, 0), (80.56338500976562, -25, 0), (85.59860229492188, -25, 0), (90.6337890625, -25, 0), (95.66900634765625, -25, 0), (100.7042236328125, -25, 0), (105.73944091796875, -25, 0), (110.774658203125, -25, 0), (115.80987548828125, -25, 0), (120.84506225585938, -25, 0), (125.88027954101562, -25, 0), (130.91549682617188, -25, 0), (135.95068359375, -25, 0), (140.98590087890625, -25, 0), (146.0211181640625, -25, 0), (151.05633544921875, -25, 0), (156.091552734375, -25, 0), (161.12677001953125, -25, 0), (166.1619873046875, -25, 0), (171.19720458984375, -25, 0), (176.23239135742188, -25, 0), (-178.73239135742188, -25, 0), (-173.69720458984375, -25, 0), (-168.6619873046875, -25, 0), (-163.62677001953125, -25, 0), (-158.591552734375, -25, 0), (-153.55633544921875, -25, 0), (-148.5211181640625, -25, 0), (-143.48590087890625, -25, 0), (-138.45068359375, -25, 0), (-133.41549682617188, -25, 0), (-128.38027954101562, -25, 0), (-123.3450927734375, -25, 0), (-118.30987548828125, -25, 0), (-113.274658203125, -25, 0), (-108.23944091796875, -25, 0), (-103.2042236328125, -25, 0), (-98.16900634765625, -25, 0), (-93.1337890625, -25, 0), (-88.09860229492188, -25, 0), (-83.06338500976562, -25, 0), (-78.02816772460938, -25, 0), (-72.99295043945312, -25, 0), (-67.95773315429688, -25, 0), (-62.92254638671875, -25, 0), (-57.8873291015625, -25, 0), (-52.85211181640625, -25, 0), (-47.81689453125, -25, 0), (-42.78167724609375, -25, 0), (-37.746490478515625, -25, 0), (-32.711273193359375, -25, 0), (-27.676025390625, -25, 0), (-22.640869140625, -25, 0), (-17.6055908203125, -25, 0), (-12.5704345703125, -25, 0), (-7.53521728515625, -25, 0), (-2.5, -25, 0), (0, -20, 0), (5.03521728515625, -20, 0), (10.070419311523438, -20, 0), (15.105636596679688, -20, 0), (20.140838623046875, -20, 0), (25.176055908203125, -20, 0), (30.211273193359375, -20, 0), (35.24647521972656, -20, 0), (40.28169250488281, -20, 0), (45.31689453125, -20, 0), (50.35211181640625, -20, 0), (55.3873291015625, -20, 0), (60.42253112792969, -20, 0), (65.45774841308594, -20, 0), (70.49295043945312, -20, 0), (75.52816772460938, -20, 0), (80.56338500976562, -20, 0), (85.59860229492188, -20, 0), (90.6337890625, -20, 0), (95.66900634765625, -20, 0), (100.7042236328125, -20, 0), (105.73944091796875, -20, 0), (110.774658203125, -20, 0), (115.80987548828125, -20, 0), (120.84506225585938, -20, 0), (125.88027954101562, -20, 0), (130.91549682617188, -20, 0), (135.95068359375, -20, 0), (140.98590087890625, -20, 0), (146.0211181640625, -20, 0), (151.05633544921875, -20, 0), (156.091552734375, -20, 0), (161.12677001953125, -20, 0), (166.1619873046875, -20, 0), (171.19720458984375, -20, 0), (176.23239135742188, -20, 0), (-178.73239135742188, -20, 0), (-173.69720458984375, -20, 0), (-168.6619873046875, -20, 0), (-163.62677001953125, -20, 0), (-158.591552734375, -20, 0), (-153.55633544921875, -20, 0), (-148.5211181640625, -20, 0), (-143.48590087890625, -20, 0), (-138.45068359375, -20, 0), (-133.41549682617188, -20, 0), (-128.38027954101562, -20, 0), (-123.3450927734375, -20, 0), (-118.30987548828125, -20, 0), (-113.274658203125, -20, 0), (-108.23944091796875, -20, 0), (-103.2042236328125, -20, 0), (-98.16900634765625, -20, 0), (-93.1337890625, -20, 0), (-88.09860229492188, -20, 0), (-83.06338500976562, -20, 0), (-78.02816772460938, -20, 0), (-72.99295043945312, -20, 0), (-67.95773315429688, -20, 0), (-62.92254638671875, -20, 0), (-57.8873291015625, -20, 0), (-52.85211181640625, -20, 0), (-47.81689453125, -20, 0), (-42.78167724609375, -20, 0), (-37.746490478515625, -20, 0), (-32.711273193359375, -20, 0), (-27.676025390625, -20, 0), (-22.640869140625, -20, 0), (-17.6055908203125, -20, 0), (-12.5704345703125, -20, 0), (-7.53521728515625, -20, 0), (-2.5, -20, 0), (0, -15, 0), (5.03521728515625, -15, 0), (10.070419311523438, -15, 0), (15.105636596679688, -15, 0), (20.140838623046875, -15, 0), (25.176055908203125, -15, 0), (30.211273193359375, -15, 0), (35.24647521972656, -15, 0), (40.28169250488281, -15, 0), (45.31689453125, -15, 0), (50.35211181640625, -15, 0), (55.3873291015625, -15, 0), (60.42253112792969, -15, 0), (65.45774841308594, -15, 0), (70.49295043945312, -15, 0), (75.52816772460938, -15, 0), (80.56338500976562, -15, 0), (85.59860229492188, -15, 0), (90.6337890625, -15, 0), (95.66900634765625, -15, 0), (100.7042236328125, -15, 0), (105.73944091796875, -15, 0), (110.774658203125, -15, 0), (115.80987548828125, -15, 0), (120.84506225585938, -15, 0), (125.88027954101562, -15, 0), (130.91549682617188, -15, 0), (135.95068359375, -15, 0), (140.98590087890625, -15, 0), (146.0211181640625, -15, 0), (151.05633544921875, -15, 0), (156.091552734375, -15, 0), (161.12677001953125, -15, 0), (166.1619873046875, -15, 0), (171.19720458984375, -15, 0), (176.23239135742188, -15, 0), (-178.73239135742188, -15, 0), (-173.69720458984375, -15, 0), (-168.6619873046875, -15, 0), (-163.62677001953125, -15, 0), (-158.591552734375, -15, 0), (-153.55633544921875, -15, 0), (-148.5211181640625, -15, 0), (-143.48590087890625, -15, 0), (-138.45068359375, -15, 0), (-133.41549682617188, -15, 0), (-128.38027954101562, -15, 0), (-123.3450927734375, -15, 0), (-118.30987548828125, -15, 0), (-113.274658203125, -15, 0), (-108.23944091796875, -15, 0), (-103.2042236328125, -15, 0), (-98.16900634765625, -15, 0), (-93.1337890625, -15, 0), (-88.09860229492188, -15, 0), (-83.06338500976562, -15, 0), (-78.02816772460938, -15, 0), (-72.99295043945312, -15, 0), (-67.95773315429688, -15, 0), (-62.92254638671875, -15, 0), (-57.8873291015625, -15, 0), (-52.85211181640625, -15, 0), (-47.81689453125, -15, 0), (-42.78167724609375, -15, 0), (-37.746490478515625, -15, 0), (-32.711273193359375, -15, 0), (-27.676025390625, -15, 0), (-22.640869140625, -15, 0), (-17.6055908203125, -15, 0), (-12.5704345703125, -15, 0), (-7.53521728515625, -15, 0), (-2.5, -15, 0), (0, -10, 0), (5.03521728515625, -10, 0), (10.070419311523438, -10, 0), (15.105636596679688, -10, 0), (20.140838623046875, -10, 0), (25.176055908203125, -10, 0), (30.211273193359375, -10, 0), (35.24647521972656, -10, 0), (40.28169250488281, -10, 0), (45.31689453125, -10, 0), (50.35211181640625, -10, 0), (55.3873291015625, -10, 0), (60.42253112792969, -10, 0), (65.45774841308594, -10, 0), (70.49295043945312, -10, 0), (75.52816772460938, -10, 0), (80.56338500976562, -10, 0), (85.59860229492188, -10, 0), (90.6337890625, -10, 0), (95.66900634765625, -10, 0), (100.7042236328125, -10, 0), (105.73944091796875, -10, 0), (110.774658203125, -10, 0), (115.80987548828125, -10, 0), (120.84506225585938, -10, 0), (125.88027954101562, -10, 0), (130.91549682617188, -10, 0), (135.95068359375, -10, 0), (140.98590087890625, -10, 0), (146.0211181640625, -10, 0), (151.05633544921875, -10, 0), (156.091552734375, -10, 0), (161.12677001953125, -10, 0), (166.1619873046875, -10, 0), (171.19720458984375, -10, 0), (176.23239135742188, -10, 0), (-178.73239135742188, -10, 0), (-173.69720458984375, -10, 0), (-168.6619873046875, -10, 0), (-163.62677001953125, -10, 0), (-158.591552734375, -10, 0), (-153.55633544921875, -10, 0), (-148.5211181640625, -10, 0), (-143.48590087890625, -10, 0), (-138.45068359375, -10, 0), (-133.41549682617188, -10, 0), (-128.38027954101562, -10, 0), (-123.3450927734375, -10, 0), (-118.30987548828125, -10, 0), (-113.274658203125, -10, 0), (-108.23944091796875, -10, 0), (-103.2042236328125, -10, 0), (-98.16900634765625, -10, 0), (-93.1337890625, -10, 0), (-88.09860229492188, -10, 0), (-83.06338500976562, -10, 0), (-78.02816772460938, -10, 0), (-72.99295043945312, -10, 0), (-67.95773315429688, -10, 0), (-62.92254638671875, -10, 0), (-57.8873291015625, -10, 0), (-52.85211181640625, -10, 0), (-47.81689453125, -10, 0), (-42.78167724609375, -10, 0), (-37.746490478515625, -10, 0), (-32.711273193359375, -10, 0), (-27.676025390625, -10, 0), (-22.640869140625, -10, 0), (-17.6055908203125, -10, 0), (-12.5704345703125, -10, 0), (-7.53521728515625, -10, 0), (-2.5, -10, 0), (0, -5, 0), (5.03521728515625, -5, 0), (10.070419311523438, -5, 0), (15.105636596679688, -5, 0), (20.140838623046875, -5, 0), (25.176055908203125, -5, 0), (30.211273193359375, -5, 0), (35.24647521972656, -5, 0), (40.28169250488281, -5, 0), (45.31689453125, -5, 0), (50.35211181640625, -5, 0), (55.3873291015625, -5, 0), (60.42253112792969, -5, 0), (65.45774841308594, -5, 0), (70.49295043945312, -5, 0), (75.52816772460938, -5, 0), (80.56338500976562, -5, 0), (85.59860229492188, -5, 0), (90.6337890625, -5, 0), (95.66900634765625, -5, 0), (100.7042236328125, -5, 0), (105.73944091796875, -5, 0), (110.774658203125, -5, 0), (115.80987548828125, -5, 0), (120.84506225585938, -5, 0), (125.88027954101562, -5, 0), (130.91549682617188, -5, 0), (135.95068359375, -5, 0), (140.98590087890625, -5, 0), (146.0211181640625, -5, 0), (151.05633544921875, -5, 0), (156.091552734375, -5, 0), (161.12677001953125, -5, 0), (166.1619873046875, -5, 0), (171.19720458984375, -5, 0), (176.23239135742188, -5, 0), (-178.73239135742188, -5, 0), (-173.69720458984375, -5, 0), (-168.6619873046875, -5, 0), (-163.62677001953125, -5, 0), (-158.591552734375, -5, 0), (-153.55633544921875, -5, 0), (-148.5211181640625, -5, 0), (-143.48590087890625, -5, 0), (-138.45068359375, -5, 0), (-133.41549682617188, -5, 0), (-128.38027954101562, -5, 0), (-123.3450927734375, -5, 0), (-118.30987548828125, -5, 0), (-113.274658203125, -5, 0), (-108.23944091796875, -5, 0), (-103.2042236328125, -5, 0), (-98.16900634765625, -5, 0), (-93.1337890625, -5, 0), (-88.09860229492188, -5, 0), (-83.06338500976562, -5, 0), (-78.02816772460938, -5, 0), (-72.99295043945312, -5, 0), (-67.95773315429688, -5, 0), (-62.92254638671875, -5, 0), (-57.8873291015625, -5, 0), (-52.85211181640625, -5, 0), (-47.81689453125, -5, 0), (-42.78167724609375, -5, 0), (-37.746490478515625, -5, 0), (-32.711273193359375, -5, 0), (-27.676025390625, -5, 0), (-22.640869140625, -5, 0), (-17.6055908203125, -5, 0), (-12.5704345703125, -5, 0), (-7.53521728515625, -5, 0), (-2.5, -5, 0), (0, 0, 0), (5.03521728515625, 0, 0), (10.070419311523438, 0, 0), (15.105636596679688, 0, 0), (20.140838623046875, 0, 0), (25.176055908203125, 0, 0), (30.211273193359375, 0, 0), (35.24647521972656, 0, 0), (40.28169250488281, 0, 0), (45.31689453125, 0, 0), (50.35211181640625, 0, 0), (55.3873291015625, 0, 0), (60.42253112792969, 0, 0), (65.45774841308594, 0, 0), (70.49295043945312, 0, 0), (75.52816772460938, 0, 0), (80.56338500976562, 0, 0), (85.59860229492188, 0, 0), (90.6337890625, 0, 0), (95.66900634765625, 0, 0), (100.7042236328125, 0, 0), (105.73944091796875, 0, 0), (110.774658203125, 0, 0), (115.80987548828125, 0, 0), (120.84506225585938, 0, 0), (125.88027954101562, 0, 0), (130.91549682617188, 0, 0), (135.95068359375, 0, 0), (140.98590087890625, 0, 0), (146.0211181640625, 0, 0), (151.05633544921875, 0, 0), (156.091552734375, 0, 0), (161.12677001953125, 0, 0), (166.1619873046875, 0, 0), (171.19720458984375, 0, 0), (176.23239135742188, 0, 0), (-178.73239135742188, 0, 0), (-173.69720458984375, 0, 0), (-168.6619873046875, 0, 0), (-163.62677001953125, 0, 0), (-158.591552734375, 0, 0), (-153.55633544921875, 0, 0), (-148.5211181640625, 0, 0), (-143.48590087890625, 0, 0), (-138.45068359375, 0, 0), (-133.41549682617188, 0, 0), (-128.38027954101562, 0, 0), (-123.3450927734375, 0, 0), (-118.30987548828125, 0, 0), (-113.274658203125, 0, 0), (-108.23944091796875, 0, 0), (-103.2042236328125, 0, 0), (-98.16900634765625, 0, 0), (-93.1337890625, 0, 0), (-88.09860229492188, 0, 0), (-83.06338500976562, 0, 0), (-78.02816772460938, 0, 0), (-72.99295043945312, 0, 0), (-67.95773315429688, 0, 0), (-62.92254638671875, 0, 0), (-57.8873291015625, 0, 0), (-52.85211181640625, 0, 0), (-47.81689453125, 0, 0), (-42.78167724609375, 0, 0), (-37.746490478515625, 0, 0), (-32.711273193359375, 0, 0), (-27.676025390625, 0, 0), (-22.640869140625, 0, 0), (-17.6055908203125, 0, 0), (-12.5704345703125, 0, 0), (-7.53521728515625, 0, 0), (-2.5, 0, 0), (0, 5, 0), (5.03521728515625, 5, 0), (10.070419311523438, 5, 0), (15.105636596679688, 5, 0), (20.140838623046875, 5, 0), (25.176055908203125, 5, 0), (30.211273193359375, 5, 0), (35.24647521972656, 5, 0), (40.28169250488281, 5, 0), (45.31689453125, 5, 0), (50.35211181640625, 5, 0), (55.3873291015625, 5, 0), (60.42253112792969, 5, 0), (65.45774841308594, 5, 0), (70.49295043945312, 5, 0), (75.52816772460938, 5, 0), (80.56338500976562, 5, 0), (85.59860229492188, 5, 0), (90.6337890625, 5, 0), (95.66900634765625, 5, 0), (100.7042236328125, 5, 0), (105.73944091796875, 5, 0), (110.774658203125, 5, 0), (115.80987548828125, 5, 0), (120.84506225585938, 5, 0), (125.88027954101562, 5, 0), (130.91549682617188, 5, 0), (135.95068359375, 5, 0), (140.98590087890625, 5, 0), (146.0211181640625, 5, 0), (151.05633544921875, 5, 0), (156.091552734375, 5, 0), (161.12677001953125, 5, 0), (166.1619873046875, 5, 0), (171.19720458984375, 5, 0), (176.23239135742188, 5, 0), (-178.73239135742188, 5, 0), (-173.69720458984375, 5, 0), (-168.6619873046875, 5, 0), (-163.62677001953125, 5, 0), (-158.591552734375, 5, 0), (-153.55633544921875, 5, 0), (-148.5211181640625, 5, 0), (-143.48590087890625, 5, 0), (-138.45068359375, 5, 0), (-133.41549682617188, 5, 0), (-128.38027954101562, 5, 0), (-123.3450927734375, 5, 0), (-118.30987548828125, 5, 0), (-113.274658203125, 5, 0), (-108.23944091796875, 5, 0), (-103.2042236328125, 5, 0), (-98.16900634765625, 5, 0), (-93.1337890625, 5, 0), (-88.09860229492188, 5, 0), (-83.06338500976562, 5, 0), (-78.02816772460938, 5, 0), (-72.99295043945312, 5, 0), (-67.95773315429688, 5, 0), (-62.92254638671875, 5, 0), (-57.8873291015625, 5, 0), (-52.85211181640625, 5, 0), (-47.81689453125, 5, 0), (-42.78167724609375, 5, 0), (-37.746490478515625, 5, 0), (-32.711273193359375, 5, 0), (-27.676025390625, 5, 0), (-22.640869140625, 5, 0), (-17.6055908203125, 5, 0), (-12.5704345703125, 5, 0), (-7.53521728515625, 5, 0), (-2.5, 5, 0), (0, 10, 0), (5.03521728515625, 10, 0), (10.070419311523438, 10, 0), (15.105636596679688, 10, 0), (20.140838623046875, 10, 0), (25.176055908203125, 10, 0), (30.211273193359375, 10, 0), (35.24647521972656, 10, 0), (40.28169250488281, 10, 0), (45.31689453125, 10, 0), (50.35211181640625, 10, 0), (55.3873291015625, 10, 0), (60.42253112792969, 10, 0), (65.45774841308594, 10, 0), (70.49295043945312, 10, 0), (75.52816772460938, 10, 0), (80.56338500976562, 10, 0), (85.59860229492188, 10, 0), (90.6337890625, 10, 0), (95.66900634765625, 10, 0), (100.7042236328125, 10, 0), (105.73944091796875, 10, 0), (110.774658203125, 10, 0), (115.80987548828125, 10, 0), (120.84506225585938, 10, 0), (125.88027954101562, 10, 0), (130.91549682617188, 10, 0), (135.95068359375, 10, 0), (140.98590087890625, 10, 0), (146.0211181640625, 10, 0), (151.05633544921875, 10, 0), (156.091552734375, 10, 0), (161.12677001953125, 10, 0), (166.1619873046875, 10, 0), (171.19720458984375, 10, 0), (176.23239135742188, 10, 0), (-178.73239135742188, 10, 0), (-173.69720458984375, 10, 0), (-168.6619873046875, 10, 0), (-163.62677001953125, 10, 0), (-158.591552734375, 10, 0), (-153.55633544921875, 10, 0), (-148.5211181640625, 10, 0), (-143.48590087890625, 10, 0), (-138.45068359375, 10, 0), (-133.41549682617188, 10, 0), (-128.38027954101562, 10, 0), (-123.3450927734375, 10, 0), (-118.30987548828125, 10, 0), (-113.274658203125, 10, 0), (-108.23944091796875, 10, 0), (-103.2042236328125, 10, 0), (-98.16900634765625, 10, 0), (-93.1337890625, 10, 0), (-88.09860229492188, 10, 0), (-83.06338500976562, 10, 0), (-78.02816772460938, 10, 0), (-72.99295043945312, 10, 0), (-67.95773315429688, 10, 0), (-62.92254638671875, 10, 0), (-57.8873291015625, 10, 0), (-52.85211181640625, 10, 0), (-47.81689453125, 10, 0), (-42.78167724609375, 10, 0), (-37.746490478515625, 10, 0), (-32.711273193359375, 10, 0), (-27.676025390625, 10, 0), (-22.640869140625, 10, 0), (-17.6055908203125, 10, 0), (-12.5704345703125, 10, 0), (-7.53521728515625, 10, 0), (-2.5, 10, 0), (0, 15, 0), (5.03521728515625, 15, 0), (10.070419311523438, 15, 0), (15.105636596679688, 15, 0), (20.140838623046875, 15, 0), (25.176055908203125, 15, 0), (30.211273193359375, 15, 0), (35.24647521972656, 15, 0), (40.28169250488281, 15, 0), (45.31689453125, 15, 0), (50.35211181640625, 15, 0), (55.3873291015625, 15, 0), (60.42253112792969, 15, 0), (65.45774841308594, 15, 0), (70.49295043945312, 15, 0), (75.52816772460938, 15, 0), (80.56338500976562, 15, 0), (85.59860229492188, 15, 0), (90.6337890625, 15, 0), (95.66900634765625, 15, 0), (100.7042236328125, 15, 0), (105.73944091796875, 15, 0), (110.774658203125, 15, 0), (115.80987548828125, 15, 0), (120.84506225585938, 15, 0), (125.88027954101562, 15, 0), (130.91549682617188, 15, 0), (135.95068359375, 15, 0), (140.98590087890625, 15, 0), (146.0211181640625, 15, 0), (151.05633544921875, 15, 0), (156.091552734375, 15, 0), (161.12677001953125, 15, 0), (166.1619873046875, 15, 0), (171.19720458984375, 15, 0), (176.23239135742188, 15, 0), (-178.73239135742188, 15, 0), (-173.69720458984375, 15, 0), (-168.6619873046875, 15, 0), (-163.62677001953125, 15, 0), (-158.591552734375, 15, 0), (-153.55633544921875, 15, 0), (-148.5211181640625, 15, 0), (-143.48590087890625, 15, 0), (-138.45068359375, 15, 0), (-133.41549682617188, 15, 0), (-128.38027954101562, 15, 0), (-123.3450927734375, 15, 0), (-118.30987548828125, 15, 0), (-113.274658203125, 15, 0), (-108.23944091796875, 15, 0), (-103.2042236328125, 15, 0), (-98.16900634765625, 15, 0), (-93.1337890625, 15, 0), (-88.09860229492188, 15, 0), (-83.06338500976562, 15, 0), (-78.02816772460938, 15, 0), (-72.99295043945312, 15, 0), (-67.95773315429688, 15, 0), (-62.92254638671875, 15, 0), (-57.8873291015625, 15, 0), (-52.85211181640625, 15, 0), (-47.81689453125, 15, 0), (-42.78167724609375, 15, 0), (-37.746490478515625, 15, 0), (-32.711273193359375, 15, 0), (-27.676025390625, 15, 0), (-22.640869140625, 15, 0), (-17.6055908203125, 15, 0), (-12.5704345703125, 15, 0), (-7.53521728515625, 15, 0), (-2.5, 15, 0), (0, 20, 0), (5.03521728515625, 20, 0), (10.070419311523438, 20, 0), (15.105636596679688, 20, 0), (20.140838623046875, 20, 0), (25.176055908203125, 20, 0), (30.211273193359375, 20, 0), (35.24647521972656, 20, 0), (40.28169250488281, 20, 0), (45.31689453125, 20, 0), (50.35211181640625, 20, 0), (55.3873291015625, 20, 0), (60.42253112792969, 20, 0), (65.45774841308594, 20, 0), (70.49295043945312, 20, 0), (75.52816772460938, 20, 0), (80.56338500976562, 20, 0), (85.59860229492188, 20, 0), (90.6337890625, 20, 0), (95.66900634765625, 20, 0), (100.7042236328125, 20, 0), (105.73944091796875, 20, 0), (110.774658203125, 20, 0), (115.80987548828125, 20, 0), (120.84506225585938, 20, 0), (125.88027954101562, 20, 0), (130.91549682617188, 20, 0), (135.95068359375, 20, 0), (140.98590087890625, 20, 0), (146.0211181640625, 20, 0), (151.05633544921875, 20, 0), (156.091552734375, 20, 0), (161.12677001953125, 20, 0), (166.1619873046875, 20, 0), (171.19720458984375, 20, 0), (176.23239135742188, 20, 0), (-178.73239135742188, 20, 0), (-173.69720458984375, 20, 0), (-168.6619873046875, 20, 0), (-163.62677001953125, 20, 0), (-158.591552734375, 20, 0), (-153.55633544921875, 20, 0), (-148.5211181640625, 20, 0), (-143.48590087890625, 20, 0), (-138.45068359375, 20, 0), (-133.41549682617188, 20, 0), (-128.38027954101562, 20, 0), (-123.3450927734375, 20, 0), (-118.30987548828125, 20, 0), (-113.274658203125, 20, 0), (-108.23944091796875, 20, 0), (-103.2042236328125, 20, 0), (-98.16900634765625, 20, 0), (-93.1337890625, 20, 0), (-88.09860229492188, 20, 0), (-83.06338500976562, 20, 0), (-78.02816772460938, 20, 0), (-72.99295043945312, 20, 0), (-67.95773315429688, 20, 0), (-62.92254638671875, 20, 0), (-57.8873291015625, 20, 0), (-52.85211181640625, 20, 0), (-47.81689453125, 20, 0), (-42.78167724609375, 20, 0), (-37.746490478515625, 20, 0), (-32.711273193359375, 20, 0), (-27.676025390625, 20, 0), (-22.640869140625, 20, 0), (-17.6055908203125, 20, 0), (-12.5704345703125, 20, 0), (-7.53521728515625, 20, 0), (-2.5, 20, 0), (0, 25, 0), (5.03521728515625, 25, 0), (10.070419311523438, 25, 0), (15.105636596679688, 25, 0), (20.140838623046875, 25, 0), (25.176055908203125, 25, 0), (30.211273193359375, 25, 0), (35.24647521972656, 25, 0), (40.28169250488281, 25, 0), (45.31689453125, 25, 0), (50.35211181640625, 25, 0), (55.3873291015625, 25, 0), (60.42253112792969, 25, 0), (65.45774841308594, 25, 0), (70.49295043945312, 25, 0), (75.52816772460938, 25, 0), (80.56338500976562, 25, 0), (85.59860229492188, 25, 0), (90.6337890625, 25, 0), (95.66900634765625, 25, 0), (100.7042236328125, 25, 0), (105.73944091796875, 25, 0), (110.774658203125, 25, 0), (115.80987548828125, 25, 0), (120.84506225585938, 25, 0), (125.88027954101562, 25, 0), (130.91549682617188, 25, 0), (135.95068359375, 25, 0), (140.98590087890625, 25, 0), (146.0211181640625, 25, 0), (151.05633544921875, 25, 0), (156.091552734375, 25, 0), (161.12677001953125, 25, 0), (166.1619873046875, 25, 0), (171.19720458984375, 25, 0), (176.23239135742188, 25, 0), (-178.73239135742188, 25, 0), (-173.69720458984375, 25, 0), (-168.6619873046875, 25, 0), (-163.62677001953125, 25, 0), (-158.591552734375, 25, 0), (-153.55633544921875, 25, 0), (-148.5211181640625, 25, 0), (-143.48590087890625, 25, 0), (-138.45068359375, 25, 0), (-133.41549682617188, 25, 0), (-128.38027954101562, 25, 0), (-123.3450927734375, 25, 0), (-118.30987548828125, 25, 0), (-113.274658203125, 25, 0), (-108.23944091796875, 25, 0), (-103.2042236328125, 25, 0), (-98.16900634765625, 25, 0), (-93.1337890625, 25, 0), (-88.09860229492188, 25, 0), (-83.06338500976562, 25, 0), (-78.02816772460938, 25, 0), (-72.99295043945312, 25, 0), (-67.95773315429688, 25, 0), (-62.92254638671875, 25, 0), (-57.8873291015625, 25, 0), (-52.85211181640625, 25, 0), (-47.81689453125, 25, 0), (-42.78167724609375, 25, 0), (-37.746490478515625, 25, 0), (-32.711273193359375, 25, 0), (-27.676025390625, 25, 0), (-22.640869140625, 25, 0), (-17.6055908203125, 25, 0), (-12.5704345703125, 25, 0), (-7.53521728515625, 25, 0), (-2.5, 25, 0), (0, 30, 0), (5.03521728515625, 30, 0), (10.070419311523438, 30, 0), (15.105636596679688, 30, 0), (20.140838623046875, 30, 0), (25.176055908203125, 30, 0), (30.211273193359375, 30, 0), (35.24647521972656, 30, 0), (40.28169250488281, 30, 0), (45.31689453125, 30, 0), (50.35211181640625, 30, 0), (55.3873291015625, 30, 0), (60.42253112792969, 30, 0), (65.45774841308594, 30, 0), (70.49295043945312, 30, 0), (75.52816772460938, 30, 0), (80.56338500976562, 30, 0), (85.59860229492188, 30, 0), (90.6337890625, 30, 0), (95.66900634765625, 30, 0), (100.7042236328125, 30, 0), (105.73944091796875, 30, 0), (110.774658203125, 30, 0), (115.80987548828125, 30, 0), (120.84506225585938, 30, 0), (125.88027954101562, 30, 0), (130.91549682617188, 30, 0), (135.95068359375, 30, 0), (140.98590087890625, 30, 0), (146.0211181640625, 30, 0), (151.05633544921875, 30, 0), (156.091552734375, 30, 0), (161.12677001953125, 30, 0), (166.1619873046875, 30, 0), (171.19720458984375, 30, 0), (176.23239135742188, 30, 0), (-178.73239135742188, 30, 0), (-173.69720458984375, 30, 0), (-168.6619873046875, 30, 0), (-163.62677001953125, 30, 0), (-158.591552734375, 30, 0), (-153.55633544921875, 30, 0), (-148.5211181640625, 30, 0), (-143.48590087890625, 30, 0), (-138.45068359375, 30, 0), (-133.41549682617188, 30, 0), (-128.38027954101562, 30, 0), (-123.3450927734375, 30, 0), (-118.30987548828125, 30, 0), (-113.274658203125, 30, 0), (-108.23944091796875, 30, 0), (-103.2042236328125, 30, 0), (-98.16900634765625, 30, 0), (-93.1337890625, 30, 0), (-88.09860229492188, 30, 0), (-83.06338500976562, 30, 0), (-78.02816772460938, 30, 0), (-72.99295043945312, 30, 0), (-67.95773315429688, 30, 0), (-62.92254638671875, 30, 0), (-57.8873291015625, 30, 0), (-52.85211181640625, 30, 0), (-47.81689453125, 30, 0), (-42.78167724609375, 30, 0), (-37.746490478515625, 30, 0), (-32.711273193359375, 30, 0), (-27.676025390625, 30, 0), (-22.640869140625, 30, 0), (-17.6055908203125, 30, 0), (-12.5704345703125, 30, 0), (-7.53521728515625, 30, 0), (-2.5, 30, 0), (0, 35, 0), (5.03521728515625, 35, 0), (10.070419311523438, 35, 0), (15.105636596679688, 35, 0), (20.140838623046875, 35, 0), (25.176055908203125, 35, 0), (30.211273193359375, 35, 0), (35.24647521972656, 35, 0), (40.28169250488281, 35, 0), (45.31689453125, 35, 0), (50.35211181640625, 35, 0), (55.3873291015625, 35, 0), (60.42253112792969, 35, 0), (65.45774841308594, 35, 0), (70.49295043945312, 35, 0), (75.52816772460938, 35, 0), (80.56338500976562, 35, 0), (85.59860229492188, 35, 0), (90.6337890625, 35, 0), (95.66900634765625, 35, 0), (100.7042236328125, 35, 0), (105.73944091796875, 35, 0), (110.774658203125, 35, 0), (115.80987548828125, 35, 0), (120.84506225585938, 35, 0), (125.88027954101562, 35, 0), (130.91549682617188, 35, 0), (135.95068359375, 35, 0), (140.98590087890625, 35, 0), (146.0211181640625, 35, 0), (151.05633544921875, 35, 0), (156.091552734375, 35, 0), (161.12677001953125, 35, 0), (166.1619873046875, 35, 0), (171.19720458984375, 35, 0), (176.23239135742188, 35, 0), (-178.73239135742188, 35, 0), (-173.69720458984375, 35, 0), (-168.6619873046875, 35, 0), (-163.62677001953125, 35, 0), (-158.591552734375, 35, 0), (-153.55633544921875, 35, 0), (-148.5211181640625, 35, 0), (-143.48590087890625, 35, 0), (-138.45068359375, 35, 0), (-133.41549682617188, 35, 0), (-128.38027954101562, 35, 0), (-123.3450927734375, 35, 0), (-118.30987548828125, 35, 0), (-113.274658203125, 35, 0), (-108.23944091796875, 35, 0), (-103.2042236328125, 35, 0), (-98.16900634765625, 35, 0), (-93.1337890625, 35, 0), (-88.09860229492188, 35, 0), (-83.06338500976562, 35, 0), (-78.02816772460938, 35, 0), (-72.99295043945312, 35, 0), (-67.95773315429688, 35, 0), (-62.92254638671875, 35, 0), (-57.8873291015625, 35, 0), (-52.85211181640625, 35, 0), (-47.81689453125, 35, 0), (-42.78167724609375, 35, 0), (-37.746490478515625, 35, 0), (-32.711273193359375, 35, 0), (-27.676025390625, 35, 0), (-22.640869140625, 35, 0), (-17.6055908203125, 35, 0), (-12.5704345703125, 35, 0), (-7.53521728515625, 35, 0), (-2.5, 35, 0), (0, 40, 0), (5.03521728515625, 40, 0), (10.070419311523438, 40, 0), (15.105636596679688, 40, 0), (20.140838623046875, 40, 0), (25.176055908203125, 40, 0), (30.211273193359375, 40, 0), (35.24647521972656, 40, 0), (40.28169250488281, 40, 0), (45.31689453125, 40, 0), (50.35211181640625, 40, 0), (55.3873291015625, 40, 0), (60.42253112792969, 40, 0), (65.45774841308594, 40, 0), (70.49295043945312, 40, 0), (75.52816772460938, 40, 0), (80.56338500976562, 40, 0), (85.59860229492188, 40, 0), (90.6337890625, 40, 0), (95.66900634765625, 40, 0), (100.7042236328125, 40, 0), (105.73944091796875, 40, 0), (110.774658203125, 40, 0), (115.80987548828125, 40, 0), (120.84506225585938, 40, 0), (125.88027954101562, 40, 0), (130.91549682617188, 40, 0), (135.95068359375, 40, 0), (140.98590087890625, 40, 0), (146.0211181640625, 40, 0), (151.05633544921875, 40, 0), (156.091552734375, 40, 0), (161.12677001953125, 40, 0), (166.1619873046875, 40, 0), (171.19720458984375, 40, 0), (176.23239135742188, 40, 0), (-178.73239135742188, 40, 0), (-173.69720458984375, 40, 0), (-168.6619873046875, 40, 0), (-163.62677001953125, 40, 0), (-158.591552734375, 40, 0), (-153.55633544921875, 40, 0), (-148.5211181640625, 40, 0), (-143.48590087890625, 40, 0), (-138.45068359375, 40, 0), (-133.41549682617188, 40, 0), (-128.38027954101562, 40, 0), (-123.3450927734375, 40, 0), (-118.30987548828125, 40, 0), (-113.274658203125, 40, 0), (-108.23944091796875, 40, 0), (-103.2042236328125, 40, 0), (-98.16900634765625, 40, 0), (-93.1337890625, 40, 0), (-88.09860229492188, 40, 0), (-83.06338500976562, 40, 0), (-78.02816772460938, 40, 0), (-72.99295043945312, 40, 0), (-67.95773315429688, 40, 0), (-62.92254638671875, 40, 0), (-57.8873291015625, 40, 0), (-52.85211181640625, 40, 0), (-47.81689453125, 40, 0), (-42.78167724609375, 40, 0), (-37.746490478515625, 40, 0), (-32.711273193359375, 40, 0), (-27.676025390625, 40, 0), (-22.640869140625, 40, 0), (-17.6055908203125, 40, 0), (-12.5704345703125, 40, 0), (-7.53521728515625, 40, 0), (-2.5, 40, 0), (0, 45, 0), (5.03521728515625, 45, 0), (10.070419311523438, 45, 0), (15.105636596679688, 45, 0), (20.140838623046875, 45, 0), (25.176055908203125, 45, 0), (30.211273193359375, 45, 0), (35.24647521972656, 45, 0), (40.28169250488281, 45, 0), (45.31689453125, 45, 0), (50.35211181640625, 45, 0), (55.3873291015625, 45, 0), (60.42253112792969, 45, 0), (65.45774841308594, 45, 0), (70.49295043945312, 45, 0), (75.52816772460938, 45, 0), (80.56338500976562, 45, 0), (85.59860229492188, 45, 0), (90.6337890625, 45, 0), (95.66900634765625, 45, 0), (100.7042236328125, 45, 0), (105.73944091796875, 45, 0), (110.774658203125, 45, 0), (115.80987548828125, 45, 0), (120.84506225585938, 45, 0), (125.88027954101562, 45, 0), (130.91549682617188, 45, 0), (135.95068359375, 45, 0), (140.98590087890625, 45, 0), (146.0211181640625, 45, 0), (151.05633544921875, 45, 0), (156.091552734375, 45, 0), (161.12677001953125, 45, 0), (166.1619873046875, 45, 0), (171.19720458984375, 45, 0), (176.23239135742188, 45, 0), (-178.73239135742188, 45, 0), (-173.69720458984375, 45, 0), (-168.6619873046875, 45, 0), (-163.62677001953125, 45, 0), (-158.591552734375, 45, 0), (-153.55633544921875, 45, 0), (-148.5211181640625, 45, 0), (-143.48590087890625, 45, 0), (-138.45068359375, 45, 0), (-133.41549682617188, 45, 0), (-128.38027954101562, 45, 0), (-123.3450927734375, 45, 0), (-118.30987548828125, 45, 0), (-113.274658203125, 45, 0), (-108.23944091796875, 45, 0), (-103.2042236328125, 45, 0), (-98.16900634765625, 45, 0), (-93.1337890625, 45, 0), (-88.09860229492188, 45, 0), (-83.06338500976562, 45, 0), (-78.02816772460938, 45, 0), (-72.99295043945312, 45, 0), (-67.95773315429688, 45, 0), (-62.92254638671875, 45, 0), (-57.8873291015625, 45, 0), (-52.85211181640625, 45, 0), (-47.81689453125, 45, 0), (-42.78167724609375, 45, 0), (-37.746490478515625, 45, 0), (-32.711273193359375, 45, 0), (-27.676025390625, 45, 0), (-22.640869140625, 45, 0), (-17.6055908203125, 45, 0), (-12.5704345703125, 45, 0), (-7.53521728515625, 45, 0), (-2.5, 45, 0), (0, 50, 0), (5.03521728515625, 50, 0), (10.070419311523438, 50, 0), (15.105636596679688, 50, 0), (20.140838623046875, 50, 0), (25.176055908203125, 50, 0), (30.211273193359375, 50, 0), (35.24647521972656, 50, 0), (40.28169250488281, 50, 0), (45.31689453125, 50, 0), (50.35211181640625, 50, 0), (55.3873291015625, 50, 0), (60.42253112792969, 50, 0), (65.45774841308594, 50, 0), (70.49295043945312, 50, 0), (75.52816772460938, 50, 0), (80.56338500976562, 50, 0), (85.59860229492188, 50, 0), (90.6337890625, 50, 0), (95.66900634765625, 50, 0), (100.7042236328125, 50, 0), (105.73944091796875, 50, 0), (110.774658203125, 50, 0), (115.80987548828125, 50, 0), (120.84506225585938, 50, 0), (125.88027954101562, 50, 0), (130.91549682617188, 50, 0), (135.95068359375, 50, 0), (140.98590087890625, 50, 0), (146.0211181640625, 50, 0), (151.05633544921875, 50, 0), (156.091552734375, 50, 0), (161.12677001953125, 50, 0), (166.1619873046875, 50, 0), (171.19720458984375, 50, 0), (176.23239135742188, 50, 0), (-178.73239135742188, 50, 0), (-173.69720458984375, 50, 0), (-168.6619873046875, 50, 0), (-163.62677001953125, 50, 0), (-158.591552734375, 50, 0), (-153.55633544921875, 50, 0), (-148.5211181640625, 50, 0), (-143.48590087890625, 50, 0), (-138.45068359375, 50, 0), (-133.41549682617188, 50, 0), (-128.38027954101562, 50, 0), (-123.3450927734375, 50, 0), (-118.30987548828125, 50, 0), (-113.274658203125, 50, 0), (-108.23944091796875, 50, 0), (-103.2042236328125, 50, 0), (-98.16900634765625, 50, 0), (-93.1337890625, 50, 0), (-88.09860229492188, 50, 0), (-83.06338500976562, 50, 0), (-78.02816772460938, 50, 0), (-72.99295043945312, 50, 0), (-67.95773315429688, 50, 0), (-62.92254638671875, 50, 0), (-57.8873291015625, 50, 0), (-52.85211181640625, 50, 0), (-47.81689453125, 50, 0), (-42.78167724609375, 50, 0), (-37.746490478515625, 50, 0), (-32.711273193359375, 50, 0), (-27.676025390625, 50, 0), (-22.640869140625, 50, 0), (-17.6055908203125, 50, 0), (-12.5704345703125, 50, 0), (-7.53521728515625, 50, 0), (-2.5, 50, 0), (0, 55, 0), (5.03521728515625, 55, 0), (10.070419311523438, 55, 0), (15.105636596679688, 55, 0), (20.140838623046875, 55, 0), (25.176055908203125, 55, 0), (30.211273193359375, 55, 0), (35.24647521972656, 55, 0), (40.28169250488281, 55, 0), (45.31689453125, 55, 0), (50.35211181640625, 55, 0), (55.3873291015625, 55, 0), (60.42253112792969, 55, 0), (65.45774841308594, 55, 0), (70.49295043945312, 55, 0), (75.52816772460938, 55, 0), (80.56338500976562, 55, 0), (85.59860229492188, 55, 0), (90.6337890625, 55, 0), (95.66900634765625, 55, 0), (100.7042236328125, 55, 0), (105.73944091796875, 55, 0), (110.774658203125, 55, 0), (115.80987548828125, 55, 0), (120.84506225585938, 55, 0), (125.88027954101562, 55, 0), (130.91549682617188, 55, 0), (135.95068359375, 55, 0), (140.98590087890625, 55, 0), (146.0211181640625, 55, 0), (151.05633544921875, 55, 0), (156.091552734375, 55, 0), (161.12677001953125, 55, 0), (166.1619873046875, 55, 0), (171.19720458984375, 55, 0), (176.23239135742188, 55, 0), (-178.73239135742188, 55, 0), (-173.69720458984375, 55, 0), (-168.6619873046875, 55, 0), (-163.62677001953125, 55, 0), (-158.591552734375, 55, 0), (-153.55633544921875, 55, 0), (-148.5211181640625, 55, 0), (-143.48590087890625, 55, 0), (-138.45068359375, 55, 0), (-133.41549682617188, 55, 0), (-128.38027954101562, 55, 0), (-123.3450927734375, 55, 0), (-118.30987548828125, 55, 0), (-113.274658203125, 55, 0), (-108.23944091796875, 55, 0), (-103.2042236328125, 55, 0), (-98.16900634765625, 55, 0), (-93.1337890625, 55, 0), (-88.09860229492188, 55, 0), (-83.06338500976562, 55, 0), (-78.02816772460938, 55, 0), (-72.99295043945312, 55, 0), (-67.95773315429688, 55, 0), (-62.92254638671875, 55, 0), (-57.8873291015625, 55, 0), (-52.85211181640625, 55, 0), (-47.81689453125, 55, 0), (-42.78167724609375, 55, 0), (-37.746490478515625, 55, 0), (-32.711273193359375, 55, 0), (-27.676025390625, 55, 0), (-22.640869140625, 55, 0), (-17.6055908203125, 55, 0), (-12.5704345703125, 55, 0), (-7.53521728515625, 55, 0), (-2.5, 55, 0), (0, 60, 0), (5.03521728515625, 60, 0), (10.070419311523438, 60, 0), (15.105636596679688, 60, 0), (20.140838623046875, 60, 0), (25.176055908203125, 60, 0), (30.211273193359375, 60, 0), (35.24647521972656, 60, 0), (40.28169250488281, 60, 0), (45.31689453125, 60, 0), (50.35211181640625, 60, 0), (55.3873291015625, 60, 0), (60.42253112792969, 60, 0), (65.45774841308594, 60, 0), (70.49295043945312, 60, 0), (75.52816772460938, 60, 0), (80.56338500976562, 60, 0), (85.59860229492188, 60, 0), (90.6337890625, 60, 0), (95.66900634765625, 60, 0), (100.7042236328125, 60, 0), (105.73944091796875, 60, 0), (110.774658203125, 60, 0), (115.80987548828125, 60, 0), (120.84506225585938, 60, 0), (125.88027954101562, 60, 0), (130.91549682617188, 60, 0), (135.95068359375, 60, 0), (140.98590087890625, 60, 0), (146.0211181640625, 60, 0), (151.05633544921875, 60, 0), (156.091552734375, 60, 0), (161.12677001953125, 60, 0), (166.1619873046875, 60, 0), (171.19720458984375, 60, 0), (176.23239135742188, 60, 0), (-178.73239135742188, 60, 0), (-173.69720458984375, 60, 0), (-168.6619873046875, 60, 0), (-163.62677001953125, 60, 0), (-158.591552734375, 60, 0), (-153.55633544921875, 60, 0), (-148.5211181640625, 60, 0), (-143.48590087890625, 60, 0), (-138.45068359375, 60, 0), (-133.41549682617188, 60, 0), (-128.38027954101562, 60, 0), (-123.3450927734375, 60, 0), (-118.30987548828125, 60, 0), (-113.274658203125, 60, 0), (-108.23944091796875, 60, 0), (-103.2042236328125, 60, 0), (-98.16900634765625, 60, 0), (-93.1337890625, 60, 0), (-88.09860229492188, 60, 0), (-83.06338500976562, 60, 0), (-78.02816772460938, 60, 0), (-72.99295043945312, 60, 0), (-67.95773315429688, 60, 0), (-62.92254638671875, 60, 0), (-57.8873291015625, 60, 0), (-52.85211181640625, 60, 0), (-47.81689453125, 60, 0), (-42.78167724609375, 60, 0), (-37.746490478515625, 60, 0), (-32.711273193359375, 60, 0), (-27.676025390625, 60, 0), (-22.640869140625, 60, 0), (-17.6055908203125, 60, 0), (-12.5704345703125, 60, 0), (-7.53521728515625, 60, 0), (-2.5, 60, 0), (0, 65, 0), (5.03521728515625, 65, 0), (10.070419311523438, 65, 0), (15.105636596679688, 65, 0), (20.140838623046875, 65, 0), (25.176055908203125, 65, 0), (30.211273193359375, 65, 0), (35.24647521972656, 65, 0), (40.28169250488281, 65, 0), (45.31689453125, 65, 0), (50.35211181640625, 65, 0), (55.3873291015625, 65, 0), (60.42253112792969, 65, 0), (65.45774841308594, 65, 0), (70.49295043945312, 65, 0), (75.52816772460938, 65, 0), (80.56338500976562, 65, 0), (85.59860229492188, 65, 0), (90.6337890625, 65, 0), (95.66900634765625, 65, 0), (100.7042236328125, 65, 0), (105.73944091796875, 65, 0), (110.774658203125, 65, 0), (115.80987548828125, 65, 0), (120.84506225585938, 65, 0), (125.88027954101562, 65, 0), (130.91549682617188, 65, 0), (135.95068359375, 65, 0), (140.98590087890625, 65, 0), (146.0211181640625, 65, 0), (151.05633544921875, 65, 0), (156.091552734375, 65, 0), (161.12677001953125, 65, 0), (166.1619873046875, 65, 0), (171.19720458984375, 65, 0), (176.23239135742188, 65, 0), (-178.73239135742188, 65, 0), (-173.69720458984375, 65, 0), (-168.6619873046875, 65, 0), (-163.62677001953125, 65, 0), (-158.591552734375, 65, 0), (-153.55633544921875, 65, 0), (-148.5211181640625, 65, 0), (-143.48590087890625, 65, 0), (-138.45068359375, 65, 0), (-133.41549682617188, 65, 0), (-128.38027954101562, 65, 0), (-123.3450927734375, 65, 0), (-118.30987548828125, 65, 0), (-113.274658203125, 65, 0), (-108.23944091796875, 65, 0), (-103.2042236328125, 65, 0), (-98.16900634765625, 65, 0), (-93.1337890625, 65, 0), (-88.09860229492188, 65, 0), (-83.06338500976562, 65, 0), (-78.02816772460938, 65, 0), (-72.99295043945312, 65, 0), (-67.95773315429688, 65, 0), (-62.92254638671875, 65, 0), (-57.8873291015625, 65, 0), (-52.85211181640625, 65, 0), (-47.81689453125, 65, 0), (-42.78167724609375, 65, 0), (-37.746490478515625, 65, 0), (-32.711273193359375, 65, 0), (-27.676025390625, 65, 0), (-22.640869140625, 65, 0), (-17.6055908203125, 65, 0), (-12.5704345703125, 65, 0), (-7.53521728515625, 65, 0), (-2.5, 65, 0), (0, 70, 0), (5.03521728515625, 70, 0), (10.070419311523438, 70, 0), (15.105636596679688, 70, 0), (20.140838623046875, 70, 0), (25.176055908203125, 70, 0), (30.211273193359375, 70, 0), (35.24647521972656, 70, 0), (40.28169250488281, 70, 0), (45.31689453125, 70, 0), (50.35211181640625, 70, 0), (55.3873291015625, 70, 0), (60.42253112792969, 70, 0), (65.45774841308594, 70, 0), (70.49295043945312, 70, 0), (75.52816772460938, 70, 0), (80.56338500976562, 70, 0), (85.59860229492188, 70, 0), (90.6337890625, 70, 0), (95.66900634765625, 70, 0), (100.7042236328125, 70, 0), (105.73944091796875, 70, 0), (110.774658203125, 70, 0), (115.80987548828125, 70, 0), (120.84506225585938, 70, 0), (125.88027954101562, 70, 0), (130.91549682617188, 70, 0), (135.95068359375, 70, 0), (140.98590087890625, 70, 0), (146.0211181640625, 70, 0), (151.05633544921875, 70, 0), (156.091552734375, 70, 0), (161.12677001953125, 70, 0), (166.1619873046875, 70, 0), (171.19720458984375, 70, 0), (176.23239135742188, 70, 0), (-178.73239135742188, 70, 0), (-173.69720458984375, 70, 0), (-168.6619873046875, 70, 0), (-163.62677001953125, 70, 0), (-158.591552734375, 70, 0), (-153.55633544921875, 70, 0), (-148.5211181640625, 70, 0), (-143.48590087890625, 70, 0), (-138.45068359375, 70, 0), (-133.41549682617188, 70, 0), (-128.38027954101562, 70, 0), (-123.3450927734375, 70, 0), (-118.30987548828125, 70, 0), (-113.274658203125, 70, 0), (-108.23944091796875, 70, 0), (-103.2042236328125, 70, 0), (-98.16900634765625, 70, 0), (-93.1337890625, 70, 0), (-88.09860229492188, 70, 0), (-83.06338500976562, 70, 0), (-78.02816772460938, 70, 0), (-72.99295043945312, 70, 0), (-67.95773315429688, 70, 0), (-62.92254638671875, 70, 0), (-57.8873291015625, 70, 0), (-52.85211181640625, 70, 0), (-47.81689453125, 70, 0), (-42.78167724609375, 70, 0), (-37.746490478515625, 70, 0), (-32.711273193359375, 70, 0), (-27.676025390625, 70, 0), (-22.640869140625, 70, 0), (-17.6055908203125, 70, 0), (-12.5704345703125, 70, 0), (-7.53521728515625, 70, 0), (-2.5, 70, 0), (0, 75, 0), (5.03521728515625, 75, 0), (10.070419311523438, 75, 0), (15.105636596679688, 75, 0), (20.140838623046875, 75, 0), (25.176055908203125, 75, 0), (30.211273193359375, 75, 0), (35.24647521972656, 75, 0), (40.28169250488281, 75, 0), (45.31689453125, 75, 0), (50.35211181640625, 75, 0), (55.3873291015625, 75, 0), (60.42253112792969, 75, 0), (65.45774841308594, 75, 0), (70.49295043945312, 75, 0), (75.52816772460938, 75, 0), (80.56338500976562, 75, 0), (85.59860229492188, 75, 0), (90.6337890625, 75, 0), (95.66900634765625, 75, 0), (100.7042236328125, 75, 0), (105.73944091796875, 75, 0), (110.774658203125, 75, 0), (115.80987548828125, 75, 0), (120.84506225585938, 75, 0), (125.88027954101562, 75, 0), (130.91549682617188, 75, 0), (135.95068359375, 75, 0), (140.98590087890625, 75, 0), (146.0211181640625, 75, 0), (151.05633544921875, 75, 0), (156.091552734375, 75, 0), (161.12677001953125, 75, 0), (166.1619873046875, 75, 0), (171.19720458984375, 75, 0), (176.23239135742188, 75, 0), (-178.73239135742188, 75, 0), (-173.69720458984375, 75, 0), (-168.6619873046875, 75, 0), (-163.62677001953125, 75, 0), (-158.591552734375, 75, 0), (-153.55633544921875, 75, 0), (-148.5211181640625, 75, 0), (-143.48590087890625, 75, 0), (-138.45068359375, 75, 0), (-133.41549682617188, 75, 0), (-128.38027954101562, 75, 0), (-123.3450927734375, 75, 0), (-118.30987548828125, 75, 0), (-113.274658203125, 75, 0), (-108.23944091796875, 75, 0), (-103.2042236328125, 75, 0), (-98.16900634765625, 75, 0), (-93.1337890625, 75, 0), (-88.09860229492188, 75, 0), (-83.06338500976562, 75, 0), (-78.02816772460938, 75, 0), (-72.99295043945312, 75, 0), (-67.95773315429688, 75, 0), (-62.92254638671875, 75, 0), (-57.8873291015625, 75, 0), (-52.85211181640625, 75, 0), (-47.81689453125, 75, 0), (-42.78167724609375, 75, 0), (-37.746490478515625, 75, 0), (-32.711273193359375, 75, 0), (-27.676025390625, 75, 0), (-22.640869140625, 75, 0), (-17.6055908203125, 75, 0), (-12.5704345703125, 75, 0), (-7.53521728515625, 75, 0), (-2.5, 75, 0), (0, 80, 0), (5.03521728515625, 80, 0), (10.070419311523438, 80, 0), (15.105636596679688, 80, 0), (20.140838623046875, 80, 0), (25.176055908203125, 80, 0), (30.211273193359375, 80, 0), (35.24647521972656, 80, 0), (40.28169250488281, 80, 0), (45.31689453125, 80, 0), (50.35211181640625, 80, 0), (55.3873291015625, 80, 0), (60.42253112792969, 80, 0), (65.45774841308594, 80, 0), (70.49295043945312, 80, 0), (75.52816772460938, 80, 0), (80.56338500976562, 80, 0), (85.59860229492188, 80, 0), (90.6337890625, 80, 0), (95.66900634765625, 80, 0), (100.7042236328125, 80, 0), (105.73944091796875, 80, 0), (110.774658203125, 80, 0), (115.80987548828125, 80, 0), (120.84506225585938, 80, 0), (125.88027954101562, 80, 0), (130.91549682617188, 80, 0), (135.95068359375, 80, 0), (140.98590087890625, 80, 0), (146.0211181640625, 80, 0), (151.05633544921875, 80, 0), (156.091552734375, 80, 0), (161.12677001953125, 80, 0), (166.1619873046875, 80, 0), (171.19720458984375, 80, 0), (176.23239135742188, 80, 0), (-178.73239135742188, 80, 0), (-173.69720458984375, 80, 0), (-168.6619873046875, 80, 0), (-163.62677001953125, 80, 0), (-158.591552734375, 80, 0), (-153.55633544921875, 80, 0), (-148.5211181640625, 80, 0), (-143.48590087890625, 80, 0), (-138.45068359375, 80, 0), (-133.41549682617188, 80, 0), (-128.38027954101562, 80, 0), (-123.3450927734375, 80, 0), (-118.30987548828125, 80, 0), (-113.274658203125, 80, 0), (-108.23944091796875, 80, 0), (-103.2042236328125, 80, 0), (-98.16900634765625, 80, 0), (-93.1337890625, 80, 0), (-88.09860229492188, 80, 0), (-83.06338500976562, 80, 0), (-78.02816772460938, 80, 0), (-72.99295043945312, 80, 0), (-67.95773315429688, 80, 0), (-62.92254638671875, 80, 0), (-57.8873291015625, 80, 0), (-52.85211181640625, 80, 0), (-47.81689453125, 80, 0), (-42.78167724609375, 80, 0), (-37.746490478515625, 80, 0), (-32.711273193359375, 80, 0), (-27.676025390625, 80, 0), (-22.640869140625, 80, 0), (-17.6055908203125, 80, 0), (-12.5704345703125, 80, 0), (-7.53521728515625, 80, 0), (-2.5, 80, 0), (0, 85, 0), (5.03521728515625, 85, 0), (10.070419311523438, 85, 0), (15.105636596679688, 85, 0), (20.140838623046875, 85, 0), (25.176055908203125, 85, 0), (30.211273193359375, 85, 0), (35.24647521972656, 85, 0), (40.28169250488281, 85, 0), (45.31689453125, 85, 0), (50.35211181640625, 85, 0), (55.3873291015625, 85, 0), (60.42253112792969, 85, 0), (65.45774841308594, 85, 0), (70.49295043945312, 85, 0), (75.52816772460938, 85, 0), (80.56338500976562, 85, 0), (85.59860229492188, 85, 0), (90.6337890625, 85, 0), (95.66900634765625, 85, 0), (100.7042236328125, 85, 0), (105.73944091796875, 85, 0), (110.774658203125, 85, 0), (115.80987548828125, 85, 0), (120.84506225585938, 85, 0), (125.88027954101562, 85, 0), (130.91549682617188, 85, 0), (135.95068359375, 85, 0), (140.98590087890625, 85, 0), (146.0211181640625, 85, 0), (151.05633544921875, 85, 0), (156.091552734375, 85, 0), (161.12677001953125, 85, 0), (166.1619873046875, 85, 0), (171.19720458984375, 85, 0), (176.23239135742188, 85, 0), (-178.73239135742188, 85, 0), (-173.69720458984375, 85, 0), (-168.6619873046875, 85, 0), (-163.62677001953125, 85, 0), (-158.591552734375, 85, 0), (-153.55633544921875, 85, 0), (-148.5211181640625, 85, 0), (-143.48590087890625, 85, 0), (-138.45068359375, 85, 0), (-133.41549682617188, 85, 0), (-128.38027954101562, 85, 0), (-123.3450927734375, 85, 0), (-118.30987548828125, 85, 0), (-113.274658203125, 85, 0), (-108.23944091796875, 85, 0), (-103.2042236328125, 85, 0), (-98.16900634765625, 85, 0), (-93.1337890625, 85, 0), (-88.09860229492188, 85, 0), (-83.06338500976562, 85, 0), (-78.02816772460938, 85, 0), (-72.99295043945312, 85, 0), (-67.95773315429688, 85, 0), (-62.92254638671875, 85, 0), (-57.8873291015625, 85, 0), (-52.85211181640625, 85, 0), (-47.81689453125, 85, 0), (-42.78167724609375, 85, 0), (-37.746490478515625, 85, 0), (-32.711273193359375, 85, 0), (-27.676025390625, 85, 0), (-22.640869140625, 85, 0), (-17.6055908203125, 85, 0), (-12.5704345703125, 85, 0), (-7.53521728515625, 85, 0), (-2.5, 85, 0), (0, 90, 0), (5.03521728515625, 90, 0), (10.070419311523438, 90, 0), (15.105636596679688, 90, 0), (20.140838623046875, 90, 0), (25.176055908203125, 90, 0), (30.211273193359375, 90, 0), (35.24647521972656, 90, 0), (40.28169250488281, 90, 0), (45.31689453125, 90, 0), (50.35211181640625, 90, 0), (55.3873291015625, 90, 0), (60.42253112792969, 90, 0), (65.45774841308594, 90, 0), (70.49295043945312, 90, 0), (75.52816772460938, 90, 0), (80.56338500976562, 90, 0), (85.59860229492188, 90, 0), (90.6337890625, 90, 0), (95.66900634765625, 90, 0), (100.7042236328125, 90, 0), (105.73944091796875, 90, 0), (110.774658203125, 90, 0), (115.80987548828125, 90, 0), (120.84506225585938, 90, 0), (125.88027954101562, 90, 0), (130.91549682617188, 90, 0), (135.95068359375, 90, 0), (140.98590087890625, 90, 0), (146.0211181640625, 90, 0), (151.05633544921875, 90, 0), (156.091552734375, 90, 0), (161.12677001953125, 90, 0), (166.1619873046875, 90, 0), (171.19720458984375, 90, 0), (176.23239135742188, 90, 0), (-178.73239135742188, 90, 0), (-173.69720458984375, 90, 0), (-168.6619873046875, 90, 0), (-163.62677001953125, 90, 0), (-158.591552734375, 90, 0), (-153.55633544921875, 90, 0), (-148.5211181640625, 90, 0), (-143.48590087890625, 90, 0), (-138.45068359375, 90, 0), (-133.41549682617188, 90, 0), (-128.38027954101562, 90, 0), (-123.3450927734375, 90, 0), (-118.30987548828125, 90, 0), (-113.274658203125, 90, 0), (-108.23944091796875, 90, 0), (-103.2042236328125, 90, 0), (-98.16900634765625, 90, 0), (-93.1337890625, 90, 0), (-88.09860229492188, 90, 0), (-83.06338500976562, 90, 0), (-78.02816772460938, 90, 0), (-72.99295043945312, 90, 0), (-67.95773315429688, 90, 0), (-62.92254638671875, 90, 0), (-57.8873291015625, 90, 0), (-52.85211181640625, 90, 0), (-47.81689453125, 90, 0), (-42.78167724609375, 90, 0), (-37.746490478515625, 90, 0), (-32.711273193359375, 90, 0), (-27.676025390625, 90, 0), (-22.640869140625, 90, 0), (-17.6055908203125, 90, 0), (-12.5704345703125, 90, 0), (-7.53521728515625, 90, 0), (-2.5, 90, 0)],
        10: [(0, -90, 0), (5.03521728515625, -90, 0), (10.070419311523438, -90, 0), (15.105636596679688, -90, 0), (20.140838623046875, -90, 0), (25.176055908203125, -90, 0), (30.211273193359375, -90, 0), (35.24647521972656, -90, 0), (40.28169250488281, -90, 0), (45.31689453125, -90, 0), (50.35211181640625, -90, 0), (55.3873291015625, -90, 0), (60.42253112792969, -90, 0), (65.45774841308594, -90, 0), (70.49295043945312, -90, 0), (75.52816772460938, -90, 0), (80.56338500976562, -90, 0), (85.59860229492188, -90, 0), (90.6337890625, -90, 0), (95.66900634765625, -90, 0), (100.7042236328125, -90, 0), (105.73944091796875, -90, 0), (110.774658203125, -90, 0), (115.80987548828125, -90, 0), (120.84506225585938, -90, 0), (125.88027954101562, -90, 0), (130.91549682617188, -90, 0), (135.95068359375, -90, 0), (140.98590087890625, -90, 0), (146.0211181640625, -90, 0), (151.05633544921875, -90, 0), (156.091552734375, -90, 0), (161.12677001953125, -90, 0), (166.1619873046875, -90, 0), (171.19720458984375, -90, 0), (176.23239135742188, -90, 0), (-178.73239135742188, -90, 0), (-173.69720458984375, -90, 0), (-168.6619873046875, -90, 0), (-163.62677001953125, -90, 0), (-158.591552734375, -90, 0), (-153.55633544921875, -90, 0), (-148.5211181640625, -90, 0), (-143.48590087890625, -90, 0), (-138.45068359375, -90, 0), (-133.41549682617188, -90, 0), (-128.38027954101562, -90, 0), (-123.3450927734375, -90, 0), (-118.30987548828125, -90, 0), (-113.274658203125, -90, 0), (-108.23944091796875, -90, 0), (-103.2042236328125, -90, 0), (-98.16900634765625, -90, 0), (-93.1337890625, -90, 0), (-88.09860229492188, -90, 0), (-83.06338500976562, -90, 0), (-78.02816772460938, -90, 0), (-72.99295043945312, -90, 0), (-67.95773315429688, -90, 0), (-62.92254638671875, -90, 0), (-57.8873291015625, -90, 0), (-52.85211181640625, -90, 0), (-47.81689453125, -90, 0), (-42.78167724609375, -90, 0), (-37.746490478515625, -90, 0), (-32.711273193359375, -90, 0), (-27.676025390625, -90, 0), (-22.640869140625, -90, 0), (-17.6055908203125, -90, 0), (-12.5704345703125, -90, 0), (-7.53521728515625, -90, 0), (-2.5, -90, 0), (0, -85, 0), (5.03521728515625, -85, 0), (10.070419311523438, -85, 0), (15.105636596679688, -85, 0), (20.140838623046875, -85, 0), (25.176055908203125, -85, 0), (30.211273193359375, -85, 0), (35.24647521972656, -85, 0), (40.28169250488281, -85, 0), (45.31689453125, -85, 0), (50.35211181640625, -85, 0), (55.3873291015625, -85, 0), (60.42253112792969, -85, 0), (65.45774841308594, -85, 0), (70.49295043945312, -85, 0), (75.52816772460938, -85, 0), (80.56338500976562, -85, 0), (85.59860229492188, -85, 0), (90.6337890625, -85, 0), (95.66900634765625, -85, 0), (100.7042236328125, -85, 0), (105.73944091796875, -85, 0), (110.774658203125, -85, 0), (115.80987548828125, -85, 0), (120.84506225585938, -85, 0), (125.88027954101562, -85, 0), (130.91549682617188, -85, 0), (135.95068359375, -85, 0), (140.98590087890625, -85, 0), (146.0211181640625, -85, 0), (151.05633544921875, -85, 0), (156.091552734375, -85, 0), (161.12677001953125, -85, 0), (166.1619873046875, -85, 0), (171.19720458984375, -85, 0), (176.23239135742188, -85, 0), (-178.73239135742188, -85, 0), (-173.69720458984375, -85, 0), (-168.6619873046875, -85, 0), (-163.62677001953125, -85, 0), (-158.591552734375, -85, 0), (-153.55633544921875, -85, 0), (-148.5211181640625, -85, 0), (-143.48590087890625, -85, 0), (-138.45068359375, -85, 0), (-133.41549682617188, -85, 0), (-128.38027954101562, -85, 0), (-123.3450927734375, -85, 0), (-118.30987548828125, -85, 0), (-113.274658203125, -85, 0), (-108.23944091796875, -85, 0), (-103.2042236328125, -85, 0), (-98.16900634765625, -85, 0), (-93.1337890625, -85, 0), (-88.09860229492188, -85, 0), (-83.06338500976562, -85, 0), (-78.02816772460938, -85, 0), (-72.99295043945312, -85, 0), (-67.95773315429688, -85, 0), (-62.92254638671875, -85, 0), (-57.8873291015625, -85, 0), (-52.85211181640625, -85, 0), (-47.81689453125, -85, 0), (-42.78167724609375, -85, 0), (-37.746490478515625, -85, 0), (-32.711273193359375, -85, 0), (-27.676025390625, -85, 0), (-22.640869140625, -85, 0), (-17.6055908203125, -85, 0), (-12.5704345703125, -85, 0), (-7.53521728515625, -85, 0), (-2.5, -85, 0), (0, -80, 0), (5.03521728515625, -80, 0), (10.070419311523438, -80, 0), (15.105636596679688, -80, 0), (20.140838623046875, -80, 0), (25.176055908203125, -80, 0), (30.211273193359375, -80, 0), (35.24647521972656, -80, 0), (40.28169250488281, -80, 0), (45.31689453125, -80, 0), (50.35211181640625, -80, 0), (55.3873291015625, -80, 0), (60.42253112792969, -80, 0), (65.45774841308594, -80, 0), (70.49295043945312, -80, 0), (75.52816772460938, -80, 0), (80.56338500976562, -80, 0), (85.59860229492188, -80, 0), (90.6337890625, -80, 0), (95.66900634765625, -80, 0), (100.7042236328125, -80, 0), (105.73944091796875, -80, 0), (110.774658203125, -80, 0), (115.80987548828125, -80, 0), (120.84506225585938, -80, 0), (125.88027954101562, -80, 0), (130.91549682617188, -80, 0), (135.95068359375, -80, 0), (140.98590087890625, -80, 0), (146.0211181640625, -80, 0), (151.05633544921875, -80, 0), (156.091552734375, -80, 0), (161.12677001953125, -80, 0), (166.1619873046875, -80, 0), (171.19720458984375, -80, 0), (176.23239135742188, -80, 0), (-178.73239135742188, -80, 0), (-173.69720458984375, -80, 0), (-168.6619873046875, -80, 0), (-163.62677001953125, -80, 0), (-158.591552734375, -80, 0), (-153.55633544921875, -80, 0), (-148.5211181640625, -80, 0), (-143.48590087890625, -80, 0), (-138.45068359375, -80, 0), (-133.41549682617188, -80, 0), (-128.38027954101562, -80, 0), (-123.3450927734375, -80, 0), (-118.30987548828125, -80, 0), (-113.274658203125, -80, 0), (-108.23944091796875, -80, 0), (-103.2042236328125, -80, 0), (-98.16900634765625, -80, 0), (-93.1337890625, -80, 0), (-88.09860229492188, -80, 0), (-83.06338500976562, -80, 0), (-78.02816772460938, -80, 0), (-72.99295043945312, -80, 0), (-67.95773315429688, -80, 0), (-62.92254638671875, -80, 0), (-57.8873291015625, -80, 0), (-52.85211181640625, -80, 0), (-47.81689453125, -80, 0), (-42.78167724609375, -80, 0), (-37.746490478515625, -80, 0), (-32.711273193359375, -80, 0), (-27.676025390625, -80, 0), (-22.640869140625, -80, 0), (-17.6055908203125, -80, 0), (-12.5704345703125, -80, 0), (-7.53521728515625, -80, 0), (-2.5, -80, 0), (0, -75, 0), (5.03521728515625, -75, 0), (10.070419311523438, -75, 0), (15.105636596679688, -75, 0), (20.140838623046875, -75, 0), (25.176055908203125, -75, 0), (30.211273193359375, -75, 0), (35.24647521972656, -75, 0), (40.28169250488281, -75, 0), (45.31689453125, -75, 0), (50.35211181640625, -75, 0), (55.3873291015625, -75, 0), (60.42253112792969, -75, 0), (65.45774841308594, -75, 0), (70.49295043945312, -75, 0), (75.52816772460938, -75, 0), (80.56338500976562, -75, 0), (85.59860229492188, -75, 0), (90.6337890625, -75, 0), (95.66900634765625, -75, 0), (100.7042236328125, -75, 0), (105.73944091796875, -75, 0), (110.774658203125, -75, 0), (115.80987548828125, -75, 0), (120.84506225585938, -75, 0), (125.88027954101562, -75, 0), (130.91549682617188, -75, 0), (135.95068359375, -75, 0), (140.98590087890625, -75, 0), (146.0211181640625, -75, 0), (151.05633544921875, -75, 0), (156.091552734375, -75, 0), (161.12677001953125, -75, 0), (166.1619873046875, -75, 0), (171.19720458984375, -75, 0), (176.23239135742188, -75, 0), (-178.73239135742188, -75, 0), (-173.69720458984375, -75, 0), (-168.6619873046875, -75, 0), (-163.62677001953125, -75, 0), (-158.591552734375, -75, 0), (-153.55633544921875, -75, 0), (-148.5211181640625, -75, 0), (-143.48590087890625, -75, 0), (-138.45068359375, -75, 0), (-133.41549682617188, -75, 0), (-128.38027954101562, -75, 0), (-123.3450927734375, -75, 0), (-118.30987548828125, -75, 0), (-113.274658203125, -75, 0), (-108.23944091796875, -75, 0), (-103.2042236328125, -75, 0), (-98.16900634765625, -75, 0), (-93.1337890625, -75, 0), (-88.09860229492188, -75, 0), (-83.06338500976562, -75, 0), (-78.02816772460938, -75, 0), (-72.99295043945312, -75, 0), (-67.95773315429688, -75, 0), (-62.92254638671875, -75, 0), (-57.8873291015625, -75, 0), (-52.85211181640625, -75, 0), (-47.81689453125, -75, 0), (-42.78167724609375, -75, 0), (-37.746490478515625, -75, 0), (-32.711273193359375, -75, 0), (-27.676025390625, -75, 0), (-22.640869140625, -75, 0), (-17.6055908203125, -75, 0), (-12.5704345703125, -75, 0), (-7.53521728515625, -75, 0), (-2.5, -75, 0), (0, -70, 0), (5.03521728515625, -70, 0), (10.070419311523438, -70, 0), (15.105636596679688, -70, 0), (20.140838623046875, -70, 0), (25.176055908203125, -70, 0), (30.211273193359375, -70, 0), (35.24647521972656, -70, 0), (40.28169250488281, -70, 0), (45.31689453125, -70, 0), (50.35211181640625, -70, 0), (55.3873291015625, -70, 0), (60.42253112792969, -70, 0), (65.45774841308594, -70, 0), (70.49295043945312, -70, 0), (75.52816772460938, -70, 0), (80.56338500976562, -70, 0), (85.59860229492188, -70, 0), (90.6337890625, -70, 0), (95.66900634765625, -70, 0), (100.7042236328125, -70, 0), (105.73944091796875, -70, 0), (110.774658203125, -70, 0), (115.80987548828125, -70, 0), (120.84506225585938, -70, 0), (125.88027954101562, -70, 0), (130.91549682617188, -70, 0), (135.95068359375, -70, 0), (140.98590087890625, -70, 0), (146.0211181640625, -70, 0), (151.05633544921875, -70, 0), (156.091552734375, -70, 0), (161.12677001953125, -70, 0), (166.1619873046875, -70, 0), (171.19720458984375, -70, 0), (176.23239135742188, -70, 0), (-178.73239135742188, -70, 0), (-173.69720458984375, -70, 0), (-168.6619873046875, -70, 0), (-163.62677001953125, -70, 0), (-158.591552734375, -70, 0), (-153.55633544921875, -70, 0), (-148.5211181640625, -70, 0), (-143.48590087890625, -70, 0), (-138.45068359375, -70, 0), (-133.41549682617188, -70, 0), (-128.38027954101562, -70, 0), (-123.3450927734375, -70, 0), (-118.30987548828125, -70, 0), (-113.274658203125, -70, 0), (-108.23944091796875, -70, 0), (-103.2042236328125, -70, 0), (-98.16900634765625, -70, 0), (-93.1337890625, -70, 0), (-88.09860229492188, -70, 0), (-83.06338500976562, -70, 0), (-78.02816772460938, -70, 0), (-72.99295043945312, -70, 0), (-67.95773315429688, -70, 0), (-62.92254638671875, -70, 0), (-57.8873291015625, -70, 0), (-52.85211181640625, -70, 0), (-47.81689453125, -70, 0), (-42.78167724609375, -70, 0), (-37.746490478515625, -70, 0), (-32.711273193359375, -70, 0), (-27.676025390625, -70, 0), (-22.640869140625, -70, 0), (-17.6055908203125, -70, 0), (-12.5704345703125, -70, 0), (-7.53521728515625, -70, 0), (-2.5, -70, 0), (0, -65, 0), (5.03521728515625, -65, 0), (10.070419311523438, -65, 0), (15.105636596679688, -65, 0), (20.140838623046875, -65, 0), (25.176055908203125, -65, 0), (30.211273193359375, -65, 0), (35.24647521972656, -65, 0), (40.28169250488281, -65, 0), (45.31689453125, -65, 0), (50.35211181640625, -65, 0), (55.3873291015625, -65, 0), (60.42253112792969, -65, 0), (65.45774841308594, -65, 0), (70.49295043945312, -65, 0), (75.52816772460938, -65, 0), (80.56338500976562, -65, 0), (85.59860229492188, -65, 0), (90.6337890625, -65, 0), (95.66900634765625, -65, 0), (100.7042236328125, -65, 0), (105.73944091796875, -65, 0), (110.774658203125, -65, 0), (115.80987548828125, -65, 0), (120.84506225585938, -65, 0), (125.88027954101562, -65, 0), (130.91549682617188, -65, 0), (135.95068359375, -65, 0), (140.98590087890625, -65, 0), (146.0211181640625, -65, 0), (151.05633544921875, -65, 0), (156.091552734375, -65, 0), (161.12677001953125, -65, 0), (166.1619873046875, -65, 0), (171.19720458984375, -65, 0), (176.23239135742188, -65, 0), (-178.73239135742188, -65, 0), (-173.69720458984375, -65, 0), (-168.6619873046875, -65, 0), (-163.62677001953125, -65, 0), (-158.591552734375, -65, 0), (-153.55633544921875, -65, 0), (-148.5211181640625, -65, 0), (-143.48590087890625, -65, 0), (-138.45068359375, -65, 0), (-133.41549682617188, -65, 0), (-128.38027954101562, -65, 0), (-123.3450927734375, -65, 0), (-118.30987548828125, -65, 0), (-113.274658203125, -65, 0), (-108.23944091796875, -65, 0), (-103.2042236328125, -65, 0), (-98.16900634765625, -65, 0), (-93.1337890625, -65, 0), (-88.09860229492188, -65, 0), (-83.06338500976562, -65, 0), (-78.02816772460938, -65, 0), (-72.99295043945312, -65, 0), (-67.95773315429688, -65, 0), (-62.92254638671875, -65, 0), (-57.8873291015625, -65, 0), (-52.85211181640625, -65, 0), (-47.81689453125, -65, 0), (-42.78167724609375, -65, 0), (-37.746490478515625, -65, 0), (-32.711273193359375, -65, 0), (-27.676025390625, -65, 0), (-22.640869140625, -65, 0), (-17.6055908203125, -65, 0), (-12.5704345703125, -65, 0), (-7.53521728515625, -65, 0), (-2.5, -65, 0), (0, -60, 0), (5.03521728515625, -60, 0), (10.070419311523438, -60, 0), (15.105636596679688, -60, 0), (20.140838623046875, -60, 0), (25.176055908203125, -60, 0), (30.211273193359375, -60, 0), (35.24647521972656, -60, 0), (40.28169250488281, -60, 0), (45.31689453125, -60, 0), (50.35211181640625, -60, 0), (55.3873291015625, -60, 0), (60.42253112792969, -60, 0), (65.45774841308594, -60, 0), (70.49295043945312, -60, 0), (75.52816772460938, -60, 0), (80.56338500976562, -60, 0), (85.59860229492188, -60, 0), (90.6337890625, -60, 0), (95.66900634765625, -60, 0), (100.7042236328125, -60, 0), (105.73944091796875, -60, 0), (110.774658203125, -60, 0), (115.80987548828125, -60, 0), (120.84506225585938, -60, 0), (125.88027954101562, -60, 0), (130.91549682617188, -60, 0), (135.95068359375, -60, 0), (140.98590087890625, -60, 0), (146.0211181640625, -60, 0), (151.05633544921875, -60, 0), (156.091552734375, -60, 0), (161.12677001953125, -60, 0), (166.1619873046875, -60, 0), (171.19720458984375, -60, 0), (176.23239135742188, -60, 0), (-178.73239135742188, -60, 0), (-173.69720458984375, -60, 0), (-168.6619873046875, -60, 0), (-163.62677001953125, -60, 0), (-158.591552734375, -60, 0), (-153.55633544921875, -60, 0), (-148.5211181640625, -60, 0), (-143.48590087890625, -60, 0), (-138.45068359375, -60, 0), (-133.41549682617188, -60, 0), (-128.38027954101562, -60, 0), (-123.3450927734375, -60, 0), (-118.30987548828125, -60, 0), (-113.274658203125, -60, 0), (-108.23944091796875, -60, 0), (-103.2042236328125, -60, 0), (-98.16900634765625, -60, 0), (-93.1337890625, -60, 0), (-88.09860229492188, -60, 0), (-83.06338500976562, -60, 0), (-78.02816772460938, -60, 0), (-72.99295043945312, -60, 0), (-67.95773315429688, -60, 0), (-62.92254638671875, -60, 0), (-57.8873291015625, -60, 0), (-52.85211181640625, -60, 0), (-47.81689453125, -60, 0), (-42.78167724609375, -60, 0), (-37.746490478515625, -60, 0), (-32.711273193359375, -60, 0), (-27.676025390625, -60, 0), (-22.640869140625, -60, 0), (-17.6055908203125, -60, 0), (-12.5704345703125, -60, 0), (-7.53521728515625, -60, 0), (-2.5, -60, 0), (0, -55, 0), (5.03521728515625, -55, 0), (10.070419311523438, -55, 0), (15.105636596679688, -55, 0), (20.140838623046875, -55, 0), (25.176055908203125, -55, 0), (30.211273193359375, -55, 0), (35.24647521972656, -55, 0), (40.28169250488281, -55, 0), (45.31689453125, -55, 0), (50.35211181640625, -55, 0), (55.3873291015625, -55, 0), (60.42253112792969, -55, 0), (65.45774841308594, -55, 0), (70.49295043945312, -55, 0), (75.52816772460938, -55, 0), (80.56338500976562, -55, 0), (85.59860229492188, -55, 0), (90.6337890625, -55, 0), (95.66900634765625, -55, 0), (100.7042236328125, -55, 0), (105.73944091796875, -55, 0), (110.774658203125, -55, 0), (115.80987548828125, -55, 0), (120.84506225585938, -55, 0), (125.88027954101562, -55, 0), (130.91549682617188, -55, 0), (135.95068359375, -55, 0), (140.98590087890625, -55, 0), (146.0211181640625, -55, 0), (151.05633544921875, -55, 0), (156.091552734375, -55, 0), (161.12677001953125, -55, 0), (166.1619873046875, -55, 0), (171.19720458984375, -55, 0), (176.23239135742188, -55, 0), (-178.73239135742188, -55, 0), (-173.69720458984375, -55, 0), (-168.6619873046875, -55, 0), (-163.62677001953125, -55, 0), (-158.591552734375, -55, 0), (-153.55633544921875, -55, 0), (-148.5211181640625, -55, 0), (-143.48590087890625, -55, 0), (-138.45068359375, -55, 0), (-133.41549682617188, -55, 0), (-128.38027954101562, -55, 0), (-123.3450927734375, -55, 0), (-118.30987548828125, -55, 0), (-113.274658203125, -55, 0), (-108.23944091796875, -55, 0), (-103.2042236328125, -55, 0), (-98.16900634765625, -55, 0), (-93.1337890625, -55, 0), (-88.09860229492188, -55, 0), (-83.06338500976562, -55, 0), (-78.02816772460938, -55, 0), (-72.99295043945312, -55, 0), (-67.95773315429688, -55, 0), (-62.92254638671875, -55, 0), (-57.8873291015625, -55, 0), (-52.85211181640625, -55, 0), (-47.81689453125, -55, 0), (-42.78167724609375, -55, 0), (-37.746490478515625, -55, 0), (-32.711273193359375, -55, 0), (-27.676025390625, -55, 0), (-22.640869140625, -55, 0), (-17.6055908203125, -55, 0), (-12.5704345703125, -55, 0), (-7.53521728515625, -55, 0), (-2.5, -55, 0), (0, -50, 0), (5.03521728515625, -50, 0), (10.070419311523438, -50, 0), (15.105636596679688, -50, 0), (20.140838623046875, -50, 0), (25.176055908203125, -50, 0), (30.211273193359375, -50, 0), (35.24647521972656, -50, 0), (40.28169250488281, -50, 0), (45.31689453125, -50, 0), (50.35211181640625, -50, 0), (55.3873291015625, -50, 0), (60.42253112792969, -50, 0), (65.45774841308594, -50, 0), (70.49295043945312, -50, 0), (75.52816772460938, -50, 0), (80.56338500976562, -50, 0), (85.59860229492188, -50, 0), (90.6337890625, -50, 0), (95.66900634765625, -50, 0), (100.7042236328125, -50, 0), (105.73944091796875, -50, 0), (110.774658203125, -50, 0), (115.80987548828125, -50, 0), (120.84506225585938, -50, 0), (125.88027954101562, -50, 0), (130.91549682617188, -50, 0), (135.95068359375, -50, 0), (140.98590087890625, -50, 0), (146.0211181640625, -50, 0), (151.05633544921875, -50, 0), (156.091552734375, -50, 0), (161.12677001953125, -50, 0), (166.1619873046875, -50, 0), (171.19720458984375, -50, 0), (176.23239135742188, -50, 0), (-178.73239135742188, -50, 0), (-173.69720458984375, -50, 0), (-168.6619873046875, -50, 0), (-163.62677001953125, -50, 0), (-158.591552734375, -50, 0), (-153.55633544921875, -50, 0), (-148.5211181640625, -50, 0), (-143.48590087890625, -50, 0), (-138.45068359375, -50, 0), (-133.41549682617188, -50, 0), (-128.38027954101562, -50, 0), (-123.3450927734375, -50, 0), (-118.30987548828125, -50, 0), (-113.274658203125, -50, 0), (-108.23944091796875, -50, 0), (-103.2042236328125, -50, 0), (-98.16900634765625, -50, 0), (-93.1337890625, -50, 0), (-88.09860229492188, -50, 0), (-83.06338500976562, -50, 0), (-78.02816772460938, -50, 0), (-72.99295043945312, -50, 0), (-67.95773315429688, -50, 0), (-62.92254638671875, -50, 0), (-57.8873291015625, -50, 0), (-52.85211181640625, -50, 0), (-47.81689453125, -50, 0), (-42.78167724609375, -50, 0), (-37.746490478515625, -50, 0), (-32.711273193359375, -50, 0), (-27.676025390625, -50, 0), (-22.640869140625, -50, 0), (-17.6055908203125, -50, 0), (-12.5704345703125, -50, 0), (-7.53521728515625, -50, 0), (-2.5, -50, 0), (0, -45, 0), (5.03521728515625, -45, 0), (10.070419311523438, -45, 0), (15.105636596679688, -45, 0), (20.140838623046875, -45, 0), (25.176055908203125, -45, 0), (30.211273193359375, -45, 0), (35.24647521972656, -45, 0), (40.28169250488281, -45, 0), (45.31689453125, -45, 0), (50.35211181640625, -45, 0), (55.3873291015625, -45, 0), (60.42253112792969, -45, 0), (65.45774841308594, -45, 0), (70.49295043945312, -45, 0), (75.52816772460938, -45, 0), (80.56338500976562, -45, 0), (85.59860229492188, -45, 0), (90.6337890625, -45, 0), (95.66900634765625, -45, 0), (100.7042236328125, -45, 0), (105.73944091796875, -45, 0), (110.774658203125, -45, 0), (115.80987548828125, -45, 0), (120.84506225585938, -45, 0), (125.88027954101562, -45, 0), (130.91549682617188, -45, 0), (135.95068359375, -45, 0), (140.98590087890625, -45, 0), (146.0211181640625, -45, 0), (151.05633544921875, -45, 0), (156.091552734375, -45, 0), (161.12677001953125, -45, 0), (166.1619873046875, -45, 0), (171.19720458984375, -45, 0), (176.23239135742188, -45, 0), (-178.73239135742188, -45, 0), (-173.69720458984375, -45, 0), (-168.6619873046875, -45, 0), (-163.62677001953125, -45, 0), (-158.591552734375, -45, 0), (-153.55633544921875, -45, 0), (-148.5211181640625, -45, 0), (-143.48590087890625, -45, 0), (-138.45068359375, -45, 0), (-133.41549682617188, -45, 0), (-128.38027954101562, -45, 0), (-123.3450927734375, -45, 0), (-118.30987548828125, -45, 0), (-113.274658203125, -45, 0), (-108.23944091796875, -45, 0), (-103.2042236328125, -45, 0), (-98.16900634765625, -45, 0), (-93.1337890625, -45, 0), (-88.09860229492188, -45, 0), (-83.06338500976562, -45, 0), (-78.02816772460938, -45, 0), (-72.99295043945312, -45, 0), (-67.95773315429688, -45, 0), (-62.92254638671875, -45, 0), (-57.8873291015625, -45, 0), (-52.85211181640625, -45, 0), (-47.81689453125, -45, 0), (-42.78167724609375, -45, 0), (-37.746490478515625, -45, 0), (-32.711273193359375, -45, 0), (-27.676025390625, -45, 0), (-22.640869140625, -45, 0), (-17.6055908203125, -45, 0), (-12.5704345703125, -45, 0), (-7.53521728515625, -45, 0), (-2.5, -45, 0), (0, -40, 0), (5.03521728515625, -40, 0), (10.070419311523438, -40, 0), (15.105636596679688, -40, 0), (20.140838623046875, -40, 0), (25.176055908203125, -40, 0), (30.211273193359375, -40, 0), (35.24647521972656, -40, 0), (40.28169250488281, -40, 0), (45.31689453125, -40, 0), (50.35211181640625, -40, 0), (55.3873291015625, -40, 0), (60.42253112792969, -40, 0), (65.45774841308594, -40, 0), (70.49295043945312, -40, 0), (75.52816772460938, -40, 0), (80.56338500976562, -40, 0), (85.59860229492188, -40, 0), (90.6337890625, -40, 0), (95.66900634765625, -40, 0), (100.7042236328125, -40, 0), (105.73944091796875, -40, 0), (110.774658203125, -40, 0), (115.80987548828125, -40, 0), (120.84506225585938, -40, 0), (125.88027954101562, -40, 0), (130.91549682617188, -40, 0), (135.95068359375, -40, 0), (140.98590087890625, -40, 0), (146.0211181640625, -40, 0), (151.05633544921875, -40, 0), (156.091552734375, -40, 0), (161.12677001953125, -40, 0), (166.1619873046875, -40, 0), (171.19720458984375, -40, 0), (176.23239135742188, -40, 0), (-178.73239135742188, -40, 0), (-173.69720458984375, -40, 0), (-168.6619873046875, -40, 0), (-163.62677001953125, -40, 0), (-158.591552734375, -40, 0), (-153.55633544921875, -40, 0), (-148.5211181640625, -40, 0), (-143.48590087890625, -40, 0), (-138.45068359375, -40, 0), (-133.41549682617188, -40, 0), (-128.38027954101562, -40, 0), (-123.3450927734375, -40, 0), (-118.30987548828125, -40, 0), (-113.274658203125, -40, 0), (-108.23944091796875, -40, 0), (-103.2042236328125, -40, 0), (-98.16900634765625, -40, 0), (-93.1337890625, -40, 0), (-88.09860229492188, -40, 0), (-83.06338500976562, -40, 0), (-78.02816772460938, -40, 0), (-72.99295043945312, -40, 0), (-67.95773315429688, -40, 0), (-62.92254638671875, -40, 0), (-57.8873291015625, -40, 0), (-52.85211181640625, -40, 0), (-47.81689453125, -40, 0), (-42.78167724609375, -40, 0), (-37.746490478515625, -40, 0), (-32.711273193359375, -40, 0), (-27.676025390625, -40, 0), (-22.640869140625, -40, 0), (-17.6055908203125, -40, 0), (-12.5704345703125, -40, 0), (-7.53521728515625, -40, 0), (-2.5, -40, 0), (0, -35, 0), (5.03521728515625, -35, 0), (10.070419311523438, -35, 0), (15.105636596679688, -35, 0), (20.140838623046875, -35, 0), (25.176055908203125, -35, 0), (30.211273193359375, -35, 0), (35.24647521972656, -35, 0), (40.28169250488281, -35, 0), (45.31689453125, -35, 0), (50.35211181640625, -35, 0), (55.3873291015625, -35, 0), (60.42253112792969, -35, 0), (65.45774841308594, -35, 0), (70.49295043945312, -35, 0), (75.52816772460938, -35, 0), (80.56338500976562, -35, 0), (85.59860229492188, -35, 0), (90.6337890625, -35, 0), (95.66900634765625, -35, 0), (100.7042236328125, -35, 0), (105.73944091796875, -35, 0), (110.774658203125, -35, 0), (115.80987548828125, -35, 0), (120.84506225585938, -35, 0), (125.88027954101562, -35, 0), (130.91549682617188, -35, 0), (135.95068359375, -35, 0), (140.98590087890625, -35, 0), (146.0211181640625, -35, 0), (151.05633544921875, -35, 0), (156.091552734375, -35, 0), (161.12677001953125, -35, 0), (166.1619873046875, -35, 0), (171.19720458984375, -35, 0), (176.23239135742188, -35, 0), (-178.73239135742188, -35, 0), (-173.69720458984375, -35, 0), (-168.6619873046875, -35, 0), (-163.62677001953125, -35, 0), (-158.591552734375, -35, 0), (-153.55633544921875, -35, 0), (-148.5211181640625, -35, 0), (-143.48590087890625, -35, 0), (-138.45068359375, -35, 0), (-133.41549682617188, -35, 0), (-128.38027954101562, -35, 0), (-123.3450927734375, -35, 0), (-118.30987548828125, -35, 0), (-113.274658203125, -35, 0), (-108.23944091796875, -35, 0), (-103.2042236328125, -35, 0), (-98.16900634765625, -35, 0), (-93.1337890625, -35, 0), (-88.09860229492188, -35, 0), (-83.06338500976562, -35, 0), (-78.02816772460938, -35, 0), (-72.99295043945312, -35, 0), (-67.95773315429688, -35, 0), (-62.92254638671875, -35, 0), (-57.8873291015625, -35, 0), (-52.85211181640625, -35, 0), (-47.81689453125, -35, 0), (-42.78167724609375, -35, 0), (-37.746490478515625, -35, 0), (-32.711273193359375, -35, 0), (-27.676025390625, -35, 0), (-22.640869140625, -35, 0), (-17.6055908203125, -35, 0), (-12.5704345703125, -35, 0), (-7.53521728515625, -35, 0), (-2.5, -35, 0), (0, -30, 0), (5.03521728515625, -30, 0), (10.070419311523438, -30, 0), (15.105636596679688, -30, 0), (20.140838623046875, -30, 0), (25.176055908203125, -30, 0), (30.211273193359375, -30, 0), (35.24647521972656, -30, 0), (40.28169250488281, -30, 0), (45.31689453125, -30, 0), (50.35211181640625, -30, 0), (55.3873291015625, -30, 0), (60.42253112792969, -30, 0), (65.45774841308594, -30, 0), (70.49295043945312, -30, 0), (75.52816772460938, -30, 0), (80.56338500976562, -30, 0), (85.59860229492188, -30, 0), (90.6337890625, -30, 0), (95.66900634765625, -30, 0), (100.7042236328125, -30, 0), (105.73944091796875, -30, 0), (110.774658203125, -30, 0), (115.80987548828125, -30, 0), (120.84506225585938, -30, 0), (125.88027954101562, -30, 0), (130.91549682617188, -30, 0), (135.95068359375, -30, 0), (140.98590087890625, -30, 0), (146.0211181640625, -30, 0), (151.05633544921875, -30, 0), (156.091552734375, -30, 0), (161.12677001953125, -30, 0), (166.1619873046875, -30, 0), (171.19720458984375, -30, 0), (176.23239135742188, -30, 0), (-178.73239135742188, -30, 0), (-173.69720458984375, -30, 0), (-168.6619873046875, -30, 0), (-163.62677001953125, -30, 0), (-158.591552734375, -30, 0), (-153.55633544921875, -30, 0), (-148.5211181640625, -30, 0), (-143.48590087890625, -30, 0), (-138.45068359375, -30, 0), (-133.41549682617188, -30, 0), (-128.38027954101562, -30, 0), (-123.3450927734375, -30, 0), (-118.30987548828125, -30, 0), (-113.274658203125, -30, 0), (-108.23944091796875, -30, 0), (-103.2042236328125, -30, 0), (-98.16900634765625, -30, 0), (-93.1337890625, -30, 0), (-88.09860229492188, -30, 0), (-83.06338500976562, -30, 0), (-78.02816772460938, -30, 0), (-72.99295043945312, -30, 0), (-67.95773315429688, -30, 0), (-62.92254638671875, -30, 0), (-57.8873291015625, -30, 0), (-52.85211181640625, -30, 0), (-47.81689453125, -30, 0), (-42.78167724609375, -30, 0), (-37.746490478515625, -30, 0), (-32.711273193359375, -30, 0), (-27.676025390625, -30, 0), (-22.640869140625, -30, 0), (-17.6055908203125, -30, 0), (-12.5704345703125, -30, 0), (-7.53521728515625, -30, 0), (-2.5, -30, 0), (0, -25, 0), (5.03521728515625, -25, 0), (10.070419311523438, -25, 0), (15.105636596679688, -25, 0), (20.140838623046875, -25, 0), (25.176055908203125, -25, 0), (30.211273193359375, -25, 0), (35.24647521972656, -25, 0), (40.28169250488281, -25, 0), (45.31689453125, -25, 0), (50.35211181640625, -25, 0), (55.3873291015625, -25, 0), (60.42253112792969, -25, 0), (65.45774841308594, -25, 0), (70.49295043945312, -25, 0), (75.52816772460938, -25, 0), (80.56338500976562, -25, 0), (85.59860229492188, -25, 0), (90.6337890625, -25, 0), (95.66900634765625, -25, 0), (100.7042236328125, -25, 0), (105.73944091796875, -25, 0), (110.774658203125, -25, 0), (115.80987548828125, -25, 0), (120.84506225585938, -25, 0), (125.88027954101562, -25, 0), (130.91549682617188, -25, 0), (135.95068359375, -25, 0), (140.98590087890625, -25, 0), (146.0211181640625, -25, 0), (151.05633544921875, -25, 0), (156.091552734375, -25, 0), (161.12677001953125, -25, 0), (166.1619873046875, -25, 0), (171.19720458984375, -25, 0), (176.23239135742188, -25, 0), (-178.73239135742188, -25, 0), (-173.69720458984375, -25, 0), (-168.6619873046875, -25, 0), (-163.62677001953125, -25, 0), (-158.591552734375, -25, 0), (-153.55633544921875, -25, 0), (-148.5211181640625, -25, 0), (-143.48590087890625, -25, 0), (-138.45068359375, -25, 0), (-133.41549682617188, -25, 0), (-128.38027954101562, -25, 0), (-123.3450927734375, -25, 0), (-118.30987548828125, -25, 0), (-113.274658203125, -25, 0), (-108.23944091796875, -25, 0), (-103.2042236328125, -25, 0), (-98.16900634765625, -25, 0), (-93.1337890625, -25, 0), (-88.09860229492188, -25, 0), (-83.06338500976562, -25, 0), (-78.02816772460938, -25, 0), (-72.99295043945312, -25, 0), (-67.95773315429688, -25, 0), (-62.92254638671875, -25, 0), (-57.8873291015625, -25, 0), (-52.85211181640625, -25, 0), (-47.81689453125, -25, 0), (-42.78167724609375, -25, 0), (-37.746490478515625, -25, 0), (-32.711273193359375, -25, 0), (-27.676025390625, -25, 0), (-22.640869140625, -25, 0), (-17.6055908203125, -25, 0), (-12.5704345703125, -25, 0), (-7.53521728515625, -25, 0), (-2.5, -25, 0), (0, -20, 0), (5.03521728515625, -20, 0), (10.070419311523438, -20, 0), (15.105636596679688, -20, 0), (20.140838623046875, -20, 0), (25.176055908203125, -20, 0), (30.211273193359375, -20, 0), (35.24647521972656, -20, 0), (40.28169250488281, -20, 0), (45.31689453125, -20, 0), (50.35211181640625, -20, 0), (55.3873291015625, -20, 0), (60.42253112792969, -20, 0), (65.45774841308594, -20, 0), (70.49295043945312, -20, 0), (75.52816772460938, -20, 0), (80.56338500976562, -20, 0), (85.59860229492188, -20, 0), (90.6337890625, -20, 0), (95.66900634765625, -20, 0), (100.7042236328125, -20, 0), (105.73944091796875, -20, 0), (110.774658203125, -20, 0), (115.80987548828125, -20, 0), (120.84506225585938, -20, 0), (125.88027954101562, -20, 0), (130.91549682617188, -20, 0), (135.95068359375, -20, 0), (140.98590087890625, -20, 0), (146.0211181640625, -20, 0), (151.05633544921875, -20, 0), (156.091552734375, -20, 0), (161.12677001953125, -20, 0), (166.1619873046875, -20, 0), (171.19720458984375, -20, 0), (176.23239135742188, -20, 0), (-178.73239135742188, -20, 0), (-173.69720458984375, -20, 0), (-168.6619873046875, -20, 0), (-163.62677001953125, -20, 0), (-158.591552734375, -20, 0), (-153.55633544921875, -20, 0), (-148.5211181640625, -20, 0), (-143.48590087890625, -20, 0), (-138.45068359375, -20, 0), (-133.41549682617188, -20, 0), (-128.38027954101562, -20, 0), (-123.3450927734375, -20, 0), (-118.30987548828125, -20, 0), (-113.274658203125, -20, 0), (-108.23944091796875, -20, 0), (-103.2042236328125, -20, 0), (-98.16900634765625, -20, 0), (-93.1337890625, -20, 0), (-88.09860229492188, -20, 0), (-83.06338500976562, -20, 0), (-78.02816772460938, -20, 0), (-72.99295043945312, -20, 0), (-67.95773315429688, -20, 0), (-62.92254638671875, -20, 0), (-57.8873291015625, -20, 0), (-52.85211181640625, -20, 0), (-47.81689453125, -20, 0), (-42.78167724609375, -20, 0), (-37.746490478515625, -20, 0), (-32.711273193359375, -20, 0), (-27.676025390625, -20, 0), (-22.640869140625, -20, 0), (-17.6055908203125, -20, 0), (-12.5704345703125, -20, 0), (-7.53521728515625, -20, 0), (-2.5, -20, 0), (0, -15, 0), (5.03521728515625, -15, 0), (10.070419311523438, -15, 0), (15.105636596679688, -15, 0), (20.140838623046875, -15, 0), (25.176055908203125, -15, 0), (30.211273193359375, -15, 0), (35.24647521972656, -15, 0), (40.28169250488281, -15, 0), (45.31689453125, -15, 0), (50.35211181640625, -15, 0), (55.3873291015625, -15, 0), (60.42253112792969, -15, 0), (65.45774841308594, -15, 0), (70.49295043945312, -15, 0), (75.52816772460938, -15, 0), (80.56338500976562, -15, 0), (85.59860229492188, -15, 0), (90.6337890625, -15, 0), (95.66900634765625, -15, 0), (100.7042236328125, -15, 0), (105.73944091796875, -15, 0), (110.774658203125, -15, 0), (115.80987548828125, -15, 0), (120.84506225585938, -15, 0), (125.88027954101562, -15, 0), (130.91549682617188, -15, 0), (135.95068359375, -15, 0), (140.98590087890625, -15, 0), (146.0211181640625, -15, 0), (151.05633544921875, -15, 0), (156.091552734375, -15, 0), (161.12677001953125, -15, 0), (166.1619873046875, -15, 0), (171.19720458984375, -15, 0), (176.23239135742188, -15, 0), (-178.73239135742188, -15, 0), (-173.69720458984375, -15, 0), (-168.6619873046875, -15, 0), (-163.62677001953125, -15, 0), (-158.591552734375, -15, 0), (-153.55633544921875, -15, 0), (-148.5211181640625, -15, 0), (-143.48590087890625, -15, 0), (-138.45068359375, -15, 0), (-133.41549682617188, -15, 0), (-128.38027954101562, -15, 0), (-123.3450927734375, -15, 0), (-118.30987548828125, -15, 0), (-113.274658203125, -15, 0), (-108.23944091796875, -15, 0), (-103.2042236328125, -15, 0), (-98.16900634765625, -15, 0), (-93.1337890625, -15, 0), (-88.09860229492188, -15, 0), (-83.06338500976562, -15, 0), (-78.02816772460938, -15, 0), (-72.99295043945312, -15, 0), (-67.95773315429688, -15, 0), (-62.92254638671875, -15, 0), (-57.8873291015625, -15, 0), (-52.85211181640625, -15, 0), (-47.81689453125, -15, 0), (-42.78167724609375, -15, 0), (-37.746490478515625, -15, 0), (-32.711273193359375, -15, 0), (-27.676025390625, -15, 0), (-22.640869140625, -15, 0), (-17.6055908203125, -15, 0), (-12.5704345703125, -15, 0), (-7.53521728515625, -15, 0), (-2.5, -15, 0), (0, -10, 0), (5.03521728515625, -10, 0), (10.070419311523438, -10, 0), (15.105636596679688, -10, 0), (20.140838623046875, -10, 0), (25.176055908203125, -10, 0), (30.211273193359375, -10, 0), (35.24647521972656, -10, 0), (40.28169250488281, -10, 0), (45.31689453125, -10, 0), (50.35211181640625, -10, 0), (55.3873291015625, -10, 0), (60.42253112792969, -10, 0), (65.45774841308594, -10, 0), (70.49295043945312, -10, 0), (75.52816772460938, -10, 0), (80.56338500976562, -10, 0), (85.59860229492188, -10, 0), (90.6337890625, -10, 0), (95.66900634765625, -10, 0), (100.7042236328125, -10, 0), (105.73944091796875, -10, 0), (110.774658203125, -10, 0), (115.80987548828125, -10, 0), (120.84506225585938, -10, 0), (125.88027954101562, -10, 0), (130.91549682617188, -10, 0), (135.95068359375, -10, 0), (140.98590087890625, -10, 0), (146.0211181640625, -10, 0), (151.05633544921875, -10, 0), (156.091552734375, -10, 0), (161.12677001953125, -10, 0), (166.1619873046875, -10, 0), (171.19720458984375, -10, 0), (176.23239135742188, -10, 0), (-178.73239135742188, -10, 0), (-173.69720458984375, -10, 0), (-168.6619873046875, -10, 0), (-163.62677001953125, -10, 0), (-158.591552734375, -10, 0), (-153.55633544921875, -10, 0), (-148.5211181640625, -10, 0), (-143.48590087890625, -10, 0), (-138.45068359375, -10, 0), (-133.41549682617188, -10, 0), (-128.38027954101562, -10, 0), (-123.3450927734375, -10, 0), (-118.30987548828125, -10, 0), (-113.274658203125, -10, 0), (-108.23944091796875, -10, 0), (-103.2042236328125, -10, 0), (-98.16900634765625, -10, 0), (-93.1337890625, -10, 0), (-88.09860229492188, -10, 0), (-83.06338500976562, -10, 0), (-78.02816772460938, -10, 0), (-72.99295043945312, -10, 0), (-67.95773315429688, -10, 0), (-62.92254638671875, -10, 0), (-57.8873291015625, -10, 0), (-52.85211181640625, -10, 0), (-47.81689453125, -10, 0), (-42.78167724609375, -10, 0), (-37.746490478515625, -10, 0), (-32.711273193359375, -10, 0), (-27.676025390625, -10, 0), (-22.640869140625, -10, 0), (-17.6055908203125, -10, 0), (-12.5704345703125, -10, 0), (-7.53521728515625, -10, 0), (-2.5, -10, 0), (0, -5, 0), (5.03521728515625, -5, 0), (10.070419311523438, -5, 0), (15.105636596679688, -5, 0), (20.140838623046875, -5, 0), (25.176055908203125, -5, 0), (30.211273193359375, -5, 0), (35.24647521972656, -5, 0), (40.28169250488281, -5, 0), (45.31689453125, -5, 0), (50.35211181640625, -5, 0), (55.3873291015625, -5, 0), (60.42253112792969, -5, 0), (65.45774841308594, -5, 0), (70.49295043945312, -5, 0), (75.52816772460938, -5, 0), (80.56338500976562, -5, 0), (85.59860229492188, -5, 0), (90.6337890625, -5, 0), (95.66900634765625, -5, 0), (100.7042236328125, -5, 0), (105.73944091796875, -5, 0), (110.774658203125, -5, 0), (115.80987548828125, -5, 0), (120.84506225585938, -5, 0), (125.88027954101562, -5, 0), (130.91549682617188, -5, 0), (135.95068359375, -5, 0), (140.98590087890625, -5, 0), (146.0211181640625, -5, 0), (151.05633544921875, -5, 0), (156.091552734375, -5, 0), (161.12677001953125, -5, 0), (166.1619873046875, -5, 0), (171.19720458984375, -5, 0), (176.23239135742188, -5, 0), (-178.73239135742188, -5, 0), (-173.69720458984375, -5, 0), (-168.6619873046875, -5, 0), (-163.62677001953125, -5, 0), (-158.591552734375, -5, 0), (-153.55633544921875, -5, 0), (-148.5211181640625, -5, 0), (-143.48590087890625, -5, 0), (-138.45068359375, -5, 0), (-133.41549682617188, -5, 0), (-128.38027954101562, -5, 0), (-123.3450927734375, -5, 0), (-118.30987548828125, -5, 0), (-113.274658203125, -5, 0), (-108.23944091796875, -5, 0), (-103.2042236328125, -5, 0), (-98.16900634765625, -5, 0), (-93.1337890625, -5, 0), (-88.09860229492188, -5, 0), (-83.06338500976562, -5, 0), (-78.02816772460938, -5, 0), (-72.99295043945312, -5, 0), (-67.95773315429688, -5, 0), (-62.92254638671875, -5, 0), (-57.8873291015625, -5, 0), (-52.85211181640625, -5, 0), (-47.81689453125, -5, 0), (-42.78167724609375, -5, 0), (-37.746490478515625, -5, 0), (-32.711273193359375, -5, 0), (-27.676025390625, -5, 0), (-22.640869140625, -5, 0), (-17.6055908203125, -5, 0), (-12.5704345703125, -5, 0), (-7.53521728515625, -5, 0), (-2.5, -5, 0), (0, 0, 0), (5.03521728515625, 0, 0), (10.070419311523438, 0, 0), (15.105636596679688, 0, 0), (20.140838623046875, 0, 0), (25.176055908203125, 0, 0), (30.211273193359375, 0, 0), (35.24647521972656, 0, 0), (40.28169250488281, 0, 0), (45.31689453125, 0, 0), (50.35211181640625, 0, 0), (55.3873291015625, 0, 0), (60.42253112792969, 0, 0), (65.45774841308594, 0, 0), (70.49295043945312, 0, 0), (75.52816772460938, 0, 0), (80.56338500976562, 0, 0), (85.59860229492188, 0, 0), (90.6337890625, 0, 0), (95.66900634765625, 0, 0), (100.7042236328125, 0, 0), (105.73944091796875, 0, 0), (110.774658203125, 0, 0), (115.80987548828125, 0, 0), (120.84506225585938, 0, 0), (125.88027954101562, 0, 0), (130.91549682617188, 0, 0), (135.95068359375, 0, 0), (140.98590087890625, 0, 0), (146.0211181640625, 0, 0), (151.05633544921875, 0, 0), (156.091552734375, 0, 0), (161.12677001953125, 0, 0), (166.1619873046875, 0, 0), (171.19720458984375, 0, 0), (176.23239135742188, 0, 0), (-178.73239135742188, 0, 0), (-173.69720458984375, 0, 0), (-168.6619873046875, 0, 0), (-163.62677001953125, 0, 0), (-158.591552734375, 0, 0), (-153.55633544921875, 0, 0), (-148.5211181640625, 0, 0), (-143.48590087890625, 0, 0), (-138.45068359375, 0, 0), (-133.41549682617188, 0, 0), (-128.38027954101562, 0, 0), (-123.3450927734375, 0, 0), (-118.30987548828125, 0, 0), (-113.274658203125, 0, 0), (-108.23944091796875, 0, 0), (-103.2042236328125, 0, 0), (-98.16900634765625, 0, 0), (-93.1337890625, 0, 0), (-88.09860229492188, 0, 0), (-83.06338500976562, 0, 0), (-78.02816772460938, 0, 0), (-72.99295043945312, 0, 0), (-67.95773315429688, 0, 0), (-62.92254638671875, 0, 0), (-57.8873291015625, 0, 0), (-52.85211181640625, 0, 0), (-47.81689453125, 0, 0), (-42.78167724609375, 0, 0), (-37.746490478515625, 0, 0), (-32.711273193359375, 0, 0), (-27.676025390625, 0, 0), (-22.640869140625, 0, 0), (-17.6055908203125, 0, 0), (-12.5704345703125, 0, 0), (-7.53521728515625, 0, 0), (-2.5, 0, 0), (0, 5, 0), (5.03521728515625, 5, 0), (10.070419311523438, 5, 0), (15.105636596679688, 5, 0), (20.140838623046875, 5, 0), (25.176055908203125, 5, 0), (30.211273193359375, 5, 0), (35.24647521972656, 5, 0), (40.28169250488281, 5, 0), (45.31689453125, 5, 0), (50.35211181640625, 5, 0), (55.3873291015625, 5, 0), (60.42253112792969, 5, 0), (65.45774841308594, 5, 0), (70.49295043945312, 5, 0), (75.52816772460938, 5, 0), (80.56338500976562, 5, 0), (85.59860229492188, 5, 0), (90.6337890625, 5, 0), (95.66900634765625, 5, 0), (100.7042236328125, 5, 0), (105.73944091796875, 5, 0), (110.774658203125, 5, 0), (115.80987548828125, 5, 0), (120.84506225585938, 5, 0), (125.88027954101562, 5, 0), (130.91549682617188, 5, 0), (135.95068359375, 5, 0), (140.98590087890625, 5, 0), (146.0211181640625, 5, 0), (151.05633544921875, 5, 0), (156.091552734375, 5, 0), (161.12677001953125, 5, 0), (166.1619873046875, 5, 0), (171.19720458984375, 5, 0), (176.23239135742188, 5, 0), (-178.73239135742188, 5, 0), (-173.69720458984375, 5, 0), (-168.6619873046875, 5, 0), (-163.62677001953125, 5, 0), (-158.591552734375, 5, 0), (-153.55633544921875, 5, 0), (-148.5211181640625, 5, 0), (-143.48590087890625, 5, 0), (-138.45068359375, 5, 0), (-133.41549682617188, 5, 0), (-128.38027954101562, 5, 0), (-123.3450927734375, 5, 0), (-118.30987548828125, 5, 0), (-113.274658203125, 5, 0), (-108.23944091796875, 5, 0), (-103.2042236328125, 5, 0), (-98.16900634765625, 5, 0), (-93.1337890625, 5, 0), (-88.09860229492188, 5, 0), (-83.06338500976562, 5, 0), (-78.02816772460938, 5, 0), (-72.99295043945312, 5, 0), (-67.95773315429688, 5, 0), (-62.92254638671875, 5, 0), (-57.8873291015625, 5, 0), (-52.85211181640625, 5, 0), (-47.81689453125, 5, 0), (-42.78167724609375, 5, 0), (-37.746490478515625, 5, 0), (-32.711273193359375, 5, 0), (-27.676025390625, 5, 0), (-22.640869140625, 5, 0), (-17.6055908203125, 5, 0), (-12.5704345703125, 5, 0), (-7.53521728515625, 5, 0), (-2.5, 5, 0), (0, 10, 0), (5.03521728515625, 10, 0), (10.070419311523438, 10, 0), (15.105636596679688, 10, 0), (20.140838623046875, 10, 0), (25.176055908203125, 10, 0), (30.211273193359375, 10, 0), (35.24647521972656, 10, 0), (40.28169250488281, 10, 0), (45.31689453125, 10, 0), (50.35211181640625, 10, 0), (55.3873291015625, 10, 0), (60.42253112792969, 10, 0), (65.45774841308594, 10, 0), (70.49295043945312, 10, 0), (75.52816772460938, 10, 0), (80.56338500976562, 10, 0), (85.59860229492188, 10, 0), (90.6337890625, 10, 0), (95.66900634765625, 10, 0), (100.7042236328125, 10, 0), (105.73944091796875, 10, 0), (110.774658203125, 10, 0), (115.80987548828125, 10, 0), (120.84506225585938, 10, 0), (125.88027954101562, 10, 0), (130.91549682617188, 10, 0), (135.95068359375, 10, 0), (140.98590087890625, 10, 0), (146.0211181640625, 10, 0), (151.05633544921875, 10, 0), (156.091552734375, 10, 0), (161.12677001953125, 10, 0), (166.1619873046875, 10, 0), (171.19720458984375, 10, 0), (176.23239135742188, 10, 0), (-178.73239135742188, 10, 0), (-173.69720458984375, 10, 0), (-168.6619873046875, 10, 0), (-163.62677001953125, 10, 0), (-158.591552734375, 10, 0), (-153.55633544921875, 10, 0), (-148.5211181640625, 10, 0), (-143.48590087890625, 10, 0), (-138.45068359375, 10, 0), (-133.41549682617188, 10, 0), (-128.38027954101562, 10, 0), (-123.3450927734375, 10, 0), (-118.30987548828125, 10, 0), (-113.274658203125, 10, 0), (-108.23944091796875, 10, 0), (-103.2042236328125, 10, 0), (-98.16900634765625, 10, 0), (-93.1337890625, 10, 0), (-88.09860229492188, 10, 0), (-83.06338500976562, 10, 0), (-78.02816772460938, 10, 0), (-72.99295043945312, 10, 0), (-67.95773315429688, 10, 0), (-62.92254638671875, 10, 0), (-57.8873291015625, 10, 0), (-52.85211181640625, 10, 0), (-47.81689453125, 10, 0), (-42.78167724609375, 10, 0), (-37.746490478515625, 10, 0), (-32.711273193359375, 10, 0), (-27.676025390625, 10, 0), (-22.640869140625, 10, 0), (-17.6055908203125, 10, 0), (-12.5704345703125, 10, 0), (-7.53521728515625, 10, 0), (-2.5, 10, 0), (0, 15, 0), (5.03521728515625, 15, 0), (10.070419311523438, 15, 0), (15.105636596679688, 15, 0), (20.140838623046875, 15, 0), (25.176055908203125, 15, 0), (30.211273193359375, 15, 0), (35.24647521972656, 15, 0), (40.28169250488281, 15, 0), (45.31689453125, 15, 0), (50.35211181640625, 15, 0), (55.3873291015625, 15, 0), (60.42253112792969, 15, 0), (65.45774841308594, 15, 0), (70.49295043945312, 15, 0), (75.52816772460938, 15, 0), (80.56338500976562, 15, 0), (85.59860229492188, 15, 0), (90.6337890625, 15, 0), (95.66900634765625, 15, 0), (100.7042236328125, 15, 0), (105.73944091796875, 15, 0), (110.774658203125, 15, 0), (115.80987548828125, 15, 0), (120.84506225585938, 15, 0), (125.88027954101562, 15, 0), (130.91549682617188, 15, 0), (135.95068359375, 15, 0), (140.98590087890625, 15, 0), (146.0211181640625, 15, 0), (151.05633544921875, 15, 0), (156.091552734375, 15, 0), (161.12677001953125, 15, 0), (166.1619873046875, 15, 0), (171.19720458984375, 15, 0), (176.23239135742188, 15, 0), (-178.73239135742188, 15, 0), (-173.69720458984375, 15, 0), (-168.6619873046875, 15, 0), (-163.62677001953125, 15, 0), (-158.591552734375, 15, 0), (-153.55633544921875, 15, 0), (-148.5211181640625, 15, 0), (-143.48590087890625, 15, 0), (-138.45068359375, 15, 0), (-133.41549682617188, 15, 0), (-128.38027954101562, 15, 0), (-123.3450927734375, 15, 0), (-118.30987548828125, 15, 0), (-113.274658203125, 15, 0), (-108.23944091796875, 15, 0), (-103.2042236328125, 15, 0), (-98.16900634765625, 15, 0), (-93.1337890625, 15, 0), (-88.09860229492188, 15, 0), (-83.06338500976562, 15, 0), (-78.02816772460938, 15, 0), (-72.99295043945312, 15, 0), (-67.95773315429688, 15, 0), (-62.92254638671875, 15, 0), (-57.8873291015625, 15, 0), (-52.85211181640625, 15, 0), (-47.81689453125, 15, 0), (-42.78167724609375, 15, 0), (-37.746490478515625, 15, 0), (-32.711273193359375, 15, 0), (-27.676025390625, 15, 0), (-22.640869140625, 15, 0), (-17.6055908203125, 15, 0), (-12.5704345703125, 15, 0), (-7.53521728515625, 15, 0), (-2.5, 15, 0), (0, 20, 0), (5.03521728515625, 20, 0), (10.070419311523438, 20, 0), (15.105636596679688, 20, 0), (20.140838623046875, 20, 0), (25.176055908203125, 20, 0), (30.211273193359375, 20, 0), (35.24647521972656, 20, 0), (40.28169250488281, 20, 0), (45.31689453125, 20, 0), (50.35211181640625, 20, 0), (55.3873291015625, 20, 0), (60.42253112792969, 20, 0), (65.45774841308594, 20, 0), (70.49295043945312, 20, 0), (75.52816772460938, 20, 0), (80.56338500976562, 20, 0), (85.59860229492188, 20, 0), (90.6337890625, 20, 0), (95.66900634765625, 20, 0), (100.7042236328125, 20, 0), (105.73944091796875, 20, 0), (110.774658203125, 20, 0), (115.80987548828125, 20, 0), (120.84506225585938, 20, 0), (125.88027954101562, 20, 0), (130.91549682617188, 20, 0), (135.95068359375, 20, 0), (140.98590087890625, 20, 0), (146.0211181640625, 20, 0), (151.05633544921875, 20, 0), (156.091552734375, 20, 0), (161.12677001953125, 20, 0), (166.1619873046875, 20, 0), (171.19720458984375, 20, 0), (176.23239135742188, 20, 0), (-178.73239135742188, 20, 0), (-173.69720458984375, 20, 0), (-168.6619873046875, 20, 0), (-163.62677001953125, 20, 0), (-158.591552734375, 20, 0), (-153.55633544921875, 20, 0), (-148.5211181640625, 20, 0), (-143.48590087890625, 20, 0), (-138.45068359375, 20, 0), (-133.41549682617188, 20, 0), (-128.38027954101562, 20, 0), (-123.3450927734375, 20, 0), (-118.30987548828125, 20, 0), (-113.274658203125, 20, 0), (-108.23944091796875, 20, 0), (-103.2042236328125, 20, 0), (-98.16900634765625, 20, 0), (-93.1337890625, 20, 0), (-88.09860229492188, 20, 0), (-83.06338500976562, 20, 0), (-78.02816772460938, 20, 0), (-72.99295043945312, 20, 0), (-67.95773315429688, 20, 0), (-62.92254638671875, 20, 0), (-57.8873291015625, 20, 0), (-52.85211181640625, 20, 0), (-47.81689453125, 20, 0), (-42.78167724609375, 20, 0), (-37.746490478515625, 20, 0), (-32.711273193359375, 20, 0), (-27.676025390625, 20, 0), (-22.640869140625, 20, 0), (-17.6055908203125, 20, 0), (-12.5704345703125, 20, 0), (-7.53521728515625, 20, 0), (-2.5, 20, 0), (0, 25, 0), (5.03521728515625, 25, 0), (10.070419311523438, 25, 0), (15.105636596679688, 25, 0), (20.140838623046875, 25, 0), (25.176055908203125, 25, 0), (30.211273193359375, 25, 0), (35.24647521972656, 25, 0), (40.28169250488281, 25, 0), (45.31689453125, 25, 0), (50.35211181640625, 25, 0), (55.3873291015625, 25, 0), (60.42253112792969, 25, 0), (65.45774841308594, 25, 0), (70.49295043945312, 25, 0), (75.52816772460938, 25, 0), (80.56338500976562, 25, 0), (85.59860229492188, 25, 0), (90.6337890625, 25, 0), (95.66900634765625, 25, 0), (100.7042236328125, 25, 0), (105.73944091796875, 25, 0), (110.774658203125, 25, 0), (115.80987548828125, 25, 0), (120.84506225585938, 25, 0), (125.88027954101562, 25, 0), (130.91549682617188, 25, 0), (135.95068359375, 25, 0), (140.98590087890625, 25, 0), (146.0211181640625, 25, 0), (151.05633544921875, 25, 0), (156.091552734375, 25, 0), (161.12677001953125, 25, 0), (166.1619873046875, 25, 0), (171.19720458984375, 25, 0), (176.23239135742188, 25, 0), (-178.73239135742188, 25, 0), (-173.69720458984375, 25, 0), (-168.6619873046875, 25, 0), (-163.62677001953125, 25, 0), (-158.591552734375, 25, 0), (-153.55633544921875, 25, 0), (-148.5211181640625, 25, 0), (-143.48590087890625, 25, 0), (-138.45068359375, 25, 0), (-133.41549682617188, 25, 0), (-128.38027954101562, 25, 0), (-123.3450927734375, 25, 0), (-118.30987548828125, 25, 0), (-113.274658203125, 25, 0), (-108.23944091796875, 25, 0), (-103.2042236328125, 25, 0), (-98.16900634765625, 25, 0), (-93.1337890625, 25, 0), (-88.09860229492188, 25, 0), (-83.06338500976562, 25, 0), (-78.02816772460938, 25, 0), (-72.99295043945312, 25, 0), (-67.95773315429688, 25, 0), (-62.92254638671875, 25, 0), (-57.8873291015625, 25, 0), (-52.85211181640625, 25, 0), (-47.81689453125, 25, 0), (-42.78167724609375, 25, 0), (-37.746490478515625, 25, 0), (-32.711273193359375, 25, 0), (-27.676025390625, 25, 0), (-22.640869140625, 25, 0), (-17.6055908203125, 25, 0), (-12.5704345703125, 25, 0), (-7.53521728515625, 25, 0), (-2.5, 25, 0), (0, 30, 0), (5.03521728515625, 30, 0), (10.070419311523438, 30, 0), (15.105636596679688, 30, 0), (20.140838623046875, 30, 0), (25.176055908203125, 30, 0), (30.211273193359375, 30, 0), (35.24647521972656, 30, 0), (40.28169250488281, 30, 0), (45.31689453125, 30, 0), (50.35211181640625, 30, 0), (55.3873291015625, 30, 0), (60.42253112792969, 30, 0), (65.45774841308594, 30, 0), (70.49295043945312, 30, 0), (75.52816772460938, 30, 0), (80.56338500976562, 30, 0), (85.59860229492188, 30, 0), (90.6337890625, 30, 0), (95.66900634765625, 30, 0), (100.7042236328125, 30, 0), (105.73944091796875, 30, 0), (110.774658203125, 30, 0), (115.80987548828125, 30, 0), (120.84506225585938, 30, 0), (125.88027954101562, 30, 0), (130.91549682617188, 30, 0), (135.95068359375, 30, 0), (140.98590087890625, 30, 0), (146.0211181640625, 30, 0), (151.05633544921875, 30, 0), (156.091552734375, 30, 0), (161.12677001953125, 30, 0), (166.1619873046875, 30, 0), (171.19720458984375, 30, 0), (176.23239135742188, 30, 0), (-178.73239135742188, 30, 0), (-173.69720458984375, 30, 0), (-168.6619873046875, 30, 0), (-163.62677001953125, 30, 0), (-158.591552734375, 30, 0), (-153.55633544921875, 30, 0), (-148.5211181640625, 30, 0), (-143.48590087890625, 30, 0), (-138.45068359375, 30, 0), (-133.41549682617188, 30, 0), (-128.38027954101562, 30, 0), (-123.3450927734375, 30, 0), (-118.30987548828125, 30, 0), (-113.274658203125, 30, 0), (-108.23944091796875, 30, 0), (-103.2042236328125, 30, 0), (-98.16900634765625, 30, 0), (-93.1337890625, 30, 0), (-88.09860229492188, 30, 0), (-83.06338500976562, 30, 0), (-78.02816772460938, 30, 0), (-72.99295043945312, 30, 0), (-67.95773315429688, 30, 0), (-62.92254638671875, 30, 0), (-57.8873291015625, 30, 0), (-52.85211181640625, 30, 0), (-47.81689453125, 30, 0), (-42.78167724609375, 30, 0), (-37.746490478515625, 30, 0), (-32.711273193359375, 30, 0), (-27.676025390625, 30, 0), (-22.640869140625, 30, 0), (-17.6055908203125, 30, 0), (-12.5704345703125, 30, 0), (-7.53521728515625, 30, 0), (-2.5, 30, 0), (0, 35, 0), (5.03521728515625, 35, 0), (10.070419311523438, 35, 0), (15.105636596679688, 35, 0), (20.140838623046875, 35, 0), (25.176055908203125, 35, 0), (30.211273193359375, 35, 0), (35.24647521972656, 35, 0), (40.28169250488281, 35, 0), (45.31689453125, 35, 0), (50.35211181640625, 35, 0), (55.3873291015625, 35, 0), (60.42253112792969, 35, 0), (65.45774841308594, 35, 0), (70.49295043945312, 35, 0), (75.52816772460938, 35, 0), (80.56338500976562, 35, 0), (85.59860229492188, 35, 0), (90.6337890625, 35, 0), (95.66900634765625, 35, 0), (100.7042236328125, 35, 0), (105.73944091796875, 35, 0), (110.774658203125, 35, 0), (115.80987548828125, 35, 0), (120.84506225585938, 35, 0), (125.88027954101562, 35, 0), (130.91549682617188, 35, 0), (135.95068359375, 35, 0), (140.98590087890625, 35, 0), (146.0211181640625, 35, 0), (151.05633544921875, 35, 0), (156.091552734375, 35, 0), (161.12677001953125, 35, 0), (166.1619873046875, 35, 0), (171.19720458984375, 35, 0), (176.23239135742188, 35, 0), (-178.73239135742188, 35, 0), (-173.69720458984375, 35, 0), (-168.6619873046875, 35, 0), (-163.62677001953125, 35, 0), (-158.591552734375, 35, 0), (-153.55633544921875, 35, 0), (-148.5211181640625, 35, 0), (-143.48590087890625, 35, 0), (-138.45068359375, 35, 0), (-133.41549682617188, 35, 0), (-128.38027954101562, 35, 0), (-123.3450927734375, 35, 0), (-118.30987548828125, 35, 0), (-113.274658203125, 35, 0), (-108.23944091796875, 35, 0), (-103.2042236328125, 35, 0), (-98.16900634765625, 35, 0), (-93.1337890625, 35, 0), (-88.09860229492188, 35, 0), (-83.06338500976562, 35, 0), (-78.02816772460938, 35, 0), (-72.99295043945312, 35, 0), (-67.95773315429688, 35, 0), (-62.92254638671875, 35, 0), (-57.8873291015625, 35, 0), (-52.85211181640625, 35, 0), (-47.81689453125, 35, 0), (-42.78167724609375, 35, 0), (-37.746490478515625, 35, 0), (-32.711273193359375, 35, 0), (-27.676025390625, 35, 0), (-22.640869140625, 35, 0), (-17.6055908203125, 35, 0), (-12.5704345703125, 35, 0), (-7.53521728515625, 35, 0), (-2.5, 35, 0), (0, 40, 0), (5.03521728515625, 40, 0), (10.070419311523438, 40, 0), (15.105636596679688, 40, 0), (20.140838623046875, 40, 0), (25.176055908203125, 40, 0), (30.211273193359375, 40, 0), (35.24647521972656, 40, 0), (40.28169250488281, 40, 0), (45.31689453125, 40, 0), (50.35211181640625, 40, 0), (55.3873291015625, 40, 0), (60.42253112792969, 40, 0), (65.45774841308594, 40, 0), (70.49295043945312, 40, 0), (75.52816772460938, 40, 0), (80.56338500976562, 40, 0), (85.59860229492188, 40, 0), (90.6337890625, 40, 0), (95.66900634765625, 40, 0), (100.7042236328125, 40, 0), (105.73944091796875, 40, 0), (110.774658203125, 40, 0), (115.80987548828125, 40, 0), (120.84506225585938, 40, 0), (125.88027954101562, 40, 0), (130.91549682617188, 40, 0), (135.95068359375, 40, 0), (140.98590087890625, 40, 0), (146.0211181640625, 40, 0), (151.05633544921875, 40, 0), (156.091552734375, 40, 0), (161.12677001953125, 40, 0), (166.1619873046875, 40, 0), (171.19720458984375, 40, 0), (176.23239135742188, 40, 0), (-178.73239135742188, 40, 0), (-173.69720458984375, 40, 0), (-168.6619873046875, 40, 0), (-163.62677001953125, 40, 0), (-158.591552734375, 40, 0), (-153.55633544921875, 40, 0), (-148.5211181640625, 40, 0), (-143.48590087890625, 40, 0), (-138.45068359375, 40, 0), (-133.41549682617188, 40, 0), (-128.38027954101562, 40, 0), (-123.3450927734375, 40, 0), (-118.30987548828125, 40, 0), (-113.274658203125, 40, 0), (-108.23944091796875, 40, 0), (-103.2042236328125, 40, 0), (-98.16900634765625, 40, 0), (-93.1337890625, 40, 0), (-88.09860229492188, 40, 0), (-83.06338500976562, 40, 0), (-78.02816772460938, 40, 0), (-72.99295043945312, 40, 0), (-67.95773315429688, 40, 0), (-62.92254638671875, 40, 0), (-57.8873291015625, 40, 0), (-52.85211181640625, 40, 0), (-47.81689453125, 40, 0), (-42.78167724609375, 40, 0), (-37.746490478515625, 40, 0), (-32.711273193359375, 40, 0), (-27.676025390625, 40, 0), (-22.640869140625, 40, 0), (-17.6055908203125, 40, 0), (-12.5704345703125, 40, 0), (-7.53521728515625, 40, 0), (-2.5, 40, 0), (0, 45, 0), (5.03521728515625, 45, 0), (10.070419311523438, 45, 0), (15.105636596679688, 45, 0), (20.140838623046875, 45, 0), (25.176055908203125, 45, 0), (30.211273193359375, 45, 0), (35.24647521972656, 45, 0), (40.28169250488281, 45, 0), (45.31689453125, 45, 0), (50.35211181640625, 45, 0), (55.3873291015625, 45, 0), (60.42253112792969, 45, 0), (65.45774841308594, 45, 0), (70.49295043945312, 45, 0), (75.52816772460938, 45, 0), (80.56338500976562, 45, 0), (85.59860229492188, 45, 0), (90.6337890625, 45, 0), (95.66900634765625, 45, 0), (100.7042236328125, 45, 0), (105.73944091796875, 45, 0), (110.774658203125, 45, 0), (115.80987548828125, 45, 0), (120.84506225585938, 45, 0), (125.88027954101562, 45, 0), (130.91549682617188, 45, 0), (135.95068359375, 45, 0), (140.98590087890625, 45, 0), (146.0211181640625, 45, 0), (151.05633544921875, 45, 0), (156.091552734375, 45, 0), (161.12677001953125, 45, 0), (166.1619873046875, 45, 0), (171.19720458984375, 45, 0), (176.23239135742188, 45, 0), (-178.73239135742188, 45, 0), (-173.69720458984375, 45, 0), (-168.6619873046875, 45, 0), (-163.62677001953125, 45, 0), (-158.591552734375, 45, 0), (-153.55633544921875, 45, 0), (-148.5211181640625, 45, 0), (-143.48590087890625, 45, 0), (-138.45068359375, 45, 0), (-133.41549682617188, 45, 0), (-128.38027954101562, 45, 0), (-123.3450927734375, 45, 0), (-118.30987548828125, 45, 0), (-113.274658203125, 45, 0), (-108.23944091796875, 45, 0), (-103.2042236328125, 45, 0), (-98.16900634765625, 45, 0), (-93.1337890625, 45, 0), (-88.09860229492188, 45, 0), (-83.06338500976562, 45, 0), (-78.02816772460938, 45, 0), (-72.99295043945312, 45, 0), (-67.95773315429688, 45, 0), (-62.92254638671875, 45, 0), (-57.8873291015625, 45, 0), (-52.85211181640625, 45, 0), (-47.81689453125, 45, 0), (-42.78167724609375, 45, 0), (-37.746490478515625, 45, 0), (-32.711273193359375, 45, 0), (-27.676025390625, 45, 0), (-22.640869140625, 45, 0), (-17.6055908203125, 45, 0), (-12.5704345703125, 45, 0), (-7.53521728515625, 45, 0), (-2.5, 45, 0), (0, 50, 0), (5.03521728515625, 50, 0), (10.070419311523438, 50, 0), (15.105636596679688, 50, 0), (20.140838623046875, 50, 0), (25.176055908203125, 50, 0), (30.211273193359375, 50, 0), (35.24647521972656, 50, 0), (40.28169250488281, 50, 0), (45.31689453125, 50, 0), (50.35211181640625, 50, 0), (55.3873291015625, 50, 0), (60.42253112792969, 50, 0), (65.45774841308594, 50, 0), (70.49295043945312, 50, 0), (75.52816772460938, 50, 0), (80.56338500976562, 50, 0), (85.59860229492188, 50, 0), (90.6337890625, 50, 0), (95.66900634765625, 50, 0), (100.7042236328125, 50, 0), (105.73944091796875, 50, 0), (110.774658203125, 50, 0), (115.80987548828125, 50, 0), (120.84506225585938, 50, 0), (125.88027954101562, 50, 0), (130.91549682617188, 50, 0), (135.95068359375, 50, 0), (140.98590087890625, 50, 0), (146.0211181640625, 50, 0), (151.05633544921875, 50, 0), (156.091552734375, 50, 0), (161.12677001953125, 50, 0), (166.1619873046875, 50, 0), (171.19720458984375, 50, 0), (176.23239135742188, 50, 0), (-178.73239135742188, 50, 0), (-173.69720458984375, 50, 0), (-168.6619873046875, 50, 0), (-163.62677001953125, 50, 0), (-158.591552734375, 50, 0), (-153.55633544921875, 50, 0), (-148.5211181640625, 50, 0), (-143.48590087890625, 50, 0), (-138.45068359375, 50, 0), (-133.41549682617188, 50, 0), (-128.38027954101562, 50, 0), (-123.3450927734375, 50, 0), (-118.30987548828125, 50, 0), (-113.274658203125, 50, 0), (-108.23944091796875, 50, 0), (-103.2042236328125, 50, 0), (-98.16900634765625, 50, 0), (-93.1337890625, 50, 0), (-88.09860229492188, 50, 0), (-83.06338500976562, 50, 0), (-78.02816772460938, 50, 0), (-72.99295043945312, 50, 0), (-67.95773315429688, 50, 0), (-62.92254638671875, 50, 0), (-57.8873291015625, 50, 0), (-52.85211181640625, 50, 0), (-47.81689453125, 50, 0), (-42.78167724609375, 50, 0), (-37.746490478515625, 50, 0), (-32.711273193359375, 50, 0), (-27.676025390625, 50, 0), (-22.640869140625, 50, 0), (-17.6055908203125, 50, 0), (-12.5704345703125, 50, 0), (-7.53521728515625, 50, 0), (-2.5, 50, 0), (0, 55, 0), (5.03521728515625, 55, 0), (10.070419311523438, 55, 0), (15.105636596679688, 55, 0), (20.140838623046875, 55, 0), (25.176055908203125, 55, 0), (30.211273193359375, 55, 0), (35.24647521972656, 55, 0), (40.28169250488281, 55, 0), (45.31689453125, 55, 0), (50.35211181640625, 55, 0), (55.3873291015625, 55, 0), (60.42253112792969, 55, 0), (65.45774841308594, 55, 0), (70.49295043945312, 55, 0), (75.52816772460938, 55, 0), (80.56338500976562, 55, 0), (85.59860229492188, 55, 0), (90.6337890625, 55, 0), (95.66900634765625, 55, 0), (100.7042236328125, 55, 0), (105.73944091796875, 55, 0), (110.774658203125, 55, 0), (115.80987548828125, 55, 0), (120.84506225585938, 55, 0), (125.88027954101562, 55, 0), (130.91549682617188, 55, 0), (135.95068359375, 55, 0), (140.98590087890625, 55, 0), (146.0211181640625, 55, 0), (151.05633544921875, 55, 0), (156.091552734375, 55, 0), (161.12677001953125, 55, 0), (166.1619873046875, 55, 0), (171.19720458984375, 55, 0), (176.23239135742188, 55, 0), (-178.73239135742188, 55, 0), (-173.69720458984375, 55, 0), (-168.6619873046875, 55, 0), (-163.62677001953125, 55, 0), (-158.591552734375, 55, 0), (-153.55633544921875, 55, 0), (-148.5211181640625, 55, 0), (-143.48590087890625, 55, 0), (-138.45068359375, 55, 0), (-133.41549682617188, 55, 0), (-128.38027954101562, 55, 0), (-123.3450927734375, 55, 0), (-118.30987548828125, 55, 0), (-113.274658203125, 55, 0), (-108.23944091796875, 55, 0), (-103.2042236328125, 55, 0), (-98.16900634765625, 55, 0), (-93.1337890625, 55, 0), (-88.09860229492188, 55, 0), (-83.06338500976562, 55, 0), (-78.02816772460938, 55, 0), (-72.99295043945312, 55, 0), (-67.95773315429688, 55, 0), (-62.92254638671875, 55, 0), (-57.8873291015625, 55, 0), (-52.85211181640625, 55, 0), (-47.81689453125, 55, 0), (-42.78167724609375, 55, 0), (-37.746490478515625, 55, 0), (-32.711273193359375, 55, 0), (-27.676025390625, 55, 0), (-22.640869140625, 55, 0), (-17.6055908203125, 55, 0), (-12.5704345703125, 55, 0), (-7.53521728515625, 55, 0), (-2.5, 55, 0), (0, 60, 0), (5.03521728515625, 60, 0), (10.070419311523438, 60, 0), (15.105636596679688, 60, 0), (20.140838623046875, 60, 0), (25.176055908203125, 60, 0), (30.211273193359375, 60, 0), (35.24647521972656, 60, 0), (40.28169250488281, 60, 0), (45.31689453125, 60, 0), (50.35211181640625, 60, 0), (55.3873291015625, 60, 0), (60.42253112792969, 60, 0), (65.45774841308594, 60, 0), (70.49295043945312, 60, 0), (75.52816772460938, 60, 0), (80.56338500976562, 60, 0), (85.59860229492188, 60, 0), (90.6337890625, 60, 0), (95.66900634765625, 60, 0), (100.7042236328125, 60, 0), (105.73944091796875, 60, 0), (110.774658203125, 60, 0), (115.80987548828125, 60, 0), (120.84506225585938, 60, 0), (125.88027954101562, 60, 0), (130.91549682617188, 60, 0), (135.95068359375, 60, 0), (140.98590087890625, 60, 0), (146.0211181640625, 60, 0), (151.05633544921875, 60, 0), (156.091552734375, 60, 0), (161.12677001953125, 60, 0), (166.1619873046875, 60, 0), (171.19720458984375, 60, 0), (176.23239135742188, 60, 0), (-178.73239135742188, 60, 0), (-173.69720458984375, 60, 0), (-168.6619873046875, 60, 0), (-163.62677001953125, 60, 0), (-158.591552734375, 60, 0), (-153.55633544921875, 60, 0), (-148.5211181640625, 60, 0), (-143.48590087890625, 60, 0), (-138.45068359375, 60, 0), (-133.41549682617188, 60, 0), (-128.38027954101562, 60, 0), (-123.3450927734375, 60, 0), (-118.30987548828125, 60, 0), (-113.274658203125, 60, 0), (-108.23944091796875, 60, 0), (-103.2042236328125, 60, 0), (-98.16900634765625, 60, 0), (-93.1337890625, 60, 0), (-88.09860229492188, 60, 0), (-83.06338500976562, 60, 0), (-78.02816772460938, 60, 0), (-72.99295043945312, 60, 0), (-67.95773315429688, 60, 0), (-62.92254638671875, 60, 0), (-57.8873291015625, 60, 0), (-52.85211181640625, 60, 0), (-47.81689453125, 60, 0), (-42.78167724609375, 60, 0), (-37.746490478515625, 60, 0), (-32.711273193359375, 60, 0), (-27.676025390625, 60, 0), (-22.640869140625, 60, 0), (-17.6055908203125, 60, 0), (-12.5704345703125, 60, 0), (-7.53521728515625, 60, 0), (-2.5, 60, 0), (0, 65, 0), (5.03521728515625, 65, 0), (10.070419311523438, 65, 0), (15.105636596679688, 65, 0), (20.140838623046875, 65, 0), (25.176055908203125, 65, 0), (30.211273193359375, 65, 0), (35.24647521972656, 65, 0), (40.28169250488281, 65, 0), (45.31689453125, 65, 0), (50.35211181640625, 65, 0), (55.3873291015625, 65, 0), (60.42253112792969, 65, 0), (65.45774841308594, 65, 0), (70.49295043945312, 65, 0), (75.52816772460938, 65, 0), (80.56338500976562, 65, 0), (85.59860229492188, 65, 0), (90.6337890625, 65, 0), (95.66900634765625, 65, 0), (100.7042236328125, 65, 0), (105.73944091796875, 65, 0), (110.774658203125, 65, 0), (115.80987548828125, 65, 0), (120.84506225585938, 65, 0), (125.88027954101562, 65, 0), (130.91549682617188, 65, 0), (135.95068359375, 65, 0), (140.98590087890625, 65, 0), (146.0211181640625, 65, 0), (151.05633544921875, 65, 0), (156.091552734375, 65, 0), (161.12677001953125, 65, 0), (166.1619873046875, 65, 0), (171.19720458984375, 65, 0), (176.23239135742188, 65, 0), (-178.73239135742188, 65, 0), (-173.69720458984375, 65, 0), (-168.6619873046875, 65, 0), (-163.62677001953125, 65, 0), (-158.591552734375, 65, 0), (-153.55633544921875, 65, 0), (-148.5211181640625, 65, 0), (-143.48590087890625, 65, 0), (-138.45068359375, 65, 0), (-133.41549682617188, 65, 0), (-128.38027954101562, 65, 0), (-123.3450927734375, 65, 0), (-118.30987548828125, 65, 0), (-113.274658203125, 65, 0), (-108.23944091796875, 65, 0), (-103.2042236328125, 65, 0), (-98.16900634765625, 65, 0), (-93.1337890625, 65, 0), (-88.09860229492188, 65, 0), (-83.06338500976562, 65, 0), (-78.02816772460938, 65, 0), (-72.99295043945312, 65, 0), (-67.95773315429688, 65, 0), (-62.92254638671875, 65, 0), (-57.8873291015625, 65, 0), (-52.85211181640625, 65, 0), (-47.81689453125, 65, 0), (-42.78167724609375, 65, 0), (-37.746490478515625, 65, 0), (-32.711273193359375, 65, 0), (-27.676025390625, 65, 0), (-22.640869140625, 65, 0), (-17.6055908203125, 65, 0), (-12.5704345703125, 65, 0), (-7.53521728515625, 65, 0), (-2.5, 65, 0), (0, 70, 0), (5.03521728515625, 70, 0), (10.070419311523438, 70, 0), (15.105636596679688, 70, 0), (20.140838623046875, 70, 0), (25.176055908203125, 70, 0), (30.211273193359375, 70, 0), (35.24647521972656, 70, 0), (40.28169250488281, 70, 0), (45.31689453125, 70, 0), (50.35211181640625, 70, 0), (55.3873291015625, 70, 0), (60.42253112792969, 70, 0), (65.45774841308594, 70, 0), (70.49295043945312, 70, 0), (75.52816772460938, 70, 0), (80.56338500976562, 70, 0), (85.59860229492188, 70, 0), (90.6337890625, 70, 0), (95.66900634765625, 70, 0), (100.7042236328125, 70, 0), (105.73944091796875, 70, 0), (110.774658203125, 70, 0), (115.80987548828125, 70, 0), (120.84506225585938, 70, 0), (125.88027954101562, 70, 0), (130.91549682617188, 70, 0), (135.95068359375, 70, 0), (140.98590087890625, 70, 0), (146.0211181640625, 70, 0), (151.05633544921875, 70, 0), (156.091552734375, 70, 0), (161.12677001953125, 70, 0), (166.1619873046875, 70, 0), (171.19720458984375, 70, 0), (176.23239135742188, 70, 0), (-178.73239135742188, 70, 0), (-173.69720458984375, 70, 0), (-168.6619873046875, 70, 0), (-163.62677001953125, 70, 0), (-158.591552734375, 70, 0), (-153.55633544921875, 70, 0), (-148.5211181640625, 70, 0), (-143.48590087890625, 70, 0), (-138.45068359375, 70, 0), (-133.41549682617188, 70, 0), (-128.38027954101562, 70, 0), (-123.3450927734375, 70, 0), (-118.30987548828125, 70, 0), (-113.274658203125, 70, 0), (-108.23944091796875, 70, 0), (-103.2042236328125, 70, 0), (-98.16900634765625, 70, 0), (-93.1337890625, 70, 0), (-88.09860229492188, 70, 0), (-83.06338500976562, 70, 0), (-78.02816772460938, 70, 0), (-72.99295043945312, 70, 0), (-67.95773315429688, 70, 0), (-62.92254638671875, 70, 0), (-57.8873291015625, 70, 0), (-52.85211181640625, 70, 0), (-47.81689453125, 70, 0), (-42.78167724609375, 70, 0), (-37.746490478515625, 70, 0), (-32.711273193359375, 70, 0), (-27.676025390625, 70, 0), (-22.640869140625, 70, 0), (-17.6055908203125, 70, 0), (-12.5704345703125, 70, 0), (-7.53521728515625, 70, 0), (-2.5, 70, 0), (0, 75, 0), (5.03521728515625, 75, 0), (10.070419311523438, 75, 0), (15.105636596679688, 75, 0), (20.140838623046875, 75, 0), (25.176055908203125, 75, 0), (30.211273193359375, 75, 0), (35.24647521972656, 75, 0), (40.28169250488281, 75, 0), (45.31689453125, 75, 0), (50.35211181640625, 75, 0), (55.3873291015625, 75, 0), (60.42253112792969, 75, 0), (65.45774841308594, 75, 0), (70.49295043945312, 75, 0), (75.52816772460938, 75, 0), (80.56338500976562, 75, 0), (85.59860229492188, 75, 0), (90.6337890625, 75, 0), (95.66900634765625, 75, 0), (100.7042236328125, 75, 0), (105.73944091796875, 75, 0), (110.774658203125, 75, 0), (115.80987548828125, 75, 0), (120.84506225585938, 75, 0), (125.88027954101562, 75, 0), (130.91549682617188, 75, 0), (135.95068359375, 75, 0), (140.98590087890625, 75, 0), (146.0211181640625, 75, 0), (151.05633544921875, 75, 0), (156.091552734375, 75, 0), (161.12677001953125, 75, 0), (166.1619873046875, 75, 0), (171.19720458984375, 75, 0), (176.23239135742188, 75, 0), (-178.73239135742188, 75, 0), (-173.69720458984375, 75, 0), (-168.6619873046875, 75, 0), (-163.62677001953125, 75, 0), (-158.591552734375, 75, 0), (-153.55633544921875, 75, 0), (-148.5211181640625, 75, 0), (-143.48590087890625, 75, 0), (-138.45068359375, 75, 0), (-133.41549682617188, 75, 0), (-128.38027954101562, 75, 0), (-123.3450927734375, 75, 0), (-118.30987548828125, 75, 0), (-113.274658203125, 75, 0), (-108.23944091796875, 75, 0), (-103.2042236328125, 75, 0), (-98.16900634765625, 75, 0), (-93.1337890625, 75, 0), (-88.09860229492188, 75, 0), (-83.06338500976562, 75, 0), (-78.02816772460938, 75, 0), (-72.99295043945312, 75, 0), (-67.95773315429688, 75, 0), (-62.92254638671875, 75, 0), (-57.8873291015625, 75, 0), (-52.85211181640625, 75, 0), (-47.81689453125, 75, 0), (-42.78167724609375, 75, 0), (-37.746490478515625, 75, 0), (-32.711273193359375, 75, 0), (-27.676025390625, 75, 0), (-22.640869140625, 75, 0), (-17.6055908203125, 75, 0), (-12.5704345703125, 75, 0), (-7.53521728515625, 75, 0), (-2.5, 75, 0), (0, 80, 0), (5.03521728515625, 80, 0), (10.070419311523438, 80, 0), (15.105636596679688, 80, 0), (20.140838623046875, 80, 0), (25.176055908203125, 80, 0), (30.211273193359375, 80, 0), (35.24647521972656, 80, 0), (40.28169250488281, 80, 0), (45.31689453125, 80, 0), (50.35211181640625, 80, 0), (55.3873291015625, 80, 0), (60.42253112792969, 80, 0), (65.45774841308594, 80, 0), (70.49295043945312, 80, 0), (75.52816772460938, 80, 0), (80.56338500976562, 80, 0), (85.59860229492188, 80, 0), (90.6337890625, 80, 0), (95.66900634765625, 80, 0), (100.7042236328125, 80, 0), (105.73944091796875, 80, 0), (110.774658203125, 80, 0), (115.80987548828125, 80, 0), (120.84506225585938, 80, 0), (125.88027954101562, 80, 0), (130.91549682617188, 80, 0), (135.95068359375, 80, 0), (140.98590087890625, 80, 0), (146.0211181640625, 80, 0), (151.05633544921875, 80, 0), (156.091552734375, 80, 0), (161.12677001953125, 80, 0), (166.1619873046875, 80, 0), (171.19720458984375, 80, 0), (176.23239135742188, 80, 0), (-178.73239135742188, 80, 0), (-173.69720458984375, 80, 0), (-168.6619873046875, 80, 0), (-163.62677001953125, 80, 0), (-158.591552734375, 80, 0), (-153.55633544921875, 80, 0), (-148.5211181640625, 80, 0), (-143.48590087890625, 80, 0), (-138.45068359375, 80, 0), (-133.41549682617188, 80, 0), (-128.38027954101562, 80, 0), (-123.3450927734375, 80, 0), (-118.30987548828125, 80, 0), (-113.274658203125, 80, 0), (-108.23944091796875, 80, 0), (-103.2042236328125, 80, 0), (-98.16900634765625, 80, 0), (-93.1337890625, 80, 0), (-88.09860229492188, 80, 0), (-83.06338500976562, 80, 0), (-78.02816772460938, 80, 0), (-72.99295043945312, 80, 0), (-67.95773315429688, 80, 0), (-62.92254638671875, 80, 0), (-57.8873291015625, 80, 0), (-52.85211181640625, 80, 0), (-47.81689453125, 80, 0), (-42.78167724609375, 80, 0), (-37.746490478515625, 80, 0), (-32.711273193359375, 80, 0), (-27.676025390625, 80, 0), (-22.640869140625, 80, 0), (-17.6055908203125, 80, 0), (-12.5704345703125, 80, 0), (-7.53521728515625, 80, 0), (-2.5, 80, 0), (0, 85, 0), (5.03521728515625, 85, 0), (10.070419311523438, 85, 0), (15.105636596679688, 85, 0), (20.140838623046875, 85, 0), (25.176055908203125, 85, 0), (30.211273193359375, 85, 0), (35.24647521972656, 85, 0), (40.28169250488281, 85, 0), (45.31689453125, 85, 0), (50.35211181640625, 85, 0), (55.3873291015625, 85, 0), (60.42253112792969, 85, 0), (65.45774841308594, 85, 0), (70.49295043945312, 85, 0), (75.52816772460938, 85, 0), (80.56338500976562, 85, 0), (85.59860229492188, 85, 0), (90.6337890625, 85, 0), (95.66900634765625, 85, 0), (100.7042236328125, 85, 0), (105.73944091796875, 85, 0), (110.774658203125, 85, 0), (115.80987548828125, 85, 0), (120.84506225585938, 85, 0), (125.88027954101562, 85, 0), (130.91549682617188, 85, 0), (135.95068359375, 85, 0), (140.98590087890625, 85, 0), (146.0211181640625, 85, 0), (151.05633544921875, 85, 0), (156.091552734375, 85, 0), (161.12677001953125, 85, 0), (166.1619873046875, 85, 0), (171.19720458984375, 85, 0), (176.23239135742188, 85, 0), (-178.73239135742188, 85, 0), (-173.69720458984375, 85, 0), (-168.6619873046875, 85, 0), (-163.62677001953125, 85, 0), (-158.591552734375, 85, 0), (-153.55633544921875, 85, 0), (-148.5211181640625, 85, 0), (-143.48590087890625, 85, 0), (-138.45068359375, 85, 0), (-133.41549682617188, 85, 0), (-128.38027954101562, 85, 0), (-123.3450927734375, 85, 0), (-118.30987548828125, 85, 0), (-113.274658203125, 85, 0), (-108.23944091796875, 85, 0), (-103.2042236328125, 85, 0), (-98.16900634765625, 85, 0), (-93.1337890625, 85, 0), (-88.09860229492188, 85, 0), (-83.06338500976562, 85, 0), (-78.02816772460938, 85, 0), (-72.99295043945312, 85, 0), (-67.95773315429688, 85, 0), (-62.92254638671875, 85, 0), (-57.8873291015625, 85, 0), (-52.85211181640625, 85, 0), (-47.81689453125, 85, 0), (-42.78167724609375, 85, 0), (-37.746490478515625, 85, 0), (-32.711273193359375, 85, 0), (-27.676025390625, 85, 0), (-22.640869140625, 85, 0), (-17.6055908203125, 85, 0), (-12.5704345703125, 85, 0), (-7.53521728515625, 85, 0), (-2.5, 85, 0), (0, 90, 0), (5.03521728515625, 90, 0), (10.070419311523438, 90, 0), (15.105636596679688, 90, 0), (20.140838623046875, 90, 0), (25.176055908203125, 90, 0), (30.211273193359375, 90, 0), (35.24647521972656, 90, 0), (40.28169250488281, 90, 0), (45.31689453125, 90, 0), (50.35211181640625, 90, 0), (55.3873291015625, 90, 0), (60.42253112792969, 90, 0), (65.45774841308594, 90, 0), (70.49295043945312, 90, 0), (75.52816772460938, 90, 0), (80.56338500976562, 90, 0), (85.59860229492188, 90, 0), (90.6337890625, 90, 0), (95.66900634765625, 90, 0), (100.7042236328125, 90, 0), (105.73944091796875, 90, 0), (110.774658203125, 90, 0), (115.80987548828125, 90, 0), (120.84506225585938, 90, 0), (125.88027954101562, 90, 0), (130.91549682617188, 90, 0), (135.95068359375, 90, 0), (140.98590087890625, 90, 0), (146.0211181640625, 90, 0), (151.05633544921875, 90, 0), (156.091552734375, 90, 0), (161.12677001953125, 90, 0), (166.1619873046875, 90, 0), (171.19720458984375, 90, 0), (176.23239135742188, 90, 0), (-178.73239135742188, 90, 0), (-173.69720458984375, 90, 0), (-168.6619873046875, 90, 0), (-163.62677001953125, 90, 0), (-158.591552734375, 90, 0), (-153.55633544921875, 90, 0), (-148.5211181640625, 90, 0), (-143.48590087890625, 90, 0), (-138.45068359375, 90, 0), (-133.41549682617188, 90, 0), (-128.38027954101562, 90, 0), (-123.3450927734375, 90, 0), (-118.30987548828125, 90, 0), (-113.274658203125, 90, 0), (-108.23944091796875, 90, 0), (-103.2042236328125, 90, 0), (-98.16900634765625, 90, 0), (-93.1337890625, 90, 0), (-88.09860229492188, 90, 0), (-83.06338500976562, 90, 0), (-78.02816772460938, 90, 0), (-72.99295043945312, 90, 0), (-67.95773315429688, 90, 0), (-62.92254638671875, 90, 0), (-57.8873291015625, 90, 0), (-52.85211181640625, 90, 0), (-47.81689453125, 90, 0), (-42.78167724609375, 90, 0), (-37.746490478515625, 90, 0), (-32.711273193359375, 90, 0), (-27.676025390625, 90, 0), (-22.640869140625, 90, 0), (-17.6055908203125, 90, 0), (-12.5704345703125, 90, 0), (-7.53521728515625, 90, 0), (-2.5, 90, 0)],
    }
    custom double[] data:observationTimes = [0, 10]
    custom double[] data:values = [288, 288.5245666503906, 289.0329895019531, 289.50958251953125, 289.93963623046875, 290.3099365234375, 290.60906982421875, 290.8277893066406, 290.95941162109375, 290.99981689453125, 290.9477844238281, 290.8049621582031, 290.57568359375, 290.26702880859375, 289.8885192871094, 289.45184326171875, 288.9704284667969, 288.4591064453125, 287.9336242675781, 287.41021728515625, 286.90496826171875, 286.4334411621094, 286.01019287109375, 285.6482849121094, 285.35882568359375, 285.1507263183594, 285.0304260253906, 285.00164794921875, 285.06524658203125, 285.2192687988281, 285.458984375, 285.7769775390625, 286.1634826660156, 286.6065979003906, 287.0926208496094, 287.6065979003906, 288.1326904296875, 288.65472412109375, 289.15655517578125, 289.6227722167969, 290.0389709472656, 290.3923645019531, 290.6720275878906, 290.8693542480469, 290.978271484375, 290.99542236328125, 290.9202575683594, 290.755126953125, 290.505126953125, 290.1778869628906, 289.7835693359375, 289.33428955078125, 288.8439025878906, 288.3275146484375, 287.801025390625, 287.2806701660156, 286.782470703125, 286.3218078613281, 285.912841796875, 285.56817626953125, 285.2984619140625, 285.11199951171875, 285.0144958496094, 285.0090026855469, 285.09564208984375, 285.27178955078125, 285.5320129394531, 285.8682861328125, 286.2702331542969, 286.7254638671875, 287.219970703125, 287.738525390625, 289.74310302734375, 290.2677001953125, 290.7760925292969, 291.252685546875, 291.6827392578125, 292.0530700683594, 292.3521728515625, 292.5709228515625, 292.7025146484375, 292.742919921875, 292.69091796875, 292.5480651855469, 292.31878662109375, 292.0101318359375, 291.63165283203125, 291.1949768066406, 290.7135314941406, 290.20220947265625, 289.6767578125, 289.1533203125, 288.6480712890625, 288.17657470703125, 287.7533264160156, 287.3913879394531, 287.1019287109375, 286.8938293457031, 286.7735595703125, 286.7447814941406, 286.8083801269531, 286.96240234375, 287.20208740234375, 287.5201110839844, 287.9066162109375, 288.3497009277344, 288.8357238769531, 289.3497009277344, 289.8758239746094, 290.3978271484375, 290.8996887207031, 291.3658752441406, 291.7820739746094, 292.1354675292969, 292.4151306152344, 292.6124572753906, 292.72137451171875, 292.738525390625, 292.66339111328125, 292.4982604980469, 292.24822998046875, 291.9210205078125, 291.5267028808594, 291.0774230957031, 290.5870361328125, 290.07061767578125, 289.5441589355469, 289.0238037109375, 288.5256042480469, 288.0649108886719, 287.65594482421875, 287.3113098144531, 287.0415954589844, 286.8551025390625, 286.7575988769531, 286.7521057128906, 286.8387756347656, 287.0149230957031, 287.2751159667969, 287.61138916015625, 288.0133361816406, 288.46856689453125, 288.9631042480469, 289.4816589355469, 291.47296142578125, 291.9975280761719, 292.5059509277344, 292.9825439453125, 293.41259765625, 293.78289794921875, 294.08203125, 294.3007507324219, 294.432373046875, 294.4727783203125, 294.4207458496094, 294.2779235839844, 294.04864501953125, 293.739990234375, 293.36151123046875, 292.9248046875, 292.4433898925781, 291.93206787109375, 291.4065856933594, 290.8831787109375, 290.3779296875, 289.9064025878906, 289.4831848144531, 289.1212463378906, 288.831787109375, 288.6236877441406, 288.50341796875, 288.474609375, 288.5382080078125, 288.6922302246094, 288.93194580078125, 289.2499694824219, 289.6364440917969, 290.0795593261719, 290.5655822753906, 291.0795593261719, 291.60565185546875, 292.127685546875, 292.6295166015625, 293.0957336425781, 293.5119323730469, 293.8653259277344, 294.1449890136719, 294.3423156738281, 294.45123291015625, 294.4683837890625, 294.3932189941406, 294.22808837890625, 293.97808837890625, 293.6508483886719, 293.25653076171875, 292.8072509765625, 292.3168640136719, 291.80047607421875, 291.27398681640625, 290.7536315917969, 290.2554626464844, 289.7947692871094, 289.38580322265625, 289.0411682128906, 288.77142333984375, 288.5849609375, 288.4874572753906, 288.4819641113281, 288.568603515625, 288.7447509765625, 289.0049743652344, 289.34124755859375, 289.7431945800781, 290.19842529296875, 290.69293212890625, 291.21148681640625, 293.1763916015625, 293.7009582519531, 294.2093811035156, 294.6859436035156, 295.11602783203125, 295.486328125, 295.78546142578125, 296.0041809082031, 296.1357727050781, 296.17620849609375, 296.1241760253906, 295.9813232421875, 295.7520446777344, 295.44342041015625, 295.0649108886719, 294.62823486328125, 294.1468200683594, 293.635498046875, 293.1100158691406, 292.5865783691406, 292.0813293457031, 291.6098327636719, 291.18658447265625, 290.82464599609375, 290.5351867675781, 290.3271179199219, 290.2068176269531, 290.17803955078125, 290.24163818359375, 290.3956604003906, 290.6353759765625, 290.953369140625, 291.3398742675781, 291.782958984375, 292.26898193359375, 292.7829895019531, 293.30908203125, 293.8310852050781, 294.33294677734375, 294.7991638183594, 295.2153625488281, 295.5687255859375, 295.848388671875, 296.04571533203125, 296.1546325683594, 296.1717834472656, 296.0966491699219, 295.9315185546875, 295.6814880371094, 295.3542785644531, 294.9599609375, 294.51068115234375, 294.0202941894531, 293.50390625, 292.9774169921875, 292.4570617675781, 291.9588623046875, 291.4981994628906, 291.0892333984375, 290.74456787109375, 290.474853515625, 290.2883605957031, 290.19085693359375, 290.18536376953125, 290.27203369140625, 290.44818115234375, 290.7084045410156, 291.0446472167969, 291.44659423828125, 291.90185546875, 292.3963623046875, 292.9149169921875, 294.84039306640625, 295.364990234375, 295.8733825683594, 296.3499755859375, 296.780029296875, 297.15032958984375, 297.449462890625, 297.668212890625, 297.7998046875, 297.8402099609375, 297.7882080078125, 297.6453552246094, 297.41607666015625, 297.107421875, 296.72894287109375, 296.292236328125, 295.8108215332031, 295.29949951171875, 294.7740478515625, 294.2506103515625, 293.745361328125, 293.27386474609375, 292.8506164550781, 292.4886779785156, 292.19921875, 291.9911193847656, 291.870849609375, 291.842041015625, 291.9056396484375, 292.0596923828125, 292.29937744140625, 292.6174011230469, 293.00390625, 293.4469909667969, 293.9330139160156, 294.4469909667969, 294.9731140136719, 295.4951171875, 295.9969787597656, 296.4631652832031, 296.8793640136719, 297.2327575683594, 297.5124206542969, 297.7097473144531, 297.81866455078125, 297.8358154296875, 297.76068115234375, 297.5955505371094, 297.34552001953125, 297.018310546875, 296.6239929199219, 296.1747131347656, 295.684326171875, 295.16790771484375, 294.6414489746094, 294.12109375, 293.6228942871094, 293.1622009277344, 292.75323486328125, 292.4085998535156, 292.13885498046875, 291.952392578125, 291.8548889160156, 291.8493957519531, 291.9360656738281, 292.1122131347656, 292.3724060058594, 292.70867919921875, 293.1106262207031, 293.56585693359375, 294.0603942871094, 294.5789489746094, 296.4523620605469, 296.9769287109375, 297.4853515625, 297.9619445800781, 298.3919982910156, 298.7622985839844, 299.0614318847656, 299.2801513671875, 299.4117736816406, 299.4521789550781, 299.4001770019531, 299.25732421875, 299.0280456542969, 298.7193908691406, 298.3409118652344, 297.9042053222656, 297.42279052734375, 296.9114685058594, 296.385986328125, 295.8625793457031, 295.3573303222656, 294.88580322265625, 294.46258544921875, 294.10064697265625, 293.8111877441406, 293.60308837890625, 293.4828186035156, 293.4540100097656, 293.5176086425781, 293.671630859375, 293.9113464355469, 294.2293701171875, 294.6158447265625, 295.0589599609375, 295.54498291015625, 296.0589599609375, 296.5850524902344, 297.1070861816406, 297.6089172363281, 298.07513427734375, 298.4913330078125, 298.8447265625, 299.1243896484375, 299.32171630859375, 299.4306335449219, 299.4477844238281, 299.37261962890625, 299.2074890136719, 298.9574890136719, 298.6302490234375, 298.2359313964844, 297.78668212890625, 297.2962646484375, 296.7798767089844, 296.2533874511719, 295.7330322265625, 295.23486328125, 294.774169921875, 294.3652038574219, 294.02056884765625, 293.7508239746094, 293.5643615722656, 293.46685791015625, 293.46136474609375, 293.5480041503906, 293.7241516113281, 293.984375, 294.3206481933594, 294.72259521484375, 295.1778259277344, 295.6723327636719, 296.1908874511719, 298, 298.5245666503906, 299.0329895019531, 299.50958251953125, 299.93963623046875, 300.3099365234375, 300.60906982421875, 300.8277893066406, 300.95941162109375, 300.99981689453125, 300.9477844238281, 300.8049621582031, 300.57568359375, 300.26702880859375, 299.8885192871094, 299.45184326171875, 298.9704284667969, 298.4591064453125, 297.9336242675781, 297.41021728515625, 296.90496826171875, 296.4334411621094, 296.01019287109375, 295.6482849121094, 295.35882568359375, 295.1507263183594, 295.0304260253906, 295.00164794921875, 295.06524658203125, 295.2192687988281, 295.458984375, 295.7769775390625, 296.1634826660156, 296.6065979003906, 297.0926208496094, 297.6065979003906, 298.1326904296875, 298.65472412109375, 299.15655517578125, 299.6227722167969, 300.0389709472656, 300.3923645019531, 300.6720275878906, 300.8693542480469, 300.978271484375, 300.99542236328125, 300.9202575683594, 300.755126953125, 300.505126953125, 300.1778869628906, 299.7835693359375, 299.33428955078125, 298.8439025878906, 298.3275146484375, 297.801025390625, 297.2806701660156, 296.782470703125, 296.3218078613281, 295.912841796875, 295.56817626953125, 295.2984619140625, 295.11199951171875, 295.0144958496094, 295.0090026855469, 295.09564208984375, 295.27178955078125, 295.5320129394531, 295.8682861328125, 296.2702331542969, 296.7254638671875, 297.219970703125, 297.738525390625, 299.4715270996094, 299.99609375, 300.5045166015625, 300.9811096191406, 301.4111633300781, 301.7814636230469, 302.0805969238281, 302.29931640625, 302.4309387207031, 302.4713439941406, 302.4193115234375, 302.2764892578125, 302.0472106933594, 301.7385559082031, 301.3600769042969, 300.9233703613281, 300.44195556640625, 299.9306335449219, 299.4051513671875, 298.8817443847656, 298.3764953613281, 297.90496826171875, 297.48175048828125, 297.11981201171875, 296.8303527832031, 296.62225341796875, 296.5019836425781, 296.4731750488281, 296.5367736816406, 296.6907958984375, 296.9305114746094, 297.24853515625, 297.635009765625, 298.078125, 298.56414794921875, 299.078125, 299.6042175292969, 300.1262512207031, 300.6280822753906, 301.09429931640625, 301.510498046875, 301.8638916015625, 302.1435546875, 302.34088134765625, 302.4497985839844, 302.4669494628906, 302.39178466796875, 302.2266540527344, 301.9766540527344, 301.6494140625, 301.2550964355469, 300.8058166503906, 300.3154296875, 299.7990417480469, 299.2725524902344, 298.752197265625, 298.2540283203125, 297.7933349609375, 297.3843688964844, 297.0397033691406, 296.7699890136719, 296.5835266113281, 296.48602294921875, 296.48052978515625, 296.5671691894531, 296.7433166503906, 297.0035400390625, 297.3398132324219, 297.74176025390625, 298.1969909667969, 298.6914978027344, 299.2100524902344, 300.8557434082031, 301.3803405761719, 301.88873291015625, 302.3653259277344, 302.7953796386719, 303.1656799316406, 303.4648132324219, 303.6835632324219, 303.8151550292969, 303.8555603027344, 303.8035583496094, 303.66070556640625, 303.4314270019531, 303.1227722167969, 302.7442932128906, 302.3075866699219, 301.826171875, 301.3148498535156, 300.7893981933594, 300.2659606933594, 299.7607116699219, 299.2891845703125, 298.865966796875, 298.5040283203125, 298.2145690917969, 298.0064697265625, 297.8861999511719, 297.8573913574219, 297.9209899902344, 298.0750427246094, 298.3147277832031, 298.63275146484375, 299.0192565917969, 299.46234130859375, 299.9483642578125, 300.46234130859375, 300.98846435546875, 301.5104675292969, 302.0122985839844, 302.478515625, 302.89471435546875, 303.24810791015625, 303.52777099609375, 303.72509765625, 303.8340148925781, 303.8511657714844, 303.7760314941406, 303.61090087890625, 303.3608703613281, 303.0336608886719, 302.63934326171875, 302.1900634765625, 301.6996765136719, 301.1832580566406, 300.6567687988281, 300.13641357421875, 299.63824462890625, 299.17755126953125, 298.7685852050781, 298.4239501953125, 298.1542053222656, 297.9677429199219, 297.8702392578125, 297.86474609375, 297.951416015625, 298.1275634765625, 298.38775634765625, 298.7240295410156, 299.1259765625, 299.5812072753906, 300.07574462890625, 300.59429931640625, 302.14215087890625, 302.6667175292969, 303.17510986328125, 303.6517028808594, 304.081787109375, 304.45208740234375, 304.7511901855469, 304.9699401855469, 305.1015319824219, 305.1419372558594, 305.0899353027344, 304.94708251953125, 304.7178039550781, 304.4091796875, 304.0306701660156, 303.593994140625, 303.112548828125, 302.6012268066406, 302.0757751464844, 301.5523376464844, 301.0470886230469, 300.5755920410156, 300.15234375, 299.7904052734375, 299.5009460449219, 299.2928771972656, 299.1725769042969, 299.143798828125, 299.2073974609375, 299.3614196777344, 299.60113525390625, 299.91912841796875, 300.3056335449219, 300.74871826171875, 301.2347412109375, 301.74871826171875, 302.27484130859375, 302.7968444824219, 303.2987060546875, 303.764892578125, 304.1811218261719, 304.53448486328125, 304.81414794921875, 305.011474609375, 305.1203918457031, 305.1375427246094, 305.0624084472656, 304.89727783203125, 304.6472473144531, 304.3200378417969, 303.92572021484375, 303.4764404296875, 302.9860534667969, 302.46966552734375, 301.94317626953125, 301.4228210449219, 300.92462158203125, 300.4639587402344, 300.05499267578125, 299.7103271484375, 299.44061279296875, 299.2541198730469, 299.1566162109375, 299.151123046875, 299.23779296875, 299.4139404296875, 299.6741638183594, 300.0104064941406, 300.412353515625, 300.86761474609375, 301.36212158203125, 301.88067626953125, 303.3208923339844, 303.845458984375, 304.3538818359375, 304.8304443359375, 305.2605285644531, 305.6308288574219, 305.9299621582031, 306.148681640625, 306.2803039550781, 306.3207092285156, 306.2686767578125, 306.1258239746094, 305.89654541015625, 305.5879211425781, 305.20941162109375, 304.7727355957031, 304.29132080078125, 303.7799987792969, 303.2545166015625, 302.7311096191406, 302.2258605957031, 301.75433349609375, 301.3310852050781, 300.96917724609375, 300.6796875, 300.47161865234375, 300.351318359375, 300.3225402832031, 300.3861389160156, 300.5401611328125, 300.7798767089844, 301.0978698730469, 301.484375, 301.9274597167969, 302.41351318359375, 302.927490234375, 303.4535827636719, 303.9756164550781, 304.4774475097656, 304.94366455078125, 305.35986328125, 305.7132263183594, 305.9928894042969, 306.19024658203125, 306.2991638183594, 306.3163146972656, 306.24114990234375, 306.0760192871094, 305.82598876953125, 305.498779296875, 305.1044616699219, 304.6551818847656, 304.164794921875, 303.6484069824219, 303.1219177246094, 302.6015625, 302.1033630371094, 301.6427001953125, 301.2337341308594, 300.8890686035156, 300.6193542480469, 300.432861328125, 300.33538818359375, 300.3298645019531, 300.4165344238281, 300.5926818847656, 300.8529052734375, 301.1891784667969, 301.5910949707031, 302.0463562011719, 302.5408630371094, 303.0594177246094, 304.3830261230469, 304.9076232910156, 305.416015625, 305.8926086425781, 306.32269287109375, 306.6929931640625, 306.9920959472656, 307.2108459472656, 307.3424377441406, 307.3828430175781, 307.3308410644531, 307.18798828125, 306.9587097167969, 306.6500549316406, 306.2715759277344, 305.83489990234375, 305.35345458984375, 304.8421325683594, 304.3166809082031, 303.7932434082031, 303.2879943847656, 302.8164978027344, 302.39324951171875, 302.03131103515625, 301.7418518066406, 301.5337829589844, 301.4134826660156, 301.38470458984375, 301.44830322265625, 301.6023254394531, 301.842041015625, 302.1600341796875, 302.5465393066406, 302.9896240234375, 303.47564697265625, 303.9896240234375, 304.5157470703125, 305.0377502441406, 305.53961181640625, 306.00579833984375, 306.4220275878906, 306.775390625, 307.0550537109375, 307.25238037109375, 307.3612976074219, 307.3784484863281, 307.3033142089844, 307.13818359375, 306.8881530761719, 306.5609436035156, 306.1666259765625, 305.71734619140625, 305.2269592285156, 304.7105712890625, 304.18408203125, 303.6637268066406, 303.16552734375, 302.7048645019531, 302.2958984375, 301.95123291015625, 301.6815185546875, 301.4950256347656, 301.39752197265625, 301.39202880859375, 301.47869873046875, 301.65484619140625, 301.9150695800781, 302.2513122558594, 302.65325927734375, 303.1085205078125, 303.60302734375, 304.12158203125, 305.32049560546875, 305.8450927734375, 306.3534851074219, 306.830078125, 307.2601318359375, 307.6304626464844, 307.9295654296875, 308.1483154296875, 308.2799072265625, 308.3203125, 308.268310546875, 308.1254577636719, 307.89617919921875, 307.5875244140625, 307.20904541015625, 306.7723693847656, 306.2909240722656, 305.77960205078125, 305.254150390625, 304.730712890625, 304.2254638671875, 303.75396728515625, 303.3307189941406, 302.9687805175781, 302.6793212890625, 302.47125244140625, 302.3509521484375, 302.3221740722656, 302.3857727050781, 302.539794921875, 302.77947998046875, 303.0975036621094, 303.4840087890625, 303.9270935058594, 304.4131164550781, 304.9270935058594, 305.4532165527344, 305.9752197265625, 306.4770812988281, 306.9432678222656, 307.3594665527344, 307.7128601074219, 307.9925231933594, 308.1898498535156, 308.29876708984375, 308.31591796875, 308.24078369140625, 308.0756530761719, 307.82562255859375, 307.4984130859375, 307.1040954589844, 306.6548156738281, 306.1644287109375, 305.64801025390625, 305.1215515136719, 304.6011962890625, 304.1029968261719, 303.6423034667969, 303.23333740234375, 302.8887023925781, 302.6189880371094, 302.4324951171875, 302.3349914550781, 302.3294982910156, 302.4161682128906, 302.5923156738281, 302.8525085449219, 303.18878173828125, 303.5907287597656, 304.04595947265625, 304.5404968261719, 305.0590515136719, 306.12615966796875, 306.6507263183594, 307.1591491699219, 307.6357116699219, 308.0657958984375, 308.43609619140625, 308.7352294921875, 308.9539489746094, 309.0855712890625, 309.1259765625, 309.0739440917969, 308.93109130859375, 308.7018127441406, 308.3931884765625, 308.0146789550781, 307.5780029296875, 307.0965881347656, 306.58526611328125, 306.0597839355469, 305.536376953125, 305.0311279296875, 304.5596008300781, 304.1363525390625, 303.7744445800781, 303.4849548339844, 303.2768859863281, 303.1565856933594, 303.1278076171875, 303.19140625, 303.3454284667969, 303.58514404296875, 303.90313720703125, 304.2896423339844, 304.73272705078125, 305.21875, 305.7327575683594, 306.25885009765625, 306.7808837890625, 307.28271484375, 307.7489318847656, 308.1651306152344, 308.51849365234375, 308.79815673828125, 308.9955139160156, 309.10443115234375, 309.12158203125, 309.0464172363281, 308.88128662109375, 308.6312561035156, 308.3040466308594, 307.90972900390625, 307.46044921875, 306.9700622558594, 306.45367431640625, 305.92718505859375, 305.4068298339844, 304.90863037109375, 304.4479675292969, 304.03900146484375, 303.6943359375, 303.42462158203125, 303.2381286621094, 303.1406555175781, 303.1351318359375, 303.2218017578125, 303.39794921875, 303.6581726074219, 303.99444580078125, 304.3963623046875, 304.85162353515625, 305.34613037109375, 305.86468505859375, 306.7938537597656, 307.31842041015625, 307.82684326171875, 308.3034362792969, 308.7334899902344, 309.1037902832031, 309.4029235839844, 309.62164306640625, 309.7532653808594, 309.7936706542969, 309.74163818359375, 309.5987854003906, 309.3695373535156, 309.0608825683594, 308.682373046875, 308.2456970214844, 307.7642822265625, 307.2529602050781, 306.72747802734375, 306.2040710449219, 305.6988220214844, 305.227294921875, 304.8040466308594, 304.442138671875, 304.1526794433594, 303.944580078125, 303.82427978515625, 303.7955017089844, 303.8591003417969, 304.01312255859375, 304.2528381347656, 304.5708312988281, 304.95733642578125, 305.40045166015625, 305.886474609375, 306.40045166015625, 306.9265441894531, 307.4485778808594, 307.9504089355469, 308.4166259765625, 308.83282470703125, 309.18621826171875, 309.46588134765625, 309.6632080078125, 309.7721252441406, 309.7892761230469, 309.714111328125, 309.5489807128906, 309.2989501953125, 308.97174072265625, 308.5774230957031, 308.1281433105469, 307.63775634765625, 307.1213684082031, 306.5948791503906, 306.07452392578125, 305.5763244628906, 305.11566162109375, 304.7066955566406, 304.3620300292969, 304.0923156738281, 303.90582275390625, 303.808349609375, 303.8028564453125, 303.8894958496094, 304.0656433105469, 304.32586669921875, 304.6621398925781, 305.0640869140625, 305.5193176269531, 306.0138244628906, 306.5323791503906, 307.3185119628906, 307.84307861328125, 308.35150146484375, 308.8280944824219, 309.2581481933594, 309.6284484863281, 309.9275817871094, 310.1463317871094, 310.2779235839844, 310.3183288574219, 310.2663269042969, 310.12347412109375, 309.8941955566406, 309.5855407714844, 309.2070617675781, 308.7703552246094, 308.2889404296875, 307.7776184082031, 307.25213623046875, 306.7287292480469, 306.2234802246094, 305.751953125, 305.3287353515625, 304.966796875, 304.6773376464844, 304.46923828125, 304.3489685058594, 304.3201599121094, 304.3837585449219, 304.53778076171875, 304.7774963378906, 305.09552001953125, 305.4820251464844, 305.92510986328125, 306.4111328125, 306.92510986328125, 307.4512023925781, 307.9732360839844, 308.4750671386719, 308.9412841796875, 309.35748291015625, 309.71087646484375, 309.99053955078125, 310.1878662109375, 310.2967834472656, 310.3139343261719, 310.23876953125, 310.0736389160156, 309.8236389160156, 309.4964294433594, 309.1020812988281, 308.65283203125, 308.16241455078125, 307.6460266113281, 307.1195373535156, 306.59918212890625, 306.10101318359375, 305.64031982421875, 305.2313537597656, 304.88671875, 304.6169738769531, 304.4305114746094, 304.3330078125, 304.3275146484375, 304.4141540527344, 304.59033203125, 304.85052490234375, 305.1867980957031, 305.5887451171875, 306.0439758300781, 306.53851318359375, 307.0570373535156, 307.6961669921875, 308.2207336425781, 308.7291564941406, 309.2057189941406, 309.63580322265625, 310.006103515625, 310.30523681640625, 310.5239562988281, 310.6555480957031, 310.69598388671875, 310.6439514160156, 310.5010986328125, 310.2718200683594, 309.96319580078125, 309.5846862792969, 309.14801025390625, 308.6665954589844, 308.1552734375, 307.6297912597656, 307.1063537597656, 306.6011047363281, 306.1296081542969, 305.70635986328125, 305.34442138671875, 305.0549621582031, 304.8468933105469, 304.7265930175781, 304.69781494140625, 304.76141357421875, 304.9154357910156, 305.1551513671875, 305.47314453125, 305.8596496582031, 306.302734375, 306.78875732421875, 307.302734375, 307.828857421875, 308.3508605957031, 308.85272216796875, 309.31890869140625, 309.7351379394531, 310.0885009765625, 310.3681640625, 310.56549072265625, 310.6744079589844, 310.6915588378906, 310.6164245605469, 310.4512939453125, 310.2012634277344, 309.8740539550781, 309.479736328125, 309.03045654296875, 308.5400695800781, 308.023681640625, 307.4971923828125, 306.9768371582031, 306.4786376953125, 306.0179748535156, 305.6090087890625, 305.26434326171875, 304.99462890625, 304.8081359863281, 304.71063232421875, 304.70513916015625, 304.79180908203125, 304.96795654296875, 305.2281799316406, 305.5644226074219, 305.96636962890625, 306.421630859375, 306.9161376953125, 307.4346923828125, 307.92388916015625, 308.4484558105469, 308.9568786621094, 309.4334716796875, 309.863525390625, 310.23382568359375, 310.532958984375, 310.751708984375, 310.88330078125, 310.9237060546875, 310.8717041015625, 310.7288513183594, 310.49957275390625, 310.19091796875, 309.81243896484375, 309.375732421875, 308.8943176269531, 308.38299560546875, 307.8575134277344, 307.3341064453125, 306.828857421875, 306.3573303222656, 305.9341125488281, 305.5721740722656, 305.28271484375, 305.0746154785156, 304.954345703125, 304.925537109375, 304.9891357421875, 305.1431579589844, 305.38287353515625, 305.7008972167969, 306.08740234375, 306.5304870605469, 307.0165100097656, 307.5304870605469, 308.05657958984375, 308.57861328125, 309.0804443359375, 309.5466613769531, 309.9628601074219, 310.3162536621094, 310.5959167480469, 310.7932434082031, 310.90216064453125, 310.9193115234375, 310.8441467285156, 310.67901611328125, 310.42901611328125, 310.101806640625, 309.70745849609375, 309.2582092285156, 308.7677917480469, 308.25140380859375, 307.72491455078125, 307.2045593261719, 306.7063903808594, 306.2456970214844, 305.83673095703125, 305.4920959472656, 305.22235107421875, 305.035888671875, 304.9383850097656, 304.9328918457031, 305.01953125, 305.1957092285156, 305.4559020996094, 305.79217529296875, 306.1941223144531, 306.64935302734375, 307.1438903808594, 307.66241455078125, 308, 308.5245666503906, 309.0329895019531, 309.50958251953125, 309.93963623046875, 310.3099365234375, 310.60906982421875, 310.8277893066406, 310.95941162109375, 310.99981689453125, 310.9477844238281, 310.8049621582031, 310.57568359375, 310.26702880859375, 309.8885192871094, 309.45184326171875, 308.9704284667969, 308.4591064453125, 307.9336242675781, 307.41021728515625, 306.90496826171875, 306.4334411621094, 306.01019287109375, 305.6482849121094, 305.35882568359375, 305.1507263183594, 305.0304260253906, 305.00164794921875, 305.06524658203125, 305.2192687988281, 305.458984375, 305.7769775390625, 306.1634826660156, 306.6065979003906, 307.0926208496094, 307.6065979003906, 308.1326904296875, 308.65472412109375, 309.15655517578125, 309.6227722167969, 310.0389709472656, 310.3923645019531, 310.6720275878906, 310.8693542480469, 310.978271484375, 310.99542236328125, 310.9202575683594, 310.755126953125, 310.505126953125, 310.1778869628906, 309.7835693359375, 309.33428955078125, 308.8439025878906, 308.3275146484375, 307.801025390625, 307.2806701660156, 306.782470703125, 306.3218078613281, 305.912841796875, 305.56817626953125, 305.2984619140625, 305.11199951171875, 305.0144958496094, 305.0090026855469, 305.09564208984375, 305.27178955078125, 305.5320129394531, 305.8682861328125, 306.2702331542969, 306.7254638671875, 307.219970703125, 307.738525390625, 307.92388916015625, 308.4484558105469, 308.9568786621094, 309.4334716796875, 309.863525390625, 310.23382568359375, 310.532958984375, 310.751708984375, 310.88330078125, 310.9237060546875, 310.8717041015625, 310.7288513183594, 310.49957275390625, 310.19091796875, 309.81243896484375, 309.375732421875, 308.8943176269531, 308.38299560546875, 307.8575134277344, 307.3341064453125, 306.828857421875, 306.3573303222656, 305.9341125488281, 305.5721740722656, 305.28271484375, 305.0746154785156, 304.954345703125, 304.925537109375, 304.9891357421875, 305.1431579589844, 305.38287353515625, 305.7008972167969, 306.08740234375, 306.5304870605469, 307.0165100097656, 307.5304870605469, 308.05657958984375, 308.57861328125, 309.0804443359375, 309.5466613769531, 309.9628601074219, 310.3162536621094, 310.5959167480469, 310.7932434082031, 310.90216064453125, 310.9193115234375, 310.8441467285156, 310.67901611328125, 310.42901611328125, 310.101806640625, 309.70745849609375, 309.2582092285156, 308.7677917480469, 308.25140380859375, 307.72491455078125, 307.2045593261719, 306.7063903808594, 306.2456970214844, 305.83673095703125, 305.4920959472656, 305.22235107421875, 305.035888671875, 304.9383850097656, 304.9328918457031, 305.01953125, 305.1957092285156, 305.4559020996094, 305.79217529296875, 306.1941223144531, 306.64935302734375, 307.1438903808594, 307.66241455078125, 307.6961669921875, 308.2207336425781, 308.7291564941406, 309.2057189941406, 309.63580322265625, 310.006103515625, 310.30523681640625, 310.5239562988281, 310.6555480957031, 310.69598388671875, 310.6439514160156, 310.5010986328125, 310.2718200683594, 309.96319580078125, 309.5846862792969, 309.14801025390625, 308.6665954589844, 308.1552734375, 307.6297912597656, 307.1063537597656, 306.6011047363281, 306.1296081542969, 305.70635986328125, 305.34442138671875, 305.0549621582031, 304.8468933105469, 304.7265930175781, 304.69781494140625, 304.76141357421875, 304.9154357910156, 305.1551513671875, 305.47314453125, 305.8596496582031, 306.302734375, 306.78875732421875, 307.302734375, 307.828857421875, 308.3508605957031, 308.85272216796875, 309.31890869140625, 309.7351379394531, 310.0885009765625, 310.3681640625, 310.56549072265625, 310.6744079589844, 310.6915588378906, 310.6164245605469, 310.4512939453125, 310.2012634277344, 309.8740539550781, 309.479736328125, 309.03045654296875, 308.5400695800781, 308.023681640625, 307.4971923828125, 306.9768371582031, 306.4786376953125, 306.0179748535156, 305.6090087890625, 305.26434326171875, 304.99462890625, 304.8081359863281, 304.71063232421875, 304.70513916015625, 304.79180908203125, 304.96795654296875, 305.2281799316406, 305.5644226074219, 305.96636962890625, 306.421630859375, 306.9161376953125, 307.4346923828125, 307.3185119628906, 307.84307861328125, 308.35150146484375, 308.8280944824219, 309.2581481933594, 309.6284484863281, 309.9275817871094, 310.1463317871094, 310.2779235839844, 310.3183288574219, 310.2663269042969, 310.12347412109375, 309.8941955566406, 309.5855407714844, 309.2070617675781, 308.7703552246094, 308.2889404296875, 307.7776184082031, 307.25213623046875, 306.7287292480469, 306.2234802246094, 305.751953125, 305.3287353515625, 304.966796875, 304.6773376464844, 304.46923828125, 304.3489685058594, 304.3201599121094, 304.3837585449219, 304.53778076171875, 304.7774963378906, 305.09552001953125, 305.4820251464844, 305.92510986328125, 306.4111328125, 306.92510986328125, 307.4512023925781, 307.9732360839844, 308.4750671386719, 308.9412841796875, 309.35748291015625, 309.71087646484375, 309.99053955078125, 310.1878662109375, 310.2967834472656, 310.3139343261719, 310.23876953125, 310.0736389160156, 309.8236389160156, 309.4964294433594, 309.1020812988281, 308.65283203125, 308.16241455078125, 307.6460266113281, 307.1195373535156, 306.59918212890625, 306.10101318359375, 305.64031982421875, 305.2313537597656, 304.88671875, 304.6169738769531, 304.4305114746094, 304.3330078125, 304.3275146484375, 304.4141540527344, 304.59033203125, 304.85052490234375, 305.1867980957031, 305.5887451171875, 306.0439758300781, 306.53851318359375, 307.0570373535156, 306.7938537597656, 307.31842041015625, 307.82684326171875, 308.3034362792969, 308.7334899902344, 309.1037902832031, 309.4029235839844, 309.62164306640625, 309.7532653808594, 309.7936706542969, 309.74163818359375, 309.5987854003906, 309.3695373535156, 309.0608825683594, 308.682373046875, 308.2456970214844, 307.7642822265625, 307.2529602050781, 306.72747802734375, 306.2040710449219, 305.6988220214844, 305.227294921875, 304.8040466308594, 304.442138671875, 304.1526794433594, 303.944580078125, 303.82427978515625, 303.7955017089844, 303.8591003417969, 304.01312255859375, 304.2528381347656, 304.5708312988281, 304.95733642578125, 305.40045166015625, 305.886474609375, 306.40045166015625, 306.9265441894531, 307.4485778808594, 307.9504089355469, 308.4166259765625, 308.83282470703125, 309.18621826171875, 309.46588134765625, 309.6632080078125, 309.7721252441406, 309.7892761230469, 309.714111328125, 309.5489807128906, 309.2989501953125, 308.97174072265625, 308.5774230957031, 308.1281433105469, 307.63775634765625, 307.1213684082031, 306.5948791503906, 306.07452392578125, 305.5763244628906, 305.11566162109375, 304.7066955566406, 304.3620300292969, 304.0923156738281, 303.90582275390625, 303.808349609375, 303.8028564453125, 303.8894958496094, 304.0656433105469, 304.32586669921875, 304.6621398925781, 305.0640869140625, 305.5193176269531, 306.0138244628906, 306.5323791503906, 306.12615966796875, 306.6507263183594, 307.1591491699219, 307.6357116699219, 308.0657958984375, 308.43609619140625, 308.7352294921875, 308.9539489746094, 309.0855712890625, 309.1259765625, 309.0739440917969, 308.93109130859375, 308.7018127441406, 308.3931884765625, 308.0146789550781, 307.5780029296875, 307.0965881347656, 306.58526611328125, 306.0597839355469, 305.536376953125, 305.0311279296875, 304.5596008300781, 304.1363525390625, 303.7744445800781, 303.4849548339844, 303.2768859863281, 303.1565856933594, 303.1278076171875, 303.19140625, 303.3454284667969, 303.58514404296875, 303.90313720703125, 304.2896423339844, 304.73272705078125, 305.21875, 305.7327575683594, 306.25885009765625, 306.7808837890625, 307.28271484375, 307.7489318847656, 308.1651306152344, 308.51849365234375, 308.79815673828125, 308.9955139160156, 309.10443115234375, 309.12158203125, 309.0464172363281, 308.88128662109375, 308.6312561035156, 308.3040466308594, 307.90972900390625, 307.46044921875, 306.9700622558594, 306.45367431640625, 305.92718505859375, 305.4068298339844, 304.90863037109375, 304.4479675292969, 304.03900146484375, 303.6943359375, 303.42462158203125, 303.2381286621094, 303.1406555175781, 303.1351318359375, 303.2218017578125, 303.39794921875, 303.6581726074219, 303.99444580078125, 304.3963623046875, 304.85162353515625, 305.34613037109375, 305.86468505859375, 305.32049560546875, 305.8450927734375, 306.3534851074219, 306.830078125, 307.2601318359375, 307.6304626464844, 307.9295654296875, 308.1483154296875, 308.2799072265625, 308.3203125, 308.268310546875, 308.1254577636719, 307.89617919921875, 307.5875244140625, 307.20904541015625, 306.7723693847656, 306.2909240722656, 305.77960205078125, 305.254150390625, 304.730712890625, 304.2254638671875, 303.75396728515625, 303.3307189941406, 302.9687805175781, 302.6793212890625, 302.47125244140625, 302.3509521484375, 302.3221740722656, 302.3857727050781, 302.539794921875, 302.77947998046875, 303.0975036621094, 303.4840087890625, 303.9270935058594, 304.4131164550781, 304.9270935058594, 305.4532165527344, 305.9752197265625, 306.4770812988281, 306.9432678222656, 307.3594665527344, 307.7128601074219, 307.9925231933594, 308.1898498535156, 308.29876708984375, 308.31591796875, 308.24078369140625, 308.0756530761719, 307.82562255859375, 307.4984130859375, 307.1040954589844, 306.6548156738281, 306.1644287109375, 305.64801025390625, 305.1215515136719, 304.6011962890625, 304.1029968261719, 303.6423034667969, 303.23333740234375, 302.8887023925781, 302.6189880371094, 302.4324951171875, 302.3349914550781, 302.3294982910156, 302.4161682128906, 302.5923156738281, 302.8525085449219, 303.18878173828125, 303.5907287597656, 304.04595947265625, 304.5404968261719, 305.0590515136719, 304.3830261230469, 304.9076232910156, 305.416015625, 305.8926086425781, 306.32269287109375, 306.6929931640625, 306.9920959472656, 307.2108459472656, 307.3424377441406, 307.3828430175781, 307.3308410644531, 307.18798828125, 306.9587097167969, 306.6500549316406, 306.2715759277344, 305.83489990234375, 305.35345458984375, 304.8421325683594, 304.3166809082031, 303.7932434082031, 303.2879943847656, 302.8164978027344, 302.39324951171875, 302.03131103515625, 301.7418518066406, 301.5337829589844, 301.4134826660156, 301.38470458984375, 301.44830322265625, 301.6023254394531, 301.842041015625, 302.1600341796875, 302.5465393066406, 302.9896240234375, 303.47564697265625, 303.9896240234375, 304.5157470703125, 305.0377502441406, 305.53961181640625, 306.00579833984375, 306.4220275878906, 306.775390625, 307.0550537109375, 307.25238037109375, 307.3612976074219, 307.3784484863281, 307.3033142089844, 307.13818359375, 306.8881530761719, 306.5609436035156, 306.1666259765625, 305.71734619140625, 305.2269592285156, 304.7105712890625, 304.18408203125, 303.6637268066406, 303.16552734375, 302.7048645019531, 302.2958984375, 301.95123291015625, 301.6815185546875, 301.4950256347656, 301.39752197265625, 301.39202880859375, 301.47869873046875, 301.65484619140625, 301.9150695800781, 302.2513122558594, 302.65325927734375, 303.1085205078125, 303.60302734375, 304.12158203125, 303.3208923339844, 303.845458984375, 304.3538818359375, 304.8304443359375, 305.2605285644531, 305.6308288574219, 305.9299621582031, 306.148681640625, 306.2803039550781, 306.3207092285156, 306.2686767578125, 306.1258239746094, 305.89654541015625, 305.5879211425781, 305.20941162109375, 304.7727355957031, 304.29132080078125, 303.7799987792969, 303.2545166015625, 302.7311096191406, 302.2258605957031, 301.75433349609375, 301.3310852050781, 300.96917724609375, 300.6796875, 300.47161865234375, 300.351318359375, 300.3225402832031, 300.3861389160156, 300.5401611328125, 300.7798767089844, 301.0978698730469, 301.484375, 301.9274597167969, 302.41351318359375, 302.927490234375, 303.4535827636719, 303.9756164550781, 304.4774475097656, 304.94366455078125, 305.35986328125, 305.7132263183594, 305.9928894042969, 306.19024658203125, 306.2991638183594, 306.3163146972656, 306.24114990234375, 306.0760192871094, 305.82598876953125, 305.498779296875, 305.1044616699219, 304.6551818847656, 304.164794921875, 303.6484069824219, 303.1219177246094, 302.6015625, 302.1033630371094, 301.6427001953125, 301.2337341308594, 300.8890686035156, 300.6193542480469, 300.432861328125, 300.33538818359375, 300.3298645019531, 300.4165344238281, 300.5926818847656, 300.8529052734375, 301.1891784667969, 301.5910949707031, 302.0463562011719, 302.5408630371094, 303.0594177246094, 302.14215087890625, 302.6667175292969, 303.17510986328125, 303.6517028808594, 304.081787109375, 304.45208740234375, 304.7511901855469, 304.9699401855469, 305.1015319824219, 305.1419372558594, 305.0899353027344, 304.94708251953125, 304.7178039550781, 304.4091796875, 304.0306701660156, 303.593994140625, 303.112548828125, 302.6012268066406, 302.0757751464844, 301.5523376464844, 301.0470886230469, 300.5755920410156, 300.15234375, 299.7904052734375, 299.5009460449219, 299.2928771972656, 299.1725769042969, 299.143798828125, 299.2073974609375, 299.3614196777344, 299.60113525390625, 299.91912841796875, 300.3056335449219, 300.74871826171875, 301.2347412109375, 301.74871826171875, 302.27484130859375, 302.7968444824219, 303.2987060546875, 303.764892578125, 304.1811218261719, 304.53448486328125, 304.81414794921875, 305.011474609375, 305.1203918457031, 305.1375427246094, 305.0624084472656, 304.89727783203125, 304.6472473144531, 304.3200378417969, 303.92572021484375, 303.4764404296875, 302.9860534667969, 302.46966552734375, 301.94317626953125, 301.4228210449219, 300.92462158203125, 300.4639587402344, 300.05499267578125, 299.7103271484375, 299.44061279296875, 299.2541198730469, 299.1566162109375, 299.151123046875, 299.23779296875, 299.4139404296875, 299.6741638183594, 300.0104064941406, 300.412353515625, 300.86761474609375, 301.36212158203125, 301.88067626953125, 300.8557434082031, 301.3803405761719, 301.88873291015625, 302.3653259277344, 302.7953796386719, 303.1656799316406, 303.4648132324219, 303.6835632324219, 303.8151550292969, 303.8555603027344, 303.8035583496094, 303.66070556640625, 303.4314270019531, 303.1227722167969, 302.7442932128906, 302.3075866699219, 301.826171875, 301.3148498535156, 300.7893981933594, 300.2659606933594, 299.7607116699219, 299.2891845703125, 298.865966796875, 298.5040283203125, 298.2145690917969, 298.0064697265625, 297.8861999511719, 297.8573913574219, 297.9209899902344, 298.0750427246094, 298.3147277832031, 298.63275146484375, 299.0192565917969, 299.46234130859375, 299.9483642578125, 300.46234130859375, 300.98846435546875, 301.5104675292969, 302.0122985839844, 302.478515625, 302.89471435546875, 303.24810791015625, 303.52777099609375, 303.72509765625, 303.8340148925781, 303.8511657714844, 303.7760314941406, 303.61090087890625, 303.3608703613281, 303.0336608886719, 302.63934326171875, 302.1900634765625, 301.6996765136719, 301.1832580566406, 300.6567687988281, 300.13641357421875, 299.63824462890625, 299.17755126953125, 298.7685852050781, 298.4239501953125, 298.1542053222656, 297.9677429199219, 297.8702392578125, 297.86474609375, 297.951416015625, 298.1275634765625, 298.38775634765625, 298.7240295410156, 299.1259765625, 299.5812072753906, 300.07574462890625, 300.59429931640625, 299.4715270996094, 299.99609375, 300.5045166015625, 300.9811096191406, 301.4111633300781, 301.7814636230469, 302.0805969238281, 302.29931640625, 302.4309387207031, 302.4713439941406, 302.4193115234375, 302.2764892578125, 302.0472106933594, 301.7385559082031, 301.3600769042969, 300.9233703613281, 300.44195556640625, 299.9306335449219, 299.4051513671875, 298.8817443847656, 298.3764953613281, 297.90496826171875, 297.48175048828125, 297.11981201171875, 296.8303527832031, 296.62225341796875, 296.5019836425781, 296.4731750488281, 296.5367736816406, 296.6907958984375, 296.9305114746094, 297.24853515625, 297.635009765625, 298.078125, 298.56414794921875, 299.078125, 299.6042175292969, 300.1262512207031, 300.6280822753906, 301.09429931640625, 301.510498046875, 301.8638916015625, 302.1435546875, 302.34088134765625, 302.4497985839844, 302.4669494628906, 302.39178466796875, 302.2266540527344, 301.9766540527344, 301.6494140625, 301.2550964355469, 300.8058166503906, 300.3154296875, 299.7990417480469, 299.2725524902344, 298.752197265625, 298.2540283203125, 297.7933349609375, 297.3843688964844, 297.0397033691406, 296.7699890136719, 296.5835266113281, 296.48602294921875, 296.48052978515625, 296.5671691894531, 296.7433166503906, 297.0035400390625, 297.3398132324219, 297.74176025390625, 298.1969909667969, 298.6914978027344, 299.2100524902344, 298, 298.5245666503906, 299.0329895019531, 299.50958251953125, 299.93963623046875, 300.3099365234375, 300.60906982421875, 300.8277893066406, 300.95941162109375, 300.99981689453125, 300.9477844238281, 300.8049621582031, 300.57568359375, 300.26702880859375, 299.8885192871094, 299.45184326171875, 298.9704284667969, 298.4591064453125, 297.9336242675781, 297.41021728515625, 296.90496826171875, 296.4334411621094, 296.01019287109375, 295.6482849121094, 295.35882568359375, 295.1507263183594, 295.0304260253906, 295.00164794921875, 295.06524658203125, 295.2192687988281, 295.458984375, 295.7769775390625, 296.1634826660156, 296.6065979003906, 297.0926208496094, 297.6065979003906, 298.1326904296875, 298.65472412109375, 299.15655517578125, 299.6227722167969, 300.0389709472656, 300.3923645019531, 300.6720275878906, 300.8693542480469, 300.978271484375, 300.99542236328125, 300.9202575683594, 300.755126953125, 300.505126953125, 300.1778869628906, 299.7835693359375, 299.33428955078125, 298.8439025878906, 298.3275146484375, 297.801025390625, 297.2806701660156, 296.782470703125, 296.3218078613281, 295.912841796875, 295.56817626953125, 295.2984619140625, 295.11199951171875, 295.0144958496094, 295.0090026855469, 295.09564208984375, 295.27178955078125, 295.5320129394531, 295.8682861328125, 296.2702331542969, 296.7254638671875, 297.219970703125, 297.738525390625, 296.4523620605469, 296.9769287109375, 297.4853515625, 297.9619445800781, 298.3919982910156, 298.7622985839844, 299.0614318847656, 299.2801513671875, 299.4117736816406, 299.4521789550781, 299.4001770019531, 299.25732421875, 299.0280456542969, 298.7193908691406, 298.3409118652344, 297.9042053222656, 297.42279052734375, 296.9114685058594, 296.385986328125, 295.8625793457031, 295.3573303222656, 294.88580322265625, 294.46258544921875, 294.10064697265625, 293.8111877441406, 293.60308837890625, 293.4828186035156, 293.4540100097656, 293.5176086425781, 293.671630859375, 293.9113464355469, 294.2293701171875, 294.6158447265625, 295.0589599609375, 295.54498291015625, 296.0589599609375, 296.5850524902344, 297.1070861816406, 297.6089172363281, 298.07513427734375, 298.4913330078125, 298.8447265625, 299.1243896484375, 299.32171630859375, 299.4306335449219, 299.4477844238281, 299.37261962890625, 299.2074890136719, 298.9574890136719, 298.6302490234375, 298.2359313964844, 297.78668212890625, 297.2962646484375, 296.7798767089844, 296.2533874511719, 295.7330322265625, 295.23486328125, 294.774169921875, 294.3652038574219, 294.02056884765625, 293.7508239746094, 293.5643615722656, 293.46685791015625, 293.46136474609375, 293.5480041503906, 293.7241516113281, 293.984375, 294.3206481933594, 294.72259521484375, 295.1778259277344, 295.6723327636719, 296.1908874511719, 294.84039306640625, 295.364990234375, 295.8733825683594, 296.3499755859375, 296.780029296875, 297.15032958984375, 297.449462890625, 297.668212890625, 297.7998046875, 297.8402099609375, 297.7882080078125, 297.6453552246094, 297.41607666015625, 297.107421875, 296.72894287109375, 296.292236328125, 295.8108215332031, 295.29949951171875, 294.7740478515625, 294.2506103515625, 293.745361328125, 293.27386474609375, 292.8506164550781, 292.4886779785156, 292.19921875, 291.9911193847656, 291.870849609375, 291.842041015625, 291.9056396484375, 292.0596923828125, 292.29937744140625, 292.6174011230469, 293.00390625, 293.4469909667969, 293.9330139160156, 294.4469909667969, 294.9731140136719, 295.4951171875, 295.9969787597656, 296.4631652832031, 296.8793640136719, 297.2327575683594, 297.5124206542969, 297.7097473144531, 297.81866455078125, 297.8358154296875, 297.76068115234375, 297.5955505371094, 297.34552001953125, 297.018310546875, 296.6239929199219, 296.1747131347656, 295.684326171875, 295.16790771484375, 294.6414489746094, 294.12109375, 293.6228942871094, 293.1622009277344, 292.75323486328125, 292.4085998535156, 292.13885498046875, 291.952392578125, 291.8548889160156, 291.8493957519531, 291.9360656738281, 292.1122131347656, 292.3724060058594, 292.70867919921875, 293.1106262207031, 293.56585693359375, 294.0603942871094, 294.5789489746094, 293.1763916015625, 293.7009582519531, 294.2093811035156, 294.6859436035156, 295.11602783203125, 295.486328125, 295.78546142578125, 296.0041809082031, 296.1357727050781, 296.17620849609375, 296.1241760253906, 295.9813232421875, 295.7520446777344, 295.44342041015625, 295.0649108886719, 294.62823486328125, 294.1468200683594, 293.635498046875, 293.1100158691406, 292.5865783691406, 292.0813293457031, 291.6098327636719, 291.18658447265625, 290.82464599609375, 290.5351867675781, 290.3271179199219, 290.2068176269531, 290.17803955078125, 290.24163818359375, 290.3956604003906, 290.6353759765625, 290.953369140625, 291.3398742675781, 291.782958984375, 292.26898193359375, 292.7829895019531, 293.30908203125, 293.8310852050781, 294.33294677734375, 294.7991638183594, 295.2153625488281, 295.5687255859375, 295.848388671875, 296.04571533203125, 296.1546325683594, 296.1717834472656, 296.0966491699219, 295.9315185546875, 295.6814880371094, 295.3542785644531, 294.9599609375, 294.51068115234375, 294.0202941894531, 293.50390625, 292.9774169921875, 292.4570617675781, 291.9588623046875, 291.4981994628906, 291.0892333984375, 290.74456787109375, 290.474853515625, 290.2883605957031, 290.19085693359375, 290.18536376953125, 290.27203369140625, 290.44818115234375, 290.7084045410156, 291.0446472167969, 291.44659423828125, 291.90185546875, 292.3963623046875, 292.9149169921875, 291.47296142578125, 291.9975280761719, 292.5059509277344, 292.9825439453125, 293.41259765625, 293.78289794921875, 294.08203125, 294.3007507324219, 294.432373046875, 294.4727783203125, 294.4207458496094, 294.2779235839844, 294.04864501953125, 293.739990234375, 293.36151123046875, 292.9248046875, 292.4433898925781, 291.93206787109375, 291.4065856933594, 290.8831787109375, 290.3779296875, 289.9064025878906, 289.4831848144531, 289.1212463378906, 288.831787109375, 288.6236877441406, 288.50341796875, 288.474609375, 288.5382080078125, 288.6922302246094, 288.93194580078125, 289.2499694824219, 289.6364440917969, 290.0795593261719, 290.5655822753906, 291.0795593261719, 291.60565185546875, 292.127685546875, 292.6295166015625, 293.0957336425781, 293.5119323730469, 293.8653259277344, 294.1449890136719, 294.3423156738281, 294.45123291015625, 294.4683837890625, 294.3932189941406, 294.22808837890625, 293.97808837890625, 293.6508483886719, 293.25653076171875, 292.8072509765625, 292.3168640136719, 291.80047607421875, 291.27398681640625, 290.7536315917969, 290.2554626464844, 289.7947692871094, 289.38580322265625, 289.0411682128906, 288.77142333984375, 288.5849609375, 288.4874572753906, 288.4819641113281, 288.568603515625, 288.7447509765625, 289.0049743652344, 289.34124755859375, 289.7431945800781, 290.19842529296875, 290.69293212890625, 291.21148681640625, 289.74310302734375, 290.2677001953125, 290.7760925292969, 291.252685546875, 291.6827392578125, 292.0530700683594, 292.3521728515625, 292.5709228515625, 292.7025146484375, 292.742919921875, 292.69091796875, 292.5480651855469, 292.31878662109375, 292.0101318359375, 291.63165283203125, 291.1949768066406, 290.7135314941406, 290.20220947265625, 289.6767578125, 289.1533203125, 288.6480712890625, 288.17657470703125, 287.7533264160156, 287.3913879394531, 287.1019287109375, 286.8938293457031, 286.7735595703125, 286.7447814941406, 286.8083801269531, 286.96240234375, 287.20208740234375, 287.5201110839844, 287.9066162109375, 288.3497009277344, 288.8357238769531, 289.3497009277344, 289.8758239746094, 290.3978271484375, 290.8996887207031, 291.3658752441406, 291.7820739746094, 292.1354675292969, 292.4151306152344, 292.6124572753906, 292.72137451171875, 292.738525390625, 292.66339111328125, 292.4982604980469, 292.24822998046875, 291.9210205078125, 291.5267028808594, 291.0774230957031, 290.5870361328125, 290.07061767578125, 289.5441589355469, 289.0238037109375, 288.5256042480469, 288.0649108886719, 287.65594482421875, 287.3113098144531, 287.0415954589844, 286.8551025390625, 286.7575988769531, 286.7521057128906, 286.8387756347656, 287.0149230957031, 287.2751159667969, 287.61138916015625, 288.0133361816406, 288.46856689453125, 288.9631042480469, 289.4816589355469, 288, 288.5245666503906, 289.0329895019531, 289.50958251953125, 289.93963623046875, 290.3099365234375, 290.60906982421875, 290.8277893066406, 290.95941162109375, 290.99981689453125, 290.9477844238281, 290.8049621582031, 290.57568359375, 290.26702880859375, 289.8885192871094, 289.45184326171875, 288.9704284667969, 288.4591064453125, 287.9336242675781, 287.41021728515625, 286.90496826171875, 286.4334411621094, 286.01019287109375, 285.6482849121094, 285.35882568359375, 285.1507263183594, 285.0304260253906, 285.00164794921875, 285.06524658203125, 285.2192687988281, 285.458984375, 285.7769775390625, 286.1634826660156, 286.6065979003906, 287.0926208496094, 287.6065979003906, 288.1326904296875, 288.65472412109375, 289.15655517578125, 289.6227722167969, 290.0389709472656, 290.3923645019531, 290.6720275878906, 290.8693542480469, 290.978271484375, 290.99542236328125, 290.9202575683594, 290.755126953125, 290.505126953125, 290.1778869628906, 289.7835693359375, 289.33428955078125, 288.8439025878906, 288.3275146484375, 287.801025390625, 287.2806701660156, 286.782470703125, 286.3218078613281, 285.912841796875, 285.56817626953125, 285.2984619140625, 285.11199951171875, 285.0144958496094, 285.0090026855469, 285.09564208984375, 285.27178955078125, 285.5320129394531, 285.8682861328125, 286.2702331542969, 286.7254638671875, 287.219970703125, 287.738525390625]
    double[] data:values.timeSamples = {
        0: [288, 288.5245666503906, 289.0329895019531, 289.50958251953125, 289.93963623046875, 290.3099365234375, 290.60906982421875, 290.8277893066406, 290.95941162109375, 290.99981689453125, 290.9477844238281, 290.8049621582031, 290.57568359375, 290.26702880859375, 289.8885192871094, 289.45184326171875, 288.9704284667969, 288.4591064453125, 287.9336242675781, 287.41021728515625, 286.90496826171875, 286.4334411621094, 286.01019287109375, 285.6482849121094, 285.35882568359375, 285.1507263183594, 285.0304260253906, 285.00164794921875, 285.06524658203125, 285.2192687988281, 285.458984375, 285.7769775390625, 286.1634826660156, 286.6065979003906, 287.0926208496094, 287.6065979003906, 288.1326904296875, 288.65472412109375, 289.15655517578125, 289.6227722167969, 290.0389709472656, 290.3923645019531, 290.6720275878906, 290.8693542480469, 290.978271484375, 290.99542236328125, 290.9202575683594, 290.755126953125, 290.505126953125, 290.1778869628906, 289.7835693359375, 289.33428955078125, 288.8439025878906, 288.3275146484375, 287.801025390625, 287.2806701660156, 286.782470703125, 286.3218078613281, 285.912841796875, 285.56817626953125, 285.2984619140625, 285.11199951171875, 285.0144958496094, 285.0090026855469, 285.09564208984375, 285.27178955078125, 285.5320129394531, 285.8682861328125, 286.2702331542969, 286.7254638671875, 287.219970703125, 287.738525390625, 289.74310302734375, 290.2677001953125, 290.7760925292969, 291.252685546875, 291.6827392578125, 292.0530700683594, 292.3521728515625, 292.5709228515625, 292.7025146484375, 292.742919921875, 292.69091796875, 292.5480651855469, 292.31878662109375, 292.0101318359375, 291.63165283203125, 291.1949768066406, 290.7135314941406, 290.20220947265625, 289.6767578125, 289.1533203125, 288.6480712890625, 288.17657470703125, 287.7533264160156, 287.3913879394531, 287.1019287109375, 286.8938293457031, 286.7735595703125, 286.7447814941406, 286.8083801269531, 286.96240234375, 287.20208740234375, 287.5201110839844, 287.9066162109375, 288.3497009277344, 288.8357238769531, 289.3497009277344, 289.8758239746094, 290.3978271484375, 290.8996887207031, 291.3658752441406, 291.7820739746094, 292.1354675292969, 292.4151306152344, 292.6124572753906, 292.72137451171875, 292.738525390625, 292.66339111328125, 292.4982604980469, 292.24822998046875, 291.9210205078125, 291.5267028808594, 291.0774230957031, 290.5870361328125, 290.07061767578125, 289.5441589355469, 289.0238037109375, 288.5256042480469, 288.0649108886719, 287.65594482421875, 287.3113098144531, 287.0415954589844, 286.8551025390625, 286.7575988769531, 286.7521057128906, 286.8387756347656, 287.0149230957031, 287.2751159667969, 287.61138916015625, 288.0133361816406, 288.46856689453125, 288.9631042480469, 289.4816589355469, 291.47296142578125, 291.9975280761719, 292.5059509277344, 292.9825439453125, 293.41259765625, 293.78289794921875, 294.08203125, 294.3007507324219, 294.432373046875, 294.4727783203125, 294.4207458496094, 294.2779235839844, 294.04864501953125, 293.739990234375, 293.36151123046875, 292.9248046875, 292.4433898925781, 291.93206787109375, 291.4065856933594, 290.8831787109375, 290.3779296875, 289.9064025878906, 289.4831848144531, 289.1212463378906, 288.831787109375, 288.6236877441406, 288.50341796875, 288.474609375, 288.5382080078125, 288.6922302246094, 288.93194580078125, 289.2499694824219, 289.6364440917969, 290.0795593261719, 290.5655822753906, 291.0795593261719, 291.60565185546875, 292.127685546875, 292.6295166015625, 293.0957336425781, 293.5119323730469, 293.8653259277344, 294.1449890136719, 294.3423156738281, 294.45123291015625, 294.4683837890625, 294.3932189941406, 294.22808837890625, 293.97808837890625, 293.6508483886719, 293.25653076171875, 292.8072509765625, 292.3168640136719, 291.80047607421875, 291.27398681640625, 290.7536315917969, 290.2554626464844, 289.7947692871094, 289.38580322265625, 289.0411682128906, 288.77142333984375, 288.5849609375, 288.4874572753906, 288.4819641113281, 288.568603515625, 288.7447509765625, 289.0049743652344, 289.34124755859375, 289.7431945800781, 290.19842529296875, 290.69293212890625, 291.21148681640625, 293.1763916015625, 293.7009582519531, 294.2093811035156, 294.6859436035156, 295.11602783203125, 295.486328125, 295.78546142578125, 296.0041809082031, 296.1357727050781, 296.17620849609375, 296.1241760253906, 295.9813232421875, 295.7520446777344, 295.44342041015625, 295.0649108886719, 294.62823486328125, 294.1468200683594, 293.635498046875, 293.1100158691406, 292.5865783691406, 292.0813293457031, 291.6098327636719, 291.18658447265625, 290.82464599609375, 290.5351867675781, 290.3271179199219, 290.2068176269531, 290.17803955078125, 290.24163818359375, 290.3956604003906, 290.6353759765625, 290.953369140625, 291.3398742675781, 291.782958984375, 292.26898193359375, 292.7829895019531, 293.30908203125, 293.8310852050781, 294.33294677734375, 294.7991638183594, 295.2153625488281, 295.5687255859375, 295.848388671875, 296.04571533203125, 296.1546325683594, 296.1717834472656, 296.0966491699219, 295.9315185546875, 295.6814880371094, 295.3542785644531, 294.9599609375, 294.51068115234375, 294.0202941894531, 293.50390625, 292.9774169921875, 292.4570617675781, 291.9588623046875, 291.4981994628906, 291.0892333984375, 290.74456787109375, 290.474853515625, 290.2883605957031, 290.19085693359375, 290.18536376953125, 290.27203369140625, 290.44818115234375, 290.7084045410156, 291.0446472167969, 291.44659423828125, 291.90185546875, 292.3963623046875, 292.9149169921875, 294.84039306640625, 295.364990234375, 295.8733825683594, 296.3499755859375, 296.780029296875, 297.15032958984375, 297.449462890625, 297.668212890625, 297.7998046875, 297.8402099609375, 297.7882080078125, 297.6453552246094, 297.41607666015625, 297.107421875, 296.72894287109375, 296.292236328125, 295.8108215332031, 295.29949951171875, 294.7740478515625, 294.2506103515625, 293.745361328125, 293.27386474609375, 292.8506164550781, 292.4886779785156, 292.19921875, 291.9911193847656, 291.870849609375, 291.842041015625, 291.9056396484375, 292.0596923828125, 292.29937744140625, 292.6174011230469, 293.00390625, 293.4469909667969, 293.9330139160156, 294.4469909667969, 294.9731140136719, 295.4951171875, 295.9969787597656, 296.4631652832031, 296.8793640136719, 297.2327575683594, 297.5124206542969, 297.7097473144531, 297.81866455078125, 297.8358154296875, 297.76068115234375, 297.5955505371094, 297.34552001953125, 297.018310546875, 296.6239929199219, 296.1747131347656, 295.684326171875, 295.16790771484375, 294.6414489746094, 294.12109375, 293.6228942871094, 293.1622009277344, 292.75323486328125, 292.4085998535156, 292.13885498046875, 291.952392578125, 291.8548889160156, 291.8493957519531, 291.9360656738281, 292.1122131347656, 292.3724060058594, 292.70867919921875, 293.1106262207031, 293.56585693359375, 294.0603942871094, 294.5789489746094, 296.4523620605469, 296.9769287109375, 297.4853515625, 297.9619445800781, 298.3919982910156, 298.7622985839844, 299.0614318847656, 299.2801513671875, 299.4117736816406, 299.4521789550781, 299.4001770019531, 299.25732421875, 299.0280456542969, 298.7193908691406, 298.3409118652344, 297.9042053222656, 297.42279052734375, 296.9114685058594, 296.385986328125, 295.8625793457031, 295.3573303222656, 294.88580322265625, 294.46258544921875, 294.10064697265625, 293.8111877441406, 293.60308837890625, 293.4828186035156, 293.4540100097656, 293.5176086425781, 293.671630859375, 293.9113464355469, 294.2293701171875, 294.6158447265625, 295.0589599609375, 295.54498291015625, 296.0589599609375, 296.5850524902344, 297.1070861816406, 297.6089172363281, 298.07513427734375, 298.4913330078125, 298.8447265625, 299.1243896484375, 299.32171630859375, 299.4306335449219, 299.4477844238281, 299.37261962890625, 299.2074890136719, 298.9574890136719, 298.6302490234375, 298.2359313964844, 297.78668212890625, 297.2962646484375, 296.7798767089844, 296.2533874511719, 295.7330322265625, 295.23486328125, 294.774169921875, 294.3652038574219, 294.02056884765625, 293.7508239746094, 293.5643615722656, 293.46685791015625, 293.46136474609375, 293.5480041503906, 293.7241516113281, 293.984375, 294.3206481933594, 294.72259521484375, 295.1778259277344, 295.6723327636719, 296.1908874511719, 298, 298.5245666503906, 299.0329895019531, 299.50958251953125, 299.93963623046875, 300.3099365234375, 300.60906982421875, 300.8277893066406, 300.95941162109375, 300.99981689453125, 300.9477844238281, 300.8049621582031, 300.57568359375, 300.26702880859375, 299.8885192871094, 299.45184326171875, 298.9704284667969, 298.4591064453125, 297.9336242675781, 297.41021728515625, 296.90496826171875, 296.4334411621094, 296.01019287109375, 295.6482849121094, 295.35882568359375, 295.1507263183594, 295.0304260253906, 295.00164794921875, 295.06524658203125, 295.2192687988281, 295.458984375, 295.7769775390625, 296.1634826660156, 296.6065979003906, 297.0926208496094, 297.6065979003906, 298.1326904296875, 298.65472412109375, 299.15655517578125, 299.6227722167969, 300.0389709472656, 300.3923645019531, 300.6720275878906, 300.8693542480469, 300.978271484375, 300.99542236328125, 300.9202575683594, 300.755126953125, 300.505126953125, 300.1778869628906, 299.7835693359375, 299.33428955078125, 298.8439025878906, 298.3275146484375, 297.801025390625, 297.2806701660156, 296.782470703125, 296.3218078613281, 295.912841796875, 295.56817626953125, 295.2984619140625, 295.11199951171875, 295.0144958496094, 295.0090026855469, 295.09564208984375, 295.27178955078125, 295.5320129394531, 295.8682861328125, 296.2702331542969, 296.7254638671875, 297.219970703125, 297.738525390625, 299.4715270996094, 299.99609375, 300.5045166015625, 300.9811096191406, 301.4111633300781, 301.7814636230469, 302.0805969238281, 302.29931640625, 302.4309387207031, 302.4713439941406, 302.4193115234375, 302.2764892578125, 302.0472106933594, 301.7385559082031, 301.3600769042969, 300.9233703613281, 300.44195556640625, 299.9306335449219, 299.4051513671875, 298.8817443847656, 298.3764953613281, 297.90496826171875, 297.48175048828125, 297.11981201171875, 296.8303527832031, 296.62225341796875, 296.5019836425781, 296.4731750488281, 296.5367736816406, 296.6907958984375, 296.9305114746094, 297.24853515625, 297.635009765625, 298.078125, 298.56414794921875, 299.078125, 299.6042175292969, 300.1262512207031, 300.6280822753906, 301.09429931640625, 301.510498046875, 301.8638916015625, 302.1435546875, 302.34088134765625, 302.4497985839844, 302.4669494628906, 302.39178466796875, 302.2266540527344, 301.9766540527344, 301.6494140625, 301.2550964355469, 300.8058166503906, 300.3154296875, 299.7990417480469, 299.2725524902344, 298.752197265625, 298.2540283203125, 297.7933349609375, 297.3843688964844, 297.0397033691406, 296.7699890136719, 296.5835266113281, 296.48602294921875, 296.48052978515625, 296.5671691894531, 296.7433166503906, 297.0035400390625, 297.3398132324219, 297.74176025390625, 298.1969909667969, 298.6914978027344, 299.2100524902344, 300.8557434082031, 301.3803405761719, 301.88873291015625, 302.3653259277344, 302.7953796386719, 303.1656799316406, 303.4648132324219, 303.6835632324219, 303.8151550292969, 303.8555603027344, 303.8035583496094, 303.66070556640625, 303.4314270019531, 303.1227722167969, 302.7442932128906, 302.3075866699219, 301.826171875, 301.3148498535156, 300.7893981933594, 300.2659606933594, 299.7607116699219, 299.2891845703125, 298.865966796875, 298.5040283203125, 298.2145690917969, 298.0064697265625, 297.8861999511719, 297.8573913574219, 297.9209899902344, 298.0750427246094, 298.3147277832031, 298.63275146484375, 299.0192565917969, 299.46234130859375, 299.9483642578125, 300.46234130859375, 300.98846435546875, 301.5104675292969, 302.0122985839844, 302.478515625, 302.89471435546875, 303.24810791015625, 303.52777099609375, 303.72509765625, 303.8340148925781, 303.8511657714844, 303.7760314941406, 303.61090087890625, 303.3608703613281, 303.0336608886719, 302.63934326171875, 302.1900634765625, 301.6996765136719, 301.1832580566406, 300.6567687988281, 300.13641357421875, 299.63824462890625, 299.17755126953125, 298.7685852050781, 298.4239501953125, 298.1542053222656, 297.9677429199219, 297.8702392578125, 297.86474609375, 297.951416015625, 298.1275634765625, 298.38775634765625, 298.7240295410156, 299.1259765625, 299.5812072753906, 300.07574462890625, 300.59429931640625, 302.14215087890625, 302.6667175292969, 303.17510986328125, 303.6517028808594, 304.081787109375, 304.45208740234375, 304.7511901855469, 304.9699401855469, 305.1015319824219, 305.1419372558594, 305.0899353027344, 304.94708251953125, 304.7178039550781, 304.4091796875, 304.0306701660156, 303.593994140625, 303.112548828125, 302.6012268066406, 302.0757751464844, 301.5523376464844, 301.0470886230469, 300.5755920410156, 300.15234375, 299.7904052734375, 299.5009460449219, 299.2928771972656, 299.1725769042969, 299.143798828125, 299.2073974609375, 299.3614196777344, 299.60113525390625, 299.91912841796875, 300.3056335449219, 300.74871826171875, 301.2347412109375, 301.74871826171875, 302.27484130859375, 302.7968444824219, 303.2987060546875, 303.764892578125, 304.1811218261719, 304.53448486328125, 304.81414794921875, 305.011474609375, 305.1203918457031, 305.1375427246094, 305.0624084472656, 304.89727783203125, 304.6472473144531, 304.3200378417969, 303.92572021484375, 303.4764404296875, 302.9860534667969, 302.46966552734375, 301.94317626953125, 301.4228210449219, 300.92462158203125, 300.4639587402344, 300.05499267578125, 299.7103271484375, 299.44061279296875, 299.2541198730469, 299.1566162109375, 299.151123046875, 299.23779296875, 299.4139404296875, 299.6741638183594, 300.0104064941406, 300.412353515625, 300.86761474609375, 301.36212158203125, 301.88067626953125, 303.3208923339844, 303.845458984375, 304.3538818359375, 304.8304443359375, 305.2605285644531, 305.6308288574219, 305.9299621582031, 306.148681640625, 306.2803039550781, 306.3207092285156, 306.2686767578125, 306.1258239746094, 305.89654541015625, 305.5879211425781, 305.20941162109375, 304.7727355957031, 304.29132080078125, 303.7799987792969, 303.2545166015625, 302.7311096191406, 302.2258605957031, 301.75433349609375, 301.3310852050781, 300.96917724609375, 300.6796875, 300.47161865234375, 300.351318359375, 300.3225402832031, 300.3861389160156, 300.5401611328125, 300.7798767089844, 301.0978698730469, 301.484375, 301.9274597167969, 302.41351318359375, 302.927490234375, 303.4535827636719, 303.9756164550781, 304.4774475097656, 304.94366455078125, 305.35986328125, 305.7132263183594, 305.9928894042969, 306.19024658203125, 306.2991638183594, 306.3163146972656, 306.24114990234375, 306.0760192871094, 305.82598876953125, 305.498779296875, 305.1044616699219, 304.6551818847656, 304.164794921875, 303.6484069824219, 303.1219177246094, 302.6015625, 302.1033630371094, 301.6427001953125, 301.2337341308594, 300.8890686035156, 300.6193542480469, 300.432861328125, 300.33538818359375, 300.3298645019531, 300.4165344238281, 300.5926818847656, 300.8529052734375, 301.1891784667969, 301.5910949707031, 302.0463562011719, 302.5408630371094, 303.0594177246094, 304.3830261230469, 304.9076232910156, 305.416015625, 305.8926086425781, 306.32269287109375, 306.6929931640625, 306.9920959472656, 307.2108459472656, 307.3424377441406, 307.3828430175781, 307.3308410644531, 307.18798828125, 306.9587097167969, 306.6500549316406, 306.2715759277344, 305.83489990234375, 305.35345458984375, 304.8421325683594, 304.3166809082031, 303.7932434082031, 303.2879943847656, 302.8164978027344, 302.39324951171875, 302.03131103515625, 301.7418518066406, 301.5337829589844, 301.4134826660156, 301.38470458984375, 301.44830322265625, 301.6023254394531, 301.842041015625, 302.1600341796875, 302.5465393066406, 302.9896240234375, 303.47564697265625, 303.9896240234375, 304.5157470703125, 305.0377502441406, 305.53961181640625, 306.00579833984375, 306.4220275878906, 306.775390625, 307.0550537109375, 307.25238037109375, 307.3612976074219, 307.3784484863281, 307.3033142089844, 307.13818359375, 306.8881530761719, 306.5609436035156, 306.1666259765625, 305.71734619140625, 305.2269592285156, 304.7105712890625, 304.18408203125, 303.6637268066406, 303.16552734375, 302.7048645019531, 302.2958984375, 301.95123291015625, 301.6815185546875, 301.4950256347656, 301.39752197265625, 301.39202880859375, 301.47869873046875, 301.65484619140625, 301.9150695800781, 302.2513122558594, 302.65325927734375, 303.1085205078125, 303.60302734375, 304.12158203125, 305.32049560546875, 305.8450927734375, 306.3534851074219, 306.830078125, 307.2601318359375, 307.6304626464844, 307.9295654296875, 308.1483154296875, 308.2799072265625, 308.3203125, 308.268310546875, 308.1254577636719, 307.89617919921875, 307.5875244140625, 307.20904541015625, 306.7723693847656, 306.2909240722656, 305.77960205078125, 305.254150390625, 304.730712890625, 304.2254638671875, 303.75396728515625, 303.3307189941406, 302.9687805175781, 302.6793212890625, 302.47125244140625, 302.3509521484375, 302.3221740722656, 302.3857727050781, 302.539794921875, 302.77947998046875, 303.0975036621094, 303.4840087890625, 303.9270935058594, 304.4131164550781, 304.9270935058594, 305.4532165527344, 305.9752197265625, 306.4770812988281, 306.9432678222656, 307.3594665527344, 307.7128601074219, 307.9925231933594, 308.1898498535156, 308.29876708984375, 308.31591796875, 308.24078369140625, 308.0756530761719, 307.82562255859375, 307.4984130859375, 307.1040954589844, 306.6548156738281, 306.1644287109375, 305.64801025390625, 305.1215515136719, 304.6011962890625, 304.1029968261719, 303.6423034667969, 303.23333740234375, 302.8887023925781, 302.6189880371094, 302.4324951171875, 302.3349914550781, 302.3294982910156, 302.4161682128906, 302.5923156738281, 302.8525085449219, 303.18878173828125, 303.5907287597656, 304.04595947265625, 304.5404968261719, 305.0590515136719, 306.12615966796875, 306.6507263183594, 307.1591491699219, 307.6357116699219, 308.0657958984375, 308.43609619140625, 308.7352294921875, 308.9539489746094, 309.0855712890625, 309.1259765625, 309.0739440917969, 308.93109130859375, 308.7018127441406, 308.3931884765625, 308.0146789550781, 307.5780029296875, 307.0965881347656, 306.58526611328125, 306.0597839355469, 305.536376953125, 305.0311279296875, 304.5596008300781, 304.1363525390625, 303.7744445800781, 303.4849548339844, 303.2768859863281, 303.1565856933594, 303.1278076171875, 303.19140625, 303.3454284667969, 303.58514404296875, 303.90313720703125, 304.2896423339844, 304.73272705078125, 305.21875, 305.7327575683594, 306.25885009765625, 306.7808837890625, 307.28271484375, 307.7489318847656, 308.1651306152344, 308.51849365234375, 308.79815673828125, 308.9955139160156, 309.10443115234375, 309.12158203125, 309.0464172363281, 308.88128662109375, 308.6312561035156, 308.3040466308594, 307.90972900390625, 307.46044921875, 306.9700622558594, 306.45367431640625, 305.92718505859375, 305.4068298339844, 304.90863037109375, 304.4479675292969, 304.03900146484375, 303.6943359375, 303.42462158203125, 303.2381286621094, 303.1406555175781, 303.1351318359375, 303.2218017578125, 303.39794921875, 303.6581726074219, 303.99444580078125, 304.3963623046875, 304.85162353515625, 305.34613037109375, 305.86468505859375, 306.7938537597656, 307.31842041015625, 307.82684326171875, 308.3034362792969, 308.7334899902344, 309.1037902832031, 309.4029235839844, 309.62164306640625, 309.7532653808594, 309.7936706542969, 309.74163818359375, 309.5987854003906, 309.3695373535156, 309.0608825683594, 308.682373046875, 308.2456970214844, 307.7642822265625, 307.2529602050781, 306.72747802734375, 306.2040710449219, 305.6988220214844, 305.227294921875, 304.8040466308594, 304.442138671875, 304.1526794433594, 303.944580078125, 303.82427978515625, 303.7955017089844, 303.8591003417969, 304.01312255859375, 304.2528381347656, 304.5708312988281, 304.95733642578125, 305.40045166015625, 305.886474609375, 306.40045166015625, 306.9265441894531, 307.4485778808594, 307.9504089355469, 308.4166259765625, 308.83282470703125, 309.18621826171875, 309.46588134765625, 309.6632080078125, 309.7721252441406, 309.7892761230469, 309.714111328125, 309.5489807128906, 309.2989501953125, 308.97174072265625, 308.5774230957031, 308.1281433105469, 307.63775634765625, 307.1213684082031, 306.5948791503906, 306.07452392578125, 305.5763244628906, 305.11566162109375, 304.7066955566406, 304.3620300292969, 304.0923156738281, 303.90582275390625, 303.808349609375, 303.8028564453125, 303.8894958496094, 304.0656433105469, 304.32586669921875, 304.6621398925781, 305.0640869140625, 305.5193176269531, 306.0138244628906, 306.5323791503906, 307.3185119628906, 307.84307861328125, 308.35150146484375, 308.8280944824219, 309.2581481933594, 309.6284484863281, 309.9275817871094, 310.1463317871094, 310.2779235839844, 310.3183288574219, 310.2663269042969, 310.12347412109375, 309.8941955566406, 309.5855407714844, 309.2070617675781, 308.7703552246094, 308.2889404296875, 307.7776184082031, 307.25213623046875, 306.7287292480469, 306.2234802246094, 305.751953125, 305.3287353515625, 304.966796875, 304.6773376464844, 304.46923828125, 304.3489685058594, 304.3201599121094, 304.3837585449219, 304.53778076171875, 304.7774963378906, 305.09552001953125, 305.4820251464844, 305.92510986328125, 306.4111328125, 306.92510986328125, 307.4512023925781, 307.9732360839844, 308.4750671386719, 308.9412841796875, 309.35748291015625, 309.71087646484375, 309.99053955078125, 310.1878662109375, 310.2967834472656, 310.3139343261719, 310.23876953125, 310.0736389160156, 309.8236389160156, 309.4964294433594, 309.1020812988281, 308.65283203125, 308.16241455078125, 307.6460266113281, 307.1195373535156, 306.59918212890625, 306.10101318359375, 305.64031982421875, 305.2313537597656, 304.88671875, 304.6169738769531, 304.4305114746094, 304.3330078125, 304.3275146484375, 304.4141540527344, 304.59033203125, 304.85052490234375, 305.1867980957031, 305.5887451171875, 306.0439758300781, 306.53851318359375, 307.0570373535156, 307.6961669921875, 308.2207336425781, 308.7291564941406, 309.2057189941406, 309.63580322265625, 310.006103515625, 310.30523681640625, 310.5239562988281, 310.6555480957031, 310.69598388671875, 310.6439514160156, 310.5010986328125, 310.2718200683594, 309.96319580078125, 309.5846862792969, 309.14801025390625, 308.6665954589844, 308.1552734375, 307.6297912597656, 307.1063537597656, 306.6011047363281, 306.1296081542969, 305.70635986328125, 305.34442138671875, 305.0549621582031, 304.8468933105469, 304.7265930175781, 304.69781494140625, 304.76141357421875, 304.9154357910156, 305.1551513671875, 305.47314453125, 305.8596496582031, 306.302734375, 306.78875732421875, 307.302734375, 307.828857421875, 308.3508605957031, 308.85272216796875, 309.31890869140625, 309.7351379394531, 310.0885009765625, 310.3681640625, 310.56549072265625, 310.6744079589844, 310.6915588378906, 310.6164245605469, 310.4512939453125, 310.2012634277344, 309.8740539550781, 309.479736328125, 309.03045654296875, 308.5400695800781, 308.023681640625, 307.4971923828125, 306.9768371582031, 306.4786376953125, 306.0179748535156, 305.6090087890625, 305.26434326171875, 304.99462890625, 304.8081359863281, 304.71063232421875, 304.70513916015625, 304.79180908203125, 304.96795654296875, 305.2281799316406, 305.5644226074219, 305.96636962890625, 306.421630859375, 306.9161376953125, 307.4346923828125, 307.92388916015625, 308.4484558105469, 308.9568786621094, 309.4334716796875, 309.863525390625, 310.23382568359375, 310.532958984375, 310.751708984375, 310.88330078125, 310.9237060546875, 310.8717041015625, 310.7288513183594, 310.49957275390625, 310.19091796875, 309.81243896484375, 309.375732421875, 308.8943176269531, 308.38299560546875, 307.8575134277344, 307.3341064453125, 306.828857421875, 306.3573303222656, 305.9341125488281, 305.5721740722656, 305.28271484375, 305.0746154785156, 304.954345703125, 304.925537109375, 304.9891357421875, 305.1431579589844, 305.38287353515625, 305.7008972167969, 306.08740234375, 306.5304870605469, 307.0165100097656, 307.5304870605469, 308.05657958984375, 308.57861328125, 309.0804443359375, 309.5466613769531, 309.9628601074219, 310.3162536621094, 310.5959167480469, 310.7932434082031, 310.90216064453125, 310.9193115234375, 310.8441467285156, 310.67901611328125, 310.42901611328125, 310.101806640625, 309.70745849609375, 309.2582092285156, 308.7677917480469, 308.25140380859375, 307.72491455078125, 307.2045593261719, 306.7063903808594, 306.2456970214844, 305.83673095703125, 305.4920959472656, 305.22235107421875, 305.035888671875, 304.9383850097656, 304.9328918457031, 305.01953125, 305.1957092285156, 305.4559020996094, 305.79217529296875, 306.1941223144531, 306.64935302734375, 307.1438903808594, 307.66241455078125, 308, 308.5245666503906, 309.0329895019531, 309.50958251953125, 309.93963623046875, 310.3099365234375, 310.60906982421875, 310.8277893066406, 310.95941162109375, 310.99981689453125, 310.9477844238281, 310.8049621582031, 310.57568359375, 310.26702880859375, 309.8885192871094, 309.45184326171875, 308.9704284667969, 308.4591064453125, 307.9336242675781, 307.41021728515625, 306.90496826171875, 306.4334411621094, 306.01019287109375, 305.6482849121094, 305.35882568359375, 305.1507263183594, 305.0304260253906, 305.00164794921875, 305.06524658203125, 305.2192687988281, 305.458984375, 305.7769775390625, 306.1634826660156, 306.6065979003906, 307.0926208496094, 307.6065979003906, 308.1326904296875, 308.65472412109375, 309.15655517578125, 309.6227722167969, 310.0389709472656, 310.3923645019531, 310.6720275878906, 310.8693542480469, 310.978271484375, 310.99542236328125, 310.9202575683594, 310.755126953125, 310.505126953125, 310.1778869628906, 309.7835693359375, 309.33428955078125, 308.8439025878906, 308.3275146484375, 307.801025390625, 307.2806701660156, 306.782470703125, 306.3218078613281, 305.912841796875, 305.56817626953125, 305.2984619140625, 305.11199951171875, 305.0144958496094, 305.0090026855469, 305.09564208984375, 305.27178955078125, 305.5320129394531, 305.8682861328125, 306.2702331542969, 306.7254638671875, 307.219970703125, 307.738525390625, 307.92388916015625, 308.4484558105469, 308.9568786621094, 309.4334716796875, 309.863525390625, 310.23382568359375, 310.532958984375, 310.751708984375, 310.88330078125, 310.9237060546875, 310.8717041015625, 310.7288513183594, 310.49957275390625, 310.19091796875, 309.81243896484375, 309.375732421875, 308.8943176269531, 308.38299560546875, 307.8575134277344, 307.3341064453125, 306.828857421875, 306.3573303222656, 305.9341125488281, 305.5721740722656, 305.28271484375, 305.0746154785156, 304.954345703125, 304.925537109375, 304.9891357421875, 305.1431579589844, 305.38287353515625, 305.7008972167969, 306.08740234375, 306.5304870605469, 307.0165100097656, 307.5304870605469, 308.05657958984375, 308.57861328125, 309.0804443359375, 309.5466613769531, 309.9628601074219, 310.3162536621094, 310.5959167480469, 310.7932434082031, 310.90216064453125, 310.9193115234375, 310.8441467285156, 310.67901611328125, 310.42901611328125, 310.101806640625, 309.70745849609375, 309.2582092285156, 308.7677917480469, 308.25140380859375, 307.72491455078125, 307.2045593261719, 306.7063903808594, 306.2456970214844, 305.83673095703125, 305.4920959472656, 305.22235107421875, 305.035888671875, 304.9383850097656, 304.9328918457031, 305.01953125, 305.1957092285156, 305.4559020996094, 305.79217529296875, 306.1941223144531, 306.64935302734375, 307.1438903808594, 307.66241455078125, 307.6961669921875, 308.2207336425781, 308.7291564941406, 309.2057189941406, 309.63580322265625, 310.006103515625, 310.30523681640625, 310.5239562988281, 310.6555480957031, 310.69598388671875, 310.6439514160156, 310.5010986328125, 310.2718200683594, 309.96319580078125, 309.5846862792969, 309.14801025390625, 308.6665954589844, 308.1552734375, 307.6297912597656, 307.1063537597656, 306.6011047363281, 306.1296081542969, 305.70635986328125, 305.34442138671875, 305.0549621582031, 304.8468933105469, 304.7265930175781, 304.69781494140625, 304.76141357421875, 304.9154357910156, 305.1551513671875, 305.47314453125, 305.8596496582031, 306.302734375, 306.78875732421875, 307.302734375, 307.828857421875, 308.3508605957031, 308.85272216796875, 309.31890869140625, 309.7351379394531, 310.0885009765625, 310.3681640625, 310.56549072265625, 310.6744079589844, 310.6915588378906, 310.6164245605469, 310.4512939453125, 310.2012634277344, 309.8740539550781, 309.479736328125, 309.03045654296875, 308.5400695800781, 308.023681640625, 307.4971923828125, 306.9768371582031, 306.4786376953125, 306.0179748535156, 305.6090087890625, 305.26434326171875, 304.99462890625, 304.8081359863281, 304.71063232421875, 304.70513916015625, 304.79180908203125, 304.96795654296875, 305.2281799316406, 305.5644226074219, 305.96636962890625, 306.421630859375, 306.9161376953125, 307.4346923828125, 307.3185119628906, 307.84307861328125, 308.35150146484375, 308.8280944824219, 309.2581481933594, 309.6284484863281, 309.9275817871094, 310.1463317871094, 310.2779235839844, 310.3183288574219, 310.2663269042969, 310.12347412109375, 309.8941955566406, 309.5855407714844, 309.2070617675781, 308.7703552246094, 308.2889404296875, 307.7776184082031, 307.25213623046875, 306.7287292480469, 306.2234802246094, 305.751953125, 305.3287353515625, 304.966796875, 304.6773376464844, 304.46923828125, 304.3489685058594, 304.3201599121094, 304.3837585449219, 304.53778076171875, 304.7774963378906, 305.09552001953125, 305.4820251464844, 305.92510986328125, 306.4111328125, 306.92510986328125, 307.4512023925781, 307.9732360839844, 308.4750671386719, 308.9412841796875, 309.35748291015625, 309.71087646484375, 309.99053955078125, 310.1878662109375, 310.2967834472656, 310.3139343261719, 310.23876953125, 310.0736389160156, 309.8236389160156, 309.4964294433594, 309.1020812988281, 308.65283203125, 308.16241455078125, 307.6460266113281, 307.1195373535156, 306.59918212890625, 306.10101318359375, 305.64031982421875, 305.2313537597656, 304.88671875, 304.6169738769531, 304.4305114746094, 304.3330078125, 304.3275146484375, 304.4141540527344, 304.59033203125, 304.85052490234375, 305.1867980957031, 305.5887451171875, 306.0439758300781, 306.53851318359375, 307.0570373535156, 306.7938537597656, 307.31842041015625, 307.82684326171875, 308.3034362792969, 308.7334899902344, 309.1037902832031, 309.4029235839844, 309.62164306640625, 309.7532653808594, 309.7936706542969, 309.74163818359375, 309.5987854003906, 309.3695373535156, 309.0608825683594, 308.682373046875, 308.2456970214844, 307.7642822265625, 307.2529602050781, 306.72747802734375, 306.2040710449219, 305.6988220214844, 305.227294921875, 304.8040466308594, 304.442138671875, 304.1526794433594, 303.944580078125, 303.82427978515625, 303.7955017089844, 303.8591003417969, 304.01312255859375, 304.2528381347656, 304.5708312988281, 304.95733642578125, 305.40045166015625, 305.886474609375, 306.40045166015625, 306.9265441894531, 307.4485778808594, 307.9504089355469, 308.4166259765625, 308.83282470703125, 309.18621826171875, 309.46588134765625, 309.6632080078125, 309.7721252441406, 309.7892761230469, 309.714111328125, 309.5489807128906, 309.2989501953125, 308.97174072265625, 308.5774230957031, 308.1281433105469, 307.63775634765625, 307.1213684082031, 306.5948791503906, 306.07452392578125, 305.5763244628906, 305.11566162109375, 304.7066955566406, 304.3620300292969, 304.0923156738281, 303.90582275390625, 303.808349609375, 303.8028564453125, 303.8894958496094, 304.0656433105469, 304.32586669921875, 304.6621398925781, 305.0640869140625, 305.5193176269531, 306.0138244628906, 306.5323791503906, 306.12615966796875, 306.6507263183594, 307.1591491699219, 307.6357116699219, 308.0657958984375, 308.43609619140625, 308.7352294921875, 308.9539489746094, 309.0855712890625, 309.1259765625, 309.0739440917969, 308.93109130859375, 308.7018127441406, 308.3931884765625, 308.0146789550781, 307.5780029296875, 307.0965881347656, 306.58526611328125, 306.0597839355469, 305.536376953125, 305.0311279296875, 304.5596008300781, 304.1363525390625, 303.7744445800781, 303.4849548339844, 303.2768859863281, 303.1565856933594, 303.1278076171875, 303.19140625, 303.3454284667969, 303.58514404296875, 303.90313720703125, 304.2896423339844, 304.73272705078125, 305.21875, 305.7327575683594, 306.25885009765625, 306.7808837890625, 307.28271484375, 307.7489318847656, 308.1651306152344, 308.51849365234375, 308.79815673828125, 308.9955139160156, 309.10443115234375, 309.12158203125, 309.0464172363281, 308.88128662109375, 308.6312561035156, 308.3040466308594, 307.90972900390625, 307.46044921875, 306.9700622558594, 306.45367431640625, 305.92718505859375, 305.4068298339844, 304.90863037109375, 304.4479675292969, 304.03900146484375, 303.6943359375, 303.42462158203125, 303.2381286621094, 303.1406555175781, 303.1351318359375, 303.2218017578125, 303.39794921875, 303.6581726074219, 303.99444580078125, 304.3963623046875, 304.85162353515625, 305.34613037109375, 305.86468505859375, 305.32049560546875, 305.8450927734375, 306.3534851074219, 306.830078125, 307.2601318359375, 307.6304626464844, 307.9295654296875, 308.1483154296875, 308.2799072265625, 308.3203125, 308.268310546875, 308.1254577636719, 307.89617919921875, 307.5875244140625, 307.20904541015625, 306.7723693847656, 306.2909240722656, 305.77960205078125, 305.254150390625, 304.730712890625, 304.2254638671875, 303.75396728515625, 303.3307189941406, 302.9687805175781, 302.6793212890625, 302.47125244140625, 302.3509521484375, 302.3221740722656, 302.3857727050781, 302.539794921875, 302.77947998046875, 303.0975036621094, 303.4840087890625, 303.9270935058594, 304.4131164550781, 304.9270935058594, 305.4532165527344, 305.9752197265625, 306.4770812988281, 306.9432678222656, 307.3594665527344, 307.7128601074219, 307.9925231933594, 308.1898498535156, 308.29876708984375, 308.31591796875, 308.24078369140625, 308.0756530761719, 307.82562255859375, 307.4984130859375, 307.1040954589844, 306.6548156738281, 306.1644287109375, 305.64801025390625, 305.1215515136719, 304.6011962890625, 304.1029968261719, 303.6423034667969, 303.23333740234375, 302.8887023925781, 302.6189880371094, 302.4324951171875, 302.3349914550781, 302.3294982910156, 302.4161682128906, 302.5923156738281, 302.8525085449219, 303.18878173828125, 303.5907287597656, 304.04595947265625, 304.5404968261719, 305.0590515136719, 304.3830261230469, 304.9076232910156, 305.416015625, 305.8926086425781, 306.32269287109375, 306.6929931640625, 306.9920959472656, 307.2108459472656, 307.3424377441406, 307.3828430175781, 307.3308410644531, 307.18798828125, 306.9587097167969, 306.6500549316406, 306.2715759277344, 305.83489990234375, 305.35345458984375, 304.8421325683594, 304.3166809082031, 303.7932434082031, 303.2879943847656, 302.8164978027344, 302.39324951171875, 302.03131103515625, 301.7418518066406, 301.5337829589844, 301.4134826660156, 301.38470458984375, 301.44830322265625, 301.6023254394531, 301.842041015625, 302.1600341796875, 302.5465393066406, 302.9896240234375, 303.47564697265625, 303.9896240234375, 304.5157470703125, 305.0377502441406, 305.53961181640625, 306.00579833984375, 306.4220275878906, 306.775390625, 307.0550537109375, 307.25238037109375, 307.3612976074219, 307.3784484863281, 307.3033142089844, 307.13818359375, 306.8881530761719, 306.5609436035156, 306.1666259765625, 305.71734619140625, 305.2269592285156, 304.7105712890625, 304.18408203125, 303.6637268066406, 303.16552734375, 302.7048645019531, 302.2958984375, 301.95123291015625, 301.6815185546875, 301.4950256347656, 301.39752197265625, 301.39202880859375, 301.47869873046875, 301.65484619140625, 301.9150695800781, 302.2513122558594, 302.65325927734375, 303.1085205078125, 303.60302734375, 304.12158203125, 303.3208923339844, 303.845458984375, 304.3538818359375, 304.8304443359375, 305.2605285644531, 305.6308288574219, 305.9299621582031, 306.148681640625, 306.2803039550781, 306.3207092285156, 306.2686767578125, 306.1258239746094, 305.89654541015625, 305.5879211425781, 305.20941162109375, 304.7727355957031, 304.29132080078125, 303.7799987792969, 303.2545166015625, 302.7311096191406, 302.2258605957031, 301.75433349609375, 301.3310852050781, 300.96917724609375, 300.6796875, 300.47161865234375, 300.351318359375, 300.3225402832031, 300.3861389160156, 300.5401611328125, 300.7798767089844, 301.0978698730469, 301.484375, 301.9274597167969, 302.41351318359375, 302.927490234375, 303.4535827636719, 303.9756164550781, 304.4774475097656, 304.94366455078125, 305.35986328125, 305.7132263183594, 305.9928894042969, 306.19024658203125, 306.2991638183594, 306.3163146972656, 306.24114990234375, 306.0760192871094, 305.82598876953125, 305.498779296875, 305.1044616699219, 304.6551818847656, 304.164794921875, 303.6484069824219, 303.1219177246094, 302.6015625, 302.1033630371094, 301.6427001953125, 301.2337341308594, 300.8890686035156, 300.6193542480469, 300.432861328125, 300.33538818359375, 300.3298645019531, 300.4165344238281, 300.5926818847656, 300.8529052734375, 301.1891784667969, 301.5910949707031, 302.0463562011719, 302.5408630371094, 303.0594177246094, 302.14215087890625, 302.6667175292969, 303.17510986328125, 303.6517028808594, 304.081787109375, 304.45208740234375, 304.7511901855469, 304.9699401855469, 305.1015319824219, 305.1419372558594, 305.0899353027344, 304.94708251953125, 304.7178039550781, 304.4091796875, 304.0306701660156, 303.593994140625, 303.112548828125, 302.6012268066406, 302.0757751464844, 301.5523376464844, 301.0470886230469, 300.5755920410156, 300.15234375, 299.7904052734375, 299.5009460449219, 299.2928771972656, 299.1725769042969, 299.143798828125, 299.2073974609375, 299.3614196777344, 299.60113525390625, 299.91912841796875, 300.3056335449219, 300.74871826171875, 301.2347412109375, 301.74871826171875, 302.27484130859375, 302.7968444824219, 303.2987060546875, 303.764892578125, 304.1811218261719, 304.53448486328125, 304.81414794921875, 305.011474609375, 305.1203918457031, 305.1375427246094, 305.0624084472656, 304.89727783203125, 304.6472473144531, 304.3200378417969, 303.92572021484375, 303.4764404296875, 302.9860534667969, 302.46966552734375, 301.94317626953125, 301.4228210449219, 300.92462158203125, 300.4639587402344, 300.05499267578125, 299.7103271484375, 299.44061279296875, 299.2541198730469, 299.1566162109375, 299.151123046875, 299.23779296875, 299.4139404296875, 299.6741638183594, 300.0104064941406, 300.412353515625, 300.86761474609375, 301.36212158203125, 301.88067626953125, 300.8557434082031, 301.3803405761719, 301.88873291015625, 302.3653259277344, 302.7953796386719, 303.1656799316406, 303.4648132324219, 303.6835632324219, 303.8151550292969, 303.8555603027344, 303.8035583496094, 303.66070556640625, 303.4314270019531, 303.1227722167969, 302.7442932128906, 302.3075866699219, 301.826171875, 301.3148498535156, 300.7893981933594, 300.2659606933594, 299.7607116699219, 299.2891845703125, 298.865966796875, 298.5040283203125, 298.2145690917969, 298.0064697265625, 297.8861999511719, 297.8573913574219, 297.9209899902344, 298.0750427246094, 298.3147277832031, 298.63275146484375, 299.0192565917969, 299.46234130859375, 299.9483642578125, 300.46234130859375, 300.98846435546875, 301.5104675292969, 302.0122985839844, 302.478515625, 302.89471435546875, 303.24810791015625, 303.52777099609375, 303.72509765625, 303.8340148925781, 303.8511657714844, 303.7760314941406, 303.61090087890625, 303.3608703613281, 303.0336608886719, 302.63934326171875, 302.1900634765625, 301.6996765136719, 301.1832580566406, 300.6567687988281, 300.13641357421875, 299.63824462890625, 299.17755126953125, 298.7685852050781, 298.4239501953125, 298.1542053222656, 297.9677429199219, 297.8702392578125, 297.86474609375, 297.951416015625, 298.1275634765625, 298.38775634765625, 298.7240295410156, 299.1259765625, 299.5812072753906, 300.07574462890625, 300.59429931640625, 299.4715270996094, 299.99609375, 300.5045166015625, 300.9811096191406, 301.4111633300781, 301.7814636230469, 302.0805969238281, 302.29931640625, 302.4309387207031, 302.4713439941406, 302.4193115234375, 302.2764892578125, 302.0472106933594, 301.7385559082031, 301.3600769042969, 300.9233703613281, 300.44195556640625, 299.9306335449219, 299.4051513671875, 298.8817443847656, 298.3764953613281, 297.90496826171875, 297.48175048828125, 297.11981201171875, 296.8303527832031, 296.62225341796875, 296.5019836425781, 296.4731750488281, 296.5367736816406, 296.6907958984375, 296.9305114746094, 297.24853515625, 297.635009765625, 298.078125, 298.56414794921875, 299.078125, 299.6042175292969, 300.1262512207031, 300.6280822753906, 301.09429931640625, 301.510498046875, 301.8638916015625, 302.1435546875, 302.34088134765625, 302.4497985839844, 302.4669494628906, 302.39178466796875, 302.2266540527344, 301.9766540527344, 301.6494140625, 301.2550964355469, 300.8058166503906, 300.3154296875, 299.7990417480469, 299.2725524902344, 298.752197265625, 298.2540283203125, 297.7933349609375, 297.3843688964844, 297.0397033691406, 296.7699890136719, 296.5835266113281, 296.48602294921875, 296.48052978515625, 296.5671691894531, 296.7433166503906, 297.0035400390625, 297.3398132324219, 297.74176025390625, 298.1969909667969, 298.6914978027344, 299.2100524902344, 298, 298.5245666503906, 299.0329895019531, 299.50958251953125, 299.93963623046875, 300.3099365234375, 300.60906982421875, 300.8277893066406, 300.95941162109375, 300.99981689453125, 300.9477844238281, 300.8049621582031, 300.57568359375, 300.26702880859375, 299.8885192871094, 299.45184326171875, 298.9704284667969, 298.4591064453125, 297.9336242675781, 297.41021728515625, 296.90496826171875, 296.4334411621094, 296.01019287109375, 295.6482849121094, 295.35882568359375, 295.1507263183594, 295.0304260253906, 295.00164794921875, 295.06524658203125, 295.2192687988281, 295.458984375, 295.7769775390625, 296.1634826660156, 296.6065979003906, 297.0926208496094, 297.6065979003906, 298.1326904296875, 298.65472412109375, 299.15655517578125, 299.6227722167969, 300.0389709472656, 300.3923645019531, 300.6720275878906, 300.8693542480469, 300.978271484375, 300.99542236328125, 300.9202575683594, 300.755126953125, 300.505126953125, 300.1778869628906, 299.7835693359375, 299.33428955078125, 298.8439025878906, 298.3275146484375, 297.801025390625, 297.2806701660156, 296.782470703125, 296.3218078613281, 295.912841796875, 295.56817626953125, 295.2984619140625, 295.11199951171875, 295.0144958496094, 295.0090026855469, 295.09564208984375, 295.27178955078125, 295.5320129394531, 295.8682861328125, 296.2702331542969, 296.7254638671875, 297.219970703125, 297.738525390625, 296.4523620605469, 296.9769287109375, 297.4853515625, 297.9619445800781, 298.3919982910156, 298.7622985839844, 299.0614318847656, 299.2801513671875, 299.4117736816406, 299.4521789550781, 299.4001770019531, 299.25732421875, 299.0280456542969, 298.7193908691406, 298.3409118652344, 297.9042053222656, 297.42279052734375, 296.9114685058594, 296.385986328125, 295.8625793457031, 295.3573303222656, 294.88580322265625, 294.46258544921875, 294.10064697265625, 293.8111877441406, 293.60308837890625, 293.4828186035156, 293.4540100097656, 293.5176086425781, 293.671630859375, 293.9113464355469, 294.2293701171875, 294.6158447265625, 295.0589599609375, 295.54498291015625, 296.0589599609375, 296.5850524902344, 297.1070861816406, 297.6089172363281, 298.07513427734375, 298.4913330078125, 298.8447265625, 299.1243896484375, 299.32171630859375, 299.4306335449219, 299.4477844238281, 299.37261962890625, 299.2074890136719, 298.9574890136719, 298.6302490234375, 298.2359313964844, 297.78668212890625, 297.2962646484375, 296.7798767089844, 296.2533874511719, 295.7330322265625, 295.23486328125, 294.774169921875, 294.3652038574219, 294.02056884765625, 293.7508239746094, 293.5643615722656, 293.46685791015625, 293.46136474609375, 293.5480041503906, 293.7241516113281, 293.984375, 294.3206481933594, 294.72259521484375, 295.1778259277344, 295.6723327636719, 296.1908874511719, 294.84039306640625, 295.364990234375, 295.8733825683594, 296.3499755859375, 296.780029296875, 297.15032958984375, 297.449462890625, 297.668212890625, 297.7998046875, 297.8402099609375, 297.7882080078125, 297.6453552246094, 297.41607666015625, 297.107421875, 296.72894287109375, 296.292236328125, 295.8108215332031, 295.29949951171875, 294.7740478515625, 294.2506103515625, 293.745361328125, 293.27386474609375, 292.8506164550781, 292.4886779785156, 292.19921875, 291.9911193847656, 291.870849609375, 291.842041015625, 291.9056396484375, 292.0596923828125, 292.29937744140625, 292.6174011230469, 293.00390625, 293.4469909667969, 293.9330139160156, 294.4469909667969, 294.9731140136719, 295.4951171875, 295.9969787597656, 296.4631652832031, 296.8793640136719, 297.2327575683594, 297.5124206542969, 297.7097473144531, 297.81866455078125, 297.8358154296875, 297.76068115234375, 297.5955505371094, 297.34552001953125, 297.018310546875, 296.6239929199219, 296.1747131347656, 295.684326171875, 295.16790771484375, 294.6414489746094, 294.12109375, 293.6228942871094, 293.1622009277344, 292.75323486328125, 292.4085998535156, 292.13885498046875, 291.952392578125, 291.8548889160156, 291.8493957519531, 291.9360656738281, 292.1122131347656, 292.3724060058594, 292.70867919921875, 293.1106262207031, 293.56585693359375, 294.0603942871094, 294.5789489746094, 293.1763916015625, 293.7009582519531, 294.2093811035156, 294.6859436035156, 295.11602783203125, 295.486328125, 295.78546142578125, 296.0041809082031, 296.1357727050781, 296.17620849609375, 296.1241760253906, 295.9813232421875, 295.7520446777344, 295.44342041015625, 295.0649108886719, 294.62823486328125, 294.1468200683594, 293.635498046875, 293.1100158691406, 292.5865783691406, 292.0813293457031, 291.6098327636719, 291.18658447265625, 290.82464599609375, 290.5351867675781, 290.3271179199219, 290.2068176269531, 290.17803955078125, 290.24163818359375, 290.3956604003906, 290.6353759765625, 290.953369140625, 291.3398742675781, 291.782958984375, 292.26898193359375, 292.7829895019531, 293.30908203125, 293.8310852050781, 294.33294677734375, 294.7991638183594, 295.2153625488281, 295.5687255859375, 295.848388671875, 296.04571533203125, 296.1546325683594, 296.1717834472656, 296.0966491699219, 295.9315185546875, 295.6814880371094, 295.3542785644531, 294.9599609375, 294.51068115234375, 294.0202941894531, 293.50390625, 292.9774169921875, 292.4570617675781, 291.9588623046875, 291.4981994628906, 291.0892333984375, 290.74456787109375, 290.474853515625, 290.2883605957031, 290.19085693359375, 290.18536376953125, 290.27203369140625, 290.44818115234375, 290.7084045410156, 291.0446472167969, 291.44659423828125, 291.90185546875, 292.3963623046875, 292.9149169921875, 291.47296142578125, 291.9975280761719, 292.5059509277344, 292.9825439453125, 293.41259765625, 293.78289794921875, 294.08203125, 294.3007507324219, 294.432373046875, 294.4727783203125, 294.4207458496094, 294.2779235839844, 294.04864501953125, 293.739990234375, 293.36151123046875, 292.9248046875, 292.4433898925781, 291.93206787109375, 291.4065856933594, 290.8831787109375, 290.3779296875, 289.9064025878906, 289.4831848144531, 289.1212463378906, 288.831787109375, 288.6236877441406, 288.50341796875, 288.474609375, 288.5382080078125, 288.6922302246094, 288.93194580078125, 289.2499694824219, 289.6364440917969, 290.0795593261719, 290.5655822753906, 291.0795593261719, 291.60565185546875, 292.127685546875, 292.6295166015625, 293.0957336425781, 293.5119323730469, 293.8653259277344, 294.1449890136719, 294.3423156738281, 294.45123291015625, 294.4683837890625, 294.3932189941406, 294.22808837890625, 293.97808837890625, 293.6508483886719, 293.25653076171875, 292.8072509765625, 292.3168640136719, 291.80047607421875, 291.27398681640625, 290.7536315917969, 290.2554626464844, 289.7947692871094, 289.38580322265625, 289.0411682128906, 288.77142333984375, 288.5849609375, 288.4874572753906, 288.4819641113281, 288.568603515625, 288.7447509765625, 289.0049743652344, 289.34124755859375, 289.7431945800781, 290.19842529296875, 290.69293212890625, 291.21148681640625, 289.74310302734375, 290.2677001953125, 290.7760925292969, 291.252685546875, 291.6827392578125, 292.0530700683594, 292.3521728515625, 292.5709228515625, 292.7025146484375, 292.742919921875, 292.69091796875, 292.5480651855469, 292.31878662109375, 292.0101318359375, 291.63165283203125, 291.1949768066406, 290.7135314941406, 290.20220947265625, 289.6767578125, 289.1533203125, 288.6480712890625, 288.17657470703125, 287.7533264160156, 287.3913879394531, 287.1019287109375, 286.8938293457031, 286.7735595703125, 286.7447814941406, 286.8083801269531, 286.96240234375, 287.20208740234375, 287.5201110839844, 287.9066162109375, 288.3497009277344, 288.8357238769531, 289.3497009277344, 289.8758239746094, 290.3978271484375, 290.8996887207031, 291.3658752441406, 291.7820739746094, 292.1354675292969, 292.4151306152344, 292.6124572753906, 292.72137451171875, 292.738525390625, 292.66339111328125, 292.4982604980469, 292.24822998046875, 291.9210205078125, 291.5267028808594, 291.0774230957031, 290.5870361328125, 290.07061767578125, 289.5441589355469, 289.0238037109375, 288.5256042480469, 288.0649108886719, 287.65594482421875, 287.3113098144531, 287.0415954589844, 286.8551025390625, 286.7575988769531, 286.7521057128906, 286.8387756347656, 287.0149230957031, 287.2751159667969, 287.61138916015625, 288.0133361816406, 288.46856689453125, 288.9631042480469, 289.4816589355469, 288, 288.5245666503906, 289.0329895019531, 289.50958251953125, 289.93963623046875, 290.3099365234375, 290.60906982421875, 290.8277893066406, 290.95941162109375, 290.99981689453125, 290.9477844238281, 290.8049621582031, 290.57568359375, 290.26702880859375, 289.8885192871094, 289.45184326171875, 288.9704284667969, 288.4591064453125, 287.9336242675781, 287.41021728515625, 286.90496826171875, 286.4334411621094, 286.01019287109375, 285.6482849121094, 285.35882568359375, 285.1507263183594, 285.0304260253906, 285.00164794921875, 285.06524658203125, 285.2192687988281, 285.458984375, 285.7769775390625, 286.1634826660156, 286.6065979003906, 287.0926208496094, 287.6065979003906, 288.1326904296875, 288.65472412109375, 289.15655517578125, 289.6227722167969, 290.0389709472656, 290.3923645019531, 290.6720275878906, 290.8693542480469, 290.978271484375, 290.99542236328125, 290.9202575683594, 290.755126953125, 290.505126953125, 290.1778869628906, 289.7835693359375, 289.33428955078125, 288.8439025878906, 288.3275146484375, 287.801025390625, 287.2806701660156, 286.782470703125, 286.3218078613281, 285.912841796875, 285.56817626953125, 285.2984619140625, 285.11199951171875, 285.0144958496094, 285.0090026855469, 285.09564208984375, 285.27178955078125, 285.5320129394531, 285.8682861328125, 286.2702331542969, 286.7254638671875, 287.219970703125, 287.738525390625],
        10: [287, 287.5245666503906, 288.0329895019531, 288.50958251953125, 288.93963623046875, 289.3099365234375, 289.60906982421875, 289.8277893066406, 289.95941162109375, 289.99981689453125, 289.9477844238281, 289.8049621582031, 289.57568359375, 289.26702880859375, 288.8885192871094, 288.45184326171875, 287.9704284667969, 287.4591064453125, 286.9336242675781, 286.41021728515625, 285.90496826171875, 285.4334411621094, 285.01019287109375, 284.6482849121094, 284.35882568359375, 284.1507263183594, 284.0304260253906, 284.00164794921875, 284.06524658203125, 284.2192687988281, 284.458984375, 284.7769775390625, 285.1634826660156, 285.6065979003906, 286.0926208496094, 286.6065979003906, 287.1326904296875, 287.65472412109375, 288.15655517578125, 288.6227722167969, 289.0389709472656, 289.3923645019531, 289.6720275878906, 289.8693542480469, 289.978271484375, 289.99542236328125, 289.9202575683594, 289.755126953125, 289.505126953125, 289.1778869628906, 288.7835693359375, 288.33428955078125, 287.8439025878906, 287.3275146484375, 286.801025390625, 286.2806701660156, 285.782470703125, 285.3218078613281, 284.912841796875, 284.56817626953125, 284.2984619140625, 284.11199951171875, 284.0144958496094, 284.0090026855469, 284.09564208984375, 284.27178955078125, 284.5320129394531, 284.8682861328125, 285.2702331542969, 285.7254638671875, 286.219970703125, 286.738525390625, 288.7469083070755, 289.27150547504425, 289.7798978090286, 290.25649082660675, 290.68654453754425, 291.0568753480911, 291.35597813129425, 291.57472813129425, 291.70631992816925, 291.74672520160675, 291.69472324848175, 291.5518704652786, 291.3225919008255, 291.01393711566925, 290.635458111763, 290.1987820863724, 289.7173367738724, 289.206014752388, 288.68056309223175, 288.15712559223175, 287.65187656879425, 287.180379986763, 286.7571316957474, 286.3951932191849, 286.10573399066925, 285.8976346254349, 285.77736485004425, 285.7485867738724, 285.8121854066849, 285.96620762348175, 286.2058926820755, 286.5239163637161, 286.91042149066925, 287.3535062074661, 287.8395291566849, 288.3535062074661, 288.8796292543411, 289.40163242816925, 289.9034940004349, 290.3696805238724, 290.7858792543411, 291.1392728090286, 291.4189358949661, 291.6162625551224, 291.7251797914505, 291.74233067035675, 291.667196393013, 291.5020657777786, 291.2520352602005, 290.92482578754425, 290.5305081605911, 290.0812283754349, 289.59084141254425, 289.074422955513, 288.5479642152786, 288.02760899066925, 287.5294095277786, 287.0687161684036, 286.6597501039505, 286.3151150941849, 286.0454007387161, 285.85890781879425, 285.7614041566849, 285.7559109926224, 285.8425809144974, 286.0187283754349, 286.2789212465286, 286.615194439888, 287.0171414613724, 287.472372174263, 287.9669095277786, 288.4854642152786, 290.4881536960602, 291.0127203464508, 291.5211431980133, 291.99773621559143, 292.42778992652893, 292.7980902194977, 293.09722352027893, 293.3159430027008, 293.44756531715393, 293.48797059059143, 293.4359381198883, 293.2931158542633, 293.0638372898102, 292.75518250465393, 292.3767035007477, 291.93999695777893, 291.45858216285706, 290.9472601413727, 290.4217779636383, 289.89837098121643, 289.39312195777893, 288.92159485816956, 288.49837708473206, 288.13643860816956, 287.84697937965393, 287.63888001441956, 287.51861023902893, 287.48980164527893, 287.55340027809143, 287.7074224948883, 287.9471380710602, 288.2651617527008, 288.6516363620758, 289.0947515964508, 289.58077454566956, 290.0947515964508, 290.6208441257477, 291.14287781715393, 291.64470887184143, 292.11092591285706, 292.5271246433258, 292.8805181980133, 293.1601812839508, 293.35750794410706, 293.4664251804352, 293.48357605934143, 293.40841126441956, 293.2432806491852, 292.9932806491852, 292.6660406589508, 292.2717230319977, 291.82244324684143, 291.3320562839508, 290.8156683444977, 290.2891790866852, 289.7688238620758, 289.2706549167633, 288.8099615573883, 288.4009954929352, 288.05636048316956, 287.7866156101227, 287.60015320777893, 287.50264954566956, 287.49715638160706, 287.58379578590393, 287.75994324684143, 288.0201666355133, 288.3564398288727, 288.75838685035706, 289.2136175632477, 289.7081243991852, 290.2266790866852, 292.21046578884125, 292.7350324392319, 293.2434552907944, 293.7200177907944, 294.15010201931, 294.52040231227875, 294.81953561306, 295.0382550954819, 295.1698468923569, 295.2102826833725, 295.1582502126694, 295.01539742946625, 294.7861188650131, 294.477494597435, 294.0989850759506, 293.66230905056, 293.1808942556381, 292.66957223415375, 292.1440900564194, 291.6206525564194, 291.1154035329819, 290.6439069509506, 290.220658659935, 289.8587201833725, 289.5692609548569, 289.3611921072006, 289.2408918142319, 289.21211373806, 289.2757123708725, 289.4297345876694, 289.66945016384125, 289.98744332790375, 290.3739484548569, 290.81703317165375, 291.3030561208725, 291.8170636892319, 292.34315621852875, 292.8651593923569, 293.3670209646225, 293.8332380056381, 294.2494367361069, 294.60279977321625, 294.88246285915375, 295.07978951931, 295.1887067556381, 295.2058576345444, 295.1307233572006, 294.96559274196625, 294.7155622243881, 294.3883527517319, 293.99403512477875, 293.5447553396225, 293.0543683767319, 292.53798043727875, 292.01149117946625, 291.4911359548569, 290.99293649196625, 290.5322736501694, 290.12330758571625, 289.7786420583725, 289.50892770290375, 289.3224347829819, 289.2249311208725, 289.21943795681, 289.306107878685, 289.4822553396225, 289.7424787282944, 290.0787214040756, 290.48066842556, 290.93592965602875, 291.43043649196625, 291.94899117946625, 293.90070044994354, 294.4252976179123, 294.93368995189667, 295.4102829694748, 295.8403366804123, 296.21063697338104, 296.5097702741623, 296.7285202741623, 296.8601120710373, 296.9005173444748, 296.8485153913498, 296.70566260814667, 296.47638404369354, 296.1677292585373, 295.78925025463104, 295.3525437116623, 294.8711289167404, 294.35980689525604, 293.8343552350998, 293.3109177350998, 292.8056687116623, 292.33417212963104, 291.9109238386154, 291.5489853620529, 291.2595261335373, 291.0514267683029, 290.9311569929123, 290.9023483991623, 290.9659470319748, 291.1199997663498, 291.35968482494354, 291.67770850658417, 292.0642136335373, 292.50729835033417, 292.9933212995529, 293.50729835033417, 294.03342139720917, 294.5554245710373, 295.0572861433029, 295.5234726667404, 295.93967139720917, 296.29306495189667, 296.57272803783417, 296.7700546979904, 296.87897193431854, 296.8961228132248, 296.82098853588104, 296.65585792064667, 296.40582740306854, 296.0786179304123, 295.68430030345917, 295.2350205183029, 294.7446335554123, 294.22821509838104, 293.70175635814667, 293.1814011335373, 292.68320167064667, 292.22250831127167, 291.81354224681854, 291.4689072370529, 291.19916236400604, 291.0126999616623, 290.9151962995529, 290.9097031354904, 290.9963730573654, 291.1725205183029, 291.43271338939667, 291.76898658275604, 292.1709336042404, 292.62616431713104, 293.12070167064667, 293.63925635814667, 295.5460543036461, 296.0706209540367, 296.5790438055992, 297.05563682317734, 297.48569053411484, 297.8559908270836, 298.15512412786484, 298.3738436102867, 298.50546592473984, 298.54587119817734, 298.49386924505234, 298.3510164618492, 298.1217378973961, 297.81308311223984, 297.4346041083336, 296.99789756536484, 296.51648277044296, 296.0051607489586, 295.4796785712242, 294.95627158880234, 294.45102256536484, 293.97949546575546, 293.55627769231796, 293.19433921575546, 292.90487998723984, 292.69678062200546, 292.57651084661484, 292.54770225286484, 292.61130088567734, 292.7653231024742, 293.0050386786461, 293.3230623602867, 293.7095369696617, 294.1526522040367, 294.63867515325546, 295.1526522040367, 295.6787447333336, 296.20077842473984, 296.70260947942734, 297.16882652044296, 297.5850252509117, 297.9384188055992, 298.2180818915367, 298.41540855169296, 298.5243257880211, 298.54147666692734, 298.46631187200546, 298.3011812567711, 298.0511812567711, 297.7239412665367, 297.3296236395836, 296.88037437200546, 296.3899568915367, 295.8735689520836, 295.3470796942711, 294.8267244696617, 294.3285555243492, 293.8678621649742, 293.4588961005211, 293.11426109075546, 292.8445162177086, 292.65805381536484, 292.56055015325546, 292.55505698919296, 292.64169639348984, 292.81784385442734, 293.0780672430992, 293.4143404364586, 293.81628745794296, 294.2715181708336, 294.7660250067711, 295.2845796942711, 297.13397455215454, 297.65854120254517, 298.16696405410767, 298.6435570716858, 299.0736107826233, 299.44391107559204, 299.7430443763733, 299.96176385879517, 300.0933861732483, 300.1337914466858, 300.08175897598267, 299.93893671035767, 299.70965814590454, 299.4010033607483, 299.0224938392639, 298.5858178138733, 298.1044030189514, 297.59308099746704, 297.06759881973267, 296.5441918373108, 296.0389428138733, 295.5674157142639, 295.1441674232483, 294.7822594642639, 294.4928002357483, 294.2847008705139, 294.16440057754517, 294.1356225013733, 294.1992211341858, 294.35324335098267, 294.59295892715454, 294.91095209121704, 295.29745721817017, 295.74057245254517, 296.2265954017639, 296.74057245254517, 297.26666498184204, 297.7886986732483, 298.2905297279358, 298.7567467689514, 299.17294549942017, 299.52633905410767, 299.80600214004517, 300.0033288002014, 300.11224603652954, 300.1293969154358, 300.0542321205139, 299.88910150527954, 299.63910150527954, 299.31186151504517, 298.91754388809204, 298.4682641029358, 297.97787714004517, 297.46148920059204, 296.93499994277954, 296.41464471817017, 295.91644525527954, 295.45578241348267, 295.04681634902954, 294.7021508216858, 294.43243646621704, 294.2459740638733, 294.1484704017639, 294.1429772377014, 294.2296166419983, 294.4057641029358, 294.66598749160767, 295.00226068496704, 295.4042077064514, 295.85943841934204, 296.35394525527954, 296.87249994277954, 298.6523750424385, 299.17694169282913, 299.68536454439163, 300.16195756196976, 300.59201127290726, 300.962311565876, 301.26144486665726, 301.48016434907913, 301.61178666353226, 301.65219193696976, 301.60015946626663, 301.45733720064163, 301.2280586361885, 300.91940385103226, 300.540924847126, 300.10421830415726, 299.6228035092354, 299.111481487751, 298.58599931001663, 298.06259232759476, 297.55734330415726, 297.0858162045479, 296.6625984311104, 296.3006599545479, 296.01120072603226, 295.8031013607979, 295.68283158540726, 295.65402299165726, 295.71762162446976, 295.87164384126663, 296.1113594174385, 296.42938309907913, 296.81585770845413, 297.25897294282913, 297.7449958920479, 298.25897294282913, 298.785065472126, 299.30709916353226, 299.80893021821976, 300.2751472592354, 300.69134598970413, 301.04473954439163, 301.32440263032913, 301.5217292904854, 301.6306465268135, 301.64779740571976, 301.5726326107979, 301.4075019955635, 301.1575019955635, 300.83026200532913, 300.435944378376, 299.98666459321976, 299.49627763032913, 298.979889690876, 298.4534004330635, 297.93304520845413, 297.43487626314163, 296.97418290376663, 296.5652168393135, 296.22055131196976, 295.950836956501, 295.76437455415726, 295.6668708920479, 295.6613777279854, 295.74801713228226, 295.92416459321976, 296.18438798189163, 296.520661175251, 296.9226081967354, 297.377838909626, 297.8723457455635, 298.3909004330635, 300.08969897031784, 300.6142961382866, 301.12268847227097, 301.5992814898491, 302.0293352007866, 302.39963549375534, 302.6987687945366, 302.9175187945366, 303.0491105914116, 303.0895158648491, 303.0375139117241, 302.89466112852097, 302.66538256406784, 302.3567277789116, 301.97824877500534, 301.5415422320366, 301.0601274371147, 300.54880541563034, 300.0233537554741, 299.4999162554741, 298.9946672320366, 298.5231401324272, 298.0999223589897, 297.7379838824272, 297.4485246539116, 297.2404252886772, 297.1201555132866, 297.0913469195366, 297.1549455523491, 297.3089982867241, 297.54868334531784, 297.86670702695847, 298.2532121539116, 298.69629687070847, 299.1823198199272, 299.69629687070847, 300.22241991758347, 300.7444230914116, 301.2462541460991, 301.7124711871147, 302.12866991758347, 302.48206347227097, 302.76172655820847, 302.9590532183647, 303.06797045469284, 303.0851213335991, 303.00998705625534, 302.84485644102097, 302.59482592344284, 302.2676164507866, 301.87329882383347, 301.4240190386772, 300.9336320757866, 300.41721361875534, 299.89072436094284, 299.37036913633347, 298.87220019102097, 298.41150683164597, 298.00254076719284, 297.6579057574272, 297.38816088438034, 297.2016984820366, 297.1041948199272, 297.0987016558647, 297.1853715777397, 297.3615190386772, 297.62171190977097, 297.95798510313034, 298.3599321246147, 298.81516283750534, 299.30970019102097, 299.82825487852097, 301.4350441098213, 301.95961076021194, 302.4680030941963, 302.94459611177444, 303.37468034029007, 303.7449806332588, 304.04408341646194, 304.26283341646194, 304.39442521333694, 304.43483048677444, 304.38282853364944, 304.2399757504463, 304.0106971859932, 303.70207291841507, 303.3235633969307, 302.88688737154007, 302.40544205904007, 301.8941200375557, 301.36866837739944, 300.84523087739944, 300.33998185396194, 299.8684852719307, 299.44523698091507, 299.08329850435257, 298.79383927583694, 298.5857704281807, 298.46547013521194, 298.43669205904007, 298.50029069185257, 298.65431290864944, 298.8940284848213, 299.2120216488838, 299.59852677583694, 300.0416114926338, 300.52763444185257, 301.0416114926338, 301.5677345395088, 302.08973771333694, 302.59159928560257, 303.05778580904007, 303.47401505708694, 303.8273780941963, 304.1070411801338, 304.30436784029007, 304.4132850766182, 304.43043595552444, 304.3553016781807, 304.1901710629463, 303.9401405453682, 303.61293107271194, 303.2186134457588, 302.76933366060257, 302.27894669771194, 301.7625587582588, 301.2360695004463, 300.71571427583694, 300.2175148129463, 299.75685197114944, 299.3478859066963, 299.00322037935257, 298.7335060238838, 298.54701310396194, 298.44950944185257, 298.44401627779007, 298.53068619966507, 298.70683366060257, 298.96705704927444, 299.3032997250557, 299.70524674654007, 300.1605079770088, 300.6550148129463, 301.1735695004463, 302.67810475826263, 303.20267140865326, 303.71109426021576, 304.18765676021576, 304.6177409887314, 304.98804128170013, 305.2871745824814, 305.50589406490326, 305.6375163793564, 305.6779216527939, 305.62588918209076, 305.48303639888763, 305.2537578344345, 304.9451335668564, 304.566624045372, 304.1299480199814, 303.6485332250595, 303.13721120357513, 302.61172902584076, 302.0883220434189, 301.5830730199814, 301.111545920372, 300.6882976293564, 300.326389670372, 300.03689992427826, 299.828831076622, 299.70853078365326, 299.6797527074814, 299.7433513402939, 299.89737355709076, 300.13708913326263, 300.45508229732513, 300.84158742427826, 301.28467214107513, 301.770725607872, 302.28470265865326, 302.81079518795013, 303.3328288793564, 303.8346599340439, 304.3008769750595, 304.71707570552826, 305.07043874263763, 305.35010182857513, 305.5474590063095, 305.65637624263763, 305.6735271215439, 305.598362326622, 305.43323171138763, 305.1832011938095, 304.85599172115326, 304.46167409420013, 304.0123943090439, 303.52200734615326, 303.00561940670013, 302.47913014888763, 301.95877492427826, 301.46057546138763, 300.99991261959076, 300.59094655513763, 300.2462810277939, 299.97656667232513, 299.79007375240326, 299.692600607872, 299.6870769262314, 299.7737468481064, 299.9498943090439, 300.21011769771576, 300.54639089107513, 300.9483073949814, 301.40356862545013, 301.89807546138763, 302.41663014888763, 303.809449672699, 304.3340468406677, 304.8424391746521, 305.3190321922302, 305.74911642074585, 306.1194167137146, 306.4185194969177, 306.6372694969177, 306.7688612937927, 306.8092665672302, 306.7572646141052, 306.6144118309021, 306.385133266449, 306.0764784812927, 305.6979994773865, 305.26132345199585, 304.77987813949585, 304.2685561180115, 303.7431044578552, 303.2196669578552, 302.7144179344177, 302.2429213523865, 301.81967306137085, 301.45773458480835, 301.1682753562927, 300.9602065086365, 300.8399062156677, 300.81112813949585, 300.87472677230835, 301.0287489891052, 301.2684645652771, 301.5864577293396, 301.9729628562927, 302.4160475730896, 302.90207052230835, 303.4160475730896, 303.9421706199646, 304.4641737937927, 304.96603536605835, 305.43222188949585, 305.8484511375427, 306.2018141746521, 306.4814772605896, 306.67880392074585, 306.787721157074, 306.8048720359802, 306.7297377586365, 306.5646071434021, 306.314576625824, 305.9873671531677, 305.5930495262146, 305.14376974105835, 304.6533827781677, 304.1369948387146, 303.6105055809021, 303.0901503562927, 302.5919508934021, 302.1312880516052, 301.7223219871521, 301.37765645980835, 301.1079421043396, 300.9214491844177, 300.82394552230835, 300.81845235824585, 300.90512228012085, 301.08126974105835, 301.3414931297302, 301.6777358055115, 302.07968282699585, 302.5349440574646, 303.0294508934021, 303.5480055809021, 304.82049560546875, 305.3450927734375, 305.8534851074219, 306.330078125, 306.7601318359375, 307.1304626464844, 307.4295654296875, 307.6483154296875, 307.7799072265625, 307.8203125, 307.768310546875, 307.6254577636719, 307.39617919921875, 307.0875244140625, 306.70904541015625, 306.2723693847656, 305.7909240722656, 305.27960205078125, 304.754150390625, 304.230712890625, 303.7254638671875, 303.25396728515625, 302.8307189941406, 302.4687805175781, 302.1793212890625, 301.97125244140625, 301.8509521484375, 301.8221740722656, 301.8857727050781, 302.039794921875, 302.27947998046875, 302.5975036621094, 302.9840087890625, 303.4270935058594, 303.9131164550781, 304.4270935058594, 304.9532165527344, 305.4752197265625, 305.9770812988281, 306.4432678222656, 306.8594665527344, 307.2128601074219, 307.4925231933594, 307.6898498535156, 307.79876708984375, 307.81591796875, 307.74078369140625, 307.5756530761719, 307.32562255859375, 306.9984130859375, 306.6040954589844, 306.1548156738281, 305.6644287109375, 305.14801025390625, 304.6215515136719, 304.1011962890625, 303.6029968261719, 303.1423034667969, 302.73333740234375, 302.3887023925781, 302.1189880371094, 301.9324951171875, 301.8349914550781, 301.8294982910156, 301.9161682128906, 302.0923156738281, 302.3525085449219, 302.68878173828125, 303.0907287597656, 303.54595947265625, 304.0404968261719, 304.5590515136719, 305.7035413980484, 306.228108048439, 306.7365309000015, 307.2130934000015, 307.64317762851715, 308.0134779214859, 308.31261122226715, 308.531330704689, 308.66295301914215, 308.70335829257965, 308.6513258218765, 308.5084730386734, 308.2791944742203, 307.97057020664215, 307.5920606851578, 307.15538465976715, 306.6739698648453, 306.1626478433609, 305.6371656656265, 305.11375868320465, 304.60850965976715, 304.1369825601578, 303.71373426914215, 303.3518263101578, 303.062336564064, 302.8542677164078, 302.733967423439, 302.70518934726715, 302.76878798007965, 302.9228101968765, 303.1625257730484, 303.4805189371109, 303.867024064064, 304.3101087808609, 304.79613173007965, 305.310139298439, 305.8362318277359, 306.35826551914215, 306.86009657382965, 307.3263136148453, 307.742512345314, 308.0958753824234, 308.3755384683609, 308.5728956460953, 308.6818128824234, 308.69896376132965, 308.6237989664078, 308.4586683511734, 308.2086378335953, 307.881428360939, 307.4871107339859, 307.03783094882965, 306.547443985939, 306.0310560464859, 305.5045667886734, 304.984211564064, 304.4860121011734, 304.0253492593765, 303.6163831949234, 303.27171766757965, 303.0020033121109, 302.815510392189, 302.7180372476578, 302.71251356601715, 302.79918348789215, 302.97533094882965, 303.2355543375015, 303.5718275308609, 303.97374403476715, 304.4290052652359, 304.9235121011734, 305.4420667886734, 306.4518336355686, 306.97640028595924, 307.48482313752174, 307.96141615509987, 308.39146986603737, 308.7617701590061, 309.06090345978737, 309.27962294220924, 309.41124525666237, 309.45165053009987, 309.39961805939674, 309.2567652761936, 309.0275172293186, 308.71886244416237, 308.340352922678, 307.90367689728737, 307.4222621023655, 306.9109400808811, 306.38545790314674, 305.86205092072487, 305.35680189728737, 304.885274797678, 304.46202650666237, 304.100118547678, 303.81065931916237, 303.602559953928, 303.48225966095924, 303.45348158478737, 303.51708021759987, 303.67110243439674, 303.9108180105686, 304.2288111746311, 304.61531630158424, 305.05843153595924, 305.544454485178, 306.05843153595924, 306.5845240652561, 307.10655775666237, 307.60838881134987, 308.0746058523655, 308.49080458283424, 308.84419813752174, 309.12386122345924, 309.3211878836155, 309.4301051199436, 309.44725599884987, 309.372091203928, 309.2069605886936, 308.9569300711155, 308.62972059845924, 308.2354029715061, 307.78612318634987, 307.29573622345924, 306.7793482840061, 306.2528590261936, 305.73250380158424, 305.2343043386936, 304.77364149689674, 304.3646754324436, 304.02000990509987, 303.7502955496311, 303.56380262970924, 303.466329485178, 303.4608363211155, 303.54747572541237, 303.72362318634987, 303.98384657502174, 304.3201197683811, 304.7220667898655, 305.1772975027561, 305.6718043386936, 306.1903590261936, 307.0596929192543, 307.5842595696449, 308.0926824212074, 308.56927543878555, 308.99932914972305, 309.3696294426918, 309.66876274347305, 309.88751274347305, 310.01910454034805, 310.05950981378555, 310.00750786066055, 309.8646550774574, 309.6353765130043, 309.32672172784805, 308.9482427239418, 308.51153618097305, 308.0301213860512, 307.5187993645668, 306.9933171868324, 306.46991020441055, 305.96466118097305, 305.4931340813637, 305.0699163079262, 304.7079778313637, 304.41851860284805, 304.2104192376137, 304.09014946222305, 304.06134086847305, 304.12493950128555, 304.2789617180824, 304.5186772942543, 304.8367009758949, 305.22320610284805, 305.6662908196449, 306.1523137688637, 306.6662908196449, 307.1923833489418, 307.71441704034805, 308.21624809503555, 308.6824651360512, 309.0986638665199, 309.4520574212074, 309.7317205071449, 309.9290471673012, 310.0379644036293, 310.05511528253555, 309.9799504876137, 309.8148198723793, 309.5648198723793, 309.23761039972305, 308.8432622551918, 308.3940129876137, 307.9035955071449, 307.3872075676918, 306.8607183098793, 306.3403630852699, 305.8421941399574, 305.3815007805824, 304.9725347161293, 304.6278997063637, 304.3581548333168, 304.17169243097305, 304.0741887688637, 304.0686956048012, 304.15533500909805, 304.3315129876137, 304.5917058587074, 304.9279790520668, 305.3299260735512, 305.7851567864418, 306.2796941399574, 306.7982183098793, 307.5225188136101, 308.0470854640007, 308.5555083155632, 309.0320708155632, 309.4621550440788, 309.8324553370476, 310.1315886378288, 310.3503081202507, 310.4818999171257, 310.5223357081413, 310.4703032374382, 310.3274504542351, 310.09817188978195, 309.7895476222038, 309.41103810071945, 308.9743620753288, 308.49294728040695, 307.9816252589226, 307.4561430811882, 306.9327055811882, 306.4274565577507, 305.95595997571945, 305.5327116847038, 305.1707732081413, 304.8813139796257, 304.67324513196945, 304.5529448390007, 304.5241667628288, 304.5877653956413, 304.7417876124382, 304.9815031886101, 305.2994963526726, 305.6860014796257, 306.1290861964226, 306.6151091456413, 307.1290861964226, 307.6552092432976, 308.1772124171257, 308.6790739893913, 309.1452605128288, 309.5614897608757, 309.9148527979851, 310.1945158839226, 310.3918425440788, 310.50075978040695, 310.5179106593132, 310.44277638196945, 310.2776457667351, 310.02761524915695, 309.7004057765007, 309.3060881495476, 308.8568083643913, 308.3664214015007, 307.8500334620476, 307.3235442042351, 306.8031889796257, 306.3049895167351, 305.8443266749382, 305.4353606104851, 305.0906950831413, 304.8209807276726, 304.6344878077507, 304.5369841456413, 304.5314909815788, 304.6181609034538, 304.7943083643913, 305.0545317530632, 305.39077442884445, 305.7927214503288, 306.2479826807976, 306.7424895167351, 307.2610442042351, 307.8367334231734, 308.36130007356405, 308.86972292512655, 309.3463159427047, 309.7763696536422, 310.1466699466109, 310.4458032473922, 310.6645532473922, 310.7961450442672, 310.8365503177047, 310.7845483645797, 310.64169558137655, 310.4124170169234, 310.1037622317672, 309.7252832278609, 309.2885766848922, 308.8071618899703, 308.2958398684859, 307.77035769075155, 307.2469507083297, 306.7417016848922, 306.2701745852828, 305.8469568118453, 305.4850183352828, 305.1955591067672, 304.9874597415328, 304.8671899661422, 304.8383813723922, 304.9019800052047, 305.05600222200155, 305.2957177981734, 305.61374147981405, 306.0002466067672, 306.44333132356405, 306.9293542727828, 307.44333132356405, 307.9694238528609, 308.4914575442672, 308.9932885989547, 309.4595056399703, 309.87570437043905, 310.22909792512655, 310.50876101106405, 310.7060876712203, 310.8150049075484, 310.8321557864547, 310.7569909915328, 310.5918603762984, 310.3418603762984, 310.0146509036422, 309.6203027591109, 309.1710534915328, 308.68063601106405, 308.1642480716109, 307.6377588137984, 307.11740358918905, 306.61923464387655, 306.15854128450155, 305.7495752200484, 305.4049402102828, 305.1351953372359, 304.9487329348922, 304.8512292727828, 304.8457361087203, 304.9323755130172, 305.1085534915328, 305.36874636262655, 305.7050195559859, 306.1069665774703, 306.5621972903609, 307.05673464387655, 307.5752588137984, 308, 308.5245666503906, 309.0329895019531, 309.50958251953125, 309.93963623046875, 310.3099365234375, 310.60906982421875, 310.8277893066406, 310.95941162109375, 310.99981689453125, 310.9477844238281, 310.8049621582031, 310.57568359375, 310.26702880859375, 309.8885192871094, 309.45184326171875, 308.9704284667969, 308.4591064453125, 307.9336242675781, 307.41021728515625, 306.90496826171875, 306.4334411621094, 306.01019287109375, 305.6482849121094, 305.35882568359375, 305.1507263183594, 305.0304260253906, 305.00164794921875, 305.06524658203125, 305.2192687988281, 305.458984375, 305.7769775390625, 306.1634826660156, 306.6065979003906, 307.0926208496094, 307.6065979003906, 308.1326904296875, 308.65472412109375, 309.15655517578125, 309.6227722167969, 310.0389709472656, 310.3923645019531, 310.6720275878906, 310.8693542480469, 310.978271484375, 310.99542236328125, 310.9202575683594, 310.755126953125, 310.505126953125, 310.1778869628906, 309.7835693359375, 309.33428955078125, 308.8439025878906, 308.3275146484375, 307.801025390625, 307.2806701660156, 306.782470703125, 306.3218078613281, 305.912841796875, 305.56817626953125, 305.2984619140625, 305.11199951171875, 305.0144958496094, 305.0090026855469, 305.09564208984375, 305.27178955078125, 305.5320129394531, 305.8682861328125, 306.2702331542969, 306.7254638671875, 307.219970703125, 307.738525390625, 308.0110448971391, 308.5356115475297, 309.0440343990922, 309.5206274166703, 309.9506811276078, 310.3209814205766, 310.6201147213578, 310.8388647213578, 310.9704565182328, 311.0108617916703, 310.9588598385453, 310.8160070553422, 310.5867284908891, 310.2780737057328, 309.8995947018266, 309.4628881588578, 308.98147336393595, 308.4701513424516, 307.9446691647172, 307.4212621822953, 306.9160131588578, 306.44448605924845, 306.02126828581095, 305.65932980924845, 305.3698705807328, 305.16177121549845, 305.0415014401078, 305.0126928463578, 305.0762914791703, 305.2303136959672, 305.4700292721391, 305.7880529537797, 306.1745580807328, 306.6176427975297, 307.10366574674845, 307.6176427975297, 308.1437353268266, 308.6657690182328, 309.1676000729203, 309.63381711393595, 310.0500158444047, 310.4034093990922, 310.6830724850297, 310.88039914518595, 310.9893163815141, 311.0064672604203, 310.93130246549845, 310.7661718502641, 310.5161718502641, 310.1889623776078, 309.7946142330766, 309.34536496549845, 308.8549474850297, 308.3385595455766, 307.8120702877641, 307.2917150631547, 306.7935461178422, 306.3328527584672, 305.9238866940141, 305.57925168424845, 305.3095068112016, 305.1230444088578, 305.02554074674845, 305.02004758268595, 305.1066869869828, 305.28286496549845, 305.5430578365922, 305.8793310299516, 306.28127805143595, 306.7365087643266, 307.2310461178422, 307.7495702877641, 307.8698151707649, 308.39438182115555, 308.90280467271805, 309.37936717271805, 309.8094514012337, 310.1797516942024, 310.4788849949837, 310.69760447740555, 310.82919627428055, 310.8696320652962, 310.81759959459305, 310.6747468113899, 310.4454682469368, 310.1368439793587, 309.7583344578743, 309.3216584324837, 308.8402436375618, 308.3289216160774, 307.80343943834305, 307.28000193834305, 306.77475291490555, 306.3032563328743, 305.8800080418587, 305.5180695652962, 305.22861033678055, 305.0205414891243, 304.90024119615555, 304.8714631199837, 304.9350617527962, 305.08908396959305, 305.3287995457649, 305.6467927098274, 306.03329783678055, 306.4763825535774, 306.9624055027962, 307.4763825535774, 308.0025056004524, 308.52450877428055, 309.0263703465462, 309.4925568699837, 309.90878611803055, 310.2621491551399, 310.5418122410774, 310.7391389012337, 310.8480561375618, 310.86520701646805, 310.7900727391243, 310.6249421238899, 310.3749116063118, 310.04770213365555, 309.6533845067024, 309.2041047215462, 308.71371775865555, 308.1973298192024, 307.6708405613899, 307.15048533678055, 306.6522858738899, 306.19162303209305, 305.7826569676399, 305.4379914402962, 305.1682770848274, 304.98178416490555, 304.8842805027962, 304.8787873387337, 304.9654572606087, 305.1416047215462, 305.40182811021805, 305.7380707859993, 306.1400178074837, 306.5952790379524, 307.0897858738899, 307.6083405613899, 307.57733100652695, 308.1018976569176, 308.6103205084801, 309.0869135260582, 309.5169672369957, 309.88726752996445, 310.1864008307457, 310.4051508307457, 310.5367426276207, 310.5771479010582, 310.5251459479332, 310.3822931647301, 310.15301460027695, 309.8443598151207, 309.46588081121445, 309.0291742682457, 308.5477594733238, 308.03643745183945, 307.5109552741051, 306.9875482916832, 306.4822992682457, 306.0107721686363, 305.5875543951988, 305.2256159186363, 304.9361566901207, 304.7280573248863, 304.6077875494957, 304.5789789557457, 304.6425775885582, 304.7965998053551, 305.03631538152695, 305.3543390631676, 305.7408441901207, 306.1839289069176, 306.6699518561363, 307.1839289069176, 307.71002143621445, 308.2320551276207, 308.7338861823082, 309.2001032233238, 309.6163019537926, 309.9696955084801, 310.2493585944176, 310.4466852545738, 310.55560249090195, 310.5727533698082, 310.4975885748863, 310.33245795965195, 310.08245795965195, 309.7552484869957, 309.36090034246445, 308.9116510748863, 308.4212335944176, 307.90484565496445, 307.37835639715195, 306.8580011725426, 306.3598322272301, 305.8991388678551, 305.49017280340195, 305.1455377936363, 304.87579292058945, 304.6893305182457, 304.5918268561363, 304.5863336920738, 304.6729730963707, 304.8491510748863, 305.1093439459801, 305.44561713933945, 305.8475641608238, 306.30279487371445, 306.7973322272301, 307.31585639715195, 307.13587388396263, 307.66044053435326, 308.16886338591576, 308.6454564034939, 309.0755101144314, 309.44581040740013, 309.7449437081814, 309.96366319060326, 310.0952855050564, 310.1356907784939, 310.08365830779076, 309.94080552458763, 309.71155747771263, 309.4029026925564, 309.024393171072, 308.5877171456814, 308.1063023507595, 307.59498032927513, 307.06949815154076, 306.5460911691189, 306.0408421456814, 305.569315046072, 305.1460667550564, 304.784158796072, 304.4946995675564, 304.286600202322, 304.16629990935326, 304.1375218331814, 304.2011204659939, 304.35514268279076, 304.59485825896263, 304.91285142302513, 305.29935654997826, 305.74247178435326, 306.228494733572, 306.74247178435326, 307.26856431365013, 307.7905980050564, 308.2924290597439, 308.7586461007595, 309.17484483122826, 309.52823838591576, 309.80790147185326, 310.0052281320095, 310.11414536833763, 310.1312962472439, 310.056131452322, 309.89100083708763, 309.6409703195095, 309.31376084685326, 308.91944321990013, 308.4701634347439, 307.97977647185326, 307.46338853240013, 306.93689927458763, 306.41654404997826, 305.91834458708763, 305.45768174529076, 305.04871568083763, 304.7040501534939, 304.43433579802513, 304.24784287810326, 304.150369733572, 304.1448765695095, 304.2315159738064, 304.4076634347439, 304.66788682341576, 305.00416001677513, 305.4061070382595, 305.86133775115013, 306.35584458708763, 306.87439927458763, 306.5487779378891, 307.0733445882797, 307.5817674398422, 308.0583299398422, 308.48841416835785, 308.8587144613266, 309.15784776210785, 309.3765672445297, 309.50818955898285, 309.54859483242035, 309.4965623617172, 309.3537095785141, 309.124431014061, 308.81580674648285, 308.4372972249985, 308.00062119960785, 307.519206404686, 307.0078843832016, 306.4824022054672, 305.95899522304535, 305.45374619960785, 304.9822190999985, 304.55897080898285, 304.1970628499985, 303.9075731039047, 303.6995042562485, 303.5792039632797, 303.55042588710785, 303.61402451992035, 303.7680467367172, 304.0077623128891, 304.3257554769516, 304.7122606039047, 305.1553453207016, 305.64136826992035, 306.1553758382797, 306.6814683675766, 307.20350205898285, 307.70533311367035, 308.171550154686, 308.5877488851547, 308.9411119222641, 309.2207750082016, 309.418132185936, 309.5270494222641, 309.54420030117035, 309.4690355062485, 309.3039048910141, 309.053874373436, 308.7266649007797, 308.3323472738266, 307.88306748867035, 307.3926805257797, 306.8762925863266, 306.3498033285141, 305.8294481039047, 305.3312486410141, 304.8705857992172, 304.4616197347641, 304.11695420742035, 303.8472398519516, 303.6607469320297, 303.5632737874985, 303.55775010585785, 303.64442002773285, 303.82056748867035, 304.0807908773422, 304.4170640707016, 304.81898057460785, 305.2742418050766, 305.7687486410141, 306.2873033285141, 305.82049560546875, 306.3450927734375, 306.8534851074219, 307.330078125, 307.7601318359375, 308.1304626464844, 308.4295654296875, 308.6483154296875, 308.7799072265625, 308.8203125, 308.768310546875, 308.6254577636719, 308.39617919921875, 308.0875244140625, 307.70904541015625, 307.2723693847656, 306.7909240722656, 306.27960205078125, 305.754150390625, 305.230712890625, 304.7254638671875, 304.25396728515625, 303.8307189941406, 303.4687805175781, 303.1793212890625, 302.97125244140625, 302.8509521484375, 302.8221740722656, 302.8857727050781, 303.039794921875, 303.27947998046875, 303.5975036621094, 303.9840087890625, 304.4270935058594, 304.9131164550781, 305.4270935058594, 305.9532165527344, 306.4752197265625, 306.9770812988281, 307.4432678222656, 307.8594665527344, 308.2128601074219, 308.4925231933594, 308.6898498535156, 308.79876708984375, 308.81591796875, 308.74078369140625, 308.5756530761719, 308.32562255859375, 307.9984130859375, 307.6040954589844, 307.1548156738281, 306.6644287109375, 306.14801025390625, 305.6215515136719, 305.1011962890625, 304.6029968261719, 304.1423034667969, 303.73333740234375, 303.3887023925781, 303.1189880371094, 302.9324951171875, 302.8349914550781, 302.8294982910156, 302.9161682128906, 303.0923156738281, 303.3525085449219, 303.68878173828125, 304.0907287597656, 304.54595947265625, 305.0404968261719, 305.5590515136719, 304.9566025733948, 305.4811997413635, 305.9895920753479, 306.466185092926, 306.89626932144165, 307.2665696144104, 307.5656723976135, 307.7844223976135, 307.9160141944885, 307.956419467926, 307.904417514801, 307.7615647315979, 307.5322861671448, 307.2236313819885, 306.8451523780823, 306.40847635269165, 305.92703104019165, 305.4157090187073, 304.890257358551, 304.366819858551, 303.8615708351135, 303.3900742530823, 302.96682596206665, 302.60488748550415, 302.3154282569885, 302.1073594093323, 301.9870591163635, 301.95828104019165, 302.02187967300415, 302.175901889801, 302.4156174659729, 302.7336106300354, 303.1201157569885, 303.5632004737854, 304.04922342300415, 304.5632004737854, 305.0893235206604, 305.6113266944885, 306.11318826675415, 306.57937479019165, 306.9956040382385, 307.3489670753479, 307.6286301612854, 307.82595682144165, 307.9348740577698, 307.952024936676, 307.8768906593323, 307.7117600440979, 307.4617295265198, 307.1345200538635, 306.7402024269104, 306.29092264175415, 305.8005356788635, 305.2841477394104, 304.7576584815979, 304.2373032569885, 303.7391037940979, 303.278440952301, 302.8694748878479, 302.52480936050415, 302.2550950050354, 302.0686020851135, 301.97109842300415, 301.96560525894165, 302.05227518081665, 302.22842264175415, 302.488646030426, 302.8248887062073, 303.22683572769165, 303.6820969581604, 304.1766037940979, 304.6951584815979, 303.9636799097061, 304.48824656009674, 304.99666941165924, 305.47323191165924, 305.90331614017487, 306.2736164331436, 306.57274973392487, 306.79146921634674, 306.92309153079987, 306.96349680423737, 306.91146433353424, 306.7686115503311, 306.539332985878, 306.23070871829987, 305.8521991968155, 305.41552317142487, 304.934108376503, 304.4227863550186, 303.89730417728424, 303.37389719486237, 302.86864817142487, 302.3971210718155, 301.97387278079987, 301.6119648218155, 301.32247507572174, 301.1144062280655, 300.99410593509674, 300.96532785892487, 301.02892649173737, 301.18294870853424, 301.4226642847061, 301.7406574487686, 302.12716257572174, 302.5702472925186, 303.0563007593155, 303.57027781009674, 304.0963703393936, 304.61840403079987, 305.12023508548737, 305.586452126503, 306.00265085697174, 306.3560138940811, 306.6356769800186, 306.833034157753, 306.9419513940811, 306.95910227298737, 306.8839374780655, 306.7188068628311, 306.468776345253, 306.14156687259674, 305.7472492456436, 305.29796946048737, 304.80758249759674, 304.2911945581436, 303.7647053003311, 303.24435007572174, 302.7461506128311, 302.28548777103424, 301.8765217065811, 301.53185617923737, 301.2621418237686, 301.07564890384674, 300.9781757593155, 300.97265207767487, 301.05932199954987, 301.23546946048737, 301.49569284915924, 301.8319660425186, 302.23388254642487, 302.6891437768936, 303.1836506128311, 303.7022053003311, 302.8492576479912, 303.3738242983818, 303.8822166323662, 304.3588096499443, 304.78889387845993, 305.1591941714287, 305.4582969546318, 305.6770469546318, 305.8086387515068, 305.8490440249443, 305.7970420718193, 305.6541892886162, 305.42491072416306, 305.11628645658493, 304.73777693510056, 304.30110090970993, 303.81965559720993, 303.30833357572556, 302.7828819155693, 302.2594444155693, 301.7541953921318, 301.28269881010056, 300.85945051908493, 300.49751204252243, 300.2080528140068, 299.99998396635056, 299.8796836733818, 299.85090559720993, 299.91450423002243, 300.0685264468193, 300.3082420229912, 300.6262351870537, 301.0127403140068, 301.4558250308037, 301.94184798002243, 302.4558250308037, 302.9819480776787, 303.5039512515068, 304.00581282377243, 304.47199934720993, 304.8882285952568, 305.2415916323662, 305.5212547183037, 305.71858137845993, 305.82749861478806, 305.8446494936943, 305.76951521635056, 305.6043846011162, 305.35435408353806, 305.0271446108818, 304.6328269839287, 304.18354719877243, 303.6931602358818, 303.1767722964287, 302.6502830386162, 302.1299278140068, 301.6317283511162, 301.1710655093193, 300.7620994448662, 300.41743391752243, 300.1477195620537, 299.9612266421318, 299.86372298002243, 299.85822981595993, 299.94489973783493, 300.12104719877243, 300.3812705874443, 300.71751326322556, 301.11946028470993, 301.5747215151787, 302.0692283511162, 302.5877830386162, 301.6217878460884, 302.14638501405716, 302.65477734804153, 303.13137036561966, 303.56142407655716, 303.9317243695259, 304.23085767030716, 304.44960767030716, 304.58119946718216, 304.62160474061966, 304.56960278749466, 304.42675000429153, 304.1974714398384, 303.88881665468216, 303.5103376507759, 303.07363110780716, 302.5922163128853, 302.0808942914009, 301.55544263124466, 301.03200513124466, 300.52675610780716, 300.0552290081978, 299.6320112347603, 299.2700727581978, 298.98061352968216, 298.7725141644478, 298.65224438905716, 298.62343579530716, 298.68703442811966, 298.84108716249466, 299.0807722210884, 299.39879590272903, 299.78530102968216, 300.22838574647903, 300.7144086956978, 301.22838574647903, 301.75450879335403, 302.27651196718216, 302.77834302186966, 303.2445600628853, 303.66075879335403, 304.01415234804153, 304.29381543397903, 304.4911420941353, 304.6000593304634, 304.61721020936966, 304.5420759320259, 304.37694531679153, 304.1269147992134, 303.79970532655716, 303.40538769960403, 302.9561079144478, 302.46572095155716, 301.9493024945259, 301.4228132367134, 300.90245801210403, 300.40428906679153, 299.94359570741653, 299.5346296429634, 299.1899946331978, 298.9202497601509, 298.73378735780716, 298.6362836956978, 298.6307905316353, 298.7174604535103, 298.8936079144478, 299.15380078554153, 299.4900739789009, 299.8920210003853, 300.3472517132759, 300.84178906679153, 301.36034375429153, 300.29067915678024, 300.81524580717087, 301.32366865873337, 301.8002616763115, 302.230315387249, 302.60061568021774, 302.899748980999, 303.11846846342087, 303.250090777874, 303.2904960513115, 303.23846358060837, 303.09564131498337, 302.86636275053024, 302.557707965374, 302.17922896146774, 301.742522418499, 301.2611076235771, 300.74978560209274, 300.22430342435837, 299.7008964419365, 299.195647418499, 298.7241203188896, 298.3009025454521, 297.9389640688896, 297.649504840374, 297.4414054751396, 297.321135699749, 297.292327105999, 297.3559257388115, 297.50994795560837, 297.74966353178024, 298.06768721342087, 298.45416182279587, 298.89727705717087, 299.3833000063896, 299.89727705717087, 300.42336958646774, 300.945403277874, 301.4472343325615, 301.9134513735771, 302.32965010404587, 302.68304365873337, 302.96270674467087, 303.1600334048271, 303.26895064115524, 303.2861015200615, 303.2109367251396, 303.04580610990524, 302.79580610990524, 302.46856611967087, 302.07424849271774, 301.6249687075615, 301.13458174467087, 300.61819380521774, 300.09170454740524, 299.57134932279587, 299.07318037748337, 298.61248701810837, 298.20352095365524, 297.8588554263115, 297.58914107084274, 297.402678668499, 297.3051750063896, 297.2996818423271, 297.386321246624, 297.5624687075615, 297.82269209623337, 298.15896528959274, 298.5609123110771, 299.01614302396774, 299.51064985990524, 300.02920454740524, 298.86602544784546, 299.3905920982361, 299.8990149497986, 300.3756079673767, 300.8056616783142, 301.17596197128296, 301.4750952720642, 301.6938147544861, 301.8254370689392, 301.8658423423767, 301.8138098716736, 301.6709876060486, 301.44170904159546, 301.1330542564392, 300.75454473495483, 300.3178687095642, 299.83645391464233, 299.32513189315796, 298.7996497154236, 298.2762427330017, 297.7709937095642, 297.29946660995483, 296.8762183189392, 296.51431035995483, 296.2248511314392, 296.01675176620483, 295.8964514732361, 295.8676733970642, 295.9312720298767, 296.0852942466736, 296.32500982284546, 296.64300298690796, 297.0295081138611, 297.4726233482361, 297.95864629745483, 298.4726233482361, 298.99871587753296, 299.5207495689392, 300.0225806236267, 300.48879766464233, 300.9049963951111, 301.2583899497986, 301.5380530357361, 301.73537969589233, 301.84429693222046, 301.8614478111267, 301.78628301620483, 301.62115240097046, 301.37115240097046, 301.0439124107361, 300.64959478378296, 300.2003149986267, 299.7099280357361, 299.19354009628296, 298.66705083847046, 298.1466956138611, 297.64849615097046, 297.1878333091736, 296.77886724472046, 296.4342017173767, 296.16448736190796, 295.9780249595642, 295.88052129745483, 295.87502813339233, 295.9616675376892, 296.1378149986267, 296.3980383872986, 296.73431158065796, 297.13625860214233, 297.59148931503296, 298.08599615097046, 298.60455083847046, 297.35866981744766, 297.8832364678383, 298.3916593194008, 298.8682523369789, 299.2983060479164, 299.66860634088516, 299.9677396416664, 300.1864591240883, 300.3180814385414, 300.3584867119789, 300.3064847588539, 300.1636319756508, 299.93435341119766, 299.6256986260414, 299.24721962213516, 298.8105130791664, 298.32909828424454, 297.81777626276016, 297.2922940850258, 296.7688871026039, 296.2636380791664, 295.79211097955704, 295.36889320611954, 295.00695472955704, 294.7174955010414, 294.50939613580704, 294.3891263604164, 294.3603177666664, 294.4239163994789, 294.5779386162758, 294.81765419244766, 295.1356778740883, 295.5221524834633, 295.9652677178383, 296.45129066705704, 296.9652677178383, 297.49136024713516, 298.0133939385414, 298.5152249932289, 298.98144203424454, 299.3976407647133, 299.7510343194008, 300.0306974053383, 300.22802406549454, 300.33694130182266, 300.3540921807289, 300.27892738580704, 300.11379677057266, 299.86379677057266, 299.5365567803383, 299.14223915338516, 298.69298988580704, 298.2025724053383, 297.68618446588516, 297.15969520807266, 296.6393399834633, 296.1411710381508, 295.6804776787758, 295.27151161432266, 294.92687660455704, 294.65713173151016, 294.4706693291664, 294.37316566705704, 294.36767250299454, 294.4543119072914, 294.6304593682289, 294.8906827569008, 295.22695595026016, 295.62890297174454, 296.08413368463516, 296.57864052057266, 297.09719520807266, 295.78008568286896, 296.3046828508377, 296.8130751848221, 297.2896682024002, 297.7197219133377, 298.09002220630646, 298.3891555070877, 298.6079055070877, 298.7394973039627, 298.7799025774002, 298.7279006242752, 298.5850478410721, 298.35576927661896, 298.0471144914627, 297.66863548755646, 297.2319289445877, 296.75051414966583, 296.23919212818146, 295.7137404680252, 295.1903029680252, 294.6850539445877, 294.21355736255646, 293.79030907154083, 293.42837059497833, 293.1389113664627, 292.93081200122833, 292.8105422258377, 292.7817336320877, 292.8453322649002, 292.9993849992752, 293.23907005786896, 293.5570937395096, 293.9435988664627, 294.3866835832596, 294.87270653247833, 295.3866835832596, 295.9128066301346, 296.4348098039627, 296.93667137622833, 297.40285789966583, 297.8190566301346, 298.1724501848221, 298.4521132707596, 298.64943993091583, 298.75835716724396, 298.7755080461502, 298.70037376880646, 298.5352431535721, 298.28521263599396, 297.9580031633377, 297.5636855363846, 297.11440575122833, 296.6240187883377, 296.10760033130646, 295.5811415910721, 295.0607863664627, 294.5625869035721, 294.1018935441971, 293.69292747974396, 293.34829246997833, 293.07854759693146, 292.8920851945877, 292.79458153247833, 292.78908836841583, 292.87575829029083, 293.05190575122833, 293.3120986223221, 293.64837181568146, 294.05031883716583, 294.50554955005646, 295.0000869035721, 295.5186415910721, 294.14231741428375, 294.6668840646744, 295.1753069162369, 295.6518694162369, 296.0819536447525, 296.45225393772125, 296.7513872385025, 296.9701067209244, 297.1016985177994, 297.142134308815, 297.0901018381119, 296.94724905490875, 296.7179704904556, 296.4093462228775, 296.0308367013931, 295.5941606760025, 295.1127458810806, 294.60142385959625, 294.0759416818619, 293.5525041818619, 293.0472551584244, 292.5757585763931, 292.1525102853775, 291.790571808815, 291.5011125802994, 291.2930437326431, 291.1727434396744, 291.1439653635025, 291.207563996315, 291.3615862131119, 291.60130178928375, 291.91929495334625, 292.3058000802994, 292.74888479709625, 293.234907746315, 293.7489153146744, 294.27500784397125, 294.7970110177994, 295.298872590065, 295.7650896310806, 296.1812883615494, 296.53465139865875, 296.81431448459625, 297.0116411447525, 297.1205583810806, 297.1377092599869, 297.0625749826431, 296.89744436740875, 296.6474138498306, 296.3202043771744, 295.92588675022125, 295.476606965065, 294.9862200021744, 294.46983206272125, 293.94334280490875, 293.4229875802994, 292.92478811740875, 292.4641252756119, 292.05515921115875, 291.710493683815, 291.44077932834625, 291.2542864084244, 291.156782746315, 291.1512895822525, 291.2379595041275, 291.414106965065, 291.6743303537369, 292.0105730295181, 292.4125200510025, 292.86778128147125, 293.36228811740875, 293.88084280490875, 292.4577691555023, 292.98233580589294, 293.49075865745544, 293.96735167503357, 294.39740538597107, 294.7677056789398, 295.06683897972107, 295.28555846214294, 295.41718077659607, 295.45758605003357, 295.40555357933044, 295.26273131370544, 295.0334527492523, 294.72479796409607, 294.3463189601898, 293.90961241722107, 293.4281976222992, 292.9168756008148, 292.39139342308044, 291.86798644065857, 291.36273741722107, 290.8912103176117, 290.4679925441742, 290.1060540676117, 289.81659483909607, 289.6084954738617, 289.48822569847107, 289.45941710472107, 289.52301573753357, 289.67703795433044, 289.9167535305023, 290.23477721214294, 290.62125182151794, 291.06436705589294, 291.5503900051117, 292.06436705589294, 292.5904595851898, 293.11249327659607, 293.61432433128357, 294.0805413722992, 294.49674010276794, 294.85013365745544, 295.12979674339294, 295.3271234035492, 295.4360406398773, 295.45319151878357, 295.3780267238617, 295.2128961086273, 294.9628961086273, 294.63565611839294, 294.2413384914398, 293.79205870628357, 293.30167174339294, 292.7852838039398, 292.2587945461273, 291.73843932151794, 291.24027037620544, 290.77957701683044, 290.3706109523773, 290.0259759426117, 289.7562310695648, 289.56976866722107, 289.4722650051117, 289.4667718410492, 289.55341124534607, 289.72955870628357, 289.98978209495544, 290.3260552883148, 290.7280023097992, 291.1832330226898, 291.6777398586273, 292.1962945461273, 290.739297747612, 291.26389491558075, 291.7722872495651, 292.24888026714325, 292.67893397808075, 293.0492647886276, 293.34836757183075, 293.56711757183075, 293.69870936870575, 293.73911464214325, 293.68711268901825, 293.5442599058151, 293.314981341362, 293.00632655620575, 292.6278475522995, 292.1911715269089, 291.7097262144089, 291.1984041929245, 290.67295253276825, 290.14951503276825, 289.64426600933075, 289.1727694272995, 288.7495211362839, 288.3875826597214, 288.09812343120575, 287.8900240659714, 287.76975429058075, 287.7409762144089, 287.8045748472214, 287.95859706401825, 288.198282122612, 288.5163058042526, 288.90281093120575, 289.3458956480026, 289.8319185972214, 290.3458956480026, 290.8720186948776, 291.39402186870575, 291.8958834409714, 292.3620699644089, 292.7782686948776, 293.1316622495651, 293.4113253355026, 293.6086519956589, 293.717569231987, 293.73472011089325, 293.6595858335495, 293.4944552183151, 293.244424700737, 292.91721522808075, 292.5228976011276, 292.0736178159714, 291.58323085308075, 291.0668123960495, 290.5403536558151, 290.01999843120575, 289.5217989683151, 289.0611056089401, 288.652139544487, 288.3075045347214, 288.0377901792526, 287.85129725933075, 287.7537935972214, 287.7483004331589, 287.8349703550339, 288.0111178159714, 288.2713106870651, 288.6075838804245, 289.0095309019089, 289.4647616147995, 289.9592989683151, 290.4778536558151, 289, 289.5245666503906, 290.0329895019531, 290.50958251953125, 290.93963623046875, 291.3099365234375, 291.60906982421875, 291.8277893066406, 291.95941162109375, 291.99981689453125, 291.9477844238281, 291.8049621582031, 291.57568359375, 291.26702880859375, 290.8885192871094, 290.45184326171875, 289.9704284667969, 289.4591064453125, 288.9336242675781, 288.41021728515625, 287.90496826171875, 287.4334411621094, 287.01019287109375, 286.6482849121094, 286.35882568359375, 286.1507263183594, 286.0304260253906, 286.00164794921875, 286.06524658203125, 286.2192687988281, 286.458984375, 286.7769775390625, 287.1634826660156, 287.6065979003906, 288.0926208496094, 288.6065979003906, 289.1326904296875, 289.65472412109375, 290.15655517578125, 290.6227722167969, 291.0389709472656, 291.3923645019531, 291.6720275878906, 291.8693542480469, 291.978271484375, 291.99542236328125, 291.9202575683594, 291.755126953125, 291.505126953125, 291.1778869628906, 290.7835693359375, 290.33428955078125, 289.8439025878906, 289.3275146484375, 288.801025390625, 288.2806701660156, 287.782470703125, 287.3218078613281, 286.912841796875, 286.56817626953125, 286.2984619140625, 286.11199951171875, 286.0144958496094, 286.0090026855469, 286.09564208984375, 286.27178955078125, 286.5320129394531, 286.8682861328125, 287.2702331542969, 287.7254638671875, 288.219970703125, 288.738525390625],
    }
}

