#usda 1.0
(
    customLayerData = {
        bool geospatialResolutionRequired = 1
        string sourceHeightInterpretation = "GeoJSON third coordinate interpreted as WGS84 ellipsoidal height for this demonstration; source CRS label EPSG:4326 alone is incomplete for height. No survey-height accuracy claimed."
    }
    metersPerUnit = 1
    upAxis = "Z"
)

def Scope "CRS"
{
    def CoordinateReferenceSystem "Source"
    {
        uniform token crs:wkt = 'GEOGCRS["WGS 84",ENSEMBLE["World Geodetic System 1984 ensemble",MEMBER["World Geodetic System 1984 (Transit)"],MEMBER["World Geodetic System 1984 (G730)"],MEMBER["World Geodetic System 1984 (G873)"],MEMBER["World Geodetic System 1984 (G1150)"],MEMBER["World Geodetic System 1984 (G1674)"],MEMBER["World Geodetic System 1984 (G1762)"],MEMBER["World Geodetic System 1984 (G2139)"],MEMBER["World Geodetic System 1984 (G2296)"],ELLIPSOID["WGS 84",6378137,298.257223563,LENGTHUNIT["metre",1]],ENSEMBLEACCURACY[2]],PRIMEM["Greenwich",0,ANGLEUNIT["degree",0.0174532925199433]],CS[ELLIPSOIDAL,3],AXIS["geodetic latitude (Lat)",NORTH,ORDER[1],ANGLEUNIT["degree",0.0174532925199433]],AXIS["geodetic longitude (Lon)",EAST,ORDER[2],ANGLEUNIT["degree",0.0174532925199433]],AXIS["ellipsoidal height (h)",UP,ORDER[3],LENGTHUNIT["metre",1]],USAGE[SCOPE["Geodesy. Navigation and positioning using GPS satellite system."],AREA["World."],BBOX[-90,-180,90,180]],ID["EPSG",4979]]'
    }
}

def Scope "RailCoordinates" (
    prepend apiSchemas = ["GeospatialBindingAPI"]
)
{
    rel crs:binding = </CRS/Source>
    rel crs:coordinateProperties = </RailCoordinates.data:coordinates>
    custom double3[] data:coordinates = [(10.209789719148057, 53.491591843133264, 49.48313242683307), (10.209731912328643, 53.49156331894479, 49.51660381893767), (10.209673704386175, 53.491534589466795, 49.54535157330601), (10.209615951542606, 53.49150604403838, 49.582531206367186), (10.209558019750107, 53.49147736687372, 49.62195407647371), (10.209499999962082, 53.491448619809404, 49.65310010493858), (10.209441897496788, 53.49141979702802, 49.68140226411993), (10.20943195092443, 53.49141485937063, 49.68971943911779), (10.209428381639245, 53.49141308751278, 49.69270402246225), (10.209383962172405, 53.491391039830766, 49.72899273833397), (10.209326139831175, 53.49136232753223, 49.76629518459526), (10.20926825317956, 53.491333542296985, 49.79702312959559), (10.209210402064235, 53.491304729952084, 49.82506193190802), (10.209152565142483, 53.49127593165438, 49.856461656202434), (10.209094800700377, 53.491247153396166, 49.890534297262235), (10.209036886235964, 53.49121827546618, 49.916478129364535), (10.208979169005833, 53.49118951946226, 49.940345482797994), (10.208921316122494, 53.49116066870158, 49.96724499542003), (10.208863438362114, 53.49113183185315, 49.99413171277898), (10.20880552120166, 53.491102961470084, 50.013267180992045), (10.20874784187106, 53.49107420953792, 50.03542231511257), (10.20869004547981, 53.49104536920195, 50.05405196290009), (10.208632057271743, 53.491016445140936, 50.06707099376521), (10.208570359848414, 53.49098565434802, 50.07523214034945), (10.208513609209389, 53.49095736953921, 50.095881430661514), (10.208455778301744, 53.49092852720272, 50.10995887963732), (10.20839795442546, 53.49089971922426, 50.12173416316713), (10.208340099389353, 53.490870868617094, 50.13863980410931), (10.208282309398571, 53.490842073507984, 50.15029485822164), (10.208224470947892, 53.49081327279974, 50.16301238078025), (10.208166603054126, 53.49078443017211, 50.187620280505435), (10.208108824723695, 53.49075563582979, 50.19811406244735), (10.208051015678778, 53.49072681897533, 50.207857803906016), (10.207993205542556, 53.49069801088622, 50.209331209246756), (10.207935354102124, 53.49066918163052, 50.2195488626137), (10.207877518650678, 53.490640367753244, 50.20632394788199), (10.20781957206472, 53.490611482546406, 50.20331355612238), (10.207761995635064, 53.49058276441769, 50.21492982395445), (10.207704114066454, 53.49055390308845, 50.209372036914026), (10.207646293551992, 53.49052507126222, 50.22462975587141), (10.207588410340218, 53.49049622187545, 50.21860073989578), (10.207558204835623, 53.490481164606116, 50.21833617088883), (10.207530623146559, 53.49046741527753, 50.21809458363118), (10.207472900907659, 53.490438647531676, 50.223114920986276), (10.2074148693444, 53.490409725729535, 50.22259025492869), (10.207358600372206, 53.49038166057823, 50.22358788592055), (10.207299006336294, 53.49035193456814, 50.22139254669387), (10.207241590374396, 53.49032330616312, 50.20024595937354), (10.207183745908878, 53.49029446607639, 50.20059115409126), (10.207126001928785, 53.49026568031064, 50.184082983171116), (10.207068133739446, 53.4902368259641, 50.173355225971406), (10.207010320810772, 53.490207978718125, 50.16486697898613), (10.20695240962929, 53.49017910576528, 50.15406849517456), (10.20689470056189, 53.49015029744226, 50.15542704992099), (10.206836888144366, 53.49012144698337, 50.15233807863579), (10.206779204358176, 53.49009266059829, 50.156102068722255), (10.206719751226418, 53.490062960461756, 50.159440963557564), (10.206661952761921, 53.49003409666366, 50.18067283955747), (10.206604271166897, 53.49000529781136, 50.18824757236582), (10.206546347165878, 53.489976428776636, 50.20262644561755), (10.206488549196607, 53.48994762986225, 50.21104723710548), (10.206430781353236, 53.4899188531503, 50.21182969739648), (10.206372933430867, 53.48989006650101, 50.21156291331053), (10.206315076685557, 53.489861297616066, 50.21637821452635), (10.206257112461724, 53.48983250849395, 50.22072258423573), (10.206199144432968, 53.489803767624124, 50.21373533388569), (10.206141215228028, 53.48977508033456, 50.205293261633), (10.206083152250022, 53.48974634707647, 50.2100341703984), (10.206040905365292, 53.48972551087824, 50.20901364823214), (10.20600020367183, 53.48970553341227, 50.207570615829), (10.205959571591807, 53.489685526292455, 50.20388416976184), (10.205918868553873, 53.489665522475256, 50.205510379176545), (10.205878126138096, 53.48964559583069, 50.207085131089414), (10.205837265003806, 53.48962566663587, 50.20696398935995), (10.205796414862778, 53.48960578619112, 50.21264084100608), (10.20575557605459, 53.48958587693832, 50.21293168759037), (10.205714642845098, 53.489566067376295, 50.21375077034344), (10.205673619691995, 53.48954621392983, 50.21493162291739), (10.205632510573002, 53.48952647006372, 50.21442231205455), (10.205591528515159, 53.48950680859886, 50.21422653207892), (10.205550367693172, 53.48948705241494, 50.213409590827), (10.205509202919098, 53.489467434869965, 50.210087068466066), (10.205467961795208, 53.48944783570777, 50.20831220545487), (10.205426612734529, 53.489428228867645, 50.20625290981331), (10.205385229907908, 53.48940872224236, 50.202129988457614), (10.205343985568284, 53.4893893043908, 50.200991026339544), (10.20530243973719, 53.489369868098805, 50.19612875784958), (10.205260782216696, 53.48935048619831, 50.18975211038262), (10.205219346936513, 53.489331244935684, 50.18135588235492), (10.20517758295558, 53.48931189713333, 50.179837427980736), (10.205135850467144, 53.48929265018516, 50.17820912916022), (10.205094193550153, 53.489273492880535, 50.17939389809476), (10.205052214670381, 53.489254339311586, 50.179171911324936), (10.20501024133468, 53.48923525926244, 50.17837667267928), (10.20496829711895, 53.48921625951201, 50.17747869449721), (10.204926268354866, 53.48919722094695, 50.17936680616091), (10.204884152270823, 53.489178369310025, 50.17910039288706), (10.204842002322774, 53.48915947089195, 50.17707814934482), (10.204799848207422, 53.48914068787163, 50.17637957150521), (10.204757473619376, 53.48912186905767, 50.17319193196446), (10.204713526181925, 53.48910247876933, 50.17451298485592), (10.204670959263208, 53.48908375510057, 50.177492626907295), (10.204628537630615, 53.48906514268747, 50.176551536721924), (10.20458602633499, 53.48904659034444, 50.17685460178137), (10.204543391828278, 53.48902806017322, 50.17891148999704), (10.204500743672781, 53.48900956656972, 50.18027553742996), (10.20445812123061, 53.48899119472638, 50.185113792018086), (10.204415283137902, 53.488972750040425, 50.188475156803975), (10.204372374006612, 53.488954331020935, 50.18781590866121), (10.204329616930943, 53.48893603850417, 50.186656912182), (10.204286653069586, 53.48891778572004, 50.18466613514497), (10.204243685695234, 53.48889957221207, 50.182991662792716), (10.204200552627812, 53.48888135943018, 50.18769066964232), (10.20415744359221, 53.488863308943934, 50.19329002624558), (10.204114317066098, 53.48884528390943, 50.19669287915472), (10.204071201650464, 53.48882732498244, 50.20664357745863), (10.2040278245935, 53.48880933723339, 50.21980480738014), (10.203984284315188, 53.48879144750396, 50.22580369820851), (10.203940826779958, 53.48877367321882, 50.23684591997183), (10.203897168360315, 53.48875604630984, 50.25135177175522), (10.203853466164812, 53.4887384584587, 50.26247768200831), (10.20380986753543, 53.48872095694453, 50.27572908793177), (10.20376606428441, 53.4887034277305, 50.28136906158518), (10.203739479987732, 53.48869289220916, 50.28410287867651), (10.203695577869757, 53.48867547590411, 50.297624120644635), (10.20365157592962, 53.4886581367799, 50.311148271750014), (10.203607441852201, 53.48864088551602, 50.32467909855675), (10.203563340811142, 53.48862375109706, 50.341424152666754), (10.203519099988513, 53.48860662070379, 50.352549124829046), (10.203474511799056, 53.488589527848596, 50.36867205426164), (10.203430214722019, 53.48857261711434, 50.380371073765616), (10.203385628054582, 53.48855566377747, 50.394300659665795), (10.203341355592544, 53.48853896923634, 50.41190222623967), (10.203296744417038, 53.488522204459656, 50.424777131402735), (10.203252008974092, 53.48850550802064, 50.43766680350833), (10.203207284017823, 53.488488911732084, 50.45205012365571), (10.203162380229172, 53.48847240431566, 50.467026204537675), (10.20311748421039, 53.48845589968788, 50.484161271622625), (10.203072459716697, 53.48843948489365, 50.50346931511188), (10.20302750123708, 53.48842315088542, 50.52165251859498), (10.202982363524011, 53.488406882371265, 50.53255403948665), (10.202937045670383, 53.48839069905171, 50.54644699752458), (10.202891846085032, 53.48837455817372, 50.55599644002869), (10.20284646656271, 53.48835851143325, 50.56447504615018), (10.202800987176225, 53.48834249685135, 50.56755656583376), (10.202755554539138, 53.48832658976164, 50.568457345908904), (10.202710143031158, 53.488310843304944, 50.566503609816095), (10.20266453393515, 53.488295060685374, 50.56888775530789), (10.202618891066642, 53.48827943882594, 50.560701119916814), (10.202572955397313, 53.48826377765148, 50.55250615724745), (10.202527212503789, 53.488248120187336, 50.543710582287694), (10.202487854854546, 53.488234839694265, 50.5407310012994), (10.202481935848168, 53.48823285012403, 50.54015055483858), (10.202435480471456, 53.48821735960094, 50.53352494282672), (10.202389387560581, 53.48820207272222, 50.519826117547844), (10.20234326424123, 53.48818682205578, 50.514012593853174), (10.202297066144686, 53.48817161620334, 50.508197709904636), (10.202250607911399, 53.48815650765477, 50.50111633876999), (10.202204682966473, 53.488141616736414, 50.497476953157836), (10.202158175976368, 53.48812662397137, 50.4971384072353), (10.202111706911095, 53.488111771005734, 50.50095719746194), (10.20206521084319, 53.48809695540061, 50.4988064021585), (10.202018621983473, 53.48808224024374, 50.49851255871611), (10.201997613161328, 53.4880756567923, 50.49557915734649), (10.201971917140584, 53.48806760452415, 50.491991294699496), (10.201925170709554, 53.488053035183746, 50.48907299523354), (10.201878508467155, 53.48803863698105, 50.48403913117938), (10.201831526445536, 53.48802430839247, 50.47689726447163), (10.201784578761869, 53.488010099172676, 50.46403003313657), (10.201737395859768, 53.48799592040991, 50.4525982859635), (10.20169026815267, 53.487981893582905, 50.444754024112996), (10.201643113634647, 53.487967934340226, 50.436513494876834), (10.201595822378648, 53.487954059790454, 50.43034033214701), (10.20154849658062, 53.48794027907433, 50.42417317173764), (10.201500983609577, 53.48792655740616, 50.4154064616378), (10.20145356852862, 53.48791287504206, 50.4143708405632), (10.201406036961183, 53.48789926270629, 50.41021582447762), (10.201358517650629, 53.487885663892314, 50.40584209641262), (10.20131085376698, 53.48787209902353, 50.39613133622557), (10.20126327110989, 53.48785865046831, 50.389561609768116), (10.201215574349556, 53.4878451860253, 50.3897284843953), (10.201167879369134, 53.48783175343824, 50.38099715381817), (10.201120064721955, 53.48781840075611, 50.376415917509405), (10.201072336821833, 53.48780509290289, 50.36768853973715), (10.201024550278389, 53.48779186387343, 50.361166367863746), (10.200976653237122, 53.48777873913263, 50.35600420985774), (10.200928666617811, 53.48776570284899, 50.35499363213735), (10.200880690971742, 53.48775277078823, 50.34810170445958), (10.200832580058334, 53.487739887142745, 50.341240201717845), (10.200784328897365, 53.48772706841424, 50.33436447415054), (10.200736190810776, 53.48771444106423, 50.3314154446125), (10.200687873097332, 53.48770183150881, 50.32726189494133), (10.200639445032431, 53.487689325563466, 50.315839633345604), (10.200590929716325, 53.487676873886215, 50.30994727872739), (10.200542587368728, 53.48766459304125, 50.30539862423712), (10.20050785991978, 53.487655799512964, 50.301824901179856), (10.200473313427166, 53.487647141494264, 50.29845277289169), (10.200438550706897, 53.48763843775226, 50.29227173747315), (10.200403746962355, 53.48762982073167, 50.29261960670335), (10.200368943017354, 53.48762119436982, 50.287447566065175), (10.200334081674068, 53.487612630551425, 50.27976957711138), (10.20029927057994, 53.4876040758542, 50.275542231280234), (10.200264506939408, 53.487595635824434, 50.27208283571233), (10.20022959952466, 53.487587223123334, 50.26605489036298), (10.200194635968357, 53.48757882865951, 50.26016081149406), (10.200159700956917, 53.4875704621526, 50.252195454063234), (10.200124660392788, 53.48756216210662, 50.248426234035655), (10.200089709402015, 53.48755385373972, 50.24059626958341), (10.200054700611178, 53.48754568025764, 50.23785657921356), (10.200019624858355, 53.48753747548568, 50.23449219128374), (10.199984490155119, 53.487529360598494, 50.22767274558744), (10.19994924364421, 53.4875211708224, 50.21980997599645), (10.1999141166067, 53.48751313368692, 50.21780740186183), (10.199878979343595, 53.48750512855096, 50.211727545013844), (10.19984370802825, 53.48749713178395, 50.202576349137104), (10.199808724573444, 53.48748925991926, 50.19635708630084), (10.199773470880814, 53.4874813217262, 50.19432464241981), (10.199738170604778, 53.487473441396865, 50.185178637504144), (10.199702884602575, 53.48746563490622, 50.18263461106609), (10.199667564870193, 53.48745785083355, 50.17738118333919), (10.199632241613445, 53.48745010833442, 50.17390229006523), (10.19959695071466, 53.487442410177756, 50.16699226084727), (10.199561509226074, 53.48743471310601, 50.16115552703186), (10.199526073315685, 53.487427110216586, 50.15620256421438), (10.199490571954943, 53.487419515121076, 50.14752401167897), (10.199455088424802, 53.487411964385664, 50.14464576081087), (10.199419602503301, 53.487404476524844, 50.1398815449103), (10.199384257064445, 53.4873970583569, 50.134777373447264), (10.199348880577586, 53.487389695974855, 50.128500223341106), (10.19931317894355, 53.487382276735005, 50.12409752327418), (10.199277369498251, 53.487374899862935, 50.11627288379541), (10.19924177428702, 53.48736761982351, 50.110463533751364), (10.199206174055274, 53.4873603692382, 50.102177659463926), (10.199170559370517, 53.48735317165426, 50.09923852243892), (10.199134782087475, 53.48734598849302, 50.0886685146811), (10.199099146621162, 53.487338885371585, 50.083361384453035), (10.199063460966334, 53.4873317995723, 50.07499381683432), (10.19902765477342, 53.48732474315931, 50.069406968136384), (10.198991926327807, 53.487317744209825, 50.06710637168158), (10.198956087523538, 53.48731078289192, 50.05793726910883), (10.198920271483694, 53.487303870149326, 50.049713109700804), (10.198884461538473, 53.4872969902337, 50.043023117687376), (10.198848612976546, 53.48729016098574, 50.035542059535416), (10.198812664749886, 53.48728335708326, 50.032734305433316), (10.198776740886714, 53.48727661531839, 50.027644648156134), (10.198740605708691, 53.487269853580905, 50.01888433961972), (10.1987048271524, 53.48726321087062, 50.01443409682948), (10.198668753828063, 53.487256558050824, 50.007993514385745), (10.198632774667697, 53.48724996598207, 49.99846717637963), (10.198596770365338, 53.48724341261417, 49.99354944477859), (10.198560838943099, 53.48723692747992, 49.99039286927265), (10.198524687403557, 53.487230445369974, 49.9840131526485), (10.198488610382476, 53.487223976430506, 49.97611055347024), (10.198452558621508, 53.487217619780836, 49.96969514558486), (10.198416393183008, 53.48721125636872, 49.96270571218356), (10.198380268569315, 53.487204957623284, 49.95419317371954), (10.198344042330513, 53.487198698650005, 49.94873806786531), (10.198307893075416, 53.48719246750316, 49.940227051874686), (10.198271815404876, 53.48718630666316, 49.93388896308702), (10.19823554234123, 53.487180165752356, 49.93057996048303), (10.198199391803408, 53.48717404513647, 49.92423593496554), (10.198163042390147, 53.4871679918481, 49.920916954314485), (10.198126737104223, 53.48716197451839, 49.911470932394074), (10.198090438692839, 53.48715602909204, 49.90915420759888), (10.198054124685095, 53.4871501220895, 49.903750951383856), (10.198017739352872, 53.48714423204605, 49.896810388828364), (10.197981392861434, 53.487138376967415, 49.889870944915366), (10.197944961364364, 53.48713256524099, 49.884466186559976), (10.197908705900254, 53.4871268351278, 49.87687863680114), (10.197872168212083, 53.48712111912339, 49.869957672922), (10.197835883120666, 53.48711550206118, 49.86283878159303), (10.19779920604143, 53.48710983493153, 49.85664369214205), (10.19776289508233, 53.487104308218086, 49.85206881699669), (10.19772644563071, 53.4870987891588, 49.84132307081512), (10.197689797541626, 53.48709328295349, 49.83207512649838), (10.197653291788358, 53.48708778440341, 49.828336780351634), (10.197616638884492, 53.487082411911906, 49.81985513906631), (10.197580257955662, 53.487077051042306, 49.816052917749175), (10.197543715307857, 53.487071736098954, 49.80953736110178), (10.197507252571462, 53.48706646449096, 49.79881382177381), (10.19747034740826, 53.48706117102463, 49.797270805129486), (10.197433769399094, 53.48705598207484, 49.7926849165846), (10.197397159469734, 53.48705084652833, 49.78257722814953), (10.19736054205592, 53.48704571820594, 49.77848000502453), (10.197323819595903, 53.48704064618695, 49.77283794767083), (10.197287117318846, 53.48703559299157, 49.76253393058844), (10.197250475073378, 53.48703059582222, 49.75808776809193), (10.197213631032007, 53.48702563479992, 49.750528857790094), (10.197176888536399, 53.48702074185904, 49.746189286539355), (10.197140156446263, 53.487015856553384, 49.74030091288138), (10.197103515157695, 53.48701105394647, 49.73289992401711), (10.19706670232024, 53.4870062649974, 49.723969473628046), (10.19703000966889, 53.48700149854706, 49.71431237527477), (10.196992946208924, 53.48699679784438, 49.71224807515989), (10.196956204162465, 53.48699211700344, 49.70770415363673), (10.196919229629733, 53.4869874850011, 49.7043129839783), (10.196882579812945, 53.48698291271514, 49.694143540811055), (10.1968457480088, 53.486978344149854, 49.68829797203885), (10.19680867415347, 53.48697384081422, 49.68730829051415), (10.196771915570867, 53.486969369556405, 49.67856879815983), (10.196734959851666, 53.4869649711222, 49.67610597446194), (10.196697842666028, 53.48696056622917, 49.66375771381241), (10.196660875019509, 53.48695625312804, 49.66065570645026), (10.196624312621411, 53.486952011045176, 49.657412393431336), (10.19658675732947, 53.486947640836725, 49.64970201736483), (10.196549637663225, 53.486943436954036, 49.64206844522094), (10.196512518747761, 53.48693929482911, 49.63460960780188), (10.196475616546127, 53.48693519089902, 49.63094125156142), (10.196439007806793, 53.486931164691256, 49.62660554856163), (10.196401990368777, 53.486927150728505, 49.61814475701408), (10.196364805692129, 53.486923173395176, 49.61434138684901), (10.19632778555338, 53.4869192461831, 49.606374581549524), (10.196291457524328, 53.48691542028236, 49.59931821185324), (10.196254378123461, 53.4869115558819, 49.59371490205275), (10.196216989063673, 53.48690772781636, 49.58662250952799), (10.196180214312582, 53.4869040032509, 49.57962640169437), (10.196143049309791, 53.486900300434165, 49.57177510146087), (10.196105991207457, 53.48689665768098, 49.56772849785929), (10.196068769268907, 53.48689300246146, 49.56215518029889), (10.196031723586094, 53.486889399732924, 49.55295347998363), (10.195994498092348, 53.48688582164158, 49.54834043881803), (10.195957352072785, 53.486882346395525, 49.54377149801782), (10.195920534600505, 53.48687892267192, 49.53624673922246), (10.195882909931457, 53.48687546380054, 49.53210555215502), (10.195846335023614, 53.48687219162877, 49.5207119286316), (10.209958857823686, 53.491594958614904, 49.69231437733929), (10.209948537788847, 53.491589927683066, 49.69434973541489), (10.209919358169685, 53.4915756989702, 49.70950739163735), (10.209890226605449, 53.49156149483793, 49.72699312432753), (10.209860728263525, 53.491547114664186, 49.744428855322006), (10.209831874072698, 53.491533031610736, 49.75771301005035), (10.20980273283057, 53.49151881461286, 49.768198902828274), (10.209773542640649, 53.491504571909616, 49.78364871217726), (10.20974437149351, 53.49149033397747, 49.79265542132749), (10.209715221115413, 53.49147610060014, 49.80682047641817), (10.20968605275959, 53.49146185165442, 49.81531208741217), (10.209656843958303, 53.491447562272405, 49.82892808044861), (10.209627717428708, 53.491433314176405, 49.83803876421511), (10.209598696049127, 53.49141910596213, 49.84621577770539), (10.209569587153199, 53.49140485313208, 49.852279379884784), (10.20954053498638, 53.49139059129061, 49.85908131478628), (10.209511342325507, 53.49137626036103, 49.86547384388317), (10.209482337052778, 53.49136201677328, 49.87462636123323), (10.20945314542872, 53.49134768841306, 49.87704741487484), (10.209424094907916, 53.49133341104194, 49.889016636082076), (10.209395038115995, 53.49131909807602, 49.8968735206664), (10.209365959856898, 53.4913047924357, 49.90229920345693), (10.209336874864766, 53.491290481062784, 49.902542501037814), (10.209307961810982, 53.49127623889854, 49.908694708071074), (10.209278774428624, 53.491261873047776, 49.91797734380402), (10.209249673022363, 53.49124755610295, 49.920650239630596), (10.209220621679224, 53.49123324562159, 49.92845894541183), (10.209191828661295, 53.491219034670436, 49.94016528459253), (10.20916263203155, 53.49120463246274, 49.946144310255946), (10.209133716005791, 53.49119033199234, 49.95310062293752), (10.20910483312811, 53.49117605256284, 49.955997508815926), (10.20907580826345, 53.49116169707866, 49.96618755622007), (10.209046684030502, 53.49114726032222, 49.97946349325152), (10.209017576481726, 53.4911328611375, 49.9869608993604), (10.208988786513176, 53.49111860984844, 49.9974259115439), (10.208959763169254, 53.49110423844161, 50.00939843952336), (10.20893081728881, 53.49108988903956, 50.015842950533944), (10.20890183150323, 53.49107551575063, 50.02645890064593), (10.20887282589609, 53.49106114442109, 50.03503746524691), (10.208843870650577, 53.49104675086958, 50.04850118383682), (10.208815103028265, 53.49103244890605, 50.0576067674612), (10.208786013340307, 53.49101803772844, 50.06056370913847), (10.208757052049707, 53.49100365752098, 50.06887010444349), (10.20872799198151, 53.49098921952762, 50.0768098841456), (10.208699181470015, 53.49097487113162, 50.081533132558505), (10.208670185574885, 53.49096046437478, 50.08765400337903), (10.20863831808066, 53.49094460880064, 50.09598922231223), (10.208581377886127, 53.49091622836261, 50.1099963543557), (10.208523573350277, 53.49088742384227, 50.12656179347186), (10.20846577219685, 53.490858638891076, 50.13488534434682), (10.208408104310243, 53.49082987846381, 50.144098919819726), (10.208350122352067, 53.49080098085534, 50.158260228076124), (10.208292292447622, 53.49077217221789, 50.17200252839822), (10.208234430249219, 53.490743369304305, 50.18737690925893), (10.208176625606374, 53.490714566855466, 50.20136910211947), (10.208118793945905, 53.49068575504242, 50.218651582315374), (10.208061035653786, 53.490656970319066, 50.22784204220952), (10.20800951556682, 53.49063127902004, 50.22801208496116), (10.207948283914899, 53.490600738930674, 50.22067413152041), (10.207890441465288, 53.49057191173118, 50.22709654425628), (10.207832644605391, 53.4905431131368, 50.23158981837668), (10.207774787526171, 53.490514293175174, 50.2391113585892), (10.207717016261721, 53.49048552348045, 50.24191097500891), (10.207659180479792, 53.49045671693405, 50.24612590546733), (10.207601304401521, 53.49042790455849, 50.25150654218743), (10.207543450436864, 53.49039909294008, 50.2538990464084), (10.207485485916196, 53.490370215241434, 50.24557458801083), (10.207427551781649, 53.490341347494386, 50.2433492209931), (10.20736993213001, 53.49031263063873, 50.241746720518115), (10.20731222559998, 53.49028386252874, 50.25034908120409), (10.207254381928731, 53.49025502690646, 50.2549134239062), (10.207196699151977, 53.49022626959383, 50.2584961272547), (10.207138725875696, 53.49019734997429, 50.262263858813846), (10.207080941444097, 53.49016853294032, 50.263257667830764), (10.207023198079446, 53.490139717100696, 50.26332694167903), (10.206965345205182, 53.49011084374921, 50.266005292920134), (10.206907525592193, 53.490081999624444, 50.27058304392058), (10.206849751940945, 53.490053146630565, 50.27446105166216), (10.206791905092128, 53.490024254866654, 50.275244075060826), (10.206734205742762, 53.48999544716956, 50.283801138814475), (10.206675463752747, 53.48996615773421, 50.30671093059144), (10.206617609531003, 53.489937325639076, 50.30730296127883), (10.206559805785284, 53.48990847727729, 50.30931407321561), (10.206502007721108, 53.48987964750781, 50.31386869416534), (10.206444191243968, 53.48985080501306, 50.315803523017394), (10.206386387261892, 53.48982198029469, 50.32232780665813), (10.20632864396923, 53.48979318904939, 50.336730479809766), (10.206270775777206, 53.48976436810459, 50.337848196918415), (10.206212892507725, 53.48973554238826, 50.33506807581262), (10.206155059040535, 53.489706764059456, 50.337316838701604), (10.206097192514026, 53.489677979483304, 50.34077618763741), (10.206039607556082, 53.48964937214053, 50.34150941053056), (10.20599911293291, 53.489629281242756, 50.34547307429714), (10.205958546576026, 53.489609179950854, 50.3464574286879), (10.205918050206545, 53.48958915304813, 50.350423774053034), (10.2058773319746, 53.4895690326212, 50.354672968880976), (10.205836751336953, 53.48954902022782, 50.36233065619361), (10.205796017979127, 53.48952897704532, 50.366150642687096), (10.20575525541801, 53.48950894008204, 50.37330246232697), (10.205714503518122, 53.48948894123859, 50.373328366120845), (10.205673762709003, 53.48946899734854, 50.37847054193055), (10.205632917129915, 53.48944905684947, 50.383620911899406), (10.205592056333842, 53.48942915847209, 50.38986755249559), (10.205551158679427, 53.489409273512784, 50.39351753013122), (10.205510218333854, 53.4893894228818, 50.39997415766763), (10.205469181055195, 53.489369623845114, 50.408898537985195), (10.205428122631695, 53.489349879215595, 50.415899041798696), (10.205387051741807, 53.48933015786088, 50.41916517330366), (10.20534588977388, 53.48931046583766, 50.41940577605191), (10.20530466225406, 53.48929083866159, 50.422761225726205), (10.205263406066926, 53.48927124198336, 50.42654287372844), (10.205222077636838, 53.489251653820894, 50.42996088467449), (10.20518068170118, 53.489232136148814, 50.4339884225721), (10.205139284952782, 53.489212660128715, 50.43300649569833), (10.205097694256008, 53.489193212332296, 50.43575350439168), (10.205056127542214, 53.489173831405836, 50.43827737100875), (10.20501454095322, 53.48915448499973, 50.443789223786126), (10.204972839767805, 53.48913519087385, 50.43920604132441), (10.20493099451467, 53.48911603633471, 50.450253369640855), (10.204889144400045, 53.48909682695381, 50.45066741062279), (10.204847187452971, 53.48907774945595, 50.45571262758491), (10.20480516066268, 53.48905873145332, 50.4558178875407), (10.204763152209575, 53.489039740859575, 50.461410912637255), (10.204721005631736, 53.48902079851939, 50.46658298584175), (10.204678737482354, 53.48900189134272, 50.46880366713048), (10.204636458818946, 53.488983077706905, 50.473576067216236), (10.204594124121018, 53.488964329373246, 50.4758270477615), (10.204551625590856, 53.48894562549931, 50.47876751348218), (10.204509044504821, 53.488926999365994, 50.48166836374815), (10.204466434786594, 53.488908432455865, 50.48333481258175), (10.204423765930258, 53.488889970769335, 50.483365503042336), (10.204380916243496, 53.48887155438341, 50.486924555107464), (10.204337999047794, 53.48885321627866, 50.4872356522175), (10.204294981343123, 53.48883492972223, 50.48628868454141), (10.204251968445048, 53.48881674046007, 50.48798043064141), (10.204208744106095, 53.48879859540745, 50.490086447798), (10.204165568062715, 53.488780539044264, 50.49589508519781), (10.204122234925908, 53.488762562211285, 50.493276356738384), (10.204078927307654, 53.48874471688691, 50.492535246505625), (10.20403535769167, 53.48872685605063, 50.49612479504592), (10.203991799934448, 53.48870910224427, 50.497086494860966), (10.203948247691773, 53.48869139557747, 50.496513172217774), (10.203904465951728, 53.48867374136858, 50.49704913121857), (10.20386072320832, 53.488656144388244, 50.4989289310694), (10.20381689373809, 53.4886385940352, 50.508565849634664), (10.203773002971937, 53.4886211776158, 50.50329281174459), (10.20372902387504, 53.48860377101186, 50.49719233311199), (10.203684985400702, 53.48858645744229, 50.496907772276714), (10.20364075315294, 53.488569217783116, 50.49359526205173), (10.20359654561494, 53.48855204467297, 50.49595897211694), (10.203552157084784, 53.48853497722353, 50.4965474878737), (10.203507776306216, 53.48851796993249, 50.497649024338735), (10.20346333270275, 53.488501027316666, 50.49542571509817), (10.203418762827749, 53.48848414115131, 50.499522382413744), (10.203374168111509, 53.48846735822628, 50.49373950415167), (10.203329461323369, 53.48845063028305, 50.493772536237955), (10.203284652388415, 53.48843399094465, 50.494087702801075), (10.203239856695593, 53.48841734128108, 50.49296733426683), (10.203194942243064, 53.48840082894907, 50.488350085297164), (10.203149916680172, 53.48838439938705, 50.48848920180955), (10.203104808705511, 53.48836805357143, 50.49244879426687), (10.2030596394024, 53.488351742876276, 50.486827061345295), (10.20301457082778, 53.488335589634914, 50.493563233244856), (10.202969172144664, 53.488319362373545, 50.495340525597776), (10.202923775297403, 53.48830324983717, 50.49748887012998), (10.202878370990986, 53.48828727314032, 50.49784109868107), (10.202833052234018, 53.48827136990707, 50.49486781864178), (10.202787249427375, 53.48825546525235, 50.4972632773371), (10.202741622067132, 53.48823969226559, 50.49960485370231), (10.202695909690313, 53.488223984827115, 50.49695949509071), (10.202650017546974, 53.48820834761302, 50.50119481043939), (10.202604186501503, 53.48819279782893, 50.50060444982462), (10.20255823913283, 53.48817728855836, 50.500054403933625), (10.202512244564504, 53.488161883522636, 50.49442484926523), (10.20246619506878, 53.48814655429382, 50.496275374176584), (10.202419932239982, 53.48813126559368, 50.49745045692964), (10.202373860652056, 53.488116047237284, 50.495003885971094), (10.202327392156361, 53.488100975030804, 50.48977834774761), (10.202281203397671, 53.4880860391542, 50.48861843216769), (10.202234400679071, 53.48807099676136, 50.49427461158211), (10.202187888887796, 53.48805608013321, 50.49731346560813), (10.202141604986926, 53.48804130315526, 50.50126266727448), (10.20209474812767, 53.488026487000695, 50.49863465336505), (10.202048175756726, 53.488011752612614, 50.498882195487084), (10.202001410806353, 53.487997215338694, 50.506644209423904), (10.201954455753256, 53.48798271682119, 50.50833680935893), (10.201907619748424, 53.48796826216431, 50.50186232099278), (10.201860580109136, 53.487953960834744, 50.50749405279394), (10.201813525035101, 53.487939757217504, 50.50770206310162), (10.201766483554692, 53.48792543474685, 50.50175612133343), (10.201719259663305, 53.48791130925064, 50.49259482515597), (10.201672111812924, 53.48789727874399, 50.4877836085644), (10.201624797559433, 53.48788329565098, 50.4871109090268), (10.20157732738372, 53.48786936883496, 50.48791103452676), (10.201530168060449, 53.48785564581244, 50.48098297041835), (10.201482498846158, 53.487841803021404, 50.47701674557849), (10.201434994891805, 53.48782812174242, 50.48267330657682), (10.201387532496437, 53.48781454639154, 50.4798624531569), (10.201339728130517, 53.48780101700641, 50.48011751655031), (10.201292144100417, 53.48778759667639, 50.47904897736421), (10.201244315602137, 53.48777419454396, 50.477987677516204), (10.201196458237494, 53.48776089311112, 50.47849821048972), (10.201148519610623, 53.48774765099005, 50.47865081524871), (10.201100630927172, 53.48773455616676, 50.478808418135856), (10.201052668782276, 53.48772144344484, 50.48394955780967), (10.201004539699754, 53.48770845077708, 50.478549546340595), (10.200956408186824, 53.48769553586754, 50.48542374372482), (10.20090825413196, 53.4876827065193, 50.490246057510376), (10.200860001183067, 53.487669945816165, 50.489281594753265), (10.200811684575607, 53.487657238506074, 50.48309642627426), (10.200763318972887, 53.48764461985814, 50.483343112388155), (10.200715093346483, 53.48763211317818, 50.481663636852424), (10.200666548851977, 53.48761966658877, 50.47956831162019), (10.20061802206213, 53.48760728242066, 50.481157629796805), (10.200569146570926, 53.48759488602059, 50.480159354863126), (10.20053439551927, 53.48758613846482, 50.480123813243466), (10.20049964790826, 53.487577466139314, 50.47669657951134), (10.20046487557319, 53.48756878765236, 50.47581391229717), (10.200430083826006, 53.487560156776965, 50.47374426965324), (10.200395267990837, 53.48755161721192, 50.47139392977867), (10.20036037127632, 53.487543057449955, 50.470723859172566), (10.200325628032752, 53.48753458559319, 50.4666978144832), (10.200290391307673, 53.48752609466414, 50.462379225769624), (10.200255519215828, 53.48751767718176, 50.46092554264179), (10.20022043487445, 53.48750927519614, 50.45609058579525), (10.200185585368347, 53.48750096969425, 50.453781417561046), (10.200150598888424, 53.48749266193482, 50.45087823539895), (10.200115468257458, 53.487484408110895, 50.44527674926361), (10.200080435843908, 53.48747621042128, 50.43799072315778), (10.200045379907165, 53.48746803176853, 50.433250029679975), (10.200010138403577, 53.48745985914743, 50.4251644483169), (10.19997505877138, 53.48745179971151, 50.42304363060324), (10.199939806637548, 53.487443708492194, 50.420023179132606), (10.199904586421454, 53.48743572286137, 50.411087496091994), (10.199869311597727, 53.487427721638866, 50.404333651065826), (10.199834068860476, 53.48741979995151, 50.39669442176819), (10.199798821602947, 53.48741190167627, 50.392450392246246), (10.199763463950692, 53.48740402991797, 50.3849518263266), (10.199728185147013, 53.4873962535925, 50.37667671009611), (10.199692772599242, 53.48738845590674, 50.37176964554615), (10.199657411567019, 53.487380726496205, 50.368577563856846), (10.199621920994463, 53.48737302978478, 50.361942885558044), (10.19958655022938, 53.487365397326265, 50.35488503624485), (10.199551063477553, 53.487357788649646, 50.35034058045754), (10.199515533009599, 53.48735021580007, 50.34837625840092), (10.199480041068982, 53.487342685951766, 50.34023975978866), (10.199444494579165, 53.48733520123795, 50.33380288166093), (10.199408971691026, 53.48732776279679, 50.32940730552844), (10.19937341722225, 53.487320380987015, 50.321523236361095), (10.199337744958646, 53.48731302294491, 50.32041353529495), (10.19930205842864, 53.487305670366595, 50.31213963046613), (10.199266379149394, 53.48729837993397, 50.30494491030089), (10.199230725951319, 53.4872911509962, 50.296914923164906), (10.19919500029206, 53.487283915642735, 50.28886792683815), (10.19915931358248, 53.48727676024647, 50.2869889563595), (10.199123565599091, 53.487269631875506, 50.28107431804969), (10.199087784128212, 53.487262569201334, 50.276857561574545), (10.199051926646659, 53.48725550022588, 50.267389057029405), (10.199016120578966, 53.48724849995681, 50.26698582562114), (10.19898029994483, 53.4872415289351, 50.25809472413093), (10.198944446769652, 53.48723466382082, 50.25090665751581), (10.198908549431753, 53.487227785299716, 50.245637827970185), (10.19887269756453, 53.48722094968867, 50.236387037624745), (10.198836690272321, 53.48721417278569, 50.229645546352046), (10.198800804851247, 53.48720744283702, 50.219552673011854), (10.198764963837355, 53.48720075324538, 50.21202588745696), (10.198728170344602, 53.487193961029725, 50.20808642092858), (10.198692136286246, 53.48718732049768, 50.203297392995076), (10.198656140575668, 53.48718074054233, 50.19533568861523), (10.198620122314882, 53.48717420685541, 50.189010423393114), (10.198584047673723, 53.48716773441566, 50.18125956137392), (10.198548001881333, 53.4871612690658, 50.17510265212753), (10.198511856426963, 53.48715484991162, 50.16961631226164), (10.198475544282884, 53.48714846576624, 50.16420573258434), (10.198439500053777, 53.48714212371505, 50.15221755883076), (10.19840330276675, 53.487135838682185, 50.14859469373029), (10.19836708337705, 53.48712958341747, 50.14515241305598), (10.198330841425337, 53.48712336100411, 50.1384907353414), (10.198294619199698, 53.48711718155835, 50.13170889320925), (10.198258356447079, 53.48711103663752, 50.126694528677824), (10.198222121268753, 53.48710499563377, 50.119035986126136), (10.198185879697395, 53.48709896451487, 50.11277280288337), (10.19814937110376, 53.487092921362425, 50.1048171974786), (10.198113058700756, 53.48708694225229, 50.09868391607687), (10.198076665867069, 53.48708104099909, 50.09165446942849), (10.198040416170317, 53.48707519537823, 50.086434595581366), (10.198004159451559, 53.48706936455534, 50.077531012886055), (10.197967618966336, 53.48706355208283, 50.06884358630603), (10.197931184076381, 53.48705777458252, 50.062824562490505), (10.197894477115225, 53.48705203054038, 50.05766461271691), (10.1978581742646, 53.487046410036825, 50.04989720846159), (10.197821675515236, 53.48704077631233, 50.04220293352456), (10.197785217056833, 53.48703519379006, 50.03789298399898), (10.197748730113565, 53.48702967265703, 50.03003911173953), (10.197712056763885, 53.48702414589091, 50.02128051815043), (10.197675497511806, 53.48701869223173, 50.01043076599342), (10.197638907784453, 53.48701329148115, 49.99957955703817), (10.19760238634404, 53.48700791715091, 49.99228477834433), (10.197565733611588, 53.48700258091619, 49.9876283344599), (10.19752921597207, 53.48699731876508, 49.98287560756523), (10.197492550399446, 53.48699203804399, 49.97581934511145), (10.197455845963523, 53.48698677631072, 49.97052906781448), (10.19741914329813, 53.48698161949831, 49.960432677580435), (10.197382578872242, 53.486976521106925, 49.95699770179365), (10.197345753836839, 53.486971419404, 49.94820636647351), (10.19730909112405, 53.486966388320376, 49.94333176556405), (10.197272374708025, 53.48696137153999, 49.94045258466063), (10.197235500345535, 53.48695641430584, 49.93310350263529), (10.197198653829968, 53.48695151825318, 49.927990347147), (10.197161839642183, 53.48694665142341, 49.91812864924498), (10.19712510385283, 53.486941810846886, 49.91558879613876), (10.19708822865881, 53.48693703510985, 49.9087177383068), (10.19705143226265, 53.48693228040517, 49.90188088924099), (10.197014718995, 53.48692760157754, 49.8938015472143), (10.196977695008632, 53.48692290115982, 49.88616751266437), (10.196940788892665, 53.48691827504572, 49.88000777047159), (10.196903934649638, 53.48691368785327, 49.87385996109314), (10.196866978786671, 53.4869091508989, 49.86937374200629), (10.196830099267139, 53.486904654507335, 49.85804327671344), (10.196793138867493, 53.48690020826014, 49.85215894095371), (10.19675619250673, 53.48689583232742, 49.84428046536086), (10.196719375503381, 53.486891463892974, 49.83911391242592), (10.19668216641555, 53.48688709786089, 49.83132405069647), (10.19664464266439, 53.486882746726565, 49.82391650730259), (10.196608152261957, 53.48687860872383, 49.81986090118097), (10.196571098574012, 53.486874415114066, 49.81245730639656), (10.196533996703788, 53.486870253329144, 49.808166877729334), (10.196497068136797, 53.48686615235908, 49.80250774206456), (10.196459707248982, 53.48686207235575, 49.795059237306226), (10.196422675134203, 53.48685805229757, 49.78323960326454), (10.196385520013171, 53.48685404302154, 49.7817778083394), (10.196348526029924, 53.486850129139725, 49.77327631738576), (10.196311011636409, 53.48684617831226, 49.76413697405135), (10.19627405431505, 53.48684236234581, 49.758811083242655), (10.196236792016064, 53.4868385477136, 49.75355602579627), (10.196199494468202, 53.486834800510806, 49.74686099079594), (10.19616234356811, 53.48683106663556, 49.74464249374981), (10.196125142471631, 53.48682736089885, 49.73819517601432), (10.196088272544864, 53.486823733681504, 49.7300271410124), (10.196050650699116, 53.48682010328844, 49.723819737083325), (10.196013571621748, 53.48681656108902, 49.71497446360683), (10.195976438107692, 53.48681306069852, 49.71359670849057), (10.195938649271291, 53.4868095657902, 49.70771692627754), (10.19590152951465, 53.48680612477016, 49.70120197901728), (10.195864554958419, 53.48680274767795, 49.69336114207051), (10.195840181715438, 53.4868949453427, 49.59982543753276), (10.195876952255727, 53.4868982885904, 49.60604594018055), (10.19591414626913, 53.48690169553032, 49.61308316435179), (10.195951174291348, 53.486905142106146, 49.619032109203836), (10.195987901221109, 53.486908637439704, 49.62326089827822), (10.19602511323696, 53.48691219359832, 49.629704562378585), (10.196062460360457, 53.486915782653206, 49.636096312767265), (10.196099396353763, 53.486919368478645, 49.642412884979905), (10.196136598626628, 53.48692300678888, 49.64898661812179), (10.196173894277472, 53.48692671605707, 49.65419191929643), (10.196210633401572, 53.4869304573598, 49.65816879969623), (10.196247977985177, 53.48693429362818, 49.664665281406904), (10.196285163868401, 53.4869381555456, 49.67111976604865), (10.19632102062179, 53.48694191270152, 49.676870976029534), (10.196358100874006, 53.486945849904664, 49.68410855908647), (10.19639525449675, 53.48694983184861, 49.69333257280691), (10.19643220979914, 53.48695383910543, 49.698672531855436), (10.196468722713638, 53.48695782669527, 49.706455704366675), (10.196505589316445, 53.48696192759457, 49.71075619516056), (10.196542605183184, 53.48696607770485, 49.71755479980867), (10.196579771353923, 53.486970230809085, 49.7225297507634), (10.196616995389283, 53.48697456207786, 49.73065815752668), (10.196653918875322, 53.486978802910414, 49.73589452790471), (10.196690904337272, 53.48698316531372, 49.74608923991232), (10.196727799070205, 53.48698755368977, 49.749206432403994), (10.196764877329372, 53.48699198663878, 49.75532552387553), (10.196801820268169, 53.486996435129335, 49.761204873288925), (10.19683871032345, 53.487000916646465, 49.76807080257969), (10.196875630287694, 53.48700548367967, 49.772064367633384), (10.196912587754921, 53.487010081196445, 49.77926131307308), (10.196949403593738, 53.48701469673283, 49.7848216942948), (10.196986349366329, 53.48701936095105, 49.792079642280385), (10.197023171868, 53.48702410755434, 49.79636356638224), (10.197060093231256, 53.48702886168449, 49.80245018832735), (10.197096748838716, 53.48703363350555, 49.80746436528621), (10.19713351418629, 53.487038501494695, 49.81482691951476), (10.197170516006278, 53.487043380182435, 49.82202250645382), (10.197207286854734, 53.48704831354312, 49.82443984747803), (10.19724408175124, 53.48705327475276, 49.832917711049056), (10.197280678417041, 53.48705824373401, 49.838328518595155), (10.197317420221468, 53.48706330315264, 49.84278529171637), (10.197354218683031, 53.48706840119181, 49.8491809302479), (10.197391076046376, 53.487073608873395, 49.85561867592383), (10.19742756385962, 53.487078764098, 49.86411693541952), (10.197464224559937, 53.487083932605216, 49.87097410717406), (10.197500846225442, 53.48708919992964, 49.87678862718322), (10.197537496673016, 53.48709448426432, 49.88194582976502), (10.197574024440733, 53.487099862520665, 49.88749897594413), (10.197610629913198, 53.48710525870069, 49.896494361260075), (10.197647162051469, 53.48711066379019, 49.9000837378166), (10.197683746278445, 53.48711613459323, 49.90975707531993), (10.197720346998462, 53.487121612316635, 49.919155991417156), (10.197756920195967, 53.48712715163542, 49.922368789428816), (10.197793527374303, 53.48713279101913, 49.931876277003745), (10.197829875485187, 53.48713837543425, 49.93542088570043), (10.197866290643175, 53.48714406257148, 49.94275866469902), (10.19790268599063, 53.48714978350535, 49.952905058122894), (10.197939285183054, 53.48715557005485, 49.95283534550125), (10.197975617475521, 53.48716138202048, 49.9569446977044), (10.198012052593123, 53.487167228158036, 49.966314379193214), (10.1980484490398, 53.48717311952295, 49.96903035962331), (10.19808472693952, 53.487179069903334, 49.977948865011015), (10.198121126435996, 53.48718505279329, 49.98568800045227), (10.198157536114607, 53.4871910849382, 49.98972976157578), (10.198193662383689, 53.48719710112886, 49.993840071107535), (10.198229958441384, 53.48720319471409, 50.002643310651564), (10.19826640894489, 53.48720935256366, 50.01239417877788), (10.198302577027171, 53.48721549638408, 50.01893658686914), (10.19833884743919, 53.487221712048175, 50.02885694639971), (10.198375032947585, 53.487227986732236, 50.02843046037799), (10.198411112792405, 53.48723427420321, 50.03869385706171), (10.19844722153619, 53.487240623514495, 50.045494114201034), (10.198483481170507, 53.487246989056565, 50.049477480027065), (10.198519509628884, 53.487253437334545, 50.05666906458569), (10.198555682138766, 53.48725995967135, 50.06749544814207), (10.198591501334214, 53.48726643722746, 50.07199088604319), (10.198627101744279, 53.4872729199089, 50.07963476084811), (10.19866377159928, 53.48727964433002, 50.07871611713096), (10.198699902174999, 53.48728635107108, 50.08857893496499), (10.198735888711864, 53.48729303882892, 50.0899570398869), (10.198771937950028, 53.48729981515489, 50.0956292294534), (10.198807842900996, 53.48730656878262, 50.10318723319585), (10.198843854160568, 53.48731341846981, 50.1090830409802), (10.198879655835091, 53.487320238108055, 50.11635713056341), (10.198915541927622, 53.48732713485647, 50.11958315672202), (10.198951365767089, 53.48733407955265, 50.12701532628234), (10.198987174036706, 53.48734103770819, 50.13149233179111), (10.199022943259564, 53.487348056932746, 50.13830665310494), (10.199058812233428, 53.487355114305515, 50.143782229960834), (10.19909453853609, 53.48736224149999, 50.14813955412674), (10.199130259793398, 53.48736939054602, 50.15489141023004), (10.199166038000937, 53.48737656940067, 50.1613058720633), (10.19920172708955, 53.48738376911425, 50.16755222156741), (10.199237467755676, 53.48739106098508, 50.1751031568462), (10.199273057248861, 53.48739838033359, 50.17882302976144), (10.199308641456474, 53.48740572712783, 50.18730881248008), (10.199344289439942, 53.487413119788144, 50.19236319713134), (10.199379846078, 53.487420547882465, 50.196391698990126), (10.199415358311734, 53.487428046665066, 50.20458973696408), (10.199450966280088, 53.48743554676698, 50.20735709433309), (10.199486391966856, 53.48744314383678, 50.21745029553816), (10.199521844180659, 53.487450740025935, 50.22080670020306), (10.199557370763719, 53.487458373166305, 50.22517923653675), (10.19959277179558, 53.487466058082255, 50.235997794993025), (10.199628199128727, 53.48747380004556, 50.24240449803166), (10.19966357382946, 53.487481551403604, 50.24672174942307), (10.199698909785885, 53.487489337763286, 50.25501631919146), (10.199734325091745, 53.48749719821585, 50.262853210552166), (10.199769505105392, 53.487505041500015, 50.26791185157718), (10.199804766451374, 53.487512958892964, 50.27650553738871), (10.199839986399754, 53.487520921883046, 50.28245288039994), (10.199875276341604, 53.48752893045709, 50.287701834113896), (10.199910629223952, 53.48753702759747, 50.295367517666776), (10.199945525245214, 53.487545055185066, 50.29998014101906), (10.19998091851312, 53.48755320159064, 50.307471700406204), (10.200015901083896, 53.48756133614441, 50.31095005837691), (10.200051035899742, 53.48756956175343, 50.31655870964916), (10.200086099264706, 53.487577807147346, 50.32362569616198), (10.200121078476068, 53.48758607067782, 50.33092783431077), (10.200156098353148, 53.487594390705475, 50.33619073509078), (10.20019113098253, 53.4876028012399, 50.33828360831227), (10.200226098226585, 53.48761118959019, 50.3468571496267), (10.200261027691672, 53.487619629410396, 50.351249043066716), (10.200295969192988, 53.48762814944818, 50.35760389445468), (10.20033080475045, 53.48763668380691, 50.358122536243705), (10.200365468967727, 53.48764520571409, 50.359683576030626), (10.200400473478844, 53.48765388804301, 50.36304940520968), (10.200435256410676, 53.487662559683855, 50.36068791960327), (10.200469988076692, 53.48767126139686, 50.36317376410525), (10.200504737063342, 53.48768002178255, 50.36462554963838), (10.200539437423211, 53.48768878584857, 50.36398015768667), (10.200588103471311, 53.487701170616, 50.36639520842307), (10.200636469450156, 53.48771366024309, 50.36601875180395), (10.200685045690589, 53.48772622892938, 50.36783322652298), (10.200733272148096, 53.487738879422146, 50.36701504735793), (10.200781457517275, 53.48775162511102, 50.36804513255251), (10.200829673545892, 53.487764501580564, 50.37074320781115), (10.200877726358202, 53.48777748369238, 50.37082083355711), (10.200925793962623, 53.487790561338166, 50.36845355034511), (10.200973754515953, 53.487803714381684, 50.36983242175293), (10.201021566821424, 53.4878169517825, 50.37125214125661), (10.201069193751128, 53.48783030295878, 50.373049423607405), (10.201117124571278, 53.48784383625772, 50.37441398591285), (10.201164676249485, 53.48785732598097, 50.37587952615181), (10.201212399417807, 53.4878710128501, 50.379111107371344), (10.201259873563867, 53.48788474176115, 50.38233257075186), (10.201307351148582, 53.487898644547414, 50.380133839704726), (10.201354565240543, 53.4879125590309, 50.38239514264638), (10.201401852507287, 53.48792662237208, 50.383832408624045), (10.20144899898992, 53.487940698073935, 50.38618606588851), (10.201495998148452, 53.48795489239948, 50.38855781073155), (10.201543107584484, 53.48796921225812, 50.38808779034832), (10.20159013961529, 53.487983653449746, 50.39243792273152), (10.201636790993721, 53.48799808447697, 50.391674301830015), (10.201683517688194, 53.488012686791826, 50.39752610318651), (10.201730213130695, 53.48802735276793, 50.397943700152425), (10.20177695128955, 53.48804214104818, 50.395636807853684), (10.201823407883165, 53.48805702529296, 50.39984515644454), (10.20186982735008, 53.48807197197708, 50.40403274571145), (10.201916262714665, 53.488087037408576, 50.40398031250699), (10.20196247342831, 53.48810214934762, 50.40364939907019), (10.20200870363721, 53.48811741671615, 50.405983387686234), (10.20202989470478, 53.48812444486087, 50.40643919628799), (10.202054925702864, 53.48813274653371, 50.40697759956142), (10.202100822960155, 53.48814825672584, 50.3993894576007), (10.202146495828268, 53.48816381536313, 50.389846160875514), (10.202192355853779, 53.48817940642376, 50.389137771162346), (10.202237935554052, 53.48819503024958, 50.38479969148754), (10.20228352664943, 53.48821092378778, 50.37270164481586), (10.202329077072095, 53.48822685582965, 50.367379908382375), (10.202374526204808, 53.48824284529761, 50.365517631528725), (10.202419936109626, 53.48825883129569, 50.366499978687926), (10.202465199888799, 53.48827495276628, 50.36962500803326), (10.202510432776197, 53.4882911673606, 50.368334893610175), (10.202555713793624, 53.48830747826629, 50.381100451099414), (10.202600843039242, 53.488323824532934, 50.37583392561771), (10.202645734137322, 53.48834022177893, 50.37732289187768), (10.202690603596682, 53.48835678688325, 50.37792806256366), (10.202735535352677, 53.48837343036309, 50.381483626715486), (10.202780211969152, 53.48839006797795, 50.380545390860796), (10.20282491068667, 53.48840679474544, 50.38693657272815), (10.202869711434698, 53.48842353541981, 50.38569041018361), (10.202914295355102, 53.48844032589911, 50.38342620999476), (10.20295885076888, 53.488457270147634, 50.38322451237733), (10.203003543908407, 53.4884743258055, 50.37917773490542), (10.203032240383349, 53.48848539364465, 50.38117053792582), (10.203047783859942, 53.48849139987837, 50.38227936877521), (10.203091789572143, 53.488508475420545, 50.37982509277112), (10.203135968253592, 53.488525673363505, 50.37951476910965), (10.203180079115256, 53.48854297789897, 50.388710090163556), (10.203223990551047, 53.488560337897965, 50.392048622503054), (10.203267873609503, 53.48857782797631, 50.39320460778829), (10.203311841941185, 53.488595434745505, 50.39317297792154), (10.203355482469984, 53.48861305636884, 50.38614954181439), (10.203399152610407, 53.488630687346834, 50.38621764994256), (10.203442744853506, 53.488648476425574, 50.39072890678083), (10.203486298681383, 53.48866640579268, 50.39118437802574), (10.203529472374438, 53.488684265610125, 50.400267364108316), (10.203572833981273, 53.48870239962427, 50.39689100647814), (10.203601562964842, 53.48871441391856, 50.39767660342756), (10.20361617102949, 53.48872052292117, 50.39807606225712), (10.20365925269003, 53.48873851158031, 50.40179589263669), (10.203708616914492, 53.48875950732974, 50.418999516284806), (10.203747506074954, 53.48877619416273, 50.43418173110922), (10.203784224974696, 53.48879195852772, 50.439498901368594), (10.20382085083211, 53.48880777601705, 50.419509887696826), (10.203857271375965, 53.4888234853911, 50.41127485472513), (10.203892782274504, 53.488838968698715, 50.399565919538915), (10.203928505607768, 53.488854620562535, 50.39740118562369), (10.203967341925969, 53.48887166661794, 50.37353515678808), (10.204002157069521, 53.4888870955126, 50.3720102952193), (10.204039809327451, 53.48890379738769, 50.370575651239385), (10.204111099209504, 53.48893536821122, 50.3778515003668), (10.20414709490368, 53.48895126806789, 50.357611709003656), (10.195877801331127, 53.48675415225045, 49.52512774257252), (10.195915076572149, 53.48675754980859, 49.531689362884286), (10.19595178568444, 53.48676096341099, 49.53981809362077), (10.195989884641945, 53.486764528700874, 49.54717633394076), (10.196027357053696, 53.4867680872824, 49.55266584292969), (10.196064007767772, 53.48677156948182, 49.557461337261), (10.196101619133966, 53.486775192424886, 49.565922576873376), (10.196138768279381, 53.48677882009888, 49.57184620991876), (10.196175746103856, 53.486782466941, 49.58138468769972), (10.196213076521376, 53.486786164981304, 49.58827904786502), (10.196250732307051, 53.48678997015055, 49.59483420858635), (10.196287589169835, 53.486793725566365, 49.59818702332607), (10.196324666522502, 53.48679758820314, 49.60229509460367), (10.19636294179074, 53.48680158447675, 49.61186700376464), (10.19640009258225, 53.486805517688126, 49.618232576224926), (10.196437261587953, 53.486809515980845, 49.62777006537205), (10.196474270387862, 53.486813487542484, 49.635505093356144), (10.196511981557292, 53.48681758707997, 49.641205916906785), (10.196549267986512, 53.48682173376767, 49.64838466145364), (10.196586119712371, 53.486825845949035, 49.653931121636795), (10.1966230916085, 53.48683005064996, 49.661631921164464), (10.196660053506847, 53.48683429042513, 49.663950270849774), (10.196697085371754, 53.48683855622932, 49.67044808189598), (10.196734048227981, 53.486842842527615, 49.679925694107936), (10.196770960193772, 53.48684715528833, 49.68471444404847), (10.196807809827577, 53.48685158531244, 49.69015379918566), (10.196844735882724, 53.48685601136632, 49.69772338697463), (10.196881658653709, 53.48686046455094, 49.70357147624767), (10.196918595359946, 53.48686497909339, 49.71165169741304), (10.196955483489958, 53.4868695324001, 49.7167889040976), (10.196992403831455, 53.486874103761885, 49.720358856745214), (10.19702909913639, 53.48687872815773, 49.726276027264284), (10.197065954365318, 53.4868833736147, 49.733133762010794), (10.197102851619151, 53.48688811077926, 49.73970056453231), (10.197139581743215, 53.48689289307988, 49.74667170642631), (10.19717646018422, 53.48689766235888, 49.75341048779885), (10.19721322334089, 53.486902518838164, 49.756724093069074), (10.19724999062162, 53.48690736926192, 49.76282824323188), (10.197286537149166, 53.48691228616492, 49.76991582387334), (10.197323240726224, 53.48691721980883, 49.776004226782675), (10.197360001033712, 53.486922223545484, 49.78473493174698), (10.19739666832963, 53.48692729565098, 49.79008696337104), (10.197433436845243, 53.48693234943767, 49.796902119481956), (10.197470045116468, 53.48693746474119, 49.80102353370056), (10.197506662967138, 53.48694258328473, 49.805719177466806), (10.197543284325059, 53.48694780680644, 49.813399789903634), (10.197580007748797, 53.486953077822555, 49.818121361549885), (10.197616567167032, 53.48695839680829, 49.820453245605314), (10.197653037532762, 53.48696371333077, 49.83107041878759), (10.197689742151264, 53.4869690665712, 49.83525413537782), (10.197726249622894, 53.48697449572501, 49.84178260168822), (10.197762840099855, 53.486979947084116, 49.848118584056415), (10.197799387461764, 53.48698541536754, 49.85395032173991), (10.197835741323253, 53.48699091988702, 49.86172466537075), (10.197872066285134, 53.486996511722666, 49.86755171390787), (10.197908650167832, 53.48700210569048, 49.871862978662904), (10.197945069420417, 53.48700772683691, 49.87979399082643), (10.197981743138733, 53.48701344920237, 49.88710940718234), (10.19801799733503, 53.48701916734373, 49.894110921362326), (10.19805436283977, 53.48702489928971, 49.9020579991997), (10.198090674685586, 53.48703069343745, 49.910538368563756), (10.198127020309062, 53.48703654199974, 49.91328480094291), (10.198163551894083, 53.487042433809755, 49.92125249847308), (10.198199710633547, 53.48704834424448, 49.92503369285065), (10.198236110708876, 53.487054322331446, 49.93405041117654), (10.198272178596895, 53.4870603374244, 49.94094893829496), (10.198308475300946, 53.487066342671866, 49.94681834880734), (10.198344809941577, 53.487072442680805, 49.95117689312386), (10.198381084617488, 53.48707861013193, 49.95863666822314), (10.19841728176548, 53.4870847452513, 49.964019942022986), (10.198453574118389, 53.48709095952665, 49.97409616016547), (10.198489820719924, 53.487097233655795, 49.97777321078748), (10.198525906392275, 53.48710350466526, 49.98692563905495), (10.198562043603571, 53.48710982746287, 49.99087074894608), (10.198598174298912, 53.48711618800616, 49.99742273584771), (10.198634022272708, 53.48712257885947, 50.004881022450796), (10.198670198171719, 53.487129019868895, 50.01254972531305), (10.198706269219718, 53.48713550067534, 50.0181118713607), (10.19874229419679, 53.48714202700878, 50.02471080216125), (10.1987777377567, 53.487148508692044, 50.03215540790383), (10.198813869540526, 53.48715511814331, 50.03794080755515), (10.198849823920908, 53.48716173637638, 50.0466256457924), (10.198885830608624, 53.48716850040325, 50.049677949188556), (10.19892167235824, 53.487175204932086, 50.060363443765176), (10.198957619435319, 53.48718195150761, 50.06421653813956), (10.198993445240516, 53.487188739777245, 50.06910999982912), (10.199029318533775, 53.48719557547771, 50.07438312154266), (10.199065175380701, 53.48720253108014, 50.079796128897215), (10.19910100446593, 53.487209416071714, 50.08381611356408), (10.199136752161477, 53.48721638437613, 50.09376097687858), (10.199172634779583, 53.487223323454735, 50.09679117543652), (10.199208384853325, 53.48723043115765, 50.10613490981021), (10.19924395214371, 53.48723753667201, 50.10907989106754), (10.199279692057484, 53.48724468972383, 50.113357358921135), (10.199315373231164, 53.48725188134035, 50.11761993493311), (10.199351025276544, 53.48725910396554, 50.12187676376171), (10.199386535824589, 53.48726634187687, 50.131156264388274), (10.199422259370138, 53.48727365637306, 50.13291533006148), (10.199457993064042, 53.48728093717979, 50.14734555887743), (10.199493465895948, 53.48728835695901, 50.15283491688241), (10.199529057208343, 53.48729574650697, 50.153291713712036), (10.199564482486547, 53.48730317130745, 50.16636885634552), (10.199600083276131, 53.48731069708917, 50.16854728030669), (10.199635523757895, 53.487318219790055, 50.17799782948173), (10.199670925342126, 53.48732574649145, 50.17670682194966), (10.199706387646962, 53.487333402981264, 50.184614712229475), (10.199741613947511, 53.48734102643978, 50.1911344396947), (10.199776858957916, 53.48734864159691, 50.19901430640477), (10.199812498319133, 53.48735641219493, 50.20733128432682), (10.199847885106806, 53.487364151290905, 50.21472866882332), (10.199883131276236, 53.48737201173363, 50.218465562976135), (10.19991855300861, 53.487379849758426, 50.22724830395184), (10.1999536659941, 53.48738762202934, 50.233215621828016), (10.19998891253621, 53.48739559890009, 50.23285476886825), (10.200024145620146, 53.487403523593926, 50.24923333580202), (10.20005928315277, 53.48741155809734, 50.250980687216334), (10.200094483219717, 53.48741963465061, 50.25375478063982), (10.200129663177686, 53.48742771711668, 50.26280635751236), (10.200164803295056, 53.4874357916948, 50.266639504888865), (10.200199907279453, 53.487443948224296, 50.26942494978589), (10.200234966029564, 53.48745215520413, 50.278487963607795), (10.200270037983403, 53.48746036478107, 50.27709146015624), (10.200304870376378, 53.48746859629735, 50.284110000825564), (10.20033987109311, 53.487476900675254, 50.28585446713744), (10.200374787356823, 53.48748525298692, 50.29475903521354), (10.200409763058763, 53.48749361934248, 50.29893138685378), (10.200444661937754, 53.487502122171534, 50.305338326781026), (10.200479666033903, 53.48751052786211, 50.30283569281885), (10.20051438296116, 53.48751899653459, 50.307212116223766), (10.200549243805174, 53.48752759681826, 50.30584909068098), (10.200584172086392, 53.48753618463573, 50.30668075894297), (10.20063290108649, 53.48754830753697, 50.30899774859127), (10.20068154299184, 53.48756044642864, 50.31259966732082), (10.200730107509479, 53.48757275829886, 50.30829693415949), (10.200778558922947, 53.48758508580474, 50.31208282565066), (10.200827002525036, 53.487597502138506, 50.30989643156303), (10.200875435553158, 53.487609964179974, 50.31608000504567), (10.20092357583344, 53.48762259939943, 50.31492207055598), (10.200972018055419, 53.4876351679894, 50.31584132441662), (10.201020208764362, 53.48764777940756, 50.31604996808129), (10.20106837643331, 53.48766061889034, 50.317770033991366), (10.201116489700429, 53.4876733578962, 50.32367705080946), (10.201164576272893, 53.48768634133282, 50.320660238382786), (10.201212570199857, 53.48769933887651, 50.321543671254624), (10.201260473870752, 53.4877124561489, 50.325582379832674), (10.201308270307697, 53.48772549569601, 50.32002086742486), (10.201356266800309, 53.487738753007, 50.31945266988372), (10.201404120110299, 53.4877519757387, 50.3182956260476), (10.201451630225353, 53.487765276306796, 50.31498210949051), (10.20149947520521, 53.48777873973872, 50.318197842229566), (10.20154703161792, 53.4877922567644, 50.320829086856804), (10.201594591382698, 53.48780590506177, 50.33709171575234), (10.20164215449179, 53.48781956359297, 50.324012503115156), (10.201689467781412, 53.48783322481154, 50.3245352438435), (10.201736987534023, 53.48784705898227, 50.32209311092445), (10.201784153469037, 53.48786094456, 50.32993233148878), (10.201831451160873, 53.487874913325996, 50.3238037621185), (10.201878511182121, 53.48788887475946, 50.328832526285964), (10.201925675727345, 53.48790301901007, 50.31554405999433), (10.201972755666604, 53.487917141356235, 50.321985854063584), (10.202019832033141, 53.48793135109922, 50.320884176032614), (10.202066769383835, 53.48794574044717, 50.32164660803591), (10.20211352007534, 53.487960128392494, 50.32157079867965), (10.202160399483315, 53.48797449117245, 50.32619644616291), (10.202207367545691, 53.4879891089513, 50.324161736751655), (10.202253785681611, 53.4880036572439, 50.32432751580465), (10.202299400257157, 53.48801806439518, 50.33161752609566), (10.202345935467179, 53.488032742441476, 50.33359692781721), (10.202392616004097, 53.488047620366444, 50.32958032862066), (10.20243886759163, 53.488062427034826, 50.33261739227319), (10.202485183606319, 53.48807743263694, 50.33042570318533), (10.20253156148858, 53.48809243076023, 50.33360756124035), (10.202577810284234, 53.48810755970978, 50.33411632883637), (10.202623978737568, 53.48812272621264, 50.331981110212084), (10.202670219209871, 53.48813799719605, 50.33297648420187), (10.202716196444781, 53.48815321665509, 50.328751395244694), (10.202762170851614, 53.488168640559216, 50.334232372475), (10.202808169390487, 53.488184100058035, 50.330336028485696), (10.202853853806298, 53.488199607423, 50.33396929672052), (10.202899575718089, 53.488215201892324, 50.33187994800054), (10.202945336422639, 53.488230921034905, 50.33585157586805), (10.202990995214973, 53.48824665114927, 50.33457606906039), (10.203036593016137, 53.48826249597058, 50.33704946037172), (10.203081882983332, 53.48827843660034, 50.333120858980436), (10.203127377602437, 53.48829445231851, 50.33689876105141), (10.2031727806731, 53.488310421342504, 50.329579377040055), (10.203217994201824, 53.48832654371528, 50.33573906659334), (10.203263207368904, 53.48834271765343, 50.33247319451219), (10.203308350280532, 53.488358948655595, 50.332652794650144), (10.203353460926852, 53.48837531944762, 50.331121554963275), (10.203398246052512, 53.488391708235, 50.336602611969), (10.203443235461048, 53.48840817610732, 50.336878273637005), (10.203487991924202, 53.488424749281826, 50.338886570458726), (10.203532865851377, 53.488441367948, 50.33567660281759), (10.203577487141382, 53.48845803856217, 50.33511277525512), (10.203622144476075, 53.48847479310448, 50.33701774261191), (10.203666755522319, 53.48849160336957, 50.339797743050816), (10.203711157741372, 53.48850840855345, 50.33553446966284), (10.20375550385921, 53.48852538883807, 50.337135421704495), (10.203799942345764, 53.48854242615304, 50.33679723961041), (10.20384416422461, 53.48855953273822, 50.336338980826625), (10.203888305657179, 53.488576655235974, 50.33082275164975), (10.203932239103443, 53.488593848458564, 50.34047856819092), (10.203976284372255, 53.48861107989377, 50.32997633725865), (10.204020194081414, 53.48862862018671, 50.32941873406207), (10.204064064364813, 53.48864596809548, 50.32887186388096), (10.204107900823406, 53.48866346418842, 50.33278394024688), (10.204151793440293, 53.488681070853424, 50.33831665165981), (10.204195241257086, 53.488698648147796, 50.333037450365616), (10.204238911155935, 53.48871629120585, 50.33258193731308), (10.20428243240948, 53.488734117530704, 50.335044689570424), (10.20432583675073, 53.48875197178872, 50.331425902117786), (10.204368955690178, 53.48876980210068, 50.326729187209004), (10.204412312894437, 53.48878776958936, 50.325444488590236), (10.204455713999318, 53.48880560245068, 50.31608282766931), (10.204498563512656, 53.48882392883701, 50.31251353618557), (10.20454175058709, 53.48884198992156, 50.30274444918274), (10.204584690422525, 53.48886039348143, 50.306295889997685), (10.204627460250396, 53.48887860239595, 50.30915716505778), (10.204670524162733, 53.488896936483144, 50.31203811171814), (10.20471317343745, 53.48891536930761, 50.31394657806734), (10.204755607758582, 53.488933881284915, 50.315642177118235), (10.204798332483977, 53.48895240996059, 50.32145896037485), (10.204840762278977, 53.48897098892989, 50.31163852061294), (10.204883314137568, 53.48898963499092, 50.31221822568708), (10.204925862502662, 53.48900831282201, 50.31305348155136), (10.204967988708106, 53.489027096704575, 50.309440015812925), (10.205010294400987, 53.48904587477004, 50.310793737160296), (10.205052526677395, 53.489064699575266, 50.3124135744901), (10.205094393542609, 53.48908382887802, 50.315135458849966), (10.205136707089885, 53.4891026119062, 50.31209837988334), (10.205178650419931, 53.48912168436077, 50.3194908667702), (10.20522053854943, 53.4891406962628, 50.31399575886587), (10.205262446014267, 53.48915986358566, 50.31246174182462), (10.205304284051119, 53.489178992300104, 50.316259146779224), (10.205346077091972, 53.48919818256805, 50.310447702680264), (10.205387424529658, 53.489217249885414, 50.31407755419088), (10.205429057177284, 53.489236586400295, 50.31646997770948), (10.205470674427742, 53.48925590847575, 50.3121936929771), (10.207032735538075, 53.49035955532387, 50.26964066109608), (10.207065473531603, 53.490375870361014, 50.26768400258662), (10.20712332062067, 53.49040477503189, 50.28785696191471), (10.207181192467072, 53.49043369200547, 50.30803852743531), (10.207238744967984, 53.490462516728215, 50.32112960260476), (10.207296533342216, 53.49049127711052, 50.32291345945353), (10.207352783386305, 53.490519452649345, 50.32695783521248), (10.207412102022563, 53.4905490207645, 50.32904201613045), (10.207469908612982, 53.49057783511309, 50.331073068006866), (10.207527930928352, 53.490606756924315, 50.333111696679815), (10.207585687925077, 53.49063554641721, 50.33514100056455), (10.207643348610558, 53.49066428783566, 50.3371669177965), (10.207701202363893, 53.49069312542275, 50.339199615749074), (10.207713220568918, 53.49069911596828, 50.33962187635196), (10.20775882449166, 53.49072184748731, 50.34122417277478), (10.207816888780737, 53.4907507898817, 50.3432642624026), (10.207874805962248, 53.490779658881834, 50.345299180640886), (10.207932384403689, 53.490808358968714, 50.34732219452284), (10.207990164349383, 53.49083715942844, 50.34935228549862), (10.208048257347071, 53.490866022181265, 50.338643886432166), (10.208105887347283, 53.49089485440656, 50.3356635885755), (10.208163838466879, 53.49092380829139, 50.32188175886146), (10.20822158154511, 53.49095264701767, 50.3085748646943), (10.208279580233913, 53.490981520872865, 50.29279859500979), (10.208337029619535, 53.491010205229365, 50.272667021502066), (10.208394900629221, 53.491039100034314, 50.252387728743514), (10.208452163619214, 53.49106769119026, 50.232321526743135), (10.208509984486497, 53.4910965608245, 50.21205985970436), (10.208563234638989, 53.49112314826663, 50.19339989307145), (10.208625669937804, 53.491154321717254, 50.17152128883246), (10.208683319953069, 53.49118295086383, 50.1419061953038), (10.208698386086718, 53.491190484026625, 50.136258901189834), (10.208741618332597, 53.491212100399345, 50.120054011054286), (10.208786203285632, 53.491234365611604, 50.092273093583344), (10.208799386725255, 53.491240949261865, 50.084058488090015), (10.208857073567824, 53.491269838484904, 50.04800267605445), (10.208915005004616, 53.491298691735444, 50.0226822902331), (10.20897268983449, 53.49132742209396, 49.997469724242436), (10.209030179291306, 53.49135605507862, 49.972342584678785), (10.209088529028907, 53.49138511646327, 49.946839473420305), (10.209146409635556, 53.49141394412696, 49.92154144116261), (10.209204173174067, 53.49144271341697, 49.89629461034544), (10.20926142829138, 53.49147122941989, 49.8712700299151), (10.2093204750521, 53.491500637684375, 49.84546240831205), (10.209377357613375, 53.49152904058757, 49.82751245221077), (10.209435060262908, 53.49155794913412, 49.80673481237641), (10.20949139801743, 53.49158613484149, 49.77895719651717), (10.209128217091605, 53.491369125163374, 49.87953888833586), (10.209083712350173, 53.491346755499364, 49.908205990931975), (10.209025744575795, 53.491317997723655, 49.94613594622196), (10.208967867896675, 53.49128919767162, 49.98697545408446), (10.208910036743173, 53.49126036414078, 50.02371514664435), (10.208871603964672, 53.491241239403436, 50.044831815838435), (10.208852230800144, 53.49123159900967, 50.05547629690121), (10.208795717621612, 53.491203477113054, 50.08652718646459), (10.20873800351782, 53.49117464535068, 50.09982023081695), (10.208678890485126, 53.491144997475, 50.11161773953341), (10.208619617582361, 53.49111542763169, 50.13759732562145), (10.208563271606586, 53.49108740753643, 50.15144098930611), (10.208505478769123, 53.49105848934584, 50.175781942169316), (10.208447694799137, 53.49102962635194, 50.194242520447695), (10.208389999125036, 53.491000807394194, 50.21267491530187), (10.208351160107396, 53.490981407288096, 50.225083071214144), (10.208330736210051, 53.49097120553028, 50.231608032302475), (10.208272822600438, 53.49094244242695, 50.25356610267903), (10.208226404928872, 53.49091930187988, 50.260488978463854), (10.208215008450095, 53.490913620400114, 50.262188685875344), (10.208205168835699, 53.490908709117726, 50.26419821159517), (10.208157272290647, 53.490884802313616, 50.27398003844631), (10.208100292600863, 53.49085633433386, 50.28405862993658), (10.208043009534885, 53.490827732956994, 50.30260078053521), (10.207985236954011, 53.490798930220876, 50.30180947825178), (10.2079275516907, 53.49077003458497, 50.30276891255105), (10.207871162669798, 53.49074196149036, 50.306069316696295), (10.207811499098888, 53.49071227012821, 50.29171890782706), (10.207753895211239, 53.49068348703787, 50.29036517845393), (10.207715477740168, 53.490664523611045, 50.30412304361643), (10.207680467769912, 53.49064749456183, 50.30679822826679), (10.207645277133393, 53.490630485083194, 50.31240458202847), (10.207610278556007, 53.490613884263595, 50.310061553327714), (10.207574701100704, 53.490597254114924, 50.29992432371921), (10.20753904609106, 53.49058069142401, 50.287319223586465), (10.207503122508385, 53.4905642164213, 50.286606616005685), (10.207467112811687, 53.49054798535199, 50.2849503458602), (10.207430949495514, 53.49053181669532, 50.29555873199797), (10.207394528307788, 53.49051572541476, 50.298712983064945), (10.207358088540172, 53.49049979554081, 50.30156837566015), (10.207321607287644, 53.49048396061746, 50.30088014039545), (10.207285062602208, 53.49046811182314, 50.30063965960433), (10.20724839146113, 53.49045225138255, 50.303487728375046), (10.207211869559845, 53.49043646295064, 50.30598626602974), (10.20717526466395, 53.49042068175252, 50.30400085449207), (10.207138499693984, 53.49040486144673, 50.297311504779515), (10.207099835084616, 53.490388280899154, 50.28531837307201), (10.207065142492949, 53.49037340365045, 50.27455728858508), (10.207032735538075, 53.49035955532387, 50.26964066109608), (10.208205168835699, 53.490908709117726, 50.26419821159517), (10.208179449837335, 53.490895521209595, 50.271801746613164), (10.208155817189398, 53.49088327362713, 50.2754489294335), (10.20813307904961, 53.490871188375, 50.26475387533582), (10.208110610497323, 53.490859096849796, 50.28050231933862), (10.208088154128877, 53.4908466696855, 50.284988403323936), (10.20806585440859, 53.49083404746622, 50.298987059930546), (10.208044665341657, 53.49082165119833, 50.28754754761219), (10.208023414034228, 53.49080895911868, 50.28498840332021), (10.208001974113996, 53.490796057105335, 50.27750941883059), (10.207981159802522, 53.49078315962214, 50.275457233469744), (10.207960298018568, 53.49076997792881, 50.29617195945246), (10.207935738931699, 53.49075413226648, 50.288898862836), (10.20791379819916, 53.49073937269793, 50.289943017521466), (10.207885852609497, 53.4907205736308, 50.29127294310155), (10.207835911385502, 53.49068691287881, 50.27296196904314), (10.207785960967941, 53.490653234223856, 50.261014070684624), (10.207736066203152, 53.490619541048375, 50.25826126411499), (10.20768621808795, 53.490585876438416, 50.25313358813392), (10.207636249260156, 53.49055224015377, 50.23746723337973), (10.207586064429657, 53.4905186474038, 50.22922207414081), (10.207564647404675, 53.490504412578716, 50.22554839894856), (10.207544054789581, 53.49049125304735, 50.2177905034963), (10.207523648036407, 53.49047834163287, 50.225985208727636), (10.207502645907722, 53.4904653737847, 50.22339631222008), (10.207481561671752, 53.49045257271422, 50.21475498552437), (10.20746010954551, 53.49044001351065, 50.22174329776038), (10.207439133259827, 53.49042773086825, 50.223199847484835), (10.207417508094188, 53.4904153222791, 50.22563828603041), (10.207395374114066, 53.490403041655874, 50.22200091140887), (10.20737300522738, 53.49039080961107, 50.21851972516709), (10.207350678372569, 53.49037878026961, 50.21738237303784), (10.207327493898084, 53.49036674548773, 50.21829695532632), (10.207305755803546, 53.49035549088588, 50.2122448266011), (10.207299006336294, 53.49035193456814, 50.22139254669387), (10.206871382451348, 53.49032312850994, 50.32245312523555), (10.206901844154467, 53.490336630968976, 50.329422098324564), (10.206931492250273, 53.49034971890966, 50.332544807671034), (10.206961711512905, 53.490363147612776, 50.33423985024817), (10.206991883386749, 53.49037642146153, 50.332257694840045), (10.207022390080883, 53.490389785098024, 50.33295351233335), (10.207052866073116, 53.49040307868812, 50.33317443638085), (10.207083418473607, 53.49041635615598, 50.33486006949859), (10.207113449952146, 53.4904294049424, 50.336421095136764), (10.207144445143246, 53.49044288507291, 50.337011726790216), (10.207174561638348, 53.49045599656681, 50.338721628283544), (10.207205212517087, 53.49046937288503, 50.34039802086103), (10.207234260368594, 53.4904820559846, 50.340951630754645), (10.207265870836931, 53.49049586816712, 50.34154779023355), (10.207296900395402, 53.49050945151427, 50.34522964013041), (10.207319491081632, 53.49051930494845, 50.33326233208038), (10.207326702794012, 53.49052251436868, 50.34117290798108), (10.207357722001259, 53.49053614151633, 50.34880841485035), (10.207388056851205, 53.490549522679096, 50.35169638440338), (10.207418085826912, 53.490562825347695, 50.3562405427841), (10.207450460352415, 53.490577339382625, 50.36113888998015), (10.207479305310981, 53.490590291988, 50.366048249750115), (10.207519308626697, 53.490608264067156, 50.37534344202462), (10.207550028655133, 53.49062227607034, 50.378924876193366), (10.20758006671209, 53.49063596716432, 50.375519261721514), (10.207610204073713, 53.49064988097504, 50.369990546425214), (10.207643045070348, 53.4906654369819, 50.36030801481631), (10.207668853351851, 53.490677792403375, 50.35270005740683), (10.207701153533021, 53.490693535959984, 50.343180755163054), (10.20775882449166, 53.49072184748731, 50.34122417277478), (10.209617051775314, 53.49134661079271, 49.882895119867136), (10.209651022228126, 53.49136399254356, 49.87391857734273), (10.209696763379903, 53.4913873879136, 49.85668850039968), (10.209742444423911, 53.49141087079329, 49.84470685396765), (10.209788178151564, 53.49143428102301, 49.832128010858064), (10.209833958278498, 53.49145773869452, 49.80838445769081), (10.20987964473882, 53.49148112406843, 49.80153337718076), (10.209925405141252, 53.491504569962174, 49.77105013157101), (10.209971091634982, 53.49152798971166, 49.75576136995096), (10.210016829020407, 53.491551467354455, 49.73051969741667), (10.21006253966388, 53.491574834638605, 49.70808852843985), (10.210100863868604, 53.49159446432818, 49.67565842697595), (10.209795240237618, 53.49159494912265, 49.47349098273705), (10.209775368170076, 53.49158549006657, 49.48653102225813), (10.209745650415336, 53.49157155090005, 49.49904008655246), (10.209716107366058, 53.491557707737144, 49.51276455148093), (10.209686428987649, 53.491543838716204, 49.527403801237384), (10.209656683334302, 53.491530089762264, 49.54629497572047), (10.2096266321105, 53.49151637423303, 49.5652321315557), (10.209596721268326, 53.491502837209815, 49.58390783545574), (10.209566752283747, 53.49148938792721, 49.60190114278756), (10.209536413687719, 53.49147593388029, 49.621109063221596), (10.209506216574876, 53.491462629785765, 49.64219576255804), (10.209475662885545, 53.49144932488919, 49.65830792971489), (10.209445290971574, 53.49143615304587, 49.676445391456674), (10.209414730778661, 53.49142309609287, 49.69141822139256), (10.209384055161062, 53.49141017628922, 49.72045587864659), (10.209353108030076, 53.49139728049939, 49.739180897691284), (10.209322305475526, 53.491384522263324, 49.75801848111742), (10.209291279398746, 53.49137179182301, 49.77306070686384), (10.209259872569978, 53.49135909207609, 49.79124702995948), (10.209229177704398, 53.491346813279485, 49.80558447452972), (10.209197942316347, 53.491334478924614, 49.82684177132225), (10.209166338289133, 53.49132198876648, 49.84801210294785), (10.209134729122201, 53.491309601448606, 49.8640961693416), (10.209103371360396, 53.49129738999709, 49.878808574187225), (10.209071662246078, 53.49128506978061, 49.893049202977366), (10.209040016654633, 53.491272756635894, 49.91476233400791), (10.20900857009318, 53.4912604531516, 49.93729624265292), (10.208977065443303, 53.49124825476455, 49.964917115581635), (10.208945339506933, 53.49123597650504, 49.98546856285538), (10.208913777371883, 53.49122370614691, 50.00322081544958), (10.208882354094497, 53.49121135634989, 50.02694120780405), (10.208850910548252, 53.49119880844305, 50.05675363010775), (10.208819646184942, 53.49118621848212, 50.07242270575167), (10.20878847539093, 53.49117353041476, 50.093066638573795), (10.208757499091202, 53.49116079462914, 50.10377054883381), (10.208726742871713, 53.49114792585634, 50.118039875252904), (10.208702302169135, 53.49113770611475, 50.10494582295995), (10.208677819474541, 53.49112734250184, 50.10686582961483), (10.2086697344666, 53.49112390983706, 50.12120792405358), (10.208653387407114, 53.491116933815526, 50.1148241936776), (10.208628652497744, 53.491106363800846, 50.1230679515039), (10.208604402308476, 53.49109574270149, 50.1252862794289), (10.208579939551292, 53.491084975652505, 50.13412466778575), (10.20855562869295, 53.49107424345727, 50.141025706904955), (10.20853143198224, 53.491063478372524, 50.15092209262437), (10.208507445907246, 53.49105265705707, 50.170392243515515), (10.208483541556564, 53.49104174104351, 50.18417040326137), (10.208459541828688, 53.49103075368748, 50.18540583232992), (10.208435550554581, 53.49101974825399, 50.17928430544667), (10.208412115430686, 53.49100883084262, 50.19214714277046), (10.208388097675815, 53.490997523069545, 50.20078782010983), (10.208364451729222, 53.49098620554278, 50.207891998786295), (10.208341143607718, 53.49097494304912, 50.20900134830774), (10.2082951119912, 53.49095256172152, 50.218490600587415), (10.208272044951578, 53.49094136790176, 50.2215118408215), (10.208248718758394, 53.49093009808497, 50.23279276068072), (10.208226404928872, 53.49091930187988, 50.260488978463854), (10.209581609921182, 53.491595298252676, 49.61744904821359), (10.209544422257043, 53.491576755964665, 49.641853897748646), (10.209488161949055, 53.49154851403357, 49.66220444630442), (10.209430329753696, 53.49151977011033, 49.70012084508229), (10.209372365233552, 53.49149096035106, 49.73812405104729), (10.20931473003148, 53.49146222535197, 49.76664868053849), (10.209256835774832, 53.49143331213896, 49.802838270859155), (10.209221209202324, 53.49141551968957, 49.82510839837437), (10.209199045223322, 53.491404450650094, 49.8389630843174), (10.20914127057396, 53.49137563802748, 49.87105542000188), (10.209128217091605, 53.491369125163374, 49.87953888833586), (10.209082935511544, 53.491347279519516, 49.91407173133463), (10.209058089325948, 53.491335661480676, 49.93028669542102), (10.209022498722645, 53.49131946479185, 49.94477909289959), (10.208986122044275, 53.4913034759316, 49.977096150809906), (10.208949557374558, 53.49128790970947, 49.99874137239929), (10.208912713878787, 53.49127269023872, 50.02533136703093), (10.208874975752796, 53.4912576042977, 50.01308275942557), (10.208837052218119, 53.49124297779706, 50.030675348825966), (10.208798893074432, 53.491228609278586, 50.08054730033195), (10.208760651971618, 53.4912142394156, 50.09872730456928), (10.208722582974467, 53.4911996779037, 50.11329764713643), (10.208698386086718, 53.491190484026625, 50.136258901189834), (10.208684477261347, 53.491185102325545, 50.14311061294749), (10.208646936556564, 53.491170103496685, 50.176617814655515), (10.208609246847015, 53.49115463215573, 50.18787205645205), (10.208572492548958, 53.491139001039855, 50.197777470047676), (10.208536043783322, 53.49112280045344, 50.190927310953164), (10.208497923103502, 53.4911053575661, 50.194406804724714), (10.208438372389686, 53.49107736791292, 50.23654738774238), (10.208786203285632, 53.491234365611604, 50.092273093583344), (10.208818720971328, 53.4912512170844, 50.078686070074674), (10.208853190673992, 53.49126918244636, 50.07018718505866), (10.20888705115885, 53.491287256437396, 50.05118105529698), (10.208920144347882, 53.49130559702983, 50.032585974711715), (10.208952751639508, 53.49132443560628, 50.018429745424385), (10.208984945062246, 53.49134368792479, 50.01485459721751), (10.209016919891864, 53.491363271654215, 49.990279363574736), (10.209040020257255, 53.49137755724761, 49.96248925909934), (10.209047678009876, 53.49138230988249, 49.964055170945656), (10.2090789806031, 53.491401961426014, 49.96205158371252), (10.209110141324429, 53.491421469252344, 49.946318028046896), (10.209141624996349, 53.49144087467508, 49.923991640717766), (10.209173212466752, 53.49146018592442, 49.90693127372348), (10.209220577539655, 53.49148861176824, 49.870070089802404), (10.209268974460882, 53.49151713875101, 49.8330665904607), (10.209301122278399, 53.49153593372177, 49.81031745602998), (10.209333263375687, 53.491554616674385, 49.78342681223772), (10.209333263375687, 53.491554616674385, 49.78342681223772), (10.209404330868864, 53.491594919157684, 49.720079817621965), (10.209221209202324, 53.49141551968957, 49.82510839837437), (10.209251147519689, 53.491430028106755, 49.80190190232453), (10.209274887894711, 53.491441417448925, 49.79026444185801), (10.209298860205358, 53.49145254922286, 49.76863555222431), (10.209322491499488, 53.49146333601527, 49.74845035838463), (10.209346980582506, 53.491474258140585, 49.73469719948394), (10.209371523223119, 53.491484983028606, 49.72260425815994), (10.209395838687861, 53.49149535090222, 49.706934578296895), (10.209420782123955, 53.49150567661678, 49.69020400036572), (10.209445611533782, 53.491515842256874, 49.679100508084005), (10.209470666188102, 53.49152580193079, 49.66667254137523), (10.20949303811709, 53.4915345588609, 49.66557555556701), (10.209521488064206, 53.491545470420235, 49.64636889869438), (10.209572584940938, 53.49156476663314, 49.61245589914191), (10.2096237612605, 53.49158402828958, 49.584950640450224), (10.209653530761672, 53.491595402168436, 49.56449890136719), (10.209254398020654, 53.491512745662014, 49.87382823228251), (10.20923674631361, 53.491503695949426, 49.87976782062118), (10.209207026246313, 53.491488526803025, 49.88972462794436), (10.209178152617714, 53.4914739745299, 49.90747025269751), (10.20914956679294, 53.491459785729056, 49.92155214096188), (10.209120189263505, 53.491445487916536, 49.93019982871244), (10.209112743097865, 53.4914419343446, 49.93149334505369), (10.209090233867212, 53.491431192142194, 49.935403554532215), (10.209061360604277, 53.49141759283837, 49.939900343517245), (10.209031534517514, 53.49140367684194, 49.94546046561506), (10.209002278627873, 53.49139005818581, 49.954914657685414), (10.208971551699594, 53.491375763745594, 49.96494710128719), (10.208940363859119, 53.491361271973254, 49.97640627995371), (10.208910585866915, 53.49134743229791, 49.993792588069084), (10.208880872400524, 53.491333616602006, 50.00232929957949), (10.208853216918913, 53.491320756377114, 50.005886647136656), (10.208822862548029, 53.49130664111069, 50.00979115753375), (10.208761884137889, 53.49127828512573, 50.01763487383541), (10.204107937798272, 53.488989584107664, 50.1930150185932), (10.204073181090394, 53.48897374079039, 50.21013298661027), (10.204037676459569, 53.48895777518636, 50.193861464605966), (10.204037676459569, 53.48895777518636, 50.193861464605966), (10.204001255801181, 53.48894132266636, 50.21431670605113), (10.203962464466256, 53.48892408988834, 50.19912075579841), (10.203928654317616, 53.48890906994549, 50.2138931889749), (10.203892502136934, 53.4888930341711, 50.24009122870078), (10.203855724745393, 53.48887663674319, 50.21353637068137), (10.203819500550127, 53.48886067414202, 50.22133725240732), (10.203782584551702, 53.48884442962751, 50.239946220537085), (10.203746565783808, 53.48882861864973, 50.21820390786284), (10.203709467068048, 53.48881201941656, 50.20047855685541), (10.20367416691391, 53.48879636761903, 50.20350049485725), (10.203646592167349, 53.488784182193015, 50.19666570354187), (10.203585779951966, 53.4887576053108, 50.19573364764899), (10.203524939103906, 53.48873102503437, 50.19743571687549), (10.203464084030427, 53.48870453046325, 50.19640918214059), (10.203403267823374, 53.48867805325468, 50.19517480267055), (10.203342251470218, 53.488651590045805, 50.207281675471336), (10.203281191267912, 53.48862533899196, 50.21186377821488), (10.203220079463591, 53.488599053010546, 50.22129610562761), (10.203158762094048, 53.48857279819097, 50.216743939492005), (10.203097468607975, 53.48854657978395, 50.21879877931968), (10.203036091134777, 53.48852051849685, 50.220893640101195), (10.202974630430225, 53.48849441327788, 50.227160473896696), (10.202913245815358, 53.48846843951946, 50.23584610426407), (10.202851701473413, 53.48844255459481, 50.26118597570965), (10.202790143768814, 53.48841657290285, 50.27827207065433), (10.202728580854437, 53.4883908774323, 50.29741524211751), (10.202666820583808, 53.48836512704723, 50.30757174436574), (10.202615671112232, 53.48834399519233, 50.31833311655417), (10.202569479329984, 53.48832491151638, 50.3280514462682), (10.202531944014062, 53.488309639584884, 50.33037712026534), (10.202494929267747, 53.488294739447944, 50.33246919364926), (10.202457091921111, 53.48827969340495, 50.33458007875687), (10.202419284701353, 53.4882648433553, 50.340447225766404), (10.202381436070766, 53.48825021098983, 50.34339309195509), (10.2023433092334, 53.48823570944069, 50.349303620362754), (10.202304886324058, 53.488221319371924, 50.360648994762236), (10.202266224906673, 53.48820708655036, 50.369165133282856), (10.202227617448782, 53.48819299486652, 50.38140742097221), (10.202188532086344, 53.488179131617315, 50.384049571542675), (10.202149705240513, 53.48816577954405, 50.38708673197258), (10.202109614509553, 53.488152022080385, 50.39009813818906), (10.202099732216993, 53.48814860440688, 50.38942909762444), (10.202069678141326, 53.4881382382685, 50.38739435400154), (10.20202989470478, 53.48812444486087, 50.40643919628799), (10.203589370542103, 53.48872456988747, 50.342026969821084), (10.203560918622196, 53.488712572943186, 50.34221991862351), (10.203518094744641, 53.488694509549525, 50.34251033088415), (10.203475138765164, 53.48867625975088, 50.34280161386022), (10.203439417326805, 53.48866107348623, 50.3430438379103), (10.203415271974198, 53.48865081589567, 50.33800573648682), (10.203353818699748, 53.488624615031284, 50.33926426318423), (10.203292607769512, 53.48859842604581, 50.3486247168388), (10.203231538538759, 53.48857212564218, 50.351436994976275), (10.203170535397982, 53.4885457178924, 50.356571601304275), (10.20310961688392, 53.48851921401257, 50.36055982429396), (10.203048778736447, 53.48849265098132, 50.37147134501225), (10.203032240383349, 53.48848539364465, 50.38117053792582), (10.202987959836227, 53.488465949575165, 50.382746829953014), (10.202927554223416, 53.488439294032034, 50.39719032096832), (10.202867035701967, 53.488412486108395, 50.4110974373831), (10.202803012668268, 53.488384064290905, 50.42419352469591), (10.202778724374438, 53.488373407509116, 50.433708050864986), (10.202754503372704, 53.48836280683692, 50.441878005410715), (10.202730127093684, 53.488352187850985, 50.44400890547466), (10.20270569198397, 53.48834158603101, 50.44975045147313), (10.202681371423568, 53.4883310696156, 50.453452006524444), (10.20265706354762, 53.488320686672076, 50.453633758721), (10.202632464700544, 53.48831020062832, 50.45837702259822), (10.202607942200178, 53.48829983500761, 50.464518735980626), (10.202583254150023, 53.48828946749911, 50.4676872880453), (10.202558703090942, 53.4882792354311, 50.47070242557948), (10.202533798156567, 53.488268956242074, 50.47352818687866), (10.202509087039955, 53.48825887866093, 50.47616924060005), (10.202484004769296, 53.48824879898649, 50.48241834778488), (10.202459009731713, 53.4882388588842, 50.48582280850201), (10.202433867480073, 53.48822900033265, 50.484841491433905), (10.202408622227543, 53.48821924150891, 50.4843572794507), (10.202383079371634, 53.488209503394636, 50.49001759966429), (10.20235756790682, 53.48819983441012, 50.48947420126848), (10.202332394804747, 53.488190379345255, 50.48854423058664), (10.20230669358035, 53.48818090655524, 50.49184613331548), (10.202280903245017, 53.488171551115215, 50.49157493422348), (10.202254956852912, 53.48816225214088, 50.490424331249805), (10.202229187914028, 53.488153135670395, 50.486305232610775), (10.202202745242124, 53.488143739826484, 50.4850163051043), (10.202156978912353, 53.48812793552837, 50.491946470546154), (10.202111085930737, 53.48811245137428, 50.49888042278646), (10.202064854870352, 53.48809731326021, 50.498779419091655), (10.20201840928402, 53.488082419085245, 50.49538715682809), (10.201997613161328, 53.4880756567923, 50.49557915734649), (10.209829936574247, 53.49159480762155, 49.47485762410061), (10.209803857539335, 53.491582026282, 49.477134768529645), (10.20974579165107, 53.49155348671776, 49.50829768614767), (10.209687718175852, 53.49152484821973, 49.53875888702877), (10.209629776747917, 53.4914962132326, 49.57293915295787), (10.209571674332015, 53.491467445035234, 49.6086079968644), (10.209513635078816, 53.49143866711023, 49.64073141380056), (10.209455688337359, 53.491409913245654, 49.67831925397918), (10.209397945681314, 53.49138122514018, 49.72201615315194), (10.209340041351808, 53.49135243336621, 49.7573814005922), (10.20928216017038, 53.4913236592424, 49.78668555264411), (10.209224175862206, 53.49129481766256, 49.81744364269092), (10.209166315760568, 53.49126601650443, 49.85040515953204), (10.209108643290149, 53.491237261374124, 49.880112801674684), (10.209050753203432, 53.49120840860689, 49.90747156999384), (10.208992927494995, 53.491179547373676, 49.93382857462755), (10.208935148727015, 53.4911507439214, 49.96332226836675), (10.20887743395942, 53.491121978576814, 49.98806644415004), (10.208819574271732, 53.491093143343775, 50.00996847236736), (10.208761710096386, 53.491064269628104, 50.03158136206563), (10.208703896971235, 53.491035451713486, 50.05257888088408), (10.208646293534906, 53.49100673499831, 50.06783825445869), (10.208585202966576, 53.49097623859604, 50.08721117274725), (10.208527452084082, 53.49094743580793, 50.102765641892226), (10.20846966838002, 53.490918620027706, 50.11335587526193), (10.208411797670855, 53.49088976239013, 50.12728442019874), (10.208353974245195, 53.49086095219929, 50.14283128813125), (10.208296114607434, 53.490832131077106, 50.15568659313079), (10.208238317560978, 53.490803347231314, 50.168190101902034), (10.208180519129996, 53.49077456072993, 50.19083274264715), (10.208122598388206, 53.49074573979695, 50.20459926040021), (10.208064764358067, 53.490716900145685, 50.214286700716066), (10.208006926427647, 53.49068806618337, 50.22374157674081), (10.207949134056287, 53.49065926440113, 50.22066783835214), (10.207891365674566, 53.49063048409344, 50.21255430104035), (10.207833508914241, 53.49060164896311, 50.210621458800254), (10.207775772954475, 53.490572856624574, 50.21665481094881), (10.20771796349534, 53.49054401976079, 50.219435470565685), (10.207660142611923, 53.49051521574426, 50.22801250855986), (10.207602356560928, 53.4904864107879, 50.2208125034132), (10.20754444396343, 53.49045755839164, 50.221322261157106), (10.207486655985882, 53.49042874309756, 50.230721160948), (10.207428738866351, 53.49039984561346, 50.2189997671757), (10.207371051153764, 53.49037109091314, 50.22734167461559), (10.207312932945847, 53.49034209834896, 50.2230237368471), (10.20725538211452, 53.49031341162763, 50.201839657279756), (10.207197651129682, 53.4902846144486, 50.2004147629872), (10.207139788916988, 53.490255750619205, 50.18833769839699), (10.20708197661182, 53.490226889566976, 50.17923175120548), (10.207024221652315, 53.49019806542973, 50.17069542307823), (10.206966469231897, 53.49016925061453, 50.16195300527076), (10.206908702554783, 53.49014040799056, 50.159887029044874), (10.206850857688455, 53.490111539167486, 50.162161205178755), (10.206793250415966, 53.49008277781564, 50.16303447515844), (10.20673361210837, 53.490053029281235, 50.16717903235815), (10.206675799071931, 53.49002416503744, 50.19059337950654), (10.20661808914843, 53.48999533721918, 50.201724247163604), (10.206560327818618, 53.48996654611847, 50.212041787371234), (10.206502460778676, 53.48993770670197, 50.217942016698316), (10.206444603213532, 53.48990886955554, 50.22598188260027), (10.206386796117963, 53.4898800992413, 50.23524827066451), (10.206328925208165, 53.48985133811805, 50.23911557304797), (10.20627099846287, 53.48982258955963, 50.24890289249448), (10.206213025427866, 53.48979382754827, 50.24650092705743), (10.206155076116584, 53.48976512292957, 50.23319297726594), (10.20609723961021, 53.489736438448936, 50.2430059786839), (10.206054702318296, 53.48971550362115, 50.241094113800855), (10.206013974085394, 53.48969553695522, 50.24415224779148), (10.2059732990257, 53.48967553459937, 50.24490016030383), (10.205932503545117, 53.489655494092986, 50.24855010297958), (10.205891744505383, 53.48963551483119, 50.25059189201004), (10.205850852158273, 53.48961559567425, 50.25351815283721), (10.205810078831878, 53.489595674657195, 50.25693236508951), (10.205769119575516, 53.48957581216635, 50.26075666972582), (10.205728230310225, 53.48955593408215, 50.26029007319), (10.205687200151715, 53.48953612525435, 50.262142804433815), (10.205646114764408, 53.48951640736589, 50.26250754978734), (10.205605120661437, 53.48949669339514, 50.262999301563255), (10.205563884338885, 53.489476955427065, 50.264025603823974), (10.205522714959958, 53.48945734812354, 50.263798680191336), (10.205481402563061, 53.48943771153572, 50.26578003862661), (10.205440145754066, 53.48941813782118, 50.26344168812151), (10.20539878593265, 53.48939863916628, 50.26667270003341), (10.20535744981394, 53.48937915586022, 50.26013099475868), (10.205315800726254, 53.48935967492873, 50.260151293434355), (10.20527421233444, 53.48934037440504, 50.257029055801674), (10.205232645875089, 53.48932106906408, 50.25124928396563), (10.205190946862091, 53.48930170661194, 50.250011324696175), (10.205149195389879, 53.489282463802645, 50.24904471438456), (10.205107389375678, 53.489263297413615, 50.24832509718661), (10.205065463075451, 53.489244136249724, 50.24986092760178), (10.20502347908934, 53.48922504589073, 50.249173230036156), (10.204981520423518, 53.48920600809218, 50.24956043121227), (10.204939419592723, 53.48918705114215, 50.24790832142779), (10.204897142972689, 53.4891680188754, 50.24685766327905), (10.20485497231959, 53.48914911966944, 50.24529799588685), (10.204812736267145, 53.48913032705798, 50.24578385595192), (10.204770390020258, 53.48911149771957, 50.24345202974653), (10.20472628251889, 53.48909208630762, 50.24709417756757), (10.20468380592158, 53.48907339132467, 50.24554953705885), (10.204641302373966, 53.48905477148038, 50.24550408127396), (10.204598652003172, 53.48903615929605, 50.24581971922169), (10.204555992535788, 53.489017556883844, 50.24796151477888), (10.204513392966403, 53.48899912440273, 50.24752269555412), (10.204470784631166, 53.48898069714947, 50.25174948685304), (10.204428040010786, 53.4889622365081, 50.25269518483383), (10.204385062391019, 53.488943883820234, 50.252568560995655), (10.204342041310987, 53.488925500929206, 50.25336779258487), (10.204299205293832, 53.488907300480925, 50.25231053500418), (10.204256137138715, 53.48888906576099, 50.25077014773686), (10.204213003170151, 53.48887082797313, 50.25381856886881), (10.204170130495081, 53.48885278386668, 50.25865056561111), (10.204126875099103, 53.48883468508043, 50.2634673492129), (10.204083554720762, 53.48881668635228, 50.27358519737266), (10.204040100434131, 53.48879872688271, 50.287232841355795), (10.203996477542606, 53.48878082126754, 50.29840894415172), (10.203953076462453, 53.48876310394669, 50.3094731917694), (10.20390949620226, 53.48874542409454, 50.31759560899124), (10.203865717824808, 53.488727840301436, 50.32771651539611), (10.203821879170178, 53.48871021217134, 50.3396049274911), (10.203778082432898, 53.48869270210042, 50.34926277084376), (10.203749826248963, 53.48868147635565, 50.343986903449995), (10.20370592413867, 53.48866406005432, 50.35750814541812), (10.203661922206257, 53.48864672093387, 50.3710322965235), (10.20361778813663, 53.48862946967374, 50.38456312333024), (10.203573687103374, 53.48861233525849, 50.40130817744024), (10.20352944628859, 53.488595204869, 50.412433149602535), (10.203484858107077, 53.48857811201757, 50.428556079035125), (10.203440561037949, 53.48856120128709, 50.440255098539104), (10.203395974378486, 53.48854424795401, 50.454184684439284), (10.203351701924406, 53.488527553416645, 50.47178625101316), (10.20330709075693, 53.48851078864373, 50.48466115617622), (10.203262355322066, 53.48849409220851, 50.49755082828182), (10.203217630373898, 53.48847749592375, 50.5119341484292), (10.203172726593417, 53.48846098851115, 50.52691022931116), (10.203127830582801, 53.48844448388716, 50.54404529639611), (10.203082806097335, 53.48842806909676, 50.56335333988537), (10.203037847625946, 53.488411735092335, 50.58153654336847), (10.202992709921169, 53.48839546658203, 50.592438064260136), (10.202947392075899, 53.488379283266326, 50.60633102229807), (10.20290219249889, 53.48836314239216, 50.61588046480218), (10.20285681298497, 53.48834709565555, 50.62435907092367), (10.202811333606933, 53.48833108107751, 50.62744059060725), (10.2027659009783, 53.488315173991666, 50.62834137068239), (10.202720489478809, 53.48829942753881, 50.626387634589584), (10.202674880391339, 53.48828364492312, 50.62877178008138), (10.202629307911945, 53.48826802235932, 50.6205851446903), (10.202583521362746, 53.48825235968836, 50.61239018202094), (10.202537558985808, 53.488236704436744, 50.60359460706118), (10.202492282338753, 53.48822143437728, 50.60003457961207), (10.202445826970873, 53.48820594385814, 50.59340896760021), (10.202399734068782, 53.48819065698332, 50.57971014232133), (10.202353610758232, 53.48817540632079, 50.57389661862666), (10.202307412670518, 53.48816020047229, 50.568081734678124), (10.202260954446158, 53.48814509192768, 50.56100036354348), (10.20221502951006, 53.48813020101321, 50.557360977931324), (10.202168582464763, 53.48811521251214, 50.56043481949183), (10.202122035688703, 53.48810034613252, 50.56173702942735), (10.202075378236938, 53.48808553186018, 50.57058652631723), (10.20202875240609, 53.488070809443265, 50.56999966591047), (10.202007802841601, 53.48806424400709, 50.56809851758074), (10.201982122384893, 53.48805619593702, 50.56576804555152), (10.201935267769016, 53.48804159827284, 50.56160930511445), (10.201888382381236, 53.488027174438024, 50.55217533826375), (10.201841449944824, 53.48801282272095, 50.549985292587095), (10.201794051635538, 53.487998453876685, 50.53085561183218), (10.201746980317917, 53.48798432046467, 50.52329454272131), (10.201699821655195, 53.487970265464284, 50.51881078271379), (10.201652646445705, 53.487956321571005, 50.50686632044087), (10.20160540054381, 53.48794243158138, 50.49863492128987), (10.201558044302047, 53.48792867040492, 50.49655618120788), (10.201510439636609, 53.487914876186686, 50.488224038899745), (10.201462976922386, 53.48790125694298, 50.48902498206148), (10.201415506377064, 53.487887597817796, 50.48239158552515), (10.201367804470781, 53.48787397475787, 50.47820839691892), (10.20132018058785, 53.487860431261545, 50.468460672284245), (10.201272623266469, 53.48784698091177, 50.460905068836404), (10.20122472987411, 53.487833512294614, 50.45732180202004), (10.201177059066879, 53.48782006653336, 50.453783250286065), (10.201129266353817, 53.487806685074204, 50.442744190520614), (10.201081534901881, 53.487793357609334, 50.4367902450532), (10.201033531771525, 53.487780075688214, 50.434823967643425), (10.200985662298864, 53.48776696935697, 50.429352290054176), (10.200937649442949, 53.48775390975668, 50.425736657331655), (10.2008895674288, 53.48774091478097, 50.421329674467664), (10.20084139294982, 53.48772802714192, 50.41362026760775), (10.200793187897116, 53.48771521669331, 50.40467585287378), (10.20074487529078, 53.487702541160395, 50.40460325777531), (10.200696567974468, 53.487689946476216, 50.39840731024742), (10.200648145347953, 53.487677491875814, 50.39468973875046), (10.200599608875832, 53.48766503544352, 50.383845074489585), (10.200551122825068, 53.48765267192415, 50.38015941600198), (10.200516580963377, 53.48764394020726, 50.374676666763065), (10.200481574673613, 53.487635209251074, 50.365987097039955), (10.200447117825062, 53.48762660202214, 50.36598043387649), (10.200412195868582, 53.4876178795573, 50.36193741183971), (10.200377485489494, 53.487609282961444, 50.35654774752832), (10.200342508830126, 53.4876006852696, 50.350571527520565), (10.200307707413318, 53.487592144997166, 50.3481488281767), (10.200272905480245, 53.48758372633888, 50.342716041779354), (10.200237966173555, 53.487575266699196, 50.33270229958588), (10.200202784962508, 53.48756682288808, 50.33171195728152), (10.200167826517694, 53.48755846375604, 50.32451676039928), (10.200132761678157, 53.48755012129603, 50.31754946673101), (10.200097757184528, 53.487541835539, 50.31231367547933), (10.200062846626265, 53.487533642020665, 50.30496637784785), (10.200027650124838, 53.48752547054577, 50.30371811906769), (10.199992405077847, 53.487517261683124, 50.301612964966935), (10.199957211793446, 53.487509172582016, 50.298386012020245), (10.199922021946401, 53.48750109326605, 50.28942310686361), (10.199886837134214, 53.487493078554856, 50.280401155333735), (10.19985172914416, 53.487485088943444, 50.27506874777288), (10.1998164219942, 53.48747714856666, 50.26901680616808), (10.199781207409078, 53.48746925774801, 50.26393446334291), (10.199745868751114, 53.48746139048025, 50.25885950027176), (10.199710495195005, 53.48745352679577, 50.25307872302009), (10.199675228267056, 53.4874457134388, 50.24460730424016), (10.199639779343764, 53.487437958648215, 50.24204009488552), (10.199604484605057, 53.487430234135914, 50.23834318061661), (10.199569180425584, 53.487422631661175, 50.23457881815337), (10.1995336354339, 53.48741497220147, 50.22367877328575), (10.199498082570974, 53.48740736078176, 50.22010580516605), (10.199462528603988, 53.48739978880585, 50.211273736487065), (10.199427015406735, 53.4873923438015, 50.20130950947465), (10.199391279595298, 53.48738482553132, 50.19998459283448), (10.199355883533933, 53.487377472816384, 50.196134968005225), (10.199320164635575, 53.48737008676133, 50.190191513938906), (10.19928452666442, 53.48736267683335, 50.18217199208372), (10.199248996966615, 53.48735538723086, 50.179151001900365), (10.19921325274683, 53.487348075534136, 50.16863856357202), (10.1991776596407, 53.48734093220706, 50.1654038608315), (10.199141828115964, 53.487333762116265, 50.15976085805247), (10.199105977541844, 53.4873266180447, 50.14992653190521), (10.199070285289974, 53.48731952473276, 50.145195332168754), (10.199034454326174, 53.487312473730746, 50.144746167731036), (10.198998633903605, 53.48730544461192, 50.13484147548817), (10.198962792002495, 53.48729850054685, 50.1270151662292), (10.198926962972173, 53.487291578820226, 50.121482440884776), (10.198890956321517, 53.48728469180068, 50.11515386603676), (10.19885509306435, 53.487277822869224, 50.10883698372355), (10.198819222115084, 53.48727100390125, 50.10141942891481), (10.198783257276816, 53.48726421238806, 50.093193607594785), (10.198747198854967, 53.48725751356419, 50.088842249404664), (10.19871119256135, 53.48725084048036, 50.082447995248934), (10.19867507945902, 53.487244202075004, 50.0735526957222), (10.198639212226572, 53.48723762285796, 50.066025629345255), (10.19860315172476, 53.48723107162904, 50.062387493169055), (10.198566982598734, 53.487224496245986, 50.05319967642124), (10.19853088270253, 53.48721800405217, 50.04603771745839), (10.198494819587571, 53.48721155279559, 50.040039312432796), (10.198458716561845, 53.48720517474092, 50.034890731394306), (10.19842251343454, 53.48719883290129, 50.03015330490631), (10.198386380894203, 53.48719256854026, 50.02798464378313), (10.198350147843492, 53.48718630685341, 50.01563882213984), (10.198314001863846, 53.48718007541856, 50.004907344598095), (10.198277610654195, 53.48717386959405, 50.00454414924796), (10.198241399190062, 53.48716770763478, 49.99249607972857), (10.198205156668406, 53.4871615955138, 49.98848881618463), (10.198168779834111, 53.48715550132609, 49.98172338881571), (10.198132552993211, 53.487149532008104, 49.97994159995326), (10.198096188148947, 53.487143575579374, 49.9738630501529), (10.198059852737268, 53.487137671493315, 49.967167487773025), (10.198023479408963, 53.487131766163564, 49.95992951912352), (10.19798707188171, 53.48712591532658, 49.953234790439964), (10.19795074258124, 53.48712011216912, 49.94760773493023), (10.197914127023434, 53.48711433046975, 49.940246812351894), (10.197877515259767, 53.48710859890774, 49.93366346170516), (10.197841170237178, 53.48710296737631, 49.926182665255716), (10.197804492625252, 53.48709727311789, 49.92284606387262), (10.197768183816686, 53.48709175782605, 49.91402538243324), (10.197731685553865, 53.48708622438756, 49.90365649185838), (10.197695098915593, 53.48708072277625, 49.90187143939511), (10.197658404749099, 53.487075255377846, 49.89036786852611), (10.197621863230232, 53.48706982148428, 49.886868007424994), (10.197585459668819, 53.48706449127396, 49.88216858675969), (10.197548849290518, 53.487059196849714, 49.87392238821087), (10.197512427697283, 53.4870539236859, 49.862641309454204), (10.197475539846343, 53.48704866433944, 49.86120225879681), (10.19743887830747, 53.48704344040332, 49.85631350538922), (10.197402048589607, 53.487038262531904, 49.8480574075434), (10.197365421272922, 53.48703313527211, 49.84520882440071), (10.197328748774314, 53.4870280483874, 49.83552418375924), (10.19729189141501, 53.48702298211309, 49.82992412600058), (10.19725524725134, 53.48701800029098, 49.82272124161899), (10.197218485297395, 53.487013061314975, 49.813296955020455), (10.19718158355259, 53.48700810871675, 49.809493302302194), (10.197144798632912, 53.487003226546044, 49.8031214912868), (10.197108188676928, 53.48699841329032, 49.80041200106763), (10.197071184337993, 53.48699361821856, 49.79028845034222), (10.197034457982078, 53.4869888799088, 49.78479639190605), (10.196997399790757, 53.48698415523133, 49.77679543820069), (10.19696068030413, 53.486979494973646, 49.76754845600295), (10.196923691626285, 53.48697483086633, 49.76629227614211), (10.196886876855448, 53.486970218455724, 49.75799489395421), (10.196850028111426, 53.48696565779624, 49.752446411684424), (10.196813101001943, 53.48696116680196, 49.74856500636177), (10.19677630100178, 53.486956706910284, 49.745361966117386), (10.196739266300188, 53.486952272230106, 49.73661672104888), (10.196702174212449, 53.48694789426356, 49.731539624782286), (10.196665199280346, 53.486943568453256, 49.724564546316074), (10.196628415860948, 53.486939281890386, 49.719529359039285), (10.196590709258746, 53.48693498503837, 49.71535249369039), (10.196553675027975, 53.48693077377199, 49.71053442906578), (10.1965164771352, 53.486926588098854, 49.70534854781922), (10.196479550534802, 53.48692248923484, 49.69902334004583), (10.19644279869397, 53.48691845264473, 49.68922799148473), (10.196405825561179, 53.4869144439206, 49.68369114358502), (10.196368610400775, 53.486910445362305, 49.67873799789025), (10.196331669070508, 53.48690652055206, 49.670369123595705), (10.196295163223546, 53.486902707826076, 49.664414682074685), (10.196257983364127, 53.486898833154925, 49.65692589248352), (10.19622072039547, 53.48689501364145, 49.650543900231284), (10.196183775977074, 53.48689125378425, 49.646020254001584), (10.196146711813114, 53.48688755847146, 49.63950015100254), (10.196109576211942, 53.48688389541395, 49.63269033825883), (10.196072349585528, 53.48688028124402, 49.62636446040235), (10.196035179642013, 53.48687669547734, 49.61755204168426), (10.195998063676132, 53.48687314889688, 49.60988799909454), (10.19596076879088, 53.48686963696682, 49.60660370042134), (10.195923965783958, 53.48686621742533, 49.59995107594022), (10.195886295450451, 53.48686274788368, 49.59505198545395), (10.195849661360958, 53.486859419845985, 49.58716076228605), (10.209923663013061, 53.491594784681396, 49.71700664131756), (10.209904944585904, 53.49158562248371, 49.730969988000254), (10.209876159719117, 53.49157157142435, 49.75212743311579), (10.209847021987901, 53.49155733519463, 49.76630998239272), (10.209817894613877, 53.49154313659507, 49.77816402572539), (10.209788715778915, 53.49152889869653, 49.786175402535015), (10.209759662095763, 53.49151471161951, 49.79744705475605), (10.209730417903296, 53.49150041252863, 49.81596104079632), (10.209701351820641, 53.49148620659499, 49.8256051776983), (10.209672241192841, 53.49147196362504, 49.83719555843384), (10.20964309103131, 53.49145768530387, 49.85075024117276), (10.209614034077067, 53.49144345441544, 49.85834328929144), (10.209584977347221, 53.49142923746988, 49.86881010594608), (10.209555944220975, 53.491415009778144, 49.873471982946675), (10.209526514028159, 53.49140058546022, 49.884533154137515), (10.20949751162554, 53.49138637047516, 49.89257344752758), (10.209468456915815, 53.491372080996946, 49.89538539698256), (10.20943928436521, 53.49135773501779, 49.902371301669696), (10.209410174965118, 53.49134343416907, 49.91187839774663), (10.20938121791633, 53.49132919275668, 49.91817930089044), (10.209352206244743, 53.49131492079998, 49.92658821483589), (10.209323083469938, 53.49130059264231, 49.93220674586014), (10.209294049180267, 53.49128628823256, 49.93673196280149), (10.209264881729608, 53.49127190026895, 49.94476760020004), (10.209235837049121, 53.491257572031934, 49.94904266734186), (10.209206861123892, 53.49124328573037, 49.954446592322306), (10.209177854848214, 53.49122899227393, 49.961695786963965), (10.20914875218976, 53.49121461980055, 49.96996628070264), (10.209119732215772, 53.491200310717254, 49.975436307225216), (10.209090872761953, 53.491186065026014, 49.98464055291483), (10.20906184684242, 53.49117172542154, 49.991219858969345), (10.209032481718955, 53.49115719818142, 49.99621090880311), (10.209003377455232, 53.49114276654196, 50.006963946579155), (10.208974835022044, 53.4911286212161, 50.01941938213558), (10.208945868681768, 53.49111423381255, 50.026593813358886), (10.208916916274267, 53.49109985539716, 50.035256890467565), (10.2088879235881, 53.49108547881724, 50.04381759500984), (10.208859030545012, 53.49107113875005, 50.050270789698935), (10.20882999941329, 53.491056752357565, 50.05800398818148), (10.208800848757015, 53.49104230102264, 50.06662537229263), (10.208772046424157, 53.49102804933152, 50.07134374055671), (10.208743109257389, 53.49101365516549, 50.07665379947097), (10.208714014655762, 53.49099919150505, 50.085103765053766), (10.20868519835489, 53.4909848586544, 50.09355269891472), (10.208656115722903, 53.4909704044621, 50.10014728333283), (10.208625040924481, 53.49095487838104, 50.10230146337463), (10.20856726240868, 53.49092608711131, 50.11536863306798), (10.208509377852764, 53.49089727005173, 50.124151123053764), (10.20845171352179, 53.490868567232376, 50.13570209843784), (10.20839381970188, 53.49083971162236, 50.147239949015486), (10.208336081709568, 53.490810960778745, 50.15911817110447), (10.208278271081715, 53.49078216145494, 50.17475186035), (10.208220219083035, 53.490753228988034, 50.18942026692809), (10.208162525114448, 53.490724500454085, 50.20346377126691), (10.20810479288327, 53.4906957281481, 50.21630273433921), (10.208046869340313, 53.490666914547305, 50.225083848070014), (10.207995473657478, 53.4906412704236, 50.220638879237335), (10.207934179997874, 53.490610706643, 50.229065567843826), (10.207876213917407, 53.49058183680742, 50.229628198473385), (10.207818250563209, 53.49055296014927, 50.23838444990099), (10.207760400565768, 53.49052412868317, 50.24346291765724), (10.207702756774333, 53.49049540005306, 50.24798747664392), (10.207644977316052, 53.490466587857036, 50.24764331973513), (10.207587252957355, 53.490437811808235, 50.25024504034556), (10.207529368492587, 53.490408968556764, 50.255188271424664), (10.207471408548153, 53.49038006125838, 50.25282049445805), (10.207413440620352, 53.49035115525483, 50.25005909677393), (10.207356076837124, 53.49032255381282, 50.24771731248943), (10.207298152150017, 53.4902936863745, 50.25321897028878), (10.207240299673066, 53.490264860530985, 50.25622020569369), (10.20718272476579, 53.490236167540274, 50.26005370497833), (10.20712468362735, 53.49020723748502, 50.26192432762332), (10.207066893939096, 53.49017841778796, 50.26256831656451), (10.207009249605736, 53.49014965518774, 50.26416361145629), (10.206951300819542, 53.49012071184983, 50.26636003178432), (10.206893586109729, 53.490091885041856, 50.270411293514854), (10.206835839772474, 53.490063028185176, 50.27320175323112), (10.206777927239594, 53.49003408623378, 50.27831801304749), (10.206720325312737, 53.49000527865177, 50.28814557675858), (10.206661616162393, 53.48997599926372, 50.30055349227855), (10.2066040171131, 53.489947273584214, 50.30726149305933), (10.206545964539593, 53.48991834471518, 50.30758942930584), (10.206488164443668, 53.48988951423892, 50.31414738964073), (10.2064303303855, 53.48986070969161, 50.31265082938808), (10.206372535515106, 53.489831919004864, 50.314195565696345), (10.206314802452365, 53.48980318203873, 50.32276708775276), (10.206256851120205, 53.48977432579046, 50.325188565008524), (10.206198968985861, 53.48974550770636, 50.31702130277249), (10.206141031769038, 53.4897166657429, 50.31693699114343), (10.206083223344297, 53.48968793169692, 50.31474028785067), (10.206025881404836, 53.48965943319458, 50.31425613023217), (10.205985312646742, 53.489639285496054, 50.31432368659062), (10.205944757970038, 53.48961918730832, 50.3134857335795), (10.205904146539542, 53.48959908133799, 50.31391801698321), (10.205863472484038, 53.489579027613246, 50.31388172281937), (10.205822818655419, 53.48955901548969, 50.315033389529525), (10.205782146184049, 53.48953892563508, 50.317213941583375), (10.205741501598318, 53.4895189632793, 50.316381349465836), (10.205700812281092, 53.48949893940692, 50.31844612238865), (10.20565999200311, 53.48947901965835, 50.31730717674043), (10.205619182267467, 53.48945907254622, 50.31840772201598), (10.205578337580832, 53.48943919226639, 50.31972339644018), (10.205537478196016, 53.48941927402234, 50.32100414016962), (10.205496534963066, 53.48939948901305, 50.322662294864884), (10.205455541263676, 53.48937966386237, 50.32758151939288), (10.205414539037534, 53.4893599428941, 50.33150245223913), (10.205373435049818, 53.489340244712764, 50.32846682011085), (10.205332348635794, 53.48932060014062, 50.3246027154289), (10.205291101029653, 53.489300974266634, 50.32154202380478), (10.205249828205666, 53.489281439175514, 50.32127195252123), (10.205208581179088, 53.48926177925369, 50.32258755454463), (10.20516722773237, 53.489242232371936, 50.321549774805476), (10.205125861511233, 53.48922276450946, 50.319449812199174), (10.205084413127834, 53.489203364557206, 50.319340740393066), (10.20504288250733, 53.4891839662012, 50.317095143866645), (10.205001192804305, 53.4891646850779, 50.31484968605127), (10.204959567928091, 53.48914542727286, 50.31537013717844), (10.204917808153237, 53.489126239266675, 50.31457180917601), (10.204876027027446, 53.489107093825474, 50.31571550527834), (10.204834126804299, 53.48908794474647, 50.31276084923369), (10.20479210461149, 53.48906897954918, 50.311722585863414), (10.204750034547887, 53.489050068116526, 50.314812382139536), (10.204707924675429, 53.48903108870932, 50.31492212455722), (10.204665791562087, 53.489012235049685, 50.31719888391968), (10.20462349605244, 53.48899344966305, 50.31709961844247), (10.204581173467902, 53.48897471728581, 50.316469841816456), (10.20453873841916, 53.48895598826826, 50.319621202754476), (10.204496337510866, 53.488937432790756, 50.31934327984973), (10.204453737660963, 53.48891890033266, 50.321605957934054), (10.204410996561224, 53.48890044776043, 50.322136184800094), (10.204368278994618, 53.48888205972017, 50.32070888248939), (10.204325408531902, 53.488863676042754, 50.32154071644835), (10.204282604381474, 53.48884549901624, 50.32192049098772), (10.204239562855895, 53.488827311700334, 50.32294930069415), (10.204196390732177, 53.48880905047305, 50.32721160407594), (10.204153203139608, 53.48879101755903, 50.32920351656894), (10.204109938543864, 53.48877305762608, 50.3272064442037), (10.204066532609215, 53.48875529684673, 50.32422715954992), (10.204023286020648, 53.48873749332659, 50.32730619234475), (10.203979728802434, 53.48871973405236, 50.32860920878622), (10.203936103083205, 53.48870199705847, 50.329691473059405), (10.203892530444065, 53.48868443800492, 50.32804334842531), (10.203848734605478, 53.48866687696287, 50.326860608926715), (10.203805222107265, 53.48864942968264, 50.336144257580564), (10.20376127509229, 53.48863193271289, 50.3349127271522), (10.2037172939265, 53.4886144980942, 50.33013405735154), (10.203673256142274, 53.4885971619985, 50.3314476386397), (10.20362920653289, 53.488579914450995, 50.329801143876956), (10.203584984238299, 53.48856274016215, 50.32980513564148), (10.203540724417577, 53.48854564788479, 50.32966274512644), (10.203496362641674, 53.488528642019716, 50.33243213404694), (10.203451905117063, 53.48851171028176, 50.332593939100455), (10.203407455524195, 53.48849484346271, 50.33253126161895), (10.203362842316604, 53.488478070044096, 50.33186747119422), (10.203318101335833, 53.48846137842412, 50.32757646641776), (10.203273461902297, 53.48844473899635, 50.328690995392506), (10.203228634559553, 53.48842814066246, 50.33173897754279), (10.203183869889488, 53.48841167999898, 50.331186519711935), (10.203138829013557, 53.488395244012175, 50.32635245741055), (10.203093754593914, 53.488378877544974, 50.3275688342343), (10.203048739492635, 53.488362641419194, 50.325825274145565), (10.203003643949899, 53.48834643696095, 50.32308995852334), (10.202958235803614, 53.48833025907458, 50.32651289670082), (10.202913018965624, 53.488314169789135, 50.32695064195665), (10.202867545539263, 53.48829818750481, 50.32988352153758), (10.202822239186753, 53.48828227222333, 50.33456221185666), (10.202776581589438, 53.48826643596384, 50.32753963957325), (10.20273095800071, 53.48825064771892, 50.32825330868974), (10.202685254852152, 53.488234948846284, 50.32983523044289), (10.202639524301606, 53.4882193947371, 50.33257416301599), (10.20259368873254, 53.488203823535756, 50.33291826118001), (10.20254785660053, 53.48818833448548, 50.33170768143414), (10.202501844447156, 53.488172945937535, 50.32606411406075), (10.202455805937584, 53.4881576134035, 50.32707384927047), (10.20240970798743, 53.488142364288734, 50.32977424947589), (10.202363594670674, 53.4881271588561, 50.32680656609075), (10.202317106676285, 53.48811210102309, 50.3270852024393), (10.202270817003768, 53.48809711108805, 50.336060972139876), (10.20222438062158, 53.488082172063834, 50.329477061956766), (10.202177970474484, 53.48806728997252, 50.33229167573921), (10.202131592382832, 53.48805247828329, 50.33408322638984), (10.202084831143901, 53.48803770163329, 50.3405570747956), (10.20203823911335, 53.488022977526, 50.34520921267036), (10.201991446566927, 53.48800844705594, 50.34403090030538), (10.201944654668472, 53.48799398170584, 50.34478789253607), (10.201897820506794, 53.48797954174737, 50.34160123058218), (10.201851022622451, 53.487965313315044, 50.340965408942324), (10.201803986608414, 53.487951103696076, 50.34448139752649), (10.201756879340552, 53.48793678968534, 50.33433770730878), (10.20170976566376, 53.48792268598974, 50.3285457954358), (10.201662626462914, 53.48790865422219, 50.3239925744933), (10.201615300405223, 53.48789466369323, 50.32289887006903), (10.20156797442662, 53.487880788004595, 50.31948794426331), (10.20152076129794, 53.48786708912784, 50.31557803840185), (10.2014730860494, 53.48785322187438, 50.31206044501659), (10.201425735294492, 53.48783957546228, 50.313495333429074), (10.20137822003173, 53.48782599897758, 50.31203968356876), (10.20133074336474, 53.48781255546962, 50.3158526842598), (10.201283119262374, 53.48779913738901, 50.313338028374694), (10.20123529867972, 53.48778572552123, 50.31258940715892), (10.201187522342279, 53.48777245019887, 50.31404667326832), (10.20113959709419, 53.487759208967496, 50.31271564829891), (10.201091744153349, 53.48774611341139, 50.316668510873654), (10.201043819509907, 53.48773300063547, 50.318546657390044), (10.20099567845705, 53.48772004641267, 50.31737518674807), (10.200947712376173, 53.48770716226971, 50.31945165477953), (10.200899619981483, 53.48769433261621, 50.32116315838807), (10.20085135463447, 53.48768157792523, 50.32290442278723), (10.200803154194137, 53.48766891464018, 50.32336216824989), (10.200754797587711, 53.48765627007764, 50.321820238670036), (10.200706519638171, 53.48764377328516, 50.31846022125123), (10.200658042804964, 53.48763134325488, 50.316346174920675), (10.20060955382205, 53.487618953830705, 50.320536250901874), (10.200560925287148, 53.48760663465797, 50.31676241804399), (10.200526162480902, 53.48759792053348, 50.31749120618907), (10.20049142764002, 53.48758924662731, 50.31313203166999), (10.20045665343542, 53.4875805734982, 50.31104332626695), (10.20042182708666, 53.487571947307714, 50.31233272691453), (10.200387049508699, 53.48756338871752, 50.306262326688596), (10.200352121872688, 53.48755482356145, 50.30936488404413), (10.200317375752947, 53.48754635488244, 50.30567765387184), (10.200282452639408, 53.487537954368825, 50.30356445144861), (10.200247660195819, 53.487529521668435, 50.296409923816455), (10.200212541140885, 53.48752116995343, 50.29295423579657), (10.200177668565042, 53.48751284520258, 50.290185699502025), (10.20014266075646, 53.48750452753435, 50.28603607878155), (10.200107566177044, 53.48749628937873, 50.283961940349585), (10.200072523329395, 53.48748808409986, 50.274278436986144), (10.200037429471472, 53.48747990371974, 50.27099793534452), (10.200002386096521, 53.48747177153839, 50.26311716769964), (10.19996731575281, 53.487463699843396, 50.2573102968093), (10.199932090021056, 53.48745564484331, 50.25497302070823), (10.199896827549349, 53.487447634637974, 50.247103111447906), (10.19986184404154, 53.48743970386436, 50.24128201709816), (10.199826572526517, 53.48743178513176, 50.23271638755398), (10.199791314166536, 53.48742387618977, 50.22899072729383), (10.199756031639511, 53.48741602839764, 50.220422246786775), (10.199720730139374, 53.487408271831825, 50.21784761211394), (10.199685378731488, 53.48740045676501, 50.20816522358083), (10.199649973845897, 53.48739272931185, 50.20332432380755), (10.199614642215755, 53.48738510447618, 50.199864354419404), (10.199579304901116, 53.48737744517213, 50.19294662292703), (10.199543833392926, 53.48736984219665, 50.190180468442925), (10.199508380034832, 53.487362276444294, 50.182572078772026), (10.199472937047288, 53.48735475621517, 50.176764972677034), (10.199437347867573, 53.4873472658583, 50.169420501503176), (10.199401847769991, 53.48733983399422, 50.16415656413875), (10.199366334188523, 53.487332452043375, 50.15543513875569), (10.199330679159072, 53.48732511263209, 50.153624923350925), (10.19929527702257, 53.48731782260964, 50.14759782426232), (10.19925964990661, 53.48731054741827, 50.13775861780099), (10.199223924543633, 53.487303277918045, 50.12929247745672), (10.199188178562645, 53.487296056801654, 50.125668719059256), (10.199152625749399, 53.48728890697312, 50.123411895033094), (10.199116887928131, 53.48728179959422, 50.11582234801167), (10.19908108011379, 53.48727474326405, 50.111659216245144), (10.199045400597749, 53.48726771287517, 50.10409356809509), (10.199009639408212, 53.48726069040883, 50.09994584142341), (10.198973757292308, 53.48725372499274, 50.09320043086667), (10.198937944533354, 53.4872468463436, 50.08391274143852), (10.198902088366678, 53.487239992760166, 50.0797583169567), (10.198866234953528, 53.48723317860097, 50.0716537178093), (10.198830262355477, 53.48722639838128, 50.06584275631876), (10.198794302280808, 53.4872196611837, 50.05574753541157), (10.198758448479254, 53.487212966372205, 50.0505253983844), (10.198722001433332, 53.48720623374455, 50.045108614793186), (10.19868596225035, 53.48719960491413, 50.03789550618676), (10.198649923168034, 53.487193015113135, 50.03484180633806), (10.19861384774995, 53.48718649010581, 50.027973812412554), (10.198577774561436, 53.48718000149416, 50.019053425892245), (10.198541713189194, 53.487173536734566, 50.01337136478899), (10.198505612553049, 53.48716713427091, 50.00722594191288), (10.198469651650564, 53.487160807777975, 50.00067919709513), (10.198433566907216, 53.48715446105258, 49.99091627114998), (10.198397385545508, 53.48714817109097, 49.98575876792791), (10.198361154764447, 53.48714192908334, 49.98153185908665), (10.198325029421504, 53.48713573041066, 49.977187464589946), (10.198288766928934, 53.48712952804729, 49.970858859712784), (10.198252536645734, 53.48712339578917, 49.96500329073718), (10.198216245734638, 53.4871173525911, 49.957297362403175), (10.198180326945199, 53.48711137198229, 49.95156974635643), (10.198143817789289, 53.48710533064621, 49.94457620072268), (10.198107511157454, 53.48709936866278, 49.93948415566271), (10.198071110513924, 53.487093469095605, 49.93114344090676), (10.198034838860035, 53.48708761126713, 49.92469260890814), (10.197998464028132, 53.487081767239644, 49.91609839831953), (10.197961918766454, 53.487075952676236, 49.909992271130754), (10.197925547283303, 53.48707019492895, 49.90298036495365), (10.197888795786087, 53.487064436359, 49.89592890676616), (10.19785249111881, 53.48705881937419, 49.889395005942404), (10.197816347100444, 53.48705325330639, 49.88173510975435), (10.1977799240943, 53.48704766939982, 49.87442863711237), (10.197743397851177, 53.4870421469483, 49.86664109368312), (10.197706883987172, 53.487036651973284, 49.85510901870098), (10.19767032953713, 53.48703119544899, 49.84776992762173), (10.197633835713617, 53.48702581168327, 49.837209053135645), (10.197597198995506, 53.48702042294468, 49.831705186725706), (10.197560562511715, 53.487015075326774, 49.825979371763154), (10.1975241837401, 53.48700983667221, 49.8219056106303), (10.1974874854001, 53.487004548635426, 49.81483980366364), (10.197450788637388, 53.486999303174166, 49.80953197214086), (10.197414282820494, 53.4869941736525, 49.79948572233382), (10.197377651858949, 53.486989059841214, 49.796180638459745), (10.19734087388001, 53.48698396706387, 49.787376185260904), (10.197304140790132, 53.4869789370379, 49.7812345118759), (10.197267455400931, 53.486973910782446, 49.77546778270761), (10.197230563085117, 53.48696895929067, 49.768462533228885), (10.19719418599688, 53.4869641247086, 49.763907464835576), (10.1971573253144, 53.48695925843393, 49.75803854549562), (10.197120550284087, 53.486954408593164, 49.7521600092728), (10.197083720145692, 53.486949636243686, 49.74538068473021), (10.197046909546856, 53.4869448709082, 49.74102897356793), (10.1970101325679, 53.486940197681754, 49.732570255269835), (10.196973305917407, 53.48693551793283, 49.72430728611995), (10.19693639449902, 53.4869308800376, 49.71789509681281), (10.196899576716305, 53.486926313567565, 49.712627262129736), (10.196862693893056, 53.486921746207756, 49.703741306578195), (10.196825736602962, 53.48691727097146, 49.6943098641213), (10.196788820782702, 53.486912866174364, 49.69023205355249), (10.196751935587223, 53.48690848643457, 49.68205879446954), (10.196715089940383, 53.486904123726134, 49.67568271306656), (10.196678207338216, 53.486899789328426, 49.67092876046868), (10.196640616354605, 53.486895476045774, 49.66348460244107), (10.196604693451022, 53.486891378839694, 49.65697520030854), (10.196567639752253, 53.48688718522891, 49.64957160552413), (10.196530537871185, 53.486883023443, 49.645281176856905), (10.196493609293398, 53.486878922471924, 49.63962204119213), (10.196456248394659, 53.486874842467586, 49.6321735364338), (10.196419216269046, 53.48687082240842, 49.62500033959118), (10.196382061137147, 53.48686681313136, 49.61889210746697), (10.196345067143069, 53.48686289924854, 49.61039061651333), (10.19630755273857, 53.48685894842006, 49.60125127317892), (10.196270595406387, 53.486855132452604, 49.595925382370226), (10.196233333096485, 53.48685131781941, 49.59067032492384), (10.196196035537689, 53.48684757061558, 49.58616056858376), (10.196158884626705, 53.48684383673933, 49.58175679287738), (10.19612168351932, 53.48684013100161, 49.57530947514189), (10.196084813581738, 53.48683650378327, 49.56714144013997), (10.196047191724952, 53.48683287338919, 49.560934036210895), (10.1960101126367, 53.48682933118876, 49.553708471262794), (10.195972979111742, 53.48682583079725, 49.55071100761814), (10.195935190264244, 53.48682233588791, 49.54483122540511), (10.195898070496698, 53.48681889486685, 49.53831627814485), (10.195861095929603, 53.48681551777364, 49.53047544119808), (10.195836247002378, 53.486907439890146, 49.53978810571416), (10.195873507485413, 53.486910836516614, 49.548263308375475), (10.195910746334219, 53.48691422207179, 49.550315976014865), (10.195947674887524, 53.486917666022336, 49.55824146945334), (10.195984476625563, 53.486921135799236, 49.565188663405564), (10.196021733832735, 53.48692470265081, 49.57152884915366), (10.196058922275174, 53.48692827480492, 49.57773169894106), (10.196095954247818, 53.4869318810329, 49.58264815027398), (10.196133099075901, 53.48693556684735, 49.58900991973757), (10.19617044324076, 53.4869392956446, 49.59271219756635), (10.196207305637458, 53.48694303133161, 49.5958494443569), (10.196244419478157, 53.48694684796183, 49.602523104392176), (10.196281648759584, 53.48695070318455, 49.610626055657775), (10.196317203285242, 53.4869544348561, 49.618352675701665), (10.196354305732648, 53.48695835206184, 49.625117508061805), (10.196391431803264, 53.48696233134273, 49.63289355266027), (10.196428475276788, 53.486966328204765, 49.638197243925696), (10.196464775371807, 53.486970298274755, 49.64390602247888), (10.19650177590582, 53.486974418651904, 49.653457374245455), (10.196538822856539, 53.48697858063702, 49.65846857023384), (10.196575931687242, 53.48698277039074, 49.66242767055851), (10.19661286568224, 53.48698700363819, 49.66817049667622), (10.19664983394192, 53.48699128880417, 49.67684349574622), (10.196686779881203, 53.486995618997916, 49.68373043436917), (10.196723764024357, 53.486999976563496, 49.688857763893104), (10.196760809556556, 53.487004410572986, 49.69359719804775), (10.19679751175554, 53.4870088529116, 49.70209467757395), (10.196834397224368, 53.48701334975355, 49.70863916749365), (10.196871307711389, 53.48701787766927, 49.712491292740914), (10.196908267731322, 53.487022478818766, 49.719197574887545), (10.19694493812139, 53.4870270864903, 49.7246833669817), (10.196981861772176, 53.487031767269, 49.73284261161636), (10.197018665603496, 53.4870364766013, 49.735976791741585), (10.197055626570918, 53.48704124238828, 49.74086230365577), (10.197092298039593, 53.48704604231155, 49.749141886771774), (10.197128782490179, 53.48705084966943, 49.75437902752518), (10.197165811641764, 53.48705576708867, 49.75709696536773), (10.197202640124528, 53.48706067928739, 49.76550438073019), (10.197239406860797, 53.48706563149999, 49.77106038470412), (10.197275981525433, 53.4870706142741, 49.780139913095475), (10.197312721665803, 53.487075687519166, 49.783401609307994), (10.197349208075744, 53.487080760406634, 49.787466707323794), (10.1973860362089, 53.487085916821115, 49.79550804736059), (10.1974226390996, 53.48709106777649, 49.80118377453651), (10.19745925458383, 53.48709624986159, 49.80797747630844), (10.197495866394995, 53.48710150127439, 49.81399849319356), (10.19753239290693, 53.48710678336643, 49.82242360404397), (10.1975689473759, 53.48711215862513, 49.826079913870075), (10.197605551887063, 53.48711753490516, 49.83210320563062), (10.197642103820415, 53.487122935129854, 49.84281658241008), (10.197678749494042, 53.487128435255535, 49.85013785446173), (10.197715211127639, 53.487133919446876, 49.854625236862574), (10.197751619319307, 53.487139449587815, 49.86341104121771), (10.197788260856761, 53.48714507539636, 49.86665164612792), (10.19782462788454, 53.48715067271787, 49.876505942298344), (10.197861067160702, 53.48715635544629, 49.88220685560694), (10.197897537344272, 53.487162071605006, 49.88679376923184), (10.197933745477266, 53.487167808250334, 49.89116693635401), (10.197970089664514, 53.48717362028066, 49.896665460667094), (10.19800636523891, 53.48717940857946, 49.902210843011), (10.198042798358852, 53.487185341795936, 49.90754136193713), (10.198079189867808, 53.48719127158626, 49.914578081990264), (10.198115337909424, 53.48719719801474, 49.9186913906904), (10.19815163217129, 53.48720321894549, 49.92541180249511), (10.19818788523839, 53.487209268836544, 49.9353568198391), (10.198224048165393, 53.487215356555744, 49.941736070055576), (10.198260467803781, 53.48722152688009, 49.946658533338216), (10.19829666643033, 53.48722767098963, 49.95272395513399), (10.198332940257927, 53.48723390134836, 49.96319245871405), (10.198369107716397, 53.48724017305474, 49.96584090410591), (10.198405148159292, 53.487246461667475, 49.97450063052635), (10.198441262263874, 53.48725279275979, 49.98100104325574), (10.198477192220643, 53.487259162149215, 49.98739190004958), (10.198513231230491, 53.4872655903296, 49.993992997349245), (10.198549419641983, 53.48727209068026, 49.99705997903091), (10.198585498630184, 53.48727863729156, 50.00751875015877), (10.198621368662812, 53.487285166651304, 50.01168079629033), (10.198657476119054, 53.48729181934366, 50.01317836863287), (10.198693651884561, 53.487298503811154, 50.019893872033784), (10.198729436629423, 53.48730515484759, 50.023504126150456), (10.198765496613772, 53.48731192447194, 50.030323044471096), (10.198801369948086, 53.48731867839994, 50.041453340655394), (10.198837392566775, 53.48732552301376, 50.04546828124335), (10.198873124032628, 53.487332333101186, 50.05165190463848), (10.198909004091055, 53.48733923265392, 50.0550859876155), (10.19894480151608, 53.48734617352957, 50.06221443958881), (10.198980626397152, 53.4873531447706, 50.06539171178231), (10.199016444901334, 53.487360154302415, 50.07166033921083), (10.19905213762044, 53.487367191622226, 50.07770903325043), (10.199087862286534, 53.48737430519452, 50.08292720666218), (10.19912358141767, 53.48738145190226, 50.09086193269667), (10.199159220655398, 53.48738860887776, 50.09488632786627), (10.199194911234398, 53.48739580901342, 50.10115798578047), (10.19923048781804, 53.48740305909706, 50.108755017221156), (10.199266129179836, 53.48741039778064, 50.11271825667961), (10.199301677010443, 53.4874177343732, 50.123892828590925), (10.19933726133423, 53.48742511969232, 50.125915781455504), (10.199372767607128, 53.487432531331585, 50.130573109877155), (10.199408315544856, 53.48744002063346, 50.136133221671415), (10.199443794568717, 53.48744751619877, 50.14248673815401), (10.19947921160985, 53.4874551000034, 50.152851420302234), (10.199514541544419, 53.487462670257365, 50.157717019319534), (10.1995500522859, 53.48747030021497, 50.16133487224577), (10.19958547094064, 53.48747797935251, 50.168570592999444), (10.199620788656798, 53.4874856872215, 50.176538381074586), (10.199656114834811, 53.48749344701839, 50.18104057495829), (10.199691455950017, 53.4875012361511, 50.18826967335848), (10.199726816325748, 53.48750907138312, 50.19561373976562), (10.199762023214683, 53.48751692021257, 50.20516091728882), (10.199797312188537, 53.48752484816387, 50.21291863561768), (10.199832532237876, 53.487532804096745, 50.21885983964809), (10.199867706992146, 53.48754078590292, 50.22019768584426), (10.199903017439643, 53.487548858265384, 50.22991826543816), (10.199937916477346, 53.487556888798345, 50.233280684288744), (10.199973171132552, 53.48756500938475, 50.24586331453752), (10.200008203268101, 53.48757314353111, 50.24590023143196), (10.200043310065144, 53.48758136484622, 50.255008512071456), (10.20007830363173, 53.487589592093606, 50.260904295248956), (10.200113313386192, 53.48759787704007, 50.26419409869947), (10.200148312538701, 53.48760617695668, 50.272006174320616), (10.200183192469881, 53.48761454498403, 50.277614576322094), (10.200218138284235, 53.48762293984451, 50.279818963038345), (10.200253021793976, 53.487631354727846, 50.28563530012786), (10.200287874828147, 53.4876398408175, 50.289488047941006), (10.200322700537539, 53.48764837558967, 50.29271330732557), (10.200357399737355, 53.48765690565488, 50.29322355308333), (10.200392249055305, 53.48766555203965, 50.29854436473113), (10.200427001966682, 53.48767420791022, 50.29716080173775), (10.20046167538386, 53.4876829012343, 50.298298336676545), (10.200496419105384, 53.48769165299928, 50.29903917326619), (10.200531116096673, 53.48770041937493, 50.2970731638061), (10.200579746827472, 53.48771281082263, 50.30277623071785), (10.200628127556133, 53.487725274127015, 50.30258723774882), (10.200676483719443, 53.48773780645125, 50.30360855276397), (10.200724717664741, 53.487750464986455, 50.303302998072546), (10.200772946287637, 53.487763212297615, 50.304408470220764), (10.200821022293379, 53.48777603325093, 50.304111997105956), (10.200869095095992, 53.48778901442104, 50.30456350069674), (10.20091691776688, 53.48780202456854, 50.3057787082778), (10.200964852053966, 53.48781519498905, 50.30892323811672), (10.201012692082159, 53.48782843731522, 50.309952976663354), (10.201060196365, 53.487841741258904, 50.30748870265279), (10.201108177237707, 53.487855263336115, 50.312414809316586), (10.201155664931147, 53.4878687668118, 50.316597934125), (10.201202947576094, 53.487882311100336, 50.31932103807004), (10.201250407506535, 53.487896049805485, 50.31991760944407), (10.2012978974714, 53.48790993228961, 50.3176990482865), (10.201344933086379, 53.487923807624796, 50.31945284695417), (10.201392261105273, 53.48793786407668, 50.32282637120238), (10.201439429961074, 53.48795195765539, 50.32266663445234), (10.201486405630673, 53.4879661279035, 50.326744214198605), (10.201533370930571, 53.48798040705694, 50.32791535772087), (10.201580434972042, 53.4879948556737, 50.33327913504875), (10.201627076008146, 53.488009266523434, 50.33369479431737), (10.201673808909371, 53.48802387734542, 50.334818733198574), (10.201720498825154, 53.48803853921404, 50.33594268659876), (10.201766942427199, 53.488053247377636, 50.33465642096689), (10.201813401980642, 53.48806811342896, 50.34163769093542), (10.201859833272987, 53.48808306410098, 50.345801712433705), (10.201906058268793, 53.488098060261656, 50.34714528757489), (10.201952332331253, 53.4881131929531, 50.34680557794176), (10.201998518618185, 53.48812843450541, 50.34646579388071), (10.202019370949557, 53.48813534386452, 50.345574962359066), (10.202044424422962, 53.48814364525195, 50.344504654416276), (10.202090293355454, 53.48815914288322, 50.339629687008156), (10.202136299923179, 53.48817480986224, 50.336134095122205), (10.202182097402927, 53.488190392070464, 50.33283229044784), (10.202227313632704, 53.48820593910696, 50.32709834958041), (10.202272885662394, 53.48822178637471, 50.31248967179778), (10.20231832751582, 53.48823768829458, 50.30349110066891), (10.202363746077852, 53.48825363352376, 50.29884093999863), (10.20240920342155, 53.488269670162786, 50.30349110066891), (10.202454455819895, 53.488285770371334, 50.30349110066891), (10.202499674427735, 53.488301975208316, 50.30349110066891), (10.202544774863046, 53.48831820319229, 50.31477135107368), (10.202589789889181, 53.488334528551405, 50.310229940395914), (10.202615671112232, 53.48834399519233, 50.31833311655417), (10.202634787932231, 53.4883509586145, 50.307916971749655), (10.202679628645996, 53.48836749601009, 50.312607260095625), (10.20272433989034, 53.48838407621904, 50.31373719347536), (10.202769044725128, 53.48840072103563, 50.30873557358173), (10.20281375964122, 53.488417452230266, 50.31152209579692), (10.202858374482208, 53.48843409341206, 50.31485209936243), (10.202902953426221, 53.488450897016655, 50.31189840103321), (10.202947459069676, 53.48846780330371, 50.31583519103218), (10.202991924996605, 53.48848479666869, 50.32474938493749), (10.203036270811806, 53.48850190206773, 50.324916955318216), (10.20308029812286, 53.48851898083083, 50.32125967922571), (10.20312448103279, 53.48853616565137, 50.31667770734485), (10.203168557294891, 53.48855345759035, 50.33287103962158), (10.203212485513541, 53.488570821853344, 50.3300165752511), (10.203256349706633, 53.48858830990243, 50.334091621828065), (10.203300038362146, 53.4886058109095, 50.33681031200031), (10.203343668519642, 53.48862344383671, 50.33345785856972), (10.203387373527383, 53.488641061904026, 50.326268562017425), (10.203430826969116, 53.48865882015541, 50.33435391684984), (10.203474383058694, 53.48867670771389, 50.3376920780135), (10.203517660542925, 53.48869462526843, 50.34537820831012), (10.20356064942611, 53.488712582046524, 50.34054823276634), (10.203589370542103, 53.48872456988747, 50.342026969821084), (10.20360386384322, 53.48873061920806, 50.342773172453235), (10.203646947077189, 53.4887486849191, 50.350681358977866), (10.203697908227285, 53.48877032995126, 50.37227227843143), (10.203734837127715, 53.48878616541469, 50.38196014240404), (10.203771664216319, 53.488801944516766, 50.39090122214106), (10.203808108579912, 53.488817700055, 50.39463135493972), (10.203844816363313, 53.4888335280534, 50.39976199930484), (10.203881672098301, 53.48884954165739, 50.404716608106995), (10.203917872613738, 53.48886539244608, 50.39029370133413), (10.203953926498317, 53.48888120723858, 50.3838930993884), (10.20399072872393, 53.488897526903315, 50.372800503012506), (10.20402673331625, 53.48891356064327, 50.37057565124493), (10.204099029149132, 53.48894597041045, 50.369453899845716), (10.204135154705854, 53.48896213392966, 50.35411666888914), (10.20548398699861, 53.48924606604602, 50.42134618922808), (10.20544241846711, 53.489226759955145, 50.418337893484264), (10.205400760853236, 53.48920741096245, 50.41637132767549), (10.205358847132743, 53.48918808590227, 50.42285081058115), (10.205317083596922, 53.48916887995365, 50.41939660703811), (10.205275165841334, 53.48914976976951, 50.42092377463313), (10.205233335732824, 53.48913063111681, 50.4220227855117), (10.205191299563035, 53.48911153824997, 50.42568624230319), (10.205149409512565, 53.48909250150686, 50.43090674623092), (10.205107306954917, 53.489073559516584, 50.43345746381219), (10.205065175477136, 53.48905456898108, 50.42964572174954), (10.205022992408297, 53.489035733709365, 50.43325845032184), (10.204980683169715, 53.48901693150431, 50.435848801529026), (10.204938439925513, 53.488998125181496, 50.435384765717345), (10.204895822711332, 53.48897941366148, 50.44420128158677), (10.204853355944637, 53.48896079107594, 50.448730967595), (10.20481076323339, 53.48894222514336, 50.449221841666215), (10.204768049833637, 53.48892367052942, 50.45264126131593), (10.204725490550896, 53.488905078813154, 50.45664753386923), (10.204682757935469, 53.48888660197407, 50.46773899356986), (10.204639936431557, 53.488868235019766, 50.469591463493536), (10.204596945741, 53.48885008908949, 50.46770960786142), (10.20455384042548, 53.4888316217605, 50.4644439988339), (10.204510828632195, 53.48881364523905, 50.46866339236792), (10.204468074866487, 53.48879533785775, 50.46523791957227), (10.204424599569636, 53.488777475416796, 50.474460312224494), (10.204381317206975, 53.4887595127449, 50.47776260407261), (10.204337731806207, 53.48874154510381, 50.48125915852893), (10.204294422733495, 53.48872369417032, 50.48195852480968), (10.20425088509582, 53.48870586558043, 50.48247045366098), (10.204207161362682, 53.48868823158789, 50.481410662384405), (10.204163464717142, 53.48867051548678, 50.4799924898683), (10.204119692777768, 53.488652989527765, 50.47898902210254), (10.204075849642205, 53.488635480950656, 50.482201549552585), (10.204031820522035, 53.48861810026815, 50.481393140144924), (10.203988034052712, 53.488600572970626, 50.48376873652825), (10.203943974740433, 53.488583352170444, 50.48694050879309), (10.203899756694504, 53.48856605543976, 50.485842459346486), (10.203855583695843, 53.48854892071362, 50.48628247298515), (10.203811335563916, 53.488531811715625, 50.49182137323065), (10.203766888470136, 53.488514749309545, 50.48881723660927), (10.203722569368816, 53.48849778532647, 50.48510553923477), (10.203677969260113, 53.4884808981896, 50.49699925086346), (10.203633272469625, 53.4884640647985, 50.488751046750885), (10.203588619905481, 53.488447315121135, 50.48687461705122), (10.203544090327044, 53.48843067742624, 50.48913219452428), (10.203499219962993, 53.488414042993725, 50.491830662072154), (10.20345444697302, 53.48839745831358, 50.48688395771129), (10.203409444757908, 53.48838100433329, 50.4857595208405), (10.203364353226233, 53.488364496389046, 50.482022595407166), (10.203319269295397, 53.48834811988768, 50.48266589311757), (10.203273962040821, 53.48833184339162, 50.492406507323544), (10.203228895899692, 53.488315705569036, 50.49845714310089), (10.203183788954135, 53.48829962964005, 50.49240981650949), (10.20313790123105, 53.488283485454374, 50.480032397499855), (10.203092815667723, 53.488267580076894, 50.4829190219581), (10.203047192030533, 53.48825157380999, 50.4894299594335), (10.203001610146059, 53.488235712336845, 50.48897924009869), (10.202955947569246, 53.48821997322292, 50.48851085739165), (10.202910218654141, 53.48820427900582, 50.486067312546325), (10.202864415167403, 53.48818867829044, 50.49026609997421), (10.202818497796844, 53.48817306605475, 50.48337621363497), (10.202772580137406, 53.48815762700626, 50.486304697335136), (10.20272655673629, 53.48814221221494, 50.49599096155336), (10.20268055689398, 53.488126968761094, 50.49546426808518), (10.202634341192976, 53.48811168475056, 50.490766062988044), (10.202588066460223, 53.48809647105972, 50.495425051819254), (10.202541833088251, 53.488081346199024, 50.490622235813845), (10.202495245202735, 53.48806631351865, 50.495648495078775), (10.202448901122949, 53.48805129431442, 50.491826567408204), (10.202402680931307, 53.48803648548915, 50.49659757538832), (10.202356044876028, 53.48802162917068, 50.489920347391795), (10.202309293328813, 53.48800690232598, 50.4906430616943), (10.202263912901305, 53.48799259904755, 50.478203100854294), (10.20221713242665, 53.48797795690485, 50.48084966084841), (10.20217020859351, 53.4879633612156, 50.482052979289115), (10.202123190271475, 53.48794887669282, 50.481255108097365), (10.20207636206014, 53.4879345512682, 50.478549977618705), (10.202029421207682, 53.48792014799816, 50.47764249911236), (10.201982294214556, 53.48790591394003, 50.480196778086636), (10.201935222939568, 53.4878917939772, 50.48154916389966), (10.201888000788832, 53.48787764014195, 50.48674783296093), (10.201840813498505, 53.487863608123824, 50.47817336495878), (10.201793544731947, 53.48784965485984, 50.48594497069893), (10.201746254760371, 53.48783574576386, 50.4812421027475), (10.201698796900262, 53.48782192308761, 50.481675604300946), (10.201651261558395, 53.487808196381344, 50.480402370873215), (10.201603775305268, 53.48779454078734, 50.49501101735909), (10.201556216927996, 53.48778088593072, 50.47799293333365), (10.201508536312451, 53.487767363228556, 50.4750469578286), (10.201460781231505, 53.487753937301434, 50.479307183368), (10.201413074083487, 53.48774055931876, 50.4689861869027), (10.201365254523102, 53.48772734165638, 50.470689295267896), (10.201317124334176, 53.48771403502448, 50.4792770276365), (10.201269307089017, 53.48770098373277, 50.492483079512134), (10.201221242147875, 53.48768781225438, 50.47611209781125), (10.201173265483064, 53.48767485007852, 50.47377812427222), (10.201125168204252, 53.48766184389727, 50.47143166778463), (10.201076947613128, 53.48764909733032, 50.47433210834169), (10.201028791338153, 53.48763623672539, 50.46939561144411), (10.200980543763254, 53.48762361227346, 50.469921425808444), (10.200932115013895, 53.48761103680083, 50.45914002001519), (10.200883849690841, 53.487598369888765, 50.47597157547934), (10.200835378661278, 53.487585895157736, 50.46764774071253), (10.20078684779752, 53.487573471288925, 50.46658071905328), (10.20073829265228, 53.48756110002698, 50.46325697798497), (10.200689753772231, 53.48754881190433, 50.46102994680406), (10.20064110082078, 53.48753666038875, 50.458279063178495), (10.20059227354757, 53.48752452999057, 50.46321451663971), (10.200557438578056, 53.487515961267036, 50.462948219655544), (10.200522580338271, 53.487507368499635, 50.459138156597845), (10.200487646542335, 53.48749884175878, 50.466052613371104), (10.200452721012534, 53.48749043631759, 50.46554387006977), (10.200417806593382, 53.48748194446731, 50.45152013386413), (10.200382817446298, 53.48747355073558, 50.455806272371), (10.200347890248612, 53.48746520359885, 50.445070215664494), (10.200312907278951, 53.48745692086945, 50.44580881143756), (10.200277738077725, 53.48744856674523, 50.43777812028866), (10.200242640876766, 53.487440390939135, 50.43501145805755), (10.20020754844279, 53.487432149885805, 50.42536013221052), (10.20017242762676, 53.48742400067499, 50.4235250954263), (10.200137311120582, 53.48741591717901, 50.420070385789465), (10.20010213835956, 53.48740780976255, 50.4108553979446), (10.200066952871234, 53.487399773217156, 50.408488163796264), (10.200031782520378, 53.48739172453321, 50.40756497529813), (10.19999655196426, 53.487383805680295, 50.39402262688807), (10.199961327629056, 53.48737584404206, 50.39309978177832), (10.199925911747542, 53.48736794501118, 50.37865353387332), (10.199890642079309, 53.4873601153139, 50.373738342521506), (10.19985529179331, 53.48735228982417, 50.36652071570449), (10.199819910481853, 53.48734456206753, 50.36379122668681), (10.199784544607022, 53.487336791422706, 50.355936119301155), (10.199749103961606, 53.48732916922641, 50.35267357154414), (10.199713702685683, 53.487321494790024, 50.34110914434002), (10.199678226165496, 53.48731385540286, 50.33441656135466), (10.199642618052442, 53.48730627435419, 50.33018462611866), (10.199607230626123, 53.487298720407956, 50.32321702021757), (10.199571633064531, 53.487291253615936, 50.32310692142761), (10.199535947663433, 53.48728378341301, 50.315425269064654), (10.1995004136099, 53.487276387675486, 50.30624524781727), (10.199464932854813, 53.48726898100233, 50.30166084281469), (10.19942923619062, 53.48726170489656, 50.294681453653375), (10.199393571397405, 53.487254375507845, 50.2944489680459), (10.199358046985113, 53.48724714046486, 50.27932195717063), (10.199322247457681, 53.48723991102609, 50.27777383003301), (10.199286684758421, 53.487232708395084, 50.27489947255918), (10.199250842003153, 53.487225547345055, 50.26854897759497), (10.199215026209796, 53.48721850453098, 50.27148670652059), (10.199179221828523, 53.48721143424141, 50.25389399216438), (10.199143413945887, 53.487204395803246, 50.24777851584008), (10.199107624098737, 53.48719739589574, 50.24000666075437), (10.199071800541196, 53.487190506943165, 50.2318102914143), (10.19903587580042, 53.487183565902335, 50.23047991907834), (10.198999945716904, 53.48717670399112, 50.22383644261725), (10.198964052061685, 53.48716988261996, 50.221421412880204), (10.198928123270889, 53.48716313033291, 50.20982627255649), (10.198892113622218, 53.48715642604343, 50.210216779875225), (10.198856142940194, 53.48714967358458, 50.201071757216944), (10.198820228081505, 53.4871430069523, 50.196531413775794), (10.198784167780376, 53.48713641897142, 50.18605888397108), (10.198748495976556, 53.48712990639455, 50.18057420300471), (10.198712462932928, 53.48712337153959, 50.173159932199084), (10.198676355131806, 53.48711687754914, 50.17036541366539), (10.198640256695938, 53.487110450506535, 50.16294851699026), (10.198604020065746, 53.48710399213645, 50.156419470506364), (10.198567864384097, 53.487097617049116, 50.14464901061204), (10.198531841060062, 53.48709130807237, 50.13704628322572), (10.198495791045925, 53.487085048665925, 50.1333972331778), (10.198459421514537, 53.4870787435673, 50.12386592406175), (10.198423123662536, 53.48707254443226, 50.11870345265285), (10.198387006576581, 53.48706640846845, 50.11705598217848), (10.198350673889344, 53.487060225038235, 50.11304657382308), (10.198314334330925, 53.4870541270247, 50.107814301850496), (10.198277996834351, 53.48704811594444, 50.10273246693963), (10.198241664103296, 53.487042046233036, 50.087755709373106), (10.19820533100584, 53.487036071902004, 50.07944407866465), (10.198169083133957, 53.48703015442944, 50.076937545074166), (10.198132542247476, 53.48702425442185, 50.070920880107394), (10.198096238918723, 53.48701841425658, 50.0637787661209), (10.198059917792968, 53.48701262512902, 50.057795551136245), (10.198023451112133, 53.487006871661976, 50.0448701363528), (10.197987267347893, 53.48700115572584, 50.041250032836935), (10.19795047952209, 53.48699540914151, 50.035237161934184), (10.197914093591056, 53.48698979052046, 50.024647843376165), (10.197877561309724, 53.48698418453203, 50.025625475868246), (10.197841158505813, 53.486978613649114, 50.02430109266864), (10.197804492116731, 53.48697305781236, 50.00917890646793), (10.197768037358331, 53.486967584131584, 50.006126719540035), (10.197731315159368, 53.48696212460988, 49.99839741925789), (10.197694842451009, 53.4869566911523, 49.9976615291837), (10.19765812643296, 53.48695131831013, 49.98298972966649), (10.197621611822576, 53.48694602153163, 49.977665828858875), (10.197585096600765, 53.48694069840242, 49.9699744845655), (10.197548375890502, 53.48693543109105, 49.9710106059753), (10.197511739076639, 53.486930218835234, 49.96032397922376), (10.19747510510041, 53.4869250712736, 49.951463648995805), (10.19743831025963, 53.48691993965902, 49.94968879766602), (10.197401570185407, 53.48691487960028, 49.948911089009265), (10.19736480630196, 53.486909805517186, 49.94118233908581), (10.197328163334445, 53.486904823125236, 49.93623715767468), (10.197291394440898, 53.48689987661353, 49.930368001604734), (10.197254439639321, 53.486894899238045, 49.92223622800981), (10.197217691269202, 53.48689005192155, 49.917415494876764), (10.19718089843876, 53.48688518811175, 49.91130001584635), (10.197144047235659, 53.48688041806734, 49.902643622202845), (10.19710732492941, 53.486875643144124, 49.896328497426474), (10.197070433310707, 53.48687093179716, 49.89114314905484), (10.197033515059102, 53.48686625962588, 49.88248053236672), (10.196996665150419, 53.48686160371247, 49.87500505380158), (10.196959769896562, 53.48685703379476, 49.86981918913129), (10.196922836007182, 53.48685246982334, 49.86694272295091), (10.196885934254533, 53.486847973446366, 49.85944394262651), (10.196849013917504, 53.48684352792186, 49.8542614469163), (10.196812113224269, 53.48683907413416, 49.84676569175295), (10.19677508144689, 53.486834644792765, 49.84016604230978), (10.19673811277392, 53.48683031575818, 49.83766401595878), (10.196701156894102, 53.486826048630356, 49.83019977742983), (10.196664123509969, 53.48682176713823, 49.81885994304554), (10.196626978359607, 53.48681755295795, 49.81394231790481), (10.196590083564816, 53.48681339836282, 49.81240146125555), (10.196553130775202, 53.48680925626358, 49.80446845613689), (10.196515950213383, 53.486805164408935, 49.79718020156938), (10.196478073688626, 53.486801033168646, 49.78614361888091), (10.196441018412239, 53.48679701660113, 49.77928135155308), (10.196403884906367, 53.4867930656827, 49.77444753018285), (10.196366774299268, 53.48678912126653, 49.766160654683404), (10.196328303359065, 53.486785067093116, 49.76062176694826), (10.196291227883187, 53.48678121168233, 49.752051184379276), (10.196254200990381, 53.48677743889118, 49.74541254325063), (10.196216589416096, 53.48677362340786, 49.74137117025141), (10.196179250948278, 53.48676990583203, 49.73641933818455), (10.196142283662713, 53.48676622718792, 49.7285738471002), (10.196105077580238, 53.48676257446081, 49.721953984812785), (10.196067410171779, 53.48675897128955, 49.71519352546936), (10.196030776745767, 53.48675547766208, 49.7121712554088), (10.195993330900643, 53.48675192905038, 49.70679816945965), (10.195955176801014, 53.48674835360535, 49.69861886553204), (10.19591844341642, 53.48674498597928, 49.69116147212674), (10.19588097462986, 53.48674164237028, 49.68159826055141), (10.209478017407994, 53.49159574212639, 49.77954666033169), (10.209421683512756, 53.49156769218808, 49.80732427619093), (10.20936398528218, 53.491538939097076, 49.82810191602529), (10.209306682441328, 53.491510382976344, 49.84873720032183), (10.209247732769663, 53.49148100610979, 49.86996555254859), (10.209190461918823, 53.49145246579634, 49.890589373062085), (10.209132703454031, 53.49142368241859, 49.91386546361332), (10.209074797604616, 53.49139486495585, 49.94498685940427), (10.209040020257255, 53.49137755724761, 49.96248925909934), (10.209016435112458, 53.49136581957009, 49.97435896579065), (10.208958975008033, 53.49133716980155, 50.00223899951541), (10.208901323852102, 53.49130840328263, 50.02839267095419), (10.208843573569473, 53.49127955989937, 50.05365279250928), (10.208785695796593, 53.49125064801533, 50.077921373557125), (10.20877249665424, 53.491244068247845, 50.0843118203361), (10.20872790268484, 53.49122183814487, 50.10590228230048), (10.208669388336395, 53.49119265956743, 50.131832862108936), (10.208612133099349, 53.49116410878745, 50.15720550226169), (10.208549534411162, 53.49113289337715, 50.18494613003447), (10.20849627862082, 53.49110630122814, 50.20744437422784), (10.208438372389686, 53.49107736791292, 50.23654738774238), (10.208381100248909, 53.4910487570446, 50.26402221848517), (10.208323421922628, 53.491019925116426, 50.29035534148426), (10.20826590012802, 53.490991178501474, 50.303328955530205), (10.20820784780003, 53.49096220061223, 50.31357993965516), (10.208150102092235, 53.490933376622266, 50.32580892536473), (10.208092279476041, 53.49090450821811, 50.34224544725476), (10.208034597094954, 53.49087570125024, 50.35279537406057), (10.207976605714169, 53.490846756989846, 50.352187209944745), (10.207918983452885, 53.49081799427004, 50.35067969228509), (10.207861351680709, 53.4907892207453, 50.34952392332031), (10.20780347250841, 53.49076030996697, 50.35149323442458), (10.207745429419944, 53.490731390095874, 50.34654916172532), (10.20769985549194, 53.490708681071546, 50.33836519476407), (10.207687800364441, 53.49070267411723, 50.336200386154445), (10.207629876889872, 53.49067387277084, 50.33312898478389), (10.20757213637802, 53.49064520149245, 50.3270633716159), (10.20751438109415, 53.49061643750441, 50.32467751555389), (10.207456346680374, 53.49058750899249, 50.32753123897881), (10.207398537091162, 53.4905586924816, 50.33037391097157), (10.207359997951073, 53.49053943309822, 50.33232708474117), (10.207339112593704, 53.49052907091235, 50.33329599688782), (10.207319491081632, 53.49051930494845, 50.33326233208038), (10.207282817038715, 53.49050105162585, 50.333199410048636), (10.207225104967026, 53.49047228005722, 50.327762837305585), (10.207167529646037, 53.49044339591303, 50.31617381552925), (10.207109494034215, 53.49041456480637, 50.30473816080996), (10.207051380929725, 53.49038569513474, 50.29568373119575), (10.206994051718645, 53.49035712500174, 50.29671362869505), (10.207040984728819, 53.49034778130839, 50.266985624820634), (10.20707783269833, 53.49036359974822, 50.28303397882059), (10.207113163747968, 53.4903787887185, 50.29389319977672), (10.207151192155996, 53.49039513727084, 50.30558146220373), (10.207187956869834, 53.490410948688144, 50.30400085447476), (10.207224561427381, 53.49042671810254, 50.30598626601243), (10.207261082872897, 53.49044249061658, 50.307707292709985), (10.207297754103909, 53.490458354353606, 50.30063965958702), (10.207334297895923, 53.49047417182246, 50.29698938727668), (10.207370778560309, 53.49048998616945, 50.295597419180396), (10.207407218274913, 53.49050591430617, 50.2904143461577), (10.20744364038793, 53.4905220382874, 50.287193172192545), (10.2074798041605, 53.490538223133456, 50.29226645614039), (10.207515813393638, 53.49055443800583, 50.28989767213497), (10.20755173295084, 53.49057077142904, 50.287319223569156), (10.207587384591315, 53.49058721564747, 50.297281383025556), (10.20762296086945, 53.49060380448355, 50.30201991561273), (10.207659067174779, 53.49062083096776, 50.30204185773295), (10.20769417815305, 53.49063754050595, 50.29520216203648), (10.207729183037292, 53.49065460417165, 50.29009264177711), (10.20776748695952, 53.49067374202007, 50.27463328978934), (10.207825142215516, 53.49070254623755, 50.28018132048046), (10.207884794769539, 53.49073226106159, 50.293707516916974), (10.207941214648288, 53.49076034760299, 50.291625606114664), (10.207960298018568, 53.49076997792881, 50.29617195945246), (10.207998909985088, 53.49078922568672, 50.294486545533864), (10.208056648994557, 53.4908180287748, 50.29571145562135), (10.20811387893755, 53.49084657762112, 50.27458275360524), (10.208170982964528, 53.49087512404023, 50.26217305445976), (10.208218715589974, 53.49089893071675, 50.24901091611954), (10.20822859964484, 53.490903860389494, 50.24628541739696), (10.208240003254174, 53.49090954793763, 50.24314090683448), (10.208286376261933, 53.49093267643992, 50.23035369975211), (10.208344285066012, 53.490961558350776, 50.214385553608864), (10.208364660612457, 53.490971720601415, 50.208767074514725), (10.208403452694846, 53.49099106802813, 50.1980703134046), (10.208461378693084, 53.49101995837738, 50.182097469848536), (10.208519077497822, 53.491048755334056, 50.16337771133243), (10.208576901472417, 53.491077690311506, 50.14525766626255), (10.208633304434517, 53.49110574247924, 50.13055416300052), (10.2086697344666, 53.49112390983706, 50.12120792405358), (10.208692524020345, 53.49113527478673, 50.115361196646006), (10.208751649144252, 53.49116493516686, 50.10134470217369), (10.208809321223805, 53.49119374377828, 50.077180330643934), (10.208865881410269, 53.491221891993, 50.04631465850101), (10.208923640956602, 53.49125063895741, 50.01556969094874), (10.208981433368788, 53.49127946621692, 49.979105445310466), (10.209039406936702, 53.49130838377031, 49.94252694868776), (10.209096969143138, 53.49133709606695, 49.906208050275104), (10.209141664141653, 53.49135939009413, 49.878007755909906), (10.209154892274503, 53.49136598832697, 49.86966147557615), (10.20921255760844, 53.49139475192933, 49.833277607320895), (10.209234623664873, 53.49140554665416, 49.82265778824347), (10.20926360769584, 53.49141972564062, 49.808708536121976), (10.209287348068365, 53.491431114980365, 49.79707107565545), (10.209311320376383, 53.491442246751845, 49.775442186021756), (10.209334951667865, 53.491453033541816, 49.755256992182076), (10.20935944074807, 53.49146395566459, 49.741503833281385), (10.2093839833858, 53.491474680550084, 49.729410891957386), (10.209408298847608, 53.49148504842122, 49.71374121209434), (10.209433242280602, 53.491495374133216, 49.69701063416316), (10.209458071687314, 53.49150553977075, 49.68590714188145), (10.2094831263384, 53.49151549944207, 49.67347917517267), (10.209504986762612, 53.491524062708045, 49.662525104153424), (10.209532744790856, 53.49153476533379, 49.6411993283212), (10.209583803314258, 53.491554064204806, 49.60734006492555), (10.209635060590479, 53.49157335643187, 49.579781070077054), (10.20969368953345, 53.49159549985535, 49.53450012207031), (10.208218715589974, 53.49089893071675, 50.24901091611954), (10.208193984672667, 53.49088612914405, 50.262191746203676), (10.208169980790773, 53.4908736321359, 50.268357149937486), (10.208146752659271, 53.49086140225328, 50.27413041595431), (10.208124437783523, 53.49084932638401, 50.276155594602564), (10.208102395013206, 53.49083708553524, 50.281331687089526), (10.208080914309884, 53.490824823342905, 50.286514282226214), (10.208059593130809, 53.49081239239644, 50.29600524902333), (10.208038254918362, 53.490799710283326, 50.2889862060546), (10.208017735917814, 53.49078729775955, 50.29301452636635), (10.207996265859864, 53.49077391244064, 50.31421473263985), (10.207975875077615, 53.49076091807625, 50.330284893308146), (10.207951456321004, 53.49074524641843, 50.29142932991167), (10.207930030082942, 53.49073127005627, 50.290377360033425), (10.207901726553713, 53.490712239955826, 50.288945658826215), (10.207851795277975, 53.49067859128405, 50.26920833141743), (10.207801884299244, 53.490644882327494, 50.25602529171446), (10.207752080032215, 53.490611244157684, 50.25084026344769), (10.20770221012468, 53.490577612596795, 50.24706533305382), (10.207652149186908, 53.490543923727884, 50.23286015173531), (10.207602131621075, 53.49051031668489, 50.221105004212305), (10.207580383910054, 53.490495749662294, 50.219552124957055), (10.207560100366427, 53.49048236984785, 50.198984309170626), (10.207558204835623, 53.490481164606116, 50.21833617088883), (10.207539550601672, 53.490469283781245, 50.20698575279076), (10.207518484220289, 53.490456195525, 50.21195162780827), (10.207497565707724, 53.49044356896147, 50.20826587187064), (10.207476114428117, 53.49043088698725, 50.21317033710352), (10.207453836207002, 53.490417881224325, 50.21353532343209), (10.207431964423103, 53.49040554640457, 50.22238577213178), (10.207409898035797, 53.490393504735344, 50.21167194734825), (10.207387392805064, 53.49038143817975, 50.21737664805351), (10.207364554980314, 53.490369278619745, 50.22295485280143), (10.207341545116646, 53.490357064927146, 50.22814996248442), (10.207312932945847, 53.49034209834896, 50.2230237368471), (10.206900198006457, 53.49035244855684, 50.3345536181473), (10.206930329350861, 53.490365954344846, 50.35078700420075), (10.206960531041448, 53.4903793688834, 50.354693984124545), (10.20699078926947, 53.49039274944386, 50.356144659818106), (10.207008333961458, 53.490400482645846, 50.355595849531404), (10.207038917949003, 53.490413919286645, 50.35390579026682), (10.207070060178292, 53.49042752989936, 50.3524578256282), (10.207100398078833, 53.49044074514539, 50.34988043960921), (10.207130575892352, 53.490453885188366, 50.34787265922859), (10.207160573311779, 53.4904669434006, 50.346885443979524), (10.207191669854696, 53.49048048697605, 50.34794596136611), (10.207220406249391, 53.490492999915084, 50.34917898406278), (10.207251701755007, 53.49050662841925, 50.34983163408431), (10.207283333260861, 53.49052044050379, 50.349214655649995), (10.20731458891328, 53.490534108280364, 50.347714422942666), (10.207343782745856, 53.49054692067582, 50.346308194263486), (10.207374757288546, 53.49056058096657, 50.34480906767759), (10.207403901227583, 53.49057354013083, 50.34221988408754), (10.20743682570434, 53.490588330645735, 50.342883129720235), (10.207465503351525, 53.4906013442862, 50.3454420414345), (10.207505240789612, 53.490619477880685, 50.34421160534815), (10.207535410747463, 53.49063333877397, 50.34559778739443), (10.207565245507965, 53.490647170128945, 50.346913529886564), (10.207594937145029, 53.49066095596288, 50.35094875627298), (10.207624773507526, 53.49067496148818, 50.357605712109574), (10.207655428003298, 53.490689327158044, 50.362734463684454), (10.207687093482257, 53.49070417907351, 50.345382069457415), (10.207745429419944, 53.490731390095874, 50.34654916172532), (10.209826803690964, 53.49159494763842, 49.4688100872122), (10.209816946763578, 53.491590017194035, 49.47170406594792), (10.209787890688444, 53.491575660921285, 49.489584769472984), (10.209758675249118, 53.49156143738259, 49.49608504726673), (10.209729199755781, 53.491547336555996, 49.51936548050672), (10.209699764226198, 53.49153340325709, 49.53018747354856), (10.20966997144206, 53.49151966294766, 49.54427041872363), (10.209639911832458, 53.49150593847397, 49.56006088180691), (10.209610013049163, 53.49149242225105, 49.57746537690852), (10.20957970727542, 53.49147878333597, 49.59587163095027), (10.209549422929115, 53.491465418438295, 49.615546188181135), (10.209519087202553, 53.49145219462042, 49.63102188428747), (10.20948828817072, 53.491438885961536, 49.64997455237725), (10.209457754341765, 53.491425781260915, 49.66865565017312), (10.20943195092443, 53.49141485937063, 49.68971943911779), (10.209428165124349, 53.491413243832994, 49.690196847616846), (10.209396239439888, 53.491399816762375, 49.70697495551399), (10.20936547527611, 53.491386927525, 49.726074745413314), (10.209334601394932, 53.491374176283415, 49.748634319163976), (10.209303549233354, 53.49136142714871, 49.767154423852276), (10.209272308859035, 53.49134875513317, 49.78398976440887), (10.209240653656448, 53.49133610897776, 49.80558192122146), (10.209209503984983, 53.49132377405195, 49.82440774543304), (10.209177825067204, 53.491311278484304, 49.84277257532967), (10.209146248293841, 53.491298865330094, 49.85675550982419), (10.209114934014686, 53.49128671302149, 49.87450467205356), (10.209083292133515, 53.49127439929241, 49.89111149607261), (10.209051706451639, 53.49126213940172, 49.90541387359775), (10.209020126923553, 53.49124996675172, 49.92762000075977), (10.208988611057393, 53.491237758964324, 49.94837862232884), (10.208956909651903, 53.49122545184853, 49.97203437778297), (10.208925444538767, 53.4912131675513, 49.994463725017944), (10.208894027850311, 53.491200816488565, 50.01815001191543), (10.208862862989, 53.49118839296905, 50.038601509318994), (10.208831518296584, 53.49117582758241, 50.06422081328236), (10.208800401741536, 53.49116315317169, 50.0894104467925), (10.208769400053873, 53.4911502959254, 50.106634218743196), (10.208738534092216, 53.49113747291445, 50.114998468296584), (10.208714893978723, 53.49112758233777, 50.13256306898219), (10.2086899727975, 53.49111705048984, 50.12966422846444), (10.208665527765799, 53.49110656011568, 50.14207485659524), (10.20864126280426, 53.49109610777956, 50.152403717242116), (10.208616954750728, 53.49108552567321, 50.1490503805538), (10.208592864679702, 53.49107497589552, 50.16146455199463), (10.208567659401773, 53.49106387898847, 50.16757950419312), (10.208545345768277, 53.49105398063638, 50.17324079239885), (10.208521481104125, 53.491043357439544, 50.1792953333668), (10.208497701876889, 53.49103282297306, 50.18532857218207), (10.2084740191632, 53.49102209197082, 50.19129594149188), (10.208450933260748, 53.49101151243791, 50.197190340630655), (10.208427392628327, 53.491000482504965, 50.20309184113558), (10.208405322229114, 53.49098999054683, 50.20875312932874), (10.208380597160865, 53.4909780949935, 50.21501947996526), (10.20835704786446, 53.49096662873502, 50.22098684866509), (10.20830979489706, 53.49094367759145, 50.23285571900683), (10.2082863645502, 53.490932273944566, 50.23866294612806), (10.208263072105742, 53.49092086814235, 50.244492267043846), (10.208240003254174, 53.49090954793763, 50.24314090683448), (10.209631141857892, 53.491336852961815, 49.88969145793777), (10.20966511230854, 53.49135423470868, 49.880714915413364), (10.209710852488003, 53.49137764194187, 49.86413176229411), (10.209756551066334, 53.491401108410784, 49.85207464367018), (10.209802332877814, 53.49142452346441, 49.83434847609549), (10.209848023235248, 53.491447972197356, 49.815496563075186), (10.209893743727454, 53.49147138259814, 49.79664916365312), (10.209939497779066, 53.49149482359218, 49.77665431677522), (10.2099851812973, 53.491518214952144, 49.7498841469815), (10.210030874654532, 53.49154169191629, 49.73895876446554), (10.210076641432488, 53.49156509900132, 49.709902550740765), (10.210122394451648, 53.49158853704891, 49.67963053687074), (10.210134719030362, 53.49159478786962, 49.680580378069), (10.20877249665424, 53.491244068247845, 50.0843118203361), (10.208805349650696, 53.4912607153747, 50.06315614542283), (10.208839871043544, 53.4912785809466, 50.04847137972654), (10.208872500632507, 53.49129651520106, 50.02501034822607), (10.208905383197344, 53.49131532898828, 50.02273593154036), (10.208937072505758, 53.49133385900706, 50.00434796632692), (10.208969476822245, 53.49135312782069, 49.992922883872644), (10.209000408104385, 53.49137235349055, 49.976621759484324), (10.209031559240403, 53.49139188291253, 49.9607175000791), (10.20906300370662, 53.49141146175172, 49.94519241797649), (10.209094439751809, 53.491430690388434, 49.93338803402509), (10.209112743097865, 53.4914419343446, 49.93149334505369), (10.209125927037826, 53.49145003856794, 49.91906146374345), (10.209157825692404, 53.49146947262104, 49.91092578301828), (10.209204795911974, 53.49149765022808, 49.87227740813149), (10.20925385399912, 53.49152648521489, 49.848182145253546), (10.209286567969428, 53.49154524941839, 49.816351850974186), (10.209319650289146, 53.491563574496965, 49.78651932979952), (10.209349016165154, 53.491579918365446, 49.78357600289901), (10.209377372937979, 53.49159556745006, 49.79580839868183), (10.209614649407243, 53.491595350844506, 49.606157708541), (10.209558091158197, 53.491567051307314, 49.63355470018931), (10.209501656662708, 53.49153886362432, 49.66133327295014), (10.20949303811709, 53.4915345588609, 49.66557555556701), (10.209443983578959, 53.4915100572294, 49.68972155008429), (10.209386103407477, 53.49148127979797, 49.73024722736748), (10.209328328900366, 53.49145261933918, 49.76023420460384), (10.209270401088702, 53.49142357119612, 49.796780784038084), (10.209234623664873, 53.49140554665416, 49.82265778824347), (10.209251463358116, 53.49152873725741, 49.86544323262685), (10.20922196958948, 53.49151335045163, 49.881509663184914), (10.209193504143908, 53.491498775328104, 49.894340016377434), (10.209164043708267, 53.491483948819294, 49.896951158749765), (10.20913579339674, 53.49146994974158, 49.91106359391073), (10.209104510057076, 53.49145472892918, 49.917302560546766), (10.20907711583488, 53.49144166642044, 49.926268627132394), (10.209047356734372, 53.491427732139016, 49.92874235039872), (10.209017953923345, 53.49141413730332, 49.94349670410167), (10.20898795539488, 53.491400292054614, 49.95277730290551), (10.208958043971995, 53.49138645297145, 49.96192318923828), (10.208928705147747, 53.491372883775135, 49.97093334166604), (10.208898824774785, 53.49135904513249, 49.97492343219715), (10.208868978975971, 53.4913452307722, 49.98786836115858), (10.208838436637269, 53.49133108998114, 49.99135517247187), (10.20880782469399, 53.491316916946445, 49.99484993238925), (10.208749481230443, 53.491289904436975, 50.00151062011748), (10.209141664141653, 53.49135939009413, 49.878007755909906), (10.209096396764991, 53.49133755752001, 49.911684328690676), (10.209070723583965, 53.491325411321675, 49.92579857826385), (10.209035132984553, 53.491309214636566, 49.94029097574242), (10.208998740311774, 53.491293206794985, 49.96678567221412), (10.208961631011173, 53.49127745071741, 49.995367884021334), (10.208924644869125, 53.49126231857546, 50.018042817797415), (10.208886658513867, 53.49124701109511, 50.037557740953815), (10.208871603964672, 53.491241239403436, 50.044831815838435), (10.208848575235937, 53.49123230904002, 50.02752453952493), (10.208810296509498, 53.49121788919256, 50.07358950375802), (10.208772056265198, 53.49120351965578, 50.10104656512267), (10.208733915686627, 53.49118893161339, 50.10949900386399), (10.208696014000504, 53.491174483443956, 50.129576204762785), (10.208658622297383, 53.491159464000766, 50.17241294234859), (10.208621881160887, 53.49114438204357, 50.183383939294885), (10.208585126867167, 53.49112875093155, 50.19328935289051), (10.208548867744176, 53.49111263463869, 50.19597289055779), (10.208511667481755, 53.49109559132755, 50.199423422930955), (10.208452163619214, 53.49106769119026, 50.232321526743135), (10.204096440093931, 53.48900011591834, 50.199877935055916), (10.204060375099354, 53.48898373343822, 50.21837594375753), (10.204024370158901, 53.488967556354154, 50.199007893640584), (10.203987580415149, 53.48895123608363, 50.21557288202992), (10.203949480050102, 53.48893432085719, 50.188848244082884), (10.203914774786801, 53.48891891291445, 50.199145318256996), (10.203878609771904, 53.48890273911187, 50.21452708376899), (10.203842326314298, 53.48888663213723, 50.2265192151623), (10.203806122454205, 53.48887063571304, 50.23273746909367), (10.203769942020994, 53.48885462182778, 50.22293155752438), (10.203732824100497, 53.488838314887715, 50.214790830066846), (10.203697191193223, 53.48882236218725, 50.22638005609382), (10.203661067613847, 53.48880649043508, 50.23487979391317), (10.203634272190515, 53.488794222912546, 50.21504045699252), (10.203573468189681, 53.488767652158145, 50.221019853186505), (10.203512677031437, 53.48874110098578, 50.19919097855625), (10.203451789741806, 53.48871459398685, 50.202634840049285), (10.203390956503858, 53.48868810543947, 50.19771857301337), (10.203329959574946, 53.48866167239555, 50.20722643111829), (10.203268882026185, 53.48863538427975, 50.21102448012312), (10.203208006713103, 53.48860921514181, 50.20404781704342), (10.203146731379663, 53.48858297111433, 50.19647254949322), (10.20308541493382, 53.48855677257021, 50.19270446599862), (10.20302407685867, 53.488530690606076, 50.1841636741856), (10.2029625991023, 53.48850458112519, 50.18516202960848), (10.202901199236726, 53.48847860922452, 50.177566262985614), (10.202839624209796, 53.488452710130154, 50.18235739013141), (10.202778056498198, 53.48842674291637, 50.20572852001553), (10.202716378053356, 53.488400974184394, 50.2230712256256), (10.20265483064075, 53.488375316021326, 50.24019924746273), (10.202602949420394, 53.48835388321113, 50.25940398098512), (10.202557725224288, 53.488335291401626, 50.27614548074997), (10.202520693585468, 53.488320275781824, 50.26298653592115), (10.20248330404222, 53.48830533546096, 50.26421509227233), (10.202445285333756, 53.488290252373254, 50.26916161837699), (10.20240737161469, 53.488275472219875, 50.2758300647379), (10.202369545635253, 53.48826087253317, 50.281785492649725), (10.20233146206997, 53.48824645985075, 50.29142246212609), (10.202293563079955, 53.48823221672272, 50.298904923888784), (10.202255164691161, 53.488218002962874, 50.31498157621403), (10.202216725719225, 53.488203942537375, 50.32889504582229), (10.202177091990517, 53.48818984892259, 50.335110595352646), (10.202138763632108, 53.4881764816649, 50.336497981990206), (10.202100112335556, 53.488163083378545, 50.338996064373035), (10.202090202246525, 53.48815967867286, 50.33980354899621), (10.202060474965581, 53.48814946557341, 50.34222576032284), (10.202019370949557, 53.48813534386452, 50.345574962359066), (10.203601562964842, 53.48871441391856, 50.39767660342756), (10.203572955201958, 53.48870225492388, 50.39775119332583), (10.203529797156921, 53.4886839116793, 50.397863720701864), (10.203487064572867, 53.48866574923508, 50.397975138854996), (10.203451453081474, 53.48865061341418, 50.39806799000799), (10.2034276922259, 53.48864048659263, 50.40111160803374), (10.20336623392638, 53.48861419726977, 50.397187910237214), (10.203305434123008, 53.48858806333423, 50.413394280897684), (10.203244221729618, 53.488561718818616, 50.42054290611496), (10.2031831834844, 53.488535345633835, 50.42256649254019), (10.203122486849495, 53.4885089871511, 50.42550786967887), (10.203061537817357, 53.48848235450713, 50.43457383167118), (10.203000882634834, 53.48845569477501, 50.44550567559902), (10.202940336789855, 53.488429059908896, 50.46477538267944), (10.202879690831695, 53.488402313739165, 50.4760428260297), (10.202815446070495, 53.488373873881315, 50.485937303877044), (10.202791407927544, 53.48836328841517, 50.49363520858857), (10.202766765541858, 53.48835248081343, 50.50285438568889), (10.202742723534561, 53.48834196325123, 50.506829084096765), (10.202718097714888, 53.488331211803384, 50.51363932820627), (10.202693840675034, 53.48832075924555, 50.516059936111716), (10.202669468792308, 53.488310313093294, 50.51449182919373), (10.202644780864448, 53.4882998073844, 50.52379325114377), (10.202620101448513, 53.48828940663944, 50.528581196445565), (10.202595639905619, 53.48827910417018, 50.52777558217971), (10.202570666916484, 53.48826867215877, 50.530668782500285), (10.202546053505277, 53.48825843802703, 50.534778816620396), (10.202520337311611, 53.48824789707241, 50.53614728109683), (10.202495665828726, 53.48823795595208, 50.540539990336605), (10.202487854854546, 53.488234839694265, 50.5407310012994), (10.20247135331393, 53.488228311525624, 50.54631056703379), (10.202445617335938, 53.48821820253374, 50.551989534338865), (10.202420321127214, 53.48820835741441, 50.55325763520639), (10.202395081710792, 53.488198704097044, 50.55359059805995), (10.202369884763053, 53.48818916195418, 50.55043722156884), (10.20234418313302, 53.48817948703225, 50.552354585174285), (10.202318293134988, 53.48816993670167, 50.55478393339655), (10.202292510529393, 53.48816057038962, 50.552777176529176), (10.202266934047392, 53.48815134646235, 50.55369614822998), (10.202240930503221, 53.48814203874532, 50.554778145234366), (10.202213086815817, 53.488132329510236, 50.5502420828297), (10.202167280920964, 53.48811663853392, 50.555985508190766), (10.20212120755707, 53.488101444216525, 50.55873076779825), (10.202074407079492, 53.4880860980633, 50.551882762859854), (10.202027636821644, 53.48807076585832, 50.545748554033665), (10.202007802841601, 53.48806424400709, 50.56809851758074), (10.208809260792165, 53.49130333290393, 50.661856679013), (10.208809260792165, 53.49130333290393, 50.73386081389617), (10.208803344036882, 53.4913079087931, 50.63804217684083), (10.208797364212577, 53.49131253345719, 50.728770511224866), (10.208797364212577, 53.49131253345719, 50.65464794135187), (10.20880245019755, 53.49130860006879, 50.580592027748935), (10.208797364212577, 53.49131253345719, 50.44823696021922), (10.208797364212577, 53.49131253345719, 50.37645272316877), (10.208803254829723, 53.49130797778397, 50.51777109480463), (10.20880926079215, 53.49130333290393, 50.37645272316877), (10.20880926079215, 53.49130333290393, 50.431789371417835), (10.20880425662652, 53.49130720301631, 50.58344375633169), (10.208809260792165, 53.49130333290393, 50.661856679013), (10.208794754040083, 53.491314552106566, 50.37645272316877), (10.208797364212577, 53.49131253345719, 50.37645272316877), (10.208797364212577, 53.49131253345719, 50.44823696021922), (10.208797364212577, 53.49131253345719, 50.65464794123545), (10.208797364212577, 53.49131253345719, 50.72877051110845), (10.208797364212577, 53.49131253345719, 50.788362742750905), (10.208794754040083, 53.491314552106566, 50.788362742750905), (10.208794754040083, 53.491314552106566, 50.37645272316877), (10.208809260792174, 53.49130333290393, 50.37645272316877), (10.208811870963293, 53.49130131425422, 50.37645272316877), (10.208811870963293, 53.49130131425422, 50.788362742750905), (10.208809260792174, 53.49130333290393, 50.788362742750905), (10.208809260792174, 53.49130333290393, 50.73386081389617), (10.208809260792174, 53.49130333290393, 50.661856678896584), (10.208809260792174, 53.49130333290393, 50.431789371417835), (10.208809260792174, 53.49130333290393, 50.37645272316877), (10.208792960471246, 53.491315939212726, 50.788362742750905), (10.208792960471246, 53.491315939212726, 51.29692800168414), (10.208814087711165, 53.491299599869365, 51.29692800168414), (10.208814087711165, 53.491299599869365, 50.788362742750905), (10.208792960471246, 53.491315939212726, 50.788362742750905), (10.208816715110649, 53.491303886571764, 51.15908961719833), (10.208816715110649, 53.491303886571764, 50.851340405410156), (10.2088135356023, 53.49130636132984, 50.851340405410156), (10.2088135356023, 53.49130636132984, 51.15908961719833), (10.208816715110649, 53.491303886571764, 51.15908961719833), (10.208802003752307, 53.49131533709769, 51.13692469266243), (10.208798464964547, 53.49131809149756, 51.13692469266243), (10.208798464964547, 53.49131809149756, 50.851340405410156), (10.208802003752307, 53.49131533709769, 50.851340405410156), (10.208802003752307, 53.49131533709769, 51.13692469266243), (10.209333975957465, 53.49125063424419, 50.61003827278182), (10.209341516258696, 53.491244942061854, 50.61119860046165), (10.209348009359438, 53.491248001147454, 50.61360799661634), (10.209340469058546, 53.491253693330194, 50.61244766893651), (10.209333975957465, 53.49125063424419, 50.61003827278182), (10.209340457451491, 53.491253690787644, 50.790118325490766), (10.209347997752383, 53.4912479986049, 50.79127865317059), (10.209341504651647, 53.491244939519284, 50.788869257015904), (10.209333964350414, 53.49125063170163, 50.78770892933608), (10.209340457451491, 53.491253690787644, 50.790118325490766), (10.209341516258696, 53.491244942061854, 50.61119860046165), (10.209333975957465, 53.49125063424419, 50.61003827278182), (10.209333964350414, 53.49125063170163, 50.78770892933608), (10.209341504651647, 53.491244939519284, 50.788869257015904), (10.209341516258696, 53.491244942061854, 50.61119860046165), (10.209348009359438, 53.491248001147454, 50.61360799661634), (10.209341516258696, 53.491244942061854, 50.61119860046165), (10.209341504651647, 53.491244939519284, 50.788869257015904), (10.209347997752383, 53.4912479986049, 50.79127865317059), (10.209348009359438, 53.491248001147454, 50.61360799661634), (10.209340469058546, 53.491253693330194, 50.61244766893651), (10.209340457451491, 53.491253690787644, 50.790118325490766), (10.209347997752383, 53.4912479986049, 50.79127865317059), (10.209348009359438, 53.491248001147454, 50.61360799661634), (10.209340469058546, 53.491253693330194, 50.61244766893651), (10.209333975957465, 53.49125063424419, 50.61003827278182), (10.209333964350414, 53.49125063170163, 50.78770892933608), (10.209340457451491, 53.491253690787644, 50.790118325490766), (10.209340469058546, 53.491253693330194, 50.61244766893651), (10.209333975957465, 53.49125063424419, 50.61003827278182), (10.208519434543739, 53.49083881858651, 50.861332064989256), (10.208527175712796, 53.49083322316576, 50.85965537314405), (10.208533558404639, 53.4908363637914, 50.85784641819191), (10.208525817235865, 53.49084195921256, 50.85952311003712), (10.208519434543739, 53.49083881858651, 50.861332064989256), (10.208525821341928, 53.490841959525895, 50.93004099926475), (10.208519438649805, 53.49083881889984, 50.93184995421689), (10.208527179818862, 53.49083322347909, 50.93017326237168), (10.208533562510706, 53.49083636410474, 50.92836430741954), (10.208525821341928, 53.490841959525895, 50.93004099926475), (10.208527175712796, 53.49083322316576, 50.85965537314405), (10.208519434543739, 53.49083881858651, 50.861332064989256), (10.208519438649805, 53.49083881889984, 50.93184995421689), (10.208527179818862, 53.49083322347909, 50.93017326237168), (10.208527175712796, 53.49083322316576, 50.85965537314405), (10.208533558404639, 53.4908363637914, 50.85784641819191), (10.208533562510706, 53.49083636410474, 50.92836430741954), (10.208527179818862, 53.49083322347909, 50.93017326237168), (10.208527175712796, 53.49083322316576, 50.85965537314405), (10.208533558404639, 53.4908363637914, 50.85784641819191), (10.208525817235865, 53.49084195921256, 50.85952311003712), (10.208525821341928, 53.490841959525895, 50.93004099926475), (10.208533562510706, 53.49083636410474, 50.92836430741954), (10.208533558404639, 53.4908363637914, 50.85784641819191), (10.208525817235865, 53.49084195921256, 50.85952311003712), (10.208519434543739, 53.49083881858651, 50.861332064989256), (10.208525817235865, 53.49084195921256, 50.85952311003712), (10.208525821341928, 53.490841959525895, 50.93004099926475), (10.208519438649805, 53.49083881889984, 50.93184995421689), (10.208519434543739, 53.49083881858651, 50.861332064989256), (10.206048730714791, 53.48961004120906, 51.07556773585384), (10.20605522483932, 53.4896130992362, 51.0718995027637), (10.206062761812534, 53.48960740581123, 51.066549782939546), (10.20605626768834, 53.489604347784486, 51.070218016029685), (10.206048730714791, 53.48961004120906, 51.07556773585384), (10.206055251597453, 53.48961309742333, 51.26176208304241), (10.20604875747292, 53.48961003939619, 51.26543031613255), (10.20605629444647, 53.489604345971614, 51.2600805963084), (10.206062788570664, 53.489607403998356, 51.25641236321826), (10.206055251597453, 53.48961309742333, 51.26176208304241), (10.20605626768834, 53.489604347784486, 51.070218016029685), (10.20605629444647, 53.489604345971614, 51.2600805963084), (10.20604875747292, 53.48961003939619, 51.26543031613255), (10.206048730714791, 53.48961004120906, 51.07556773585384), (10.20605626768834, 53.489604347784486, 51.070218016029685), (10.206062761812534, 53.48960740581123, 51.066549782939546), (10.20605626768834, 53.489604347784486, 51.070218016029685), (10.20605629444647, 53.489604345971614, 51.2600805963084), (10.206062788570664, 53.489607403998356, 51.25641236321826), (10.206062761812534, 53.48960740581123, 51.066549782939546), (10.20605522483932, 53.4896130992362, 51.0718995027637), (10.206055251597453, 53.48961309742333, 51.26176208304241), (10.206062788570664, 53.489607403998356, 51.25641236321826), (10.206062761812534, 53.48960740581123, 51.066549782939546), (10.20605522483932, 53.4896130992362, 51.0718995027637), (10.206048730714791, 53.48961004120906, 51.07556773585384), (10.20604875747292, 53.48961003939619, 51.26543031613255), (10.206055251597453, 53.48961309742333, 51.26176208304241), (10.20605522483932, 53.4896130992362, 51.0718995027637), (10.206048730714791, 53.48961004120906, 51.07556773585384), (10.204300507215569, 53.488934801743426, 51.106272557517514), (10.204300507215569, 53.488934801743426, 50.94127255748026), (10.204189197625848, 53.48888746812644, 50.940396876540035), (10.204189197625848, 53.48888746812644, 51.10539687657729), (10.204300507215569, 53.488934801743426, 51.106272557517514), (10.20418804847415, 53.48888840679466, 51.111607994302176), (10.20418804847415, 53.48888840679466, 50.94660799426492), (10.204170201536543, 53.48890298480533, 51.043069922714494), (10.204170201536543, 53.48890298480533, 51.20806992275175), (10.20418804847415, 53.48888840679466, 51.111607994302176), (10.204189197625848, 53.48888746812644, 51.10539687657729), (10.204189197625848, 53.48888746812644, 50.94039687665645), (10.204188048474146, 53.48888840679467, 50.94660799426492), (10.204188048474146, 53.48888840679467, 51.111607994302176), (10.204189197625848, 53.48888746812644, 51.10539687657729), (10.204960670126258, 53.48922391285677, 51.03110202564858), (10.204960670126258, 53.48922391285677, 51.12546537234448), (10.204986799895826, 53.48923570796229, 51.12671756511554), (10.204986799895826, 53.48923570796229, 51.03235421841964), (10.204960670126258, 53.48922391285677, 51.03110202564858), (10.204944506355032, 53.489216623941076, 51.03033791168127), (10.204960670126258, 53.48922391285677, 51.03110202564858), (10.204960670126258, 53.48922391285677, 51.12546537234448), (10.204944506355032, 53.489216623941076, 51.12470125837717), (10.204944506355032, 53.489216623941076, 51.03033791168127), (10.204912152721956, 53.48920206672167, 51.028853770694695), (10.204944506355032, 53.489216623941076, 51.03033791168127), (10.204944506355032, 53.489216623941076, 51.12470125837717), (10.204912152721956, 53.48920206672167, 51.123217117390595), (10.204912152721956, 53.48920206672167, 51.028853770694695), (10.204879764356162, 53.48918753700947, 51.02742841478903), (10.204879764356162, 53.48918753700947, 51.12179176148493), (10.20491215272197, 53.48920206672169, 51.12321711727418), (10.20491215272197, 53.48920206672169, 51.028853770694695), (10.204879764356162, 53.48918753700947, 51.02742841478903), (10.20484734132342, 53.48917303483397, 51.0260618472239), (10.204879764356178, 53.48918753700947, 51.027428414905444), (10.204879764356178, 53.48918753700947, 51.121791761601344), (10.20484734132342, 53.48917303483397, 51.1204251939198), (10.20484734132342, 53.48917303483397, 51.0260618472239), (10.20478239152064, 53.48914411321084, 51.02350508712698), (10.204814883689611, 53.48915856022462, 51.02475407032762), (10.204814883689611, 53.48915856022462, 51.11911741702352), (10.20478239152064, 53.48914411321084, 51.11786843382288), (10.20478239152064, 53.48914411321084, 51.02350508712698), (10.20474986488254, 53.48912969382191, 51.0223149000667), (10.20478239152064, 53.48914411321084, 51.02350508724339), (10.20478239152064, 53.48914411321084, 51.11786843393929), (10.20474986488254, 53.48912969382191, 51.11667824664619), (10.20474986488254, 53.48912969382191, 51.0223149000667), (10.20471730384134, 53.48911530208713, 51.021183511358686), (10.204749864882508, 53.489129693821894, 51.0223149000667), (10.204749864882508, 53.489129693821894, 51.11667824664619), (10.20471730384134, 53.48911530208713, 51.115546858054586), (10.20471730384134, 53.48911530208713, 51.021183511358686), (10.20468470846327, 53.48910093803575, 51.020110923447646), (10.204717303841353, 53.489115302087136, 51.02118351124227), (10.204717303841353, 53.489115302087136, 51.11554685793817), (10.20468470846327, 53.48910093803575, 51.114474270143546), (10.20468470846327, 53.48910093803575, 51.020110923447646), (10.204652078814474, 53.489086601696876, 51.019097138545476), (10.204652078814474, 53.489086601696876, 51.113460485241376), (10.20468470846327, 53.48910093803577, 51.114474270143546), (10.20468470846327, 53.48910093803577, 51.020110923447646), (10.204652078814474, 53.489086601696876, 51.019097138545476), (10.204619414961282, 53.48907229309968, 51.018142158631235), (10.204652078814474, 53.489086601696876, 51.01909713842906), (10.204652078814474, 53.489086601696876, 51.11346048512496), (10.204619414961282, 53.48907229309968, 51.112505505327135), (10.204619414961282, 53.48907229309968, 51.018142158631235), (10.204586716970026, 53.489058012273155, 51.0172459858004), (10.204619414961282, 53.48907229309967, 51.01814215874765), (10.204619414961282, 53.48907229309967, 51.112505505327135), (10.204586716970026, 53.489058012273155, 51.1116093324963), (10.204586716970026, 53.489058012273155, 51.0172459858004), (10.204553984907127, 53.48904375924637, 51.016408621682785), (10.204586716970013, 53.489058012273155, 51.017245985683985), (10.204586716970013, 53.489058012273155, 51.111609332379885), (10.204553984907127, 53.48904375924637, 51.11077196826227), (10.204553984907127, 53.48904375924637, 51.016408621682785), (10.204521218839053, 53.48902953404819, 51.015630068141036), (10.20455398490711, 53.489043759246364, 51.016408621682785), (10.20455398490711, 53.489043759246364, 51.110771968378685), (10.204521218839053, 53.48902953404819, 51.109993414836936), (10.204521218839053, 53.48902953404819, 51.015630068141036), (10.204488418832417, 53.48901533670751, 51.014910326572135), (10.204521218839053, 53.48902953404819, 51.01563006802462), (10.204521218839053, 53.48902953404819, 51.10999341472052), (10.204488418832417, 53.48901533670751, 51.10927367315162), (10.204488418832417, 53.48901533670751, 51.014910326572135), (10.2044555849538, 53.489001167253186, 51.01424939848948), (10.2044555849538, 53.489001167253186, 51.10861274518538), (10.204488418832417, 53.48901533670752, 51.10927367315162), (10.204488418832417, 53.48901533670752, 51.01491032645572), (10.2044555849538, 53.489001167253186, 51.01424939848948), (10.204422717269928, 53.48898702571401, 51.01364728552289), (10.204455584953811, 53.489001167253186, 51.0142493986059), (10.204455584953811, 53.489001167253186, 51.1086127453018), (10.204422717269928, 53.48898702571401, 51.10801063221879), (10.204422717269928, 53.48898702571401, 51.01364728552289), (10.20438981584754, 53.48897291211864, 51.01310398860369), (10.204422717269914, 53.48898702571402, 51.01364728552289), (10.204422717269914, 53.48898702571402, 51.10801063221879), (10.20438981584754, 53.48897291211864, 51.10746733518317), (10.20438981584754, 53.48897291211864, 51.01310398860369), (10.20435688075349, 53.488958826495725, 51.01261950889602), (10.204389815847538, 53.488972912118626, 51.01310398860369), (10.204389815847538, 53.488972912118626, 51.10746733529959), (10.20435688075349, 53.488958826495725, 51.10698285559192), (10.20435688075349, 53.488958826495725, 51.01261950889602), (10.204323912054669, 53.488944768873914, 51.01219384733122), (10.204356880753478, 53.488958826495725, 51.01261950889602), (10.204356880753478, 53.488958826495725, 51.10698285547551), (10.204323912054669, 53.488944768873914, 51.10655719402712), (10.204323912054669, 53.488944768873914, 51.01219384733122), (10.204300507215557, 53.488934801743426, 51.0119092107052), (10.204323912054683, 53.48894476887389, 51.0121938472148), (10.204323912054683, 53.48894476887389, 51.1065571939107), (10.204300507215557, 53.488934801743426, 51.1062725574011), (10.204300507215557, 53.488934801743426, 51.0119092107052), (10.204814883689586, 53.48915856022463, 51.02475407044403), (10.204814883689586, 53.48915856022463, 51.11911741713993), (10.204847341323404, 53.48917303483396, 51.1204251939198), (10.204847341323404, 53.48917303483396, 51.0260618472239), (10.204814883689586, 53.48915856022463, 51.02475407044403), (10.204003476307678, 53.489001618977966, 50.18198991776444), (10.204122023682851, 53.489057234673716, 51.08818096667528), (10.204122201293682, 53.48905731369365, 50.92584547610022), (10.204003653918056, 53.489001697998084, 50.01965442718938), (10.204003476307678, 53.489001618977966, 50.18198991776444), (10.204150300152248, 53.48903703939583, 51.102708082064055), (10.204016422517357, 53.48897506199826, 50.084333805250935), (10.204016600127636, 53.48897514101837, 49.92199831455946), (10.204150477763033, 53.48903711841574, 50.940372591488995), (10.204150300152248, 53.48903703939583, 51.102708082064055), (10.203987804206456, 53.4889942664983, 50.06219022767618), (10.204003476307678, 53.489001618977966, 50.18198991799727), (10.204003653918042, 53.48900169799808, 50.019654427305795), (10.203987981816779, 53.488994345518435, 49.89985473710112), (10.203987804206456, 53.4889942664983, 50.06219022767618), (10.204016422517375, 53.48897506199826, 50.08433380528004), (10.204016600127654, 53.48897514101837, 49.92199831458856), (10.20398798181678, 53.488994345518435, 49.89985473701381), (10.203987804206482, 53.48899426649829, 50.06219022770529), (10.204016422517375, 53.48897506199826, 50.08433380528004), (10.206561756857159, 53.490206965236524, 51.20736861357), (10.20655238448618, 53.4902022007197, 51.20911692851223), (10.20655238448618, 53.4902022007197, 51.04608794639353), (10.206561756857159, 53.490206965236524, 51.04433963133488), (10.206561756857159, 53.490206965236524, 51.20736861357), (10.20658052745253, 53.490216476151566, 51.20388528367039), (10.206561756857145, 53.49020696523651, 51.20736861357), (10.206561756857145, 53.49020696523651, 51.04433963133488), (10.20658052745253, 53.490216476151566, 51.040856301551685), (10.20658052745253, 53.490216476151566, 51.20388528367039), (10.206599332446233, 53.490225962871534, 51.200419700937346), (10.206580527452543, 53.490216476151566, 51.20388528367039), (10.206580527452543, 53.490216476151566, 51.040856301551685), (10.206599332446233, 53.490225962871534, 51.03739071870223), (10.206599332446233, 53.490225962871534, 51.200419700937346), (10.206618171750524, 53.49023542535213, 51.196971881436184), (10.206599332446217, 53.49022596287152, 51.200419700937346), (10.206599332446217, 53.49022596287152, 51.03739071881864), (10.206618171750524, 53.49023542535213, 51.033942899201065), (10.206618171750524, 53.49023542535213, 51.196971881436184), (10.206637045277589, 53.490244863549286, 51.19354184099939), (10.20661817175051, 53.49023542535213, 51.19697188131977), (10.20661817175051, 53.49023542535213, 51.03394289908465), (10.206637045277589, 53.490244863549286, 51.03051285876427), (10.206637045277589, 53.490244863549286, 51.19354184099939), (10.206655952939466, 53.49025427741896, 51.1901295959251), (10.206637045277589, 53.49024486354929, 51.19354184099939), (10.206637045277589, 53.49024486354929, 51.03051285876427), (10.206655952939466, 53.49025427741896, 51.02710061368998), (10.206655952939466, 53.49025427741896, 51.1901295959251), (10.206674894647966, 53.49026366691725, 51.18673516192939), (10.206655952939464, 53.49025427741895, 51.1901295959251), (10.206655952939464, 53.49025427741895, 51.02710061368998), (10.206674894647966, 53.49026366691725, 51.02370617981069), (10.206674894647966, 53.49026366691725, 51.18673516192939), (10.206693870314787, 53.49027303200036, 51.18335855496116), (10.206693870314787, 53.49027303200036, 51.020329572842456), (10.206674894647966, 53.49026366691725, 51.02370617969427), (10.206674894647966, 53.49026366691725, 51.18673516192939), (10.206693870314787, 53.49027303200036, 51.18335855496116), (10.206712879851445, 53.49028237262464, 51.17999979085289), (10.206712879851445, 53.49028237262464, 51.01697080861777), (10.206693870314787, 53.49027303200036, 51.020329572842456), (10.206693870314787, 53.49027303200036, 51.18335855496116), (10.206712879851445, 53.49028237262464, 51.17999979085289), (10.206731923169292, 53.49029168874648, 51.17665888508782), (10.206731923169292, 53.49029168874648, 51.0136299028527), (10.206712879851429, 53.49028237262464, 51.01697080861777), (10.206712879851429, 53.49028237262464, 51.17999979085289), (10.206731923169292, 53.49029168874648, 51.17665888508782), (10.206751000179574, 53.49030098032246, 51.17333585314918), (10.206731923169306, 53.4902916887465, 51.1766588849714), (10.206731923169306, 53.4902916887465, 51.013629902736284), (10.206751000179574, 53.49030098032246, 51.010306870914064), (10.206751000179574, 53.49030098032246, 51.17333585314918), (10.206770110793338, 53.49031024730927, 51.17003071086947), (10.206751000179603, 53.490300980322445, 51.1733358532656), (10.206751000179603, 53.490300980322445, 51.01030687103048), (10.206770110793338, 53.49031024730927, 51.00700172863435), (10.206770110793338, 53.49031024730927, 51.17003071086947), (10.206789254921459, 53.490319489663634, 51.16674347326625), (10.206770110793338, 53.49031024730927, 51.17003071086947), (10.206770110793338, 53.49031024730927, 51.00700172863435), (10.206789254921459, 53.490319489663634, 51.00371449114755), (10.206789254921459, 53.490319489663634, 51.16674347326625), (10.20680843247468, 53.49032870734252, 51.163474155939184), (10.206789254921446, 53.49031948966365, 51.16674347326625), (10.206789254921446, 53.49031948966365, 51.00371449103113), (10.20680843247468, 53.49032870734252, 51.000445173704065), (10.20680843247468, 53.49032870734252, 51.163474155939184), (10.206827643363601, 53.490337900302904, 51.16022277402226), (10.20680843247468, 53.49032870734252, 51.163474155939184), (10.20680843247468, 53.49032870734252, 51.00044517382048), (10.206827643363601, 53.490337900302904, 50.997193791903555), (10.206827643363601, 53.490337900302904, 51.16022277402226), (10.20684688749863, 53.49034706850192, 51.15698934264947), (10.2068276433636, 53.49033790030292, 51.16022277402226), (10.2068276433636, 53.49033790030292, 50.99719379178714), (10.20684688749863, 53.49034706850192, 50.99396036041435), (10.20684688749863, 53.49034706850192, 51.15698934264947), (10.20686616479005, 53.490356211896795, 51.15377387707122), (10.206846887498642, 53.49034706850191, 51.15698934264947), (10.206846887498642, 53.49034706850191, 50.993960360530764), (10.20686616479005, 53.490356211896795, 50.9907448948361), (10.20686616479005, 53.490356211896795, 51.15377387707122), (10.206885475147978, 53.490365330444874, 51.15057639207225), (10.20686616479005, 53.49035621189678, 51.15377387707122), (10.20686616479005, 53.49035621189678, 50.9907448948361), (10.206885475147978, 53.490365330444874, 50.987547409837134), (10.206885475147978, 53.490365330444874, 51.15057639207225), (10.206904818482384, 53.490374424103685, 51.14739690267015), (10.206904818482384, 53.490374424103685, 50.984367920435034), (10.206885475147978, 53.490365330444874, 50.98754740995355), (10.206885475147978, 53.490365330444874, 51.15057639207225), (10.206904818482384, 53.490374424103685, 51.14739690267015), (10.206924194703056, 53.49038349283079, 51.144235423533246), (10.206904818482386, 53.49037442410369, 51.14739690255374), (10.206904818482386, 53.49037442410369, 50.984367920435034), (10.206924194703056, 53.49038349283079, 50.98120644129813), (10.206924194703056, 53.49038349283079, 51.144235423533246), (10.20692443424369, 53.49038495584536, 51.14341310947202), (10.20692443424369, 53.49038495584536, 50.9803841272369), (10.206924194703074, 53.490383492830794, 50.98120644129813), (10.206924194703074, 53.490383492830794, 51.144235423533246), (10.20692443424369, 53.49038495584536, 51.14341310947202), (10.206925548654139, 53.49039194674915, 51.13948047487065), (10.206924434243692, 53.49038495584536, 51.14341310947202), (10.206924434243692, 53.49038495584536, 50.98038412735332), (10.206925548654139, 53.49039194674915, 50.97645149263553), (10.206925548654139, 53.49039194674915, 51.13948047487065), (10.206917412995596, 53.490397751264815, 51.13523487455677), (10.206925548654143, 53.49039194674915, 51.13948047475424), (10.206925548654143, 53.49039194674915, 50.97645149251912), (10.206917412995596, 53.490397751264815, 50.97220589243807), (10.206917412995596, 53.490397751264815, 51.13523487455677), (10.20690000117606, 53.490390041194324, 51.13782116654329), (10.20690000117606, 53.490390041194324, 50.97479218430817), (10.206917412995603, 53.490397751264815, 50.97220589243807), (10.206917412995603, 53.490397751264815, 51.13523487455677), (10.20690000117606, 53.490390041194324, 51.13782116654329), (10.206882784455503, 53.49040271072385, 51.128612817730755), (10.206882784455503, 53.49040271072385, 50.965583835495636), (10.206900001176074, 53.490390041194345, 50.97479218442459), (10.206900001176074, 53.490390041194345, 51.13782116654329), (10.206882784455503, 53.49040271072385, 51.128612817730755), (10.20689706529755, 53.49040990963038, 51.12598413415253), (10.206882784455496, 53.490402710723856, 51.12861281761434), (10.206882784455496, 53.490402710723856, 50.965583835495636), (10.20689706529755, 53.49040990963038, 50.96295515191741), (10.20689706529755, 53.49040990963038, 51.12598413415253), (10.206874817049048, 53.49042657493125, 51.11391471722163), (10.206874817049048, 53.49042657493125, 50.950885734986514), (10.206897065297564, 53.49040990963038, 50.96295515191741), (10.206897065297564, 53.49040990963038, 51.125984134036116), (10.206874817049048, 53.49042657493125, 51.11391471722163), (10.206832779448192, 53.490408358898726, 51.11992778396234), (10.206832779448192, 53.490408358898726, 50.95689880172722), (10.206874817049048, 53.49042657493126, 50.950885734986514), (10.206874817049048, 53.49042657493126, 51.11391471710522), (10.206832779448192, 53.490408358898726, 51.11992778396234), (10.20686271940274, 53.49038696819078, 51.13556912378408), (10.20686271940274, 53.49038696819078, 50.97254014154896), (10.206832779448211, 53.49040835889872, 50.95689880172722), (10.206832779448211, 53.49040835889872, 51.11992778396234), (10.20686271940274, 53.49038696819078, 51.13556912378408), (10.206260270855093, 53.490090382132244, 51.24234108882956), (10.206260270855093, 53.490090382132244, 51.07931210671086), (10.206862719402723, 53.490386968190805, 50.97254014154896), (10.206862719402723, 53.490386968190805, 51.135569123667665), (10.206260270855093, 53.490090382132244, 51.24234108882956), (10.20655238448618, 53.4902022007197, 51.209116928628646), (10.20655238448618, 53.4902022007197, 51.04608794639353), (10.206288652998367, 53.49007099647114, 51.093622478540055), (10.206288652998367, 53.49007099647114, 51.256651460775174), (10.20655238448618, 53.4902022007197, 51.209116928628646), (10.204888851179165, 53.4893783261519, 51.12686989456415), (10.204888851179165, 53.4893783261519, 50.963869894621894), (10.204840306048968, 53.48935539249331, 50.96248666953761), (10.204840306048968, 53.48935539249331, 51.125486669596285), (10.204888851179165, 53.4893783261519, 51.12686989456415), (10.204937291526624, 53.48940133850033, 51.12819769186899), (10.204937291526624, 53.48940133850033, 50.96519769181032), (10.204888851179165, 53.4893783261519, 50.963869894621894), (10.204888851179165, 53.4893783261519, 51.12686989468057), (10.204937291526624, 53.48940133850033, 51.12819769186899), (10.204985626732668, 53.48942442936828, 51.12947005138267), (10.204937291526626, 53.48940133850033, 51.128197691752575), (10.204937291526626, 53.48940133850033, 50.96519769181032), (10.204985626732668, 53.48942442936828, 50.966470051323995), (10.204985626732668, 53.48942442936828, 51.12947005138267), (10.205033856439341, 53.489447598584825, 51.130686963908374), (10.205033856439341, 53.489447598584825, 50.9676869638497), (10.204985626732682, 53.48942442936827, 50.96647005144041), (10.204985626732682, 53.48942442936827, 51.12947005138267), (10.205033856439341, 53.489447598584825, 51.130686963908374), (10.205081980289492, 53.48947084597848, 51.1318484202493), (10.205081980289492, 53.48947084597848, 50.96884842030704), (10.205033856439329, 53.489447598584825, 50.9676869638497), (10.205033856439329, 53.489447598584825, 51.130686963908374), (10.205081980289492, 53.48947084597848, 51.1318484202493), (10.205129997926788, 53.489494171377196, 51.13295441190712), (10.205081980289492, 53.489470845978495, 51.1318484202493), (10.205081980289492, 53.489470845978495, 50.968848420190625), (10.205129997926788, 53.489494171377196, 50.96995441184845), (10.205129997926788, 53.489494171377196, 51.13295441190712), (10.205177908995623, 53.48951757460828, 51.13400493084919), (10.205129997926802, 53.489494171377196, 51.13295441202354), (10.205129997926802, 53.489494171377196, 50.96995441196486), (10.205177908995623, 53.48951757460828, 50.971004930790514), (10.205177908995623, 53.48951757460828, 51.13400493084919), (10.205225713141218, 53.489541055498535, 51.13499996881001), (10.205225713141218, 53.489541055498535, 50.97199996886775), (10.205177908995623, 53.48951757460828, 50.9710049306741), (10.205177908995623, 53.48951757460828, 51.13400493073277), (10.205225713141218, 53.489541055498535, 51.13499996881001), (10.205273410009537, 53.489564613874165, 51.13593951892108), (10.205225713141203, 53.489541055498535, 51.13499996881001), (10.205225713141203, 53.489541055498535, 50.97199996886775), (10.205273410009537, 53.489564613874165, 50.972939518862404), (10.205273410009537, 53.489564613874165, 51.13593951892108), (10.205320999247409, 53.489588249560775, 51.13682357408106), (10.205273410009537, 53.489564613874165, 51.13593951892108), (10.205273410009537, 53.489564613874165, 50.97293951897882), (10.205320999247409, 53.489588249560775, 50.97382357402239), (10.205320999247409, 53.489588249560775, 51.13682357408106), (10.205368480502402, 53.489611962383435, 51.13765212765429), (10.205368480502402, 53.489611962383435, 50.97465212759562), (10.205320999247407, 53.48958824956075, 50.97382357402239), (10.205320999247407, 53.48958824956075, 51.13682357408106), (10.205368480502402, 53.489611962383435, 51.13765212765429), (10.205415853422876, 53.48963575216663, 51.13842517347075), (10.205368480502388, 53.489611962383435, 51.137652127537876), (10.205368480502388, 53.489611962383435, 50.97465212759562), (10.205415853422876, 53.48963575216663, 50.97542517341208), (10.205415853422876, 53.48963575216663, 51.13842517347075), (10.205463117658065, 53.48965961873428, 51.139142705942504), (10.205463117658065, 53.48965961873428, 50.976142706000246), (10.205415853422892, 53.489635752166635, 50.97542517352849), (10.205415853422892, 53.489635752166635, 51.13842517347075), (10.205463117658065, 53.48965961873428, 51.139142705942504), (10.205486708909225, 53.48967158075707, 51.139480652986094), (10.205486708909225, 53.48967158075707, 50.97648065292742), (10.205463117658049, 53.48965961873429, 50.97614270588383), (10.205463117658049, 53.48965961873429, 51.139142705942504), (10.205486708909225, 53.48967158075707, 51.139480652986094), (10.204150300152392, 53.4890370393959, 51.10270808311179), (10.20415030015225, 53.48903703939585, 51.102708082064055), (10.204150477763033, 53.48903711841574, 50.940372591488995), (10.204150477763175, 53.4890371184158, 50.94037259253673), (10.204150300152392, 53.4890370393959, 51.10270808311179), (10.20415030015347, 53.489037039396415, 51.102708091260865), (10.204150300152392, 53.489037039395896, 51.10270808311179), (10.20415047776319, 53.4890371184158, 50.94037259253673), (10.204150477764255, 53.489037118416306, 50.940372600685805), (10.20415030015347, 53.489037039396415, 51.102708091260865), (10.204596021265678, 53.48924191046863, 51.117739500128664), (10.204546855014994, 53.48921945249332, 51.116023937705904), (10.204546855014994, 53.48921945249332, 50.95302393764723), (10.204596021265678, 53.48924191046863, 50.954739500186406), (10.204596021265678, 53.48924191046863, 51.117739500128664), (10.204645084901967, 53.48926444814351, 51.11939970229287), (10.204645084901967, 53.48926444814351, 50.956399702234194), (10.204596021265663, 53.48924191046863, 50.95473950006999), (10.204596021265663, 53.48924191046863, 51.11773950001225), (10.204645084901967, 53.48926444814351, 51.11939970229287), (10.204694045560622, 53.48928706535113, 51.121004531974904), (10.204694045560622, 53.48928706535113, 50.958004532032646), (10.204645084901967, 53.489264448143516, 50.956399702234194), (10.204645084901967, 53.489264448143516, 51.11939970229287), (10.204694045560622, 53.48928706535113, 51.121004531974904), (10.204742902879081, 53.489309761924034, 51.12255397741683), (10.204694045560636, 53.489287065351135, 51.12100453209132), (10.204694045560636, 53.489287065351135, 50.958004532032646), (10.204742902879081, 53.489309761924034, 50.95955397747457), (10.204742902879081, 53.489309761924034, 51.12255397741683), (10.204546855015007, 53.489219452493316, 51.11602393758949), (10.20415030015347, 53.4890370393964, 51.102708091260865), (10.20415030015347, 53.4890370393964, 50.93970809120219), (10.204546855015007, 53.489219452493316, 50.95302393764723), (10.204546855015007, 53.489219452493316, 51.11602393758949), (10.204791656495539, 53.4893325376943, 51.12404802686069), (10.204791656495539, 53.4893325376943, 50.961048026918434), (10.20474290287908, 53.48930976192403, 50.959553977358155), (10.20474290287908, 53.48930976192403, 51.12255397741683), (10.204791656495539, 53.4893325376943, 51.12404802686069), (10.204840306048983, 53.48935539249331, 51.125486669596285), (10.204840306048983, 53.48935539249331, 50.96248666953761), (10.204791656495551, 53.4893325376943, 50.961048026918434), (10.204791656495551, 53.4893325376943, 51.12404802697711), (10.204840306048983, 53.48935539249331, 51.125486669596285), (10.204122023682867, 53.48905723467372, 51.08818096690811), (10.205452465918915, 53.48969600784386, 51.12190038058907), (10.205452465918915, 53.48969600784386, 50.958900380530395), (10.204122023682867, 53.48905723467372, 50.925180966965854), (10.204122023682867, 53.48905723467372, 51.08818096690811), (10.2054524659189, 53.48969600784385, 51.12190038058907), (10.206260270855093, 53.49009038213222, 51.24234108894598), (10.206260270855093, 53.49009038213222, 51.079341088887304), (10.2054524659189, 53.48969600784385, 50.958900380530395), (10.2054524659189, 53.48969600784385, 51.12190038058907), (10.20628865299838, 53.49007099647113, 51.25665146065876), (10.205486708909225, 53.48967158075707, 51.139480652986094), (10.205486708909225, 53.48967158075707, 50.97648065292742), (10.20628865299838, 53.49007099647113, 51.0936514607165), (10.20628865299838, 53.49007099647113, 51.25665146065876), (10.20400365319399, 53.48900169767592, 50.02031622780487), (10.20400473005582, 53.489002178072, 49.035350027959794), (10.204123100369696, 53.489057714994004, 49.94045713741798), (10.20412202350511, 53.489057234599, 50.92542333737947), (10.20400365319399, 53.48900169767592, 50.02031622780487), (10.20414893158571, 53.48903801731582, 50.93892928538844), (10.204029955286382, 53.488983204633854, 50.03527740878053), (10.204031032148036, 53.48898368502972, 49.050311208935454), (10.204150008450103, 53.489038497710595, 49.95396308565978), (10.20414893158571, 53.48903801731582, 50.93892928538844), (10.204029955286392, 53.488983204633854, 50.035277408664115), (10.204031032148045, 53.48898368502971, 49.050311208935454), (10.204004730055805, 53.48900217807202, 49.035350027959794), (10.204003653193976, 53.489001697675924, 50.02031622786308), (10.204029955286392, 53.488983204633854, 50.035277408664115), (10.204122023678702, 53.489057234676444, 50.92526456480846), (10.204122023678702, 53.489057234676444, 49.93626456486527), (10.205452465921509, 53.48969600784184, 49.96984300366603), (10.205452465921509, 53.48969600784184, 50.95884300360922), (10.204122023678702, 53.489057234676444, 50.92526456480846), (10.20454547156314, 53.48922053383837, 50.95211923390161), (10.20414893158571, 53.48903801731582, 50.938929285272025), (10.20414893158571, 53.48903801731582, 49.94992928521242), (10.20454547156314, 53.48922053383837, 49.96311923395842), (10.20454547156314, 53.48922053383837, 50.95211923390161), (10.204594632860756, 53.48924298955095, 50.95382383314427), (10.204545471563167, 53.48922053383835, 50.95211923390161), (10.204545471563167, 53.48922053383835, 49.96311923384201), (10.204594632860756, 53.48924298955095, 49.96482383320108), (10.204594632860756, 53.48924298955095, 50.95382383314427), (10.204643691554297, 53.489265524955094, 50.955473716021515), (10.204594632860756, 53.48924298955095, 50.953823833260685), (10.204594632860756, 53.48924298955095, 49.96482383320108), (10.204643691554297, 53.489265524955094, 49.96647371596191), (10.204643691554297, 53.489265524955094, 50.955473716021515), (10.204692647280488, 53.489288139883975, 50.957068869960494), (10.204692647280488, 53.489288139883975, 49.968068870017305), (10.204643691554285, 53.489265524955094, 49.96647371596191), (10.204643691554285, 53.489265524955094, 50.9554737159051), (10.204692647280488, 53.489288139883975, 50.957068869960494), (10.204741500201756, 53.48931083379821, 50.95860954874661), (10.204741500201756, 53.48931083379821, 49.969609548687), (10.2046926472805, 53.48928813988397, 49.96806886990089), (10.2046926472805, 53.48928813988397, 50.95706886984408), (10.204741500201756, 53.48931083379821, 50.95860954874661), (10.20479024838164, 53.489333607645776, 50.96009494480677), (10.204741500201742, 53.48931083379821, 50.95860954863019), (10.204741500201742, 53.48931083379821, 49.969609548687), (10.20479024838164, 53.489333607645776, 49.971094944747165), (10.20479024838164, 53.489333607645776, 50.96009494480677), (10.204838893033859, 53.489356460142176, 50.96152584324591), (10.204790248381654, 53.489333607645776, 50.96009494480677), (10.204790248381654, 53.489333607645776, 49.97109494486358), (10.204838893033859, 53.489356460142176, 49.97252584330272), (10.204838893033859, 53.489356460142176, 50.96152584324591), (10.20488743327331, 53.489379391490246, 50.96290196815971), (10.20488743327331, 53.489379391490246, 49.97390196810011), (10.204838893033859, 53.489356460142176, 49.972525843186304), (10.204838893033859, 53.489356460142176, 50.96152584324591), (10.20488743327331, 53.489379391490246, 50.96290196815971), (10.204935868740542, 53.48940240152024, 50.964223309303634), (10.204887433273322, 53.48937939149025, 50.96290196815971), (10.204887433273322, 53.48937939149025, 49.97390196821652), (10.204935868740542, 53.48940240152024, 49.975223309360445), (10.204935868740542, 53.48940240152024, 50.964223309303634), (10.204984199076883, 53.489425490061876, 50.965489856898785), (10.204935868740543, 53.48940240152025, 50.964223309303634), (10.204935868740543, 53.48940240152025, 49.975223309360445), (10.204984199076883, 53.489425490061876, 49.97648985683918), (10.204984199076883, 53.489425490061876, 50.965489856898785), (10.205032423924479, 53.48944865694422, 50.96670160139911), (10.204984199076895, 53.489425490061855, 50.96548985678237), (10.204984199076895, 53.489425490061855, 49.97648985683918), (10.205032423924479, 53.48944865694422, 49.97770160145592), (10.205032423924479, 53.48944865694422, 50.96670160139911), (10.20508054292618, 53.48947190199581, 50.96785853418987), (10.205032423924493, 53.48944865694422, 50.966701601515524), (10.205032423924493, 53.48944865694422, 49.97770160145592), (10.20508054292618, 53.48947190199581, 49.97885853424668), (10.20508054292618, 53.48947190199581, 50.96785853418987), (10.205128555725654, 53.48949522504461, 50.968960646307096), (10.205080542926165, 53.48947190199581, 50.96785853407346), (10.205080542926165, 53.48947190199581, 49.97885853413027), (10.205128555725654, 53.48949522504461, 49.97996064636391), (10.205128555725654, 53.48949522504461, 50.968960646307096), (10.205176461967381, 53.489518625917995, 50.97000793006737), (10.205176461967381, 53.489518625917995, 49.98100793000776), (10.205128555725654, 53.48949522504461, 49.97996064648032), (10.205128555725654, 53.48949522504461, 50.96896064642351), (10.205176461967381, 53.489518625917995, 50.97000793006737), (10.205224261296575, 53.48954210444271, 50.971000377088785), (10.205224261296575, 53.48954210444271, 49.982000377145596), (10.205176461967365, 53.489518625917995, 49.98100792989135), (10.205176461967365, 53.489518625917995, 50.97000792995095), (10.205224261296575, 53.48954210444271, 50.971000377088785), (10.20527195335931, 53.48956566044505, 50.971937980502844), (10.205224261296589, 53.48954210444274, 50.9710003772052), (10.205224261296589, 53.48954210444274, 49.982000377145596), (10.20527195335931, 53.48956566044505, 49.982937980559655), (10.20527195335931, 53.48956566044505, 50.971937980502844), (10.205319537802374, 53.4895892937506, 50.97282073320821), (10.205271953359322, 53.48956566044504, 50.971937980502844), (10.205271953359322, 53.48956566044504, 49.98293798044324), (10.205319537802374, 53.4895892937506, 49.983820733148605), (10.205319537802374, 53.4895892937506, 50.97282073320821), (10.205367014273389, 53.489613004184406, 50.97364862868562), (10.205367014273389, 53.489613004184406, 49.98464862862602), (10.20531953780236, 53.4895892937506, 49.983820733148605), (10.20531953780236, 53.4895892937506, 50.97282073320821), (10.205367014273389, 53.489613004184406, 50.97364862868562), (10.20541438242078, 53.48963679157105, 50.974421660765074), (10.205367014273389, 53.489613004184406, 50.97364862868562), (10.205367014273389, 53.489613004184406, 49.98464862862602), (10.20541438242078, 53.48963679157105, 49.98542166070547), (10.20541438242078, 53.48963679157105, 50.974421660765074), (10.205461642418635, 53.48966065536248, 50.975140089169145), (10.20541438242078, 53.489636791571066, 50.974421660765074), (10.20541438242078, 53.489636791571066, 49.985421660821885), (10.205461642418635, 53.48966065536248, 49.98614008910954), (10.205461642418635, 53.48966065536248, 50.975140089169145), (10.205485230768167, 53.48967261655234, 50.975478327600285), (10.205485230768167, 53.48967261655234, 49.986478327657096), (10.205461642418623, 53.48966065536248, 49.98614008910954), (10.205461642418623, 53.48966065536248, 50.975140089169145), (10.205485230768167, 53.48967261655234, 50.975478327600285), (10.206287489432134, 53.4900717947412, 51.09277345694136), (10.205485230771766, 53.489672616549974, 50.975406163721345), (10.205485230771766, 53.489672616549974, 49.986406163778156), (10.206287489432134, 53.4900717947412, 50.10377345699817), (10.206287489432134, 53.4900717947412, 51.09277345694136), (10.205452465917926, 53.48969600784419, 50.95891516795382), (10.205452465917926, 53.48969600784419, 49.969915167894214), (10.206260270856315, 53.490090382131804, 50.09032282046974), (10.206260270856315, 53.490090382131804, 51.079322820412926), (10.205452465917926, 53.48969600784419, 50.95891516795382), (10.20686505330239, 53.490357042566984, 50.99017200595699), (10.206845772978319, 53.490347897733585, 50.99338797770906), (10.206845772978319, 53.490347897733585, 50.00438797764946), (10.20686505330239, 53.490357042566984, 50.00117200589739), (10.20686505330239, 53.490357042566984, 50.99017200595699), (10.206884366698148, 53.49036616254969, 50.98697401769459), (10.206884366698148, 53.49036616254969, 49.99797401763499), (10.206865053302362, 53.49035704256698, 50.00117200589739), (10.206865053302362, 53.49035704256698, 50.99017200595699), (10.206884366698148, 53.49036616254969, 50.98697401769459), (10.20690371307556, 53.49037525763919, 50.98379402782302), (10.206884366698148, 53.49036616254969, 50.98697401769459), (10.206884366698148, 53.49036616254969, 49.99797401763499), (10.20690371307556, 53.49037525763919, 49.99479402776342), (10.20690371307556, 53.49037525763919, 50.98379402782302), (10.206924434242973, 53.49038495584673, 50.98041310312692), (10.206903713075574, 53.490375257639194, 50.98379402770661), (10.206903713075574, 53.490375257639194, 49.99479402776342), (10.206924434242973, 53.49038495584673, 49.99141310318373), (10.206924434242973, 53.49038495584673, 50.98041310312692), (10.206925548654139, 53.49039194674915, 50.97648046922404), (10.206924434242978, 53.49038495584673, 50.980413103243336), (10.206924434242978, 53.49038495584673, 49.99141310318373), (10.206925548654139, 53.49039194674915, 49.987480469280854), (10.206925548654139, 53.49039194674915, 50.97648046922404), (10.206917412995589, 53.490397751264815, 50.972234868910164), (10.206917412995589, 53.490397751264815, 49.983234868966974), (10.206925548654137, 53.49039194674915, 49.98748046916444), (10.206925548654137, 53.49039194674915, 50.97648046922404), (10.206917412995589, 53.490397751264815, 50.972234868910164), (10.206900001176074, 53.490390041194324, 50.97482116112951), (10.206917412995603, 53.490397751264815, 50.972234868910164), (10.206917412995603, 53.490397751264815, 49.983234868966974), (10.206900001176074, 53.490390041194324, 49.98582116106991), (10.206900001176074, 53.490390041194324, 50.97482116112951), (10.206882784455503, 53.49040271072385, 50.965612812084146), (10.206900001176074, 53.490390041194345, 50.97482116112951), (10.206900001176074, 53.490390041194345, 49.98582116118632), (10.206882784455503, 53.49040271072385, 49.97661281214096), (10.206882784455503, 53.49040271072385, 50.965612812084146), (10.20689706529755, 53.49040990963038, 50.96298412827309), (10.20689706529755, 53.49040990963038, 49.9739841283299), (10.206882784455496, 53.490402710723856, 49.97661281202454), (10.206882784455496, 53.490402710723856, 50.96561281196773), (10.20689706529755, 53.49040990963038, 50.96298412827309), (10.206874817049057, 53.490426574931256, 50.95091471110936), (10.206897065297573, 53.49040990963037, 50.96298412827309), (10.206897065297573, 53.49040990963037, 49.97398412821349), (10.206874817049057, 53.490426574931256, 49.96191471116617), (10.206874817049057, 53.490426574931256, 50.95091471110936), (10.206832779448206, 53.49040835889872, 50.95692777854856), (10.206832779448206, 53.49040835889872, 49.967927778488956), (10.206874817049048, 53.49042657493126, 49.96191471116617), (10.206874817049048, 53.49042657493126, 50.95091471122578), (10.206832779448206, 53.49040835889872, 50.95692777854856), (10.20686271940273, 53.490386968190805, 50.97256911860313), (10.20686271940273, 53.490386968190805, 49.98356911865994), (10.206832779448206, 53.49040835889872, 49.967927778488956), (10.206832779448206, 53.49040835889872, 50.956927778432146), (10.20686271940273, 53.490386968190805, 50.97256911860313), (10.206260270855093, 53.490090382132244, 51.07934109226335), (10.206862719402723, 53.490386968190805, 50.97256911848672), (10.206862719402723, 53.490386968190805, 49.98356911854353), (10.206260270855093, 53.490090382132244, 50.090341092203744), (10.206260270855093, 53.490090382132244, 51.07934109226335), (10.206551223636055, 53.490203007159614, 51.045523767825216), (10.206287489425792, 53.49007179475519, 51.093062736443244), (10.206287489425792, 53.49007179475519, 50.104062736500055), (10.206551223636055, 53.490203007159614, 50.05652376788203), (10.206551223636055, 53.490203007159614, 51.045523767825216), (10.206560597481436, 53.49020777242604, 51.04377517767716), (10.206551223636055, 53.490203007159614, 51.045523767825216), (10.206551223636055, 53.490203007159614, 50.05652376776561), (10.206560597481436, 53.49020777242604, 50.05477517761756), (10.206560597481436, 53.49020777242604, 51.04377517767716), (10.206579371029703, 53.49021728483739, 51.0402912995778), (10.206560597481436, 53.49020777242602, 51.04377517756075), (10.206560597481436, 53.49020777242602, 50.05477517761756), (10.206579371029703, 53.49021728483739, 50.0512912995182), (10.206579371029703, 53.49021728483739, 51.0402912995778), (10.206598178981691, 53.490226773049876, 51.03682517132256), (10.206598178981691, 53.490226773049876, 50.04782517126296), (10.206579371029713, 53.49021728483739, 50.0512912995182), (10.206579371029713, 53.49021728483739, 51.0402912995778), (10.206598178981691, 53.490226773049876, 51.03682517132256), (10.206617021249704, 53.49023623701922, 51.03337680909317), (10.206617021249704, 53.49023623701922, 50.04437680914998), (10.206598178981691, 53.490226773049876, 50.04782517137937), (10.206598178981691, 53.490226773049876, 51.03682517132256), (10.206617021249704, 53.49023623701922, 51.03337680909317), (10.206635897745839, 53.49024567670125, 51.02994622895494), (10.206635897745839, 53.49024567670125, 50.040946228895336), (10.206617021249674, 53.49023623701922, 50.04437680914998), (10.206617021249674, 53.49023623701922, 51.03337680909317), (10.206635897745839, 53.49024567670125, 51.02994622895494), (10.206654808382178, 53.490255092051996, 51.02653344674036), (10.206654808382178, 53.490255092051996, 50.03753344679717), (10.206635897745869, 53.49024567670125, 50.040946228895336), (10.206635897745869, 53.49024567670125, 51.02994622895494), (10.206654808382178, 53.490255092051996, 51.02653344674036), (10.206673753070492, 53.49026448302749, 51.023138478631154), (10.206673753070492, 53.49026448302749, 50.03413847857155), (10.206654808382178, 53.490255092051996, 50.03753344679717), (10.206654808382178, 53.490255092051996, 51.02653344674036), (10.206673753070492, 53.49026448302749, 51.023138478631154), (10.20669273172247, 53.490273849584014, 51.01976134022698), (10.206673753070508, 53.4902644830275, 51.023138478631154), (10.206673753070508, 53.4902644830275, 50.034138478687964), (10.20669273172247, 53.490273849584014, 50.03076134028379), (10.20669273172247, 53.490273849584014, 51.01976134022698), (10.206711744249612, 53.49028319167782, 51.016402047360316), (10.206711744249612, 53.49028319167782, 50.02740204741713), (10.20669273172247, 53.490273849584014, 50.03076134028379), (10.20669273172247, 53.490273849584014, 51.01976134022698), (10.206711744249612, 53.49028319167782, 51.016402047360316), (10.206730790563286, 53.490292509265366, 51.013060615747236), (10.206730790563286, 53.490292509265366, 50.02406061568763), (10.206711744249626, 53.49028319167782, 50.02740204741713), (10.206711744249626, 53.49028319167782, 51.016402047360316), (10.206730790563286, 53.490292509265366, 51.013060615747236), (10.206749870574676, 53.49030180230317, 51.009737060870975), (10.206749870574676, 53.49030180230317, 50.020737060927786), (10.20673079056327, 53.49029250926536, 50.02406061568763), (10.20673079056327, 53.49029250926536, 51.013060615747236), (10.206749870574676, 53.49030180230317, 51.009737060870975), (10.206768984194806, 53.49031107074793, 51.00643139821477), (10.206768984194806, 53.49031107074793, 50.01743139827158), (10.206749870574676, 53.490301802303186, 50.02073706081137), (10.206749870574676, 53.490301802303186, 51.009737060870975), (10.206768984194806, 53.49031107074793, 51.00643139821477), (10.206788131334621, 53.49032031455641, 51.003143643494695), (10.206788131334621, 53.49032031455641, 50.01414364343509), (10.206768984194836, 53.49031107074793, 50.017431398388), (10.206768984194836, 53.49031107074793, 51.00643139833119), (10.206788131334621, 53.49032031455641, 51.003143643494695), (10.206807311904791, 53.490329533685475, 50.99987381149549), (10.206807311904791, 53.490329533685475, 50.010873811435886), (10.206788131334621, 53.49032031455641, 50.014143643318675), (10.206788131334621, 53.49032031455641, 51.00314364337828), (10.206807311904791, 53.490329533685475, 50.99987381149549), (10.206826525815886, 53.49033872809217, 50.99662191781681), (10.206826525815886, 53.49033872809217, 50.00762191787362), (10.206807311904791, 53.490329533685475, 50.010873811435886), (10.206807311904791, 53.490329533685475, 50.99987381149549), (10.206826525815886, 53.49033872809217, 50.99662191781681), (10.206845772978308, 53.4903478977336, 50.99338797770906), (10.206845772978308, 53.4903478977336, 50.00438797764946), (10.20682652581587, 53.49033872809217, 50.00762191787362), (10.20682652581587, 53.49033872809217, 50.996621917933226), (10.206845772978308, 53.4903478977336, 50.99338797770906), (10.204355646803759, 53.488959851713986, 51.0147741913097), (10.204188057225059, 53.48888839933337, 51.01261998596601), (10.204188057225059, 53.48888839933337, 49.962619985919446), (10.204355646803759, 53.488959851713986, 49.96477419126313), (10.204355646803759, 53.488959851713986, 51.0147741913097), (10.2041702186477, 53.48890296909589, 51.178280750173144), (10.2041702186477, 53.48890296909589, 50.12828075024299), (10.204130873188802, 53.48893486776988, 50.19548568117898), (10.204130873188802, 53.48893486776988, 51.24548568110913), (10.2041702186477, 53.48890296909589, 51.178280750173144), (10.204188057225071, 53.48888839933337, 51.01261998596601), (10.204170200773692, 53.48890298433584, 51.04344929254148), (10.204170200773692, 53.48890298433584, 49.993449292494915), (10.204188057225071, 53.48888839933337, 49.962619985919446), (10.204188057225071, 53.48888839933337, 51.01261998596601), (10.207073225096215, 53.49033708808483, 50.030538423219696), (10.207073225096215, 53.49033708808483, 51.08053842326626), (10.206709412739064, 53.49015477790719, 51.12969830597285), (10.206709412739064, 53.49015477790719, 50.0796983060427), (10.207073225096215, 53.49033708808483, 50.030538423219696), (10.206780744255223, 53.49010616440026, 49.969577674986795), (10.207143324240446, 53.49028803741527, 49.92079935048241), (10.207143324240446, 53.49028803741527, 50.97079935052898), (10.206780744255223, 53.49010616440026, 51.01957767503336), (10.206780744255223, 53.49010616440026, 49.969577674986795), (10.207143324240459, 53.49028803741526, 49.92079935048241), (10.207143324240459, 53.49028803741526, 50.97079935052898), (10.20707322509623, 53.490337088084814, 51.08053842326626), (10.20707322509623, 53.490337088084814, 50.03053842333611), (10.207143324240459, 53.49028803741526, 49.92079935048241), (10.206680294112664, 53.4901744293091, 50.12442088557873), (10.20612951152208, 53.489898907702916, 50.19942529336549), (10.20612951152208, 53.489898907702916, 51.249425293295644), (10.206680294112664, 53.4901744293091, 51.17442088550888), (10.206680294112664, 53.4901744293091, 50.12442088557873), (10.206709412739077, 53.49015477790719, 50.079698305926286), (10.206680294112678, 53.49017442930909, 50.124420885462314), (10.206680294112678, 53.49017442930909, 51.174420885392465), (10.206709412739077, 53.49015477790719, 51.12969830597285), (10.206709412739077, 53.49015477790719, 50.079698305926286), (10.206766572273102, 53.490099054007565, 49.97148240043316), (10.206780744255235, 53.49010616440025, 49.969577674986795), (10.206780744255235, 53.49010616440025, 51.01957767503336), (10.206766572273102, 53.490099054007565, 51.02148240047973), (10.206766572273102, 53.490099054007565, 49.97148240043316), (10.206738221363448, 53.490084838152555, 49.97530282475054), (10.206738221363448, 53.490084838152555, 51.02530282479711), (10.206766572273102, 53.49009905400755, 51.02148240047973), (10.206766572273102, 53.49009905400755, 49.971482400549576), (10.206738221363448, 53.490084838152555, 49.97530282475054), (10.206709861196842, 53.4900706288732, 49.97913787967991), (10.206738221363462, 53.49008483815258, 49.97530282475054), (10.206738221363462, 53.49008483815258, 51.02530282468069), (10.206709861196842, 53.4900706288732, 51.02913787961006), (10.206709861196842, 53.4900706288732, 49.97913787967991), (10.20668149177755, 53.490056426171606, 49.98298756463919), (10.20668149177755, 53.490056426171606, 51.032987564685754), (10.206709861196828, 53.4900706288732, 51.02913787961006), (10.206709861196828, 53.4900706288732, 49.97913787967991), (10.20668149177755, 53.490056426171606, 49.98298756463919), (10.206653113109926, 53.4900422300499, 49.98685187927913), (10.206653113109926, 53.4900422300499, 51.036851879325695), (10.206681491777577, 53.490056426171606, 51.032987564685754), (10.206681491777577, 53.490056426171606, 49.982987564755604), (10.206653113109926, 53.4900422300499, 49.98685187927913), (10.206624725198193, 53.49002804051027, 49.99073082290124), (10.206653113109912, 53.4900422300499, 49.986851879395545), (10.206653113109912, 53.4900422300499, 51.036851879325695), (10.206624725198193, 53.49002804051027, 51.04073082283139), (10.206624725198193, 53.49002804051027, 49.99073082290124), (10.206596328046711, 53.490013857554814, 49.9946243945742), (10.206596328046711, 53.490013857554814, 51.04462439462077), (10.206624725198193, 53.49002804051027, 51.04073082283139), (10.206624725198193, 53.49002804051027, 49.990730822784826), (10.206596328046711, 53.490013857554814, 49.9946243945742), (10.206567921659737, 53.489999681185736, 49.99853259429801), (10.206567921659737, 53.489999681185736, 51.04853259434458), (10.206596328046711, 53.490013857554814, 51.044624394737184), (10.206596328046711, 53.490013857554814, 49.99462439469062), (10.206567921659737, 53.489999681185736, 49.99853259429801), (10.206539506041615, 53.48998551140516, 50.00245542090852), (10.206539506041615, 53.48998551140516, 51.052455420955084), (10.206567921659751, 53.489999681185765, 51.04853259422816), (10.206567921659751, 53.489999681185765, 49.9985325941816), (10.206539506041615, 53.48998551140516, 50.00245542090852), (10.206511081196586, 53.48997134821514, 50.006392874289304), (10.206511081196586, 53.48997134821514, 51.056392874219455), (10.2065395060416, 53.489985511405145, 51.052455420955084), (10.2065395060416, 53.489985511405145, 50.00245542102493), (10.206511081196586, 53.48997134821514, 50.006392874289304), (10.206482647129004, 53.489957191617926, 50.01034495350905), (10.206482647129004, 53.489957191617926, 51.060344953555614), (10.206511081196586, 53.48997134821514, 51.056392874219455), (10.206511081196586, 53.48997134821514, 50.006392874289304), (10.206482647129004, 53.489957191617926, 50.01034495350905), (10.206454203843162, 53.489943041615604, 50.0143116582185), (10.206482647129004, 53.489957191617926, 50.01034495350905), (10.206482647129004, 53.489957191617926, 51.060344953555614), (10.206454203843162, 53.489943041615604, 51.064311658148654), (10.206454203843162, 53.489943041615604, 50.0143116582185), (10.206425751343355, 53.48992889821034, 50.01829298760276), (10.206425751343355, 53.48992889821034, 51.06829298764933), (10.20645420384316, 53.48994304161559, 51.064311658148654), (10.20645420384316, 53.48994304161559, 50.0143116582185), (10.206425751343355, 53.48992889821034, 50.01829298760276), (10.206397289633879, 53.48991476140424, 50.02228894107975), (10.206397289633879, 53.48991476140424, 51.07228894112632), (10.20642575134334, 53.489928898210316, 51.068292987532914), (10.20642575134334, 53.489928898210316, 50.01829298760276), (10.206397289633879, 53.48991476140424, 50.02228894107975), (10.206368818719103, 53.48990063119947, 50.026299518183805), (10.206397289633893, 53.48991476140424, 50.02228894107975), (10.206397289633893, 53.48991476140424, 51.07228894112632), (10.206368818719103, 53.48990063119947, 51.07629951823037), (10.206368818719103, 53.48990063119947, 50.026299518183805), (10.20634033860328, 53.4898865075981, 50.030324718216434), (10.206368818719104, 53.489900631199454, 50.026299518183805), (10.206368818719104, 53.489900631199454, 51.07629951823037), (10.20634033860328, 53.4898865075981, 51.080324718263), (10.20634033860328, 53.4898865075981, 50.030324718216434), (10.206311849290708, 53.48987239060239, 50.03436454071198), (10.206311849290708, 53.48987239060239, 51.08436454064213), (10.206340338603267, 53.48988650759812, 51.080324718263), (10.206340338603267, 53.48988650759812, 50.030324718216434), (10.206311849290708, 53.48987239060239, 50.03436454071198), (10.206283350785759, 53.48985828021435, 50.03841898473911), (10.206283350785759, 53.48985828021435, 51.088418984785676), (10.20631184929072, 53.48987239060238, 51.08436454064213), (10.20631184929072, 53.48987239060238, 50.03436454059556), (10.206283350785759, 53.48985828021435, 50.03841898473911), (10.20625484309271, 53.489844176436186, 50.042488050065), (10.20625484309271, 53.489844176436186, 51.09248805011157), (10.206283350785746, 53.48985828021435, 51.088418984785676), (10.206283350785746, 53.48985828021435, 50.038418984855525), (10.20625484309271, 53.489844176436186, 50.042488050065), (10.206226301200623, 53.48983008853571, 50.04660108417738), (10.206226301200623, 53.48983008853571, 51.09660108422395), (10.20625484309271, 53.48984417643619, 51.09248805011157), (10.20625484309271, 53.48984417643619, 50.042488050065), (10.206226301200623, 53.48983008853571, 50.04660108417738), (10.205487747703542, 53.4895792841383, 50.15122162469197), (10.205452952846136, 53.489562093485894, 50.14879804640077), (10.205452952846136, 53.489562093485894, 51.19879804644734), (10.205487747703542, 53.4895792841383, 51.20122162473854), (10.205487747703542, 53.4895792841383, 50.15122162469197), (10.205522530900305, 53.48959648319161, 50.15366380172782), (10.205487747703529, 53.48957928413831, 50.151221624575555), (10.205487747703529, 53.48957928413831, 51.20122162462212), (10.205522530900305, 53.48959648319161, 51.20366380177438), (10.205522530900305, 53.48959648319161, 50.15366380172782), (10.205557302430742, 53.48961369064296, 50.15612457739189), (10.20552253090032, 53.48959648319161, 50.15366380184423), (10.20552253090032, 53.48959648319161, 51.20366380177438), (10.205557302430742, 53.48961369064296, 51.20612457732204), (10.205557302430742, 53.48961369064296, 50.15612457739189), (10.205592062289128, 53.48963090648952, 50.15860395098571), (10.205557302430742, 53.48961369064294, 50.15612457739189), (10.205557302430742, 53.48961369064294, 51.20612457732204), (10.205592062289128, 53.48963090648952, 51.20860395103227), (10.205592062289128, 53.48963090648952, 50.15860395098571), (10.205626810469745, 53.48964813072853, 50.16110192227643), (10.205592062289115, 53.48963090648952, 50.15860395098571), (10.205592062289115, 53.48963090648952, 51.20860395103227), (10.205626810469745, 53.48964813072853, 51.211101922322996), (10.205626810469745, 53.48964813072853, 50.16110192227643), (10.205661546966889, 53.48966536335719, 50.1636184907984), (10.205661546966889, 53.48966536335719, 51.213618490844965), (10.205626810469745, 53.48964813072853, 51.211101922322996), (10.205626810469745, 53.48964813072853, 50.16110192227643), (10.205661546966889, 53.48966536335719, 50.1636184907984), (10.205696271774881, 53.48968260437255, 50.16615365620237), (10.205661546966887, 53.489665363357176, 50.163618490914814), (10.205661546966887, 53.489665363357176, 51.213618490844965), (10.205696271774881, 53.48968260437255, 51.216153656248935), (10.205696271774881, 53.48968260437255, 50.16615365620237), (10.205730984887959, 53.48969985377189, 50.16870741790626), (10.205696271774855, 53.48968260437256, 50.16615365620237), (10.205696271774855, 53.48968260437256, 51.21615365613252), (10.205730984887959, 53.48969985377189, 51.21870741783641), (10.205730984887959, 53.48969985377189, 50.16870741790626), (10.205765686300525, 53.48971711155237, 50.17127977556083), (10.205730984887989, 53.48969985377189, 50.16870741790626), (10.205730984887989, 53.48969985377189, 51.21870741783641), (10.205765686300525, 53.48971711155237, 51.2212797756074), (10.205765686300525, 53.48971711155237, 50.17127977556083), (10.205800376006788, 53.48973437771112, 50.17387072893325), (10.205800376006788, 53.48973437771112, 51.22387072897982), (10.205765686300513, 53.489717111552366, 51.2212797756074), (10.205765686300513, 53.489717111552366, 50.17127977567725), (10.205800376006788, 53.48973437771112, 50.17387072893325), (10.205835054001108, 53.48975165224537, 50.17648027720861), (10.205835054001108, 53.48975165224537, 51.22648027725518), (10.2058003760068, 53.48973437771114, 51.2238707288634), (10.2058003760068, 53.48973437771114, 50.17387072881684), (10.205835054001108, 53.48975165224537, 50.17648027720861), (10.205869720277741, 53.48976893515226, 50.17910842038691), (10.205835054001083, 53.48975165224537, 50.17648027732503), (10.205835054001083, 53.48975165224537, 51.22648027725518), (10.205869720277741, 53.48976893515226, 51.22910842043348), (10.205869720277741, 53.48976893515226, 50.17910842038691), (10.20590437483102, 53.48978622642897, 50.18175515776966), (10.205869720277729, 53.489768935152256, 50.17910842038691), (10.205869720277729, 53.489768935152256, 51.22910842031706), (10.20590437483102, 53.48978622642897, 51.23175515769981), (10.20590437483102, 53.48978622642897, 50.18175515776966), (10.2059390176553, 53.48980352607264, 50.18442048900761), (10.2059390176553, 53.48980352607264, 51.23442048893776), (10.205904374831032, 53.48978622642897, 51.231755157816224), (10.205904374831032, 53.48978622642897, 50.18175515776966), (10.2059390176553, 53.48980352607264, 50.18442048900761), (10.205973648744795, 53.48982083408047, 50.18710441351868), (10.205939017655288, 53.48980352607264, 50.18442048889119), (10.205939017655288, 53.48980352607264, 51.23442048893776), (10.205973648744795, 53.48982083408047, 51.23710441356525), (10.205973648744795, 53.48982083408047, 50.18710441351868), (10.206008268093896, 53.48983815044961, 50.18980693118647), (10.206008268093896, 53.48983815044961, 51.23980693123303), (10.205973648744795, 53.489820834080476, 51.237104413681664), (10.205973648744795, 53.489820834080476, 50.1871044136351), (10.206008268093896, 53.48983815044961, 50.18980693118647), (10.206042875696918, 53.48985547517719, 50.192528041196056), (10.20600826809391, 53.489838150449586, 50.18980693118647), (10.20600826809391, 53.489838150449586, 51.23980693111662), (10.206042875696918, 53.48985547517719, 51.24252804124262), (10.206042875696918, 53.48985547517719, 50.192528041196056), (10.206077471548117, 53.48987280826046, 50.195267743314616), (10.206077471548117, 53.48987280826046, 51.24526774336118), (10.20604287569689, 53.4898554751772, 51.24252804124262), (10.20604287569689, 53.4898554751772, 50.192528041196056), (10.206077471548117, 53.48987280826046, 50.195267743314616), (10.206112055641874, 53.489890149696485, 50.1980260371929), (10.206077471548129, 53.48987280826045, 50.19526774343103), (10.206077471548129, 53.48987280826045, 51.24526774336118), (10.206112055641874, 53.489890149696485, 51.248026037123054), (10.206112055641874, 53.489890149696485, 50.1980260371929), (10.206129511522095, 53.48989890770291, 50.19942529324908), (10.206112055641864, 53.489890149696485, 50.19802603707649), (10.206112055641864, 53.489890149696485, 51.24802603700664), (10.206129511522095, 53.48989890770291, 51.249425293295644), (10.206129511522095, 53.48989890770291, 50.19942529324908), (10.206208962157127, 53.48982146528761, 50.04526713863015), (10.206208962157127, 53.48982146528761, 51.0952671385603), (10.206226301193979, 53.48983008854104, 51.09655286127236), (10.206226301193979, 53.48983008854104, 50.04655286134221), (10.206208962157127, 53.48982146528761, 50.04526713863015), (10.206174297031925, 53.48980420624371, 50.042670707800426), (10.206174297031925, 53.48980420624371, 51.092670707730576), (10.206208962157126, 53.489821465287626, 51.09526713867672), (10.206208962157126, 53.489821465287626, 50.04526713863015), (10.206174297031925, 53.48980420624371, 50.042670707800426), (10.206139599638915, 53.489786970286644, 50.04012546967715), (10.206139599638915, 53.489786970286644, 51.0901254696073), (10.206174297031925, 53.48980420624368, 51.092670707730576), (10.206174297031925, 53.48980420624368, 50.042670707800426), (10.206139599638915, 53.489786970286644, 50.04012546967715), (10.206104870021314, 53.48976975743798, 50.03763142740354), (10.206104870021314, 53.48976975743798, 51.08763142733369), (10.206139599638915, 53.489786970286644, 51.090125469490886), (10.206139599638915, 53.489786970286644, 50.040125469560735), (10.206104870021314, 53.48976975743798, 50.03763142740354), (10.206070108222436, 53.489752567719115, 50.03518858423922), (10.206070108222436, 53.489752567719115, 51.08518858428579), (10.206104870021287, 53.48976975743798, 51.087631427450106), (10.206104870021287, 53.48976975743798, 50.03763142740354), (10.206070108222436, 53.489752567719115, 50.03518858423922), (10.206035314285698, 53.48973540115148, 50.032796943211), (10.206035314285698, 53.48973540115148, 51.08279694325756), (10.206070108222466, 53.48975256771913, 51.08518858428579), (10.206070108222466, 53.48975256771913, 50.03518858423922), (10.206035314285698, 53.48973540115148, 50.032796943211), (10.206000488254391, 53.48971825775639, 50.03045650734566), (10.206000488254391, 53.48971825775639, 51.08045650727581), (10.206035314285682, 53.489735401151464, 51.08279694325756), (10.206035314285682, 53.489735401151464, 50.032796943211), (10.206000488254391, 53.48971825775639, 50.03045650734566), (10.205965630171955, 53.48970113755527, 50.02816727932077), (10.205965630171955, 53.48970113755527, 51.078167279367335), (10.206000488254377, 53.48971825775641, 51.08045650727581), (10.206000488254377, 53.48971825775641, 50.030456507229246), (10.205965630171955, 53.48970113755527, 50.02816727932077), (10.205930740081898, 53.489684040569465, 50.02592926227953), (10.205930740081898, 53.489684040569465, 51.0759292623261), (10.205965630171969, 53.48970113755528, 51.078167279367335), (10.205965630171969, 53.48970113755528, 50.02816727932077), (10.205930740081898, 53.489684040569465, 50.02592926227953), (10.20589581802767, 53.489666966820195, 50.023742458899505), (10.20589581802767, 53.489666966820195, 51.07374245894607), (10.205930740081884, 53.489684040569465, 51.0759292623261), (10.205930740081884, 53.489684040569465, 50.02592926227953), (10.20589581802767, 53.489666966820195, 50.023742458899505), (10.205860864052832, 53.48964991632877, 50.02160687185824), (10.205895818027658, 53.48966696682019, 50.023742458899505), (10.205895818027658, 53.48966696682019, 51.07374245894607), (10.205860864052832, 53.48964991632877, 51.071606871904805), (10.205860864052832, 53.48964991632877, 50.02160687185824), (10.205825878200946, 53.48963288911647, 50.01952250383329), (10.205825878200946, 53.48963288911647, 51.06952250387985), (10.205860864052834, 53.48964991632879, 51.071606871904805), (10.205860864052834, 53.48964991632879, 50.02160687185824), (10.205825878200946, 53.48963288911647, 50.01952250383329), (10.205790860515648, 53.48961588520443, 50.0174893575022), (10.205790860515648, 53.48961588520443, 51.06748935743235), (10.205825878200958, 53.48963288911647, 51.06952250376344), (10.205825878200958, 53.48963288911647, 50.01952250383329), (10.205790860515648, 53.48961588520443, 50.0174893575022), (10.205755811040616, 53.4895989046139, 50.015507435426116), (10.205755811040616, 53.4895989046139, 51.06550743535627), (10.20579086051566, 53.48961588520442, 51.067489357548766), (10.20579086051566, 53.48961588520442, 50.0174893575022), (10.205755811040616, 53.4895989046139, 50.015507435426116), (10.205720729819499, 53.48958194736598, 50.013576739816926), (10.205720729819499, 53.48958194736598, 51.06357673986349), (10.205755811040603, 53.4895989046139, 51.06550743535627), (10.205755811040603, 53.4895989046139, 50.0155074353097), (10.205720729819499, 53.48958194736598, 50.013576739816926), (10.205685616896066, 53.48956501348183, 50.0116972734686), (10.205685616896066, 53.48956501348183, 51.06169727339875), (10.205720729819511, 53.48958194736598, 51.06357673986349), (10.205720729819511, 53.48958194736598, 50.01357673993334), (10.205685616896066, 53.48956501348183, 50.0116972734686), (10.20565047231408, 53.48954810298255, 50.00986903847661), (10.20565047231408, 53.48954810298255, 51.05986903840676), (10.20568561689607, 53.48956501348184, 51.06169727339875), (10.20568561689607, 53.48956501348184, 50.0116972734686), (10.20565047231408, 53.48954810298255, 50.00986903847661), (10.205615296117365, 53.489531215889144, 50.00809203705285), (10.205615296117365, 53.489531215889144, 51.058092037099414), (10.20565047231408, 53.48954810298255, 51.05986903840676), (10.20565047231408, 53.48954810298255, 50.00986903847661), (10.205615296117365, 53.489531215889144, 50.00809203705285), (10.205580088349793, 53.48951435222272, 50.00636627164204), (10.205615296117381, 53.489531215889144, 50.00809203705285), (10.205615296117381, 53.489531215889144, 51.058092036983), (10.205580088349793, 53.48951435222272, 51.05636627157219), (10.205580088349793, 53.48951435222272, 50.00636627164204), (10.205544825529755, 53.4894975254794, 50.004724451107904), (10.205544825529755, 53.4894975254794, 51.05472445115447), (10.20558008834978, 53.48951435222273, 51.05636627157219), (10.20558008834978, 53.48951435222273, 50.00636627164204), (10.205544825529755, 53.4894975254794, 50.004724451107904), (10.205000079973734, 53.48924322987024, 51.03464397392236), (10.205000079973734, 53.48924322987024, 49.98464397387579), (10.204985566412807, 53.48923662379842, 49.98434031405486), (10.204985566412807, 53.48923662379842, 51.03434031410143), (10.205000079973734, 53.48924322987024, 51.03464397392236), (10.205029027184588, 53.48925640149887, 51.03524395241402), (10.205029027184588, 53.48925640149887, 49.985243952367455), (10.205000079973734, 53.48924322987024, 49.984643973992206), (10.205000079973734, 53.48924322987024, 51.03464397392236), (10.205029027184588, 53.48925640149887, 51.03524395241402), (10.205057943994172, 53.489269596864546, 51.0358948817011), (10.205029027184588, 53.48925640149887, 51.03524395241402), (10.205029027184588, 53.48925640149887, 49.985243952367455), (10.205057943994172, 53.489269596864546, 49.98589488165453), (10.205057943994172, 53.489269596864546, 51.0358948817011), (10.20508683034773, 53.48928281594227, 51.036596760503016), (10.20508683034773, 53.48928281594227, 49.98659676045645), (10.205057943994174, 53.48926959686454, 49.98589488165453), (10.205057943994174, 53.48926959686454, 51.0358948817011), (10.20508683034773, 53.48928281594227, 51.036596760503016), (10.205115686190576, 53.48929605870705, 51.03734958753921), (10.205086830347732, 53.48928281594229, 51.0365967603866), (10.205086830347732, 53.48928281594229, 49.98659676045645), (10.205115686190576, 53.48929605870705, 49.987349587492645), (10.205115686190576, 53.48929605870705, 51.03734958753921), (10.205144511468063, 53.4893093251338, 51.0381533614127), (10.205144511468063, 53.4893093251338, 49.98815336136613), (10.205115686190561, 53.48929605870703, 49.987349587492645), (10.205115686190561, 53.48929605870703, 51.03734958753921), (10.205144511468063, 53.4893093251338, 51.0381533614127), (10.20517330612565, 53.48932261519745, 51.039008080610074), (10.205144511468074, 53.48930932513381, 51.03815336152911), (10.205144511468074, 53.48930932513381, 49.988153361482546), (10.20517330612565, 53.48932261519745, 49.98900808067992), (10.20517330612565, 53.48932261519745, 51.039008080610074), (10.205202070108776, 53.489335928872805, 51.03991374350153), (10.205202070108776, 53.489335928872805, 49.98991374345496), (10.20517330612566, 53.48932261519744, 49.98900808056351), (10.20517330612566, 53.48932261519744, 51.039008080610074), (10.205202070108776, 53.489335928872805, 51.03991374350153), (10.205230803363003, 53.48934926613468, 51.04087034834083), (10.205230803363003, 53.48934926613468, 49.990870348294266), (10.20520207010879, 53.48933592887282, 49.98991374345496), (10.20520207010879, 53.48933592887282, 51.03991374350153), (10.205230803363003, 53.48934926613468, 51.04087034834083), (10.205259505833922, 53.48936262695785, 51.04187789326534), (10.205259505833922, 53.48936262695785, 49.99187789321877), (10.205230803363003, 53.48934926613468, 49.990870348294266), (10.205230803363003, 53.48934926613468, 51.04087034834083), (10.205259505833922, 53.48936262695785, 51.04187789326534), (10.205288177467162, 53.48937601131707, 51.0429363764124), (10.205288177467162, 53.48937601131707, 49.99293637648225), (10.205259505833908, 53.48936262695785, 49.99187789321877), (10.205259505833908, 53.48936262695785, 51.04187789326534), (10.205288177467162, 53.48937601131707, 51.0429363764124), (10.205316818208475, 53.48938941918692, 51.044045795919374), (10.205316818208475, 53.48938941918692, 49.99404579587281), (10.205288177467164, 53.48937601131707, 49.99293637648225), (10.205288177467164, 53.48937601131707, 51.042936376528814), (10.205316818208475, 53.48938941918692, 51.044045795919374), (10.205345428003612, 53.4894028505421, 51.04520614934154), (10.205316818208475, 53.48938941918692, 51.04404579580296), (10.205316818208475, 53.48938941918692, 49.99404579575639), (10.205345428003612, 53.4894028505421, 49.99520614929497), (10.205345428003612, 53.4894028505421, 51.04520614934154), (10.205374006798426, 53.48941630535713, 51.046417434932664), (10.205345428003627, 53.489402850542085, 51.045206149457954), (10.205345428003627, 53.489402850542085, 49.99520614941139), (10.205374006798426, 53.48941630535713, 49.9964174348861), (10.205374006798426, 53.48941630535713, 51.046417434932664), (10.20540255453876, 53.48942978360662, 51.0476796500152), (10.205374006798412, 53.489416305357146, 51.04641743481625), (10.205374006798412, 53.489416305357146, 49.9964174348861), (10.20540255453876, 53.48942978360662, 49.99767964996863), (10.20540255453876, 53.48942978360662, 51.0476796500152), (10.20543107117059, 53.48944328526501, 51.04899279237725), (10.20543107117059, 53.48944328526501, 49.9989927924471), (10.20540255453876, 53.48942978360662, 49.99767965008505), (10.20540255453876, 53.48942978360662, 51.0476796500152), (10.20543107117059, 53.48944328526501, 51.04899279237725), (10.205459556639955, 53.48945681030676, 51.050356859574094), (10.205459556639955, 53.48945681030676, 50.00035685952753), (10.205431071170603, 53.489443285265004, 49.9989927924471), (10.205431071170603, 53.489443285265004, 51.04899279237725), (10.205459556639955, 53.48945681030676, 51.050356859574094), (10.205488010892855, 53.4894703587063, 51.05177184881177), (10.205459556639955, 53.48945681030678, 51.05035685945768), (10.205459556639955, 53.48945681030678, 50.00035685952753), (10.205488010892855, 53.4894703587063, 50.0017718487652), (10.205488010892855, 53.4894703587063, 51.05177184881177), (10.205516433875454, 53.489483930437956, 51.05323775764555), (10.205516433875454, 53.489483930437956, 50.00323775759898), (10.205488010892855, 53.4894703587063, 50.00177184888162), (10.205488010892855, 53.4894703587063, 51.05177184881177), (10.205516433875454, 53.489483930437956, 51.05323775764555), (10.205544825533915, 53.48949752547607, 51.054754583281465), (10.205544825533915, 53.48949752547607, 50.0047545832349), (10.205516433875454, 53.489483930437956, 50.0032377577154), (10.205516433875454, 53.489483930437956, 51.05323775764555), (10.205544825533915, 53.48949752547607, 51.054754583281465), (10.205425171804006, 53.489548233892485, 51.19658333261032), (10.205425171804006, 53.489548233892485, 50.14658333256375), (10.205452952850454, 53.48956209348239, 50.14883184235077), (10.205452952850454, 53.48956209348239, 51.19883184239734), (10.205425171804006, 53.489548233892485, 51.19658333261032), (10.20539736358069, 53.48953439370705, 51.194377880427055), (10.20539736358069, 53.48953439370705, 50.14437788038049), (10.205425171804018, 53.48954823389245, 50.14658333256375), (10.205425171804018, 53.48954823389245, 51.19658333261032), (10.20539736358069, 53.48953439370705, 51.194377880427055), (10.205369528218599, 53.48952057294511, 51.19221548875794), (10.205369528218599, 53.48952057294511, 50.14221548871137), (10.20539736358069, 53.48953439370706, 50.14437788038049), (10.20539736358069, 53.48953439370706, 51.19437788031064), (10.205369528218599, 53.48952057294511, 51.19221548875794), (10.205341665755903, 53.489506771625514, 51.190096160629764), (10.205369528218599, 53.48952057294511, 51.19221548875794), (10.205369528218599, 53.48952057294511, 50.14221548871137), (10.205341665755903, 53.489506771625514, 50.1400961605832), (10.205341665755903, 53.489506771625514, 51.190096160629764), (10.205313776230836, 53.48949298976726, 51.188019898952916), (10.205341665755917, 53.489506771625514, 51.190096160629764), (10.205341665755917, 53.489506771625514, 50.1400961605832), (10.205313776230836, 53.48949298976726, 50.13801989890635), (10.205313776230836, 53.48949298976726, 51.188019898952916), (10.205285859681597, 53.48947922738919, 51.18598670663778), (10.205313776230836, 53.48949298976726, 51.188019898952916), (10.205313776230836, 53.48949298976726, 50.138019899022765), (10.205285859681597, 53.48947922738919, 50.13598670659121), (10.205285859681597, 53.48947922738919, 51.18598670663778), (10.20525791614647, 53.489465484510184, 51.183996586245485), (10.20525791614647, 53.489465484510184, 50.133996586315334), (10.205285859681583, 53.4894792273892, 50.13598670659121), (10.205285859681583, 53.4894792273892, 51.18598670652136), (10.20525791614647, 53.489465484510184, 51.183996586245485), (10.205229945663808, 53.489451761149034, 51.182049540802836), (10.205257916146468, 53.48946548451017, 51.1839965863619), (10.205257916146468, 53.48946548451017, 50.133996586315334), (10.205229945663808, 53.489451761149034, 50.132049540872686), (10.205229945663808, 53.489451761149034, 51.182049540802836), (10.205201948271931, 53.48943805732458, 51.18014557287097), (10.205229945663808, 53.489451761149034, 51.18204954091925), (10.205229945663808, 53.489451761149034, 50.132049540872686), (10.205201948271931, 53.48943805732458, 50.13014557294082), (10.205201948271931, 53.48943805732458, 51.18014557287097), (10.205173924009236, 53.48942437305556, 51.17828468489461), (10.205201948271945, 53.48943805732458, 51.18014557287097), (10.205201948271945, 53.48943805732458, 50.130145572824404), (10.205173924009236, 53.48942437305556, 50.128284684964456), (10.205173924009236, 53.48942437305556, 51.17828468489461), (10.205145872914146, 53.489410708360765, 51.176466879667714), (10.205145872914146, 53.489410708360765, 50.12646687973756), (10.205173924009236, 53.489424373055556, 50.128284684964456), (10.205173924009236, 53.489424373055556, 51.17828468501102), (10.205145872914146, 53.489410708360765, 51.176466879667714), (10.205117795025119, 53.489397063258934, 51.174692159635015), (10.205145872914146, 53.489410708360786, 51.176466879667714), (10.205145872914146, 53.489410708360786, 50.12646687973756), (10.205117795025119, 53.489397063258934, 50.12469215958845), (10.205117795025119, 53.489397063258934, 51.174692159635015), (10.205089690380657, 53.48938343776871, 51.172960527124815), (10.205117795025117, 53.48939706325893, 51.174692159635015), (10.205117795025117, 53.48939706325893, 50.12469215958845), (10.205089690380657, 53.48938343776871, 50.12296052707825), (10.205089690380657, 53.48938343776871, 51.172960527124815), (10.205061559019295, 53.4893698319088, 51.171271984581836), (10.205089690380657, 53.48938343776871, 51.172960527124815), (10.205089690380657, 53.48938343776871, 50.12296052707825), (10.205061559019295, 53.4893698319088, 50.12127198453527), (10.205061559019295, 53.4893698319088, 51.171271984581836), (10.205033400979612, 53.48935624569786, 51.16962653410155), (10.205061559019295, 53.4893698319088, 51.17127198446542), (10.205061559019295, 53.4893698319088, 50.121271984418854), (10.205033400979612, 53.48935624569786, 50.1196265341714), (10.205033400979612, 53.48935624569786, 51.16962653410155), (10.205005216300192, 53.489342679154454, 51.16802417836152), (10.205033400979612, 53.48935624569788, 51.16962653421797), (10.205033400979612, 53.48935624569788, 50.1196265341714), (10.205005216300192, 53.489342679154454, 50.118024178314954), (10.205005216300192, 53.489342679154454, 51.16802417836152), (10.204977005019721, 53.48932913229718, 51.16646491922438), (10.205005216300206, 53.48934267915445, 51.16802417836152), (10.205005216300206, 53.48934267915445, 50.118024178314954), (10.204977005019721, 53.48932913229718, 50.11646491929423), (10.204977005019721, 53.48932913229718, 51.16646491922438), (10.204948767176822, 53.48931560514466, 51.16494875913486), (10.204948767176822, 53.48931560514466, 50.11494875908829), (10.204977005019707, 53.48932913229718, 50.11646491929423), (10.204977005019707, 53.48932913229718, 51.1664649193408), (10.204948767176822, 53.48931560514466, 51.16494875913486), (10.204920502810257, 53.48930209771538, 51.16347569972277), (10.204948767176807, 53.48931560514466, 51.16494875901844), (10.204948767176807, 53.48931560514466, 50.11494875908829), (10.204920502810257, 53.48930209771538, 50.113475699792616), (10.204920502810257, 53.48930209771538, 51.16347569972277), (10.204906360692691, 53.48929535140275, 51.162755333585665), (10.204920502810243, 53.489302097715374, 51.16347569983918), (10.204920502810243, 53.489302097715374, 50.113475699792616), (10.204906360692691, 53.48929535140275, 50.112755333655514), (10.204906360692691, 53.48929535140275, 51.162755333585665), (10.204985566414837, 53.4892366237967, 51.03435557556804), (10.204985566414837, 53.4892366237967, 49.98435557563789), (10.204959394394434, 53.489224917470864, 49.983252261648886), (10.204959394394434, 53.489224917470864, 51.03325226169545), (10.204985566414837, 53.4892366237967, 51.03435557556804), (10.20438857978851, 53.48897393611256, 51.015258188941516), (10.20435564680373, 53.488959851713986, 51.0147741913097), (10.20435564680373, 53.488959851713986, 49.96477419126313), (10.20438857978851, 53.48897393611256, 49.96525818889495), (10.20438857978851, 53.48897393611256, 51.015258188941516), (10.20442147908451, 53.48898804849625, 51.015801031375304), (10.20442147908451, 53.48898804849625, 49.96580103144515), (10.20438857978851, 53.488973936112565, 49.96525818889495), (10.20438857978851, 53.488973936112565, 51.015258188941516), (10.20442147908451, 53.48898804849625, 51.015801031375304), (10.204454344624969, 53.489002188836366, 51.01640271767974), (10.204454344624969, 53.489002188836366, 49.96640271763317), (10.204421479084525, 53.48898804849625, 49.96580103144515), (10.204421479084525, 53.48898804849625, 51.01580103149172), (10.204454344624969, 53.489002188836366, 51.01640271767974), (10.204487176343076, 53.489016357104234, 51.01706324634142), (10.204454344624969, 53.489002188836366, 51.01640271767974), (10.204454344624969, 53.489002188836366, 49.96640271763317), (10.204487176343076, 53.489016357104234, 49.967063246294856), (10.204487176343076, 53.489016357104234, 51.01706324634142), (10.204519974172163, 53.489030553271085, 51.017782616312616), (10.204487176343076, 53.489016357104234, 51.01706324634142), (10.204487176343076, 53.489016357104234, 49.96706324641127), (10.204519974172163, 53.489030553271085, 49.96778261626605), (10.204519974172163, 53.489030553271085, 51.017782616312616), (10.204552738045587, 53.489044777308095, 51.018560825963505), (10.204552738045587, 53.489044777308095, 49.96856082591694), (10.204519974172163, 53.489030553271085, 49.96778261626605), (10.204519974172163, 53.489030553271085, 51.017782616312616), (10.204552738045587, 53.489044777308095, 51.018560825963505), (10.204585467896806, 53.48905902918636, 51.019397873664275), (10.204585467896806, 53.48905902918636, 49.96939787361771), (10.204552738045587, 53.4890447773081, 49.96856082591694), (10.204552738045587, 53.4890447773081, 51.01856082584709), (10.204585467896806, 53.48905902918636, 51.019397873664275), (10.204618163659362, 53.48907330887694, 51.020293757668696), (10.204618163659362, 53.48907330887694, 49.970293757738546), (10.204585467896806, 53.48905902918634, 49.96939787350129), (10.204585467896806, 53.48905902918634, 51.01939787354786), (10.204618163659362, 53.48907330887694, 51.020293757668696), (10.204650825266796, 53.48908761635091, 51.02124847646337), (10.204650825266796, 53.48908761635091, 49.97124847653322), (10.204618163659363, 53.489073308876954, 49.970293757738546), (10.204618163659363, 53.489073308876954, 51.020293757668696), (10.204650825266796, 53.48908761635091, 51.02124847646337), (10.204683452652732, 53.48910195157917, 51.02226202795282), (10.204683452652732, 53.48910195157917, 49.972262027906254), (10.204650825266784, 53.48908761635091, 49.97124847653322), (10.204650825266784, 53.48908761635091, 51.02124847646337), (10.204683452652732, 53.48910195157917, 51.02226202795282), (10.20471604575096, 53.48911631453259, 51.02333441004157), (10.204683452652718, 53.48910195157917, 51.022262028069235), (10.204683452652718, 53.48910195157917, 49.97226202802267), (10.20471604575096, 53.48911631453259, 49.97333441011142), (10.20471604575096, 53.48911631453259, 51.02333441004157), (10.204748604495236, 53.48913070518205, 51.02446562051773), (10.204748604495236, 53.48913070518205, 49.97446562058758), (10.204716045750944, 53.48911631453256, 49.973334409995005), (10.204716045750944, 53.48911631453256, 51.02333441004157), (10.204748604495236, 53.48913070518205, 51.02446562051773), (10.204781128819434, 53.489145123498304, 51.02565565716941), (10.20474860449525, 53.48913070518205, 51.024465620634146), (10.20474860449525, 53.48913070518205, 49.97446562058758), (10.204781128819434, 53.489145123498304, 49.97565565723926), (10.204781128819434, 53.489145123498304, 51.02565565716941), (10.204813618657466, 53.48915956945213, 51.026904517551884), (10.204813618657466, 53.48915956945213, 49.97690451762173), (10.204781128819437, 53.48914512349831, 49.97565565723926), (10.204781128819437, 53.48914512349831, 51.02565565716941), (10.204813618657466, 53.48915956945213, 51.026904517551884), (10.204846073943347, 53.4891740430141, 51.02821219910402), (10.204813618657465, 53.48915956945211, 51.026904517551884), (10.204813618657465, 53.48915956945211, 49.97690451762173), (10.204846073943347, 53.4891740430141, 49.97821219917387), (10.204846073943347, 53.4891740430141, 51.02821219910402), (10.204878494611137, 53.4891885441549, 51.02957869914826), (10.204846073943347, 53.4891740430141, 51.02821219910402), (10.204846073943347, 53.4891740430141, 49.97821219905745), (10.204878494611137, 53.4891885441549, 49.979578699101694), (10.204878494611137, 53.4891885441549, 51.02957869914826), (10.204910880594985, 53.489203072845065, 51.03100401489064), (10.204910880594985, 53.489203072845065, 49.98100401496049), (10.204878494611137, 53.4891885441549, 49.979578699101694), (10.204878494611137, 53.4891885441549, 51.02957869914826), (10.204910880594985, 53.489203072845065, 51.03100401489064), (10.204943231829088, 53.489217629055105, 51.03248814353719), (10.204943231829088, 53.489217629055105, 49.98248814349063), (10.204910880594985, 53.48920307284506, 49.981004014844075), (10.204910880594985, 53.48920307284506, 51.03100401489064), (10.204943231829088, 53.489217629055105, 51.03248814353719), (10.204959394394434, 53.48922491747085, 51.03325226169545), (10.204959394394434, 53.48922491747085, 49.983252261648886), (10.204943231829072, 53.489217629055105, 49.98248814349063), (10.204943231829072, 53.489217629055105, 51.03248814342078), (10.204959394394434, 53.48922491747085, 51.03325226169545), (10.20486912486497, 53.489277523974955, 51.16607650357764), (10.20490636069272, 53.48929535140276, 51.162755333585665), (10.20490636069272, 53.48929535140276, 50.1127553335391), (10.20486912486497, 53.489277523974955, 50.116076503531076), (10.20486912486497, 53.489277523974955, 51.16607650357764), (10.204831827729155, 53.48925972493392, 51.169475665548816), (10.204831827729155, 53.48925972493392, 50.119475665618666), (10.204869124864956, 53.489277523974955, 50.116076503531076), (10.204869124864956, 53.489277523974955, 51.16607650357764), (10.204831827729155, 53.48925972493392, 51.169475665548816), (10.204794485041534, 53.48924195990935, 51.172949011437595), (10.204831827729139, 53.48925972493391, 51.169475665548816), (10.204831827729139, 53.48925972493391, 50.119475665618666), (10.204794485041534, 53.48924195990935, 50.122949011507444), (10.204794485041534, 53.48924195990935, 51.172949011437595), (10.204757096889411, 53.48922422894274, 51.176496533094905), (10.204794485041534, 53.489241959909364, 51.172949011437595), (10.204794485041534, 53.489241959909364, 50.122949011507444), (10.204757096889411, 53.48922422894274, 50.126496533164755), (10.204757096889411, 53.48922422894274, 51.176496533094905), (10.204719663360201, 53.48920653207549, 51.18011822225526), (10.204757096889427, 53.48922422894274, 51.176496533094905), (10.204757096889427, 53.48922422894274, 50.12649653304834), (10.204719663360201, 53.48920653207549, 50.130118222208694), (10.204719663360201, 53.48920653207549, 51.18011822225526), (10.204682184541303, 53.48918886934895, 51.183814070303924), (10.204719663360185, 53.48920653207549, 51.18011822225526), (10.204719663360185, 53.48920653207549, 50.130118222208694), (10.204682184541303, 53.48918886934895, 50.13381407025736), (10.204682184541303, 53.48918886934895, 51.183814070303924), (10.204644660520382, 53.489171240804325, 51.187584068858996), (10.204644660520382, 53.489171240804325, 50.13758406881243), (10.204682184541314, 53.48918886934893, 50.133814070373774), (10.204682184541314, 53.48918886934893, 51.18381407042034), (10.204644660520382, 53.489171240804325, 51.187584068858996), (10.204607091385071, 53.48915364648283, 51.19142820884008), (10.204607091385071, 53.48915364648283, 50.14142820879351), (10.204644660520353, 53.489171240804325, 50.13758406881243), (10.204644660520353, 53.489171240804325, 51.187584068858996), (10.204607091385071, 53.48915364648283, 51.19142820884008), (10.204569477223211, 53.48913608642557, 51.19534648139961), (10.204607091385073, 53.489153646482826, 51.19142820884008), (10.204607091385073, 53.489153646482826, 50.14142820879351), (10.204569477223211, 53.48913608642557, 50.145346481353045), (10.204569477223211, 53.48913608642557, 51.19534648139961), (10.204531818122684, 53.48911856067355, 51.19933887734078), (10.204569477223197, 53.48913608642559, 51.19534648139961), (10.204569477223197, 53.48913608642559, 50.145346481353045), (10.204531818122684, 53.48911856067355, 50.14933887729421), (10.204531818122684, 53.48911856067355, 51.19933887734078), (10.20449411417154, 53.48910106926766, 51.20340538735036), (10.204531818122696, 53.48911856067355, 51.19933887734078), (10.204531818122696, 53.48911856067355, 50.14933887729421), (10.20449411417154, 53.48910106926766, 50.15340538730379), (10.20449411417154, 53.48910106926766, 51.20340538735036), (10.204456365457837, 53.48908361224881, 51.20754600188229), (10.204456365457837, 53.48908361224881, 50.157546001835726), (10.20449411417154, 53.48910106926767, 50.15340538730379), (10.20449411417154, 53.48910106926767, 51.20340538735036), (10.204456365457837, 53.48908361224881, 51.20754600188229), (10.20441857206984, 53.489066189657734, 51.21176071127411), (10.20445636545785, 53.4890836122488, 51.20754600188229), (10.20445636545785, 53.4890836122488, 50.157546001835726), (10.20441857206984, 53.489066189657734, 50.161760711227544), (10.20441857206984, 53.489066189657734, 51.21176071127411), (10.204380734095844, 53.48904880153515, 51.21604950574692), (10.204418572069843, 53.48906618965774, 51.21176071127411), (10.204418572069843, 53.48906618965774, 50.16176071134396), (10.204380734095844, 53.48904880153515, 50.16604950581677), (10.204380734095844, 53.48904880153515, 51.21604950574692), (10.204342851624292, 53.489031447921654, 51.2204123751726), (10.20438073409584, 53.48904880153515, 51.21604950574692), (10.20438073409584, 53.48904880153515, 50.16604950570036), (10.204342851624292, 53.489031447921654, 50.170412375126034), (10.204342851624292, 53.489031447921654, 51.2204123751726), (10.204304924743681, 53.48901412885775, 51.22484930942301), (10.204342851624277, 53.489031447921654, 51.2204123751726), (10.204342851624277, 53.489031447921654, 50.170412375126034), (10.204304924743681, 53.48901412885775, 50.17484930937644), (10.204304924743681, 53.48901412885775, 51.22484930942301), (10.204266953542678, 53.48899684438396, 51.229360298020765), (10.204304924743681, 53.48901412885776, 51.22484930930659), (10.204304924743681, 53.48901412885776, 50.17484930937644), (10.204266953542678, 53.48899684438396, 50.1793602979742), (10.204266953542678, 53.48899684438396, 51.229360298020765), (10.204235055584414, 53.48898244411683, 51.23330004676245), (10.204266953542662, 53.48899684438396, 51.229360298020765), (10.204266953542662, 53.48899684438396, 50.1793602979742), (10.204235055584414, 53.48898244411683, 50.1833000468323), (10.204235055584414, 53.48898244411683, 51.23330004676245), (10.204130873188783, 53.48893486776988, 51.245485680992715), (10.204130873188783, 53.48893486776988, 50.195485681062564), (10.204235055584414, 53.48898244411683, 50.183300046715885), (10.204235055584414, 53.48898244411683, 51.23330004676245), (10.204130873188783, 53.48893486776988, 51.245485680992715), (10.2041702233114, 53.48890296607891, 51.20802899275441), (10.2041702233114, 53.48890296607891, 51.073028992745094), (10.204130878276953, 53.488934864478324, 51.142941346392035), (10.204130878276953, 53.488934864478324, 51.27794134640135), (10.2041702233114, 53.48890296607891, 51.20802899275441), (10.207073972077044, 53.49033746240194, 51.08043757104315), (10.20670941273909, 53.49015477790721, 51.129698309116066), (10.20670941273909, 53.49015477790721, 51.26469830912538), (10.207073972077044, 53.49033746240194, 51.21543757105246), (10.207073972077044, 53.49033746240194, 51.08043757104315), (10.206781966995427, 53.490105297729876, 51.01765030587558), (10.206781966995427, 53.490105297729876, 51.15265030588489), (10.207144962479628, 53.49028737083179, 51.103806244791485), (10.207144962479628, 53.49028737083179, 50.96880624478217), (10.206781966995427, 53.490105297729876, 51.01765030587558), (10.207144962479624, 53.49028737083179, 50.96880624478217), (10.207073972077044, 53.49033746240194, 51.08043757104315), (10.207073972077044, 53.49033746240194, 51.21543757093605), (10.207144962479624, 53.49028737083179, 51.103806244791485), (10.207144962479624, 53.49028737083179, 50.96880624478217), (10.206001732778946, 53.489717356060765, 51.07851621101145), (10.2060365604701, 53.489734500272654, 51.08085688808933), (10.2060365604701, 53.489734500272654, 51.21585688809864), (10.206001732778946, 53.489717356060765, 51.21351621102076), (10.206001732778946, 53.489717356060765, 51.07851621101145), (10.205522530904917, 53.48959648318791, 51.2036972240312), (10.205522530904917, 53.48959648318791, 51.338697224040516), (10.205487747708125, 53.489579284134635, 51.33625492628198), (10.205487747708125, 53.489579284134635, 51.20125492627267), (10.205522530904917, 53.48959648318791, 51.2036972240312), (10.205800376011526, 53.48973437770732, 51.223905056365766), (10.205800376011526, 53.48973437770732, 51.35890505637508), (10.205765686305245, 53.489717111548586, 51.35631399578415), (10.205765686305245, 53.489717111548586, 51.221313995774835), (10.205800376011526, 53.48973437770732, 51.223905056365766), (10.205489253014553, 53.489469431009496, 51.04976517544128), (10.205517678102268, 53.489483003746145, 51.05123119009659), (10.205517678102268, 53.489483003746145, 51.1862311901059), (10.205489253014553, 53.489469431009496, 51.18476517545059), (10.205489253014553, 53.489469431009496, 51.04976517544128), (10.206680294112678, 53.49017442930909, 51.174420885392465), (10.206680294112678, 53.49017442930909, 51.30942088540178), (10.20612951152208, 53.489898907702916, 51.38442517328076), (10.20612951152208, 53.489898907702916, 51.24942517327145), (10.206680294112678, 53.49017442930909, 51.174420885392465), (10.206709412739084, 53.49015477790719, 51.129698309116066), (10.206680294112678, 53.49017442930909, 51.17442088550888), (10.206680294112678, 53.49017442930909, 51.30942088551819), (10.206709412739084, 53.49015477790719, 51.26469830912538), (10.206709412739084, 53.49015477790719, 51.129698309116066), (10.206767794730474, 53.4900981871954, 51.01955506624654), (10.206781966995427, 53.490105297729876, 51.01765030587558), (10.206781966995427, 53.490105297729876, 51.15265030588489), (10.206767794730474, 53.4900981871954, 51.15455506625585), (10.206767794730474, 53.4900981871954, 51.01955506624654), (10.206739443255037, 53.49008397105692, 51.023375560645945), (10.206739443255037, 53.49008397105692, 51.15837556065526), (10.206767794730474, 53.4900981871954, 51.15455506625585), (10.206767794730474, 53.4900981871954, 51.01955506624654), (10.206739443255037, 53.49008397105692, 51.023375560645945), (10.206711082522453, 53.49006976149416, 51.02721068589017), (10.206739443255021, 53.49008397105691, 51.023375560645945), (10.206739443255021, 53.49008397105691, 51.15837556053884), (10.206711082522453, 53.49006976149416, 51.16221068589948), (10.206711082522453, 53.49006976149416, 51.02721068589017), (10.206682712537066, 53.49005555850934, 51.03106044162996), (10.206711082522483, 53.49006976149416, 51.02721068589017), (10.206711082522483, 53.49006976149416, 51.16221068589948), (10.206682712537066, 53.49005555850934, 51.166060441639274), (10.206682712537066, 53.49005555850934, 51.03106044162996), (10.206654333303081, 53.49004136210452, 51.03492482728325), (10.20668271253705, 53.49005555850933, 51.03106044174638), (10.20668271253705, 53.49005555850933, 51.16606044175569), (10.206654333303081, 53.49004136210452, 51.16992482729256), (10.206654333303081, 53.49004136210452, 51.03492482728325), (10.206625944824841, 53.49002717228189, 51.03880384191871), (10.206654333303067, 53.49004136210451, 51.03492482716683), (10.206654333303067, 53.49004136210451, 51.169924827176146), (10.206625944824841, 53.49002717228189, 51.17380384192802), (10.206625944824841, 53.49002717228189, 51.03880384191871), (10.206597547106654, 53.49001298904362, 51.042697485303506), (10.206625944824857, 53.4900271722819, 51.03880384191871), (10.206625944824857, 53.4900271722819, 51.17380384192802), (10.206597547106654, 53.49001298904362, 51.17769748531282), (10.206597547106654, 53.49001298904362, 51.042697485303506), (10.206569140152803, 53.48999881239182, 51.046605756739154), (10.206597547106654, 53.49001298904362, 51.04269748541992), (10.206597547106654, 53.49001298904362, 51.17769748531282), (10.206569140152803, 53.48999881239182, 51.18160575674847), (10.206569140152803, 53.48999881239182, 51.046605756739154), (10.206540723967587, 53.48998464232864, 51.050528655643575), (10.206569140152801, 53.48999881239183, 51.046605756739154), (10.206569140152801, 53.48999881239183, 51.18160575674847), (10.206540723967587, 53.48998464232864, 51.18552865565289), (10.206540723967587, 53.48998464232864, 51.050528655643575), (10.206512298555326, 53.489970478856215, 51.05446618120186), (10.206540723967587, 53.48998464232864, 51.05052865552716), (10.206540723967587, 53.48998464232864, 51.18552865553647), (10.206512298555326, 53.489970478856215, 51.18946618121117), (10.206512298555326, 53.489970478856215, 51.05446618120186), (10.206483863920313, 53.489956321976656, 51.058418333297595), (10.206512298555337, 53.48997047885621, 51.054466181318276), (10.206512298555337, 53.48997047885621, 51.18946618132759), (10.206483863920313, 53.489956321976656, 51.19341833330691), (10.206483863920313, 53.489956321976656, 51.058418333297595), (10.206455420066858, 53.489942171692206, 51.06238511088304), (10.206483863920317, 53.48995632197669, 51.058418333297595), (10.206483863920317, 53.48995632197669, 51.19341833330691), (10.206455420066858, 53.489942171692206, 51.197385110892355), (10.206455420066858, 53.489942171692206, 51.06238511088304), (10.206426966999244, 53.48992802800488, 51.066366513608955), (10.206455420066854, 53.48994217169217, 51.06238511088304), (10.206455420066854, 53.48994217169217, 51.197385110892355), (10.206426966999244, 53.48992802800488, 51.20136651350185), (10.206426966999244, 53.48992802800488, 51.066366513608955), (10.20639850472181, 53.48991389091685, 51.07036254077684), (10.20639850472181, 53.48991389091685, 51.205362540786155), (10.206426966999256, 53.489928028004876, 51.20136651361827), (10.206426966999256, 53.489928028004876, 51.066366513608955), (10.20639850472181, 53.48991389091685, 51.07036254077684), (10.206370033238843, 53.489899760430276, 51.07437319168821), (10.20639850472181, 53.48991389091684, 51.070362540660426), (10.20639850472181, 53.48991389091684, 51.20536254066974), (10.206370033238843, 53.489899760430276, 51.20937319169752), (10.206370033238843, 53.489899760430276, 51.07437319168821), (10.206341552554665, 53.48988563654729, 51.078398465993814), (10.206370033238843, 53.48989976043027, 51.074373191804625), (10.206370033238843, 53.48989976043027, 51.20937319181394), (10.206341552554665, 53.48988563654729, 51.21339846600313), (10.206341552554665, 53.48988563654729, 51.078398465993814), (10.206313062673571, 53.48987151927001, 51.08243836276233), (10.206341552554665, 53.4898856365473, 51.0783984658774), (10.206341552554665, 53.4898856365473, 51.21339846588671), (10.206313062673571, 53.48987151927001, 51.217438362771645), (10.206313062673571, 53.48987151927001, 51.08243836276233), (10.206284563599915, 53.4898574086006, 51.08649288164452), (10.206313062673589, 53.489871519270025, 51.08243836276233), (10.206313062673589, 53.489871519270025, 51.217438362771645), (10.206284563599915, 53.4898574086006, 51.22149288165383), (10.206284563599915, 53.4898574086006, 51.08649288164452), (10.206256055337962, 53.489843304541154, 51.09056202194188), (10.2062845635999, 53.4898574086006, 51.08649288164452), (10.2062845635999, 53.4898574086006, 51.22149288165383), (10.206256055337962, 53.489843304541154, 51.225562021834776), (10.206256055337962, 53.489843304541154, 51.09056202194188), (10.206227537892065, 53.48982920709383, 51.09464578295592), (10.206256055337963, 53.48984330454115, 51.09056202194188), (10.206256055337963, 53.48984330454115, 51.22556202195119), (10.206227537892065, 53.48982920709383, 51.229645782965235), (10.206227537892065, 53.48982920709383, 51.09464578295592), (10.20590437483581, 53.48978622642514, 51.23178979731165), (10.20590437483581, 53.48978622642514, 51.36678979732096), (10.205869720282504, 53.48976893514845, 51.36414295760915), (10.205869720282504, 53.48976893514845, 51.229142957599834), (10.20590437483581, 53.48978622642514, 51.23178979731165), (10.205939017660077, 53.489803526068805, 51.234455229132436), (10.205939017660077, 53.489803526068805, 51.36945522914175), (10.205904374835825, 53.48978622642514, 51.36678979732096), (10.205904374835825, 53.48978622642514, 51.23178979731165), (10.205939017660077, 53.489803526068805, 51.234455229132436), (10.205973648749596, 53.48982083407662, 51.237139252829365), (10.205973648749596, 53.48982083407662, 51.37213925283868), (10.205939017660077, 53.489803526068805, 51.36945522914175), (10.205939017660077, 53.489803526068805, 51.23445522924885), (10.205973648749596, 53.48982083407662, 51.237139252829365), (10.206008268098714, 53.48983815044572, 51.239841867703944), (10.206008268098714, 53.48983815044572, 51.37484186771326), (10.205973648749612, 53.48982083407662, 51.37213925283868), (10.205973648749612, 53.48982083407662, 51.237139252829365), (10.206008268098714, 53.48983815044572, 51.239841867703944), (10.206042875701735, 53.48985547517332, 51.24256307352334), (10.206042875701735, 53.48985547517332, 51.377563073532656), (10.206008268098726, 53.48983815044572, 51.37484186771326), (10.206008268098726, 53.48983815044572, 51.239841867703944), (10.206042875701735, 53.48985547517332, 51.24256307352334), (10.20607747155296, 53.489872808256564, 51.24530286970548), (10.20607747155296, 53.489872808256564, 51.3803028697148), (10.206042875701721, 53.48985547517332, 51.377563073532656), (10.206042875701721, 53.48985547517332, 51.24256307352334), (10.20607747155296, 53.489872808256564, 51.24530286970548), (10.206112055646724, 53.48989014969259, 51.24806125590112), (10.206112055646724, 53.48989014969259, 51.383061255910434), (10.20607747155296, 53.489872808256564, 51.3803028697148), (10.20607747155296, 53.489872808256564, 51.24530286970548), (10.206112055646724, 53.48989014969259, 51.24806125590112), (10.206129511527006, 53.48989890769896, 51.24946055805776), (10.206112055646708, 53.489890149692606, 51.24806125590112), (10.206112055646708, 53.489890149692606, 51.383061255910434), (10.206129511527006, 53.48989890769896, 51.38446055795066), (10.206129511527006, 53.48989890769896, 51.24946055805776), (10.20621021661786, 53.48982056850946, 51.09332825685851), (10.20621021661786, 53.48982056850946, 51.228328256867826), (10.206227537892037, 53.48982920709383, 51.229645782965235), (10.206227537892037, 53.48982920709383, 51.09464578295592), (10.20621021661786, 53.48982056850946, 51.09332825685851), (10.206175549840454, 53.48980330864318, 51.09073159552645), (10.20621021661786, 53.48982056850946, 51.09332825685851), (10.20621021661786, 53.48982056850946, 51.228328256867826), (10.206175549840454, 53.48980330864318, 51.22573159553576), (10.206175549840454, 53.48980330864318, 51.09073159552645), (10.206140850793716, 53.48978607186494, 51.08818612480536), (10.206175549840468, 53.48980330864318, 51.09073159552645), (10.206175549840468, 53.48980330864318, 51.22573159553576), (10.206140850793716, 53.48978607186494, 51.223186124814674), (10.206140850793716, 53.48978607186494, 51.08818612480536), (10.206106119520834, 53.48976885819612, 51.08569184795488), (10.206140850793702, 53.48978607186494, 51.08818612480536), (10.206140850793702, 53.48978607186494, 51.223186124814674), (10.206106119520834, 53.48976885819612, 51.22069184796419), (10.206106119520834, 53.48976885819612, 51.08569184795488), (10.206071356065195, 53.48975166765825, 51.083248768001795), (10.206071356065195, 53.48975166765825, 51.21824876801111), (10.206106119520848, 53.48976885819612, 51.22069184796419), (10.206106119520848, 53.48976885819612, 51.08569184795488), (10.206071356065195, 53.48975166765825, 51.083248768001795), (10.2060365604701, 53.48973450027267, 51.080856887972914), (10.206071356065195, 53.48975166765825, 51.083248768001795), (10.206071356065195, 53.48975166765825, 51.21824876801111), (10.2060365604701, 53.48973450027267, 51.21585688798223), (10.2060365604701, 53.48973450027267, 51.080856887972914), (10.205835054005844, 53.489751652241566, 51.22651471046265), (10.205835054005844, 53.489751652241566, 51.361514710471965), (10.205800376011526, 53.48973437770732, 51.35890505637508), (10.205800376011526, 53.48973437770732, 51.223905056365766), (10.205835054005844, 53.489751652241566, 51.22651471046265), (10.205869720282504, 53.48976893514845, 51.22914295748342), (10.205835054005844, 53.489751652241566, 51.22651471046265), (10.205835054005844, 53.489751652241566, 51.36151471035555), (10.205869720282504, 53.48976893514845, 51.36414295749273), (10.205869720282504, 53.48976893514845, 51.22914295748342), (10.205966873035143, 53.48970023504394, 51.07622673979495), (10.206001732778946, 53.489717356060765, 51.07851621101145), (10.206001732778946, 53.489717356060765, 51.213516210904345), (10.205966873035143, 53.48970023504394, 51.21122673980426), (10.205966873035143, 53.48970023504394, 51.07622673979495), (10.205931981282161, 53.489683137243524, 51.07398847735021), (10.205931981282161, 53.489683137243524, 51.208988477359526), (10.205966873035127, 53.48970023504394, 51.21122673980426), (10.205966873035127, 53.48970023504394, 51.07622673979495), (10.205931981282161, 53.489683137243524, 51.07398847735021), (10.205897057563504, 53.48966606268076, 51.071801426354796), (10.205931981282161, 53.48968313724351, 51.07398847735021), (10.205931981282161, 53.48968313724351, 51.208988477359526), (10.205897057563504, 53.48966606268076, 51.20680142636411), (10.205897057563504, 53.48966606268076, 51.071801426354796), (10.205862101922724, 53.48964901137696, 51.06966558971908), (10.205862101922724, 53.48964901137696, 51.20466558972839), (10.205897057563504, 53.48966606268076, 51.20680142636411), (10.205897057563504, 53.48966606268076, 51.071801426354796), (10.205862101922724, 53.48964901137696, 51.06966558971908), (10.20582711440339, 53.489631983353384, 51.0675809700042), (10.205862101922724, 53.489649011376976, 51.06966558971908), (10.205862101922724, 53.489649011376976, 51.20466558972839), (10.20582711440339, 53.489631983353384, 51.202580970013514), (10.20582711440339, 53.489631983353384, 51.0675809700042), (10.205792095049091, 53.48961497863116, 51.0655475697713), (10.205792095049091, 53.48961497863116, 51.20054756978061), (10.205827114403377, 53.48963198335336, 51.202580970013514), (10.205827114403377, 53.48963198335336, 51.0675809700042), (10.205792095049091, 53.48961497863116, 51.0655475697713), (10.20575704390354, 53.48959799723159, 51.06356539169792), (10.20575704390354, 53.48959799723159, 51.198565391707234), (10.205792095049091, 53.489614978631174, 51.200547569897026), (10.205792095049091, 53.489614978631174, 51.06554756988771), (10.20575704390354, 53.48959799723159, 51.06356539169792), (10.20572196101045, 53.48958103917575, 51.06163443799596), (10.205757043903567, 53.489597997231584, 51.063565391581506), (10.205757043903567, 53.489597997231584, 51.19856539159082), (10.20572196101045, 53.48958103917575, 51.196634438005276), (10.20572196101045, 53.48958103917575, 51.06163443799596), (10.205686846413492, 53.48956410448475, 51.05975471122656), (10.205721961010433, 53.48958103917575, 51.06163443799596), (10.205721961010433, 53.48958103917575, 51.196634438005276), (10.205686846413492, 53.48956410448475, 51.19475471123587), (10.205686846413492, 53.48956410448475, 51.05975471122656), (10.205651700156501, 53.48954719317972, 51.057926213834435), (10.205651700156501, 53.48954719317972, 51.19292621384375), (10.205686846413508, 53.489564104484735, 51.19475471123587), (10.205686846413508, 53.489564104484735, 51.05975471122656), (10.205651700156501, 53.48954719317972, 51.057926213834435), (10.205616522283243, 53.489530305281754, 51.05614894791506), (10.205651700156475, 53.489547193179725, 51.057926213834435), (10.205651700156475, 53.489547193179725, 51.19292621384375), (10.205616522283243, 53.489530305281754, 51.191148947924376), (10.205616522283243, 53.489530305281754, 51.05614894791506), (10.205581312837635, 53.48951344081181, 51.05442291579675), (10.205616522283245, 53.48953030528175, 51.05614894791506), (10.205616522283245, 53.48953030528175, 51.191148947924376), (10.205581312837635, 53.48951344081181, 51.18942291580606), (10.205581312837635, 53.48951344081181, 51.05442291579675), (10.20554607186354, 53.48949659979099, 51.05274811957497), (10.205581312837635, 53.48951344081181, 51.05442291579675), (10.205581312837635, 53.48951344081181, 51.18942291580606), (10.20554607186354, 53.48949659979099, 51.187748119584285), (10.20554607186354, 53.48949659979099, 51.05274811957497), (10.20555730243537, 53.48961369063922, 51.20615811855532), (10.20555730243537, 53.48961369063922, 51.341158118564636), (10.20552253090493, 53.48959648318791, 51.338697224040516), (10.20552253090493, 53.48959648318791, 51.2036972240312), (10.20555730243537, 53.48961369063922, 51.20615811855532), (10.205592062293752, 53.48963090648579, 51.2086376096122), (10.205557302435357, 53.48961369063922, 51.20615811867174), (10.205557302435357, 53.48961369063922, 51.34115811868105), (10.205592062293752, 53.48963090648579, 51.34363760962151), (10.205592062293752, 53.48963090648579, 51.2086376096122), (10.2056268104744, 53.48964813072481, 51.211135696503334), (10.2056268104744, 53.48964813072481, 51.34613569651265), (10.205592062293753, 53.489630906485814, 51.34363760962151), (10.205592062293753, 53.489630906485814, 51.2086376096122), (10.2056268104744, 53.48964813072481, 51.211135696503334), (10.205661546971555, 53.489665363353424, 51.2136523789959), (10.205626810474383, 53.48964813072481, 51.211135696503334), (10.205626810474383, 53.48964813072481, 51.34613569651265), (10.205661546971555, 53.489665363353424, 51.348652379005216), (10.205661546971555, 53.489665363353424, 51.2136523789959), (10.205696271779551, 53.489682604368795, 51.21618765674066), (10.205696271779551, 53.489682604368795, 51.35118765674997), (10.205661546971555, 53.48966536335341, 51.348652379005216), (10.205661546971555, 53.48966536335341, 51.2136523789959), (10.205696271779551, 53.489682604368795, 51.21618765674066), (10.20573098489268, 53.489699853768116, 51.21874152903911), (10.20573098489268, 53.489699853768116, 51.35374152904842), (10.20569627177955, 53.48968260436879, 51.351187656633556), (10.20569627177955, 53.48968260436879, 51.21618765662424), (10.20573098489268, 53.489699853768116, 51.21874152903911), (10.20576568630523, 53.48971711154857, 51.221313995774835), (10.20576568630523, 53.48971711154857, 51.35631399578415), (10.20573098489268, 53.489699853768116, 51.35374152904842), (10.20573098489268, 53.489699853768116, 51.21874152915552), (10.20576568630523, 53.48971711154857, 51.221313995774835), (10.205517678102268, 53.48948300374616, 51.051231190213), (10.20554607186354, 53.489496599791, 51.052748119458556), (10.20554607186354, 53.489496599791, 51.18774811946787), (10.205517678102268, 53.48948300374616, 51.1862311901059), (10.205517678102268, 53.48948300374616, 51.051231190213), (10.205487747708139, 53.48957928413463, 51.20125492627267), (10.205487747708139, 53.48957928413463, 51.33625492628198), (10.205452952850717, 53.48956209348222, 51.33383122563828), (10.205452952850717, 53.48956209348222, 51.198831225628965), (10.205487747708139, 53.48957928413463, 51.20125492627267), (10.205460796654195, 53.4894558816067, 51.04835007805377), (10.205489253014553, 53.48946943100951, 51.04976517544128), (10.205489253014553, 53.48946943100951, 51.18476517545059), (10.205460796654195, 53.4894558816067, 51.183350078063086), (10.205460796654195, 53.4894558816067, 51.04835007805377), (10.20543230907509, 53.48944235556339, 51.04698590072803), (10.20543230907509, 53.48944235556339, 51.181985900737345), (10.205460796654195, 53.4894558816067, 51.183350078063086), (10.205460796654195, 53.4894558816067, 51.04835007805377), (10.20543230907509, 53.48944235556339, 51.04698590072803), (10.20540379033121, 53.489428852905206, 51.045672646025196), (10.20540379033121, 53.489428852905206, 51.18067264603451), (10.205432309075118, 53.48944235556339, 51.181985900737345), (10.205432309075118, 53.48944235556339, 51.04698590072803), (10.20540379033121, 53.489428852905206, 51.045672646025196), (10.205375240476496, 53.48941537365763, 51.044410316389985), (10.20540379033121, 53.489428852905206, 51.045672646025196), (10.20540379033121, 53.489428852905206, 51.18067264603451), (10.205375240476496, 53.48941537365763, 51.1794103163993), (10.205375240476496, 53.48941537365763, 51.044410316389985), (10.205346659565038, 53.48940191784626, 51.04319891426712), (10.205346659565038, 53.48940191784626, 51.178198914276436), (10.205375240476497, 53.48941537365764, 51.1794103163993), (10.205375240476497, 53.48941537365764, 51.044410316389985), (10.205346659565038, 53.48940191784626, 51.04319891426712), (10.205318047650922, 53.48938848549649, 51.04203844210133), (10.205346659565022, 53.48940191784625, 51.04319891438354), (10.205346659565022, 53.48940191784625, 51.17819891439285), (10.205318047650922, 53.48938848549649, 51.17703844199423), (10.205318047650922, 53.48938848549649, 51.04203844210133), (10.20528940478837, 53.48937507663376, 51.04092890175525), (10.20528940478837, 53.48937507663376, 51.17592890164815), (10.205318047650922, 53.48938848549649, 51.17703844199423), (10.205318047650922, 53.48938848549649, 51.042038441984914), (10.20528940478837, 53.48937507663376, 51.04092890175525), (10.205260731031602, 53.48936169128346, 51.03987029544078), (10.205289404788385, 53.489375076633756, 51.040928901638836), (10.205289404788385, 53.489375076633756, 51.17592890164815), (10.205260731031602, 53.48936169128346, 51.17487029545009), (10.205260731031602, 53.48936169128346, 51.03987029544078), (10.205232026434874, 53.48934832947092, 51.0388626253698), (10.205260731031586, 53.48936169128346, 51.03987029544078), (10.205260731031586, 53.48936169128346, 51.17487029545009), (10.205232026434874, 53.48934832947092, 51.173862625379115), (10.205232026434874, 53.48934832947092, 51.0388626253698), (10.20520329105256, 53.489334991221384, 51.03790589328855), (10.205232026434873, 53.4893483294709, 51.0388626253698), (10.205232026434873, 53.4893483294709, 51.173862625379115), (10.20520329105256, 53.489334991221384, 51.17290589318145), (10.20520329105256, 53.489334991221384, 51.03790589328855), (10.205005216300233, 53.489342679154404, 51.16802447242662), (10.204977005019748, 53.48932913229716, 51.166465227724984), (10.204977005019748, 53.48932913229716, 51.3014652277343), (10.205005216300233, 53.489342679154404, 51.303024472435936), (10.205005216300233, 53.489342679154404, 51.16802447242662), (10.20503340097965, 53.4893562456978, 51.16962680884171), (10.20503340097965, 53.4893562456978, 51.304626808851026), (10.205005216300233, 53.489342679154404, 51.303024472435936), (10.205005216300233, 53.489342679154404, 51.16802447242662), (10.20503340097965, 53.4893562456978, 51.16962680884171), (10.205061559019335, 53.48936983190879, 51.17127223487478), (10.205033400979639, 53.48935624569783, 51.16962680884171), (10.205033400979639, 53.48935624569783, 51.304626808851026), (10.205061559019335, 53.48936983190879, 51.306272234767675), (10.205061559019335, 53.48936983190879, 51.17127223487478), (10.2050896903807, 53.4893834377687, 51.17296074796468), (10.205061559019335, 53.48936983190879, 51.17127223475836), (10.205061559019335, 53.48936983190879, 51.306272234767675), (10.2050896903807, 53.4893834377687, 51.30796074797399), (10.2050896903807, 53.4893834377687, 51.17296074796468), (10.205117795025131, 53.48939706325893, 51.17469234613236), (10.205117795025131, 53.48939706325893, 51.309692346141674), (10.205089690380671, 53.4893834377687, 51.30796074797399), (10.205089690380671, 53.4893834377687, 51.17296074796468), (10.205117795025131, 53.48939706325893, 51.17469234613236), (10.205145872914176, 53.48941070836077, 51.176467026933096), (10.205145872914176, 53.48941070836077, 51.311467026825994), (10.205117795025146, 53.48939706325892, 51.309692346141674), (10.205117795025146, 53.48939706325892, 51.17469234613236), (10.205145872914176, 53.48941070836077, 51.176467026933096), (10.205173924009236, 53.489424373055556, 51.17828478780575), (10.205173924009236, 53.489424373055556, 51.313284787815064), (10.20514587291416, 53.48941070836076, 51.31146702694241), (10.20514587291416, 53.48941070836076, 51.176467026933096), (10.205173924009236, 53.489424373055556, 51.17828478780575), (10.205201948271958, 53.48943805732456, 51.18014562618919), (10.205201948271958, 53.48943805732456, 51.3151456261985), (10.20517392400925, 53.489424373055556, 51.31328478769865), (10.20517392400925, 53.489424373055556, 51.178284787689336), (10.205201948271958, 53.48943805732456, 51.18014562618919), (10.205229945663818, 53.489451761149034, 51.182049539871514), (10.205201948271943, 53.48943805732456, 51.1801456263056), (10.205201948271943, 53.48943805732456, 51.315145626314916), (10.205229945663818, 53.489451761149034, 51.31704953988083), (10.205229945663818, 53.489451761149034, 51.182049539871514), (10.20525791614647, 53.489465484510184, 51.18399652594235), (10.205229945663818, 53.489451761149034, 51.182049539871514), (10.205229945663818, 53.489451761149034, 51.31704953988083), (10.20525791614647, 53.489465484510184, 51.31899652595166), (10.20525791614647, 53.489465484510184, 51.18399652594235), (10.20528585968157, 53.48947922738919, 51.18598658184055), (10.20525791614647, 53.489465484510184, 51.18399652594235), (10.20525791614647, 53.489465484510184, 51.31899652595166), (10.20528585968157, 53.48947922738919, 51.320986581849866), (10.20528585968157, 53.48947922738919, 51.18598658184055), (10.20531377623081, 53.48949298976727, 51.18801970477216), (10.20531377623081, 53.48949298976727, 51.32301970478147), (10.205285859681583, 53.4894792273892, 51.320986581849866), (10.205285859681583, 53.4894792273892, 51.18598658184055), (10.20531377623081, 53.48949298976727, 51.18801970477216), (10.20534166575586, 53.48950677162554, 51.19009589205962), (10.205313776230795, 53.4894929897673, 51.18801970477216), (10.205313776230795, 53.4894929897673, 51.32301970478147), (10.20534166575586, 53.48950677162554, 51.32509589206893), (10.20534166575586, 53.48950677162554, 51.19009589205962), (10.205369528218558, 53.489520572945146, 51.19221514079254), (10.205341665755874, 53.489506771625564, 51.19009589205962), (10.205341665755874, 53.489506771625564, 51.32509589206893), (10.205369528218558, 53.489520572945146, 51.327215140801854), (10.205369528218558, 53.489520572945146, 51.19221514079254), (10.205397363580623, 53.48953439370712, 51.19437744806055), (10.205397363580623, 53.48953439370712, 51.32937744806986), (10.205369528218544, 53.48952057294513, 51.327215140801854), (10.205369528218544, 53.48952057294513, 51.19221514079254), (10.205397363580623, 53.48953439370712, 51.19437744806055), (10.205425171803936, 53.48954823389253, 51.196582810836844), (10.205425171803936, 53.48954823389253, 51.33158281084616), (10.205397363580623, 53.4895343937071, 51.32937744806986), (10.205397363580623, 53.4895343937071, 51.19437744806055), (10.205425171803936, 53.48954823389253, 51.196582810836844), (10.205452952850374, 53.48956209348246, 51.19883122621104), (10.205452952850374, 53.48956209348246, 51.333831226220354), (10.205425171803938, 53.48954823389255, 51.33158281084616), (10.205425171803938, 53.48954823389255, 51.196582810836844), (10.205452952850374, 53.48956209348246, 51.19883122621104), (10.205145728148864, 53.48930838551238, 51.03614525019657), (10.205174524939071, 53.489321676560145, 51.03700010094326), (10.205174524939071, 53.489321676560145, 51.17200010095257), (10.205145728148864, 53.48930838551238, 51.17114525020588), (10.205145728148864, 53.48930838551238, 51.03614525019657), (10.205116900736462, 53.489295118103264, 51.035341342678294), (10.205116900736462, 53.489295118103264, 51.17034134257119), (10.205145728148864, 53.489308385512395, 51.17114525020588), (10.205145728148864, 53.489308385512395, 51.03614525019657), (10.205116900736462, 53.489295118103264, 51.035341342678294), (10.205088042756442, 53.489281874357864, 51.034588379669), (10.205088042756442, 53.489281874357864, 51.169588379678316), (10.205116900736448, 53.489295118103264, 51.17034134257119), (10.205116900736448, 53.489295118103264, 51.03534134256188), (10.205088042756442, 53.489281874357864, 51.034588379669), (10.20505915426346, 53.48926865430122, 51.03388636291493), (10.20505915426346, 53.48926865430122, 51.168886362807825), (10.20508804275644, 53.48928187435784, 51.169588379678316), (10.20508804275644, 53.48928187435784, 51.034588379669), (10.20505915426346, 53.48926865430122, 51.03388636291493), (10.2050302353122, 53.48925545795846, 51.033235293463804), (10.20505915426346, 53.489268654301235, 51.03388636279851), (10.20505915426346, 53.489268654301235, 51.168886362807825), (10.2050302353122, 53.48925545795846, 51.16823529347312), (10.2050302353122, 53.48925545795846, 51.033235293463804), (10.205001285957408, 53.48924228535445, 51.03263517271262), (10.205030235312186, 53.48925545795845, 51.033235293463804), (10.205030235312186, 53.48925545795845, 51.16823529347312), (10.205001285957408, 53.48924228535445, 51.16763517272193), (10.205001285957408, 53.48924228535445, 51.03263517271262), (10.204986799895812, 53.48923570796229, 51.03235421853606), (10.205001285957392, 53.48924228535445, 51.03263517271262), (10.205001285957392, 53.48924228535445, 51.16763517272193), (10.204986799895812, 53.48923570796229, 51.16735421854537), (10.204986799895812, 53.48923570796229, 51.03235421853606), (10.204920502810314, 53.489302097715345, 51.16347602196038), (10.204920502810314, 53.489302097715345, 51.29847602196969), (10.204906360692746, 53.489295351402724, 51.297755656181835), (10.204906360692746, 53.489295351402724, 51.16275565617252), (10.204920502810314, 53.489302097715345, 51.16347602196038), (10.204948767176862, 53.48931560514465, 51.16494907683227), (10.204920502810285, 53.48930209771536, 51.16347602196038), (10.204920502810285, 53.48930209771536, 51.29847602196969), (10.204948767176862, 53.48931560514465, 51.299949076841585), (10.204948767176862, 53.48931560514465, 51.16494907683227), (10.204869124864956, 53.48927752397494, 51.301076503586955), (10.204869124864956, 53.48927752397494, 51.16607650357764), (10.204906360692691, 53.48929535140275, 51.162755328114145), (10.204906360692691, 53.48929535140275, 51.29775532812346), (10.204869124864956, 53.48927752397494, 51.301076503586955), (10.204831827729139, 53.48925972493392, 51.304475671146065), (10.204831827729139, 53.48925972493392, 51.16947567113675), (10.204869124864956, 53.489277523974955, 51.16607650357764), (10.204869124864956, 53.489277523974955, 51.301076503586955), (10.204831827729139, 53.48925972493392, 51.304475671146065), (10.204130878276953, 53.488934864478324, 51.27794134640135), (10.204130878276953, 53.488934864478324, 51.142941346392035), (10.204235055584485, 53.4889824441168, 51.23330045933835), (10.204235055584485, 53.4889824441168, 51.368300459347665), (10.204130878276953, 53.488934864478324, 51.27794134640135), (10.204757096889427, 53.48922422894274, 51.311496549635194), (10.204757096889427, 53.48922422894274, 51.17649654962588), (10.204794485041548, 53.48924195990937, 51.17294902249705), (10.204794485041548, 53.48924195990937, 51.307949022506364), (10.204757096889427, 53.48922422894274, 51.311496549635194), (10.204719663360201, 53.48920653207549, 51.31511824426707), (10.204719663360201, 53.48920653207549, 51.180118244257756), (10.204757096889427, 53.48922422894274, 51.17649654962588), (10.204757096889427, 53.48922422894274, 51.311496549635194), (10.204719663360201, 53.48920653207549, 51.31511824426707), (10.204682184541303, 53.489188869348936, 51.31881409790367), (10.204682184541303, 53.489188869348936, 51.183814097894356), (10.204719663360185, 53.48920653207548, 51.18011824437417), (10.204719663360185, 53.48920653207548, 51.315118244383484), (10.204682184541303, 53.489188869348936, 51.31881409790367), (10.204644660520382, 53.48917124080432, 51.322584101813845), (10.204644660520382, 53.48917124080432, 51.18758410180453), (10.204682184541328, 53.48918886934893, 51.183814097894356), (10.204682184541328, 53.48918886934893, 51.31881409790367), (10.204644660520382, 53.48917124080432, 51.322584101813845), (10.204607091385087, 53.48915364648283, 51.32642824726645), (10.204607091385087, 53.48915364648283, 51.191428247257136), (10.20464466052037, 53.48917124080433, 51.18758410180453), (10.20464466052037, 53.48917124080433, 51.322584101813845), (10.204607091385087, 53.48915364648283, 51.32642824726645), (10.204569477223211, 53.48913608642559, 51.3303465252975), (10.204569477223211, 53.48913608642559, 51.19534652528819), (10.204607091385057, 53.48915364648284, 51.191428247257136), (10.204607091385057, 53.48915364648284, 51.32642824726645), (10.204569477223211, 53.48913608642559, 51.3303465252975), (10.20453181812271, 53.48911856067355, 51.33433892671019), (10.20453181812271, 53.48911856067355, 51.199338926700875), (10.204569477223227, 53.48913608642559, 51.19534652528819), (10.204569477223227, 53.48913608642559, 51.3303465252975), (10.20453181812271, 53.48911856067355, 51.33433892671019), (10.204494114171553, 53.48910106926767, 51.33840544219129), (10.204494114171553, 53.48910106926767, 51.203405442181975), (10.20453181812271, 53.48911856067355, 51.199338926700875), (10.20453181812271, 53.48911856067355, 51.33433892671019), (10.204494114171553, 53.48910106926767, 51.33840544219129), (10.204456365457863, 53.48908361224881, 51.34254606219474), (10.204456365457863, 53.48908361224881, 51.20754606218543), (10.204494114171553, 53.489101069267655, 51.203405442181975), (10.204494114171553, 53.489101069267655, 51.33840544219129), (10.204456365457863, 53.48908361224881, 51.34254606219474), (10.20441857206984, 53.489066189657734, 51.34676077705808), (10.20441857206984, 53.489066189657734, 51.21176077704877), (10.204456365457863, 53.48908361224881, 51.20754606218543), (10.204456365457863, 53.48908361224881, 51.34254606219474), (10.20441857206984, 53.489066189657734, 51.34676077705808), (10.204380734095857, 53.489048801535155, 51.351049576886), (10.204380734095857, 53.489048801535155, 51.216049576876685), (10.20441857206984, 53.489066189657734, 51.21176077704877), (10.20441857206984, 53.489066189657734, 51.34676077705808), (10.204380734095857, 53.489048801535155, 51.351049576886), (10.204342851624292, 53.489031447921654, 51.355412451783195), (10.204342851624292, 53.489031447921654, 51.22041245177388), (10.204380734095857, 53.48904880153513, 51.216049576876685), (10.204380734095857, 53.48904880153513, 51.351049576886), (10.204342851624292, 53.489031447921654, 51.355412451783195), (10.204304924743699, 53.48901412885778, 51.35984939127229), (10.204304924743699, 53.48901412885778, 51.224849391379394), (10.204342851624292, 53.489031447921654, 51.22041245165747), (10.204342851624292, 53.489031447921654, 51.35541245166678), (10.204304924743699, 53.48901412885778, 51.35984939127229), (10.204266953542678, 53.48899684438396, 51.36436038534157), (10.204266953542678, 53.48899684438396, 51.22936038544867), (10.204304924743681, 53.48901412885778, 51.224849391379394), (10.204304924743681, 53.48901412885778, 51.35984939138871), (10.204266953542678, 53.48899684438396, 51.36436038534157), (10.204235055584428, 53.48898244411682, 51.368300138623454), (10.204235055584428, 53.48898244411682, 51.23330013861414), (10.204266953542678, 53.488996844383955, 51.22936038533226), (10.204266953542678, 53.488996844383955, 51.36436038534157), (10.204235055584428, 53.48898244411682, 51.368300138623454), (10.205174524939071, 53.489321676560145, 51.03700010094326), (10.20520329105256, 53.48933499122139, 51.03790589328855), (10.20520329105256, 53.48933499122139, 51.172905893297866), (10.205174524939071, 53.489321676560145, 51.17200010095257), (10.205174524939071, 53.489321676560145, 51.03700010094326), (10.204977005019748, 53.48932913229715, 51.166465227724984), (10.204948767176862, 53.489315605144625, 51.16494907683227), (10.204948767176862, 53.489315605144625, 51.299949076841585), (10.204977005019748, 53.48932913229715, 51.3014652277343), (10.204977005019748, 53.48932913229715, 51.166465227724984), (10.204794485041534, 53.489241959909364, 51.30794902262278), (10.204831827729153, 53.48925972493391, 51.304475671146065), (10.204831827729153, 53.48925972493391, 51.16947567113675), (10.204794485041534, 53.489241959909364, 51.172949022613466), (10.204794485041534, 53.489241959909364, 51.30794902262278), (10.206914992137138, 53.49007544424881, 50.599386808346026), (10.206914992137138, 53.49007544424881, 50.13238680840004), (10.206986121045535, 53.49011093020277, 50.128319537150674), (10.206986121045535, 53.49011093020277, 50.59531953721307), (10.206914992137138, 53.49007544424881, 50.599386808346026), (10.20692735266042, 53.489981626724564, 50.52270530548412), (10.206856694158532, 53.489945760644716, 50.52627864771057), (10.206856694158532, 53.489945760644716, 50.059278647764586), (10.20692735266042, 53.489981626724564, 50.05570530553814), (10.20692735266042, 53.489981626724564, 50.52270530548412), (10.208227826181323, 53.49072930010606, 50.52348464622628), (10.208294716918532, 53.49076271752671, 50.50550386752002), (10.208294716918532, 53.49076271752671, 50.03850386745762), (10.208227826181323, 53.49072930010606, 50.056484646280296), (10.208227826181323, 53.49072930010606, 50.52348464622628), (10.208363574497868, 53.4907146821273, 50.43896803306416), (10.208363574497868, 53.4907146821273, 49.97196803311817), (10.208297495485818, 53.49068071780426, 49.989175726193935), (10.208297495485818, 53.49068071780426, 50.45617572625633), (10.208363574497868, 53.4907146821273, 50.43896803306416), (10.208429649891801, 53.49074864898947, 50.42176392569672), (10.208429649891801, 53.49074864898947, 49.954763925634325), (10.208363574497868, 53.49071468212727, 49.97196803311817), (10.208363574497868, 53.49071468212727, 50.43896803306416), (10.208429649891801, 53.49074864898947, 50.42176392569672), (10.208495721667342, 53.490782618390746, 50.40456340415403), (10.208495721667342, 53.490782618390746, 49.937563404091634), (10.208429649891787, 53.490748648989474, 49.95476392575074), (10.208429649891787, 53.490748648989474, 50.42176392569672), (10.208495721667342, 53.490782618390746, 50.40456340415403), (10.208561789824243, 53.49081659033094, 50.387366468436085), (10.208495721667356, 53.49078261839075, 50.40456340415403), (10.208495721667356, 53.49078261839075, 49.937563404091634), (10.208561789824243, 53.49081659033094, 49.920366468373686), (10.208561789824243, 53.49081659033094, 50.387366468436085), (10.208627854362202, 53.490850564809875, 50.370173118659295), (10.208627854362202, 53.490850564809875, 49.9031731185969), (10.208561789824243, 53.49081659033094, 49.920366468373686), (10.208561789824243, 53.49081659033094, 50.387366468436085), (10.208627854362202, 53.490850564809875, 50.370173118659295), (10.208693915280934, 53.490884541827455, 50.352983354823664), (10.208693915280934, 53.490884541827455, 49.88598335487768), (10.208627854362202, 53.490850564809875, 49.9031731185969), (10.208627854362202, 53.490850564809875, 50.37017311854288), (10.208693915280934, 53.490884541827455, 50.352983354823664), (10.208759972580154, 53.49091852138352, 50.33579717727844), (10.208759972580154, 53.49091852138352, 49.86879717733245), (10.208693915280916, 53.49088454182744, 49.88598335487768), (10.208693915280916, 53.49088454182744, 50.35298335494008), (10.208759972580154, 53.49091852138352, 50.33579717727844), (10.208826026259613, 53.49095250347797, 50.31861458579078), (10.208826026259613, 53.49095250347797, 49.8516145858448), (10.208759972580152, 53.490918521383534, 49.86879717721604), (10.208759972580152, 53.490918521383534, 50.33579717727844), (10.208826026259613, 53.49095250347797, 50.31861458579078), (10.208892076318989, 53.49098648811063, 50.301435580593534), (10.208892076318989, 53.49098648811063, 49.83443558064755), (10.2088260262596, 53.49095250347796, 49.8516145858448), (10.2088260262596, 53.49095250347796, 50.31861458579078), (10.208892076318989, 53.49098648811063, 50.301435580593534), (10.208958122758055, 53.49102047528137, 50.28426016168669), (10.208892076319005, 53.49098648811063, 50.301435580593534), (10.208892076319005, 53.49098648811063, 49.834435580531135), (10.208958122758055, 53.49102047528137, 49.81726016162429), (10.208958122758055, 53.49102047528137, 50.28426016168669), (10.209024165576512, 53.49105446499003, 50.26708832930308), (10.20895812275807, 53.49102047528136, 50.284260161803104), (10.20895812275807, 53.49102047528136, 49.817260161740705), (10.209024165576512, 53.49105446499003, 49.80008832924068), (10.209024165576512, 53.49105446499003, 50.26708832930308), (10.209090204774068, 53.49108845723653, 50.24992008320987), (10.209024165576512, 53.49105446499003, 50.26708832918666), (10.209024165576512, 53.49105446499003, 49.800088329124264), (10.209090204774068, 53.49108845723653, 49.782920083147474), (10.209090204774068, 53.49108845723653, 50.24992008320987), (10.209156240350442, 53.49112245202067, 50.232755423756316), (10.209156240350442, 53.49112245202067, 49.76575542369392), (10.209090204774066, 53.49108845723655, 49.78292008326389), (10.209090204774066, 53.49108845723655, 50.24992008320987), (10.209156240350442, 53.49112245202067, 50.232755423756316), (10.20922227230535, 53.49115644934233, 50.215594350825995), (10.20922227230535, 53.49115644934233, 49.74859435088001), (10.209156240350442, 53.49112245202067, 49.76575542369392), (10.209156240350442, 53.49112245202067, 50.232755423756316), (10.20922227230535, 53.49115644934233, 50.215594350825995), (10.20928830063857, 53.491190449201355, 50.19843686465174), (10.209222272305379, 53.49115644934233, 50.215594350825995), (10.209222272305379, 53.49115644934233, 49.74859435088001), (10.20928830063857, 53.491190449201355, 49.731436864705756), (10.20928830063857, 53.491190449201355, 50.19843686465174), (10.209354325349734, 53.491224451597645, 50.181282965349965), (10.209354325349734, 53.491224451597645, 49.71428296540398), (10.209288300638557, 53.491190449201355, 49.73143686482217), (10.209288300638557, 53.491190449201355, 50.198436864768155), (10.209354325349734, 53.491224451597645, 50.181282965349965), (10.209420346438643, 53.49125845653104, 50.164132652804255), (10.209420346438643, 53.49125845653104, 49.69713265274186), (10.209354325349734, 53.491224451597645, 49.714282965287566), (10.209354325349734, 53.491224451597645, 50.181282965349965), (10.209420346438643, 53.49125845653104, 50.164132652804255), (10.209586986572189, 53.49134429077749, 50.12084737245459), (10.209420346438645, 53.49125845653106, 50.16413265268784), (10.209420346438645, 53.49125845653106, 49.69713265274186), (10.209586986572189, 53.49134429077749, 49.65384737250861), (10.209586986572189, 53.49134429077749, 50.12084737245459), (10.209537656729157, 53.49137894166635, 50.1686525195837), (10.209537656729157, 53.49137894166635, 49.70165251963772), (10.209586986572189, 53.49134429077749, 49.65384737262502), (10.209586986572189, 53.49134429077749, 50.120847372571006), (10.209537656729157, 53.49137894166635, 50.1686525195837), (10.209536079164296, 53.491378167767714, 50.169084833119996), (10.209537656729156, 53.49137894166634, 50.1686525195837), (10.209537656729156, 53.49137894166634, 49.70165251963772), (10.209536079164296, 53.491378167767714, 49.7020848330576), (10.209536079164296, 53.491378167767714, 50.169084833119996), (10.20946879064211, 53.491345034925004, 50.18745260883588), (10.20946879064211, 53.491345034925004, 49.720452608773485), (10.209536079164296, 53.491378167767714, 49.7020848330576), (10.209536079164296, 53.491378167767714, 50.16908483300358), (10.20946879064211, 53.491345034925004, 50.18745260883588), (10.20936789801554, 53.49129530673931, 50.214965092833154), (10.20936789801554, 53.49129530673931, 49.74796509288717), (10.20946879064211, 53.491345034925004, 49.720452608773485), (10.20946879064211, 53.491345034925004, 50.18745260871947), (10.20936789801554, 53.49129530673931, 50.214965092833154), (10.209300663050099, 53.491262135341586, 50.23328062542714), (10.209300663050099, 53.491262135341586, 49.76628062548116), (10.20936789801554, 53.49129530673931, 49.747965093003586), (10.20936789801554, 53.49129530673931, 50.21496509294957), (10.209300663050099, 53.491262135341586, 50.23328062542714), (10.20923344952472, 53.4912289485305, 50.25157525576651), (10.209300663050099, 53.491262135341586, 50.23328062531073), (10.209300663050099, 53.491262135341586, 49.76628062536474), (10.20923344952472, 53.4912289485305, 49.78457525582053), (10.20923344952472, 53.4912289485305, 50.25157525576651), (10.209166257449304, 53.49119574631093, 50.269848981522955), (10.20923344952472, 53.4912289485305, 50.251575255882926), (10.20923344952472, 53.4912289485305, 49.78457525582053), (10.209166257449304, 53.49119574631093, 49.80284898157697), (10.209166257449304, 53.49119574631093, 50.269848981522955), (10.209099086833765, 53.491162528687795, 50.288101799902506), (10.209166257449317, 53.49119574631093, 50.26984898163937), (10.209166257449317, 53.49119574631093, 49.80284898157697), (10.209099086833765, 53.491162528687795, 49.82110179984011), (10.209099086833765, 53.491162528687795, 50.288101799902506), (10.209031937687973, 53.49112929566602, 50.30633370799478), (10.209031937687973, 53.49112929566602, 49.8393337080488), (10.209099086833765, 53.49116252868778, 49.82110179984011), (10.209099086833765, 53.49116252868778, 50.28810179978609), (10.209031937687973, 53.49112929566602, 50.30633370799478), (10.208964810021872, 53.49109604725058, 50.32454470358789), (10.208964810021872, 53.49109604725058, 49.85754470352549), (10.209031937687975, 53.491129295666056, 49.83933370816521), (10.209031937687975, 53.491129295666056, 50.3063337081112), (10.208964810021872, 53.49109604725058, 50.32454470358789), (10.208897703845327, 53.49106278344634, 50.34273478353862), (10.208897703845327, 53.49106278344634, 49.87573478347622), (10.208964810021856, 53.49109604725058, 49.85754470352549), (10.208964810021856, 53.49109604725058, 50.324544703471474), (10.208897703845327, 53.49106278344634, 50.34273478353862), (10.208830619168282, 53.49102950425822, 50.36090394540224), (10.208897703845354, 53.49106278344634, 50.34273478353862), (10.208897703845354, 53.49106278344634, 49.87573478347622), (10.208830619168282, 53.49102950425822, 49.893903945339844), (10.208830619168282, 53.49102950425822, 50.36090394540224), (10.208763556000559, 53.4909962096912, 50.3790521863848), (10.208830619168282, 53.49102950425822, 50.36090394540224), (10.208830619168282, 53.49102950425822, 49.893903945339844), (10.208763556000559, 53.4909962096912, 49.912052186438814), (10.208763556000559, 53.4909962096912, 50.3790521863848), (10.208696514352093, 53.490962899750166, 50.39717950404156), (10.208763556000575, 53.49099620969118, 50.3790521863848), (10.208763556000575, 53.49099620969118, 49.912052186438814), (10.208696514352093, 53.490962899750166, 49.93017950397916), (10.208696514352093, 53.490962899750166, 50.39717950404156), (10.208629494232733, 53.49092957444009, 50.41528589534573), (10.208696514352091, 53.49096289975014, 50.397179503925145), (10.208696514352091, 53.49096289975014, 49.930179503862746), (10.208629494232733, 53.49092957444009, 49.94828589539975), (10.208629494232733, 53.49092957444009, 50.41528589534573), (10.208562495652394, 53.490896233765866, 50.43337135796901), (10.208629494232733, 53.49092957444009, 50.41528589534573), (10.208629494232733, 53.49092957444009, 49.94828589539975), (10.208562495652394, 53.490896233765866, 49.966371358023025), (10.208562495652394, 53.490896233765866, 50.43337135796901), (10.208495518620914, 53.49086287773251, 50.451435889233835), (10.208562495652396, 53.49089623376589, 50.433371358085424), (10.208562495652396, 53.49089623376589, 49.96637135813944), (10.208495518620914, 53.49086287773251, 49.98443588928785), (10.208495518620914, 53.49086287773251, 50.451435889233835), (10.208428563148214, 53.4908295063449, 50.46947948622983), (10.208428563148214, 53.4908295063449, 50.002479486283846), (10.208495518620914, 53.49086287773251, 49.984435889171436), (10.208495518620914, 53.49086287773251, 50.451435889233835), (10.208428563148214, 53.4908295063449, 50.46947948622983), (10.208361629244122, 53.49079611960797, 50.48750214651227), (10.208361629244122, 53.49079611960797, 50.02050214656629), (10.208428563148198, 53.49082950634489, 50.00247948616743), (10.208428563148198, 53.49082950634489, 50.46947948622983), (10.208361629244122, 53.49079611960797, 50.48750214651227), (10.208294716918534, 53.49076271752672, 50.505503867403604), (10.208361629244123, 53.490796119607985, 50.48750214651227), (10.208361629244123, 53.490796119607985, 50.02050214644987), (10.208294716918534, 53.49076271752672, 50.038503867341205), (10.208294716918534, 53.49076271752672, 50.505503867403604), (10.208297495485665, 53.490680717804324, 50.45617440203205), (10.208054931287029, 53.49055755345561, 50.46840617922135), (10.208054931287029, 53.49055755345561, 50.001406179275364), (10.208297495485665, 53.490680717804324, 49.989174402086064), (10.208297495485665, 53.490680717804324, 50.45617440203205), (10.207982662354022, 53.49060721216691, 50.53766905993689), (10.207982662354022, 53.49060721216691, 50.07066905987449), (10.208227826181322, 53.49072930010602, 50.056485147215426), (10.208227826181322, 53.49072930010602, 50.523485147277825), (10.207982662354022, 53.49060721216691, 50.53766905993689), (10.207911435262801, 53.49057179574663, 50.54183083388489), (10.207911435262801, 53.49057179574663, 50.07483083382249), (10.207982662354022, 53.49060721216695, 50.070669075706974), (10.207982662354022, 53.49060721216695, 50.53766907576937), (10.207911435262801, 53.49057179574663, 50.54183083388489), (10.207840215178356, 53.49053637435649, 50.545985843404196), (10.207840215178356, 53.49053637435649, 50.0789858433418), (10.207911435262801, 53.49057179574663, 50.074830833938904), (10.207911435262801, 53.49057179574663, 50.54183083388489), (10.207840215178356, 53.49053637435649, 50.545985843404196), (10.207697796033669, 53.490465516668515, 50.55427561583929), (10.207697796033669, 53.490465516668515, 50.087275615893304), (10.207769002101653, 53.490500947996956, 50.08313410403207), (10.207769002101653, 53.490500947996956, 50.55013410397805), (10.207697796033669, 53.490465516668515, 50.55427561583929), (10.20762659697536, 53.490430080371674, 50.558410378871486), (10.20762659697536, 53.490430080371674, 50.0914103789255), (10.207697796033669, 53.490465516668515, 50.087275615893304), (10.207697796033669, 53.490465516668515, 50.5542756159557), (10.20762659697536, 53.490430080371674, 50.558410378871486), (10.207555404927707, 53.49039463910693, 50.562538392841816), (10.207555404927707, 53.49039463910693, 50.09553839289583), (10.207626596975375, 53.490430080371674, 50.09141037880909), (10.207626596975375, 53.490430080371674, 50.55841037875507), (10.207555404927707, 53.49039463910693, 50.562538392841816), (10.207484219891658, 53.49035919287474, 50.56665965798311), (10.207555404927707, 53.49039463910693, 50.562538392841816), (10.207555404927707, 53.49039463910693, 50.09553839289583), (10.207484219891658, 53.49035919287474, 50.09965965792071), (10.207484219891658, 53.49035919287474, 50.56665965798311), (10.207413041868197, 53.49032374167563, 50.57077417394612), (10.207413041868197, 53.49032374167563, 50.10377417400014), (10.207484219891672, 53.49035919287475, 50.09965965792071), (10.207484219891672, 53.49035919287475, 50.56665965798311), (10.207413041868197, 53.49032374167563, 50.57077417394612), (10.207341870858276, 53.49028828551008, 50.57488194084726), (10.207413041868197, 53.49032374167562, 50.57077417394612), (10.207413041868197, 53.49032374167562, 50.10377417400014), (10.207341870858276, 53.49028828551008, 50.10788194090128), (10.207341870858276, 53.49028828551008, 50.57488194084726), (10.207270706862845, 53.49025282437857, 50.57898295868654), (10.207341870858262, 53.490288285510076, 50.57488194084726), (10.207341870858262, 53.490288285510076, 50.10788194090128), (10.207270706862845, 53.49025282437857, 50.11198295862414), (10.207270706862845, 53.49025282437857, 50.57898295868654), (10.207199549882889, 53.49021735828161, 50.583077227231115), (10.207199549882889, 53.49021735828161, 50.11607722728513), (10.207270706862845, 53.49025282437857, 50.111982958740555), (10.207270706862845, 53.49025282437857, 50.57898295868654), (10.207199549882889, 53.49021735828161, 50.583077227231115), (10.207128399919386, 53.49018188721963, 50.587164746480994), (10.207128399919386, 53.49018188721963, 50.12016474653501), (10.207199549882889, 53.49021735828161, 50.11607722716872), (10.207199549882889, 53.49021735828161, 50.583077227231115), (10.207128399919386, 53.49018188721963, 50.587164746480994), (10.207057256973288, 53.49014641119321, 50.59124551655259), (10.207057256973288, 53.49014641119321, 50.12424551649019), (10.207128399919387, 53.49018188721963, 50.12016474653501), (10.207128399919387, 53.49018188721963, 50.587164746480994), (10.207057256973288, 53.49014641119321, 50.59124551655259), (10.20698612104555, 53.49011093020275, 50.59531953709666), (10.207057256973286, 53.49014641119319, 50.591245516436175), (10.207057256973286, 53.49014641119319, 50.12424551649019), (10.20698612104555, 53.49011093020275, 50.128319537150674), (10.20698612104555, 53.49011093020275, 50.59531953709666), (10.206997989463, 53.490017508044446, 50.519153094966896), (10.206997989463, 53.490017508044446, 50.05215309502091), (10.206927352660404, 53.489981626724564, 50.05570530553814), (10.206927352660404, 53.489981626724564, 50.52270530548412), (10.206997989463, 53.490017508044446, 50.519153094966896), (10.207068604557023, 53.49005340459964, 50.51562201662455), (10.206997989463014, 53.490017508044446, 50.519153094966896), (10.206997989463014, 53.490017508044446, 50.05215309502091), (10.207068604557023, 53.49005340459964, 50.04862201656215), (10.207068604557023, 53.49005340459964, 50.51562201662455), (10.2071391979332, 53.49008931638553, 50.512112070806324), (10.207068604557023, 53.49005340459964, 50.51562201662455), (10.207068604557023, 53.49005340459964, 50.04862201656215), (10.2071391979332, 53.49008931638553, 50.045112070743926), (10.2071391979332, 53.49008931638553, 50.512112070806324), (10.20720976958225, 53.49012524339732, 50.50862325821072), (10.207139197933186, 53.490089316385514, 50.51211207092274), (10.207139197933186, 53.490089316385514, 50.04511207086034), (10.20720976958225, 53.49012524339732, 50.04162325814832), (10.20720976958225, 53.49012524339732, 50.50862325821072), (10.207280319494945, 53.490161185630434, 50.505155578954145), (10.207280319494945, 53.490161185630434, 50.03815557889175), (10.207209769582263, 53.49012524339734, 50.04162325814832), (10.207209769582263, 53.49012524339734, 50.5086232580943), (10.207280319494945, 53.490161185630434, 50.505155578954145), (10.207350847661987, 53.49019714308013, 50.5017090337351), (10.207350847661987, 53.49019714308013, 50.0347090336727), (10.207280319494945, 53.490161185630434, 50.03815557889175), (10.207280319494945, 53.490161185630434, 50.505155578954145), (10.207350847661987, 53.49019714308013, 50.5017090337351), (10.207421354074143, 53.49023311574171, 50.49828362290282), (10.207350847661987, 53.49019714308013, 50.50170903361868), (10.207350847661987, 53.49019714308013, 50.0347090336727), (10.207421354074143, 53.49023311574171, 50.031283622956835), (10.207421354074143, 53.49023311574171, 50.49828362290282), (10.207491838722143, 53.49026910361049, 50.49487934703939), (10.20742135407413, 53.49023311574171, 50.49828362290282), (10.20742135407413, 53.49023311574171, 50.031283622956835), (10.207491838722143, 53.49026910361049, 50.02787934697699), (10.207491838722143, 53.49026910361049, 50.49487934703939), (10.20756230159674, 53.49030510668176, 50.49149620649405), (10.20756230159674, 53.49030510668176, 50.024496206548065), (10.207491838722143, 53.49026910361049, 50.0278793470934), (10.207491838722143, 53.49026910361049, 50.49487934703939), (10.20756230159674, 53.49030510668176, 50.49149620649405), (10.20763274268869, 53.49034112495086, 50.488134201732464), (10.20756230159674, 53.49030510668176, 50.49149620649405), (10.20756230159674, 53.49030510668176, 50.024496206548065), (10.20763274268869, 53.49034112495086, 50.02113420178648), (10.20763274268869, 53.49034112495086, 50.488134201732464), (10.207703161988755, 53.490377158413, 50.484793333220296), (10.207632742688704, 53.49034112495084, 50.488134201732464), (10.207632742688704, 53.49034112495084, 50.02113420178648), (10.207703161988755, 53.490377158413, 50.0177933331579), (10.207703161988755, 53.490377158413, 50.484793333220296), (10.207773559487636, 53.49041320706357, 50.48147360130679), (10.207703161988727, 53.49037715841301, 50.484793333220296), (10.207703161988727, 53.49037715841301, 50.0177933331579), (10.207773559487636, 53.49041320706357, 50.01447360124439), (10.207773559487636, 53.49041320706357, 50.48147360130679), (10.207843935176154, 53.49044927089782, 50.478175006457604), (10.207773559487636, 53.49041320706357, 50.48147360130679), (10.207773559487636, 53.49041320706357, 50.01447360124439), (10.207843935176154, 53.49044927089782, 50.01117500651162), (10.207843935176154, 53.49044927089782, 50.478175006457604), (10.207914289045041, 53.49048534991108, 50.47489754925482), (10.207843935176156, 53.49044927089784, 50.47817500657402), (10.207843935176156, 53.49044927089784, 50.01117500651162), (10.207914289045041, 53.49048534991108, 50.00789754930884), (10.207914289045041, 53.49048534991108, 50.47489754925482), (10.207984621085076, 53.49052144409858, 50.471641229931265), (10.207984621085076, 53.49052144409858, 50.00464122986887), (10.207914289045041, 53.49048534991108, 50.00789754919242), (10.207914289045041, 53.49048534991108, 50.47489754925482), (10.207984621085076, 53.49052144409858, 50.471641229931265), (10.20776900210164, 53.490500947996956, 50.55013410397805), (10.20776900210164, 53.490500947996956, 50.083134103915654), (10.207840215178342, 53.49053637435649, 50.0789858433418), (10.207840215178342, 53.49053637435649, 50.54598584328778), (10.20776900210164, 53.490500947996956, 50.55013410397805), (10.208054931287016, 53.490557553455666, 50.46840604906902), (10.207984621085076, 53.49052144409858, 50.471641229931265), (10.207984621085076, 53.49052144409858, 50.00464122998528), (10.208054931287016, 53.490557553455666, 50.00140604900662), (10.208054931287016, 53.490557553455666, 50.46840604906902), (10.205510965228697, 53.489380223034146, 50.70527212345041), (10.205510965228697, 53.489380223034146, 50.238272123388015), (10.205554207824111, 53.48940118173248, 50.234476266778074), (10.205554207824111, 53.48940118173248, 50.70147626684047), (10.205510965228697, 53.489380223034146, 50.70527212345041), (10.205422828243403, 53.489337593199906, 50.71307443769183), (10.20546769069444, 53.48935928781185, 50.709099765634164), (10.20546769069444, 53.48935928781185, 50.242099765571766), (10.205422828243403, 53.489337593199906, 50.24607443774585), (10.205422828243403, 53.489337593199906, 50.71307443769183), (10.20546769069444, 53.48935928781185, 50.70909976551775), (10.205510965228711, 53.48938022303414, 50.705272123334), (10.205510965228711, 53.48938022303414, 50.238272123388015), (10.20546769069444, 53.48935928781185, 50.242099765571766), (10.20546769069444, 53.48935928781185, 50.70909976551775), (10.205554207824111, 53.489401181732475, 50.70147626684047), (10.205597418444807, 53.489422163889486, 50.697712198947556), (10.205597418444807, 53.489422163889486, 50.23071219888516), (10.205554207824111, 53.489401181732475, 50.234476266778074), (10.205554207824111, 53.489401181732475, 50.70147626684047), (10.206701647537553, 53.48996895661084, 50.61154812481254), (10.206701647537553, 53.48996895661084, 50.144548124750145), (10.20677275538218, 53.49000445745236, 50.14050110219978), (10.20677275538218, 53.49000445745236, 50.60750110214576), (10.206701647537553, 53.48996895661084, 50.61154812481254), (10.206630546716138, 53.48993345080774, 50.615588397718966), (10.206630546716138, 53.48993345080774, 50.14858839765657), (10.206701647537567, 53.48996895661084, 50.144548124750145), (10.206701647537567, 53.48996895661084, 50.61154812481254), (10.206630546716138, 53.48993345080774, 50.615588397718966), (10.206594998939398, 53.489915696045784, 50.61760600307025), (10.20663054671611, 53.48993345080773, 50.615588397718966), (10.20663054671611, 53.48993345080773, 50.14858839777298), (10.206594998939398, 53.489915696045784, 50.15060600300785), (10.206594998939398, 53.489915696045784, 50.61760600307025), (10.206263067663288, 53.489750374097895, 50.64343638380524), (10.206263067663288, 53.489750374097895, 50.176436383859254), (10.206594998939371, 53.48991569604577, 50.15060577378608), (10.206594998939371, 53.48991569604577, 50.617605773732066), (10.206263067663288, 53.489750374097895, 50.64343638380524), (10.206241716506067, 53.489739699433436, 50.645067884470336), (10.206263067663274, 53.48975037409787, 50.64343638380524), (10.206263067663274, 53.48975037409787, 50.176436383859254), (10.206241716506067, 53.489739699433436, 50.17806788452435), (10.206241716506067, 53.489739699433436, 50.645067884470336), (10.206198989787772, 53.48971836749067, 50.64835476200096), (10.206198989787772, 53.48971836749067, 50.18135476205498), (10.206241716506067, 53.489739699433436, 50.17806788440794), (10.206241716506067, 53.489739699433436, 50.645067884470336), (10.206198989787772, 53.48971836749067, 50.64835476200096), (10.206156230560472, 53.48969705874413, 50.651673472486436), (10.206156230560472, 53.48969705874413, 50.18467347242404), (10.206198989787787, 53.48971836749069, 50.181354762171395), (10.206198989787787, 53.48971836749069, 50.64835476211738), (10.206156230560472, 53.48969705874413, 50.651673472486436), (10.206113438859594, 53.48967577321135, 50.65502401278354), (10.206113438859594, 53.48967577321135, 50.188024012721144), (10.20615623056047, 53.4896970587441, 50.18467347242404), (10.20615623056047, 53.4896970587441, 50.65167347237002), (10.206113438859594, 53.48967577321135, 50.65502401278354), (10.206070614720575, 53.48965451091005, 50.65840638021473), (10.206070614720575, 53.48965451091005, 50.191406380268745), (10.206113438859582, 53.489675773211346, 50.188024012721144), (10.206113438859582, 53.489675773211346, 50.65502401266713), (10.206070614720575, 53.48965451091005, 50.65840638021473), (10.206027758178974, 53.48963327185777, 50.66182057221886), (10.206027758178974, 53.48963327185777, 50.194820572272874), (10.20607061472059, 53.48965451091006, 50.191406380268745), (10.20607061472059, 53.48965451091006, 50.65840638021473), (10.206027758178974, 53.48963327185777, 50.66182057221886), (10.20598486927025, 53.4896120560721, 50.66526658576913), (10.20598486927025, 53.4896120560721, 50.19826658582315), (10.206027758178974, 53.48963327185777, 50.194820572272874), (10.206027758178974, 53.48963327185777, 50.66182057221886), (10.20598486927025, 53.4896120560721, 50.66526658576913), (10.205941948029956, 53.48959086357061, 50.66874441807158), (10.205984869270237, 53.4896120560721, 50.66526658576913), (10.205984869270237, 53.4896120560721, 50.19826658570673), (10.205941948029956, 53.48959086357061, 50.201744418009184), (10.205941948029956, 53.48959086357061, 50.66874441807158), (10.205898994493662, 53.48956969437084, 50.67225406621583), (10.205898994493662, 53.48956969437084, 50.20525406615343), (10.20594194802994, 53.4895908635706, 50.2017444181256), (10.20594194802994, 53.4895908635706, 50.66874441807158), (10.205898994493662, 53.48956969437084, 50.67225406621583), (10.205856008696966, 53.48954854849029, 50.67579552717507), (10.205856008696966, 53.48954854849029, 50.208795527229086), (10.205898994493678, 53.48956969437085, 50.20525406615343), (10.205898994493678, 53.48956969437085, 50.67225406609941), (10.205856008696966, 53.48954854849029, 50.67579552717507), (10.205812990675467, 53.48952742594647, 50.67936879838817), (10.205812990675467, 53.48952742594647, 50.21236879832577), (10.205856008696953, 53.489548548490276, 50.2087955273455), (10.205856008696953, 53.489548548490276, 50.675795527291484), (10.205812990675467, 53.48952742594647, 50.67936879838817), (10.205769940464837, 53.48950632675688, 50.68297387647908), (10.205812990675467, 53.48952742594647, 50.67936879838817), (10.205812990675467, 53.48952742594647, 50.21236879832577), (10.205769940464837, 53.48950632675688, 50.21597387641668), (10.205769940464837, 53.48950632675688, 50.68297387647908), (10.205726858100746, 53.48948525093895, 50.68661075853743), (10.205769940464837, 53.48950632675688, 50.68297387636267), (10.205769940464837, 53.48950632675688, 50.21597387641668), (10.205726858100746, 53.48948525093895, 50.21961075847503), (10.205726858100746, 53.48948525093895, 50.68661075853743), (10.205683743618897, 53.489464198510106, 50.69027944165282), (10.205683743618897, 53.489464198510106, 50.223279441706836), (10.205726858100746, 53.48948525093894, 50.21961075847503), (10.205726858100746, 53.48948525093894, 50.68661075853743), (10.205683743618897, 53.489464198510106, 50.69027944165282), (10.205640597054982, 53.489443169487835, 50.69397992279846), (10.205683743618883, 53.48946419851013, 50.69027944165282), (10.205683743618883, 53.48946419851013, 50.223279441706836), (10.205640597054982, 53.489443169487835, 50.22697992285248), (10.205640597054982, 53.489443169487835, 50.69397992279846), (10.205597418444793, 53.489422163889486, 50.697712198947556), (10.205597418444793, 53.489422163889486, 50.23071219888516), (10.205640597054982, 53.489443169487835, 50.22697992285248), (10.205640597054982, 53.489443169487835, 50.69397992279846), (10.205597418444793, 53.489422163889486, 50.697712198947556), (10.205499753099138, 53.489281014995456, 50.63656644069124), (10.205422828243417, 53.489337593199906, 50.71307443769183), (10.205422828243417, 53.489337593199906, 50.24607443774585), (10.205499753099138, 53.489281014995456, 50.16956644062884), (10.205499753099138, 53.489281014995456, 50.63656644069124), (10.20554541570229, 53.489302393624484, 50.63199849938974), (10.205499753099122, 53.489281014995456, 50.63656644069124), (10.205499753099122, 53.489281014995456, 50.16956644074526), (10.20554541570229, 53.489302393624484, 50.16499849932734), (10.20554541570229, 53.489302393624484, 50.63199849938974), (10.205589224526914, 53.48932298737644, 50.62767774704844), (10.205545415702273, 53.489302393624484, 50.63199849938974), (10.205545415702273, 53.489302393624484, 50.16499849932734), (10.205589224526914, 53.48932298737644, 50.16067774698604), (10.205589224526914, 53.48932298737644, 50.62767774704844), (10.205632980469971, 53.489343621094406, 50.62341041711625), (10.205589224526914, 53.48932298737644, 50.62767774693202), (10.205589224526914, 53.48932298737644, 50.16067774698604), (10.205632980469971, 53.489343621094406, 50.156410417170264), (10.205632980469971, 53.489343621094406, 50.62341041711625), (10.205676683428935, 53.489364294730066, 50.619196519837715), (10.205632980469984, 53.489343621094406, 50.62341041711625), (10.205632980469984, 53.489343621094406, 50.156410417170264), (10.205676683428935, 53.489364294730066, 50.15219651989173), (10.205676683428935, 53.489364294730066, 50.619196519837715), (10.205720333301326, 53.48938500823496, 50.61503606499173), (10.205676683428935, 53.489364294730066, 50.619196519837715), (10.205676683428935, 53.489364294730066, 50.152196519775316), (10.205720333301326, 53.48938500823496, 50.14803606492933), (10.205720333301326, 53.48938500823496, 50.61503606499173), (10.205763929984869, 53.48940576156061, 50.61092906224076), (10.205720333301313, 53.48938500823496, 50.61503606487531), (10.205720333301313, 53.48938500823496, 50.14803606492933), (10.205763929984869, 53.48940576156061, 50.143929062294774), (10.205763929984869, 53.48940576156061, 50.61092906224076), (10.205807473377392, 53.48942655465841, 50.60687552136369), (10.205763929984869, 53.48940576156061, 50.61092906224076), (10.205763929984869, 53.48940576156061, 50.143929062294774), (10.205807473377392, 53.48942655465841, 50.13987552141771), (10.205807473377392, 53.48942655465841, 50.60687552136369), (10.206679953030212, 53.489856162150794, 50.53530464391224), (10.206679953030212, 53.489856162150794, 50.06830464384984), (10.20634722788131, 53.489689804186845, 50.09372082923073), (10.20634722788131, 53.489689804186845, 50.56072082929313), (10.206679953030212, 53.489856162150794, 50.53530464391224), (10.206843870249024, 53.49003995333184, 50.60344732995145), (10.206843870249024, 53.49003995333184, 50.13644733000547), (10.206914992137134, 53.49007544424881, 50.13238680828363), (10.206914992137134, 53.49007544424881, 50.59938680822961), (10.206843870249024, 53.49003995333184, 50.60344732995145), (10.20677275538218, 53.49000445745236, 50.60750110214576), (10.206843870249024, 53.49003995333184, 50.60344732995145), (10.206843870249024, 53.49003995333184, 50.13644733000547), (10.20677275538218, 53.49000445745236, 50.14050110208336), (10.20677275538218, 53.49000445745236, 50.60750110214576), (10.206715312093925, 53.489874074223785, 50.533488725312054), (10.206679953030203, 53.48985616215085, 50.53530445124488), (10.206679953030203, 53.48985616215085, 50.0683044512989), (10.206715312093925, 53.489874074223785, 50.06648872536607), (10.206715312093925, 53.489874074223785, 50.533488725312054), (10.206786013966603, 53.489909909809555, 50.52987312118057), (10.206715312093925, 53.489874074223785, 50.533488725312054), (10.206715312093925, 53.489874074223785, 50.066488725249656), (10.206786013966603, 53.489909909809555, 50.06287312111817), (10.206786013966603, 53.489909909809555, 50.52987312118057), (10.206856694158517, 53.48994576064472, 50.52627864771057), (10.206786013966603, 53.489909909809555, 50.52987312118057), (10.206786013966603, 53.489909909809555, 50.06287312111817), (10.206856694158517, 53.48994576064472, 50.059278647764586), (10.206856694158517, 53.48994576064472, 50.52627864771057), (10.205850963376832, 53.48944738747963, 50.60287545179017), (10.205807473377392, 53.489426554658415, 50.60687552136369), (10.205807473377392, 53.489426554658415, 50.13987552141771), (10.205850963376832, 53.48944738747963, 50.135875451844186), (10.205850963376832, 53.48944738747963, 50.60287545179017), (10.205894399881307, 53.48946825997554, 50.59892886294983), (10.205894399881307, 53.48946825997554, 50.131928862887435), (10.20585096337686, 53.48944738747963, 50.135875451844186), (10.20585096337686, 53.48944738747963, 50.60287545179017), (10.205894399881307, 53.48946825997554, 50.59892886294983), (10.205937782788908, 53.48948917209719, 50.595035764039494), (10.205937782788908, 53.48948917209719, 50.128035763977095), (10.205894399881279, 53.48946825997554, 50.131928862887435), (10.205894399881279, 53.48946825997554, 50.59892886294983), (10.205937782788908, 53.48948917209719, 50.595035764039494), (10.205981111998046, 53.489510123795654, 50.59119616413955), (10.20593778278892, 53.48948917209718, 50.595035764039494), (10.20593778278892, 53.48948917209718, 50.128035763977095), (10.205981111998046, 53.489510123795654, 50.12419616419356), (10.205981111998046, 53.489510123795654, 50.59119616413955), (10.206024387407139, 53.48953111502182, 50.587410072330385), (10.206024387407139, 53.48953111502182, 50.1204100723844), (10.205981111998062, 53.489510123795654, 50.12419616419356), (10.205981111998062, 53.489510123795654, 50.59119616413955), (10.206024387407139, 53.48953111502182, 50.587410072330385), (10.206067608914735, 53.48955214572658, 50.583677497459576), (10.206024387407126, 53.4895311150218, 50.587410072330385), (10.206024387407126, 53.4895311150218, 50.1204100723844), (10.206067608914735, 53.48955214572658, 50.11667749751359), (10.206067608914735, 53.48955214572658, 50.583677497459576), (10.206110776419537, 53.4895732158606, 50.57999844837468), (10.20606760891472, 53.48955214572658, 50.58367749757599), (10.20606760891472, 53.48955214572658, 50.11667749751359), (10.206110776419537, 53.4895732158606, 50.1129984484287), (10.206110776419537, 53.4895732158606, 50.57999844837468), (10.206153889820397, 53.4895943253746, 50.57637293357402), (10.206153889820397, 53.4895943253746, 50.10937293351162), (10.206110776419536, 53.48957321586058, 50.11299844831228), (10.206110776419536, 53.48957321586058, 50.57999844837468), (10.206153889820397, 53.4895943253746, 50.57637293357402), (10.20619694901625, 53.48961547421913, 50.57280096167233), (10.20619694901625, 53.48961547421913, 50.10580096160993), (10.206153889820396, 53.489594325374604, 50.10937293362804), (10.206153889820396, 53.489594325374604, 50.57637293357402), (10.20619694901625, 53.48961547421913, 50.57280096167233), (10.206239953906152, 53.4896366623446, 50.569282540818676), (10.206196949016238, 53.489615474219114, 50.57280096155591), (10.206196949016238, 53.489615474219114, 50.10580096160993), (10.206239953906152, 53.4896366623446, 50.10228254087269), (10.206239953906152, 53.4896366623446, 50.569282540818676), (10.20628290438934, 53.48965788970151, 50.56581767951138), (10.206239953906167, 53.48963666234462, 50.569282540818676), (10.206239953906167, 53.48963666234462, 50.10228254087269), (10.20628290438934, 53.48965788970151, 50.0988176795654), (10.20628290438934, 53.48965788970151, 50.56581767951138), (10.20632580036513, 53.48967915624002, 50.562406385783106), (10.206282904389353, 53.48965788970151, 50.56581767951138), (10.206282904389353, 53.48965788970151, 50.098817679448985), (10.20632580036513, 53.48967915624002, 50.09540638572071), (10.20632580036513, 53.48967915624002, 50.562406385783106), (10.20634722788131, 53.48968980418684, 50.56072082929313), (10.206325800365128, 53.489679156240015, 50.562406385783106), (10.206325800365128, 53.489679156240015, 50.09540638572071), (10.20634722788131, 53.48968980418684, 50.09372082923073), (10.20634722788131, 53.48968980418684, 50.56072082929313), (10.206916163348074, 53.49007461343432, 51.03826427995227), (10.206916163348074, 53.49007461343432, 50.59826427989174), (10.206987292099704, 53.49011009930958, 50.59419701772276), (10.206987292099704, 53.49011009930958, 51.0341970177833), (10.206916163348074, 53.49007461343432, 51.03826427995227), (10.206925997436198, 53.48998257952012, 50.96404047717806), (10.206855339529902, 53.48994671374203, 50.96761379018426), (10.206855339529902, 53.48994671374203, 50.52761379024014), (10.206925997436198, 53.48998257952012, 50.52404047723394), (10.206925997436198, 53.48998257952012, 50.96404047717806), (10.208831892585142, 53.4910286109967, 50.79969097394496), (10.20889897670056, 53.4910618899057, 50.78152196400333), (10.20889897670056, 53.4910618899057, 50.34152196405921), (10.208831892585142, 53.4910286109967, 50.359690973884426), (10.208831892585142, 53.4910286109967, 50.79969097394496), (10.208764829978902, 53.490995316708926, 50.81783906312194), (10.208764829978902, 53.490995316708926, 50.3778390630614), (10.208831892585142, 53.4910286109967, 50.359690973884426), (10.208831892585142, 53.4910286109967, 50.79969097394496), (10.208764829978902, 53.490995316708926, 50.81783906312194), (10.208697788891714, 53.490962007047266, 50.835966229089536), (10.208764829978902, 53.490995316708926, 50.81783906312194), (10.208764829978902, 53.490995316708926, 50.37783906317782), (10.208697788891714, 53.490962007047266, 50.395966229145415), (10.208697788891714, 53.490962007047266, 50.835966229089536), (10.208630769333476, 53.49092868201671, 50.85407246905379), (10.208697788891714, 53.490962007047266, 50.835966229089536), (10.208697788891714, 53.490962007047266, 50.395966229029), (10.208630769333476, 53.49092868201671, 50.41407246910967), (10.208630769333476, 53.49092868201671, 50.85407246905379), (10.20856377131405, 53.49089534162214, 50.87215778045356), (10.20856377131405, 53.49089534162214, 50.43215778039303), (10.208630769333476, 53.49092868201671, 50.41407246910967), (10.208630769333476, 53.49092868201671, 50.85407246905379), (10.20856377131405, 53.49089534162214, 50.87215778045356), (10.208496794843333, 53.490861985868506, 50.89022216037847), (10.208563771314049, 53.49089534162212, 50.87215778033715), (10.208563771314049, 53.49089534162212, 50.43215778039303), (10.208496794843333, 53.490861985868506, 50.45022216043435), (10.208496794843333, 53.490861985868506, 50.89022216037847), (10.208429839931194, 53.49082861476079, 50.90826560650021), (10.208496794843331, 53.49086198586851, 50.89022216037847), (10.208496794843331, 53.49086198586851, 50.45022216043435), (10.208429839931194, 53.49082861476079, 50.46826560643967), (10.208429839931194, 53.49082861476079, 50.90826560650021), (10.208362906587471, 53.490795228303895, 50.92628811602481), (10.208429839931165, 53.490828614760765, 50.90826560650021), (10.208429839931165, 53.490828614760765, 50.46826560655609), (10.208362906587471, 53.490795228303895, 50.48628811608069), (10.208362906587471, 53.490795228303895, 50.92628811602481), (10.208295994822098, 53.49076182650278, 50.94428968639113), (10.208295994822098, 53.49076182650278, 50.504289686330594), (10.208362906587487, 53.4907952283039, 50.48628811608069), (10.208362906587487, 53.4907952283039, 50.92628811614122), (10.208295994822098, 53.49076182650278, 50.94428968639113), (10.20822910464488, 53.4907284093624, 50.962270314688794), (10.2082959948221, 53.49076182650277, 50.944289686274715), (10.2082959948221, 53.49076182650277, 50.504289686330594), (10.20822910464488, 53.4907284093624, 50.52227031462826), (10.20822910464488, 53.4907284093624, 50.962270314688794), (10.208362186469031, 53.49071566057543, 50.88033554784488), (10.208362186469031, 53.49071566057543, 50.44033554778434), (10.2082961075661, 53.49068169630795, 50.457543212454766), (10.2082961075661, 53.49068169630795, 50.89754321239889), (10.208362186469031, 53.49071566057543, 50.88033554784488), (10.208428261753852, 53.49074962738212, 50.863131468882784), (10.208428261753852, 53.49074962738212, 50.423131468938664), (10.208362186469019, 53.49071566057546, 50.44033554778434), (10.208362186469019, 53.49071566057546, 50.88033554784488), (10.208428261753852, 53.49074962738212, 50.863131468882784), (10.20849433342033, 53.49078359672782, 50.84593097586185), (10.20849433342033, 53.49078359672782, 50.40593097591773), (10.208428261753866, 53.49074962738213, 50.423131468938664), (10.208428261753866, 53.49074962738213, 50.863131468882784), (10.20849433342033, 53.49078359672782, 50.84593097586185), (10.208560401468127, 53.49081756861244, 50.82873406866565), (10.208560401468127, 53.49081756861244, 50.38873406860512), (10.208494333420317, 53.49078359672783, 50.40593097591773), (10.208494333420317, 53.49078359672783, 50.84593097586185), (10.208560401468127, 53.49081756861244, 50.82873406866565), (10.20862646589696, 53.49085154303582, 50.81154074741062), (10.20862646589696, 53.49085154303582, 50.3715407474665), (10.208560401468098, 53.490817568612414, 50.38873406872153), (10.208560401468098, 53.490817568612414, 50.82873406866565), (10.20862646589696, 53.49085154303582, 50.81154074741062), (10.208692526706615, 53.490885519997825, 50.794351012213156), (10.208692526706615, 53.490885519997825, 50.35435101215262), (10.208626465896963, 53.49085154303578, 50.37154074735008), (10.208626465896963, 53.49085154303578, 50.81154074741062), (10.208692526706615, 53.490885519997825, 50.794351012213156), (10.208758583896786, 53.49091949949832, 50.77716486295685), (10.208758583896786, 53.49091949949832, 50.33716486301273), (10.20869252670663, 53.49088551999782, 50.35435101215262), (10.20869252670663, 53.49088551999782, 50.79435101209674), (10.208758583896786, 53.49091949949832, 50.77716486295685), (10.208824637467153, 53.49095348153721, 50.75998229999095), (10.208824637467153, 53.49095348153721, 50.31998230004683), (10.208758583896772, 53.49091949949833, 50.33716486301273), (10.208758583896772, 53.49091949949833, 50.77716486295685), (10.208824637467153, 53.49095348153721, 50.75998229999095), (10.208890687417476, 53.49098746611428, 50.74280332343187), (10.208890687417476, 53.49098746611428, 50.302803323371336), (10.208824637467153, 53.49095348153721, 50.31998230016325), (10.208824637467153, 53.49095348153721, 50.75998230010737), (10.208890687417476, 53.49098746611428, 50.74280332343187), (10.208956733747474, 53.49102145322942, 50.725627932930365), (10.208956733747474, 53.49102145322942, 50.285627932986245), (10.208890687417474, 53.49098746611427, 50.302803323371336), (10.208890687417474, 53.49098746611427, 50.74280332331546), (10.208956733747474, 53.49102145322942, 50.725627932930365), (10.20902277645688, 53.491055442882534, 50.70845612895209), (10.20902277645688, 53.491055442882534, 50.26845612889156), (10.208956733747492, 53.49102145322944, 50.285627932986245), (10.208956733747492, 53.49102145322944, 50.725627932930365), (10.20902277645688, 53.491055442882534, 50.70845612895209), (10.20908881554537, 53.491089435073405, 50.69128791138064), (10.20908881554537, 53.491089435073405, 50.251287911320105), (10.209022776456866, 53.49105544288253, 50.26845612889156), (10.209022776456866, 53.49105544288253, 50.70845612895209), (10.20908881554537, 53.491089435073405, 50.69128791138064), (10.2091548510127, 53.49112342980194, 50.674123280332424), (10.2091548510127, 53.49112342980194, 50.2341232803883), (10.209088815545371, 53.49108943507339, 50.251287911320105), (10.209088815545371, 53.49108943507339, 50.69128791138064), (10.2091548510127, 53.49112342980194, 50.674123280332424), (10.2092208828586, 53.49115742706802, 50.65696223604027), (10.209154851012716, 53.49112342980195, 50.67412328044884), (10.209154851012716, 53.49112342980195, 50.2341232803883), (10.2092208828586, 53.49115742706802, 50.216962235979736), (10.2092208828586, 53.49115742706802, 50.65696223604027), (10.209286911082764, 53.49119142687144, 50.63980477815494), (10.209286911082764, 53.49119142687144, 50.19980477821082), (10.2092208828586, 53.491157427068, 50.21696223586332), (10.2092208828586, 53.491157427068, 50.65696223592386), (10.209286911082764, 53.49119142687144, 50.63980477815494), (10.209352935684914, 53.49122542921211, 50.6226509072585), (10.209352935684914, 53.49122542921211, 50.18265090731438), (10.209286911082748, 53.49119142687144, 50.19980477821082), (10.209286911082748, 53.49119142687144, 50.639804778271355), (10.209352935684914, 53.49122542921211, 50.6226509072585), (10.209418956664809, 53.49125943408989, 50.60550062323455), (10.209418956664809, 53.49125943408989, 50.16550062317401), (10.209352935684924, 53.49122542921211, 50.18265090731438), (10.209352935684924, 53.49122542921211, 50.62265090737492), (10.209418956664809, 53.49125943408989, 50.60550062323455), (10.209517981342232, 53.49131044616332, 50.57978192239534), (10.209418956664809, 53.49125943408989, 50.60550062311813), (10.209418956664809, 53.49125943408989, 50.16550062317401), (10.209517981342232, 53.49131044616332, 50.13978192245122), (10.209517981342232, 53.49131044616332, 50.57978192239534), (10.209583993265186, 53.49134445738322, 50.562640605610795), (10.20951798134223, 53.491310446163304, 50.57978192239534), (10.20951798134223, 53.491310446163304, 50.139781922334805), (10.209583993265186, 53.49134445738322, 50.122640605666675), (10.209583993265186, 53.49134445738322, 50.562640605610795), (10.209537346674743, 53.491377271581925, 50.60787346633151), (10.209583993265191, 53.49134445738322, 50.562640605610795), (10.209583993265191, 53.49134445738322, 50.122640605666675), (10.209537346674743, 53.491377271581925, 50.16787346638739), (10.209537346674743, 53.491377271581925, 50.60787346633151), (10.20947005871594, 53.4913441390171, 50.62624108849559), (10.20947005871594, 53.4913441390171, 50.18624108855147), (10.209537346674743, 53.491377271581925, 50.16787346638739), (10.209537346674743, 53.491377271581925, 50.60787346644793), (10.20947005871594, 53.4913441390171, 50.62624108849559), (10.209369166934069, 53.49129441124847, 50.653753342456184), (10.209369166934069, 53.49129441124847, 50.21375334239565), (10.209470058715926, 53.4913441390171, 50.18624108855147), (10.209470058715926, 53.4913441390171, 50.62624108849559), (10.209369166934069, 53.49129441124847, 50.653753342456184), (10.209301932531572, 53.49126124012897, 50.67206872161478), (10.209301932531572, 53.49126124012897, 50.23206872167066), (10.209369166934083, 53.49129441124846, 50.21375334239565), (10.209369166934083, 53.49129441124846, 50.65375334233977), (10.209301932531572, 53.49126124012897, 50.67206872161478), (10.209234719568949, 53.49122805359624, 50.69036319910083), (10.209301932531586, 53.49126124012897, 50.67206872173119), (10.209301932531586, 53.49126124012897, 50.23206872167066), (10.209234719568949, 53.49122805359624, 50.250363199040294), (10.209234719568949, 53.49122805359624, 50.69036319910083), (10.209167528056074, 53.49119485165513, 50.70863677188754), (10.209167528056074, 53.49119485165513, 50.26863677194342), (10.209234719568931, 53.49122805359624, 50.250363199040294), (10.209234719568931, 53.49122805359624, 50.69036319910083), (10.209167528056074, 53.49119485165513, 50.70863677188754), (10.209100358002903, 53.491161634310615, 50.72688943753019), (10.209167528056074, 53.49119485165513, 50.70863677188754), (10.209167528056074, 53.49119485165513, 50.26863677194342), (10.209100358002903, 53.491161634310615, 50.286889437469654), (10.209100358002903, 53.491161634310615, 50.72688943753019), (10.209033209419324, 53.491128401567565, 50.74512119323481), (10.209100358002903, 53.49116163431059, 50.72688943753019), (10.209100358002903, 53.49116163431059, 50.286889437469654), (10.209033209419324, 53.491128401567565, 50.30512119317427), (10.209033209419324, 53.491128401567565, 50.74512119323481), (10.208966082315243, 53.491095153430976, 50.763332036323845), (10.209033209419324, 53.4911284015676, 50.74512119323481), (10.209033209419324, 53.4911284015676, 50.30512119317427), (10.208966082315243, 53.491095153430976, 50.32333203626331), (10.208966082315243, 53.491095153430976, 50.763332036323845), (10.208898976700544, 53.4910618899057, 50.78152196400333), (10.208966082315243, 53.491095153430976, 50.76333203620743), (10.208966082315243, 53.491095153430976, 50.32333203626331), (10.208898976700544, 53.4910618899057, 50.34152196405921), (10.208898976700544, 53.4910618899057, 50.78152196400333), (10.208296106758187, 53.49068169686708, 50.8975439905189), (10.208296106758187, 53.49068169686708, 50.45754399045836), (10.208053566558304, 53.49055850140528, 50.46974165714346), (10.208053566558304, 53.49055850140528, 50.90974165708758), (10.208296106758187, 53.49068169686708, 50.8975439905189), (10.207983831143343, 53.49060638022209, 50.97654675284866), (10.207983831143343, 53.49060638022209, 50.53654675278813), (10.20822910464627, 53.49072840936141, 50.52227031334769), (10.20822910464627, 53.49072840936141, 50.96227031329181), (10.207983831143343, 53.49060638022209, 50.97654675284866), (10.207912604277391, 53.4905709638315, 50.980708434595726), (10.207983831211614, 53.49060638017323, 50.97654668590985), (10.207983831211614, 53.49060638017323, 50.536546685849316), (10.207912604277391, 53.4905709638315, 50.54070843453519), (10.207912604277391, 53.4905709638315, 50.980708434595726), (10.20784138434992, 53.49053554251986, 50.984863434685394), (10.20784138434992, 53.49053554251986, 50.54486343462486), (10.207912604277379, 53.4905709638315, 50.540708434651606), (10.207912604277379, 53.4905709638315, 50.980708434595726), (10.20784138434992, 53.49053554251986, 50.984863434685394), (10.207271877289731, 53.490251993170716, 51.017860475578345), (10.207271877289731, 53.490251993170716, 50.577860475634225), (10.207343041128304, 53.4902874542236, 50.57375946699176), (10.207343041128304, 53.4902874542236, 51.013759467052296), (10.207271877289731, 53.490251993170716, 51.017860475578345), (10.207200720466632, 53.490216527152405, 51.02195473504253), (10.207200720466632, 53.490216527152405, 50.58195473509841), (10.207271877289744, 53.49025199317074, 50.577860475634225), (10.207271877289744, 53.49025199317074, 51.01786047569476), (10.207200720466632, 53.490216527152405, 51.02195473504253), (10.207129570659959, 53.490181056169114, 51.02604224521201), (10.207129570659959, 53.490181056169114, 50.58604224526789), (10.20720072046663, 53.490216527152384, 50.58195473509841), (10.20720072046663, 53.490216527152384, 51.02195473504253), (10.207129570659959, 53.490181056169114, 51.02604224521201), (10.207058427870646, 53.49014558022136, 51.03012300620321), (10.207058427870646, 53.49014558022136, 50.590123006142676), (10.207129570659944, 53.490181056169135, 50.58604224526789), (10.207129570659944, 53.490181056169135, 51.026042245328426), (10.207058427870646, 53.49014558022136, 51.03012300620321), (10.206987292099704, 53.49011009930958, 51.034197017666884), (10.206987292099704, 53.49011009930958, 50.59419701772276), (10.207058427870646, 53.49014558022133, 50.590123006142676), (10.207058427870646, 53.49014558022133, 51.03012300620321), (10.206987292099704, 53.49011009930958, 51.034197017666884), (10.206996633643378, 53.4900184605381, 50.96048829564825), (10.206925997436198, 53.48998257952012, 50.964040477294475), (10.206925997436198, 53.48998257952012, 50.52404047723394), (10.206996633643378, 53.4900184605381, 50.520488295704126), (10.206996633643378, 53.4900184605381, 50.96048829564825), (10.20706724814216, 53.49005435679128, 50.95695724594407), (10.206996633643378, 53.4900184605381, 50.96048829564825), (10.206996633643378, 53.4900184605381, 50.52048829558771), (10.20706724814216, 53.49005435679128, 50.51695724588353), (10.20706724814216, 53.49005435679128, 50.95695724594407), (10.207137840923258, 53.49009026827499, 50.9534473286476), (10.207067248142145, 53.490054356791276, 50.95695724594407), (10.207067248142145, 53.490054356791276, 50.51695724599995), (10.207137840923258, 53.49009026827499, 50.51344732870348), (10.207137840923258, 53.49009026827499, 50.9534473286476), (10.207208411977454, 53.49012619498455, 50.9499585442245), (10.207137840923282, 53.49009026827499, 50.9534473286476), (10.207137840923282, 53.49009026827499, 50.51344732870348), (10.207208411977454, 53.49012619498455, 50.50995854428038), (10.207208411977454, 53.49012619498455, 50.9499585442245), (10.207278961295454, 53.49016213691526, 50.94649089325685), (10.207208411977458, 53.49012619498457, 50.949958544340916), (10.207208411977458, 53.49012619498457, 50.50995854428038), (10.207278961295454, 53.49016213691526, 50.506490893196315), (10.207278961295454, 53.49016213691526, 50.94649089325685), (10.207349488867997, 53.4901980940624, 50.943044375861064), (10.207278961295454, 53.49016213691525, 50.946490893140435), (10.207278961295454, 53.49016213691525, 50.506490893196315), (10.207349488867997, 53.4901980940624, 50.50304437580053), (10.207349488867997, 53.4901980940624, 50.943044375861064), (10.207419994685823, 53.49023406642134, 50.939618992619216), (10.207349488867983, 53.4901980940624, 50.94304437574465), (10.207349488867983, 53.4901980940624, 50.50304437580053), (10.207419994685823, 53.49023406642134, 50.499618992675096), (10.207419994685823, 53.49023406642134, 50.939618992619216), (10.207490478739661, 53.49027005398728, 50.936214744113386), (10.207419994685823, 53.49023406642132, 50.939618992619216), (10.207419994685823, 53.49023406642132, 50.499618992675096), (10.207490478739661, 53.49027005398728, 50.496214744169265), (10.207490478739661, 53.49027005398728, 50.936214744113386), (10.207560941020308, 53.49030605675564, 50.93283163080923), (10.207490478739675, 53.490270053987295, 50.9362147442298), (10.207490478739675, 53.490270053987295, 50.496214744169265), (10.207560941020308, 53.49030605675564, 50.49283163086511), (10.207560941020308, 53.49030605675564, 50.93283163080923), (10.207631381518466, 53.49034207472169, 50.92946965293959), (10.207631381518466, 53.49034207472169, 50.48946965299547), (10.20756094102031, 53.49030605675568, 50.4928316307487), (10.20756094102031, 53.49030605675568, 50.93283163080923), (10.207631381518466, 53.49034207472169, 50.92946965293959), (10.207701800224914, 53.490378107880666, 50.92612881120294), (10.207631381518466, 53.490342074721674, 50.929469653056), (10.207631381518466, 53.490342074721674, 50.48946965299547), (10.207701800224914, 53.490378107880666, 50.48612881125882), (10.207701800224914, 53.490378107880666, 50.92612881120294), (10.207772197130412, 53.490414156227935, 50.92280910583213), (10.207701800224928, 53.49037810788068, 50.92612881120294), (10.207701800224928, 53.49037810788068, 50.48612881125882), (10.207772197130412, 53.490414156227935, 50.48280910588801), (10.207772197130412, 53.490414156227935, 50.92280910583213), (10.207842572225694, 53.490450219758756, 50.91951053729281), (10.207772197130412, 53.49041415622792, 50.92280910583213), (10.207772197130412, 53.49041415622792, 50.482809105771594), (10.207842572225694, 53.490450219758756, 50.47951053734869), (10.207842572225694, 53.490450219758756, 50.91951053729281), (10.207912925501537, 53.49048629846844, 50.91623310605064), (10.207842572225681, 53.490450219758785, 50.91951053729281), (10.207842572225681, 53.490450219758785, 50.47951053723227), (10.207912925501537, 53.49048629846844, 50.47623310610652), (10.207912925501537, 53.49048629846844, 50.91623310605064), (10.2079832569487, 53.49052239235227, 50.9129768126877), (10.207912925501537, 53.49048629846843, 50.916233106167056), (10.207912925501537, 53.49048629846843, 50.47623310610652), (10.2079832569487, 53.49052239235227, 50.47297681274358), (10.2079832569487, 53.49052239235227, 50.9129768126877), (10.207698965519148, 53.490464684989036, 50.99315318837762), (10.207698965519148, 53.490464684989036, 50.5531531884335), (10.20777017143019, 53.490500116238906, 50.54901168588549), (10.20777017143019, 53.490500116238906, 50.989011685946025), (10.207698965519148, 53.490464684989036, 50.99315318837762), (10.207627766617799, 53.490429248770766, 50.99728794209659), (10.207627766617799, 53.490429248770766, 50.557287942036055), (10.207698965519148, 53.49046468498901, 50.5531531884335), (10.207698965519148, 53.49046468498901, 50.99315318837762), (10.207627766617799, 53.490429248770766, 50.99728794209659), (10.207556574727075, 53.49039380758461, 51.00141594687011), (10.207556574727075, 53.49039380758461, 50.561415946809575), (10.207627766617799, 53.490429248770766, 50.557287942036055), (10.207627766617799, 53.490429248770766, 50.99728794209659), (10.207556574727075, 53.49039380758461, 51.00141594687011), (10.20748538984791, 53.49035836143104, 51.00553720258176), (10.20748538984791, 53.49035836143104, 50.56553720263764), (10.207556574727061, 53.49039380758461, 50.561415946809575), (10.207556574727061, 53.49039380758461, 51.00141594687011), (10.20748538984791, 53.49035836143104, 51.00553720258176), (10.207414211981352, 53.49032291031053, 51.00965170934796), (10.207485389847927, 53.49035836143105, 51.00553720258176), (10.207485389847927, 53.49035836143105, 50.56553720252123), (10.207414211981352, 53.49032291031053, 50.56965170928743), (10.207414211981352, 53.49032291031053, 51.00965170934796), (10.20734304112829, 53.49028745422361, 51.013759467052296), (10.20734304112829, 53.49028745422361, 50.573759467108175), (10.207414211981337, 53.49032291031056, 50.56965170940384), (10.207414211981337, 53.49032291031056, 51.00965170934796), (10.20734304112829, 53.49028745422361, 51.013759467052296), (10.208053566557945, 53.49055850140553, 50.909741657436825), (10.2079832569487, 53.49052239235227, 50.91297681280412), (10.2079832569487, 53.49052239235227, 50.47297681274358), (10.208053566557945, 53.49055850140553, 50.469741657492705), (10.208053566557945, 53.49055850140553, 50.909741657436825), (10.207770171430177, 53.4905001162389, 50.98901168582961), (10.207841384349909, 53.49053554251986, 50.98486343456898), (10.207841384349909, 53.49053554251986, 50.54486343450844), (10.207770171430177, 53.4905001162389, 50.54901168588549), (10.207770171430177, 53.4905001162389, 50.98901168582961), (10.206845041616731, 53.490039122596066, 51.04232479259372), (10.206916163348088, 53.490074613434324, 51.03826427983586), (10.206916163348088, 53.490074613434324, 50.59826427989174), (10.206845041616731, 53.490039122596066, 50.60232479253318), (10.206845041616731, 53.490039122596066, 51.04232479259372), (10.206773926906633, 53.49000362679527, 51.04637855570763), (10.206845041616731, 53.490039122596066, 51.04232479259372), (10.206845041616731, 53.490039122596066, 50.60232479253318), (10.206773926906633, 53.49000362679527, 50.60637855576351), (10.206773926906633, 53.49000362679527, 51.04637855570763), (10.206702819218732, 53.489968126032466, 51.050425569410436), (10.206702819218732, 53.489968126032466, 50.610425569466315), (10.206773926906633, 53.49000362679527, 50.60637855576351), (10.206773926906633, 53.49000362679527, 51.04637855582405), (10.206702819218732, 53.489968126032466, 51.050425569410436), (10.20671395865702, 53.48987502792426, 50.974823808763176), (10.20671395865702, 53.48987502792426, 50.53482380870264), (10.206678599891347, 53.48985711600204, 50.53663951973431), (10.206678599891347, 53.48985711600204, 50.976639519794844), (10.20671395865702, 53.48987502792426, 50.974823808763176), (10.206784659933746, 53.489910863208536, 50.971208234201185), (10.20671395865702, 53.48987502792426, 50.97482380864676), (10.20671395865702, 53.48987502792426, 50.53482380870264), (10.206784659933746, 53.489910863208536, 50.53120823414065), (10.206784659933746, 53.489910863208536, 50.971208234201185), (10.206855339529904, 53.48994671374203, 50.967613790300675), (10.206855339529904, 53.48994671374203, 50.52761379024014), (10.206784659933758, 53.489910863208536, 50.531208234257065), (10.206784659933758, 53.489910863208536, 50.9712082343176), (10.206855339529904, 53.48994671374203, 50.967613790300675), (10.205512200009755, 53.48937932249245, 51.144069556496106), (10.205512200009755, 53.48937932249245, 50.704069556551985), (10.205555443939073, 53.489400281837, 50.700273582013324), (10.205555443939073, 53.489400281837, 51.140273581957445), (10.205512200009755, 53.48937932249245, 51.144069556496106), (10.205544099670131, 53.48930339849199, 51.0733546941774), (10.205500240715761, 53.48928284599537, 51.077728595468216), (10.205500240715761, 53.48928284599537, 50.637728595524095), (10.205544099670131, 53.48930339849199, 50.63335469411686), (10.205544099670131, 53.48930339849199, 51.0733546941774), (10.205806141517446, 53.48942755202855, 51.04823322885204), (10.205762600754863, 53.48940676018632, 51.05228652572259), (10.205762600754863, 53.48940676018632, 50.61228652577847), (10.205806141517446, 53.48942755202855, 50.60823322890792), (10.205806141517446, 53.48942755202855, 51.04823322885204), (10.205849628890164, 53.4894483835918, 51.04423340014182), (10.205806141517444, 53.48942755202854, 51.048233228968456), (10.205806141517444, 53.48942755202854, 50.60823322890792), (10.205849628890164, 53.4894483835918, 50.6042334001977), (10.205849628890164, 53.4894483835918, 51.04423340014182), (10.205893062771102, 53.48946925482731, 51.04028704878874), (10.205849628890164, 53.489448383591785, 51.04423340014182), (10.205849628890164, 53.489448383591785, 50.6042334001977), (10.205893062771102, 53.48946925482731, 50.60028704884462), (10.205893062771102, 53.48946925482731, 51.04028704878874), (10.205936443058441, 53.48949016568623, 51.036394184222445), (10.205893062771072, 53.48946925482731, 51.04028704890516), (10.205893062771072, 53.48946925482731, 50.60028704884462), (10.205936443058441, 53.48949016568623, 50.596394184278324), (10.205936443058441, 53.48949016568623, 51.036394184222445), (10.205979769650531, 53.4895111161195, 51.032554815523326), (10.205936443058429, 53.48949016568621, 51.036394184222445), (10.205936443058429, 53.48949016568621, 50.596394184278324), (10.205979769650531, 53.4895111161195, 50.59255481546279), (10.205979769650531, 53.4895111161195, 51.032554815523326), (10.206023042445814, 53.48953210607815, 51.02876895153895), (10.205979769650519, 53.4895111161195, 51.03255481540691), (10.205979769650519, 53.4895111161195, 50.59255481546279), (10.206023042445814, 53.48953210607815, 50.588768951478414), (10.206023042445814, 53.48953210607815, 51.02876895153895), (10.206066261342873, 53.48955313551295, 51.02503660134971), (10.206066261342873, 53.48955313551295, 50.58503660140559), (10.206023042445814, 53.48953210607815, 50.58876895159483), (10.206023042445814, 53.48953210607815, 51.028768951655366), (10.206066261342873, 53.48955313551295, 51.02503660134971), (10.206109426240422, 53.48957420437469, 51.021357773570344), (10.206066261342887, 53.48955313551295, 51.02503660134971), (10.206066261342887, 53.48955313551295, 50.58503660140559), (10.206109426240422, 53.48957420437469, 50.58135777362622), (10.206109426240422, 53.48957420437469, 51.021357773570344), (10.206152537037266, 53.489595312614, 51.017732476932), (10.206152537037266, 53.489595312614, 50.57773247687146), (10.206109426240422, 53.48957420437469, 50.58135777350981), (10.206109426240422, 53.48957420437469, 51.021357773570344), (10.206152537037266, 53.489595312614, 51.017732476932), (10.206195593632371, 53.48961646018146, 51.01416071981657), (10.206152537037266, 53.48959531261401, 51.017732476932), (10.206152537037266, 53.48959531261401, 50.57773247687146), (10.206195593632371, 53.48961646018146, 50.57416071987245), (10.206195593632371, 53.48961646018146, 51.01416071981657), (10.206238595924788, 53.489637647027536, 51.01064251083881), (10.206238595924788, 53.489637647027536, 50.57064251077827), (10.206195593632359, 53.489616460181466, 50.57416071987245), (10.206195593632359, 53.489616460181466, 51.01416071993299), (10.206238595924788, 53.489637647027536, 51.01064251083881), (10.206281543813773, 53.489658873102606, 51.00717785791494), (10.206238595924788, 53.489637647027536, 51.01064251072239), (10.206238595924788, 53.489637647027536, 50.57064251077827), (10.206281543813773, 53.489658873102606, 50.5671778578544), (10.206281543813773, 53.489658873102606, 51.00717785791494), (10.206324437198653, 53.489680138356974, 51.00376676931046), (10.206324437198653, 53.489680138356974, 50.56376676936634), (10.20628154381379, 53.48965887310261, 50.5671778578544), (10.20628154381379, 53.48965887310261, 51.00717785791494), (10.206324437198653, 53.489680138356974, 51.00376676931046), (10.20634586342064, 53.48969078566079, 51.00208131421823), (10.20634586342064, 53.48969078566079, 50.56208131427411), (10.206324437198665, 53.48968013835695, 50.56376676936634), (10.206324437198665, 53.48968013835695, 51.003766769426875), (10.20634586342064, 53.48969078566079, 51.00208131421823), (10.206678599891719, 53.48985711600181, 50.9766395194456), (10.206345863420626, 53.48969078566081, 51.00208131421823), (10.206345863420626, 53.48969078566081, 50.56208131427411), (10.206678599891719, 53.48985711600181, 50.53663951938506), (10.206678599891719, 53.48985711600181, 50.9766395194456), (10.206200245792694, 53.489717477375166, 51.08715042530093), (10.206200245792694, 53.489717477375166, 50.64715042535681), (10.206242973829044, 53.48973880997568, 50.6438634453807), (10.206242973829044, 53.48973880997568, 51.08386344544124), (10.206200245792694, 53.489717477375166, 51.08715042530093), (10.206631718554, 53.48993262030813, 51.054465833469294), (10.206631718554, 53.48993262030813, 50.61446583340876), (10.206702819218718, 53.489968126032466, 50.610425569466315), (10.206702819218718, 53.489968126032466, 51.050425569410436), (10.206631718554, 53.48993262030813, 51.054465833469294), (10.206596170855649, 53.48991486558552, 51.05648343428038), (10.206596170855649, 53.48991486558552, 50.61648343433626), (10.206631718554013, 53.4899326203081, 50.61446583340876), (10.206631718554013, 53.4899326203081, 51.05446583335288), (10.206596170855649, 53.48991486558552, 51.05648343428038), (10.206264325644897, 53.48974948496925, 51.08223189401906), (10.206264325644897, 53.48974948496925, 50.642231893958524), (10.206596170787183, 53.48991486563426, 50.61648350127507), (10.206596170787183, 53.48991486563426, 51.056483501335606), (10.206264325644897, 53.48974948496925, 51.08223189401906), (10.206242973829044, 53.48973880997566, 51.08386344532482), (10.206264325644897, 53.48974948496925, 51.082231893902645), (10.206264325644897, 53.48974948496925, 50.642231893958524), (10.206242973829044, 53.48973880997566, 50.6438634453807), (10.206242973829044, 53.48973880997566, 51.08386344532482), (10.205771183234571, 53.489505430103385, 51.12177061638795), (10.205771183234571, 53.489505430103385, 50.68177061644383), (10.205814234773204, 53.489526529943554, 50.67816542624496), (10.205814234773204, 53.489526529943554, 51.118165426305495), (10.205771183234571, 53.489505430103385, 51.12177061638795), (10.205728099541494, 53.48948435363562, 51.1254076117184), (10.20577118323456, 53.4895054301034, 51.121770616504364), (10.20577118323456, 53.4895054301034, 50.68177061644383), (10.205728099541494, 53.48948435363562, 50.685407611657865), (10.205728099541494, 53.48948435363562, 51.1254076117184), (10.205684983729672, 53.48946330055768, 51.129076408804394), (10.205684983729672, 53.48946330055768, 50.689076408860274), (10.205728099541506, 53.48948435363562, 50.685407611657865), (10.205728099541506, 53.48948435363562, 51.125407611601986), (10.205684983729672, 53.48946330055768, 51.129076408804394), (10.205641835834822, 53.489442270887025, 51.13277700508479), (10.205684983729672, 53.48946330055768, 51.12907640892081), (10.205684983729672, 53.48946330055768, 50.689076408860274), (10.205641835834822, 53.489442270887025, 50.692777005024254), (10.205641835834822, 53.489442270887025, 51.13277700508479), (10.205598655892684, 53.48942126464099, 51.13650939706713), (10.205598655892684, 53.48942126464099, 50.696509397006594), (10.205641835834822, 53.489442270887025, 50.69277700490784), (10.205641835834822, 53.489442270887025, 51.132777004968375), (10.205598655892684, 53.48942126464099, 51.13650939706713), (10.205555443939058, 53.48940028183701, 51.140273581957445), (10.205598655892672, 53.48942126464099, 51.13650939706713), (10.205598655892672, 53.48942126464099, 50.69650939712301), (10.205555443939058, 53.48940028183701, 50.70027358189691), (10.205555443939058, 53.48940028183701, 51.140273581957445), (10.2055879058488, 53.4893239910004, 51.069034201907925), (10.2055879058488, 53.4893239910004, 50.629034201963805), (10.205544099670117, 53.48930339849198, 50.63335469411686), (10.205544099670117, 53.48930339849198, 51.07335469406098), (10.2055879058488, 53.4893239910004, 51.069034201907925), (10.205631659149091, 53.48934462347244, 51.06476712913718), (10.205631659149091, 53.48934462347244, 50.624767129076645), (10.205587905848814, 53.489323991000404, 50.629034201963805), (10.205587905848814, 53.489323991000404, 51.069034201907925), (10.205631659149091, 53.48934462347244, 51.06476712913718), (10.205675359468458, 53.48936529585971, 51.060553485527635), (10.205631659149077, 53.48934462347244, 51.06476712913718), (10.205631659149077, 53.48934462347244, 50.624767129076645), (10.205675359468458, 53.48936529585971, 50.620553485583514), (10.205675359468458, 53.48936529585971, 51.060553485527635), (10.205719006704472, 53.48938600811383, 51.05639328120742), (10.205719006704472, 53.48938600811383, 50.616393281146884), (10.205675359468444, 53.48936529585973, 50.620553485583514), (10.205675359468444, 53.48936529585973, 51.060553485527635), (10.205719006704472, 53.48938600811383, 51.05639328120742), (10.205762600754877, 53.48940676018632, 51.05228652572259), (10.2057190067045, 53.48938600811386, 51.056393281091005), (10.2057190067045, 53.48938600811386, 50.616393281146884), (10.205762600754877, 53.48940676018632, 50.61228652577847), (10.205762600754877, 53.48940676018632, 51.05228652572259), (10.206157485246349, 53.48969616797156, 51.09046923893038), (10.206200245792694, 53.489717477375166, 51.08715042530093), (10.206200245792694, 53.489717477375166, 50.64715042535681), (10.206157485246349, 53.48969616797156, 50.650469238869846), (10.206157485246349, 53.48969616797156, 51.09046923893038), (10.206114692225448, 53.489674881782506, 51.0938198834192), (10.206157485246363, 53.48969616797156, 51.09046923881397), (10.206157485246363, 53.48969616797156, 50.650469238869846), (10.206114692225448, 53.489674881782506, 50.65381988347508), (10.206114692225448, 53.489674881782506, 51.0938198834192), (10.206071866765402, 53.4896536188256, 51.09720235620625), (10.20611469222542, 53.489674881782506, 51.0938198834192), (10.20611469222542, 53.489674881782506, 50.65381988347508), (10.206071866765402, 53.4896536188256, 50.65720235626213), (10.206071866765402, 53.4896536188256, 51.09720235620625), (10.20602900890176, 53.48963237911846, 51.100616654381156), (10.20602900890176, 53.48963237911846, 50.660616654437035), (10.206071866765402, 53.4896536188256, 50.65720235626213), (10.206071866765402, 53.4896536188256, 51.09720235620625), (10.20602900890176, 53.48963237911846, 51.100616654381156), (10.205986118670005, 53.489611162678635, 51.10406277514994), (10.206029008901758, 53.48963237911844, 51.100616654381156), (10.206029008901758, 53.48963237911844, 50.660616654437035), (10.205986118670005, 53.489611162678635, 50.664062775089405), (10.205986118670005, 53.489611162678635, 51.10406277514994), (10.205943196105695, 53.48958996952371, 51.10754071560223), (10.205943196105695, 53.48958996952371, 50.66754071554169), (10.20598611867002, 53.489611162678635, 50.664062775089405), (10.20598611867002, 53.489611162678635, 51.10406277514994), (10.205943196105695, 53.48958996952371, 51.10754071560223), (10.205900241244402, 53.48956879967122, 51.11105047282763), (10.205943196105709, 53.489589969523706, 51.10754071560223), (10.205943196105709, 53.489589969523706, 50.66754071554169), (10.205900241244402, 53.48956879967122, 50.67105047288351), (10.205900241244402, 53.48956879967122, 51.11105047282763), (10.205857254121678, 53.489547653138665, 51.11459204403218), (10.205857254121678, 53.489547653138665, 50.67459204408806), (10.20590024124439, 53.48956879967122, 50.67105047288351), (10.20590024124439, 53.48956879967122, 51.11105047282763), (10.205857254121678, 53.489547653138665, 51.11459204403218), (10.205814234773191, 53.489526529943554, 51.118165426305495), (10.205857254121678, 53.48954765313866, 51.114592044148594), (10.205857254121678, 53.48954765313866, 50.67459204408806), (10.205814234773191, 53.489526529943554, 50.67816542624496), (10.205814234773191, 53.489526529943554, 51.118165426305495), (10.205468924140604, 53.48935838662466, 51.1478973175399), (10.205468924140604, 53.48935838662466, 50.70789731759578), (10.20551220000977, 53.489379322492454, 50.70406955643557), (10.20551220000977, 53.489379322492454, 51.144069556496106), (10.205468924140604, 53.48935838662466, 51.1478973175399), (10.205425616367437, 53.489337474250945, 51.15175686206203), (10.205425616367437, 53.489337474250945, 50.711756862001494), (10.20546892414059, 53.48935838662464, 50.70789731759578), (10.20546892414059, 53.48935838662464, 51.147897317656316), (10.205425616367437, 53.489337474250945, 51.15175686206203), (10.20550024071576, 53.489282845995355, 51.077728595468216), (10.20550024071576, 53.489282845995355, 50.63772859540768), (10.205425616367451, 53.48933747425093, 50.71175686211791), (10.205425616367451, 53.48933747425093, 51.15175686206203), (10.20550024071576, 53.489282845995355, 51.077728595468216), (10.207998600104643, 53.49088384548546, 49.971730735735036), (10.207998600104643, 53.49088384548546, 51.38488948135637), (10.208026316571894, 53.49089805891744, 51.38488948100712), (10.208026316571894, 53.49089805891744, 49.971730735269375), (10.207998600104643, 53.49088384548546, 49.971730735735036), (10.20802631657191, 53.49089805891744, 49.971730735502206), (10.208026316571905, 53.49089805891744, 51.38488948112354), (10.20802942379088, 53.490895903942196, 51.38488948100712), (10.20802942379088, 53.49089590394218, 49.971730735502206), (10.20802631657191, 53.49089805891744, 49.971730735502206), (10.208029423790864, 53.490895903942175, 49.97173073538579), (10.208029423790864, 53.49089590394217, 51.38488948123995), (10.208036335973217, 53.49089944861329, 51.38488948112354), (10.208036335973217, 53.49089944861329, 49.97173073538579), (10.208029423790864, 53.490895903942175, 49.97173073538579), (10.207554985038108, 53.49068890391331, 53.34954822505824), (10.207554985038108, 53.49068890391331, 49.89874867431354), (10.207493170936518, 53.49066293483081, 49.89874867442995), (10.207493170936518, 53.490662934830794, 53.34954822517466), (10.207554985038108, 53.49068890391331, 53.34954822505824), (10.207219540299231, 53.4905524507396, 53.349548225523904), (10.207219540299231, 53.4905524507396, 49.898748674662784), (10.207154201250523, 53.49052868203692, 49.898748674895614), (10.207154201250523, 53.49052868203692, 53.349548225523904), (10.207219540299231, 53.4905524507396, 53.349548225523904), (10.207402241971755, 53.49062475894327, 53.34954822517466), (10.20740224197174, 53.49062475894327, 49.89874867442995), (10.207340549393365, 53.49059898650504, 49.898748674662784), (10.207340549393349, 53.49059898650505, 53.34954822529107), (10.207402241971755, 53.49062475894327, 53.34954822517466), (10.20746359428896, 53.49065056834634, 53.34954822517466), (10.20746359428896, 53.49065056834634, 49.89874867454637), (10.20740224197174, 53.49062475894327, 49.89874867454637), (10.20740224197174, 53.490624758943284, 53.34954822517466), (10.20746359428896, 53.49065056834634, 53.34954822517466), (10.207493170936546, 53.49066293483082, 53.34954822505824), (10.207493170936546, 53.49066293483082, 49.89874867431354), (10.207463594288958, 53.49065056834635, 49.89874867454637), (10.207463594288974, 53.49065056834635, 53.34954822529107), (10.207493170936546, 53.49066293483082, 53.34954822505824), (10.207277298724698, 53.49057351917319, 53.34954822564032), (10.207219540299233, 53.49055245073961, 53.349548225756735), (10.207219540299231, 53.4905524507396, 49.89874867501203), (10.207277298724698, 53.49057351917318, 49.898748674895614), (10.207277298724698, 53.49057351917319, 53.34954822564032), (10.207340549393336, 53.49059898650508, 53.34954822540749), (10.207277298724684, 53.49057351917318, 53.349548225523904), (10.207277298724698, 53.49057351917319, 49.8987486747792), (10.207340549393336, 53.49059898650508, 49.898748674662784), (10.207340549393336, 53.49059898650508, 53.34954822540749), (10.207092603621392, 53.49050177399159, 53.349548225756735), (10.207054127489576, 53.49048471877294, 53.349548225756735), (10.207054127489576, 53.49048471877294, 49.89874867524486), (10.207092603621378, 53.49050177399159, 49.89874867501203), (10.207092603621392, 53.49050177399159, 53.349548225756735), (10.207154201250518, 53.49052868203692, 53.349548225756735), (10.20715420125052, 53.49052868203691, 49.89874867501203), (10.207092603621392, 53.49050177399159, 49.89874867501203), (10.207092603621392, 53.49050177399159, 53.349548225756735), (10.207154201250518, 53.49052868203692, 53.349548225756735), (10.207017704171571, 53.490475083844416, 53.349548225989565), (10.206952880645417, 53.49044940148951, 53.34954822587315), (10.206952880645417, 53.49044940148951, 49.89874867524486), (10.207017704171584, 53.490475083844416, 49.89874867524486), (10.207017704171571, 53.490475083844416, 53.349548225989565), (10.207054127489577, 53.490484718772954, 53.34954822587315), (10.207017704171585, 53.490475083844444, 53.34954822587315), (10.207017704171571, 53.490475083844444, 49.89874867524486), (10.207054127489577, 53.49048471877296, 49.898748675128445), (10.207054127489577, 53.490484718772954, 53.34954822587315), (10.206442667512157, 53.490195670852664, 53.25870546232909), (10.206442667512155, 53.49019567085267, 51.140301360865124), (10.206384762670973, 53.49016679530692, 51.14030136191286), (10.206384762670988, 53.49016679530692, 53.25870546337683), (10.206442667512157, 53.490195670852664, 53.25870546232909), (10.206384762670973, 53.490166795306926, 53.25870546349324), (10.20638476267099, 53.490166795306926, 51.14030136202928), (10.206327339279136, 53.490137467644736, 51.1403013629606), (10.206327339279136, 53.490137467644736, 53.258705464424565), (10.206384762670973, 53.490166795306926, 53.25870546349324), (10.206238813856709, 53.49009381804987, 53.258705465937965), (10.206238813856697, 53.490093818049864, 51.140301364590414), (10.206176286528176, 53.49008755109575, 51.140301365056075), (10.206176286528176, 53.49008755109575, 53.25870546675287), (10.206238813856709, 53.49009381804987, 53.258705465937965), (10.206269332380499, 53.49010820886914, 53.25870546558872), (10.206238813856723, 53.49009381804987, 53.25870546605438), (10.206238813856709, 53.49009381804987, 51.140301364590414), (10.206269332380499, 53.49010820886914, 51.14030136400834), (10.206269332380499, 53.49010820886914, 53.25870546558872), (10.206327339279149, 53.490137467644736, 53.258705464424565), (10.206269332380515, 53.49010820886914, 53.2587054654723), (10.2062693323805, 53.49010820886913, 51.14030136400834), (10.206327339279136, 53.49013746764473, 51.140301362844184), (10.206327339279149, 53.490137467644736, 53.258705464424565), (10.206812078463779, 53.490373416239564, 53.30015033495147), (10.206793511035816, 53.490364563568946, 53.30015033506788), (10.206793511035801, 53.490364563568946, 50.98154667322524), (10.206812078463791, 53.490373416239564, 50.98154667299241), (10.206812078463779, 53.490373416239564, 53.30015033495147), (10.206842685802986, 53.490410517022056, 53.3001503336709), (10.206842685802986, 53.490410517022056, 50.98154667194467), (10.206812078463805, 53.490373416239535, 50.98154667287599), (10.206812078463805, 53.490373416239535, 53.30015033460222), (10.206842685802986, 53.490410517022056, 53.3001503336709), (10.206885852282637, 53.49043020640973, 53.30015033320524), (10.206842685802986, 53.490410517022056, 53.300150333787315), (10.206842685802986, 53.490410517022056, 50.981546672061086), (10.20688585228265, 53.49043020640973, 50.981546671362594), (10.206885852282637, 53.49043020640973, 53.30015033320524), (10.20679351103583, 53.490364563568946, 53.30015033495147), (10.20679351103583, 53.490364563568946, 50.98154667322524), (10.20673436628948, 53.49033694382193, 50.981546674040146), (10.20673436628948, 53.49033694382193, 53.30015033588279), (10.20679351103583, 53.490364563568946, 53.30015033495147), (10.20655966961564, 53.49025143628399, 53.30015033856034), (10.206500545505488, 53.490223374921364, 53.300150339491665), (10.206500545505504, 53.490223374921364, 50.98154667764902), (10.20655966961564, 53.49025143628399, 50.981546676834114), (10.20655966961564, 53.49025143628399, 53.30015033856034), (10.206588749036941, 53.490265959197615, 53.30015033809468), (10.20655966961564, 53.49025143628399, 53.30015033856034), (10.20655966961564, 53.49025143628399, 50.981546676834114), (10.206588749036941, 53.49026595919759, 50.98154667636845), (10.206588749036941, 53.490265959197615, 53.30015033809468), (10.206646690843117, 53.490294565802614, 53.30015033716336), (10.206646690843117, 53.490294565802614, 50.98154667543713), (10.206588749036927, 53.490265959197586, 50.98154667636845), (10.206588749036927, 53.490265959197586, 53.3001503382111), (10.206646690843117, 53.490294565802614, 53.30015033716336), (10.206704150458613, 53.49032302009039, 53.30015033634845), (10.206646690843117, 53.490294565802635, 53.300150337279774), (10.206646690843117, 53.490294565802614, 50.981546675553545), (10.2067041504586, 53.49032302009038, 50.98154667462222), (10.206704150458613, 53.49032302009039, 53.30015033634845), (10.206734366289467, 53.4903369438219, 53.300150335999206), (10.206734366289469, 53.4903369438219, 50.98154667415656), (10.206704150458627, 53.49032302009039, 50.98154667450581), (10.206704150458629, 53.49032302009039, 53.30015033634845), (10.206734366289467, 53.4903369438219, 53.300150335999206), (10.205687727791975, 53.48987082099473, 53.22105614002794), (10.205687727791975, 53.48987082099473, 51.04309680382721), (10.205661309536504, 53.48985115776852, 51.04309680429287), (10.205661309536506, 53.48985115776854, 53.22105614061002), (10.205687727791975, 53.48987082099473, 53.22105614002794), (10.205717006242676, 53.48988511018956, 53.22105613979511), (10.205717006242676, 53.48988511018956, 51.043096803477965), (10.205687727791984, 53.489870820994746, 51.043096803710796), (10.205687727791984, 53.489870820994746, 53.22105614026077), (10.205717006242676, 53.48988511018956, 53.22105613979511), (10.205723575486218, 53.48988838480625, 53.221056139678694), (10.205723575486216, 53.489888384806235, 51.04309680336155), (10.205717006242663, 53.48988511018956, 51.04309680336155), (10.205717006242663, 53.48988511018956, 53.221056139678694), (10.205723575486218, 53.48988838480625, 53.221056139678694), (10.20561043015197, 53.489791168740794, 53.221056142007), (10.205553447210422, 53.48976174161053, 53.22105614258908), (10.20555344721041, 53.48976174161053, 51.04309680627193), (10.20561043015197, 53.48979116874078, 51.043096805689856), (10.20561043015197, 53.489791168740794, 53.221056142007), (10.205080830261934, 53.489525911899015, 53.22105614724569), (10.205080830261945, 53.48952591189901, 51.043096810928546), (10.204968980942697, 53.489472166241086, 51.043096812209114), (10.204968980942697, 53.489472166241086, 53.22105614840984), (10.205080830261934, 53.489525911899015, 53.22105614724569), (10.205639335788486, 53.489806158204075, 53.22105614154134), (10.2056393357885, 53.489806158204075, 51.04309680534061), (10.205610430151967, 53.4897911687408, 51.04309680557344), (10.205610430151973, 53.48979116874082, 53.221056142007), (10.205639335788486, 53.489806158204075, 53.22105614154134), (10.205648092402305, 53.48982085960783, 53.22105614130851), (10.205639335788508, 53.489806158204054, 53.221056141657755), (10.205639335788504, 53.48980615820403, 51.043096805224195), (10.205648092402303, 53.489820859607825, 51.043096804991364), (10.205648092402305, 53.48982085960783, 53.22105614130851), (10.205404218801494, 53.489685923351374, 53.22105614398606), (10.205346590830159, 53.48965689333278, 53.22105614468455), (10.205346590830159, 53.48965689333278, 51.04309680825099), (10.205404218801494, 53.489685923351345, 51.04309680766892), (10.205404218801494, 53.489685923351374, 53.22105614398606), (10.205518413470678, 53.48974424384024, 53.22105614282191), (10.205404218801522, 53.48968592335136, 53.22105614398606), (10.205404218801522, 53.48968592335136, 51.04309680778533), (10.205518413470662, 53.48974424384022, 51.04309680662118), (10.205518413470678, 53.48974424384024, 53.22105614282191), (10.205553447210407, 53.489761741610536, 53.22105614258908), (10.205553447210395, 53.489761741610515, 51.04309680627193), (10.205518413470648, 53.489744243840214, 51.04309680662118), (10.205518413470648, 53.48974424384023, 53.22105614293832), (10.205553447210407, 53.489761741610536, 53.22105614258908), (10.20524802486689, 53.48960859395803, 53.22105614573229), (10.20524802486689, 53.48960859395803, 51.04309680941515), (10.205196875915464, 53.48958291200189, 51.04309680988081), (10.205196875915465, 53.48958291200189, 53.22105614619795), (10.20524802486689, 53.48960859395803, 53.22105614573229), (10.205288514127318, 53.48962857795015, 53.22105614526663), (10.20524802486689, 53.48960859395803, 53.221056145615876), (10.20524802486689, 53.48960859395802, 51.04309680929873), (10.205288514127318, 53.48962857795015, 51.043096808949485), (10.205288514127318, 53.48962857795015, 53.22105614526663), (10.205346590830159, 53.48965689333278, 53.22105614456814), (10.205346590830159, 53.48965689333278, 51.04309680836741), (10.205288514127307, 53.489628577950164, 51.043096808949485), (10.205288514127318, 53.489628577950164, 53.22105614526663), (10.205346590830159, 53.48965689333278, 53.22105614456814), (10.205139194489398, 53.489554163416344, 53.22105614678003), (10.205139194489382, 53.48955416341634, 51.043096810462885), (10.20508083026196, 53.48952591189901, 51.04309681104496), (10.20508083026196, 53.48952591189901, 53.22105614724569), (10.205139194489398, 53.489554163416344, 53.22105614678003), (10.205196875915451, 53.489582912001914, 53.22105614631437), (10.205196875915451, 53.48958291200189, 51.04309680999722), (10.205139194489371, 53.489554163416344, 51.043096810695715), (10.205139194489357, 53.48955416341635, 53.22105614701286), (10.205196875915451, 53.489582912001914, 53.22105614631437), (10.204889629720165, 53.48943427695082, 53.22105614922475), (10.204889629720165, 53.48943427695082, 51.043096812907606), (10.204855515085317, 53.48941712068027, 51.04309681325685), (10.204855515085317, 53.48941712068028, 53.221056149574), (10.204889629720165, 53.48943427695082, 53.22105614922475), (10.204910207591457, 53.489444313180094, 53.22105614899192), (10.204910207591467, 53.48944431318008, 51.043096812674776), (10.204889629720194, 53.48943427695082, 51.04309681279119), (10.204889629720194, 53.48943427695082, 53.221056149108335), (10.204910207591457, 53.489444313180094, 53.22105614899192), (10.20496898094271, 53.489472166241086, 53.22105614840984), (10.20496898094271, 53.48947216624107, 51.0430968120927), (10.204910207591466, 53.489444313180066, 51.04309681255836), (10.204910207591467, 53.48944431318008, 53.221056148875505), (10.20496898094271, 53.489472166241086, 53.22105614840984), (10.205661309536502, 53.48985115776854, 53.2210561404936), (10.205661309536499, 53.48985115776854, 51.04309680429287), (10.205648092402305, 53.48982085960783, 51.043096804991364), (10.205648092402305, 53.48982085960783, 53.22105614130851), (10.205661309536502, 53.48985115776854, 53.2210561404936), (10.2047586287674, 53.489369095675585, 53.221056150621735), (10.204710230232259, 53.48934517479867, 53.221056151087396), (10.204710230232244, 53.48934517479867, 51.04309681477025), (10.2047586287674, 53.489369095675585, 51.043096814421006), (10.2047586287674, 53.489369095675585, 53.221056150621735), (10.204855515085361, 53.48941712068027, 53.22105614945758), (10.204758628767411, 53.48936909567557, 53.221056150388904), (10.204758628767411, 53.48936909567557, 51.043096814188175), (10.204855515085333, 53.48941712068028, 51.04309681314044), (10.204855515085361, 53.48941712068027, 53.22105614945758), (10.20440201891209, 53.48919420100869, 53.17414221144281), (10.20436216564848, 53.48917474404878, 53.17414221144281), (10.20436216564848, 53.48917474404878, 51.09960645751562), (10.20440201891209, 53.48919420100869, 51.09960645751562), (10.20440201891209, 53.48919420100869, 53.17414221144281), (10.204600071508567, 53.48929073498327, 53.17414221144281), (10.20454180386035, 53.48926236930627, 53.17414221144281), (10.20454180386035, 53.48926236930627, 51.09960645751562), (10.204600071508567, 53.48929073498327, 51.09960645751562), (10.204600071508567, 53.48929073498327, 53.17414221144281), (10.204653079271477, 53.48931676377474, 53.17414221144281), (10.204653079271477, 53.48931676377474, 51.09960645751562), (10.204600071508569, 53.48929073498329, 51.09960645751562), (10.204600071508569, 53.48929073498329, 53.17414221144281), (10.204653079271477, 53.48931676377474, 53.17414221144281), (10.204483443413238, 53.48923386304914, 53.17414221144281), (10.204483443413238, 53.48923386304914, 51.09960645751562), (10.204454793188967, 53.48921986877499, 51.09960645751562), (10.204454793188967, 53.48921986877499, 53.17414221144281), (10.204483443413238, 53.48923386304914, 53.17414221144281), (10.204454793188981, 53.489219868774974, 53.17414221144281), (10.204454793188981, 53.489219868774974, 51.09960645751562), (10.204402018912104, 53.48919420100868, 51.09960645751562), (10.204402018912104, 53.48919420100868, 53.17414221144281), (10.204454793188981, 53.489219868774974, 53.17414221144281), (10.204541803860334, 53.48926236930627, 53.17414221144281), (10.204541803860334, 53.48926236930627, 51.09960645751562), (10.204483443413238, 53.48923386304914, 51.09960645751562), (10.204483443413238, 53.48923386304914, 53.17414221144281), (10.204541803860334, 53.48926236930627, 53.17414221144281), (10.204362165648464, 53.4891747440488, 53.17414221144281), (10.204332782567313, 53.4891597267187, 53.17414221144281), (10.204332782567313, 53.4891597267187, 51.09960645751562), (10.204362165648464, 53.4891747440488, 51.09960645751562), (10.204362165648464, 53.4891747440488, 53.17414221144281), (10.20396434456773, 53.48897457665662, 51.28352626389824), (10.203876572913405, 53.48893444896771, 51.27510666649323), (10.203876572913405, 53.48893444896771, 50.00256975530647), (10.20396434456773, 53.48897457665662, 50.010989352711476), (10.20396434456773, 53.48897457665662, 51.28352626389824), (10.203635861902637, 53.48882381313528, 51.273589362972416), (10.203546001638305, 53.488783073674895, 51.26525452034548), (10.203546001638305, 53.488783073674895, 49.97104874148499), (10.203635861902637, 53.48882381313528, 49.97938358411193), (10.203635861902637, 53.48882381313528, 51.273589362972416), (10.201924155457917, 53.487856410458996, 52.347507832804695), (10.201924155457917, 53.487856410458996, 49.828052740427665), (10.201890377448743, 53.48784619015334, 49.828052740427665), (10.20189037744873, 53.48784619015334, 52.34750783292111), (10.201924155457917, 53.487856410458996, 52.347507832804695), (10.20344073745543, 53.48835485129088, 52.34750783012714), (10.20337878685194, 53.48833220336225, 52.34750783012714), (10.203378786851955, 53.48833220336225, 49.82805273775011), (10.20344073745543, 53.48835485129088, 49.8280527376337), (10.20344073745543, 53.48835485129088, 52.34750783012714), (10.203171858437763, 53.48824518823296, 52.347507830592804), (10.203113249650963, 53.488233883942854, 52.34750783070922), (10.203113249650977, 53.488233883942854, 49.82805273833219), (10.203171858437774, 53.48824518823296, 49.828052738215774), (10.203171858437763, 53.48824518823296, 52.347507830592804), (10.203238208946319, 53.48826854556904, 52.34750783047639), (10.203238208946319, 53.48826854556904, 49.82805273809936), (10.203171858437774, 53.48824518823296, 49.828052738215774), (10.203171858437763, 53.48824518823296, 52.347507830592804), (10.203238208946319, 53.48826854556904, 52.34750783047639), (10.203302618920562, 53.48829255345932, 52.34750783035997), (10.203302618920562, 53.48829255345932, 49.82805273775011), (10.203238208946306, 53.488268545569056, 49.828052737982944), (10.203238208946306, 53.488268545569056, 52.34750783047639), (10.203302618920562, 53.48829255345932, 52.34750783035997), (10.203349796491533, 53.488317060932694, 52.34750783024356), (10.20334979649155, 53.488317060932694, 49.82805273786653), (10.203302618920574, 53.488292553459296, 49.828052737982944), (10.203302618920574, 53.488292553459296, 52.34750783035997), (10.203349796491533, 53.488317060932694, 52.34750783024356), (10.203113249650977, 53.488233883942854, 52.347507830825634), (10.203113249650963, 53.488233883942854, 49.828052738448605), (10.20304727079201, 53.488210672559504, 49.82805273856502), (10.203047270791997, 53.488210672559504, 52.347507831058465), (10.203113249650977, 53.488233883942854, 52.347507830825634), (10.202965700630124, 53.488182426582846, 52.34750783117488), (10.202900270551309, 53.48816027291444, 52.347507831291296), (10.202900270551309, 53.48816027291444, 49.828052738681436), (10.202965700630124, 53.488182426582846, 49.82805273856502), (10.202965700630124, 53.488182426582846, 52.34750783117488), (10.203014928445375, 53.48819948892029, 52.34750783094205), (10.202965700630124, 53.488182426582846, 52.347507831058465), (10.202965700630138, 53.488182426582846, 49.82805273856502), (10.203014928445375, 53.48819948892029, 49.828052738448605), (10.203014928445375, 53.48819948892029, 52.34750783094205), (10.20304727079201, 53.488210672559504, 52.347507830825634), (10.203047270791997, 53.48821067255949, 49.828052738448605), (10.203014928445373, 53.48819948892029, 49.828052738448605), (10.203014928445375, 53.48819948892029, 52.347507831058465), (10.20304727079201, 53.488210672559504, 52.347507830825634), (10.201957267364701, 53.4878665003692, 52.347507832804695), (10.201924155457919, 53.48785641045903, 52.34750783292111), (10.201924155457919, 53.48785641045903, 49.828052740427665), (10.201957267364714, 53.4878665003692, 49.828052740427665), (10.201957267364701, 53.4878665003692, 52.347507832804695), (10.202703478932234, 53.48809416729897, 52.34750783164054), (10.202703478932218, 53.48809416729897, 49.8280527391471), (10.202637727639612, 53.488072449033204, 49.8280527391471), (10.202637727639612, 53.488072449033204, 52.34750783175696), (10.202703478932234, 53.48809416729897, 52.34750783164054), (10.20283484054026, 53.48813811920975, 52.34750783140771), (10.202834840540246, 53.48813811920975, 49.82805273879785), (10.202769368959855, 53.48811605489452, 49.82805273903068), (10.202769368959855, 53.488116054894526, 52.34750783140771), (10.20283484054026, 53.48813811920975, 52.34750783140771), (10.202769368959869, 53.48811605489452, 52.347507831291296), (10.202769368959853, 53.488116054894505, 49.828052738914266), (10.202703478932248, 53.488094167298954, 49.8280527391471), (10.202703478932234, 53.48809416729896, 52.34750783164054), (10.202769368959869, 53.48811605489452, 52.347507831291296), (10.202571119700536, 53.48805122245627, 52.34750783175696), (10.20257111970052, 53.48805122245627, 49.82805273926351), (10.202519005596747, 53.48803495947048, 49.82805273949634), (10.202519005596733, 53.48803495947049, 52.34750783187337), (10.202571119700536, 53.48805122245627, 52.34750783175696), (10.202495140725773, 53.48802883904172, 52.34750783198979), (10.202495140725773, 53.48802883904172, 49.82805273949634), (10.202519005596747, 53.48803495947048, 49.82805273949634), (10.202519005596747, 53.488034959470475, 52.34750783187337), (10.202495140725773, 53.48802883904172, 52.34750783198979), (10.20246078267053, 53.48802004127904, 52.34750783187337), (10.202426238931597, 53.48800959332901, 52.3475078321062), (10.202426238931597, 53.48800959332901, 49.82805273949634), (10.20246078267053, 53.48802004127904, 49.82805273961276), (10.20246078267053, 53.48802004127904, 52.34750783187337), (10.202495140725759, 53.48802883904172, 52.34750783187337), (10.20246078267053, 53.48802004127904, 52.34750783198979), (10.202460782670514, 53.48802004127904, 49.82805273949634), (10.202495140725759, 53.48802883904172, 49.82805273937993), (10.202495140725759, 53.48802883904172, 52.34750783187337), (10.202637727639624, 53.488072449033204, 52.34750783164054), (10.202637727639624, 53.488072449033204, 49.82805273903068), (10.20257111970052, 53.48805122245627, 49.82805273926351), (10.20257111970052, 53.48805122245627, 52.34750783164054), (10.202637727639624, 53.488072449033204, 52.34750783164054), (10.202091253451963, 53.487907303198924, 52.34750783268828), (10.20205773140462, 53.487897112747376, 52.34750783268828), (10.20205773140462, 53.487897112747376, 49.82805274031125), (10.202091253451963, 53.48790730319892, 49.828052740194835), (10.202091253451963, 53.487907303198924, 52.34750783268828), (10.202393006681762, 53.487999393019706, 52.3475078321062), (10.202393006681762, 53.487999393019706, 49.82805273961276), (10.202359467833867, 53.48798925355619, 49.82805273961276), (10.202359467833853, 53.487989253556194, 52.3475078321062), (10.202393006681762, 53.487999393019706, 52.3475078321062), (10.202426238931611, 53.48800959332903, 52.3475078321062), (10.202393006681762, 53.48799939301971, 52.3475078321062), (10.20239300668175, 53.48799939301971, 49.82805273972917), (10.202426238931597, 53.48800959332903, 49.82805273961276), (10.202426238931611, 53.48800959332903, 52.3475078321062), (10.20212453613204, 53.48791741293313, 52.347507832571864), (10.202091253451963, 53.48790730319892, 52.347507832571864), (10.202091253451934, 53.48790730319892, 49.82805274007842), (10.202124536132022, 53.48791741293313, 49.82805274007842), (10.20212453613204, 53.48791741293313, 52.347507832571864), (10.202158451629924, 53.487927754846105, 52.34750783245545), (10.202124536132052, 53.48791741293313, 52.347507832571864), (10.20212453613204, 53.48791741293313, 49.828052739962004), (10.20215845162991, 53.487927754846105, 49.828052739962004), (10.202158451629924, 53.487927754846105, 52.34750783245545), (10.202191871719675, 53.48793798623579, 52.34750783233903), (10.20215845162991, 53.487927754846105, 52.34750783245545), (10.20215845162991, 53.487927754846105, 49.828052739962004), (10.20219187171966, 53.48793798623579, 49.828052739962004), (10.202191871719675, 53.48793798623579, 52.34750783233903), (10.202225512494493, 53.487948084780236, 52.34750783245545), (10.20219187171969, 53.4879379862358, 52.34750783245545), (10.202191871719675, 53.4879379862358, 49.828052739962004), (10.202225512494504, 53.48794808478022, 49.828052739962004), (10.202225512494493, 53.487948084780236, 52.34750783245545), (10.202259171999254, 53.48795839685882, 52.34750783222262), (10.202225512494493, 53.487948084780236, 52.34750783245545), (10.202225512494493, 53.487948084780236, 49.828052739962004), (10.202259171999254, 53.48795839685882, 49.82805273984559), (10.202259171999254, 53.48795839685882, 52.34750783222262), (10.202290883134056, 53.48796816507059, 52.34750783245545), (10.202290883134042, 53.48796816507059, 49.82805273984559), (10.20225917199924, 53.48795839685882, 49.828052739962004), (10.20225917199924, 53.48795839685882, 52.34750783233903), (10.202290883134056, 53.48796816507059, 52.34750783245545), (10.202324457323735, 53.48797846719548, 52.34750783222262), (10.202324457323735, 53.48797846719548, 49.82805273972917), (10.202290883134056, 53.48796816507059, 49.82805273984559), (10.202290883134056, 53.487968165070576, 52.34750783222262), (10.202324457323735, 53.48797846719548, 52.34750783222262), (10.20235946783384, 53.48798925355618, 52.3475078321062), (10.202324457323739, 53.4879784671955, 52.34750783222262), (10.20232445732375, 53.4879784671955, 49.82805273961276), (10.202359467833853, 53.487989253556194, 49.82805273961276), (10.20235946783384, 53.48798925355618, 52.3475078321062), (10.201990704016128, 53.48787668091364, 52.34750783268828), (10.201957267364714, 53.4878665003692, 52.347507832804695), (10.201957267364714, 53.4878665003692, 49.82805274031125), (10.201990704016128, 53.48787668091364, 49.82805274031125), (10.201990704016128, 53.48787668091364, 52.34750783268828), (10.202024192714697, 53.48788697318839, 52.34750783268828), (10.201990704016138, 53.48787668091364, 52.347507832804695), (10.201990704016124, 53.48787668091363, 49.828052740194835), (10.202024192714713, 53.48788697318837, 49.828052740194835), (10.202024192714697, 53.48788697318839, 52.34750783268828), (10.20205773140461, 53.487897112747376, 52.347507832804695), (10.202024192714687, 53.487886973188395, 52.34750783268828), (10.202024192714687, 53.487886973188395, 49.828052740194835), (10.20205773140461, 53.487897112747376, 49.828052740194835), (10.20205773140461, 53.487897112747376, 52.347507832804695), (10.20337878685197, 53.48833220336223, 52.34750783012714), (10.203349796491533, 53.488317060932694, 52.34750783024356), (10.203349796491533, 53.488317060932694, 49.82805273775011), (10.203378786851955, 53.48833220336223, 49.82805273775011), (10.20337878685197, 53.48833220336223, 52.34750783012714), (10.202900270551336, 53.48816027291446, 52.34750783117488), (10.202900270551353, 53.48816027291446, 49.828052738681436), (10.20283484054026, 53.48813811920975, 49.82805273879785), (10.20283484054026, 53.48813811920976, 52.347507831291296), (10.202900270551336, 53.48816027291446, 52.34750783117488), (10.200235841056045, 53.487399091472604, 52.34750783536583), (10.200235841056045, 53.487399091472604, 49.82805274287239), (10.20016575309356, 53.48738286920393, 49.82805274310522), (10.200165753093575, 53.48738286920395, 52.34750783548225), (10.200235841056045, 53.487399091472604, 52.34750783536583), (10.200759382500824, 53.4875266716127, 52.34750783466734), (10.200727548712145, 53.487511652916, 52.347507834783755), (10.200727548712146, 53.487511652915984, 49.82805274229031), (10.200759382500825, 53.48752667161269, 49.828052742173895), (10.200759382500824, 53.4875266716127, 52.34750783466734), (10.201520832157327, 53.487734179055984, 52.34750783350319), (10.201486790819756, 53.48772389210278, 52.3475078336196), (10.201486790819756, 53.48772389210278, 49.82805274112616), (10.201520832157312, 53.487734179055984, 49.82805274100974), (10.201520832157327, 53.487734179055984, 52.34750783350319), (10.201344807649846, 53.48768120272656, 52.34750783396885), (10.201344807649836, 53.48768120272658, 49.8280527414754), (10.201276447953992, 53.48766248184905, 49.8280527414754), (10.201276447954008, 53.48766248184906, 52.34750783396885), (10.201344807649846, 53.48768120272656, 52.34750783396885), (10.201822615416184, 53.48782556700129, 52.347507833037525), (10.201822615416196, 53.48782556700128, 49.828052740660496), (10.201789247532407, 53.487815447246675, 49.828052740660496), (10.201789247532407, 53.487815447246675, 52.34750783315394), (10.201822615416184, 53.48782556700129, 52.347507833037525), (10.20185704285107, 53.48783596861415, 52.347507833037525), (10.201822615416198, 53.487825567001295, 52.347507833037525), (10.201822615416198, 53.487825567001295, 49.82805274054408), (10.201857042851058, 53.48783596861415, 49.828052740427665), (10.20185704285107, 53.48783596861415, 52.347507833037525), (10.201890377448743, 53.48784619015334, 52.34750783268828), (10.201857042851069, 53.48783596861415, 52.347507832804695), (10.201857042851069, 53.48783596861415, 49.828052740427665), (10.201890377448757, 53.48784619015334, 49.82805274031125), (10.201890377448743, 53.48784619015334, 52.34750783268828), (10.201621990723009, 53.48776477034161, 52.347507833270356), (10.201587822454616, 53.487754468643445, 52.347507833270356), (10.201587822454616, 53.487754468643445, 49.82805274089333), (10.201621990723025, 53.48776477034161, 49.82805274089333), (10.201621990723009, 53.48776477034161, 52.347507833270356), (10.201655244526618, 53.48777484773247, 52.34750783338677), (10.201621990723025, 53.48776477034161, 52.34750783338677), (10.201621990723025, 53.48776477034161, 49.82805274089333), (10.201655244526618, 53.48777484773246, 49.82805274089333), (10.201655244526618, 53.48777484773247, 52.34750783338677), (10.201687399615874, 53.487784462126555, 52.34750783338677), (10.201687399615864, 53.487784462126555, 49.82805274100974), (10.201655244526618, 53.48777484773247, 49.82805274100974), (10.201655244526618, 53.48777484773247, 52.34750783338677), (10.201687399615874, 53.487784462126555, 52.34750783338677), (10.20172268250378, 53.4877952275804, 52.347507833270356), (10.20168739961585, 53.48778446212656, 52.347507833270356), (10.20168739961585, 53.48778446212656, 49.82805274089333), (10.20172268250378, 53.48779522758042, 49.82805274077691), (10.20172268250378, 53.4877952275804, 52.347507833270356), (10.20175591298162, 53.48780522567863, 52.34750783315394), (10.201722682503792, 53.48779522758042, 52.34750783315394), (10.201722682503792, 53.48779522758042, 49.828052740660496), (10.20175591298162, 53.48780522567862, 49.828052740660496), (10.20175591298162, 53.48780522567863, 52.34750783315394), (10.201789247532437, 53.487815447246675, 52.347507833037525), (10.201755912981616, 53.48780522567859, 52.347507833037525), (10.201755912981616, 53.48780522567859, 49.828052740660496), (10.201789247532425, 53.487815447246675, 49.828052740660496), (10.201789247532437, 53.487815447246675, 52.347507833037525), (10.201554632124187, 53.487744398619085, 52.34750783350319), (10.201554632124187, 53.487744398619085, 49.82805274100974), (10.20152083215734, 53.48773417905597, 49.82805274112616), (10.201520832157328, 53.48773417905597, 52.34750783350319), (10.201554632124187, 53.487744398619085, 52.34750783350319), (10.201587822454629, 53.487754468643416, 52.34750783350319), (10.201554632124187, 53.48774439861907, 52.34750783350319), (10.201554632124187, 53.48774439861907, 49.82805274112616), (10.201587822454629, 53.487754468643416, 49.82805274112616), (10.201587822454629, 53.487754468643416, 52.34750783350319), (10.201378918649377, 53.48769067297099, 52.34750783373602), (10.201378918649365, 53.48769067297099, 49.82805274124257), (10.201344807649846, 53.48768120272656, 49.82805274135899), (10.201344807649834, 53.48768120272656, 52.34750783385243), (10.201378918649377, 53.48769067297099, 52.34750783373602), (10.201428154765281, 53.48770524277738, 52.3475078336196), (10.201378918649365, 53.487690672971, 52.3475078336196), (10.201378918649377, 53.48769067297099, 49.82805274112616), (10.201428154765267, 53.48770524277738, 49.82805274112616), (10.201428154765281, 53.48770524277738, 52.3475078336196), (10.201452822276464, 53.487713181538766, 52.34750783373602), (10.201428154765251, 53.48770524277738, 52.34750783373602), (10.201428154765267, 53.48770524277738, 49.82805274124257), (10.20145282227645, 53.487713181538766, 49.82805274124257), (10.201452822276464, 53.487713181538766, 52.34750783373602), (10.201486790819784, 53.48772389210278, 52.34750783373602), (10.201486790819784, 53.48772389210278, 49.82805274112616), (10.20145282227645, 53.487713181538766, 49.82805274124257), (10.20145282227645, 53.487713181538766, 52.34750783373602), (10.201486790819784, 53.48772389210278, 52.34750783373602), (10.201070552096215, 53.48760720583497, 52.34750783420168), (10.201070552096215, 53.48760720583497, 49.82805274182465), (10.201002006881392, 53.4875890523647, 49.828052741941065), (10.201002006881392, 53.4875890523647, 52.347507834318094), (10.201070552096215, 53.48760720583497, 52.34750783420168), (10.201276447953992, 53.487662481849064, 52.34750783385243), (10.201226025018528, 53.487648520108515, 52.34750783396885), (10.201226025018528, 53.487648520108515, 49.8280527414754), (10.201276447953992, 53.487662481849064, 49.82805274135899), (10.201276447953992, 53.487662481849064, 52.34750783385243), (10.201139515172596, 53.48762529006777, 52.34750783420168), (10.201139515172596, 53.48762529006777, 49.828052741708234), (10.201070552096217, 53.487607205834976, 49.82805274182465), (10.201070552096203, 53.48760720583498, 52.34750783420168), (10.201139515172596, 53.48762529006777, 52.34750783420168), (10.201208329702759, 53.48764382831327, 52.34750783396885), (10.20113951517259, 53.48762529006774, 52.34750783408526), (10.20113951517259, 53.48762529006774, 49.82805274159182), (10.20120832970276, 53.48764382831327, 49.8280527414754), (10.201208329702759, 53.48764382831327, 52.34750783396885), (10.201226025018542, 53.487648520108515, 52.34750783385243), (10.201208329702771, 53.48764382831328, 52.34750783385243), (10.201208329702787, 53.48764382831328, 49.8280527414754), (10.201226025018542, 53.487648520108515, 49.8280527414754), (10.201226025018542, 53.487648520108515, 52.34750783385243), (10.200933082594359, 53.48757105111302, 52.34750783443451), (10.200933082594359, 53.48757105111302, 49.82805274205748), (10.200864033004077, 53.48755323162379, 49.828052742173895), (10.200864033004063, 53.48755323162379, 52.34750783466734), (10.200933082594359, 53.48757105111302, 52.34750783443451), (10.201002006881408, 53.4875890523647, 52.347507834318094), (10.201002006881408, 53.48758905236468, 49.82805274182465), (10.200933082594375, 53.48757105111303, 49.828052741941065), (10.200933082594377, 53.487571051113036, 52.34750783443451), (10.201002006881408, 53.4875890523647, 52.347507834318094), (10.200794807052102, 53.48753554867292, 52.34750783466734), (10.20075938250081, 53.48752667161273, 52.34750783466734), (10.20075938250081, 53.48752667161273, 49.828052742173895), (10.200794807052102, 53.48753554867292, 49.828052742173895), (10.200794807052102, 53.48753554867292, 52.34750783466734), (10.200864033004091, 53.48755323162382, 52.347507834550925), (10.20086403300409, 53.48755323162382, 49.82805274205748), (10.200794807052107, 53.48753554867295, 49.828052742173895), (10.200794807052107, 53.48753554867295, 52.34750783466734), (10.200864033004091, 53.48755323162382, 52.347507834550925), (10.200305969930007, 53.4874157282523, 52.34750783536583), (10.200235841056031, 53.487399091472604, 52.34750783548225), (10.200235841056031, 53.487399091472604, 49.82805274310522), (10.200305969930021, 53.48741572825228, 49.82805274287239), (10.200305969930007, 53.4874157282523, 52.34750783536583), (10.200376896564213, 53.487432576543426, 52.347507835133), (10.200376896564213, 53.487432576543426, 49.82805274263956), (10.200305969930007, 53.487415728252316, 49.82805274275597), (10.200305969930007, 53.487415728252316, 52.34750783524942), (10.200376896564213, 53.487432576543426, 52.347507835133), (10.200416027566778, 53.487427437466934, 52.34750783524942), (10.200376896564226, 53.48743257654341, 52.347507835133), (10.200376896564212, 53.48743257654341, 49.82805274275597), (10.200416027566762, 53.487427437466934, 49.82805274275597), (10.200416027566778, 53.487427437466934, 52.34750783524942), (10.200486501854883, 53.4874447581048, 52.34750783524942), (10.200486501854883, 53.4874447581048, 49.82805274263956), (10.200416027566764, 53.48742743746695, 49.82805274275597), (10.200416027566764, 53.48742743746695, 52.34750783536583), (10.200486501854883, 53.4874447581048, 52.34750783524942), (10.200508952176062, 53.48746436347098, 52.347507835016586), (10.20048650185487, 53.48744475810479, 52.347507835133), (10.20048650185488, 53.48744475810479, 49.82805274263956), (10.200508952176069, 53.48746436347098, 49.82805274252314), (10.200508952176062, 53.48746436347098, 52.347507835016586), (10.200563820604707, 53.48747773748036, 52.34750783490017), (10.200563820604707, 53.48747773748036, 49.828052742406726), (10.200508952176062, 53.487464363470984, 49.82805274252314), (10.200508952176062, 53.487464363470984, 52.34750783490017), (10.200563820604707, 53.48747773748036, 52.34750783490017), (10.200617000581543, 53.48749095995313, 52.34750783490017), (10.200563820604721, 53.487477737480354, 52.347507835016586), (10.200563820604721, 53.487477737480354, 49.828052742406726), (10.200617000581543, 53.48749095995313, 49.828052742406726), (10.200617000581543, 53.48749095995313, 52.34750783490017), (10.200656602891543, 53.48749394810122, 52.347507834783755), (10.200617000581541, 53.48749095995314, 52.34750783490017), (10.200617000581529, 53.48749095995315, 49.828052742406726), (10.200656602891527, 53.4874939481012, 49.828052742406726), (10.200656602891543, 53.48749394810122, 52.347507834783755), (10.200727548712145, 53.487511652916005, 52.347507834783755), (10.200656602891558, 53.4874939481012, 52.34750783490017), (10.200656602891543, 53.4874939481012, 49.82805274252314), (10.200727548712145, 53.487511652916005, 49.828052742406726), (10.200727548712145, 53.487511652916005, 52.347507834783755), (10.200095759192454, 53.48736678459071, 52.34750783548225), (10.200095759192454, 53.48736678459071, 49.8280527429888), (10.200025473464548, 53.48735098444451, 49.82805274322163), (10.200025473464548, 53.487350984444525, 52.34750783559866), (10.200095759192454, 53.48736678459071, 52.34750783548225), (10.200165753093563, 53.48738286920395, 52.34750783559866), (10.200165753093549, 53.48738286920395, 49.82805274310522), (10.20009575919244, 53.48736678459073, 49.82805274322163), (10.20009575919244, 53.48736678459073, 52.34750783559866), (10.200165753093563, 53.48738286920395, 52.34750783559866), (10.199540187297274, 53.48724555991155, 52.347507836297154), (10.199540187297274, 53.48724555991155, 49.82805274380371), (10.19946842628951, 53.48723062132943, 49.828052743920125), (10.19946842628951, 53.48723062132943, 52.347507836297154), (10.199540187297274, 53.48724555991155, 52.347507836297154), (10.199809121891162, 53.48729570804276, 52.34750783594791), (10.199809121891176, 53.48729570804275, 49.82805274357088), (10.19973673631884, 53.48728009923328, 49.82805274357088), (10.19973673631885, 53.487280099233274, 52.34750783594791), (10.199809121891162, 53.48729570804276, 52.34750783594791), (10.199840531527197, 53.487309666794744, 52.34750783583149), (10.199809121891176, 53.48729570804275, 52.34750783583149), (10.199809121891176, 53.48729570804275, 49.828052743454464), (10.199840531527197, 53.487309666794744, 49.82805274333805), (10.199840531527197, 53.487309666794744, 52.34750783583149), (10.199883993990971, 53.48731934601243, 52.34750783571508), (10.199840531527181, 53.487309666794744, 52.34750783583149), (10.199840531527181, 53.487309666794744, 49.828052743454464), (10.199883993990971, 53.48731934601243, 49.82805274333805), (10.199883993990971, 53.48731934601243, 52.34750783571508), (10.199954683950452, 53.48733509259461, 52.34750783583149), (10.199954683950452, 53.48733509259461, 49.82805274333805), (10.199883993990971, 53.48731934601244, 49.828052743454464), (10.199883993990985, 53.48731934601244, 52.34750783583149), (10.199954683950452, 53.48733509259461, 52.34750783583149), (10.199589496008166, 53.4872557530964, 52.34750783618074), (10.199540187297258, 53.487245559911564, 52.347507836064324), (10.199540187297275, 53.487245559911564, 49.828052743687294), (10.199589496008151, 53.48725575309638, 49.828052743687294), (10.199589496008166, 53.4872557530964, 52.34750783618074), (10.199660286059531, 53.48727090084795, 52.34750783618074), (10.199660286059531, 53.48727090084795, 49.828052743687294), (10.199589496008167, 53.48725575309638, 49.828052743687294), (10.199589496008166, 53.4872557530964, 52.347507836064324), (10.199660286059531, 53.48727090084795, 52.34750783618074), (10.199696702234478, 53.48727871757954, 52.347507836064324), (10.199696702234478, 53.48727871757954, 49.828052743687294), (10.199660286059544, 53.48727090084795, 49.828052743687294), (10.199660286059544, 53.48727090084795, 52.347507836064324), (10.199696702234478, 53.48727871757954, 52.347507836064324), (10.199736736318851, 53.487280099233274, 52.347507836064324), (10.199696702234451, 53.48727871757954, 52.34750783618074), (10.199696702234462, 53.48727871757954, 49.828052743687294), (10.199736736318851, 53.487280099233274, 49.828052743687294), (10.199736736318851, 53.487280099233274, 52.347507836064324), (10.200025473464537, 53.487350984444554, 52.34750783571508), (10.200025473464537, 53.487350984444525, 49.82805274333805), (10.199954683950452, 53.48733509259461, 49.82805274333805), (10.19995468395044, 53.48733509259459, 52.34750783571508), (10.200025473464537, 53.487350984444554, 52.34750783571508), (10.206291932213714, 53.489894131331354, 51.25984003080521), (10.206396194373225, 53.48994634984828, 51.245716287754476), (10.206396194373225, 53.48994634984828, 52.417869982426055), (10.206291932213718, 53.48989413133136, 52.417869982426055), (10.206291932213714, 53.489894131331354, 51.25984003080521), (10.206393496261668, 53.48994825178716, 51.245716287754476), (10.206393496261668, 53.48994825178716, 52.41786998254247), (10.206396194373232, 53.48994634984828, 52.41786998254247), (10.206396194373232, 53.48994634984828, 51.245716287754476), (10.206393496261668, 53.48994825178716, 51.245716287754476), (10.206289234100735, 53.489896033267925, 51.25984003068879), (10.206289234100735, 53.489896033267925, 52.417869982426055), (10.206291932213718, 53.48989413133136, 52.417869982426055), (10.206291932213718, 53.48989413133136, 51.25984003068879), (10.206289234100735, 53.489896033267925, 51.25984003068879), (10.207696956254937, 53.49030578943813, 53.13994302530773), (10.207719528748491, 53.49031736971419, 53.13994302577339), (10.207719528748477, 53.490317369714205, 49.42637048801407), (10.207696956254937, 53.49030578943814, 49.426370487664826), (10.207696956254937, 53.49030578943813, 53.13994302530773), (10.210034626659947, 53.491500671782326, 53.13994303205982), (10.210034626659931, 53.491500671782326, 49.426370494416915), (10.210006039493322, 53.491486051500246, 49.426370493951254), (10.210006039493335, 53.491486051500246, 53.13994303171057), (10.210034626659947, 53.491500671782326, 53.13994303205982), (10.21017779424144, 53.49157394794545, 52.85768265044317), (10.21014919297255, 53.491559309473644, 52.857682649977505), (10.21014919297255, 53.491559309473644, 49.14411011245102), (10.210177794241432, 53.49157394794545, 49.14411011256743), (10.21017779424144, 53.49157394794545, 52.85768265044317), (10.210206227225507, 53.49158850027017, 52.857682650676), (10.210177794241416, 53.49157394794544, 52.85768265032675), (10.210177794241432, 53.49157394794545, 49.14411011268385), (10.21020622722552, 53.49158850027017, 49.14411011291668), (10.210206227225507, 53.49158850027017, 52.857682650676), (10.210220100347692, 53.49159560068582, 52.85768265079241), (10.210206227225505, 53.49158850027017, 52.85768265079241), (10.210206227225491, 53.49158850027017, 49.14411011291668), (10.21022010034768, 53.49159560068582, 49.14411011314951), (10.210220100347692, 53.49159560068582, 52.85768265079241), (10.210064083282266, 53.49151573671077, 53.139943032409064), (10.210034626659906, 53.49150067178232, 53.139943032176234), (10.21003462665992, 53.49150067178233, 49.426370494416915), (10.210064083282266, 53.49151573671077, 49.42637049476616), (10.210064083282266, 53.49151573671077, 53.139943032409064), (10.210120425939762, 53.49154458614468, 52.857682649744675), (10.210120425939749, 53.49154458614468, 49.14411011210177), (10.210091984965459, 53.49153002967958, 49.144110111752525), (10.210091984965459, 53.49153002967958, 52.857682649511844), (10.210120425939762, 53.49154458614468, 52.857682649744675), (10.210149192972551, 53.49155930947366, 52.85768265009392), (10.210149192972565, 53.49155930947366, 49.14411011245102), (10.21012042593978, 53.491544586144705, 49.14411011210177), (10.21012042593979, 53.4915445861447, 52.85768264986109), (10.210149192972551, 53.49155930947366, 52.85768265009392), (10.20925608706549, 53.49110306993341, 53.13994303322397), (10.20919870063179, 53.49107363622579, 53.13994303293293), (10.209198700631804, 53.49107363622581, 49.42637049529003), (10.20925608706549, 53.49110306993341, 49.42637049558107), (10.20925608706549, 53.49110306993341, 53.13994303322397), (10.2095324661368, 53.49123969216194, 53.13994303159416), (10.209493747378367, 53.49121864245193, 53.139943031128496), (10.209493747378367, 53.49121864245193, 49.426370493136346), (10.209532466136785, 53.49123969216195, 49.42637049371842), (10.2095324661368, 53.49123969216194, 53.13994303159416), (10.209835484102031, 53.49139882431608, 53.13994302973151), (10.209835484102031, 53.49139882431608, 49.42637049197219), (10.209806978129203, 53.49138424544055, 49.42637049162295), (10.209806978129217, 53.49138424544055, 53.139943029382266), (10.209835484102031, 53.49139882431608, 53.13994302973151), (10.209864076103605, 53.491413447172526, 53.13994302996434), (10.209864076103605, 53.491413447172526, 49.426370492205024), (10.209835484102017, 53.4913988243161, 49.42637049197219), (10.209835484102017, 53.4913988243161, 53.1399430296151), (10.209864076103605, 53.491413447172526, 53.13994302996434), (10.209892753058472, 53.49142811345964, 53.13994303031359), (10.209864076103605, 53.491413447172505, 53.13994302996434), (10.209864076103605, 53.491413447172484, 49.426370492205024), (10.209892753058472, 53.49142811345962, 49.426370492670685), (10.209892753058472, 53.49142811345964, 53.13994303031359), (10.209921166440093, 53.49144264493029, 53.139943030662835), (10.209892753058488, 53.491428113459634, 53.13994303031359), (10.209892753058487, 53.491428113459634, 49.42637049255427), (10.209921166440095, 53.491442644930274, 49.426370492903516), (10.209921166440093, 53.49144264493029, 53.139943030662835), (10.209949129897106, 53.49145694627935, 53.139943031128496), (10.20992116644008, 53.49144264493029, 53.13994303077925), (10.20992116644008, 53.491442644930274, 49.42637049301993), (10.209949129897105, 53.49145694627933, 49.42637049336918), (10.209949129897106, 53.49145694627935, 53.139943031128496), (10.20997754001934, 53.491471476049675, 53.13994303124491), (10.20994912989709, 53.49145694627933, 53.13994303101208), (10.209949129897105, 53.49145694627933, 49.42637049336918), (10.20997754001934, 53.491471476049675, 49.42637049360201), (10.20997754001934, 53.491471476049675, 53.13994303124491), (10.210006039493308, 53.491486051500246, 53.13994303171057), (10.210006039493308, 53.491486051500246, 49.426370493951254), (10.209977540019354, 53.49147147604971, 49.42637049360201), (10.209977540019354, 53.49147147604971, 53.13994303136133), (10.210006039493308, 53.491486051500246, 53.13994303171057), (10.20966152874189, 53.49130985766077, 53.13994303322397), (10.209661528741906, 53.49130985766076, 49.42637049534824), (10.209634999501665, 53.49129543494374, 49.42637049499899), (10.209634999501676, 53.49129543494374, 53.13994303293293), (10.20966152874189, 53.49130985766077, 53.13994303322397), (10.209634999501676, 53.49129543494376, 53.13994303304935), (10.209600649764761, 53.491276760562045, 53.13994303246727), (10.209600649764791, 53.491276760562045, 49.42637049470795), (10.209634999501663, 53.49129543494375, 49.426370494940784), (10.209634999501676, 53.49129543494376, 53.13994303304935), (10.209600649764777, 53.49127676056204, 53.13994303252548), (10.209569071294302, 53.49125959276785, 53.13994303205982), (10.209569071294302, 53.49125959276785, 49.42637049406767), (10.209600649764777, 53.49127676056204, 49.42637049435871), (10.209600649764777, 53.49127676056204, 53.13994303252548), (10.209569071294313, 53.49125959276783, 53.1399430319434), (10.209569071294315, 53.49125959276785, 49.42637049406767), (10.209532466136814, 53.49123969216194, 49.42637049360201), (10.209532466136798, 53.49123969216193, 53.13994303153595), (10.209569071294313, 53.49125959276783, 53.1399430319434), (10.209690356872493, 53.49132460138548, 53.13994302798528), (10.209661528741893, 53.49130985766078, 53.139943027636036), (10.209661528741877, 53.49130985766078, 49.42637048999313), (10.209690356872505, 53.49132460138549, 49.42637049022596), (10.209690356872493, 53.49132460138548, 53.13994302798528), (10.209718934232859, 53.49133921684034, 53.13994302833453), (10.209690356872493, 53.49132460138548, 53.13994302798528), (10.209690356872493, 53.49132460138548, 49.42637049010955), (10.209718934232846, 53.49133921684034, 49.426370490458794), (10.209718934232859, 53.49133921684034, 53.13994302833453), (10.209747218822589, 53.491353682545345, 53.13994302845094), (10.209718934232859, 53.49133921684033, 53.13994302821811), (10.209718934232859, 53.49133921684033, 49.426370490458794), (10.209747218822589, 53.491353682545345, 49.426370490924455), (10.209747218822589, 53.491353682545345, 53.13994302845094), (10.209775875512541, 53.49136833853811, 53.13994302903302), (10.209747218822589, 53.491353682545345, 53.13994302856736), (10.209747218822589, 53.491353682545345, 49.426370490924455), (10.209775875512541, 53.49136833853811, 49.426370491157286), (10.209775875512541, 53.49136833853811, 53.13994302903302), (10.209806978129246, 53.49138424544055, 53.139943029149435), (10.20977587551257, 53.49136833853812, 53.139943028916605), (10.209775875512584, 53.49136833853812, 49.426370491157286), (10.209806978129231, 53.49138424544054, 49.42637049162295), (10.209806978129246, 53.49138424544055, 53.139943029149435), (10.209371515748078, 53.49116227351011, 53.139943033631425), (10.209371515748092, 53.49116227351012, 49.42637049598852), (10.209313351282127, 53.49113244088682, 49.42637049575569), (10.209313351282127, 53.49113244088682, 53.13994303351501), (10.209371515748078, 53.49116227351011, 53.139943033631425), (10.209313351282125, 53.49113244088684, 53.1399430334568), (10.209313351282125, 53.49113244088684, 49.42637049569748), (10.20925608706549, 53.49110306993341, 49.42637049558107), (10.20925608706549, 53.49110306993341, 53.139943033107556), (10.209313351282125, 53.49113244088684, 53.1399430334568), (10.209409083362859, 53.491169767982534, 53.13994303374784), (10.209371515748078, 53.49116227351011, 53.13994303368963), (10.209371515748078, 53.4911622735101, 49.42637049598852), (10.209409083362859, 53.491169767982534, 49.42637049604673), (10.209409083362859, 53.491169767982534, 53.13994303374784), (10.20946775157968, 53.491199826989735, 53.1399430334568), (10.209467751579693, 53.491199826989735, 49.42637049575569), (10.209409083362841, 53.4911697679825, 49.42637049610494), (10.209409083362841, 53.4911697679825, 53.13994303374784), (10.20946775157968, 53.491199826989735, 53.1399430334568), (10.209493747378374, 53.49121864245193, 53.13994303322397), (10.209493747378367, 53.491218642451926, 49.42637049546465), (10.209467751579687, 53.491199826989735, 49.4263704958139), (10.209467751579693, 53.49119982698973, 53.1399430334568), (10.209493747378374, 53.49121864245193, 53.13994303322397), (10.208676591037689, 53.49080584277894, 53.13994303671643), (10.208676591037671, 53.49080584277894, 49.42637049895711), (10.208731617797362, 53.49083406680329, 49.4263704988407), (10.20878851697385, 53.49086325115082, 49.42637049849145), (10.208845862226443, 53.49089266422829, 49.42637049825862), (10.2089029527364, 53.49092194657686, 49.42637049802579), (10.208959873795255, 53.49095114194427, 49.426370497676544), (10.209016855338355, 53.4909803682668, 49.42637049756013), (10.209016855338355, 53.4909803682668, 53.13994303531945), (10.208959873795253, 53.49095114194429, 53.13994303543586), (10.208902952736386, 53.490921946576876, 53.13994303578511), (10.208845862226427, 53.490892664228284, 53.13994303601794), (10.208788516973867, 53.49086325115085, 53.139943036134355), (10.208731617797376, 53.490834066803295, 53.139943036600016), (10.208676591037689, 53.49080584277894, 53.13994303671643), (10.209105891798016, 53.4910296920385, 53.13994303479558), (10.209069985744591, 53.49101192414413, 53.139943034911994), (10.209069985744591, 53.49101192414412, 49.426370497152675), (10.209105891798014, 53.491029692038495, 49.426370496919844), (10.209105891798016, 53.4910296920385, 53.13994303479558), (10.209141862577194, 53.49104448531477, 53.139943034620956), (10.209105891798014, 53.491029692038495, 53.13994303479558), (10.209105891798014, 53.49102969203848, 49.42637049703626), (10.209141862577194, 53.49104448531477, 49.42637049697805), (10.209141862577194, 53.49104448531477, 53.139943034620956), (10.209069985744591, 53.49101192414412, 53.1399430349702), (10.209069985744588, 53.491011924144104, 49.42637049721088), (10.209016855338355, 53.49098036826682, 49.42637049756013), (10.209016855338355, 53.49098036826682, 53.13994303520303), (10.209069985744591, 53.49101192414412, 53.1399430349702), (10.208398959441086, 53.490664078522634, 53.139943000511266), (10.208424295792199, 53.49067692654448, 53.13994300062768), (10.208424295792199, 53.49067692654448, 49.42637046286836), (10.208398959441071, 53.49066407852265, 49.42637046275195), (10.208398959441086, 53.490664078522634, 53.139943000511266), (10.208501440753732, 53.490716046545614, 53.13994300109334), (10.208483695133904, 53.49070704780072, 53.13994300097693), (10.208483695133904, 53.49070704780072, 49.42637046345044), (10.20850144075373, 53.490716046545614, 49.42637046345044), (10.208501440753732, 53.490716046545614, 53.13994300109334), (10.208501440753746, 53.49071604654565, 53.13994300109334), (10.208559574849133, 53.49074552610692, 53.13994300144259), (10.208559574849117, 53.49074552610692, 49.42637046368327), (10.20850144075376, 53.49071604654565, 49.426370463334024), (10.208501440753746, 53.49071604654565, 53.13994300109334), (10.208424295792199, 53.490676926544495, 53.13994300062768), (10.208450020754151, 53.49068997161672, 53.1399430007441), (10.208450020754167, 53.49068997161671, 49.42637046321761), (10.208424295792213, 53.490676926544495, 49.42637046298478), (10.208424295792199, 53.490676926544495, 53.13994300062768), (10.208450020754153, 53.4906899716167, 53.1399430007441), (10.208483695133928, 53.49070704780072, 53.13994300097693), (10.208483695133918, 53.49070704780073, 49.42637046321761), (10.208450020754153, 53.4906899716167, 49.42637046286836), (10.208450020754153, 53.4906899716167, 53.1399430007441), (10.208599405949943, 53.49075502564237, 53.13994300045306), (10.208599405949917, 53.49075502564237, 49.42637046275195), (10.208559574849117, 53.49074552610692, 49.426370463799685), (10.208559574849133, 53.49074552610692, 53.13994300144259), (10.208599405949943, 53.49075502564237, 53.13994300045306), (10.208676591037671, 53.490805842778954, 53.13994303683285), (10.20865767731091, 53.49078501776497, 53.13994303694926), (10.20865767731092, 53.49078501776497, 49.42637049930636), (10.208676591037666, 53.490805842778954, 49.42637049907353), (10.208676591037671, 53.490805842778954, 53.13994303683285), (10.20865767731092, 53.49078501776497, 53.139943036891054), (10.20859940594993, 53.49075502564235, 53.1399430372403), (10.208599405949915, 53.49075502564235, 49.42637049948098), (10.208657677310917, 53.49078501776497, 49.426370499131735), (10.20865767731092, 53.49078501776497, 53.139943036891054), (10.209198700631804, 53.49107363622576, 53.13994303293293), (10.209198700631818, 53.49107363622576, 49.426370495173614), (10.209141637565468, 53.49104436830615, 49.4263704950572), (10.209141637565454, 53.49104436830615, 53.13994303281652), (10.209198700631804, 53.49107363622576, 53.13994303293293), (10.20797741736071, 53.490450313287035, 53.139942997833714), (10.20797741736071, 53.490450313287035, 49.42637046019081), (10.20801933491982, 53.49047156996934, 49.426370460307226), (10.20801933491982, 53.49047156996934, 53.13994299818296), (10.20797741736071, 53.490450313287035, 53.139942997833714), (10.208045171968715, 53.490484672096294, 53.139942998299375), (10.208070572262864, 53.490497552728854, 53.139942998532206), (10.208070572262875, 53.490497552728854, 49.42637046065647), (10.208045171968699, 53.4904846720963, 49.42637046065647), (10.208045171968715, 53.490484672096294, 53.139942998299375), (10.208070572262862, 53.49049755272886, 53.139942998532206), (10.208070572262862, 53.49049755272886, 49.4263704608893), (10.208095707572019, 53.49051029897292, 49.42637046100572), (10.208095707572019, 53.49051029897292, 53.13994299876504), (10.208070572262862, 53.49049755272886, 53.139942998532206), (10.208095707572006, 53.490510298972936, 53.13994299864862), (10.2081212793146, 53.490523266521265, 53.13994299876504), (10.208121279314613, 53.490523266521265, 49.42637046100572), (10.208095707572006, 53.490510298972936, 49.42637046077289), (10.208095707572006, 53.490510298972936, 53.13994299864862), (10.2081212793146, 53.490523266521265, 53.13994299888145), (10.208146414119328, 53.49053601248324, 53.13994299899787), (10.208146414119328, 53.49053601248324, 49.426370461587794), (10.208121279314613, 53.490523266521265, 49.42637046123855), (10.2081212793146, 53.490523266521265, 53.13994299888145), (10.208146414119316, 53.49053601248324, 53.13994299899787), (10.208171547248588, 53.49054875758254, 53.13994299911428), (10.208171547248588, 53.49054875758254, 49.42637046123855), (10.208146414119316, 53.49053601248324, 49.42637046100572), (10.208146414119316, 53.49053601248324, 53.13994299899787), (10.20817154724856, 53.49054875758252, 53.13994299911428), (10.208171547248574, 53.49054875758253, 49.42637046147138), (10.208196616884042, 53.490561470470944, 49.426370461587794), (10.208196616884027, 53.490561470470944, 53.1399429992307), (10.20817154724856, 53.49054875758252, 53.13994299911428), (10.208196616884054, 53.490561470470944, 53.13994299934711), (10.208222253888353, 53.490574471060405, 53.13994299946353), (10.208222253888353, 53.490574471060405, 49.42637046170421), (10.208196616884042, 53.490561470470944, 49.426370461587794), (10.208196616884054, 53.490561470470944, 53.13994299934711), (10.20822225388837, 53.490574471060405, 53.13994299934711), (10.208247446343982, 53.49058724620491, 53.139942999579944), (10.208247446343982, 53.49058724620491, 49.426370461820625), (10.208222253888353, 53.490574471060405, 49.42637046170421), (10.20822225388837, 53.490574471060405, 53.13994299934711), (10.208247446343966, 53.4905872462049, 53.13994299946353), (10.208272831034288, 53.49060011881878, 53.13994299969636), (10.208272831034288, 53.49060011881878, 49.426370462053455), (10.208247446343966, 53.4905872462049, 49.426370462053455), (10.208247446343966, 53.4905872462049, 53.13994299946353), (10.208272831034288, 53.49060011881878, 53.139942999579944), (10.208272831034288, 53.49060011881878, 49.426370461820625), (10.208297518957814, 53.49061263808844, 49.426370461820625), (10.208297518957814, 53.49061263808844, 53.139942999812774), (10.208272831034288, 53.49060011881878, 53.139942999579944), (10.2082975189578, 53.49061263808844, 53.139942999812774), (10.208323000221549, 53.49062555964848, 53.139943000045605), (10.208323000221563, 53.49062555964848, 49.4263704624027), (10.2082975189578, 53.49061263808841, 49.426370462286286), (10.2082975189578, 53.49061263808844, 53.139942999812774), (10.208323000221549, 53.49062555964848, 53.13994299992919), (10.208348193247414, 53.490638335029814, 53.139943000278436), (10.208348193247428, 53.4906383350298, 49.4263704624027), (10.208323000221563, 53.49062555964848, 49.426370462286286), (10.208323000221549, 53.49062555964848, 53.13994299992919), (10.208348193247414, 53.49063833502982, 53.139943000045605), (10.208373473782098, 53.49065115477372, 53.13994300016202), (10.208373473782114, 53.49065115477374, 49.42637046263553), (10.20834819324743, 53.49063833502982, 49.4263704624027), (10.208348193247414, 53.49063833502982, 53.139943000045605), (10.20801933491982, 53.49047156996934, 53.13994299818296), (10.208045171968699, 53.490484672096315, 53.13994299841579), (10.208045171968687, 53.490484672096315, 49.42637046042364), (10.20801933491982, 53.49047156996934, 49.42637046019081), (10.20801933491982, 53.49047156996934, 53.13994299818296), (10.20783288665224, 53.49037702049369, 53.13994299701881), (10.207876024404435, 53.49039889607231, 53.13994299725164), (10.207876024404447, 53.4903988960723, 49.42637045972515), (10.207832886652223, 53.49037702049369, 49.426370459608734), (10.20783288665224, 53.49037702049369, 53.13994299701881), (10.207876024404449, 53.4903988960723, 53.13994299736805), (10.207933423438966, 53.490428003628026, 53.1399429977173), (10.207933423438979, 53.490428003628026, 49.42637045995798), (10.207876024404449, 53.4903988960723, 49.42637045972515), (10.207876024404449, 53.4903988960723, 53.13994299736805), (10.20793342343895, 53.49042800362801, 53.13994299760088), (10.20793342343895, 53.49042800362801, 49.42637045995798), (10.20797741736071, 53.490450313287035, 49.426370460074395), (10.207977417360695, 53.49045031328703, 53.13994299795013), (10.20793342343895, 53.49042800362801, 53.13994299760088), (10.207756689179531, 53.49032623143536, 53.13994302484207), (10.207756689179517, 53.49032623143535, 49.426370486966334), (10.207719528748475, 53.49031736971416, 49.426370487955865), (10.207719528748491, 53.490317369714184, 53.13994302571518), (10.207756689179531, 53.49032623143536, 53.13994302484207), (10.207832886652223, 53.49037702049369, 53.13994302251376), (10.207814870167574, 53.49035616108987, 53.13994302297942), (10.207814870167551, 53.49035616108987, 49.42637048533652), (10.20783288665221, 53.49037702049369, 49.42637048475444), (10.207832886652223, 53.49037702049369, 53.13994302251376), (10.207814870167574, 53.49035616108987, 53.13994302309584), (10.207756689179517, 53.49032623143536, 53.139943024667446), (10.207756689179488, 53.49032623143536, 49.42637048708275), (10.207814870167546, 53.49035616108987, 49.42637048539473), (10.207814870167574, 53.49035616108987, 53.13994302309584), (10.208373473782112, 53.49065115477372, 53.139943000278436), (10.208398959441071, 53.49066407852265, 53.13994300039485), (10.208398959441071, 53.49066407852265, 49.42637046275195), (10.208373473782114, 53.49065115477374, 49.42637046251912), (10.208373473782112, 53.49065115477372, 53.139943000278436), (10.207413073262458, 53.490160149172794, 53.139943020185456), (10.207470118483641, 53.49018941517243, 53.13994302111678), (10.207470118483657, 53.490189415172445, 49.42637048335746), (10.207413073262472, 53.490160149172794, 49.42637048242614), (10.207413073262458, 53.490160149172794, 53.139943020185456), (10.207470118483656, 53.490189415172445, 53.13994302111678), (10.207470118483657, 53.490189415172445, 49.42637048335746), (10.20751555360655, 53.49021272477642, 49.42637048417237), (10.207515553606536, 53.4902127247764, 53.139943021931686), (10.207470118483656, 53.490189415172445, 53.13994302111678), (10.207515553606536, 53.490212724776384, 53.139943021931686), (10.207572735491727, 53.490242060766356, 53.13994302309584), (10.207572735491715, 53.49024206076638, 49.426370485452935), (10.20751555360655, 53.4902127247764, 49.42637048428878), (10.207515553606536, 53.490212724776384, 53.139943021931686), (10.207658250271386, 53.49028593223747, 53.13994302449282), (10.207658250271386, 53.49028593223747, 49.426370486733504), (10.207696956254921, 53.49030578943812, 49.426370487431996), (10.207696956254908, 53.49030578943812, 53.139943025191315), (10.207658250271386, 53.49028593223747, 53.13994302449282), (10.207601110873702, 53.49025661814702, 53.139943023445085), (10.207601110873687, 53.490256618147036, 49.426370485685766), (10.207658250271402, 53.490285932237484, 49.426370486733504), (10.2076582502714, 53.490285932237484, 53.13994302449282), (10.207601110873702, 53.49025661814702, 53.139943023445085), (10.2075727354917, 53.49024206076635, 53.13994302286301), (10.20760111087369, 53.49025661814702, 53.1399430235615), (10.20760111087369, 53.49025661814702, 49.42637048580218), (10.207572735491702, 53.49024206076638, 49.42637048510369), (10.2075727354917, 53.49024206076635, 53.13994302286301), (10.20737318222912, 53.49013968377269, 53.13994301925413), (10.207373182229121, 53.49013968377271, 49.42637048161123), (10.207413073262458, 53.490160149172794, 49.42637048230972), (10.20741307326246, 53.49016014917279, 53.13994302006904), (10.20737318222912, 53.49013968377269, 53.13994301925413), (10.207320827364626, 53.490112823970584, 53.13994301832281), (10.20732082736463, 53.4901128239706, 49.42637048056349), (10.207373182229134, 53.49013968377272, 49.426370481494814), (10.207373182229134, 53.49013968377271, 53.13994301925413), (10.207320827364626, 53.490112823970584, 53.13994301832281), (10.207320827364615, 53.490112823970584, 53.13994303718209), (10.207299022206742, 53.49009994462281, 53.13994303694926), (10.207299022206742, 53.49009994462281, 49.42637049930636), (10.207320827364624, 53.490112823970584, 49.42637049953919), (10.207320827364615, 53.490112823970584, 53.13994303718209), (10.201939620022412, 53.487939912230736, 51.0380170668941), (10.201939620022412, 53.487939912230736, 50.13224772550166), (10.201904781925975, 53.48792944921736, 50.13224772550166), (10.201904781925975, 53.48792944921736, 51.0380170668941), (10.201939620022412, 53.487939912230736, 51.0380170668941), (10.202044373069139, 53.48797136841386, 51.0380170668941), (10.202009208435397, 53.48796085701041, 51.0380170668941), (10.202009208435397, 53.48796085701041, 50.13224772550166), (10.202044373069139, 53.48797136841386, 50.13224772550166), (10.202044373069139, 53.48797136841386, 51.0380170668941), (10.202078989811364, 53.48798179020754, 51.0380170668941), (10.202078989811364, 53.48798179020754, 50.13224772550166), (10.20204437306911, 53.48797136841384, 50.13224772550166), (10.20204437306911, 53.48797136841384, 51.0380170668941), (10.202078989811364, 53.48798179020754, 51.0380170668941), (10.20211384988158, 53.4879922913957, 51.0380170668941), (10.202078989811392, 53.48798179020754, 51.0380170668941), (10.202078989811392, 53.48798179020754, 50.13224772550166), (10.20211384988158, 53.4879922913957, 50.13224772550166), (10.20211384988158, 53.4879922913957, 51.0380170668941), (10.202148735506253, 53.488002646848464, 51.0380170668941), (10.202148735506253, 53.488002646848464, 50.13224772550166), (10.202113849881595, 53.4879922913957, 50.13224772550166), (10.202113849881595, 53.4879922913957, 51.0380170668941), (10.202148735506253, 53.488002646848464, 51.0380170668941), (10.202183948206226, 53.48801323902417, 51.0380170668941), (10.202148735506253, 53.488002646848464, 51.0380170668941), (10.202148735506253, 53.488002646848464, 50.13224772550166), (10.202183948206226, 53.48801323902417, 50.13224772550166), (10.202183948206226, 53.48801323902417, 51.0380170668941), (10.202223521155393, 53.48802514137528, 51.0380170668941), (10.202223521155393, 53.48802514137528, 50.13224772550166), (10.202183948206232, 53.488013239024205, 50.13224772550166), (10.202183948206232, 53.488013239024205, 51.0380170668941), (10.202223521155393, 53.48802514137528, 51.0380170668941), (10.20197440179917, 53.487950446401804, 51.0380170668941), (10.20197440179917, 53.487950446401804, 50.13224772550166), (10.201939620022399, 53.487939912230736, 50.13224772550166), (10.201939620022399, 53.487939912230736, 51.0380170668941), (10.20197440179917, 53.487950446401804, 51.0380170668941), (10.202009208435395, 53.48796085701038, 51.0380170668941), (10.202009208435395, 53.48796085701038, 50.13224772550166), (10.201974401799182, 53.48795044640178, 50.13224772550166), (10.201974401799182, 53.48795044640178, 51.0380170668941), (10.202009208435395, 53.48796085701038, 51.0380170668941), (10.201834467042609, 53.48790831390276, 51.0380170668941), (10.201834467042609, 53.48790831390276, 50.13224772550166), (10.201799579385913, 53.48789776511778, 50.13224772550166), (10.201799579385913, 53.48789776511778, 51.0380170668941), (10.201834467042609, 53.48790831390276, 51.0380170668941), (10.201869196399217, 53.48791873219883, 51.0380170668941), (10.201869196399217, 53.48791873219883, 50.13224772550166), (10.201834467042637, 53.48790831390276, 50.13224772550166), (10.201834467042637, 53.48790831390276, 51.0380170668941), (10.201869196399217, 53.48791873219883, 51.0380170668941), (10.201904781925977, 53.487929449217376, 51.0380170668941), (10.201904781925977, 53.487929449217376, 50.13224772550166), (10.201869196399217, 53.48791873219883, 50.13224772550166), (10.201869196399217, 53.48791873219883, 51.0380170668941), (10.201904781925977, 53.487929449217376, 51.0380170668941), (10.201591363816384, 53.487834440181445, 51.0380170668941), (10.201591363816384, 53.487834440181445, 50.13224772550166), (10.20155670295425, 53.48782382975914, 50.13224772550166), (10.20155670295425, 53.48782382975914, 51.0380170668941), (10.201591363816384, 53.487834440181445, 51.0380170668941), (10.201625937164106, 53.48784508876424, 51.0380170668941), (10.201625937164106, 53.48784508876424, 50.13224772550166), (10.201591363816398, 53.48783444018145, 50.13224772550166), (10.201591363816398, 53.48783444018145, 51.0380170668941), (10.201625937164106, 53.48784508876424, 51.0380170668941), (10.201660552026343, 53.48785560751207, 51.0380170668941), (10.201625937164096, 53.48784508876424, 51.0380170668941), (10.201625937164096, 53.48784508876424, 50.13224772550166), (10.201660552026343, 53.48785560751207, 50.13224772550166), (10.201660552026343, 53.48785560751207, 51.0380170668941), (10.201695108528519, 53.48786617231289, 51.0380170668941), (10.201695108528519, 53.48786617231289, 50.13224772550166), (10.201660552026317, 53.487855607512074, 50.13224772550166), (10.201660552026317, 53.487855607512074, 51.0380170668941), (10.201695108528519, 53.48786617231289, 51.0380170668941), (10.201730074543937, 53.48787664283961, 51.0380170668941), (10.201695108528535, 53.48786617231286, 51.0380170668941), (10.201695108528535, 53.48786617231286, 50.13224772550166), (10.201730074543937, 53.48787664283961, 50.13224772550166), (10.201730074543937, 53.48787664283961, 51.0380170668941), (10.201764677090063, 53.48788723483626, 51.0380170668941), (10.201764677090063, 53.48788723483626, 50.13224772550166), (10.201730074543924, 53.487876642839616, 50.13224772550166), (10.201730074543924, 53.487876642839616, 51.0380170668941), (10.201764677090063, 53.48788723483626, 51.0380170668941), (10.201799579385915, 53.48789776511776, 51.0380170668941), (10.201799579385915, 53.48789776511776, 50.13224772550166), (10.201764677090077, 53.48788723483626, 50.13224772550166), (10.201764677090077, 53.48788723483626, 51.0380170668941), (10.201799579385915, 53.48789776511776, 51.0380170668941), (10.20155670295425, 53.48782382975914, 51.0380170668941), (10.20155670295425, 53.48782382975914, 50.13224772550166), (10.201552970310441, 53.487822687569825, 50.13224772550166), (10.201552970310441, 53.487822687569825, 51.0380170668941), (10.20155670295425, 53.48782382975914, 51.0380170668941), (10.20240009086232, 53.48800575562581, 50.999371381127276), (10.202367195452993, 53.487995384527615, 50.99875358818099), (10.202367198705035, 53.48799538526509, 50.08304770512041), (10.202400094114363, 53.48800575636328, 50.08366549806669), (10.20240009086232, 53.48800575562581, 50.999371381127276), (10.202434476299267, 53.488016596477195, 51.000017157173716), (10.202434479551313, 53.48801659721467, 50.08431127411313), (10.202400094114351, 53.488005756363286, 50.08366549806669), (10.202400090862307, 53.48800575562581, 50.99937138101086), (10.202434476299267, 53.488016596477195, 51.000017157173716), (10.20246854587079, 53.48802733772898, 51.000657000695355), (10.202468549122836, 53.488027338466445, 50.08495111775119), (10.202434479551298, 53.48801659721467, 50.08431127411313), (10.202434476299267, 53.488016596477195, 51.0000171570573), (10.20246854587079, 53.48802733772898, 51.000657000695355), (10.202499078939589, 53.48803696400027, 51.001230426714756), (10.202499082191654, 53.48803696473775, 50.08552454377059), (10.202468549122864, 53.488027338466445, 50.08495111775119), (10.20246854587082, 53.48802733772899, 51.000657000695355), (10.202499078939589, 53.48803696400027, 51.001230426714756), (10.202333039278038, 53.487984615926635, 50.998112117056735), (10.20233304253008, 53.48798461666411, 50.08240623422898), (10.202286074016435, 53.48796980862319, 50.081524140085094), (10.202286070764398, 53.48796980788571, 50.997230023145676), (10.202333039278038, 53.487984615926635, 50.998112117056735), (10.202367195452995, 53.487995384527636, 50.99875358818099), (10.20233303927805, 53.487984615926635, 50.99811211717315), (10.202333042530105, 53.48798461666411, 50.08240623422898), (10.202367198705039, 53.48799538526512, 50.08304770523682), (10.202367195452995, 53.487995384527636, 50.99875358818099), (10.20195498346192, 53.48786934281355, 50.9983877253253), (10.20195498287391, 53.48786934263497, 50.06608717283234), (10.201919827841238, 53.48785867511594, 50.06621009868104), (10.201919828429261, 53.48785867529452, 50.998510651057586), (10.20195498346192, 53.48786934281355, 50.9983877253253), (10.201898297062964, 53.48794193906666, 50.961095869774), (10.201898296478937, 53.487941938883445, 50.02879531728104), (10.20193429042445, 53.48795322028133, 50.02866859571077), (10.201934291008477, 53.48795322046454, 50.96096914820373), (10.201898297062964, 53.48794193906666, 50.961095869774), (10.201934291008477, 53.48795322046454, 50.960969148320146), (10.201970286700224, 53.48796450239281, 50.96084242069628), (10.201970286116191, 53.487964502209614, 50.02854186820332), (10.201934290424465, 53.487953220281334, 50.028668595827185), (10.201934291008477, 53.48795322046454, 50.960969148320146), (10.202094376865285, 53.48791164049363, 50.99790031230077), (10.202094376277286, 53.48791164031503, 50.06559975980781), (10.202059704508093, 53.48790111950033, 50.06572099553887), (10.202059705096117, 53.48790111967892, 50.998021547915414), (10.202094376865285, 53.48791164049363, 50.99790031230077), (10.202128597146816, 53.48792202429367, 50.99778065527789), (10.20212859655879, 53.4879220241151, 50.06548010278493), (10.202094376277273, 53.48791164031502, 50.065599759691395), (10.202094376865297, 53.487911640493586, 50.997900312184356), (10.202128597146816, 53.48792202429367, 50.99778065527789), (10.202162460248752, 53.48793229969651, 50.997662247275), (10.202162459660723, 53.48793229951793, 50.06536169478204), (10.202128596558804, 53.487922024115115, 50.06548010278493), (10.202128597146816, 53.48792202429368, 50.99778065527789), (10.202162460248752, 53.48793229969651, 50.997662247275), (10.202196557079619, 53.48794264600714, 50.99754302215297), (10.202196556491604, 53.487942645828554, 50.06524246966001), (10.202162459660709, 53.48793229951792, 50.06536169478204), (10.202162460248736, 53.48793229969651, 50.997662247275), (10.202196557079619, 53.48794264600714, 50.99754302215297), (10.202230541047035, 53.48795295805581, 50.997424191678874), (10.202230540459011, 53.48795295787723, 50.06512363918591), (10.202196556491606, 53.48794264582856, 50.06524246954359), (10.202196557079619, 53.48794264600716, 50.99754302203655), (10.202230541047035, 53.48795295805581, 50.997424191678874), (10.20228607076441, 53.4879698078857, 50.99723002302926), (10.202286070176395, 53.48796980770712, 50.0649294705363), (10.202230540459022, 53.48795295787722, 50.06512363918591), (10.202230541047049, 53.48795295805579, 50.997424191678874), (10.20228607076441, 53.4879698078857, 50.99723002302926), (10.201970286700208, 53.48796450239283, 50.960842420812696), (10.20200601047939, 53.48797569908035, 50.96071665058844), (10.202006009895378, 53.487975698897145, 50.02841609809548), (10.201970286116179, 53.48796450220963, 50.028541868319735), (10.201970286700208, 53.48796450239283, 50.960842420812696), (10.20200601047939, 53.48797569908033, 50.96071665058844), (10.20200600989539, 53.487975698897145, 50.02841609809548), (10.202042115435193, 53.48798701522065, 50.02828898397274), (10.202042116019191, 53.48798701540384, 50.96058953634929), (10.20200601047939, 53.48797569908033, 50.96071665058844), (10.202042116019193, 53.487987015403846, 50.96058953634929), (10.20207789387725, 53.48799822900739, 50.960463575902395), (10.202077893293247, 53.48799822882421, 50.02816302352585), (10.202042115435178, 53.48798701522065, 50.02828898385633), (10.202042116019193, 53.487987015403846, 50.96058953634929), (10.202077893877279, 53.48799822900739, 50.960463575902395), (10.202114103504261, 53.488009577920224, 50.96033609553706), (10.202114102920245, 53.488009577737046, 50.0280355430441), (10.202077893293263, 53.487998228824196, 50.028163023409434), (10.202077893877279, 53.48799822900739, 50.960463575902395), (10.202114103504261, 53.48800957792025, 50.960336095420644), (10.20214999236087, 53.48802082627955, 50.960209744400345), (10.202149991776851, 53.48802082609634, 50.0279091920238), (10.202114102920245, 53.488009577737046, 50.02803554292768), (10.202114103504261, 53.48800957792025, 50.960336095420644), (10.202149992360853, 53.488020826279524, 50.96020974451676), (10.202149991776837, 53.488020826096324, 50.0279091920238), (10.202186089304762, 53.488032139840875, 50.027782106306404), (10.202186089888778, 53.48803214002406, 50.960082658799365), (10.202149992360853, 53.488020826279524, 50.96020974451676), (10.202186089888782, 53.48803214002409, 50.960082658799365), (10.202186089304762, 53.488032139840875, 50.027782106306404), (10.202222605362307, 53.488043584744304, 50.027653547236696), (10.202222605946325, 53.488043584927496, 50.95995409972966), (10.202186089888782, 53.48803214002409, 50.960082658799365), (10.201990117292, 53.48788000388307, 50.99826487374958), (10.201990116703977, 53.48788000370447, 50.065964321256615), (10.201954982873897, 53.48786934263497, 50.06608717283234), (10.20195498346192, 53.48786934281355, 50.9983877253253), (10.201990117292, 53.48788000388307, 50.99826487374958), (10.202025265514797, 53.48789066930416, 50.99814197199885), (10.202025264926785, 53.48789066912558, 50.06584141950589), (10.201990116703977, 53.48788000370448, 50.06596432137303), (10.201990117291986, 53.48788000388307, 50.99826487386599), (10.202025265514797, 53.48789066930416, 50.99814197199885), (10.2020597050961, 53.48790111967889, 50.99802154803183), (10.202059704508091, 53.48790111950031, 50.06572099553887), (10.202025264926801, 53.48789066912557, 50.06584141950589), (10.202025265514811, 53.48789066930416, 50.99814197199885), (10.2020597050961, 53.48790111967889, 50.99802154803183), (10.201718321861234, 53.487885530107754, 50.96172949729953), (10.201754260519998, 53.487896794261864, 50.96160297014285), (10.201754259935983, 53.487896794078665, 50.02930241764989), (10.201718321277234, 53.48788552992456, 50.02942894480657), (10.201718321861234, 53.487885530107754, 50.96172949729953), (10.201573591513446, 53.48784016750545, 50.029938486986794), (10.201573592097471, 53.487840167688645, 50.962239039479755), (10.201537379442607, 53.48782881757121, 50.962366531719454), (10.201537426795877, 53.487828832413, 50.030065810424276), (10.201537426795877, 53.487828832413, 50.030065810424276), (10.201573591513446, 53.48784016750545, 50.029938486986794), (10.201609934238366, 53.4878515583735, 50.02981053723488), (10.20160993482238, 53.48785155855669, 50.96211108972784), (10.201573543568422, 53.487840152478256, 50.96223921061028), (10.20157359151343, 53.48784016750547, 50.02993848710321), (10.20157359151343, 53.48784016750547, 50.02993848710321), (10.201609934238366, 53.4878515583735, 50.02981053723488), (10.201646062951506, 53.487862882146885, 50.0296833406901), (10.201682258845443, 53.48787422695961, 50.029555907822214), (10.201682283996826, 53.48787423484275, 50.02956344559789), (10.201682234273754, 53.48787421925829, 50.961856548907235), (10.201646063535533, 53.487862882330106, 50.96198389318306), (10.201646062951506, 53.487862882146885, 50.0296833406901), (10.201646062951507, 53.48786288214691, 50.0296833406901), (10.201646063535522, 53.487862882330106, 50.96198389318306), (10.201609885698714, 53.48785154315991, 50.962111262604594), (10.201609934238382, 53.48785155837351, 50.029810537118465), (10.201609934238382, 53.48785155837351, 50.029810537118465), (10.201646062951507, 53.48786288214691, 50.0296833406901), (10.20175426052001, 53.48789679426187, 50.96160297014285), (10.201790148035752, 53.487908042369526, 50.96147662308067), (10.201790147451739, 53.487908042186326, 50.02917607058771), (10.201754259936, 53.487896794078665, 50.02930241764989), (10.20175426052001, 53.48789679426187, 50.96160297014285), (10.201790148035737, 53.487908042369526, 50.96147662308067), (10.201826197692792, 53.4879193412797, 50.96134970523417), (10.201826197108778, 53.48791934109649, 50.02904915274121), (10.201790147451725, 53.487908042186326, 50.02917607058771), (10.201790148035737, 53.487908042369526, 50.96147662308067), (10.201826197692807, 53.48791934127967, 50.961349705350585), (10.20186230198493, 53.48793065729689, 50.96122259518597), (10.201862301400917, 53.48793065711371, 50.02892204269301), (10.201826197108778, 53.48791934109649, 50.029049152857624), (10.201826197692807, 53.48791934127967, 50.961349705350585), (10.20186230198493, 53.48793065729689, 50.96122259530239), (10.2018623014009, 53.48793065711371, 50.02892204280943), (10.201898296478952, 53.487941938883466, 50.02879531716462), (10.201898297062966, 53.48794193906666, 50.96109586965758), (10.20186230198493, 53.48793065729689, 50.96122259530239), (10.201573121266017, 53.4877534688792, 50.99972297740169), (10.201573120678008, 53.487753468700625, 50.06742242490873), (10.201538385124286, 53.487742928299966, 50.06754388450645), (10.20153838571231, 53.48774292847855, 50.999844436882995), (10.201573121266017, 53.4877534688792, 50.99972297740169), (10.201607492658802, 53.48776389876114, 50.99960279115476), (10.201607492070798, 53.48776389858256, 50.067302238661796), (10.201573120678022, 53.487753468700625, 50.06742242490873), (10.201573121266017, 53.4877534688792, 50.99972297728527), (10.201607492658802, 53.48776389876114, 50.99960279115476), (10.201641630211492, 53.48777425767017, 50.999483422376215), (10.201641629623486, 53.48777425749158, 50.06718286999967), (10.20160749207077, 53.48776389858255, 50.06730223854538), (10.201607492658791, 53.48776389876114, 50.99960279103834), (10.201641630211492, 53.48777425767017, 50.999483422376215), (10.201676695129397, 53.487784897969135, 50.99936081143096), (10.201676694541375, 53.48778489779055, 50.067060258938), (10.201641629623474, 53.487774257491594, 50.067182870116085), (10.201641630211494, 53.48777425767019, 50.999483422609046), (10.201676695129397, 53.487784897969135, 50.99936081143096), (10.201711069302858, 53.48779532864943, 50.99924061552156), (10.201711068714836, 53.48779532847084, 50.06694006314501), (10.201676694541375, 53.48778489779056, 50.067060258938), (10.201676695129397, 53.487784897969135, 50.99936081143096), (10.201711069302858, 53.48779532864943, 50.99924061552156), (10.201745881936553, 53.48780589236299, 50.99911888677161), (10.201745881348547, 53.48780589218443, 50.06681833427865), (10.201711068714836, 53.48779532847084, 50.06694006314501), (10.201711069302858, 53.48779532864944, 50.99924061563797), (10.201745881936553, 53.48780589236299, 50.99911888677161), (10.201780900135546, 53.48781651843869, 50.998996439157054), (10.201745881936567, 53.487805892362985, 50.99911888677161), (10.20174588134856, 53.487805892184404, 50.066818334395066), (10.201780899547519, 53.487816518260104, 50.06669588666409), (10.201780900135546, 53.48781651843869, 50.998996439157054), (10.201815233141005, 53.4878269365811, 50.998876387486234), (10.20178090013553, 53.4878165184387, 50.998996439157054), (10.201780899547504, 53.487816518260125, 50.06669588666409), (10.201815232552983, 53.487826936402506, 50.06657583499327), (10.201815233141005, 53.4878269365811, 50.998876387486234), (10.201850649831616, 53.48783768354537, 50.99875254649669), (10.201850649243594, 53.487837683366806, 50.06645199400373), (10.201815232552995, 53.4878269364025, 50.06657583499327), (10.201815233141017, 53.48782693658109, 50.998876387486234), (10.201850649831616, 53.48783768354537, 50.99875254649669), (10.201885051828896, 53.48784812259229, 50.998632253846154), (10.2018506498316, 53.48783768354537, 50.998752546613105), (10.201850649243578, 53.487837683366806, 50.06645199423656), (10.201885051240884, 53.48784812241371, 50.06633170135319), (10.201885051828896, 53.48784812259229, 50.998632253846154), (10.201919828429247, 53.48785867529451, 50.998510651174), (10.201919827841238, 53.48785867511594, 50.06621009868104), (10.20188505124087, 53.487848122413695, 50.06633170123678), (10.201885051828897, 53.48784812259227, 50.99863225372974), (10.201919828429247, 53.48785867529451, 50.998510651174), (10.201682234273683, 53.48787421925836, 50.96185654879082), (10.201718321861234, 53.48788553010776, 50.961729497183114), (10.201718321277223, 53.48788552992458, 50.02942894469015), (10.201682233689676, 53.48787421907517, 50.02955599629786), (10.201682234273683, 53.48787421925836, 50.96185654879082), (10.201951356300045, 53.4881384108723, 51.020910732331686), (10.201951356300045, 53.4881384108723, 50.08067523606587), (10.201918177766547, 53.48812746623907, 50.080675235483795), (10.201918177766547, 53.48812746623907, 51.020910731633194), (10.201951356300045, 53.4881384108723, 51.020910732331686), (10.202226551219336, 53.48822917591486, 51.02091073768679), (10.202190954074267, 53.48821738621365, 51.020910737104714), (10.20219095407425, 53.48821738621365, 50.0806752408389), (10.202226551219336, 53.48822917591486, 50.08067524165381), (10.202226551219336, 53.48822917591486, 51.02091073768679), (10.202084267035186, 53.488182131840716, 51.02091073500924), (10.202084267035174, 53.488182131840716, 50.08067523885984), (10.202050912822248, 53.4881712109623, 50.08067523816135), (10.202050912822262, 53.4881712109623, 51.020910734310746), (10.202084267035186, 53.488182131840716, 51.02091073500924), (10.202119837971859, 53.48819389478978, 51.020910735591315), (10.202119837971843, 53.48819389478978, 50.080675239441916), (10.202084267035175, 53.488182131840695, 50.080675238743424), (10.202084267035158, 53.48818213184069, 51.02091073489282), (10.202119837971859, 53.48819389478978, 51.020910735591315), (10.202155277093047, 53.488205634268404, 51.02091073628981), (10.202155277093059, 53.488205634268404, 50.08067524014041), (10.202119837971871, 53.488193894789795, 50.08067523955833), (10.202119837971871, 53.488193894789795, 51.020910735591315), (10.202155277093047, 53.488205634268404, 51.02091073628981), (10.202190954074267, 53.48821738621365, 51.020910737104714), (10.202155277093047, 53.48820563426839, 51.02091073640622), (10.202155277093047, 53.48820563426839, 50.080675240256824), (10.202190954074279, 53.48821738621365, 50.0806752408389), (10.202190954074267, 53.48821738621365, 51.020910737104714), (10.201984504844544, 53.488149365584064, 51.02091073303018), (10.20198450484456, 53.48814936558408, 50.080675236764364), (10.201951356300047, 53.48813841087232, 50.08067523618229), (10.201951356300047, 53.48813841087232, 51.020910732331686), (10.201984504844544, 53.488149365584064, 51.02091073303018), (10.202017736177561, 53.48816030712361, 51.020910733612254), (10.202017736177561, 53.48816030712361, 50.080675237462856), (10.20198450484456, 53.48814936558408, 50.080675236764364), (10.201984504844575, 53.48814936558407, 51.02091073303018), (10.202017736177561, 53.48816030712361, 51.020910733612254), (10.202050912822232, 53.4881712109623, 51.020910734310746), (10.202017736177547, 53.48816030712363, 51.020910733612254), (10.202017736177547, 53.48816030712363, 50.080675237462856), (10.202050912822232, 53.4881712109623, 50.08067523816135), (10.202050912822232, 53.4881712109623, 51.020910734310746), (10.201818699636483, 53.488094746702025, 51.02091072965413), (10.201818699636496, 53.488094746702025, 50.08067523362115), (10.201785385050318, 53.48808383165235, 50.08067523292266), (10.201785385050336, 53.48808383165235, 51.02091072907206), (10.201818699636483, 53.488094746702025, 51.02091072965413), (10.2018518289729, 53.488105713797246, 51.02091073023621), (10.2018518289729, 53.488105713797246, 50.08067523408681), (10.201818699636496, 53.488094746702025, 50.080675233504735), (10.201818699636496, 53.488094746702025, 51.02091072965413), (10.2018518289729, 53.488105713797246, 51.02091073023621), (10.201885113226666, 53.488116539406, 51.0209107309347), (10.2018518289729, 53.488105713797246, 51.02091073023621), (10.2018518289729, 53.488105713797246, 50.08067523408681), (10.201885113226666, 53.488116539406, 50.0806752347853), (10.201885113226666, 53.488116539406, 51.0209107309347), (10.201918177766576, 53.48812746623907, 51.02091073151678), (10.201918177766576, 53.48812746623907, 50.08067523536738), (10.201885113226679, 53.488116539405986, 50.08067523466889), (10.201885113226679, 53.488116539405986, 51.0209107309347), (10.201918177766576, 53.48812746623907, 51.02091073151678), (10.201785385050332, 53.48808383165233, 51.02091072895564), (10.20178538505032, 53.48808383165234, 50.08067523268983), (10.2017522809404, 53.488072960775966, 50.08067523210775), (10.201752280940386, 53.488072960775966, 51.02091072825715), (10.201785385050332, 53.48808383165233, 51.02091072895564), (10.201614581367577, 53.48802768601937, 51.02091072546318), (10.201578527558894, 53.48801571513811, 51.02091072476469), (10.201578527558894, 53.48801571513811, 50.08067522873171), (10.20161458136758, 53.48802768601939, 50.0806752294302), (10.201614581367577, 53.48802768601937, 51.02091072546318), (10.201650238706327, 53.488039492065866, 51.02091072627809), (10.201650238706327, 53.488039492065866, 50.080675230012275), (10.20161458136758, 53.48802768601939, 50.08067522931378), (10.201614581367565, 53.48802768601939, 51.0209107255796), (10.201650238706327, 53.488039492065866, 51.02091072627809), (10.201685956601143, 53.48805120315064, 51.020910726860166), (10.201650238706337, 53.488039492065866, 51.02091072604526), (10.201650238706337, 53.488039492065866, 50.080675230012275), (10.201685956601155, 53.48805120315064, 50.08067523059435), (10.201685956601143, 53.48805120315064, 51.020910726860166), (10.201719039803397, 53.488062093870695, 51.02091072767507), (10.20168595660113, 53.48805120315067, 51.02091072697658), (10.20168595660113, 53.48805120315067, 50.08067523082718), (10.201719039803411, 53.488062093870695, 50.08067523140926), (10.201719039803397, 53.488062093870695, 51.02091072767507), (10.201752280940386, 53.48807296077597, 51.02091072825715), (10.201752280940386, 53.48807296077597, 50.08067523210775), (10.201719039803397, 53.48806209387068, 50.08067523140926), (10.20171903980341, 53.48806209387068, 51.02091072767507), (10.201752280940386, 53.48807296077597, 51.02091072825715), (10.203784257481141, 53.48889244210569, 51.12857244221959), (10.203784257481141, 53.4888924421057, 49.982914545806125), (10.203755986589995, 53.488879441452205, 49.98291454615537), (10.203755986589995, 53.48887944145219, 51.12857244256884), (10.203784257481141, 53.48889244210569, 51.12857244221959), (10.203841742990427, 53.48891887734952, 51.1285724415211), (10.203812926475614, 53.48890562581593, 51.12857244187035), (10.203812926475614, 53.48890562581593, 49.982914545573294), (10.203841742990425, 53.48891887734953, 49.98291454510763), (10.203841742990427, 53.48891887734952, 51.1285724415211), (10.203876207859928, 53.488934726309715, 51.128572441404685), (10.20387001108414, 53.488931876671856, 51.128572441404685), (10.20387001108414, 53.488931876671856, 49.9829145448748), (10.203876207859928, 53.488934726309715, 49.9829145448748), (10.203876207859928, 53.488934726309715, 51.128572441404685), (10.203870011084154, 53.48893187667187, 51.12857244128827), (10.20387001108414, 53.48893187667187, 49.9829145448748), (10.203841742990425, 53.48891887734953, 49.98291454522405), (10.203841742990427, 53.48891887734952, 51.128572441637516), (10.203870011084154, 53.48893187667187, 51.12857244128827), (10.203812926475598, 53.48890562581593, 51.12857244198676), (10.203784257481141, 53.48889244210569, 51.12857244233601), (10.203784257481127, 53.48889244210569, 49.98291454592254), (10.203812926475614, 53.48890562581593, 49.982914545573294), (10.203812926475598, 53.48890562581593, 51.12857244198676), (10.203698400596057, 53.4888529599084, 51.128572443383746), (10.203698400596071, 53.48885295990841, 49.98291454697028), (10.203669883446542, 53.4888398459653, 49.982914547319524), (10.203669883446526, 53.48883984596529, 51.12857244361658), (10.203698400596057, 53.4888529599084, 51.128572443383746), (10.203755986589995, 53.48887944145219, 51.12857244256884), (10.203727116094033, 53.488866165049195, 51.128572442918085), (10.20372711609402, 53.4888661650492, 49.98291454650462), (10.20375598658998, 53.48887944145219, 49.982914546271786), (10.203755986589995, 53.48887944145219, 51.12857244256884), (10.20372711609402, 53.488866165049195, 51.12857244280167), (10.203698400596085, 53.48885295990841, 51.12857244326733), (10.203698400596085, 53.48885295990841, 49.98291454685386), (10.203727116094033, 53.488866165049195, 49.9829145463882), (10.20372711609402, 53.488866165049195, 51.12857244280167), (10.203669883446526, 53.48883984596529, 51.12857244361658), (10.203669883446526, 53.48883984596529, 49.98291454720311), (10.203641513104037, 53.48882679951821, 49.98291454766877), (10.203641513104023, 53.48882679951821, 51.12857244408224), (10.203669883446526, 53.48883984596529, 51.12857244361658), (10.20364151310402, 53.488826799518236, 51.12857244419865), (10.20364151310402, 53.488826799518236, 49.982914547785185), (10.203635548943979, 53.48882405682482, 49.98291454766877), (10.203635548943996, 53.48882405682482, 51.12857244408224), (10.20364151310402, 53.488826799518236, 51.12857244419865), (10.203914947029304, 53.48879173733748, 51.151481420733035), (10.203914947029304, 53.488791737337486, 50.02828915824648), (10.20388619520401, 53.488778538920776, 50.028289157897234), (10.203886195204024, 53.488778538920776, 51.15148142038379), (10.203914947029304, 53.48879173733748, 51.151481420733035), (10.203801971594306, 53.488773305304484, 51.15148141991813), (10.203801971594306, 53.4887733053045, 50.02828915743157), (10.203830736219983, 53.488786509631126, 50.02828915778082), (10.203830736219995, 53.488786509631126, 51.15148142026737), (10.203801971594306, 53.488773305304484, 51.15148141991813), (10.203943451245756, 53.48880482207523, 51.15148142108228), (10.203914947029316, 53.48879173733748, 51.151481420733035), (10.203914947029318, 53.48879173733748, 50.02828915824648), (10.203943451245756, 53.48880482207524, 50.028289158595726), (10.203943451245756, 53.48880482207523, 51.15148142108228), (10.203972204662243, 53.488818021192074, 51.15148142143153), (10.203972204662243, 53.488818021192074, 50.02828915894497), (10.203943451245756, 53.48880482207523, 50.028289158595726), (10.203943451245756, 53.48880482207523, 51.15148142108228), (10.203972204662243, 53.488818021192074, 51.15148142143153), (10.204000665932364, 53.488831086185535, 51.15148142178077), (10.204000665932364, 53.488831086185535, 50.02828915929422), (10.203972204662232, 53.488818021192074, 50.02828915894497), (10.203972204662232, 53.488818021192074, 51.15148142143153), (10.204000665932364, 53.488831086185535, 51.15148142178077), (10.204009128110252, 53.48883497070005, 51.15148142189719), (10.204000665932364, 53.488831086185535, 51.15148142189719), (10.204000665932364, 53.488831086185535, 50.02828915929422), (10.204009128110252, 53.48883497070005, 50.02828915929422), (10.204009128110252, 53.48883497070005, 51.15148142189719), (10.204006390181458, 53.4888370921915, 51.1514814220136), (10.20400912811026, 53.48883497070005, 51.15148142189719), (10.20400912811026, 53.48883497070005, 50.02828915941063), (10.204006390181458, 53.4888370921915, 50.02828915952705), (10.204006390181458, 53.4888370921915, 51.1514814220136), (10.203984930326648, 53.48885372040786, 51.151481422246434), (10.203984930326648, 53.48885372040786, 50.02828915975988), (10.204006390181458, 53.48883709219149, 50.02828915929422), (10.204006390181458, 53.48883709219149, 51.15148142189719), (10.203984930326648, 53.48885372040786, 51.151481422246434), (10.203982035944207, 53.488855963125275, 51.15148142236285), (10.203984930326648, 53.48885372040786, 51.151481422246434), (10.203984930326655, 53.48885372040786, 50.02828915975988), (10.20398203594421, 53.48885596312529, 50.028289159876294), (10.203982035944207, 53.488855963125275, 51.15148142236285), (10.20397390969832, 53.48885223281742, 51.151481422246434), (10.203982035944195, 53.488855963125275, 51.151481422246434), (10.203982035944195, 53.488855963125275, 50.02828915975988), (10.203973909698322, 53.48885223281743, 50.028289159643464), (10.20397390969832, 53.48885223281742, 51.151481422246434), (10.203945193078793, 53.48883905060361, 51.15148142178077), (10.203945193078793, 53.48883905060361, 50.02828915929422), (10.203973909698346, 53.48885223281743, 50.02828915975988), (10.203973909698346, 53.48885223281743, 51.151481422246434), (10.203945193078793, 53.48883905060361, 51.15148142178077), (10.203916645363156, 53.48882594590921, 51.15148142143153), (10.203916645363156, 53.48882594590921, 50.02828915894497), (10.20394519307878, 53.488839050603616, 50.02828915941063), (10.203945193078779, 53.48883905060361, 51.15148142189719), (10.203916645363156, 53.48882594590921, 51.15148142143153), (10.20388792760417, 53.48881276314204, 51.15148142108228), (10.203916645363156, 53.48882594590921, 51.15148142143153), (10.203916645363156, 53.48882594590921, 50.02828915894497), (10.20388792760417, 53.48881276314205, 50.028289158595726), (10.20388792760417, 53.48881276314204, 51.15148142108228), (10.203859328599517, 53.488799634873516, 51.151481420733035), (10.20388792760417, 53.48881276314204, 51.151481421198696), (10.20388792760417, 53.48881276314204, 50.02828915871214), (10.203859328599517, 53.488799634873516, 50.02828915824648), (10.203859328599517, 53.488799634873516, 51.151481420733035), (10.203830736220013, 53.488786509631126, 51.151481420500204), (10.203859328599533, 53.488799634873516, 51.15148142084945), (10.203859328599533, 53.488799634873516, 50.028289158362895), (10.203830736220013, 53.488786509631126, 50.02828915801365), (10.203830736220013, 53.488786509631126, 51.151481420500204), (10.203771478377156, 53.48872587844358, 51.15148141887039), (10.203762940533485, 53.48872195915776, 51.15148141887039), (10.203762940533485, 53.48872195915776, 50.02828915626742), (10.203771478377156, 53.48872587844358, 50.02828915626742), (10.203771478377156, 53.48872587844358, 51.15148141887039), (10.203800191505652, 53.48873905915732, 51.151481419219635), (10.203800191505652, 53.48873905915732, 50.02828915673308), (10.20377147837717, 53.488725878443596, 50.02828915626742), (10.20377147837717, 53.48872587844358, 51.151481418753974), (10.203800191505652, 53.48873905915732, 51.151481419219635), (10.203828776326718, 53.48875218095666, 51.15148141956888), (10.203828776326718, 53.48875218095666, 50.02828915708233), (10.203800191505636, 53.48873905915732, 50.028289156616665), (10.203800191505636, 53.48873905915732, 51.15148141910322), (10.203828776326718, 53.48875218095666, 51.15148141956888), (10.203857443707737, 53.48876534063987, 51.15148141991813), (10.203857443707737, 53.48876534063987, 50.02828915743157), (10.203828776326716, 53.488752180956666, 50.02828915708233), (10.203828776326732, 53.48875218095667, 51.15148141956888), (10.203857443707737, 53.48876534063987, 51.15148141991813), (10.20388619520401, 53.488778538920776, 51.15148142038379), (10.20388619520401, 53.4887785389208, 50.028289157897234), (10.203857443707738, 53.48876534063989, 50.02828915754799), (10.20385744370774, 53.48876534063989, 51.15148142003454), (10.20388619520401, 53.488778538920776, 51.15148142038379), (10.20377350129039, 53.488760236070526, 51.15148141956888), (10.203801971594306, 53.4887733053045, 51.15148141991813), (10.203801971594308, 53.48877330530451, 50.02828915743157), (10.203773501290389, 53.488760236070526, 50.02828915708233), (10.20377350129039, 53.488760236070526, 51.15148141956888), (10.203744452305422, 53.48874690117883, 51.151481419219635), (10.203744452305422, 53.48874690117883, 50.02828915673308), (10.203773501290375, 53.488760236070526, 50.02828915719874), (10.203773501290375, 53.488760236070526, 51.1514814196853), (10.203744452305422, 53.48874690117883, 51.151481419219635), (10.203735848316123, 53.48874295152784, 51.151481419219635), (10.203735848316123, 53.48874295152785, 50.028289156616665), (10.203744452305438, 53.48874690117883, 50.02828915673308), (10.203744452305438, 53.48874690117883, 51.151481419219635), (10.203735848316123, 53.48874295152784, 51.151481419219635), (10.203738735617744, 53.48874071430712, 51.15148141910322), (10.203738735617753, 53.48874071430712, 50.028289156616665), (10.203735848316123, 53.48874295152785, 50.02828915673308), (10.203735848316116, 53.48874295152785, 51.151481419219635), (10.203738735617744, 53.48874071430712, 51.15148141910322), (10.203760356478998, 53.48872396141022, 51.15148141887039), (10.203738735617753, 53.48874071430712, 51.151481419219635), (10.203738735617753, 53.48874071430712, 50.02828915673308), (10.203760356478998, 53.48872396141022, 50.02828915626742), (10.203760356478998, 53.48872396141022, 51.15148141887039), (10.203762940533485, 53.48872195915776, 51.15148141863756), (10.203762940533478, 53.48872195915776, 50.028289156151004), (10.203760356479007, 53.48872396141022, 50.02828915626742), (10.203760356478998, 53.48872396141022, 51.151481418753974), (10.203762940533485, 53.48872195915776, 51.15148141863756), (10.204116714051864, 53.488598524800466, 51.13203356706072), (10.20411671405185, 53.48859852480047, 50.05007752601523), (10.20408795165664, 53.48858536082714, 50.05007752531674), (10.204087951656637, 53.48858536082712, 51.132033566362225), (10.204116714051864, 53.488598524800466, 51.13203356706072), (10.20414547629841, 53.488611688690575, 51.13203356775921), (10.20414547629841, 53.48861168869058, 50.05007752671372), (10.20411671405185, 53.48859852480047, 50.050077526131645), (10.204116714051848, 53.48859852480046, 51.13203356717713), (10.20414547629841, 53.488611688690575, 51.13203356775921), (10.204174063101698, 53.48862477226887, 51.132033568341285), (10.204174063101698, 53.48862477226887, 50.0500775272958), (10.20414547629841, 53.488611688690575, 50.050077526597306), (10.20414547629841, 53.48861168869057, 51.13203356764279), (10.204174063101698, 53.48862477226887, 51.132033568341285), (10.204202942431523, 53.488637989715166, 51.13203356903978), (10.204202942431523, 53.48863798971517, 50.05007752799429), (10.204174063101709, 53.48862477226888, 50.05007752741221), (10.204174063101709, 53.48862477226887, 51.1320335684577), (10.204202942431523, 53.488637989715166, 51.13203356903978), (10.20423165857836, 53.48865113246095, 51.13203356962185), (10.20423165857836, 53.48865113246095, 50.05007752857637), (10.204202942431523, 53.488637989715166, 50.050077527877875), (10.204202942431523, 53.488637989715166, 51.13203356892336), (10.20423165857836, 53.48865113246095, 51.13203356962185), (10.204245070059406, 53.488657270594224, 51.1320335699711), (10.20423165857836, 53.48865113246094, 51.13203356950544), (10.20423165857836, 53.48865113246095, 50.05007752857637), (10.204245070059406, 53.488657270594246, 50.05007752892561), (10.204245070059406, 53.488657270594224, 51.1320335699711), (10.204232167080532, 53.48866729844216, 51.132033570320345), (10.204232167080539, 53.48866729844216, 50.05007752927486), (10.204245070059422, 53.488657270594246, 50.0500775288092), (10.204245070059415, 53.488657270594246, 51.132033569854684), (10.204232167080532, 53.48866729844216, 51.132033570320345), (10.204218462903233, 53.48866102634751, 51.1320335699711), (10.204218462903233, 53.48866102634751, 50.05007752904203), (10.204232167080512, 53.48866729844216, 50.05007752927486), (10.204232167080512, 53.48866729844216, 51.132033570320345), (10.204218462903233, 53.48866102634751, 51.1320335699711), (10.204189960044847, 53.48864798121729, 51.13203356950544), (10.204218462903244, 53.4886610263475, 51.132033570087515), (10.204218462903244, 53.4886610263475, 50.05007752904203), (10.204189960044834, 53.48864798121729, 50.05007752845995), (10.204189960044847, 53.48864798121729, 51.13203356950544), (10.204161024400383, 53.488634737995184, 51.13203356869053), (10.204161024400383, 53.488634737995184, 50.050077527645044), (10.204189960044834, 53.48864798121728, 50.050077528343536), (10.204189960044834, 53.48864798121726, 51.13203356938902), (10.204161024400383, 53.488634737995184, 51.13203356869053), (10.204132397917249, 53.488621636254436, 51.132033568108454), (10.204161024400396, 53.488634737995184, 51.132033568806946), (10.204161024400383, 53.488634737995184, 50.05007752776146), (10.204132397917249, 53.488621636254436, 50.05007752706297), (10.204132397917249, 53.488621636254436, 51.132033568108454), (10.204103956939155, 53.488608619400566, 51.13203356740996), (10.204103956939155, 53.488608619400566, 50.050077526364475), (10.204132397917249, 53.488621636254436, 50.05007752706297), (10.204132397917249, 53.488621636254436, 51.132033568108454), (10.204103956939155, 53.488608619400566, 51.13203356740996), (10.204046580408125, 53.48858235929087, 51.132033566129394), (10.204046580408125, 53.48858235929087, 50.05007752508391), (10.204075145009915, 53.4885954327548, 50.0500775257824), (10.204075145009915, 53.4885954327548, 51.132033566827886), (10.204046580408125, 53.48858235929087, 51.132033566129394), (10.204002016329758, 53.48854602985541, 51.13203356449958), (10.203987225550549, 53.488539260382204, 51.13203356415033), (10.203987225550549, 53.488539260382204, 50.05007752310485), (10.20400201632976, 53.48854602985541, 50.05007752345409), (10.204002016329758, 53.48854602985541, 51.13203356449958), (10.204030719872026, 53.48855916693822, 51.13203356519807), (10.204002016329758, 53.48854602985541, 51.13203356449958), (10.204002016329758, 53.48854602985541, 50.05007752345409), (10.204030719872012, 53.48855916693822, 50.050077524152584), (10.204030719872026, 53.48855916693822, 51.13203356519807), (10.20405948228508, 53.488572330949914, 51.13203356578015), (10.20405948228508, 53.488572330949914, 50.05007752473466), (10.204030719872012, 53.48855916693822, 50.05007752403617), (10.204030719872012, 53.48855916693822, 51.132033565081656), (10.20405948228508, 53.488572330949914, 51.13203356578015), (10.203989128853847, 53.48855606478398, 51.132033564848825), (10.204017750865829, 53.48856916455362, 51.13203356554732), (10.204017750865829, 53.48856916455362, 50.05007752450183), (10.203989128853847, 53.48855606478398, 50.05007752380334), (10.203989128853847, 53.48855606478398, 51.132033564848825), (10.203974322545779, 53.48854928820259, 51.132033564615995), (10.203989128853847, 53.48855606478398, 51.132033565081656), (10.203989128853832, 53.48855606478398, 50.05007752403617), (10.203974322545779, 53.48854928820259, 50.05007752368692), (10.203974322545779, 53.48854928820259, 51.132033564615995), (10.203987225550541, 53.48853926038219, 51.13203356415033), (10.20398722555054, 53.488539260382204, 50.05007752310485), (10.203974322545802, 53.48854928820259, 50.05007752357051), (10.203974322545797, 53.48854928820259, 51.132033564615995), (10.203987225550541, 53.48853926038219, 51.13203356415033), (10.204087951656637, 53.48858536082712, 51.13203356647864), (10.204087951656637, 53.48858536082712, 50.05007752543315), (10.20405948228508, 53.488572330949914, 50.05007752473466), (10.20405948228508, 53.488572330949914, 51.13203356578015), (10.204087951656637, 53.48858536082712, 51.13203356647864), (10.204075145009915, 53.48859543275481, 51.132033566827886), (10.204103956939157, 53.48860861940058, 51.13203356740996), (10.204103956939157, 53.4886086194006, 50.050077526364475), (10.204075145009902, 53.48859543275481, 50.0500775257824), (10.204075145009915, 53.48859543275481, 51.132033566827886), (10.204017750865814, 53.48856916455362, 51.13203356554732), (10.20404658040811, 53.48858235929087, 51.13203356624581), (10.20404658040811, 53.48858235929087, 50.05007752520032), (10.204017750865814, 53.48856916455362, 50.05007752450183), (10.204017750865814, 53.48856916455362, 51.13203356554732), (10.204140804574713, 53.48872156526982, 51.129523563198745), (10.204140804574713, 53.48872156526982, 49.94016519526485), (10.20411206487903, 53.48870838553296, 49.94016519538127), (10.20411206487903, 53.48870838553296, 51.12952356331516), (10.204140804574713, 53.48872156526982, 51.129523563198745), (10.204153688287587, 53.48872747360669, 51.12952356308233), (10.204140804574713, 53.488721565269806, 51.12952356308233), (10.204140804574713, 53.488721565269806, 49.94016519503202), (10.204153688287587, 53.48872747360669, 49.94016519514844), (10.204153688287587, 53.48872747360669, 51.12952356308233), (10.204140740323695, 53.48873751638267, 51.1295235628495), (10.204153688287587, 53.48872747360669, 51.129523562965915), (10.204153688287587, 53.48872747360669, 49.94016519503202), (10.204140740323695, 53.48873751638267, 49.94016519491561), (10.204140740323695, 53.48873751638267, 51.1295235628495), (10.204127531907469, 53.48873145880996, 51.12952356308233), (10.204127531907469, 53.48873145880996, 49.94016519514844), (10.204140740323686, 53.48873751638267, 49.94016519503202), (10.204140740323686, 53.48873751638267, 51.129523562965915), (10.204127531907469, 53.48873145880996, 51.12952356308233), (10.204098792735769, 53.48871827859464, 51.12952356308233), (10.204127531907469, 53.488731458809966, 51.129523562965915), (10.204127531907467, 53.488731458809966, 49.94016519503202), (10.204098792735769, 53.48871827859463, 49.94016519514844), (10.204098792735769, 53.48871827859464, 51.12952356308233), (10.2039114738576, 53.48861643817185, 51.12952356389724), (10.203897872574442, 53.488610209522314, 51.12952356401365), (10.20389787257444, 53.4886102095223, 49.940165195963345), (10.2039114738576, 53.48861643817184, 49.940165195963345), (10.2039114738576, 53.48861643817185, 51.12952356389724), (10.203940092613403, 53.488629552026765, 51.12952356378082), (10.203911473857588, 53.48861643817187, 51.12952356389724), (10.203911473857588, 53.48861643817187, 49.940165195963345), (10.203940092613418, 53.48862955202676, 49.94016519584693), (10.203940092613403, 53.488629552026765, 51.12952356378082), (10.203968792866341, 53.488642703210616, 51.12952356366441), (10.203940092613403, 53.48862955202675, 51.12952356378082), (10.203940092613403, 53.48862955202675, 49.94016519584693), (10.203968792866357, 53.48864270321062, 49.940165195730515), (10.203968792866341, 53.488642703210616, 51.12952356366441), (10.203997496669855, 53.4886558560063, 51.12952356354799), (10.203997496669855, 53.4886558560063, 49.9401651956141), (10.203968792866341, 53.48864270321063, 49.940165195730515), (10.203968792866341, 53.48864270321063, 51.12952356366441), (10.203997496669855, 53.4886558560063, 51.12952356354799), (10.204025933545816, 53.48866888647424, 51.12952356354799), (10.204025933545816, 53.48866888647424, 49.9401651956141), (10.203997496669865, 53.4886558560063, 49.940165195730515), (10.203997496669865, 53.4886558560063, 51.12952356366441), (10.204025933545816, 53.48866888647424, 51.12952356354799), (10.204054807189493, 53.48868212768416, 51.12952356354799), (10.204054807189493, 53.48868212768416, 49.9401651956141), (10.204025933545816, 53.48866888647424, 49.9401651956141), (10.204025933545816, 53.48866888647424, 51.12952356354799), (10.204054807189493, 53.48868212768416, 51.12952356354799), (10.204083502916435, 53.48869528728766, 51.129523563431576), (10.204083502916435, 53.48869528728766, 49.940165195497684), (10.204054807189507, 53.488682127684164, 49.9401651956141), (10.204054807189507, 53.488682127684164, 51.12952356354799), (10.204083502916435, 53.48869528728766, 51.129523563431576), (10.204041491815161, 53.48869199948747, 51.12952356331516), (10.204041491815161, 53.48869199948747, 49.94016519538127), (10.204070232363076, 53.4887051803642, 49.94016519526485), (10.204070232363076, 53.4887051803642, 51.129523563198745), (10.204041491815161, 53.48869199948747, 51.12952356331516), (10.204012976316477, 53.488678921806844, 51.129523563198745), (10.204012976316477, 53.488678921806844, 49.94016519526485), (10.20404149181516, 53.48869199948744, 49.94016519514844), (10.204041491815161, 53.48869199948747, 51.12952356308233), (10.204012976316477, 53.488678921806844, 51.129523563198745), (10.20398405987896, 53.48866566025387, 51.129523563431576), (10.204012976316493, 53.48867892180685, 51.12952356331516), (10.204012976316493, 53.48867892180685, 49.94016519538127), (10.20398405987896, 53.48866566025387, 49.940165195497684), (10.20398405987896, 53.48866566025387, 51.129523563431576), (10.203955419128842, 53.48865262104043, 51.12952356354799), (10.20398405987896, 53.488665660253886, 51.129523563431576), (10.20398405987896, 53.488665660253886, 49.940165195497684), (10.203955419128842, 53.48865262104043, 49.9401651956141), (10.203955419128842, 53.48865262104043, 51.12952356354799), (10.203926780803862, 53.4886395829161, 51.12952356366441), (10.203955419128857, 53.48865262104041, 51.12952356354799), (10.203955419128857, 53.4886526210404, 49.9401651956141), (10.203926780803862, 53.4886395829161, 49.940165195730515), (10.203926780803862, 53.4886395829161, 51.12952356366441), (10.203897963026618, 53.48862646307775, 51.12952356378082), (10.20392678080385, 53.4886395829161, 51.12952356366441), (10.20392678080385, 53.4886395829161, 49.940165195730515), (10.203897963026618, 53.48862646307775, 49.94016519584693), (10.203897963026618, 53.48862646307775, 51.12952356378082), (10.203884760893706, 53.488620452551864, 51.12952356389724), (10.203884760893706, 53.488620452551864, 49.940165195963345), (10.203897963026618, 53.48862646307775, 49.94016519584693), (10.203897963026618, 53.48862646307775, 51.12952356378082), (10.203884760893706, 53.488620452551864, 51.12952356389724), (10.203891427481087, 53.488615244520766, 51.12952356389724), (10.203884760893722, 53.488620452551864, 51.12952356378082), (10.203884760893722, 53.488620452551864, 49.94016519584693), (10.203891427481087, 53.488615244520766, 49.940165195963345), (10.203897872574428, 53.48861020952231, 49.94016519607976), (10.203897872574428, 53.48861020952231, 51.12952356401365), (10.203891427481087, 53.488615244520766, 51.12952356389724), (10.20411206487903, 53.48870838553296, 51.129523563198745), (10.20408350291642, 53.48869528728764, 51.12952356331516), (10.20408350291642, 53.48869528728764, 49.94016519538127), (10.20411206487903, 53.48870838553296, 49.94016519526485), (10.20411206487903, 53.48870838553296, 51.129523563198745), (10.204070232363092, 53.48870518036421, 51.12952356308233), (10.204098792735769, 53.48871827859464, 51.129523562965915), (10.204098792735769, 53.48871827859464, 49.94016519503202), (10.204070232363092, 53.48870518036421, 49.94016519514844), (10.204070232363092, 53.48870518036421, 51.12952356308233), (10.208407004429501, 53.49067499807424, 50.8341153699439), (10.2084070044295, 53.49067499807422, 49.48844617512077), (10.20842276166104, 53.49068301453227, 49.48844617442228), (10.20842276166104, 53.49068301453229, 50.834115369128995), (10.208407004429501, 53.49067499807424, 50.8341153699439), (10.208422761661069, 53.490683014532266, 50.83411536924541), (10.208422761661083, 53.490683014532244, 49.48844617465511), (10.208433702330174, 53.490688580571394, 49.48844617407303), (10.208433702330174, 53.49068858057141, 50.83411536877975), (10.208422761661069, 53.490683014532266, 50.83411536924541), (10.208105042385556, 53.49052137453276, 50.834115382866), (10.208115930327383, 53.490526913818655, 50.83411538251676), (10.208115930327395, 53.49052691381865, 49.48844618781004), (10.208105042385542, 53.490521374532754, 49.4884461882757), (10.208105042385556, 53.49052137453276, 50.834115382866), (10.20811593032741, 53.490526913818655, 50.83411538251676), (10.20814341455696, 53.49054089652434, 50.8341153813526), (10.20814341455696, 53.49054089652434, 49.48844618664589), (10.20811593032741, 53.49052691381864, 49.488446187926456), (10.20811593032741, 53.490526913818655, 50.83411538251676), (10.208143414556943, 53.49054089652434, 50.83411538146902), (10.208143414556943, 53.49054089652434, 49.4884461867623), (10.208170896610758, 53.49055487810747, 49.488446185481735), (10.208170896610758, 53.49055487810747, 50.83411538018845), (10.208143414556943, 53.49054089652434, 50.83411538146902), (10.208170896610786, 53.49055487810749, 50.834115380304866), (10.20819858258723, 53.4905689634211, 50.8341153790243), (10.208198582587242, 53.490568963421076, 49.48844618455041), (10.208170896610788, 53.49055487810747, 49.48844618559815), (10.208170896610786, 53.49055487810749, 50.834115380304866), (10.20819858258723, 53.490568963421076, 50.834115378791466), (10.20819858258723, 53.490568963421076, 49.48844618431758), (10.208225998780824, 53.490582911466326, 49.48844618303701), (10.20822599878084, 53.49058291146633, 50.83411537774373), (10.20819858258723, 53.490568963421076, 50.834115378791466), (10.208225998780824, 53.490582911466326, 50.83411537774373), (10.20825354788241, 53.4905969271131, 50.83411537646316), (10.208253547882427, 53.490596927113096, 49.48844618187286), (10.208225998780824, 53.49058291146631, 49.4884461829206), (10.208225998780824, 53.490582911466326, 50.83411537774373), (10.208253547882427, 53.49059692711311, 50.83411537669599), (10.20828089675337, 53.490610840876684, 50.83411537529901), (10.20828089675337, 53.49061084087668, 49.48844618082512), (10.20825354788241, 53.49059692711309, 49.488446181989275), (10.208253547882427, 53.49059692711311, 50.83411537669599), (10.208280896753372, 53.490610840876705, 50.83411537541542), (10.208308514711657, 53.490624891523034, 50.83411537413485), (10.208308514711655, 53.490624891523034, 49.48844617942814), (10.208280896753385, 53.4906108408767, 49.48844618059229), (10.208280896753372, 53.490610840876705, 50.83411537541542), (10.208308514711657, 53.49062489152305, 50.83411537401844), (10.20833596186622, 53.49063885525727, 50.834115372854285), (10.208335961866231, 53.490638855257245, 49.488446178263985), (10.208308514711641, 53.490624891523034, 49.48844617942814), (10.208308514711657, 53.49062489152305, 50.83411537401844), (10.208335961866233, 53.49063885525726, 50.8341153729707), (10.208335961866219, 53.490638855257224, 49.488446178263985), (10.208352070085944, 53.490647050303444, 49.48844617768191), (10.208352070085944, 53.490647050303444, 50.83411537215579), (10.208335961866233, 53.49063885525726, 50.8341153729707), (10.208352070085944, 53.490647050303444, 50.83411537227221), (10.208379666108202, 53.490661089749146, 50.834115371108055), (10.208379666108188, 53.490661089749125, 49.488446176284924), (10.20835207008596, 53.49064705030344, 49.48844617756549), (10.208352070085944, 53.490647050303444, 50.83411537227221), (10.208379666108172, 53.490661089749125, 50.834115371108055), (10.208407004429484, 53.49067499807422, 50.83411536982749), (10.208407004429498, 53.4906749980742, 49.48844617512077), (10.208379666108188, 53.49066108974912, 49.48844617640134), (10.208379666108172, 53.490661089749125, 50.834115371108055), (10.20799222571527, 53.4908816038257, 51.259114942280576), (10.207992225715259, 53.4908816038257, 50.008726831525564), (10.20796445461529, 53.49086761877586, 50.00872683140915), (10.207964454615306, 53.490867618775866, 51.25911494216416), (10.20799222571527, 53.4908816038257, 51.259114942280576), (10.207997758246123, 53.49088438991152, 51.25911494239699), (10.207997758246123, 53.49088438991152, 50.008726831525564), (10.207992225715259, 53.49088160382572, 50.008726831525564), (10.207992225715271, 53.49088160382572, 51.259114942280576), (10.207997758246123, 53.49088438991152, 51.25911494239699), (10.207964454615306, 53.490867618775866, 51.259114942280576), (10.20796445461529, 53.490867618775866, 50.008726831525564), (10.207936855189482, 53.49085372016258, 50.00872683129273), (10.207936855189496, 53.49085372016258, 51.259114942047745), (10.207964454615306, 53.490867618775866, 51.259114942280576), (10.20793685518951, 53.49085372016258, 51.25911494216416), (10.207936855189496, 53.49085372016258, 50.008726831525564), (10.20790935998791, 53.4908398740194, 50.00872683140915), (10.207909359987896, 53.4908398740194, 51.25911494216416), (10.20793685518951, 53.49085372016258, 51.25911494216416), (10.20790935998791, 53.4908398740194, 51.259114942047745), (10.207909359987896, 53.4908398740194, 50.00872683140915), (10.207881764861645, 53.49082597754019, 50.00872683140915), (10.20788176486166, 53.490825977540204, 51.25911494216416), (10.20790935998791, 53.4908398740194, 51.259114942047745), (10.20788176486166, 53.490825977540204, 51.25911494193133), (10.207881764861645, 53.49082597754019, 50.00872683117632), (10.207854165489001, 53.490812078907, 50.00872683117632), (10.207854165488977, 53.490812078907005, 51.259114941814914), (10.20788176486166, 53.490825977540204, 51.25911494193133), (10.207854165488989, 53.490812078907, 51.259114942047745), (10.207826472590568, 53.49079813315995, 51.25911494193133), (10.207826472590554, 53.49079813315995, 50.00872683117632), (10.207854165488989, 53.490812078907, 50.00872683117632), (10.207854165488989, 53.490812078907, 51.259114942047745), (10.207826472590554, 53.49079813315995, 51.25911494193133), (10.207826472590568, 53.49079813315995, 50.00872683117632), (10.20779887538621, 53.49078423558746, 50.00872683117632), (10.207798875386223, 53.49078423558746, 51.25911494193133), (10.207826472590554, 53.49079813315995, 51.25911494193133), (10.207798875386208, 53.49078423558745, 51.2591149416985), (10.207770891226133, 53.490770143133446, 51.2591149416985), (10.207770891226131, 53.49077014313346, 50.00872683082707), (10.207798875386224, 53.49078423558744, 50.00872683094349), (10.207798875386208, 53.49078423558745, 51.2591149416985), (10.207770891226133, 53.490770143133446, 51.2591149416985), (10.207765558990092, 53.49076745788788, 51.2591149416985), (10.207765558990078, 53.49076745788788, 50.00872683094349), (10.207770891226117, 53.490770143133446, 50.0087268310599), (10.207770891226133, 53.490770143133446, 51.2591149416985), (10.208086900542236, 53.49092497983681, 51.11431752925273), (10.208086900542222, 53.49092497983681, 50.017171092447825), (10.208065398717194, 53.49091420100956, 50.01717109233141), (10.20806539871721, 53.49091420100957, 51.11431752925273), (10.208086900542236, 53.49092497983681, 51.11431752925273), (10.208122685229174, 53.49094291861688, 51.114317529369146), (10.208122685229188, 53.49094291861688, 50.017171092447825), (10.20810563190766, 53.49093436982985, 50.01717109233141), (10.208105631907674, 53.49093436982985, 51.11431752925273), (10.208122685229174, 53.49094291861688, 51.114317529369146), (10.208357175621513, 53.491060467458624, 51.11431753006764), (10.208357175621515, 53.491060467458624, 50.01717109326273), (10.208337403631834, 53.49105055590388, 50.0171710930299), (10.208337403631822, 53.49105055590388, 51.11431752995122), (10.208357175621513, 53.491060467458624, 51.11431753006764), (10.20833740363182, 53.49105055590388, 51.11431752995122), (10.20833740363182, 53.49105055590388, 50.01717109314632), (10.208320027903552, 53.49104184557102, 50.0171710930299), (10.208320027903552, 53.49104184557102, 51.11431752983481), (10.20833740363182, 53.49105055590388, 51.11431752995122), (10.208320027903552, 53.49104184557102, 51.11431753006764), (10.208320027903568, 53.49104184557101, 50.01717109314632), (10.208302832237791, 53.49103322549619, 50.01717109314632), (10.208302832237791, 53.49103322549619, 51.11431752995122), (10.208320027903552, 53.49104184557102, 51.11431753006764), (10.208302832237807, 53.49103322549618, 51.11431753006764), (10.208302832237791, 53.49103322549619, 50.01717109314632), (10.208285515494063, 53.49102454471968, 50.0171710930299), (10.208285515494053, 53.49102454471968, 51.11431752995122), (10.208302832237807, 53.49103322549618, 51.11431753006764), (10.208285515494055, 53.49102454471969, 51.11431752971839), (10.208285515494055, 53.49102454471969, 50.01717109279707), (10.208268260872007, 53.49101589507832, 50.017171092680655), (10.208268260871993, 53.49101589507831, 51.114317529601976), (10.208285515494055, 53.49102454471969, 51.11431752971839), (10.208268260871979, 53.491015895078334, 51.11431752971839), (10.208250823686882, 53.49100715391304, 51.11431752971839), (10.208250823686868, 53.49100715391304, 50.01717109279707), (10.208268260871979, 53.49101589507832, 50.01717109279707), (10.208268260871979, 53.491015895078334, 51.11431752971839), (10.208250823686882, 53.49100715391302, 51.11431752971839), (10.208234765680091, 53.49099910411677, 51.114317529601976), (10.208234765680091, 53.49099910411677, 50.017171092680655), (10.208250823686882, 53.491007153913024, 50.01717109279707), (10.208250823686882, 53.49100715391302, 51.11431752971839), (10.208234765680105, 53.49099910411677, 51.114317529601976), (10.208234765680091, 53.49099910411677, 50.017171092680655), (10.208217851142958, 53.490990624940586, 50.01717109256424), (10.208217851142944, 53.490990624940586, 51.11431752948556), (10.208234765680105, 53.49099910411677, 51.114317529601976), (10.208217851142944, 53.490990624940586, 51.114317529601976), (10.208217851142932, 53.490990624940586, 50.01717109279707), (10.20821390886076, 53.490988648692635, 50.01717109279707), (10.20821390886076, 53.490988648692635, 51.114317529601976), (10.208217851142944, 53.490990624940586, 51.114317529601976), (10.20821390886076, 53.49098864869262, 51.114317529601976), (10.20821390886076, 53.490988648692635, 50.017171092680655), (10.208196281628934, 53.49097981223841, 50.017171092680655), (10.208196281628918, 53.49097981223841, 51.11431752948556), (10.20821390886076, 53.49098864869262, 51.114317529601976), (10.208196281628918, 53.49097981223841, 51.11431752948556), (10.208196281628918, 53.49097981223841, 50.01717109256424), (10.208177797026174, 53.490970545981114, 50.01717109256424), (10.208177797026204, 53.49097054598114, 51.114317529369146), (10.208196281628918, 53.49097981223841, 51.11431752948556), (10.20817779702619, 53.49097054598115, 51.11431752948556), (10.20817779702619, 53.49097054598114, 50.017171092680655), (10.208159870418772, 53.490961559438034, 50.01717109256424), (10.208159870418772, 53.49096155943801, 51.11431752948556), (10.20817779702619, 53.49097054598115, 51.11431752948556), (10.208159870418772, 53.49096155943804, 51.11431752948556), (10.208159870418772, 53.49096155943804, 50.01717109256424), (10.20814063168402, 53.49095191512299, 50.017171092447825), (10.208140631684035, 53.490951915123, 51.114317529369146), (10.208159870418772, 53.49096155943804, 51.11431752948556), (10.20814063168405, 53.49095191512299, 51.114317529369146), (10.208122685229176, 53.490942918616874, 51.11431752925273), (10.208122685229188, 53.49094291861688, 50.01717109233141), (10.20814063168405, 53.49095191512299, 50.017171092447825), (10.20814063168405, 53.49095191512299, 51.114317529369146), (10.208370520094192, 53.49106715694132, 50.92397887154948), (10.208370520094178, 53.49106715694132, 50.039843690698035), (10.208405360522741, 53.49110834913239, 50.10317976924125), (10.208405381188486, 53.49110837356567, 50.28846221161075), (10.208370520094192, 53.49106715694132, 50.92397887154948), (10.208370520094183, 53.49106715694132, 50.03984369058162), (10.208357175621499, 53.49106046745862, 50.01717109326273), (10.208357175621513, 53.491060467458624, 51.11431753006764), (10.208370520094196, 53.49106715694132, 50.92397887154948), (10.208370520094183, 53.49106715694132, 50.03984369058162), (10.208105631907674, 53.49093436982983, 51.11431752925273), (10.208105631907674, 53.49093436982983, 50.017171092447825), (10.208086900542224, 53.49092497983681, 50.01717109233141), (10.208086900542224, 53.49092497983681, 51.11431752925273), (10.208105631907674, 53.49093436982983, 51.11431752925273), (10.208065398717196, 53.49091420100957, 51.1143175290199), (10.20806539871718, 53.49091420100956, 50.01717109209858), (10.2080516011323, 53.490907284299475, 50.01717109209858), (10.208051601132313, 53.490907284299475, 51.1143175290199), (10.208065398717196, 53.49091420100957, 51.1143175290199), (10.208051601132313, 53.490907284299475, 51.1143175290199), (10.208051601132313, 53.490907284299475, 50.01717109209858), (10.208038040510269, 53.490900486374734, 50.01717109209858), (10.208038040510269, 53.490900486374734, 51.1143175290199), (10.208051601132313, 53.490907284299475, 51.1143175290199), (10.209938305347519, 53.49156094834758, 54.3854172648862), (10.209926374180377, 53.491555606555536, 54.388119923183694), (10.209926386206853, 53.491555639700756, 55.43280374025926), (10.209938317374007, 53.491560981492796, 55.430101081961766), (10.209938305347519, 53.49156094834758, 54.3854172648862), (10.209934292782057, 53.4915493164736, 54.39018900715746), (10.209946223948434, 53.49155465826489, 54.38748634897638), (10.209946235974925, 53.49155469141011, 55.43217016593553), (10.209934304808522, 53.49154934961883, 55.434872824233025), (10.209934292782057, 53.4915493164736, 54.39018900715746), (10.209946235975066, 53.491554691410016, 55.43217016605195), (10.20994622394858, 53.4915546582648, 54.38748634903459), (10.209938305347505, 53.49156094834751, 54.38541726506082), (10.209938317373986, 53.491560981492725, 55.43010108207818), (10.209946235975066, 53.491554691410016, 55.43217016605195), (10.209934292782041, 53.49154931647356, 54.39018900715746), (10.209934304808508, 53.4915493496188, 55.43487282411661), (10.20992638620677, 53.49155563970062, 55.43280374025926), (10.20992637418031, 53.491555606555394, 54.38811992306728), (10.209934292782041, 53.49154931647356, 54.39018900715746), (10.204033863613777, 53.488997716626294, 54.66222736227792), (10.204027635288606, 53.48900226965419, 54.662835352355614), (10.204027635932633, 53.48900228123714, 53.61814551753923), (10.204033864257807, 53.488997728209256, 53.61753752734512), (10.204033863613777, 53.488997716626294, 54.66222736227792), (10.20401607640675, 53.48899665677852, 53.61734219326172), (10.204027635932624, 53.48900228123714, 53.61814551742282), (10.204027635288606, 53.489002269654186, 54.6628353522392), (10.204016075762743, 53.48899664519555, 54.6620320280781), (10.20401607640675, 53.48899665677852, 53.61734219326172), (10.204083038082585, 53.488856350791465, 53.76189980574418), (10.204095256560683, 53.48886145579618, 53.762473308248445), (10.204095278240848, 53.488861427858474, 54.80715832405258), (10.204083059762757, 53.48885632285377, 54.80658482154831), (10.204083038082585, 53.488856350791465, 53.76189980574418), (10.204095278240857, 53.48886142785848, 54.80715832405258), (10.204095256560691, 53.48886145579618, 53.762473308248445), (10.204089603496072, 53.48886626835862, 53.764583007083274), (10.204089625176236, 53.48886624042091, 54.80926802277099), (10.204095278240857, 53.48886142785848, 54.80715832405258), (10.20402230473239, 53.48899210375118, 53.61673420330044), (10.204022304088369, 53.488992092168225, 54.66142403811682), (10.204016075762766, 53.48899664519553, 54.66203202831093), (10.204016076406786, 53.488996656778475, 53.61734219349455), (10.20402230473239, 53.48899210375118, 53.61673420330044), (10.204022304732378, 53.48899210375119, 53.61673420330044), (10.204033864257807, 53.48899772820923, 53.61753752734512), (10.204033863613796, 53.48899771662626, 54.6622273621615), (10.204022304088358, 53.488992092168225, 54.661424038000405), (10.204022304732378, 53.48899210375119, 53.61673420330044), (10.204083038082592, 53.48885635079147, 53.76189980562776), (10.20407738501725, 53.48886116335335, 53.76400950446259), (10.204077406697428, 53.48886113541564, 54.80869452026673), (10.20408305976276, 53.48885632285377, 54.8065848214319), (10.204083038082592, 53.48885635079147, 53.76189980562776), (10.204077385017232, 53.48886116335335, 53.76400950434618), (10.204089603496065, 53.48886626835862, 53.76458300696686), (10.204089625176236, 53.48886624042091, 54.80926802277099), (10.20407740669742, 53.48886113541564, 54.80869452015031), (10.204077385017232, 53.48886116335335, 53.76400950434618), (10.19956746451943, 53.487496016636136, 54.48396071442403), (10.199567430859389, 53.487495946797004, 53.439301369246095), (10.199564218409305, 53.48750139927604, 53.435244899243116), (10.199564252069349, 53.48750146911517, 54.479904244537465), (10.19956746451943, 53.487496016636136, 54.48396071442403), (10.199550144075129, 53.48749844988532, 53.43968253501225), (10.199550177735157, 53.487498519724475, 54.4843418803066), (10.199553390186736, 53.487493067245964, 54.48839835007675), (10.199553356526712, 53.48749299740683, 53.4437390047824), (10.199550144075129, 53.48749844988532, 53.43968253501225), (10.199564218409286, 53.487501399276034, 53.4352448991267), (10.199564252069333, 53.48750146911517, 54.479904244304635), (10.199550177735176, 53.487498519724475, 54.484341879957356), (10.19955014407517, 53.48749844988534, 53.43968253477942), (10.199564218409286, 53.487501399276034, 53.4352448991267), (10.199553356526696, 53.48749299740685, 53.443739004665986), (10.199567430859277, 53.48749594679719, 53.439301369013265), (10.199567464519337, 53.48749601663632, 54.483960714307614), (10.199553390186733, 53.48749306724599, 54.488398349960335), (10.199553356526696, 53.48749299740685, 53.443739004665986), (10.199613301348666, 53.48741633491905, 54.26758467499167), (10.199599350922826, 53.487413182972816, 54.26470344152767), (10.19959935525125, 53.48741309901545, 55.30935227056034), (10.199613305677065, 53.48741625096167, 55.31223350390792), (10.199613301348666, 53.48741633491905, 54.26758467499167), (10.199604022979905, 53.48740582789268, 54.25730090588331), (10.19960402730831, 53.487405743935305, 55.30194973468315), (10.199617977732082, 53.48740889588102, 55.304830968147144), (10.199617973403694, 53.48740897983839, 54.26018213934731), (10.199604022979905, 53.48740582789268, 54.25730090588331), (10.199617977732185, 53.48740889588088, 55.304830968147144), (10.199617973403795, 53.48740897983825, 54.26018213923089), (10.19961330134865, 53.487416334919054, 54.26758467499167), (10.199613305677044, 53.48741625096169, 55.312233504024334), (10.199617977732185, 53.48740889588088, 55.304830968147144), (10.199604022979912, 53.48740582789268, 54.2573009057669), (10.19959935092276, 53.487413182972816, 54.26470344152767), (10.199599355251182, 53.48741309901545, 55.30935227056034), (10.199604027308315, 53.48740574393529, 55.30194973468315), (10.199604022979912, 53.48740582789268, 54.2573009057669), (10.19617492254241, 53.48696543030972, 52.89725160726812), (10.196176613999798, 53.4869598849208, 52.90117757045664), (10.196176680446902, 53.48695995187703, 53.94583233457524), (10.19617498898952, 53.48696549726595, 53.94190637150314), (10.19617492254241, 53.48696543030972, 52.89725160726812), (10.19618986000088, 53.48696705075317, 52.89178218902089), (10.19617492254241, 53.48696543030974, 52.89725160726812), (10.196174988989519, 53.48696549726598, 53.94190637150314), (10.196189926448026, 53.4869671177094, 53.93643695313949), (10.19618986000088, 53.48696705075317, 52.89178218902089), (10.19619155145639, 53.486961505363944, 52.89570815209299), (10.196191617903523, 53.486961572320176, 53.94036291632801), (10.19618992644803, 53.4869671177093, 53.93643695337232), (10.196189860000894, 53.48696705075307, 52.8917821891373), (10.19619155145639, 53.486961505363944, 52.89570815209299), (10.19617661399982, 53.48695988492078, 52.90117757022381), (10.196191551456396, 53.486961505364036, 52.89570815197658), (10.196191617903537, 53.48696157232025, 53.94036291609518), (10.19617668044692, 53.48695995187702, 53.94583233445883), (10.19617661399982, 53.48695988492078, 52.90117757022381), (10.207728726044326, 53.49074819117973, 51.40581183170434), (10.207719751110883, 53.49075452973265, 51.405811831355095), (10.207719751110883, 53.49075452973265, 50.03616065811366), (10.207728726044326, 53.49074819117972, 50.03616065857932), (10.207728726044326, 53.49074819117973, 51.40581183170434), (10.207728726044346, 53.49074819117969, 50.036160658462904), (10.207766163781827, 53.490767044359586, 50.03616065601818), (10.207766163781839, 53.49076704435959, 51.405811829143204), (10.207728726044362, 53.49074819117971, 51.40581183170434), (10.207728726044346, 53.49074819117969, 50.036160658462904), (10.207719751110883, 53.49075452973265, 51.405811831355095), (10.207710998349265, 53.49075860662771, 51.40581183123868), (10.207710998349237, 53.4907586066277, 50.03616065788083), (10.207719751110869, 53.49075452973265, 50.03616065811366), (10.207719751110883, 53.49075452973265, 51.405811831355095), (10.20771099834925, 53.4907586066277, 51.40581183100585), (10.207701185363012, 53.49076148542626, 51.40581183100585), (10.207701185363014, 53.490761485426255, 50.03616065776441), (10.207710998349265, 53.4907586066277, 50.03616065776441), (10.20771099834925, 53.4907586066277, 51.40581183100585), (10.207701185363014, 53.490761485426276, 51.405811830889434), (10.207690708894749, 53.490762422000735, 51.40581183100585), (10.207690708894749, 53.490762422000735, 50.03616065776441), (10.207701185363014, 53.490761485426255, 50.03616065776441), (10.207701185363014, 53.490761485426276, 51.405811830889434), (10.20769070889476, 53.490762422000735, 51.40581183100585), (10.207678967815903, 53.49076248216391, 51.405811831122264), (10.207678967815914, 53.49076248216388, 50.03616065788083), (10.207690708894757, 53.49076242200073, 50.03616065776441), (10.20769070889476, 53.490762422000735, 51.40581183100585), (10.204019621869405, 53.48893400682537, 56.05990865221247), (10.204019625251298, 53.488934008459424, 55.561400074278936), (10.20402326106758, 53.488931331959904, 55.56140007439535), (10.204023257685686, 53.48893133032584, 56.05990865221247), (10.204019621869405, 53.48893400682537, 56.05990865221247), (10.204031050616335, 53.48899571799649, 56.48489757289644), (10.20403105399823, 53.48899571963053, 55.98638899496291), (10.204034689819006, 53.48899304313068, 55.986388995079324), (10.204034686437101, 53.488993041496606, 56.48489757289644), (10.204031050616335, 53.48899571799649, 56.48489757289644), (10.204012322703035, 53.48893031252864, 58.52247614890803), (10.204012326084925, 53.48893031416269, 58.02396757097449), (10.204015961901357, 53.48892763766339, 58.02396757097449), (10.204015958519465, 53.48892763602934, 58.52247614890803), (10.204012322703035, 53.48893031252864, 58.52247614890803), (10.204100491390951, 53.4888629614473, 54.7166511019459), (10.204100494955709, 53.48886296293668, 54.21814252412878), (10.204103808888213, 53.48886014171015, 54.218142524245195), (10.204103805323454, 53.48886014022075, 54.7166511019459), (10.204100491390951, 53.4888629614473, 54.7166511019459), (10.204038145565784, 53.488999420066996, 54.48986992822029), (10.20403814894768, 53.48899942170105, 53.99136135028675), (10.204041784768327, 53.488996745200964, 53.99136135040317), (10.204041781386419, 53.48899674356691, 54.48986992822029), (10.204038145565784, 53.488999420066996, 54.48986992822029), (10.204019621869396, 53.48893400682537, 55.26851806603372), (10.20401962525129, 53.488934008459424, 54.770009488100186), (10.20402326106757, 53.488931331959904, 54.7700094882166), (10.204023257685675, 53.48893133032584, 55.26851806603372), (10.204019621869396, 53.48893400682537, 55.26851806603372), (10.204800439685911, 53.4891044715931, 54.734344153665006), (10.204806594792949, 53.48909982355707, 54.721903514117), (10.204806771372967, 53.489099682046536, 55.76103669917211), (10.204800616265988, 53.48910433008257, 55.77347733825445), (10.204800439685911, 53.4891044715931, 54.734344153665006), (10.204906579761072, 53.48902835871686, 54.655921294004656), (10.204906571447438, 53.489028355351685, 54.1360262503149), (10.204909752816388, 53.489025559783215, 54.1360262503149), (10.204909761130022, 53.48902556314837, 54.655921294004656), (10.204906579761072, 53.48902835871686, 54.655921294004656), (10.204809829278615, 53.48910704332488, 54.61688021838199), (10.204809820964963, 53.489107039959706, 54.09698517457582), (10.204813002346125, 53.48910424439377, 54.096985174692236), (10.204813010659773, 53.489104247758945, 54.61688021826558), (10.204809829278615, 53.48910704332488, 54.61688021838199), (10.204897447150541, 53.489025803251835, 54.814567832276225), (10.204897650987188, 53.48902572699828, 55.82885873736814), (10.204904123583423, 53.48902123447685, 55.81895068427548), (10.204903919746847, 53.48902131073038, 54.804659778717905), (10.204897447150541, 53.489025803251835, 54.814567832276225), (10.205186555469647, 53.489083292164274, 54.87328427890316), (10.20518643703925, 53.48908331134928, 55.85753652174026), (10.205180451193645, 53.48908803852199, 55.853224703110754), (10.205180569624039, 53.48908801933702, 54.86897245980799), (10.205186555469647, 53.489083292164274, 54.87328427890316), (10.206636057191277, 53.49025441548556, 53.00163361604791), (10.206631363954793, 53.49025776920138, 53.000967247760855), (10.206631328552664, 53.490257784155496, 55.03037042869255), (10.206636021789153, 53.49025443043967, 55.031036796746776), (10.206636057191277, 53.49025441548556, 53.00163361604791), (10.206551058480882, 53.490092475083074, 52.55358840338886), (10.206546365255313, 53.49009582879562, 52.55292203521822), (10.206546320802865, 53.49009584757269, 55.1011358932592), (10.20655101402844, 53.49009249386017, 55.10180226142984), (10.206551058480882, 53.490092475083074, 52.55358840338886), (10.207134892017152, 53.49023324208414, 55.178277570637874), (10.207131139510764, 53.490235898828885, 55.17827757069608), (10.207131243481955, 53.49023595106003, 54.65034342079889), (10.207134995988346, 53.490233294315274, 54.65034342079889), (10.207134892017152, 53.49023324208414, 55.178277570637874), (10.199557747278796, 53.4874934899346, 56.34648121020291), (10.199559503828507, 53.48749021052424, 56.346481210086495), (10.19955947285968, 53.48749020462376, 55.8239003540948), (10.199557716309961, 53.48749348403408, 55.82390035421122), (10.199557747278796, 53.4874934899346, 56.34648121020291), (10.199599327139197, 53.48741768434806, 57.19329746905714), (10.199599296170419, 53.48741767844756, 56.670716612949036), (10.199601052713874, 53.4874143990366, 56.67071661306545), (10.199601083682655, 53.48741440493712, 57.19329746905714), (10.199599327139197, 53.48741768434806, 57.19329746905714), (10.197187850180976, 53.48686538229244, 54.324953805073164), (10.197187912050707, 53.4868653905423, 53.8174933338305), (10.197186635215244, 53.48686879683089, 53.8174933338305), (10.197186573345508, 53.48686878858104, 54.324953805073164), (10.197187850180976, 53.48686538229244, 54.324953805073164), (10.197164857473764, 53.48692432047549, 54.32447067904286), (10.197164919343571, 53.48692432872532, 53.81701020791661), (10.197163642504568, 53.48692773501368, 53.817010207800195), (10.19716358063475, 53.48692772676383, 54.32447067904286), (10.197164857473764, 53.48692432047549, 54.32447067904286), (10.197196122662852, 53.48687127036101, 54.35033866844606), (10.197198290003893, 53.48686548929538, 54.347909358446486), (10.197198258017536, 53.4868654515583, 55.33389766816981), (10.197196090676501, 53.48687123262394, 55.33632697816938), (10.197196122662852, 53.48687127036101, 54.35033866844606), (10.197173739655314, 53.48692907492715, 54.43934280646499), (10.197173633693623, 53.48692902089206, 55.42529893969186), (10.197175801073211, 53.48692323984859, 55.422402704600245), (10.197175907034888, 53.486923293883656, 54.43644657137338), (10.197173739655314, 53.48692907492715, 54.43934280646499), (10.209175027070701, 53.491406803176595, 53.36276698671281), (10.209170300806145, 53.491410105566935, 53.370394954807125), (10.209170335663465, 53.49141003402366, 53.84888844867237), (10.209175061928022, 53.491406731633326, 53.84126048057806), (10.209175027070701, 53.491406803176595, 53.36276698671281), (10.209924145116625, 53.49156132562861, 55.47869260387961), (10.20992416069506, 53.491561365372334, 56.7117978624301), (10.209930005537714, 53.4915568799111, 56.713262364501134), (10.20992998995927, 53.49155684016739, 55.48015710595064), (10.209924145116625, 53.49156132562861, 55.47869260387961), (10.204029326262805, 53.488996360653665, 54.70226009411272), (10.20402932676827, 53.488996347597684, 55.93537285819184), (10.204035409257743, 53.488991976109325, 55.934788938611746), (10.204035408752285, 53.48899198916528, 54.70167617453262), (10.204029326262805, 53.488996360653665, 54.70226009411272), (10.204090945185213, 53.488860359411426, 54.847416967968456), (10.204090972113494, 53.48886032699408, 56.08052401873283), (10.204096502004328, 53.48885570184707, 56.078487167251296), (10.204096475076046, 53.48885573426444, 54.84538011660334), (10.204090945185213, 53.488860359411426, 54.847416967968456), (10.199557098722954, 53.487494477302306, 54.51377935509663), (10.199557134601317, 53.487494560667415, 55.74685579352081), (10.199560033182893, 53.48748914963475, 55.7510128718568), (10.199559997304524, 53.48748906626961, 54.517936433432624), (10.199557098722954, 53.487494477302306, 54.51377935509663), (10.196187146541902, 53.48696171587781, 53.968974957824685), (10.196188851229643, 53.486956127107476, 53.972931633121334), (10.1961889311731, 53.48695620630409, 55.20600236020982), (10.196187226485364, 53.48696179507443, 55.20204568468034), (10.196187146541902, 53.48696171587781, 53.968974957824685), (10.199600206374617, 53.48741900251386, 55.35114514105953), (10.199600212239858, 53.487418903598765, 56.58420958905481), (10.199603029519343, 53.48741347740595, 56.578762344433926), (10.199603023654106, 53.487413576321025, 55.34569789643865), (10.199600206374617, 53.48741900251386, 55.35114514105953), (10.21000092275849, 53.49150603085653, 57.24682054365985), (10.210000903532356, 53.491506021946705, 56.682382068713196), (10.210005127201839, 53.49150278055401, 56.682382068713196), (10.210005146427989, 53.49150278946383, 57.24682054365985), (10.21000092275849, 53.49150603085653, 57.24682054365985), (10.209924274014488, 53.4915606512901, 57.33542969694827), (10.209924254788326, 53.49156064238026, 56.77099122200161), (10.20992847846907, 53.49155740099025, 56.77099122211803), (10.209928497695225, 53.49155740990008, 57.33542969694827), (10.209924274014488, 53.4915606512901, 57.33542969694827), (10.209995622579724, 53.49150155256926, 55.24066900461912), (10.209995603353576, 53.49150154365944, 54.67623052978888), (10.209999827023042, 53.49149830226692, 54.67623052978888), (10.209999846249179, 53.491498311176734, 55.24066900461912), (10.209995622579724, 53.49150155256926, 55.24066900461912), (10.20991659463271, 53.49155709248873, 55.35990996484179), (10.209920818313686, 53.49155385109899, 55.35990996484179), (10.209920799087524, 53.491553842189134, 54.795471489895135), (10.20991657540655, 53.49155708357889, 54.795471489895135), (10.20991659463271, 53.49155709248873, 55.35990996484179), (10.210007927402545, 53.49150139427175, 55.33797913743183), (10.210001836973932, 53.49150607399785, 55.33724653581157), (10.21000177481306, 53.49150606198761, 56.66261741146445), (10.210007865241657, 53.49150138226152, 56.66335001355037), (10.210007927402545, 53.49150139427175, 55.33797913743183), (10.207144076519974, 53.49023606083387, 55.330756581388414), (10.207137852943879, 53.49024067775675, 55.330463357735425), (10.207137578918195, 53.490240553177486, 56.655644113663584), (10.207143802494278, 53.49023593625463, 56.65593733731657), (10.207144076519974, 53.49023606083387, 55.330756581388414), (10.204800439685911, 53.4891044715931, 55.982350543607026), (10.204800664867468, 53.48910429113354, 57.30749218678102), (10.204806819974442, 53.489099643097525, 57.29505154769868), (10.204806594792949, 53.48909982355707, 55.96990990405902), (10.204800439685911, 53.4891044715931, 55.982350543607026), (10.204013460624198, 53.48892990959904, 56.628406091593206), (10.204013650503898, 53.48892976716573, 57.95362942293286), (10.204019552195085, 53.488925003214504, 57.94356806250289), (10.204019362315444, 53.48892514564781, 56.61834473116323), (10.204013460624198, 53.48892990959904, 56.628406091593206), (10.205476359119274, 53.489311031624894, 52.9569026776735), (10.205476359119274, 53.48931103162488, 51.10201146457621), (10.205319363082314, 53.4893372868554, 52.87214658707671), (10.205319363082314, 53.4893372868554, 50.14431197162776), (10.205331458554765, 53.489347165021954, 52.281896164331556), (10.205331458554765, 53.489347165021954, 50.18167092747899), (10.205867830725548, 53.489603767808546, 52.23895018274199), (10.205867830725548, 53.48960376780856, 50.12288389744937), (10.205878291158982, 53.489608580884536, 50.12353501233156), (10.205878291158978, 53.48960858088452, 52.74466356859557), (10.206674783345688, 53.49000378929437, 50.10810803288766), (10.206674783345687, 53.49000378929438, 52.203281887748716), (10.20643266762428, 53.49018230825165, 55.88739224128915), (10.20643266762428, 53.49018230825165, 51.12544393034227), (10.207002901813423, 53.49016693338377, 52.184983687687236), (10.207002901813423, 53.49016693338376, 50.02125153411498), (10.207222209169375, 53.49007680745465, 52.68131532458551), (10.207222209169377, 53.49007680745464, 50.082303695755286), (10.207240029203316, 53.49028557139505, 51.975718968664296), (10.207240029203312, 53.49028557139505, 50.0021911044023), (10.209281405711314, 53.491396856778636, 49.707916050218046), (10.209281405711314, 53.491396856778636, 52.704502643071464), (10.202748877369206, 53.48843643031604, 52.755177836006624), (10.20274887736921, 53.48843643031604, 49.62963252479676), (10.202272874832701, 53.48824967217655, 53.21950053671026), (10.202272874832701, 53.48824967217655, 49.63184949697461), (10.20223241138331, 53.488237827809286, 49.83310352683475), (10.20223241138331, 53.488237827809286, 53.3026894719078), (10.202393129199416, 53.48816417647619, 51.04748727448077), (10.202393129199416, 53.4881641764762, 50.00376005565158), (10.202371594087067, 53.488090136099345, 53.067733846299234), (10.202371594087067, 53.488090136099345, 49.83936137199635), (10.201402650152534, 53.487961955787824, 53.05514455465163), (10.201402650152534, 53.487961955787824, 49.75295099640789), (10.202511497841202, 53.48804568714699, 50.009911435161484), (10.202511497841202, 53.48804568714699, 52.76412655884633), (10.200504416347494, 53.4877148455674, 49.65918499894906), (10.200504416347494, 53.487714845567396, 53.320225828749244), (10.199187297820263, 53.48741655672015, 49.54994239084044), (10.199187297820265, 53.48741655672015, 52.81602982115146), (10.196275025321194, 53.48698081784579, 48.77965990049104), (10.196275025321196, 53.4869808178458, 52.00455510915761), (10.204529828290278, 53.48907066404212, 52.25574369401287), (10.204529828290278, 53.48907066404212, 51.78248852040872), (10.204529828290275, 53.489070664042124, 51.27558206683024), (10.204427310340838, 53.489023568586774, 52.247912008862315), (10.204427310340838, 53.489023568586774, 51.775683462198), (10.204427310340838, 53.489023568586774, 51.28722182471137), (10.204774071894144, 53.4891830988008, 52.26095897992069), (10.204774071894144, 53.4891830988008, 51.79077034392492), (10.204774071894144, 53.4891830988008, 51.24814369034356), (10.204811578830233, 53.4892002952118, 52.26669246002193), (10.204811578830233, 53.4892002952118, 51.79650382402616), (10.204811578830233, 53.4892002952118, 51.243843064675545), (10.204830379049518, 53.48920891484238, 52.26956634493797), (10.204830379049518, 53.48920891484238, 51.7993777089422), (10.204830379049518, 53.48920891484238, 51.24168739254214), (10.204852942439059, 53.48921925054358, 52.2670573703717), (10.204852942439059, 53.48921925054358, 51.793347498903024), (10.204852942439059, 53.48921925054358, 51.239088577944486), (10.20486905101314, 53.48922663211384, 52.267437983496876), (10.20486905101314, 53.48922663211384, 51.7937281120282), (10.20486905101314, 53.48922663211384, 51.23723655577619), (10.20488509900676, 53.48923398591905, 52.26781716509672), (10.20488509900676, 53.48923398591905, 51.794107293628045), (10.20488509900676, 53.48923398591905, 51.23539149924914), (10.204901207586671, 53.48924136748248, 52.26819777809654), (10.204901207586671, 53.48924136748248, 51.794487906627865), (10.204901207586671, 53.48924136748248, 51.23353947768821), (10.204917225327744, 53.48924870741535, 52.268576244628385), (10.204917225327744, 53.48924870741535, 51.79486637315971), (10.204917225327744, 53.48924870741535, 51.231697900600906), (10.204933218327492, 53.48925603600611, 52.268954126443084), (10.204933218327492, 53.48925603600611, 51.795244254974406), (10.204933218327492, 53.48925603600611, 51.229859168689565), (10.204594170603634, 53.48910037709167, 52.26154813557594), (10.204594170603634, 53.48910037709167, 51.786324480359596), (10.204594170603634, 53.48910037709167, 51.26847145075824), (10.204627135911705, 53.48911548250218, 52.257348379945135), (10.204627135911705, 53.48911548250218, 51.78324024263587), (10.204627135911705, 53.48911548250218, 51.26468045956824), (10.204611964418211, 53.489108538723336, 52.26210985116993), (10.204611964418211, 53.489108538723336, 51.78637612889784), (10.204611964418211, 53.489108538723336, 51.26643537350822), (10.204644864425388, 53.489123617812666, 52.25834592649758), (10.204644864425388, 53.489123617812666, 51.78423778918832), (10.204644864425388, 53.489123617812666, 51.26265642764864), (10.204680565726802, 53.4891400005092, 52.260354763238546), (10.204680565726802, 53.4891400005092, 51.78624662592928), (10.204680565726802, 53.4891400005092, 51.25858047782491), (10.20470287259247, 53.489150286596754, 52.261128191322165), (10.20470287259247, 53.489150286596754, 51.787488654098645), (10.20470287259247, 53.489150286596754, 51.25609635596967), (10.204721595162036, 53.48915890293734, 52.26328717690691), (10.204721595162036, 53.48915890293734, 51.78964763968339), (10.204721595162036, 53.48915890293734, 51.25399009957436), (10.20474039872327, 53.48916755654469, 52.26545550113453), (10.20474039872327, 53.48916755654469, 51.79181596391101), (10.20474039872327, 53.48916755654469, 51.251874732625154), (10.204792818467503, 53.48919169384842, 52.263824666597166), (10.204792818467503, 53.48919169384842, 51.7936360306014), (10.204792818467503, 53.48919169384842, 51.24599416763762), (10.204759073316655, 53.489176150793156, 52.26760895262089), (10.204759073316655, 53.489176150793156, 51.79396941539737), (10.204759073316655, 53.489176150793156, 51.24977387516943), (10.207121430430542, 53.49030572951938, 51.16971700512454), (10.207121430430542, 53.49030572951938, 52.92711918447026), (10.209931265154411, 53.49156051246315, 55.47294414897624), (10.209931265154411, 53.49156051246316, 54.37558072732645), (10.204028996847757, 53.48899259532417, 54.70830596957694), (10.204028996847757, 53.48899259532418, 53.610942547957166), (10.204090203225158, 53.4888567120201, 54.85282644781546), (10.204090203225158, 53.48885671202011, 53.75546302619841), (10.199562754379802, 53.48749268851712, 54.51093156828574), (10.199562754379802, 53.48749268851712, 53.41373633164039), (10.199606315452508, 53.487417026377635, 55.3554099591056), (10.19960631545251, 53.487417026377635, 54.258046537521295), (10.196183881808205, 53.486958376563614, 53.98983096097072), (10.196183881808203, 53.48695837656359, 52.884095341425564), (10.204662743795716, 53.48913182234279, 52.259351961053305), (10.204662743795716, 53.48913182234279, 51.78524382374404), (10.204662743795716, 53.48913182234279, 51.26061517348542), (10.204576363751144, 53.48909220947396, 52.26096853974208), (10.204576363751144, 53.48909220947396, 51.78581256235257), (10.204576363751144, 53.48909220947395, 51.27050902067012), (10.204558601473847, 53.48908406229612, 52.260400631208775), (10.204558601473847, 53.48908406229612, 51.78406100873747), (10.204558601473847, 53.48908406229613, 51.272541490801096), (10.20455433901109, 53.489082107194484, 52.26026244072129), (10.20455433901109, 53.489082107194484, 51.7845287184492), (10.20453396991975, 53.48907256921119, 52.255900659166905), (10.20453396991975, 53.48907256921119, 51.782441868128096), (10.204172260331996, 53.488900614667145, 52.179383117383246), (10.204172260331996, 53.488900614667145, 51.704890731013485), (10.204172260331998, 53.488900614667145, 51.193942083800614), (10.204515955318143, 53.489064282407284, 52.255203101609965), (10.204515955318143, 53.489064282407284, 51.78160513731814), (10.204515955318142, 53.489064282407284, 51.27714641671616), (10.20450208235076, 53.489057900771066, 52.254664990812174), (10.20450208234945, 53.48905790077047, 51.78120619972249), (10.20450208234945, 53.48905790077047, 51.27871076667745), (10.204488176757275, 53.489051504123125, 52.25412613787163), (10.204488176757275, 53.489051504123125, 51.78066734683282), (10.204488176757275, 53.489051504123125, 51.28027879581412), (10.204473154291913, 53.48904463568824, 52.25739803433504), (10.204473154291913, 53.48904463568824, 51.78516948767073), (10.204473154291913, 53.48904463568824, 51.282025474545456), (10.204442494758995, 53.48903054642939, 52.25105107731388), (10.204442494758995, 53.48903054642939, 51.77946552549225), (10.204442494758997, 53.48903054642938, 51.28550069078212), (10.204409080224057, 53.489015411018556, 52.25284366793525), (10.204409080224057, 53.489015411018556, 51.77502709268544), (10.204404794728518, 53.48901343510441, 52.25319094585387), (10.204404794728518, 53.48901343510441, 51.77508555202704), (10.204404794728518, 53.48901343510441, 51.29004177502798), (10.204291551593391, 53.48896142427529, 52.24757585626945), (10.204291551593391, 53.48896142427529, 51.77387517321842), (10.204291551593393, 53.488961424275274, 51.302914249151115), (10.204307911515707, 53.488968928057524, 52.250619602710884), (10.204307911515707, 53.488968928057524, 51.77618783351379), (10.204307911515707, 53.488968928057524, 51.30104192572477), (10.20484885977724, 53.48921737970963, 52.26696090528407), (10.20484885977724, 53.48921737970963, 51.793251033815395), (10.204684746585333, 53.489141919029784, 52.260590011206524), (10.204684746585333, 53.489141919029784, 51.78648187389726), (10.204287328284636, 53.488959487175464, 52.246788323180056), (10.204287328284636, 53.488959487175464, 51.77318272766782), (10.204324280976945, 53.488976436210045, 52.25367078982271), (10.204324281064245, 53.4889764362501, 51.780065210569795), (10.204324281064245, 53.4889764362501, 51.29916850127685), (10.204340606514426, 53.48898392421122, 52.25671143167286), (10.204340606514426, 53.48898392421122, 51.78310583616063), (10.204340606514426, 53.48898392421122, 51.297300124347714), (10.204388458801668, 53.48900590309279, 52.25449061922624), (10.204388458905301, 53.48900590314056, 51.7766740356998), (10.204388458905301, 53.48900590314056, 51.29186204352934), (10.204372152538863, 53.48899838475347, 52.25579463835225), (10.204372152538863, 53.48899838475347, 51.777842264701526), (10.204372152538866, 53.488998384753465, 51.293679030369844), (10.204355892554883, 53.48899088774702, 52.257091557805936), (10.204355892554883, 53.48899088774702, 51.779274982556124), (10.204355892554883, 53.48899088774702, 51.29549084953652), (10.204181813278545, 53.488892851151114, 52.13720623013243), (10.204181813278545, 53.488892851151114, 51.66287732565251), (10.204181813278545, 53.488892851151114, 51.14248169225249), (10.204161063245634, 53.48890971434286, 52.229486210757074), (10.204161063245634, 53.48890971434286, 51.75481274273314), (10.204161063245634, 53.48890971434286, 51.19859204818263), (10.204132728285906, 53.48891187634814, 51.57208557070459), (10.204132728285906, 53.48891187634814, 51.094672480069654), (10.204132728285906, 53.48891187634814, 50.48663704298214), (10.204149245307416, 53.488919289317465, 52.29065989132997), (10.204149245307416, 53.488919289317465, 51.81324680069504), (10.204149245307416, 53.488919289317465, 51.24387711419917), (10.204147618370774, 53.48891954240846, 52.30497336170132), (10.204147618370774, 53.48891954240846, 51.82450006023259), (10.204147618370774, 53.48891954240846, 51.2527680466546), (10.204137376078238, 53.488927636243346, 52.32565260620026), (10.204137376078238, 53.488927636243346, 51.84517930473152), (10.204137376078238, 53.488927636243346, 51.26230576561703), (10.209579044142703, 53.491349692531855, 51.52662210247591), (10.209579044142703, 53.491349692531855, 50.56846141291339), (10.209579044142703, 53.491349692531855, 51.04897512574477), (10.209564700670018, 53.49137753411221, 50.761550015915056), (10.209564700670018, 53.49137753411221, 50.26097908019547), (10.209564700670018, 53.49137753411221, 49.67273709585238), (10.209559863214592, 53.491362917901576, 51.51662351035444), (10.209559863214592, 53.491362917901576, 50.586905043270384), (10.209559863214592, 53.491362917901576, 51.0389765336233), (10.207127906422807, 53.49033125277251, 51.16043879220838), (10.207127906422807, 53.49033125277251, 50.700773134884976), (10.207127906422807, 53.49033125277251, 50.0838639846173), (10.206687451282189, 53.49016764116856, 52.26587776129925), (10.206687451282189, 53.49016764116856, 51.81173642809706), (10.206687451282189, 53.49016764116856, 51.296096199411195), (10.204457822215147, 53.48903758999929, 52.25422394562355), (10.204457822215147, 53.48903758999929, 51.78234147049739), (10.204457822215147, 53.48903758999929, 51.2837633442469), (10.206705558342417, 53.49015426913112, 52.23688606208067), (10.206705558342417, 53.49015426913112, 51.782744728878484), (10.206705558342417, 53.49015426913112, 51.266913770761995), (10.206705558342417, 53.49015426913112, 51.782744728878484), (10.206370336490718, 53.48996160700416, 52.43490866253055), (10.206370336490718, 53.48996160700416, 52.23204359326142), (10.206370336490718, 53.48996160700416, 51.49380446866608), (10.207102056194028, 53.49031836333322, 52.112547379070705), (10.207102056194028, 53.49031836333322, 51.6528817217473), (10.207102056194028, 53.49031836333322, 51.17213022831118), (10.206372486429695, 53.48996268817021, 52.434882665792244), (10.206372486429695, 53.48996268817021, 52.232017596523114), (10.206372486429695, 53.48996268817021, 51.49488574078393), (10.206374513410706, 53.48996120096215, 52.14679195328966), (10.206374513410706, 53.48996120096215, 51.93054534984633), (10.209550159545818, 53.49136996573644, 51.53177371850777), (10.209550159545818, 53.49136996573644, 51.031202782788185), (10.209550159545818, 53.49136996573644, 50.596443756928295), (10.206354137488033, 53.48995346081101, 52.435104538473574), (10.206354137488033, 53.48995346081101, 52.232239469204444), (10.206354137488033, 53.48995346081101, 51.49971148109104), (10.206337638016805, 53.489945163512, 52.435304047714794), (10.206337638016805, 53.489945163512, 52.232438978445664), (10.206337638016805, 53.489945163512, 51.51213396152), (10.206321172658356, 53.48993688336218, 52.43550314454667), (10.206321172658356, 53.48993688336218, 52.23263807527754), (10.206321172658356, 53.48993688336218, 51.51982683958489), (10.206304860888705, 53.489928680444095, 52.4357003842805), (10.206304860888705, 53.489928680444095, 52.23283531501137), (10.206304860888705, 53.489928680444095, 51.53233133179727), (10.206288359606582, 53.48992038221783, 52.43589991565109), (10.206288359606582, 53.48992038221783, 52.23303484638196), (10.206288359606582, 53.48992038221783, 51.53310314966269), (10.206272118858283, 53.48991221500435, 52.43609629675629), (10.206272118858283, 53.48991221500435, 52.23323122748716), (10.206272118858283, 53.48991221500435, 51.53323205954474), (10.206272446805317, 53.4899097978613, 52.43648659402925), (10.206272446805317, 53.4899097978613, 52.23362152476012), (10.206272446805317, 53.4899097978613, 51.53244015094933), (10.206281212867864, 53.489903428251864, 52.43800565408413), (10.206281212867864, 53.489903428251864, 52.235140584815), (10.206281212867864, 53.489903428251864, 51.529918923488246), (10.206290044120767, 53.48989701127118, 52.43953601135334), (10.206290044120767, 53.48989701127118, 52.23667094208421), (10.206290044120767, 53.48989701127118, 51.53446070275523), (10.206374060158364, 53.489963479570285, 52.43486363650305), (10.206374060158364, 53.489963479570285, 52.23199856723392), (10.206290526825702, 53.48989666052718, 52.439619658728745), (10.206290526825702, 53.48989666052718, 52.236754589459615), (10.205448907584492, 53.48930121652461, 51.2412626713215), (10.205448907584492, 53.48930121652461, 50.73941549350999), (10.205448907584492, 53.48930121652461, 50.28303333995594), (10.205461704647258, 53.48930727773069, 51.898086547970316), (10.205461704647258, 53.48930727773069, 51.3962393701588), (10.205461704647258, 53.48930727773069, 50.99804292120362), (10.205451751526216, 53.4893169565339, 52.08394958084779), (10.205451751526216, 53.4893169565339, 51.65886726454089), (10.205451751526216, 53.4893169565339, 50.85265075272355), (10.205432028149264, 53.48933120344837, 52.09380838442669), (10.205432028149264, 53.48933120344837, 51.66872606811978), (10.205432028149264, 53.48933120344837, 50.86239906578591), (10.197745271715336, 53.48692729617144, 49.458582849474624), (10.197743566679886, 53.486926795000834, 60.373856882797554), (10.19774281235373, 53.486928749190994, 60.37673761311453), (10.197743493664422, 53.486931902467695, 49.46537312469445), (10.197745271715336, 53.48692729617144, 49.458582849474624), (10.197692070555822, 53.487059101975994, 49.95762793207541), (10.197692028422674, 53.48705944333476, 60.87356433039531), (10.197691222292482, 53.487061390278015, 60.87508572277147), (10.197690170395488, 53.4870636911902, 49.961214059614576), (10.197692070555822, 53.487059101975994, 49.95762793207541), (10.199769920405469, 53.48729569200442, 49.64112781523727), (10.199769107072763, 53.4872956181104, 58.951072780648246), (10.19976810722614, 53.487297208412635, 58.95285512600094), (10.199767551718887, 53.487299459509806, 49.6453502769582), (10.199769920405469, 53.48729569200442, 49.64112781523727), (10.199685543753185, 53.487426234228515, 50.373254715581425), (10.199685623487966, 53.48742698928074, 62.499061750248075), (10.199684547084454, 53.48742856177018, 62.49989157659002), (10.199682547969717, 53.48743061068908, 50.37556423631031), (10.199685543753185, 53.487426234228515, 50.373254715581425), (10.200686366622756, 53.48750951932292, 49.66256141546182), (10.2006871241129, 53.48750858470989, 60.85044884675881), (10.200686033449434, 53.48751015331484, 60.85440687654773), (10.2006834815283, 53.48751366869903, 49.67303145030746), (10.200686366622756, 53.48750951932292, 49.66256141546182), (10.200596860481873, 53.48764181074755, 50.59273855423089), (10.200595845977102, 53.48764228751346, 61.78089384827763), (10.200594804960318, 53.4876438684588, 61.78165499633178), (10.200594106716345, 53.48764599276728, 50.59475198853761), (10.200596860481873, 53.48764181074755, 50.59273855423089), (10.198698963004686, 53.487226529049614, 62.73594192075507), (10.198697320993883, 53.487229667741566, 62.73687821164822), (10.198702382426665, 53.48723060964373, 62.73702977299581), (10.198704024437133, 53.487227470951716, 62.73609348210266), (10.198698963004686, 53.487226529049614, 62.73594192075507), (10.19869621243451, 53.4872251723499, 50.163551681391255), (10.198693473905502, 53.48723040702778, 50.165113217653925), (10.198704998972657, 53.487232551773374, 50.16545832837073), (10.198707737500383, 53.487227317095275, 50.16389679210806), (10.19869621243451, 53.4872251723499, 50.163551681391255), (10.198696212434509, 53.487225172349916, 50.16355168132577), (10.198698963004691, 53.487226529049614, 62.7359419206623), (10.198697320993881, 53.487229667741566, 62.73687821161002), (10.198693473905502, 53.487230407027766, 50.165113217546605), (10.198696212434509, 53.487225172349916, 50.16355168132577), (10.198698963004698, 53.487226529049614, 62.7359419206623), (10.198696212434522, 53.4872251723499, 50.16355168132577), (10.1987077375004, 53.48722731709528, 50.163896792102605), (10.198704024437141, 53.48722747095172, 62.736093482002616), (10.198698963004698, 53.487226529049614, 62.7359419206623), (10.198702382426655, 53.48723060964373, 62.73702977283392), (10.198704998972648, 53.48723255177336, 50.16545832832344), (10.19870773750037, 53.487227317095254, 50.16389679198619), (10.198704024437124, 53.48722747095172, 62.736093482002616), (10.198702382426655, 53.48723060964373, 62.73702977283392), (10.198704998972664, 53.487232551773374, 50.16545832832344), (10.198693473905495, 53.487230407027766, 50.16511321766302), (10.198697320993896, 53.48722966774156, 62.73687821161002), (10.198702382426676, 53.48723060964374, 62.737029772950336), (10.198704998972664, 53.487232551773374, 50.16545832832344), (10.201423832405355, 53.48779106014846, 50.05258473102003), (10.201425792208314, 53.487789965186344, 60.9028807990253), (10.201424464951316, 53.48779146729468, 60.90782378206495), (10.201420387177594, 53.48779495924604, 50.065415475401096), (10.201423832405355, 53.48779106014846, 50.05258473102003), (10.203824307319884, 53.48860801737968, 60.204625762067735), (10.203822545852223, 53.4886096465946, 60.20757835905533), (10.203819259656854, 53.48861166459416, 50.18185391812585), (10.203823265432032, 53.488607959576846, 50.17513938585762), (10.203824307319884, 53.48860801737968, 60.204625762067735), (10.203110603558963, 53.48833646028169, 60.20815939211752), (10.20310886683386, 53.488338099115815, 60.20888440718409), (10.203107530943564, 53.48833975728604, 50.18036426976323), (10.203111480451177, 53.48833603039356, 50.17871550831478), (10.203110603558963, 53.48833646028169, 60.20815939211752), (10.196664706170164, 53.48692292009451, 49.7430168032879), (10.196664976945785, 53.48692333921414, 60.80509966413956), (10.196664336192248, 53.48692530790031, 60.80653880932368), (10.19666318351983, 53.486927598368275, 49.74643670581281), (10.196664706170164, 53.48692292009451, 49.7430168032879), (10.196704845564913, 53.48678920902946, 49.19623582228087), (10.196702951439564, 53.48678750654725, 60.25609320006333), (10.196702344957687, 53.486789478493876, 60.26168258750113), (10.196703404980456, 53.48679389302069, 49.209512369241565), (10.196704845564913, 53.48678920902946, 49.19623582228087), (10.198761599997242, 53.487095677954834, 60.59139539903845), (10.198763242491845, 53.487092540123676, 60.58360532898223), (10.198768303735585, 53.48709348183988, 60.58707745902939), (10.19876666124132, 53.487096619671135, 60.594867529085604), (10.198761599997242, 53.487095677954834, 60.59139539903845), (10.198763242491845, 53.487092540123676, 60.58360532898223), (10.198768303735585, 53.48709348183988, 60.58707745902939), (10.198768303738367, 53.48709348185244, 60.587017475569155), (10.198763242494625, 53.487092540136224, 60.583545345522), (10.198763242491845, 53.487092540123676, 60.58360532898223), (10.198761599997242, 53.487095677954834, 60.59139539903845), (10.198761600000026, 53.487095677967396, 60.591335415578214), (10.198763242494625, 53.487092540136224, 60.583545345522), (10.198763242491845, 53.487092540123676, 60.58360532898223), (10.198761599997242, 53.487095677954834, 60.59139539903845), (10.19876666124132, 53.487096619671135, 60.594867529085604), (10.198766661244102, 53.48709661968367, 60.59480754562537), (10.198761600000026, 53.487095677967396, 60.591335415578214), (10.198761599997242, 53.487095677954834, 60.59139539903845), (10.19876666124132, 53.487096619671135, 60.594867529085604), (10.198768303735585, 53.48709348183988, 60.58707745902939), (10.19876666124132, 53.487096619671135, 60.594867529085604), (10.198766661244102, 53.48709661968367, 60.59480754562537), (10.198768303738367, 53.48709348185244, 60.587017475569155), (10.198768303735585, 53.48709348183988, 60.58707745902939), (10.198763242494625, 53.487092540136224, 60.583545345522), (10.198761600000026, 53.487095677967396, 60.591335415578214), (10.198766661244102, 53.48709661968367, 60.59480754562537), (10.198768303738367, 53.48709348185244, 60.587017475569155), (10.198763242494625, 53.487092540136224, 60.583545345522), (10.19876141135689, 53.48709339636139, 49.624613543535816), (10.198772106083611, 53.487095386266915, 49.63195037271362), (10.198769507585009, 53.48710035045528, 49.64427460930892), (10.198758812857148, 53.48709836054955, 49.63693778013112), (10.19876141135689, 53.48709339636139, 49.624613543535816), (10.198761411356898, 53.48709339636138, 49.62461354373954), (10.19876324249464, 53.48709254013625, 60.58354534569662), (10.198761600000035, 53.48709567796741, 60.59133541560732), (10.198758812857172, 53.487098360549524, 49.63693778018933), (10.198761411356898, 53.48709339636138, 49.62461354373954), (10.198769507585, 53.48710035045528, 49.644274609396234), (10.198766661244095, 53.48709661968371, 60.59480754553806), (10.198761600000019, 53.487095677967424, 60.59133541560732), (10.198758812857152, 53.487098360549545, 49.63693778007291), (10.198769507585, 53.48710035045528, 49.644274609396234), (10.198761411356895, 53.48709339636138, 49.62461354350671), (10.198763242494632, 53.48709254013625, 60.58354534569662), (10.19876830373837, 53.487093481852455, 60.58701747562736), (10.198772106083606, 53.487095386266915, 49.63195037271362), (10.198761411356895, 53.48709339636138, 49.62461354350671), (10.198769507585013, 53.48710035045526, 49.64427460927982), (10.19877210608361, 53.4870953862669, 49.63195037271362), (10.198768303738369, 53.48709348185244, 60.58701747551095), (10.198766661244095, 53.487096619683705, 60.594807545654476), (10.198769507585013, 53.48710035045526, 49.64427460927982), (10.205428736798456, 53.489183207200774, 50.121527400333434), (10.205424401537048, 53.489186484699424, 50.130398478591815), (10.205426551218446, 53.489183351298564, 60.18095880665351), (10.205428314787717, 53.489182018023385, 60.17735008103773), (10.205428736798456, 53.489183207200774, 50.121527400333434), (10.20778214263064, 53.49034483212974, 50.26226260873955), (10.207777415253743, 53.49034822177074, 50.26064924534876), (10.207778765198926, 53.490347138968424, 61.26572659704834), (10.207780586397789, 53.49034583312579, 61.26634813612327), (10.20778214263064, 53.49034483212974, 50.26226260873955), (10.206164212774128, 53.48952790727119, 50.20791035168804), (10.206165214395286, 53.48952872380431, 61.21246822725516), (10.206163451070747, 53.48953005753058, 61.213932612212375), (10.206159635624267, 53.489531369291015, 50.211711524869315), (10.206164212774128, 53.48952790727119, 50.20791035168804), (10.205323318799213, 53.48926465308866, 50.184226942947134), (10.20532300641698, 53.489263419126125, 61.1884845799068), (10.205321335871707, 53.48926479433825, 61.1921675177291), (10.20531898248103, 53.48926822279545, 50.19378692493774), (10.205323318799213, 53.48926465308866, 50.184226942947134), (10.203904809193581, 53.48853431293165, 50.107553327223286), (10.203905515077313, 53.48853488068295, 61.112405907246284), (10.203903874821506, 53.488536269115635, 61.113965176045895), (10.203900551499409, 53.48853791695573, 50.11160079506226), (10.203904809193581, 53.48853431293165, 50.107553327223286), (10.203182662081437, 53.48826476122527, 49.988545403582975), (10.203185232003928, 53.48826486183698, 60.99235195759684), (10.20318375677439, 53.48826631439013, 60.99568749591708), (10.203178832753983, 53.48826853168997, 49.99720362294465), (10.203182662081437, 53.48826476122527, 49.988545403582975), (10.202322826959705, 53.48806113124185, 50.15271122835111), (10.202323432781839, 53.48805980204685, 61.156777666299604), (10.202322122481338, 53.48806130954245, 61.161332221352495), (10.202319425746865, 53.488065044323506, 50.164533710689284), (10.202322826959705, 53.48806113124185, 50.15271122835111), (10.207680062572766, 53.49040952251031, 60.742305518331705), (10.207677158939557, 53.49041156011916, 60.747554612811655), (10.207681122374057, 53.49041356844062, 60.74979102841462), (10.20768402600721, 53.4904115308317, 60.74454193393467), (10.207680062572766, 53.49040952251031, 60.742305518331705), (10.207683484145825, 53.49041240986254, 55.20095088366725), (10.207679520711324, 53.490410401541155, 55.19871446806428), (10.207676617078025, 53.49041243914997, 55.20396356254423), (10.207680580512582, 53.490414447471466, 55.2061999781472), (10.207683484145825, 53.49041240986254, 55.20095088366725), (10.207677158939557, 53.49041156011916, 60.747554612811655), (10.207680062572766, 53.49040952251031, 60.742305518331705), (10.207679520711324, 53.490410401541155, 55.19871446806428), (10.207676617078025, 53.49041243914997, 55.20396356254423), (10.207677158939557, 53.49041156011916, 60.747554612811655), (10.207681122374057, 53.49041356844062, 60.74979102841462), (10.207677158939557, 53.49041156011916, 60.747554612811655), (10.207676617078025, 53.49041243914997, 55.20396356254423), (10.207680580512582, 53.490414447471466, 55.2061999781472), (10.207681122374057, 53.49041356844062, 60.74979102841462), (10.20768402600721, 53.4904115308317, 60.74454193393467), (10.207683484145825, 53.49041240986254, 55.20095088366725), (10.207680580512582, 53.490414447471466, 55.2061999781472), (10.207681122374057, 53.49041356844062, 60.74979102841462), (10.20768402600721, 53.4904115308317, 60.74454193393467), (10.207680062572766, 53.49040952251031, 60.742305518331705), (10.20768402600721, 53.4904115308317, 60.74454193393467), (10.207683484145825, 53.49041240986254, 55.20095088366725), (10.207679520711324, 53.490410401541155, 55.19871446806428), (10.207680062572766, 53.49040952251031, 60.742305518331705), (10.206908668692577, 53.490020011307706, 60.778404767497705), (10.206912730252325, 53.49002194872347, 60.77861651760577), (10.206909929659183, 53.490024036858415, 60.78446816221731), (10.206905868099359, 53.49002209944258, 60.784256412109244), (10.206908668692577, 53.490020011307706, 60.778404767497705), (10.206911743862134, 53.49002273314375, 55.23511952990157), (10.20690894326889, 53.490024821278695, 55.240971174513106), (10.206904881709034, 53.490022883862814, 55.24075942440504), (10.206907682302353, 53.49002079572795, 55.2349077797935), (10.206911743862134, 53.49002273314375, 55.23511952990157), (10.206905868099359, 53.49002209944258, 60.784256412109244), (10.206908668692577, 53.490020011307706, 60.778404767497705), (10.206907682302353, 53.49002079572795, 55.2349077797935), (10.206904881709034, 53.490022883862814, 55.24075942440504), (10.206905868099359, 53.49002209944258, 60.784256412109244), (10.206909929659183, 53.490024036858415, 60.78446816221731), (10.206905868099359, 53.49002209944258, 60.784256412109244), (10.206904881709034, 53.490022883862814, 55.24075942440504), (10.20690894326889, 53.490024821278695, 55.240971174513106), (10.206909929659183, 53.490024036858415, 60.78446816221731), (10.206912730252325, 53.49002194872347, 60.77861651760577), (10.206909929659183, 53.490024036858415, 60.78446816221731), (10.20690894326889, 53.490024821278695, 55.240971174513106), (10.206911743862134, 53.49002273314375, 55.23511952990157), (10.206912730252325, 53.49002194872347, 60.77861651760577), (10.206908668692577, 53.490020011307706, 60.778404767497705), (10.206912730252325, 53.49002194872347, 60.77861651760577), (10.206911743862134, 53.49002273314375, 55.23511952990157), (10.206907682302353, 53.49002079572795, 55.2349077797935), (10.206908668692577, 53.490020011307706, 60.778404767497705), (10.208619087973325, 53.4907734342251, 49.9140682524303), (10.20862034430727, 53.4907738294782, 61.928487775148824), (10.20861844723758, 53.49077509616768, 61.930828390759416), (10.208613949992628, 53.49077686489792, 49.92040751699824), (10.208619087973325, 53.4907734342251, 49.9140682524303), (10.208765345719184, 53.491116164319955, 59.083468091790564), (10.208765533724957, 53.491118258344095, 49.88419669121504), (10.20876019660905, 53.491115894251, 49.88168469897937), (10.208763059358471, 53.49111515156893, 59.08239198452793), (10.208765345719184, 53.491116164319955, 59.083468091790564), (10.208765533724957, 53.491118258344095, 49.88419669121504), (10.20876019660905, 53.491115894251, 49.88168469897937), (10.208761402849513, 53.49111492596911, 49.879064840846695), (10.208766739965364, 53.49111729006214, 49.88157683308236), (10.208765533724957, 53.491118258344095, 49.88419669121504), (10.208765345719184, 53.491116164319955, 59.083468091790564), (10.208765533724957, 53.491118258344095, 49.88419669121504), (10.208766739965364, 53.49111729006214, 49.88157683308236), (10.208766551959537, 53.491115196037995, 59.08084823365789), (10.208765345719184, 53.491116164319955, 59.083468091790564), (10.208763059358471, 53.49111515156893, 59.08239198452793), (10.208765345719184, 53.491116164319955, 59.083468091790564), (10.208766551959537, 53.491115196037995, 59.08084823365789), (10.20876426559885, 53.491114183287024, 59.079772126395255), (10.208763059358471, 53.49111515156893, 59.08239198452793), (10.20876019660905, 53.491115894251, 49.88168469897937), (10.208761402849513, 53.49111492596911, 49.879064840846695), (10.20876426559885, 53.491114183287024, 59.079772126395255), (10.208763059358471, 53.49111515156893, 59.08239198452793), (10.20876019660905, 53.491115894251, 49.88168469897937), (10.208766739965364, 53.49111729006214, 49.88157683308236), (10.208766551959537, 53.491115196037995, 59.08084823365789), (10.20876426559885, 53.491114183287024, 59.079772126395255), (10.208761402849513, 53.49111492596911, 49.879064840846695), (10.208766739965364, 53.49111729006214, 49.88157683308236), (10.20822517518373, 53.490859543400305, 59.199951282236725), (10.208222950157593, 53.49085848323964, 59.198348681326024), (10.208221642758621, 53.49085834220625, 49.995732145383954), (10.20822683669948, 53.490860816968926, 49.99947314616293), (10.20822517518373, 53.490859543400305, 59.199951282236725), (10.20822683669948, 53.490860816968926, 49.99947314616293), (10.208221642758621, 53.49085834220625, 49.995732145383954), (10.208222905583186, 53.49085739965689, 49.99512109882198), (10.208228099524, 53.49085987441951, 49.998862099600956), (10.20822683669948, 53.490860816968926, 49.99947314616293), (10.20822517518373, 53.490859543400305, 59.199951282236725), (10.20822683669948, 53.490860816968926, 49.99947314616293), (10.208228099524, 53.49085987441951, 49.998862099600956), (10.208226438008252, 53.4908586008509, 59.199340235674754), (10.20822517518373, 53.490859543400305, 59.199951282236725), (10.208222950157593, 53.49085848323964, 59.198348681326024), (10.20822517518373, 53.490859543400305, 59.199951282236725), (10.208226438008252, 53.4908586008509, 59.199340235674754), (10.208224212982127, 53.49085754069028, 59.19773763476405), (10.208222950157593, 53.49085848323964, 59.198348681326024), (10.208221642758621, 53.49085834220625, 49.995732145383954), (10.208222905583186, 53.49085739965689, 49.99512109882198), (10.208224212982127, 53.49085754069028, 59.19773763476405), (10.208222950157593, 53.49085848323964, 59.198348681326024), (10.208221642758621, 53.49085834220625, 49.995732145383954), (10.208228099524, 53.49085987441951, 49.998862099600956), (10.208222905583186, 53.49085739965689, 49.99512109882198), (10.208224212982127, 53.49085754069028, 59.19773763476405), (10.208226438008252, 53.4908586008509, 59.199340235674754), (10.208228099524, 53.49085987441951, 49.998862099600956), (10.209342344512804, 53.49124757154461, 50.78957706433721), (10.209340695050455, 53.491248165645956, 60.82530034170486), (10.209338911261703, 53.49124948975417, 60.82502211618703), (10.209337964770771, 53.491250822631635, 50.78889331861865), (10.209342344512804, 53.49124757154461, 50.78957706433721), (10.208527846542163, 53.49083582655543, 50.92985916964244), (10.208527411048303, 53.49083659611814, 60.9659900420811), (10.20852558054093, 53.49083789734077, 60.96638797514606), (10.208523352091612, 53.490839021451386, 50.93083559803199), (10.208527846542163, 53.49083582655543, 50.92985916964244), (10.20605863226136, 53.489607695269235, 51.25902582856361), (10.206059053216258, 53.48960833733048, 61.29527042736299), (10.206057270203882, 53.48960966173259, 61.29653359798249), (10.206054254425283, 53.489610947077786, 51.262126677669585), (10.20605863226136, 53.489607695269235, 51.25902582856361), (10.209425055894352, 53.491192380538976, 49.58398937084712), (10.209430928051747, 53.49118805529379, 49.57423529471271), (10.209432332533849, 53.49118834177488, 63.561532444669865), (10.209429780727389, 53.49119022135493, 63.565771179273725), (10.209425055894352, 53.491192380538976, 49.58398937084712), (10.209994452883333, 53.49157373489984, 49.47170700551942), (10.210002859090524, 53.491578208571276, 49.473557616001926), (10.209999865166173, 53.49157716786949, 60.54625724989455), (10.20999590883593, 53.49157506236322, 60.54538627131842), (10.209994452883333, 53.49157373489984, 49.47170700551942), (10.20999445288334, 53.491573734899774, 49.47170700551942), (10.20999590883595, 53.49157506236315, 60.54538627126021), (10.209992237935145, 53.491577515455276, 60.54741785337683), (10.209988622923401, 53.491577630790395, 49.474933472811244), (10.20999445288334, 53.491573734899774, 49.47170700551942), (10.209997029130797, 53.491582104462296, 49.476784083410166), (10.209996194265452, 53.491579620961716, 60.54828883195296), (10.209999865166193, 53.49157716786948, 60.54625724989455), (10.210002859090562, 53.49157820857127, 49.473557616001926), (10.209997029130797, 53.491582104462296, 49.476784083410166), (10.209997029130783, 53.49158210446225, 49.47678408352658), (10.20999619426543, 53.49157962096169, 60.548288831836544), (10.209992237935168, 53.49157751545529, 60.54741785349324), (10.209988622923406, 53.49157763079042, 49.474933472811244), (10.209997029130783, 53.49158210446225, 49.47678408352658), (10.20999590883596, 53.49157506236315, 60.54538627131842), (10.20999223793517, 53.49157751545527, 60.547417853398656), (10.209996194265443, 53.49157962096165, 60.54828883198206), (10.20999986516618, 53.4915771678694, 60.54625724989455), (10.20999590883596, 53.49157506236315, 60.54538627131842), (10.209994452883347, 53.491573734899774, 49.47170700541028), (10.209988622923426, 53.49157763079042, 49.474933472862176), (10.209997029130783, 53.49158210446224, 49.47678408338834), (10.210002859090542, 53.49157820857123, 49.47355761595827), (10.209994452883347, 53.491573734899774, 49.47170700541028), (10.204679274109637, 53.48884460588512, 49.9668509325129), (10.20468153654839, 53.488845835877534, 61.040073282958474), (10.204678117260789, 53.488848414866254, 61.04315024561947), (10.204673843750376, 53.48884870171902, 49.97173762629973), (10.204679274109637, 53.48884460588512, 49.9668509325129), (10.204682680874892, 53.488852869202084, 49.97141282609664), (10.204682276399607, 53.48885037626674, 61.04299738036934), (10.204685695687102, 53.48884779727791, 61.03992041782476), (10.204688111233818, 53.48884877336782, 49.966526132193394), (10.204682680874892, 53.488852869202084, 49.97141282609664), (10.204679274109631, 53.488844605885205, 49.966850932571106), (10.204688111233805, 53.488848773367884, 49.96652613230981), (10.204685695687084, 53.488847797277984, 61.039920417708345), (10.204681536548376, 53.488845835877655, 61.04007328301668), (10.204679274109631, 53.488844605885205, 49.966850932571106), (10.204682680874898, 53.48885286920209, 49.971412826213054), (10.204682276399623, 53.48885037626673, 61.04299738025293), (10.204678117260801, 53.48884841486627, 61.04315024567768), (10.204673843750394, 53.48884870171904, 49.97173762647435), (10.204682680874898, 53.48885286920209, 49.971412826213054), (10.204584724729523, 53.488922004323655, 50.17560229235096), (10.204587082721273, 53.488923208876585, 61.248771489132196), (10.2045837984364, 53.48892584953957, 61.251842085213866), (10.204579508775506, 53.48892619810583, 50.18047887494322), (10.204584724729523, 53.488922004323655, 50.17560229235096), (10.20458855723316, 53.488930201049804, 50.17996027704794), (10.20459377318677, 53.48892600726723, 50.17508369428106), (10.2045913413226, 53.488925092837626, 61.24852741428185), (10.204588057037862, 53.4889277335007, 61.251598010072485), (10.20458855723316, 53.488930201049804, 50.17996027704794), (10.204584724729507, 53.48892200432372, 50.17560229240917), (10.204593773186744, 53.488926007267295, 50.17508369428106), (10.20459134132258, 53.48892509283769, 61.24852741416544), (10.204587082721252, 53.48892320887666, 61.24877148924861), (10.204584724729507, 53.48892200432372, 50.17560229240917), (10.20458855723317, 53.48893020104985, 50.179960276931524), (10.204579508775527, 53.48892619810588, 50.180478874826804), (10.204583798436412, 53.48892584953959, 61.25184208515566), (10.204588057037874, 53.48892773350073, 61.2515980101889), (10.20458855723317, 53.48893020104985, 50.179960276931524), (10.204681536548396, 53.488845835877534, 61.040073283045786), (10.204678117260812, 53.48884841486623, 61.0431502456413), (10.204682276399605, 53.48885037626671, 61.04299738036934), (10.204685695687097, 53.488847797277884, 61.03992041776655), (10.204681536548396, 53.488845835877534, 61.040073283045786), (10.204587082721266, 53.48892320887659, 61.24877148919768), (10.204591341322601, 53.48892509283762, 61.24852741420909), (10.204588057037853, 53.48892773350069, 61.25159801016707), (10.204583798436406, 53.488925849539555, 61.25184208514838), (10.204587082721266, 53.48892320887659, 61.24877148919768), (10.204679274109658, 53.48884460588509, 49.96685093252745), (10.204688111233821, 53.48884877336777, 49.96652613225888), (10.204682680874898, 53.48885286920206, 49.971412826067535), (10.204673843750415, 53.48884870171902, 49.971737626357935), (10.204679274109658, 53.48884460588509, 49.96685093252745), (10.204584724729523, 53.488922004323655, 50.17560229227092), (10.20459377318677, 53.48892600726723, 50.17508369429561), (10.204588557233171, 53.48893020104981, 50.17996027688787), (10.204579508775527, 53.488926198105865, 50.18047887488501), (10.204584724729523, 53.488922004323655, 50.17560229227092), (10.210089279030518, 53.49151443611055, 63.11420645611361), (10.210092877652448, 53.4915151816439, 49.04747233958915), (10.210084300583853, 53.49151061695552, 49.048449289635755), (10.210086354730427, 53.491512879807416, 63.11453954142053), (10.210089279030518, 53.49151443611055, 63.11420645611361), (10.210089279030548, 53.49151443611055, 63.11420645623002), (10.210086108854853, 53.491516554631446, 63.11508913617581), (10.210086964760343, 53.49151913302929, 49.049118680879474), (10.210092877652484, 53.491515181643905, 49.047472339705564), (10.210089279030548, 53.49151443611055, 63.11420645623002), (10.210086354730455, 53.491512879807416, 63.11453954165336), (10.210083184554733, 53.49151499832825, 63.115422221424524), (10.210078387691565, 53.49151456834051, 49.0500956311007), (10.210084300583897, 53.49151061695553, 49.04844928975217), (10.210086354730455, 53.491512879807416, 63.11453954165336), (10.21008610885483, 53.49151655463144, 63.11508913617581), (10.210083184554705, 53.491514998328235, 63.115422221366316), (10.210078387691528, 53.49151456834048, 49.050095630809665), (10.210086964760315, 53.4915191330293, 49.049118680879474), (10.21008610885483, 53.49151655463144, 63.11508913617581), (10.210086354730455, 53.49151287980742, 63.11453954155695), (10.210089279030534, 53.49151443611055, 63.11420645634098), (10.210086108854869, 53.49151655463145, 63.11508913621583), (10.210083184554739, 53.49151499832825, 63.11542222143362), (10.210086354730455, 53.49151287980742, 63.11453954155695), (10.210084300583897, 53.49151061695553, 49.04844928971215), (10.210078387691572, 53.4915145683405, 49.050095630933356), (10.210086964760356, 53.4915191330293, 49.049118681001346), (10.21009287765249, 53.491515181643905, 49.04747233978196), (10.210084300583897, 53.49151061695553, 49.04844928971215), (10.206981345816857, 53.49026737761719, 51.209152977403384), (10.206981076512267, 53.490267784740034, 51.20865678648573), (10.206980403468231, 53.49026795902076, 51.20794549866825), (10.206979720823684, 53.49026779840178, 51.20743564720863), (10.206979428508218, 53.49026739689656, 51.20742598401649), (10.206979697812818, 53.490266989773716, 51.20792217493414), (10.206980370856845, 53.490266815493015, 51.20863346275162), (10.206981053501377, 53.49026697611198, 51.209143314211246), (10.206981345816857, 53.49026737761719, 51.209152977403384), (10.206981076512267, 53.490267784740034, 51.20865678648573), (10.206980403468231, 53.49026795902076, 51.20794549866825), (10.206979720823684, 53.49026779840178, 51.20743564720863), (10.206979428508218, 53.49026739689656, 51.20742598401649), (10.206979697812818, 53.490266989773716, 51.20792217493414), (10.206980370856845, 53.490266815493015, 51.20863346275162), (10.206981053501377, 53.49026697611198, 51.209143314211246), (10.206981345816857, 53.49026737761719, 51.209152977403384), (10.20698068140527, 53.49026754330355, 54.47962047622695), (10.206980412100673, 53.49026795042641, 54.4791242853093), (10.206979739056631, 53.490268124707114, 54.478412997491816), (10.206979056412084, 53.49026796408813, 54.47790314603219), (10.206978764096622, 53.49026756258293, 54.47789348284005), (10.206979033401232, 53.490267155460074, 54.478389673757704), (10.206979706445264, 53.490266981179374, 54.479100961575185), (10.206980389089795, 53.490267141798356, 54.47961081303481), (10.20698068140527, 53.49026754330355, 54.47962047622695), (10.206980412100673, 53.49026795042641, 54.4791242853093), (10.206979739056631, 53.490268124707114, 54.478412997491816), (10.206979056412084, 53.49026796408813, 54.47790314603219), (10.206978764096622, 53.49026756258293, 54.47789348284005), (10.206979033401232, 53.490267155460074, 54.478389673757704), (10.206979706445264, 53.490266981179374, 54.479100961575185), (10.206980389089795, 53.490267141798356, 54.47961081303481), (10.20698068140527, 53.49026754330355, 54.47962047622695), (10.206981345816857, 53.49026737761719, 51.209152977403384), (10.20698068140527, 53.49026754330355, 54.47962047622695), (10.206980412100673, 53.49026795042641, 54.4791242853093), (10.206981076512267, 53.490267784740034, 51.20865678648573), (10.206981345816857, 53.49026737761719, 51.209152977403384), (10.206981076512267, 53.490267784740034, 51.20865678648573), (10.206980403468231, 53.49026795902076, 51.20794549866825), (10.206979739056631, 53.490268124707114, 54.478412997491816), (10.206980412100673, 53.49026795042641, 54.4791242853093), (10.206981076512267, 53.490267784740034, 51.20865678648573), (10.206980403468231, 53.49026795902076, 51.20794549866825), (10.206979720823684, 53.49026779840178, 51.20743564720863), (10.206979056412084, 53.49026796408813, 54.47790314603219), (10.206979739056631, 53.490268124707114, 54.478412997491816), (10.206980403468231, 53.49026795902076, 51.20794549866825), (10.206979720823684, 53.49026779840178, 51.20743564720863), (10.206979428508218, 53.49026739689656, 51.20742598401649), (10.206978764096622, 53.49026756258293, 54.47789348284005), (10.206979056412084, 53.49026796408813, 54.47790314603219), (10.206979720823684, 53.49026779840178, 51.20743564720863), (10.206979428508218, 53.49026739689656, 51.20742598401649), (10.206979697812818, 53.490266989773716, 51.20792217493414), (10.206979033401232, 53.490267155460074, 54.478389673757704), (10.206978764096622, 53.49026756258293, 54.47789348284005), (10.206979428508218, 53.49026739689656, 51.20742598401649), (10.206979697812818, 53.490266989773716, 51.20792217493414), (10.206979033401232, 53.490267155460074, 54.478389673757704), (10.206979706445264, 53.490266981179374, 54.479100961575185), (10.206980370856845, 53.490266815493015, 51.20863346275162), (10.206979697812818, 53.490266989773716, 51.20792217493414), (10.206980370856845, 53.490266815493015, 51.20863346275162), (10.206981053501377, 53.49026697611198, 51.209143314211246), (10.206980389089795, 53.490267141798356, 54.47961081303481), (10.206979706445264, 53.490266981179374, 54.479100961575185), (10.206980370856845, 53.490266815493015, 51.20863346275162), (10.206981053501377, 53.49026697611198, 51.209143314211246), (10.206980389089795, 53.490267141798356, 54.47961081303481), (10.20698068140527, 53.49026754330355, 54.47962047622695), (10.206981345816857, 53.49026737761719, 51.209152977403384), (10.206981053501377, 53.49026697611198, 51.209143314211246), (10.206981345816857, 53.49026737761719, 51.209152977403384), (10.20698068140527, 53.49026754330355, 54.47962047622695), (10.206980412100673, 53.49026795042641, 54.4791242853093), (10.206981076512267, 53.490267784740034, 51.20865678648573), (10.206981345816857, 53.49026737761719, 51.209152977403384), (10.206981076512267, 53.490267784740034, 51.20865678648573), (10.206980403468231, 53.49026795902076, 51.20794549866825), (10.206979739056631, 53.490268124707114, 54.478412997491816), (10.206980412100673, 53.49026795042641, 54.4791242853093), (10.206981076512267, 53.490267784740034, 51.20865678648573), (10.206980403468231, 53.49026795902076, 51.20794549866825), (10.206979720823684, 53.49026779840178, 51.20743564720863), (10.206979056412084, 53.49026796408813, 54.47790314603219), (10.206979739056631, 53.490268124707114, 54.478412997491816), (10.206980403468231, 53.49026795902076, 51.20794549866825), (10.206979720823684, 53.49026779840178, 51.20743564720863), (10.206979428508218, 53.49026739689656, 51.20742598401649), (10.206978764096622, 53.49026756258293, 54.47789348284005), (10.206979056412084, 53.49026796408813, 54.47790314603219), (10.206979720823684, 53.49026779840178, 51.20743564720863), (10.206979428508218, 53.49026739689656, 51.20742598401649), (10.206979697812818, 53.490266989773716, 51.20792217493414), (10.206979033401232, 53.490267155460074, 54.478389673757704), (10.206978764096622, 53.49026756258293, 54.47789348284005), (10.206979428508218, 53.49026739689656, 51.20742598401649), (10.206979697812818, 53.490266989773716, 51.20792217493414), (10.206979033401232, 53.490267155460074, 54.478389673757704), (10.206979706445264, 53.490266981179374, 54.479100961575185), (10.206980370856845, 53.490266815493015, 51.20863346275162), (10.206979697812818, 53.490266989773716, 51.20792217493414), (10.206980370856845, 53.490266815493015, 51.20863346275162), (10.206981053501377, 53.49026697611198, 51.209143314211246), (10.206980389089795, 53.490267141798356, 54.47961081303481), (10.206979706445264, 53.490266981179374, 54.479100961575185), (10.206980370856845, 53.490266815493015, 51.20863346275162), (10.206981053501377, 53.49026697611198, 51.209143314211246), (10.206980389089795, 53.490267141798356, 54.47961081303481), (10.20698068140527, 53.49026754330355, 54.47962047622695), (10.206981345816857, 53.49026737761719, 51.209152977403384), (10.206981053501377, 53.49026697611198, 51.209143314211246), (10.204551316323192, 53.48908114950044, 51.27058740635693), (10.204551013916596, 53.489081606610746, 51.2703769120963), (10.204550258106538, 53.489081802309556, 51.27026070950328), (10.204549491636541, 53.489081621952614, 51.270306871309735), (10.204549163501909, 53.489081171195316, 51.27048835483293), (10.20454946590852, 53.489080714085, 51.270698849093556), (10.204550221718565, 53.48908051838624, 51.270815051686576), (10.204550988188544, 53.48908069874315, 51.270768889880124), (10.204551316323192, 53.48908114950044, 51.27058740635693), (10.204551013916596, 53.489081606610746, 51.2703769120963), (10.204550258106538, 53.489081802309556, 51.27026070950328), (10.204549491636541, 53.489081621952614, 51.270306871309735), (10.204549163501909, 53.489081171195316, 51.27048835483293), (10.20454946590852, 53.489080714085, 51.270698849093556), (10.204550221718565, 53.48908051838624, 51.270815051686576), (10.204550988188544, 53.48908069874315, 51.270768889880124), (10.204551316323192, 53.48908114950044, 51.27058740635693), (10.204551283084276, 53.48908127240105, 54.78461366533083), (10.204550980677677, 53.48908172951135, 54.7844031710702), (10.204550224867615, 53.48908192521016, 54.78428696847718), (10.204549458397619, 53.48908174485323, 54.784333130283635), (10.204549130262986, 53.48908129409592, 54.78451461380683), (10.204549432669602, 53.48908083698563, 54.784725108067455), (10.204550188479647, 53.48908064128684, 54.784841310660475), (10.204550954949626, 53.48908082164375, 54.78479514885402), (10.204551283084276, 53.48908127240105, 54.78461366533083), (10.204550980677677, 53.48908172951135, 54.7844031710702), (10.204550224867615, 53.48908192521016, 54.78428696847718), (10.204549458397619, 53.48908174485323, 54.784333130283635), (10.204549130262986, 53.48908129409592, 54.78451461380683), (10.204549432669602, 53.48908083698563, 54.784725108067455), (10.204550188479647, 53.48908064128684, 54.784841310660475), (10.204550954949626, 53.48908082164375, 54.78479514885402), (10.204551283084276, 53.48908127240105, 54.78461366533083), (10.204551316323192, 53.48908114950044, 51.27058740635693), (10.204551283084276, 53.48908127240105, 54.78461366533083), (10.204550980677677, 53.48908172951135, 54.7844031710702), (10.204551013916596, 53.489081606610746, 51.2703769120963), (10.204551316323192, 53.48908114950044, 51.27058740635693), (10.204551013916596, 53.489081606610746, 51.2703769120963), (10.204550980677677, 53.48908172951135, 54.7844031710702), (10.204550224867615, 53.48908192521016, 54.78428696847718), (10.204550258106538, 53.489081802309556, 51.27026070950328), (10.204551013916596, 53.489081606610746, 51.2703769120963), (10.204550258106538, 53.489081802309556, 51.27026070950328), (10.204550224867615, 53.48908192521016, 54.78428696847718), (10.204549458397619, 53.48908174485323, 54.784333130283635), (10.204549491636541, 53.489081621952614, 51.270306871309735), (10.204550258106538, 53.489081802309556, 51.27026070950328), (10.204549491636541, 53.489081621952614, 51.270306871309735), (10.204549163501909, 53.489081171195316, 51.27048835483293), (10.204549130262986, 53.48908129409592, 54.78451461380683), (10.204549458397619, 53.48908174485323, 54.784333130283635), (10.204549491636541, 53.489081621952614, 51.270306871309735), (10.204549163501909, 53.489081171195316, 51.27048835483293), (10.20454946590852, 53.489080714085, 51.270698849093556), (10.204549432669602, 53.48908083698563, 54.784725108067455), (10.204549130262986, 53.48908129409592, 54.78451461380683), (10.204549163501909, 53.489081171195316, 51.27048835483293), (10.20454946590852, 53.489080714085, 51.270698849093556), (10.204550221718565, 53.48908051838624, 51.270815051686576), (10.204550188479647, 53.48908064128684, 54.784841310660475), (10.204549432669602, 53.48908083698563, 54.784725108067455), (10.20454946590852, 53.489080714085, 51.270698849093556), (10.204550221718565, 53.48908051838624, 51.270815051686576), (10.204550988188544, 53.48908069874315, 51.270768889880124), (10.204550954949626, 53.48908082164375, 54.78479514885402), (10.204550188479647, 53.48908064128684, 54.784841310660475), (10.204550221718565, 53.48908051838624, 51.270815051686576), (10.204550988188544, 53.48908069874315, 51.270768889880124), (10.204550954949626, 53.48908082164375, 54.78479514885402), (10.204551283084276, 53.48908127240105, 54.78461366533083), (10.204551316323192, 53.48908114950044, 51.27058740635693), (10.204550988188544, 53.48908069874315, 51.270768889880124), (10.204551316323192, 53.48908114950044, 51.27058740635693), (10.204551283084276, 53.48908127240105, 54.78461366533083), (10.204550980677677, 53.48908172951135, 54.7844031710702), (10.204551013916596, 53.489081606610746, 51.2703769120963), (10.204551316323192, 53.48908114950044, 51.27058740635693), (10.204551013916596, 53.489081606610746, 51.2703769120963), (10.204550980677677, 53.48908172951135, 54.7844031710702), (10.204550224867615, 53.48908192521016, 54.78428696847718), (10.204550258106538, 53.489081802309556, 51.27026070950328), (10.204551013916596, 53.489081606610746, 51.2703769120963), (10.204550258106538, 53.489081802309556, 51.27026070950328), (10.204550224867615, 53.48908192521016, 54.78428696847718), (10.204549458397619, 53.48908174485323, 54.784333130283635), (10.204549491636541, 53.489081621952614, 51.270306871309735), (10.204550258106538, 53.489081802309556, 51.27026070950328), (10.204549491636541, 53.489081621952614, 51.270306871309735), (10.204549163501909, 53.489081171195316, 51.27048835483293), (10.204549130262986, 53.48908129409592, 54.78451461380683), (10.204549458397619, 53.48908174485323, 54.784333130283635), (10.204549491636541, 53.489081621952614, 51.270306871309735), (10.204549163501909, 53.489081171195316, 51.27048835483293), (10.20454946590852, 53.489080714085, 51.270698849093556), (10.204549432669602, 53.48908083698563, 54.784725108067455), (10.204549130262986, 53.48908129409592, 54.78451461380683), (10.204549163501909, 53.489081171195316, 51.27048835483293), (10.20454946590852, 53.489080714085, 51.270698849093556), (10.204550221718565, 53.48908051838624, 51.270815051686576), (10.204550188479647, 53.48908064128684, 54.784841310660475), (10.204549432669602, 53.48908083698563, 54.784725108067455), (10.20454946590852, 53.489080714085, 51.270698849093556), (10.204550221718565, 53.48908051838624, 51.270815051686576), (10.204550988188544, 53.48908069874315, 51.270768889880124), (10.204550954949626, 53.48908082164375, 54.78479514885402), (10.204550188479647, 53.48908064128684, 54.784841310660475), (10.204550221718565, 53.48908051838624, 51.270815051686576), (10.204550988188544, 53.48908069874315, 51.270768889880124), (10.204550954949626, 53.48908082164375, 54.78479514885402), (10.204551283084276, 53.48908127240105, 54.78461366533083), (10.204551316323192, 53.48908114950044, 51.27058740635693), (10.204550988188544, 53.48908069874315, 51.270768889880124), (10.20435352772416, 53.48891131772534, 52.2317483566203), (10.204352885533579, 53.488911759473844, 52.23152680511248), (10.204353757754912, 53.488912210480116, 52.23139668499152), (10.204354399945494, 53.48891176873159, 52.231618236499344), (10.20435352772416, 53.48891131772534, 52.2317483566203), (10.204354430614677, 53.4889116975835, 50.08414246459233), (10.204353558393347, 53.488911246577224, 50.08427258471329), (10.204352916202764, 53.48891168832573, 50.08405103320547), (10.204353788424097, 53.488912139332, 50.08392091308451), (10.204354430614677, 53.4889116975835, 50.08414246459233), (10.204352885533579, 53.488911759473844, 52.23152680511248), (10.20435352772416, 53.48891131772534, 52.2317483566203), (10.204353558393347, 53.488911246577224, 50.08427258471329), (10.204352916202764, 53.48891168832573, 50.08405103320547), (10.204352885533579, 53.488911759473844, 52.23152680511248), (10.204353757754912, 53.488912210480116, 52.23139668499152), (10.204352885533579, 53.488911759473844, 52.23152680511248), (10.204352916202764, 53.48891168832573, 50.08405103320547), (10.204353788424097, 53.488912139332, 50.08392091308451), (10.204353757754912, 53.488912210480116, 52.23139668499152), (10.204354399945494, 53.48891176873159, 52.231618236499344), (10.204354430614677, 53.4889116975835, 50.08414246459233), (10.204353788424097, 53.488912139332, 50.08392091308451), (10.204353757754912, 53.488912210480116, 52.23139668499152), (10.204354399945494, 53.48891176873159, 52.231618236499344), (10.20435352772416, 53.48891131772534, 52.2317483566203), (10.204354399945494, 53.48891176873159, 52.231618236499344), (10.204354430614677, 53.4889116975835, 50.08414246459233), (10.204353558393347, 53.488911246577224, 50.08427258471329), (10.20435352772416, 53.48891131772534, 52.2317483566203), (10.197179159356017, 53.486926088698894, 54.43988172081299), (10.197178795950741, 53.48692705800868, 54.44036733367102), (10.197184506848126, 53.48692781951157, 54.44358655214455), (10.197184870253276, 53.486926850201755, 54.44310093928652), (10.197179159356017, 53.486926088698894, 54.43988172081299), (10.19718536561106, 53.48692710280891, 49.83387839871284), (10.197185002205924, 53.48692807211873, 49.83436401157087), (10.197179291308496, 53.48692731061587, 49.83114479309734), (10.197179654713759, 53.486926341306074, 49.83065918023931), (10.19718536561106, 53.48692710280891, 49.83387839871284), (10.197178795950741, 53.48692705800868, 54.44036733367102), (10.197179291308496, 53.48692731061587, 49.83114479309734), (10.197179654713759, 53.486926341306074, 49.83065918023931), (10.197179159356017, 53.486926088698894, 54.43988172081299), (10.197178795950741, 53.48692705800868, 54.44036733367102), (10.197184506848126, 53.48692781951157, 54.44358655214455), (10.197185002205924, 53.48692807211873, 49.83436401157087), (10.197179291308496, 53.48692731061587, 49.83114479309734), (10.197178795950741, 53.48692705800868, 54.44036733367102), (10.197184506848126, 53.48692781951157, 54.44358655214455), (10.197184870253276, 53.486926850201755, 54.44310093928652), (10.197184506848126, 53.48692781951157, 54.44358655214455), (10.197185002205924, 53.48692807211873, 49.83436401157087), (10.19718536561106, 53.48692710280891, 49.83387839871284), (10.197184870253276, 53.486926850201755, 54.44310093928652), (10.197179159356017, 53.486926088698894, 54.43988172081299), (10.197179654713759, 53.486926341306074, 49.83065918023931), (10.19718536561106, 53.48692710280891, 49.83387839871284), (10.197184870253276, 53.486926850201755, 54.44310093928652), (10.197179159356017, 53.486926088698894, 54.43988172081299), (10.197201542437167, 53.48686828418668, 54.34969811516021), (10.197207253469935, 53.48686904578358, 54.35087476304216), (10.197206890071255, 53.48687001509712, 54.35128208639799), (10.19720117903836, 53.48686925350018, 54.35010543851604), (10.197201542437167, 53.48686828418668, 54.34969811516021), (10.197207403002212, 53.48686922219967, 49.741501801234335), (10.197201691969418, 53.48686846060279, 49.74032515335239), (10.197201328570612, 53.4868694299163, 49.74073247670822), (10.197207039603532, 53.486870191513226, 49.741909124590165), (10.197207403002212, 53.48686922219967, 49.741501801234335), (10.19720117903836, 53.48686925350018, 54.35010543851604), (10.197201328570612, 53.4868694299163, 49.74073247670822), (10.197201691969418, 53.48686846060279, 49.74032515335239), (10.197201542437167, 53.48686828418668, 54.34969811516021), (10.19720117903836, 53.48686925350018, 54.35010543851604), (10.197206890071255, 53.48687001509712, 54.35128208639799), (10.19720117903836, 53.48686925350018, 54.35010543851604), (10.197201328570612, 53.4868694299163, 49.74073247670822), (10.197207039603532, 53.486870191513226, 49.741909124590165), (10.197206890071255, 53.48687001509712, 54.35128208639799), (10.197207253469935, 53.48686904578358, 54.35087476304216), (10.197206890071255, 53.48687001509712, 54.35128208639799), (10.197207039603532, 53.486870191513226, 49.741909124590165), (10.197207403002212, 53.48686922219967, 49.741501801234335), (10.197207253469935, 53.48686904578358, 54.35087476304216), (10.197201542437167, 53.48686828418668, 54.34969811516021), (10.197207253469935, 53.48686904578358, 54.35087476304216), (10.197207403002212, 53.48686922219967, 49.741501801234335), (10.197201691969418, 53.48686846060279, 49.74032515335239), (10.197201542437167, 53.48686828418668, 54.34969811516021), (10.196178752230544, 53.48696225100515, 52.898701431346126), (10.19618139257322, 53.48696253743455, 52.89773465781036), (10.196181873480567, 53.48696096079443, 52.89885086999129), (10.196179233137988, 53.48696067436505, 52.89981764352706), (10.196178752230544, 53.48696225100515, 52.898701431346126), (10.196178973108616, 53.48696041234329, 48.811740655160975), (10.196181613451179, 53.48696069877269, 48.81077388162521), (10.196181132543822, 53.486962275412814, 48.80965766944428), (10.196178492201167, 53.486961988983396, 48.81062444298004), (10.196178973108616, 53.48696041234329, 48.811740655160975), (10.19618139257322, 53.48696253743455, 52.89773465781036), (10.196178752230544, 53.48696225100515, 52.898701431346126), (10.196178492201167, 53.486961988983396, 48.81062444298004), (10.196181132543822, 53.486962275412814, 48.80965766944428), (10.19618139257322, 53.48696253743455, 52.89773465781036), (10.196181873480567, 53.48696096079443, 52.89885086999129), (10.19618139257322, 53.48696253743455, 52.89773465781036), (10.196181132543822, 53.486962275412814, 48.80965766944428), (10.196181613451179, 53.48696069877269, 48.81077388162521), (10.196181873480567, 53.48696096079443, 52.89885086999129), (10.196179233137988, 53.48696067436505, 52.89981764352706), (10.196178973108616, 53.48696041234329, 48.811740655160975), (10.196181613451179, 53.48696069877269, 48.81077388162521), (10.196181873480567, 53.48696096079443, 52.89885086999129), (10.196179233137988, 53.48696067436505, 52.89981764352706), (10.196178752230544, 53.48696225100515, 52.898701431346126), (10.196178492201167, 53.486961988983396, 48.81062444298004), (10.196178973108616, 53.48696041234329, 48.811740655160975), (10.196179233137988, 53.48696067436505, 52.89981764352706), (10.196178752230544, 53.48696225100515, 52.898701431346126), (10.199611834237292, 53.487410016350616, 54.26132533324562), (10.199614343909419, 53.4874105833835, 54.26184366521193), (10.19961529581134, 53.48740908483189, 54.26033544492384), (10.199612786139287, 53.487408517799004, 54.259817112957535), (10.199611834237292, 53.487410016350616, 54.26132533324562), (10.199612769194623, 53.487408846472704, 50.17025850631035), (10.199611817292617, 53.48741034502431, 50.171766726598435), (10.199614326964763, 53.4874109120572, 50.17228505856474), (10.199615278866695, 53.48740941350558, 50.17077683827665), (10.199612769194623, 53.487408846472704, 50.17025850631035), (10.199614343909419, 53.4874105833835, 54.26184366521193), (10.199611834237292, 53.487410016350616, 54.26132533324562), (10.199611817292617, 53.48741034502431, 50.171766726598435), (10.199614326964763, 53.4874109120572, 50.17228505856474), (10.199614343909419, 53.4874105833835, 54.26184366521193), (10.19961529581134, 53.48740908483189, 54.26033544492384), (10.199614343909419, 53.4874105833835, 54.26184366521193), (10.199614326964763, 53.4874109120572, 50.17228505856474), (10.199615278866695, 53.48740941350558, 50.17077683827665), (10.19961529581134, 53.48740908483189, 54.26033544492384), (10.199612786139287, 53.487408517799004, 54.259817112957535), (10.19961529581134, 53.48740908483189, 54.26033544492384), (10.199615278866695, 53.48740941350558, 50.17077683827665), (10.199612769194623, 53.487408846472704, 50.17025850631035), (10.199612786139287, 53.487408517799004, 54.259817112957535), (10.199611834237292, 53.487410016350616, 54.26132533324562), (10.199611817292617, 53.48741034502431, 50.171766726598435), (10.199612769194623, 53.487408846472704, 50.17025850631035), (10.199612786139287, 53.487408517799004, 54.259817112957535), (10.199611834237292, 53.487410016350616, 54.26132533324562), (10.199561335589546, 53.48749707176591, 53.439235177742376), (10.199562226353853, 53.48749555987531, 53.44035997601168), (10.19956475831701, 53.48749609046859, 53.43956164833071), (10.199563867552778, 53.48749760235924, 53.43843685006141), (10.199561335589546, 53.48749707176591, 53.439235177742376), (10.19956209912967, 53.487495295905696, 49.49188175617019), (10.199561208365362, 53.487496807796305, 49.490756957900885), (10.199563740328578, 53.48749733838962, 49.48995863021992), (10.199564631092809, 53.487495826499, 49.49108342848922), (10.19956209912967, 53.487495295905696, 49.49188175617019), (10.199563867552778, 53.48749760235924, 53.43843685006141), (10.199561335589546, 53.48749707176591, 53.439235177742376), (10.199561208365362, 53.487496807796305, 49.490756957900885), (10.199563740328578, 53.48749733838962, 49.48995863021992), (10.199563867552778, 53.48749760235924, 53.43843685006141), (10.19956475831701, 53.48749609046859, 53.43956164833071), (10.199563867552778, 53.48749760235924, 53.43843685006141), (10.199563740328578, 53.48749733838962, 49.48995863021992), (10.199564631092809, 53.487495826499, 49.49108342848922), (10.19956475831701, 53.48749609046859, 53.43956164833071), (10.199562226353853, 53.48749555987531, 53.44035997601168), (10.19956209912967, 53.487495295905696, 49.49188175617019), (10.199564631092809, 53.487495826499, 49.49108342848922), (10.19956475831701, 53.48749609046859, 53.43956164833071), (10.199562226353853, 53.48749555987531, 53.44035997601168), (10.199561335589546, 53.48749707176591, 53.439235177742376), (10.199561208365362, 53.487496807796305, 49.490756957900885), (10.19956209912967, 53.487495295905696, 49.49188175617019), (10.199562226353853, 53.48749555987531, 53.44035997601168), (10.199561335589546, 53.48749707176591, 53.439235177742376), (10.204082492918594, 53.48885899270289, 53.76282419882409), (10.204084691014558, 53.488859911089946, 53.76292737155018), (10.204086232747215, 53.48885859858348, 53.76235200377778), (10.20408403465129, 53.48885768019644, 53.76224883105169), (10.204082492918594, 53.48885899270289, 53.76282419882409), (10.20408396227587, 53.48885777346156, 50.27475224962109), (10.204082420543168, 53.488859085968, 50.275327617393486), (10.204084618639135, 53.48886000435504, 50.27543079011957), (10.2040861603718, 53.48885869184858, 50.27485542234717), (10.20408396227587, 53.48885777346156, 50.27475224962109), (10.204084691014558, 53.488859911089946, 53.76292737155018), (10.204082492918594, 53.48885899270289, 53.76282419882409), (10.204082420543168, 53.488859085968, 50.275327617393486), (10.204084618639135, 53.48886000435504, 50.27543079011957), (10.204084691014558, 53.488859911089946, 53.76292737155018), (10.204086232747215, 53.48885859858348, 53.76235200377778), (10.204084691014558, 53.488859911089946, 53.76292737155018), (10.204084618639135, 53.48886000435504, 50.27543079011957), (10.2040861603718, 53.48885869184858, 50.27485542234717), (10.204086232747215, 53.48885859858348, 53.76235200377778), (10.20408403465129, 53.48885768019644, 53.76224883105169), (10.20408396227587, 53.48885777346156, 50.27475224962109), (10.2040861603718, 53.48885869184858, 50.27485542234717), (10.204086232747215, 53.48885859858348, 53.76235200377778), (10.20408403465129, 53.48885768019644, 53.76224883105169), (10.204082492918594, 53.48885899270289, 53.76282419882409), (10.20408403465129, 53.48885768019644, 53.76224883105169), (10.20408396227587, 53.48885777346156, 50.27475224962109), (10.204082420543168, 53.488859085968, 50.275327617393486), (10.204082492918594, 53.48885899270289, 53.76282419882409), (10.204013557833902, 53.48892691757497, 56.62464297292718), (10.204008850868085, 53.48892484347546, 56.62485295307488), (10.204009840406988, 53.48892404470199, 56.62316596085111), (10.204014547372761, 53.48892611880145, 56.62295598070341), (10.204013557833902, 53.48892691757497, 56.62464297292718), (10.20400794109043, 53.48892552592142, 50.27526096808833), (10.204012648056274, 53.488927600020986, 50.27505098794063), (10.20401363759517, 53.488926801247494, 50.27336399571686), (10.204008930629364, 53.48892472714796, 50.273573975864565), (10.20400794109043, 53.48892552592142, 50.27526096808833), (10.204014547372761, 53.48892611880145, 56.62295598070341), (10.204013557833902, 53.48892691757497, 56.62464297292718), (10.204012648056274, 53.488927600020986, 50.27505098794063), (10.20401363759517, 53.488926801247494, 50.27336399571686), (10.204014547372761, 53.48892611880145, 56.62295598070341), (10.204009840406988, 53.48892404470199, 56.62316596085111), (10.204014547372761, 53.48892611880145, 56.62295598070341), (10.20401363759517, 53.488926801247494, 50.27336399571686), (10.204008930629364, 53.48892472714796, 50.273573975864565), (10.204009840406988, 53.48892404470199, 56.62316596085111), (10.204008850868085, 53.48892484347546, 56.62485295307488), (10.20400794109043, 53.48892552592142, 50.27526096808833), (10.204008930629364, 53.48892472714796, 50.273573975864565), (10.204009840406988, 53.48892404470199, 56.62316596085111), (10.204008850868085, 53.48892484347546, 56.62485295307488), (10.204013557833902, 53.48892691757497, 56.62464297292718), (10.204012648056274, 53.488927600020986, 50.27505098794063), (10.20400794109043, 53.48892552592142, 50.27526096808833), (10.204008850868085, 53.48892484347546, 56.62485295307488), (10.204013557833902, 53.48892691757497, 56.62464297292718), (10.204021436928098, 53.48899471480529, 53.617090210806055), (10.20402313554871, 53.48899347308042, 53.61692439666149), (10.204025215099477, 53.48899448491674, 53.61706891412814), (10.204023516478884, 53.48899572664162, 53.617234728272706), (10.204021436928098, 53.48899471480529, 53.617090210806055), (10.204023137636717, 53.488993510633776, 50.229910664878844), (10.2040214390161, 53.48899475235864, 50.23007647902341), (10.204023518566894, 53.48899576419498, 50.23022099649006), (10.204025217187487, 53.4889945224701, 50.230055182345495), (10.204023137636717, 53.488993510633776, 50.229910664878844), (10.204023516478884, 53.48899572664162, 53.617234728272706), (10.204021436928098, 53.48899471480529, 53.617090210806055), (10.2040214390161, 53.48899475235864, 50.23007647902341), (10.204023518566894, 53.48899576419498, 50.23022099649006), (10.204023516478884, 53.48899572664162, 53.617234728272706), (10.204025215099477, 53.48899448491674, 53.61706891412814), (10.204025217187487, 53.4889945224701, 50.230055182345495), (10.204023518566894, 53.48899576419498, 50.23022099649006), (10.204023516478884, 53.48899572664162, 53.617234728272706), (10.204025215099477, 53.48899448491674, 53.61706891412814), (10.20402313554871, 53.48899347308042, 53.61692439666149), (10.204023137636717, 53.488993510633776, 50.229910664878844), (10.204025217187487, 53.4889945224701, 50.230055182345495), (10.204025215099477, 53.48899448491674, 53.61706891412814), (10.20402313554871, 53.48899347308042, 53.61692439666149), (10.204021436928098, 53.48899471480529, 53.617090210806055), (10.20402313554871, 53.48899347308042, 53.61692439666149), (10.204023137636717, 53.488993510633776, 50.229910664878844), (10.2040214390161, 53.48899475235864, 50.23007647902341), (10.204021436928098, 53.48899471480529, 53.617090210806055), (10.204897231366282, 53.489022316849024, 54.81243232669658), (10.204892529394579, 53.489020238828154, 54.814838112703), (10.204893520724431, 53.489019440832564, 54.81322015284968), (10.204898222696098, 53.48902151885339, 54.81081436684326), (10.204897231366282, 53.489022316849024, 54.81243232669658), (10.204891541314815, 53.489020586331925, 50.02766104731563), (10.204896243286516, 53.489022664352866, 50.02525526130921), (10.204897234616354, 53.48902186635724, 50.02363730145589), (10.204892532644696, 53.48901978833637, 50.02604308746231), (10.204891541314815, 53.489020586331925, 50.02766104731563), (10.204898222696098, 53.48902151885339, 54.81081436684326), (10.204897231366282, 53.489022316849024, 54.81243232669658), (10.204896243286516, 53.489022664352866, 50.02525526130921), (10.204897234616354, 53.48902186635724, 50.02363730145589), (10.204898222696098, 53.48902151885339, 54.81081436684326), (10.204893520724431, 53.489019440832564, 54.81322015284968), (10.204898222696098, 53.48902151885339, 54.81081436684326), (10.204897234616354, 53.48902186635724, 50.02363730145589), (10.204892532644696, 53.48901978833637, 50.02604308746231), (10.204893520724431, 53.489019440832564, 54.81322015284968), (10.204892529394579, 53.489020238828154, 54.814838112703), (10.204891541314815, 53.489020586331925, 50.02766104731563), (10.204892532644696, 53.48901978833637, 50.02604308746231), (10.204893520724431, 53.489019440832564, 54.81322015284968), (10.204892529394579, 53.489020238828154, 54.814838112703), (10.204897231366282, 53.489022316849024, 54.81243232669658), (10.204892529394579, 53.489020238828154, 54.814838112703), (10.204891541314815, 53.489020586331925, 50.02766104731563), (10.204896243286516, 53.489022664352866, 50.02525526130921), (10.204897231366282, 53.489022316849024, 54.81243232669658), (10.204799981871977, 53.489100993709414, 55.977748366341984), (10.204795139474784, 53.489099033625294, 55.97824635847064), (10.20479607454217, 53.48909821191367, 55.976163387640554), (10.204800916939321, 53.48910017199774, 55.975665395511896), (10.204799981871977, 53.489100993709414, 55.977748366341984), (10.204794112770925, 53.48909981577464, 50.12947981120669), (10.20479504783835, 53.48909899406303, 50.127396840376605), (10.204799890235543, 53.48910095414715, 50.12689884824795), (10.20479895516816, 53.4891017758588, 50.128981819078035), (10.204794112770925, 53.48909981577464, 50.12947981120669), (10.204800916939321, 53.48910017199774, 55.975665395511896), (10.204799981871977, 53.489100993709414, 55.977748366341984), (10.20479895516816, 53.4891017758588, 50.128981819078035), (10.204799890235543, 53.48910095414715, 50.12689884824795), (10.204800916939321, 53.48910017199774, 55.975665395511896), (10.20479607454217, 53.48909821191367, 55.976163387640554), (10.204800916939321, 53.48910017199774, 55.975665395511896), (10.204799890235543, 53.48910095414715, 50.12689884824795), (10.20479504783835, 53.48909899406303, 50.127396840376605), (10.20479607454217, 53.48909821191367, 55.976163387640554), (10.204795139474784, 53.489099033625294, 55.97824635847064), (10.204794112770925, 53.48909981577464, 50.12947981120669), (10.20479504783835, 53.48909899406303, 50.127396840376605), (10.20479607454217, 53.48909821191367, 55.976163387640554), (10.204795139474784, 53.489099033625294, 55.97824635847064), (10.204799981871977, 53.489100993709414, 55.977748366341984), (10.204795139474784, 53.489099033625294, 55.97824635847064), (10.204794112770925, 53.48909981577464, 50.12947981120669), (10.20479895516816, 53.4891017758588, 50.128981819078035), (10.204799981871977, 53.489100993709414, 55.977748366341984), (10.205187327180452, 53.48908673467785, 54.87276183908398), (10.205191997234293, 53.48908883818635, 54.87472842438001), (10.20519099358532, 53.48908963079329, 54.874005460085755), (10.205186323531445, 53.48908752728473, 54.87203887478972), (10.205187327180452, 53.48908673467785, 54.87276183908398), (10.205192572769459, 53.489088744953094, 50.09156756148877), (10.205187902715602, 53.48908664144461, 50.08960097619274), (10.205186899066607, 53.489087434051505, 50.08887801189849), (10.205191569120501, 53.489089537560034, 50.09084459719452), (10.205192572769459, 53.489088744953094, 50.09156756148877), (10.205186323531445, 53.48908752728473, 54.87203887478972), (10.205186899066607, 53.489087434051505, 50.08887801189849), (10.205187902715602, 53.48908664144461, 50.08960097619274), (10.205187327180452, 53.48908673467785, 54.87276183908398), (10.205186323531445, 53.48908752728473, 54.87203887478972), (10.20519099358532, 53.48908963079329, 54.874005460085755), (10.205186323531445, 53.48908752728473, 54.87203887478972), (10.205186899066607, 53.489087434051505, 50.08887801189849), (10.205191569120501, 53.489089537560034, 50.09084459719452), (10.20519099358532, 53.48908963079329, 54.874005460085755), (10.205191997234293, 53.48908883818635, 54.87472842438001), (10.20519099358532, 53.48908963079329, 54.874005460085755), (10.205191569120501, 53.489089537560034, 50.09084459719452), (10.205192572769459, 53.489088744953094, 50.09156756148877), (10.205191997234293, 53.48908883818635, 54.87472842438001), (10.205187327180452, 53.48908673467785, 54.87276183908398), (10.205191997234293, 53.48908883818635, 54.87472842438001), (10.205192572769459, 53.489088744953094, 50.09156756148877), (10.205187902715602, 53.48908664144461, 50.08960097619274), (10.205187327180452, 53.48908673467785, 54.87276183908398), (10.206636516725881, 53.49025696235073, 53.15136560769588), (10.206641010006619, 53.49025919877674, 53.15150671087213), (10.20663994297031, 53.49025996125546, 53.15319428339899), (10.206635449689552, 53.490257724829405, 53.15305318022274), (10.206636516725881, 53.49025696235073, 53.15136560769588), (10.20664072822737, 53.49025941015558, 51.18485970324673), (10.206639661191053, 53.49026017263428, 51.18654727577359), (10.206635167910282, 53.49025793620824, 51.186406172597344), (10.206636234946625, 53.49025717372956, 51.18471860007048), (10.20664072822737, 53.49025941015558, 51.18485970324673), (10.206635449689552, 53.490257724829405, 53.15305318022274), (10.206636516725881, 53.49025696235073, 53.15136560769588), (10.206636234946625, 53.49025717372956, 51.18471860007048), (10.206635167910282, 53.49025793620824, 51.186406172597344), (10.206635449689552, 53.490257724829405, 53.15305318022274), (10.20663994297031, 53.49025996125546, 53.15319428339899), (10.206639661191053, 53.49026017263428, 51.18654727577359), (10.206635167910282, 53.49025793620824, 51.186406172597344), (10.206635449689552, 53.490257724829405, 53.15305318022274), (10.20663994297031, 53.49025996125546, 53.15319428339899), (10.206641010006619, 53.49025919877674, 53.15150671087213), (10.20663994297031, 53.49025996125546, 53.15319428339899), (10.206639661191053, 53.49026017263428, 51.18654727577359), (10.20664072822737, 53.49025941015558, 51.18485970324673), (10.206641010006619, 53.49025919877674, 53.15150671087213), (10.206636516725881, 53.49025696235073, 53.15136560769588), (10.206641010006619, 53.49025919877674, 53.15150671087213), (10.20664072822737, 53.49025941015558, 51.18485970324673), (10.206636234946625, 53.49025717372956, 51.18471860007048), (10.206636516725881, 53.49025696235073, 53.15136560769588), (10.20655181530854, 53.49009516992387, 52.70332973116092), (10.206550748274706, 53.490095932401786, 52.70501730368778), (10.206555241533826, 53.49009816883118, 52.70515840686494), (10.206556308567649, 53.49009740635323, 52.70347083433808), (10.20655181530854, 53.49009516992387, 52.70332973116092), (10.206556108790497, 53.490097556217755, 51.309145153776626), (10.20655161553138, 53.49009531978838, 51.30900405059947), (10.20655054849754, 53.49009608226633, 51.31069162312633), (10.206555041756666, 53.49009831869573, 51.31083272630349), (10.206556108790497, 53.490097556217755, 51.309145153776626), (10.206550748274706, 53.490095932401786, 52.70501730368778), (10.20655181530854, 53.49009516992387, 52.70332973116092), (10.20655161553138, 53.49009531978838, 51.30900405059947), (10.20655054849754, 53.49009608226633, 51.31069162312633), (10.206550748274706, 53.490095932401786, 52.70501730368778), (10.206555241533826, 53.49009816883118, 52.70515840686494), (10.206550748274706, 53.490095932401786, 52.70501730368778), (10.20655054849754, 53.49009608226633, 51.31069162312633), (10.206555041756666, 53.49009831869573, 51.31083272630349), (10.206555241533826, 53.49009816883118, 52.70515840686494), (10.206556308567649, 53.49009740635323, 52.70347083433808), (10.206555241533826, 53.49009816883118, 52.70515840686494), (10.206555041756666, 53.49009831869573, 51.31083272630349), (10.206556108790497, 53.490097556217755, 51.309145153776626), (10.206556308567649, 53.49009740635323, 52.70347083433808), (10.20655181530854, 53.49009516992387, 52.70332973116092), (10.206556308567649, 53.49009740635323, 52.70347083433808), (10.206556108790497, 53.490097556217755, 51.309145153776626), (10.20655161553138, 53.49009531978838, 51.30900405059947), (10.20655181530854, 53.49009516992387, 52.70332973116092), (10.207144808968037, 53.49024073877665, 49.97473314538365), (10.20714588192606, 53.49023997910862, 49.97482575458707), (10.207144779514842, 53.49023947825513, 55.350374466972426), (10.207143706556813, 53.49024023792309, 55.350281857769005), (10.207144808968037, 53.49024073877665, 49.97473314538365), (10.209173904403276, 53.491409466249465, 49.68872417042781), (10.209173674721987, 53.491409813473695, 49.68944048872014), (10.20917310046867, 53.49140996217278, 49.6898998769232), (10.209172517997548, 53.49140982514759, 49.68983307052292), (10.209172268648036, 53.491409482716556, 49.689279254537034), (10.209172498329336, 53.49140913549235, 49.68856293624471), (10.209173072582644, 53.49140898679326, 49.688103548041646), (10.209173655053759, 53.49140912381843, 49.68817035444192), (10.209173904403276, 53.491409466249465, 49.68872417042781), (10.209173674721987, 53.491409813473695, 49.68944048872014), (10.20917310046867, 53.49140996217278, 49.6898998769232), (10.209172517997548, 53.49140982514759, 49.68983307052292), (10.209172268648036, 53.491409482716556, 49.689279254537034), (10.209172498329336, 53.49140913549235, 49.68856293624471), (10.209173072582644, 53.49140898679326, 49.688103548041646), (10.209173655053759, 53.49140912381843, 49.68817035444192), (10.209173904403276, 53.491409466249465, 49.68872417042781), (10.209174172355047, 53.49140891628911, 53.366952139160055), (10.20917394267376, 53.491409263513304, 53.36766845745238), (10.209173368420451, 53.49140941221241, 53.368127845655444), (10.209172785949335, 53.49140927518722, 53.36806103925517), (10.209172536599825, 53.49140893275618, 53.36750722326928), (10.20917276628112, 53.491408585531985, 53.36679090497695), (10.209173340534418, 53.49140843683289, 53.36633151677389), (10.209173923005524, 53.49140857385808, 53.36639832317417), (10.209174172355047, 53.49140891628911, 53.366952139160055), (10.20917394267376, 53.491409263513304, 53.36766845745238), (10.209173368420451, 53.49140941221241, 53.368127845655444), (10.209172785949335, 53.49140927518722, 53.36806103925517), (10.209172536599825, 53.49140893275618, 53.36750722326928), (10.20917276628112, 53.491408585531985, 53.36679090497695), (10.209173340534418, 53.49140843683289, 53.36633151677389), (10.209173923005524, 53.49140857385808, 53.36639832317417), (10.209174172355047, 53.49140891628911, 53.366952139160055), (10.209173904403276, 53.491409466249465, 49.68872417042781), (10.209174172355047, 53.49140891628911, 53.366952139160055), (10.20917394267376, 53.491409263513304, 53.36766845745238), (10.209173674721987, 53.491409813473695, 49.68944048872014), (10.209173904403276, 53.491409466249465, 49.68872417042781), (10.209173674721987, 53.491409813473695, 49.68944048872014), (10.20917394267376, 53.491409263513304, 53.36766845745238), (10.209173368420451, 53.49140941221241, 53.368127845655444), (10.20917310046867, 53.49140996217278, 49.6898998769232), (10.209173674721987, 53.491409813473695, 49.68944048872014), (10.20917310046867, 53.49140996217278, 49.6898998769232), (10.209173368420451, 53.49140941221241, 53.368127845655444), (10.209172785949335, 53.49140927518722, 53.36806103925517), (10.209172517997548, 53.49140982514759, 49.68983307052292), (10.20917310046867, 53.49140996217278, 49.6898998769232), (10.209172517997548, 53.49140982514759, 49.68983307052292), (10.209172268648036, 53.491409482716556, 49.689279254537034), (10.209172536599825, 53.49140893275618, 53.36750722326928), (10.209172785949335, 53.49140927518722, 53.36806103925517), (10.209172517997548, 53.49140982514759, 49.68983307052292), (10.209172268648036, 53.491409482716556, 49.689279254537034), (10.209172498329336, 53.49140913549235, 49.68856293624471), (10.20917276628112, 53.491408585531985, 53.36679090497695), (10.209172536599825, 53.49140893275618, 53.36750722326928), (10.209172268648036, 53.491409482716556, 49.689279254537034), (10.209172498329336, 53.49140913549235, 49.68856293624471), (10.20917276628112, 53.491408585531985, 53.36679090497695), (10.209173340534418, 53.49140843683289, 53.36633151677389), (10.209173072582644, 53.49140898679326, 49.688103548041646), (10.209172498329336, 53.49140913549235, 49.68856293624471), (10.209173072582644, 53.49140898679326, 49.688103548041646), (10.209173655053759, 53.49140912381843, 49.68817035444192), (10.209173923005524, 53.49140857385808, 53.36639832317417), (10.209173340534418, 53.49140843683289, 53.36633151677389), (10.209173072582644, 53.49140898679326, 49.688103548041646), (10.209173655053759, 53.49140912381843, 49.68817035444192), (10.209173923005524, 53.49140857385808, 53.36639832317417), (10.209174172355047, 53.49140891628911, 53.366952139160055), (10.209173904403276, 53.491409466249465, 49.68872417042781), (10.209173655053759, 53.49140912381843, 49.68817035444192), (10.209173904403276, 53.491409466249465, 49.68872417042781), (10.209174172355047, 53.49140891628911, 53.366952139160055), (10.20917394267376, 53.491409263513304, 53.36766845745238), (10.209173674721987, 53.491409813473695, 49.68944048872014), (10.209173904403276, 53.491409466249465, 49.68872417042781), (10.209173674721987, 53.491409813473695, 49.68944048872014), (10.20917394267376, 53.491409263513304, 53.36766845745238), (10.209173368420451, 53.49140941221241, 53.368127845655444), (10.20917310046867, 53.49140996217278, 49.6898998769232), (10.209173674721987, 53.491409813473695, 49.68944048872014), (10.20917310046867, 53.49140996217278, 49.6898998769232), (10.209173368420451, 53.49140941221241, 53.368127845655444), (10.209172785949335, 53.49140927518722, 53.36806103925517), (10.209172517997548, 53.49140982514759, 49.68983307052292), (10.20917310046867, 53.49140996217278, 49.6898998769232), (10.209172517997548, 53.49140982514759, 49.68983307052292), (10.209172268648036, 53.491409482716556, 49.689279254537034), (10.209172536599825, 53.49140893275618, 53.36750722326928), (10.209172785949335, 53.49140927518722, 53.36806103925517), (10.209172517997548, 53.49140982514759, 49.68983307052292), (10.209172268648036, 53.491409482716556, 49.689279254537034), (10.209172498329336, 53.49140913549235, 49.68856293624471), (10.20917276628112, 53.491408585531985, 53.36679090497695), (10.209172536599825, 53.49140893275618, 53.36750722326928), (10.209172268648036, 53.491409482716556, 49.689279254537034), (10.209172498329336, 53.49140913549235, 49.68856293624471), (10.20917276628112, 53.491408585531985, 53.36679090497695), (10.209173340534418, 53.49140843683289, 53.36633151677389), (10.209173072582644, 53.49140898679326, 49.688103548041646), (10.209172498329336, 53.49140913549235, 49.68856293624471), (10.209173072582644, 53.49140898679326, 49.688103548041646), (10.209173655053759, 53.49140912381843, 49.68817035444192), (10.209173923005524, 53.49140857385808, 53.36639832317417), (10.209173340534418, 53.49140843683289, 53.36633151677389), (10.209173072582644, 53.49140898679326, 49.688103548041646), (10.209173655053759, 53.49140912381843, 49.68817035444192), (10.209173923005524, 53.49140857385808, 53.36639832317417), (10.209174172355047, 53.49140891628911, 53.366952139160055), (10.209173904403276, 53.491409466249465, 49.68872417042781), (10.209173655053759, 53.49140912381843, 49.68817035444192), (10.209939843017075, 53.49155463553588, 54.387818669834815), (10.209942299605936, 53.49155573539345, 54.3872622012168), (10.209944089669122, 53.49155431346975, 54.38772993427301), (10.209941633080303, 53.4915532136122, 54.388286402891026), (10.209939843017075, 53.49155463553588, 54.387818669834815), (10.209941577374952, 53.491553060087185, 49.54942610989565), (10.209939787311727, 53.49155448201084, 49.54895837683944), (10.20994224390058, 53.49155558186842, 49.54840190822142), (10.209944033963762, 53.491554159944705, 49.54886964127763), (10.209941577374952, 53.491553060087185, 49.54942610989565), (10.209942299605936, 53.49155573539345, 54.3872622012168), (10.209939843017075, 53.49155463553588, 54.387818669834815), (10.209939787311727, 53.49155448201084, 49.54895837683944), (10.20994224390058, 53.49155558186842, 49.54840190822142), (10.209942299605936, 53.49155573539345, 54.3872622012168), (10.209944089669122, 53.49155431346975, 54.38772993427301), (10.209944033963762, 53.491554159944705, 49.54886964127763), (10.20994224390058, 53.49155558186842, 49.54840190822142), (10.209942299605936, 53.49155573539345, 54.3872622012168), (10.209944089669122, 53.49155431346975, 54.38772993427301), (10.209941633080303, 53.4915532136122, 54.388286402891026), (10.209944089669122, 53.49155431346975, 54.38772993427301), (10.209944033963762, 53.491554159944705, 49.54886964127763), (10.209941577374952, 53.491553060087185, 49.54942610989565), (10.209941633080303, 53.4915532136122, 54.388286402891026), (10.209939843017075, 53.49155463553588, 54.387818669834815), (10.209941633080303, 53.4915532136122, 54.388286402891026), (10.209941577374952, 53.491553060087185, 49.54942610989565), (10.209939787311727, 53.49155448201084, 49.54895837683944), (10.209939843017075, 53.49155463553588, 54.387818669834815), (10.210008731250417, 53.491504805470775, 55.35352657714611), (10.210013271349299, 53.491507008082124, 55.35465421423942), (10.210012220300692, 53.491507778580996, 55.354523810103274), (10.210007680201787, 53.49150557596961, 55.35339617300997), (10.210008731250417, 53.491504805470775, 55.35352657714611), (10.210013533681465, 53.4915070559509, 49.54732753346616), (10.210012482632868, 53.49150782644978, 49.547197129330016), (10.21000794253394, 53.49150562383841, 49.54606949223671), (10.210008993582568, 53.49150485333958, 49.546199896372855), (10.210013533681465, 53.4915070559509, 49.54732753346616), (10.210007680201787, 53.49150557596961, 55.35339617300997), (10.21000794253394, 53.49150562383841, 49.54606949223671), (10.210008993582568, 53.49150485333958, 49.546199896372855), (10.210008731250417, 53.491504805470775, 55.35352657714611), (10.210007680201787, 53.49150557596961, 55.35339617300997), (10.210012220300692, 53.491507778580996, 55.354523810103274), (10.210012482632868, 53.49150782644978, 49.547197129330016), (10.21000794253394, 53.49150562383841, 49.54606949223671), (10.210007680201787, 53.49150557596961, 55.35339617300997), (10.210012220300692, 53.491507778580996, 55.354523810103274), (10.210013271349299, 53.491507008082124, 55.35465421423942), (10.210013533681465, 53.4915070559509, 49.54732753346616), (10.210012482632868, 53.49150782644978, 49.547197129330016), (10.210012220300692, 53.491507778580996, 55.354523810103274), (10.210013271349299, 53.491507008082124, 55.35465421423942), (10.210008731250417, 53.491504805470775, 55.35352657714611), (10.210008993582568, 53.49150485333958, 49.546199896372855), (10.210013533681465, 53.4915070559509, 49.54732753346616), (10.210013271349299, 53.491507008082124, 55.35465421423942), (10.210008731250417, 53.491504805470775, 55.35352657714611), (10.204170201536547, 53.48890298480533, 51.04306992267084), (10.204300507215557, 53.488934801743426, 50.94127255742205), (10.204276404101059, 53.48895234741644, 50.97989038200467), (10.204170201536547, 53.48890298480533, 51.04306992267084), (10.204276404101059, 53.48895234741644, 50.97989038200467), (10.204276404101059, 53.48895234741643, 51.14489038201282), (10.204300507215569, 53.48893480174343, 51.10627255741565), (10.204300507215557, 53.488934801743426, 50.94127255742205), (10.204276404101059, 53.48895234741644, 50.97989038200467), (10.204170201536547, 53.48890298480533, 51.04306992267084), (10.204276404101059, 53.48895234741644, 50.97989038200467), (10.204276404101059, 53.48895234741643, 51.14489038201282), (10.204170201536547, 53.48890298480533, 51.208069922664436), (10.204170201536547, 53.48890298480533, 51.04306992267084), (10.204300507215557, 53.488934801743426, 50.94127255742205), (10.204300507215569, 53.48893480174343, 51.10627255741565), (10.204170201536547, 53.48890298480533, 51.208069922664436), (10.204170201536547, 53.48890298480533, 51.04306992267084), (10.204300507215557, 53.488934801743426, 50.94127255742205), (10.204276404101059, 53.48895234741643, 51.14489038201282), (10.204170201536547, 53.48890298480533, 51.208069922664436), (10.204300507215569, 53.48893480174343, 51.10627255741565), (10.204276404101059, 53.48895234741643, 51.14489038201282), (10.204170201536545, 53.4889029848053, 51.04306992262718), (10.20418804847415, 53.48888840679464, 50.946607994206715), (10.204189197625851, 53.488887468126414, 50.940396876540035), (10.20430050721556, 53.488934801743405, 50.94127255745116), (10.204170201536545, 53.4889029848053, 51.04306992262718), (10.20430050721556, 53.488934801743405, 50.94127255745116), (10.20430050721556, 53.488934801743405, 51.106272557459306), (10.204189197625853, 53.488887468126414, 51.105396876548184), (10.204189197625851, 53.488887468126414, 50.940396876540035), (10.20430050721556, 53.488934801743405, 50.94127255745116), (10.204170201536545, 53.4889029848053, 51.04306992262718), (10.20430050721556, 53.488934801743405, 50.94127255745116), (10.20430050721556, 53.488934801743405, 51.106272557459306), (10.204170201536547, 53.4889029848053, 51.20806992263533), (10.204170201536545, 53.4889029848053, 51.04306992262718), (10.20418804847415, 53.48888840679464, 50.946607994206715), (10.204170201536545, 53.4889029848053, 51.04306992262718), (10.204170201536547, 53.4889029848053, 51.20806992263533), (10.20418804847415, 53.48888840679464, 51.111607994214864), (10.20418804847415, 53.48888840679464, 50.946607994206715), (10.204189197625851, 53.488887468126414, 50.940396876540035), (10.204189197625853, 53.488887468126414, 51.105396876548184), (10.20418804847415, 53.48888840679464, 51.111607994214864), (10.20418804847415, 53.48888840679464, 50.946607994206715), (10.204189197625851, 53.488887468126414, 50.940396876540035), (10.20430050721556, 53.488934801743405, 51.106272557459306), (10.204170201536547, 53.4889029848053, 51.20806992263533), (10.20418804847415, 53.48888840679464, 51.111607994214864), (10.204189197625853, 53.488887468126414, 51.105396876548184), (10.20430050721556, 53.488934801743405, 51.106272557459306), (10.204276404101062, 53.48895234741643, 51.144890381998266), (10.204951309426914, 53.48926202349691, 51.184252276827465), (10.204986799895822, 53.48923570796229, 51.126717565144645), (10.20496067012626, 53.489223912856765, 51.12546537234448), (10.20494450635504, 53.489216623941076, 51.124701258333516), (10.204912152721974, 53.48920206672166, 51.12321711734694), (10.204879764356171, 53.489187537009464, 51.121791761543136), (10.20484734132342, 53.489173034833954, 51.12042519386159), (10.204814883689595, 53.48915856022462, 51.119117417081725), (10.204782391520625, 53.489144113210834, 51.11786843382288), (10.204749864882524, 53.489129693821894, 51.11667824664619), (10.204717303841358, 53.48911530208713, 51.11554685795272), (10.20468470846328, 53.48910093803575, 51.11447427009989), (10.20465207881449, 53.489086601696876, 51.11346048518317), (10.204619414961295, 53.48907229309968, 51.11250550531258), (10.204586716970029, 53.48905801227317, 51.11160933242354), (10.20455398490712, 53.48904375924635, 51.11077196833503), (10.204521218839062, 53.48902953404818, 51.109993414749624), (10.20448841883241, 53.48901533670751, 51.10927367323893), (10.204455584953799, 53.489001167253186, 51.108612745272694), (10.204422717269921, 53.48898702571399, 51.10801063220424), (10.204389815847538, 53.48897291211862, 51.10746733524138), (10.204356880753494, 53.488958826495725, 51.10698285550461), (10.204323912054692, 53.488944768873885, 51.10655719395436), (10.204300507215564, 53.488934801743426, 51.1062725574011), (10.204276404101062, 53.48895234741643, 51.144890381998266), (10.20465207881449, 53.489086601696876, 51.11346048518317), (10.204652078814496, 53.48908660169686, 51.01909713848727), (10.20468470846328, 53.48910093803575, 51.020110923433094), (10.20468470846328, 53.48910093803575, 51.11447427009989), (10.20465207881449, 53.489086601696876, 51.11346048518317), (10.204619414961295, 53.48907229309968, 51.11250550531258), (10.204619414961295, 53.48907229309968, 51.01814215864579), (10.204652078814496, 53.48908660169686, 51.01909713848727), (10.20465207881449, 53.489086601696876, 51.11346048518317), (10.204619414961295, 53.48907229309968, 51.11250550531258), (10.204586716970029, 53.48905801227317, 51.11160933242354), (10.204586716970026, 53.489058012273155, 51.01724598574219), (10.204619414961295, 53.48907229309968, 51.01814215864579), (10.204619414961295, 53.48907229309968, 51.11250550531258), (10.204586716970029, 53.48905801227317, 51.11160933242354), (10.20455398490712, 53.48904375924635, 51.11077196833503), (10.20455398490712, 53.48904375924635, 51.01640862165368), (10.204586716970026, 53.489058012273155, 51.01724598574219), (10.204586716970029, 53.48905801227317, 51.11160933242354), (10.20455398490712, 53.48904375924635, 51.11077196833503), (10.204521218839062, 53.48902953404818, 51.109993414749624), (10.20455398490712, 53.48904375924635, 51.11077196833503), (10.20455398490712, 53.48904375924635, 51.01640862165368), (10.204521218839066, 53.48902953404818, 51.01563006808283), (10.204521218839062, 53.48902953404818, 51.109993414749624), (10.20448841883241, 53.48901533670751, 51.10927367323893), (10.204488418832412, 53.48901533670752, 51.01491032655758), (10.204521218839066, 53.48902953404818, 51.01563006808283), (10.204521218839062, 53.48902953404818, 51.109993414749624), (10.20448841883241, 53.48901533670751, 51.10927367323893), (10.204455584953799, 53.489001167253186, 51.108612745272694), (10.204455584953799, 53.489001167253186, 51.014249398591346), (10.204488418832412, 53.48901533670752, 51.01491032655758), (10.20448841883241, 53.48901533670751, 51.10927367323893), (10.204455584953799, 53.489001167253186, 51.108612745272694), (10.204422717269921, 53.48898702571399, 51.10801063220424), (10.204422717269923, 53.48898702571399, 51.01364728552289), (10.204455584953799, 53.489001167253186, 51.014249398591346), (10.204455584953799, 53.489001167253186, 51.108612745272694), (10.204422717269921, 53.48898702571399, 51.10801063220424), (10.204389815847538, 53.48897291211862, 51.10746733524138), (10.204422717269921, 53.48898702571399, 51.10801063220424), (10.204422717269923, 53.48898702571399, 51.01364728552289), (10.20438981584754, 53.48897291211862, 51.01310398856003), (10.204389815847538, 53.48897291211862, 51.10746733524138), (10.204356880753494, 53.488958826495725, 51.10698285550461), (10.204389815847538, 53.48897291211862, 51.10746733524138), (10.20438981584754, 53.48897291211862, 51.01310398856003), (10.204356880753501, 53.48895882649573, 51.01261950882326), (10.204356880753494, 53.488958826495725, 51.10698285550461), (10.204323912054692, 53.488944768873885, 51.10655719395436), (10.204356880753494, 53.488958826495725, 51.10698285550461), (10.204356880753501, 53.48895882649573, 51.01261950882326), (10.204323912054692, 53.488944768873885, 51.01219384728756), (10.204323912054692, 53.488944768873885, 51.10655719395436), (10.204300507215564, 53.488934801743426, 51.1062725574011), (10.204323912054692, 53.488944768873885, 51.10655719395436), (10.204323912054692, 53.488944768873885, 51.01219384728756), (10.204300507215562, 53.488934801743426, 51.0119092107343), (10.204300507215564, 53.488934801743426, 51.1062725574011), (10.204276404101062, 53.48895234741643, 51.144890381998266), (10.204300507215564, 53.488934801743426, 51.1062725574011), (10.204300507215562, 53.488934801743426, 51.0119092107343), (10.204276404101062, 53.48895234741643, 51.05052703533147), (10.204276404101062, 53.48895234741643, 51.144890381998266), (10.204951309426914, 53.48926202349691, 51.184252276827465), (10.204276404101062, 53.48895234741643, 51.144890381998266), (10.204276404101062, 53.48895234741643, 51.05052703533147), (10.204951309426914, 53.48926202349692, 51.08988893016067), (10.204951309426914, 53.48926202349691, 51.184252276827465), (10.204986799895822, 53.48923570796229, 51.126717565144645), (10.204986799895826, 53.48923570796229, 51.03235421847785), (10.204951309426914, 53.48926202349692, 51.08988893016067), (10.204951309426914, 53.48926202349691, 51.184252276827465), (10.204986799895822, 53.48923570796229, 51.126717565144645), (10.20496067012626, 53.489223912856765, 51.12546537234448), (10.204986799895822, 53.48923570796229, 51.126717565144645), (10.204986799895826, 53.48923570796229, 51.03235421847785), (10.20496067012626, 53.489223912856765, 51.03110202566313), (10.20496067012626, 53.489223912856765, 51.12546537234448), (10.20494450635504, 53.489216623941076, 51.124701258333516), (10.20496067012626, 53.489223912856765, 51.12546537234448), (10.20496067012626, 53.489223912856765, 51.03110202566313), (10.20494450635504, 53.489216623941076, 51.030337911637616), (10.20494450635504, 53.489216623941076, 51.124701258333516), (10.204912152721974, 53.48920206672166, 51.12321711734694), (10.204912152721974, 53.48920206672166, 51.02885377066559), (10.20494450635504, 53.489216623941076, 51.030337911637616), (10.20494450635504, 53.489216623941076, 51.124701258333516), (10.204912152721974, 53.48920206672166, 51.12321711734694), (10.204879764356171, 53.489187537009464, 51.121791761543136), (10.204879764356171, 53.48918753700944, 51.02742841486179), (10.204912152721974, 53.48920206672166, 51.02885377066559), (10.204912152721974, 53.48920206672166, 51.12321711734694), (10.204879764356171, 53.489187537009464, 51.121791761543136), (10.20484734132342, 53.489173034833954, 51.12042519386159), (10.20484734132342, 53.489173034833954, 51.026061847180245), (10.204879764356171, 53.48918753700944, 51.02742841486179), (10.204879764356171, 53.489187537009464, 51.121791761543136), (10.20484734132342, 53.489173034833954, 51.12042519386159), (10.204814883689595, 53.48915856022462, 51.119117417081725), (10.204814883689595, 53.4891585602246, 51.024754070385825), (10.20484734132342, 53.489173034833954, 51.026061847180245), (10.20484734132342, 53.489173034833954, 51.12042519386159), (10.204814883689595, 53.48915856022462, 51.119117417081725), (10.204782391520625, 53.489144113210834, 51.11786843382288), (10.204814883689595, 53.48915856022462, 51.119117417081725), (10.204814883689595, 53.4891585602246, 51.024754070385825), (10.204782391520627, 53.489144113210834, 51.02350508715608), (10.204782391520625, 53.489144113210834, 51.11786843382288), (10.204749864882524, 53.489129693821894, 51.11667824664619), (10.204749864882526, 53.489129693821894, 51.02231489997939), (10.204782391520627, 53.489144113210834, 51.02350508715608), (10.204782391520625, 53.489144113210834, 51.11786843382288), (10.204749864882524, 53.489129693821894, 51.11667824664619), (10.204717303841358, 53.48911530208713, 51.11554685795272), (10.204749864882524, 53.489129693821894, 51.11667824664619), (10.204749864882526, 53.489129693821894, 51.02231489997939), (10.204717303841356, 53.48911530208713, 51.02118351130048), (10.204717303841358, 53.48911530208713, 51.11554685795272), (10.20468470846328, 53.48910093803575, 51.11447427009989), (10.20468470846328, 53.48910093803575, 51.020110923433094), (10.204717303841356, 53.48911530208713, 51.02118351130048), (10.204717303841358, 53.48911530208713, 51.11554685795272), (10.20468470846328, 53.48910093803575, 51.11447427009989), (10.204300507215562, 53.488934801743426, 51.0119092107343), (10.204323912054692, 53.488944768873885, 51.01219384728756), (10.204356880753501, 53.48895882649573, 51.01261950882326), (10.20438981584754, 53.48897291211862, 51.01310398856003), (10.204422717269923, 53.48898702571399, 51.01364728552289), (10.204455584953799, 53.489001167253186, 51.014249398591346), (10.204488418832412, 53.48901533670752, 51.01491032655758), (10.204521218839066, 53.48902953404818, 51.01563006808283), (10.20455398490712, 53.48904375924635, 51.01640862165368), (10.204586716970026, 53.489058012273155, 51.01724598574219), (10.204619414961295, 53.48907229309968, 51.01814215864579), (10.204652078814496, 53.48908660169686, 51.01909713848727), (10.20468470846328, 53.48910093803575, 51.020110923433094), (10.204717303841356, 53.48911530208713, 51.02118351130048), (10.204749864882526, 53.489129693821894, 51.02231489997939), (10.204782391520627, 53.489144113210834, 51.02350508715608), (10.204814883689595, 53.4891585602246, 51.024754070385825), (10.20484734132342, 53.489173034833954, 51.026061847180245), (10.204879764356171, 53.48918753700944, 51.02742841486179), (10.204912152721974, 53.48920206672166, 51.02885377066559), (10.20494450635504, 53.489216623941076, 51.030337911637616), (10.20496067012626, 53.489223912856765, 51.03110202566313), (10.204986799895826, 53.48923570796229, 51.03235421847785), (10.204951309426914, 53.48926202349692, 51.08988893016067), (10.204276404101062, 53.48895234741643, 51.05052703533147), (10.204300507215562, 53.488934801743426, 51.0119092107343), (10.204122201293682, 53.489057313693664, 50.92584547644947), (10.204003653918042, 53.48900169799809, 50.019654427364), (10.203987981816779, 53.48899434551845, 49.89985473710112), (10.204016600127648, 53.48897514101838, 49.92199831473408), (10.204150477763049, 53.48903711841576, 50.9403725915472), (10.204122201293682, 53.489057313693664, 50.92584547644947), (10.204016600127648, 53.48897514101838, 49.92199831473408), (10.204016422517372, 53.488975061998275, 50.08433380530914), (10.203987804206468, 53.4889942664983, 50.06219022767618), (10.203987981816779, 53.48899434551845, 49.89985473710112), (10.204016600127648, 53.48897514101838, 49.92199831473408), (10.204150477763049, 53.48903711841576, 50.9403725915472), (10.204150300152262, 53.48903703939587, 51.10270808212226), (10.204016422517372, 53.488975061998275, 50.08433380530914), (10.204016600127648, 53.48897514101838, 49.92199831473408), (10.204150477763049, 53.48903711841576, 50.9403725915472), (10.204122201293682, 53.489057313693664, 50.92584547644947), (10.204122023682867, 53.48905723467373, 51.08818096702453), (10.204150300152262, 53.48903703939587, 51.10270808212226), (10.204150477763049, 53.48903711841576, 50.9403725915472), (10.204122201293682, 53.489057313693664, 50.92584547644947), (10.204003653918042, 53.48900169799809, 50.019654427364), (10.204122201293682, 53.489057313693664, 50.92584547644947), (10.204122023682867, 53.48905723467373, 51.08818096702453), (10.204003476307678, 53.489001618977966, 50.18198991793906), (10.204003653918042, 53.48900169799809, 50.019654427364), (10.203987981816779, 53.48899434551845, 49.89985473710112), (10.204003653918042, 53.48900169799809, 50.019654427364), (10.204003476307678, 53.489001618977966, 50.18198991793906), (10.203987804206468, 53.4889942664983, 50.06219022767618), (10.203987981816779, 53.48899434551845, 49.89985473710112), (10.204150300152262, 53.48903703939587, 51.10270808212226), (10.204122023682867, 53.48905723467373, 51.08818096702453), (10.204003476307678, 53.489001618977966, 50.18198991793906), (10.203987804206468, 53.4889942664983, 50.06219022767618), (10.204016422517372, 53.488975061998275, 50.08433380530914), (10.204150300152262, 53.48903703939587, 51.10270808212226), (10.204596021265667, 53.48924191046863, 50.95473950008454), (10.204645084901983, 53.489264448143516, 50.95639970231787), (10.20469404556063, 53.48928706535112, 50.95800453206539), (10.204742902879074, 53.48930976192402, 50.959553977445466), (10.204791656495537, 53.48933253769429, 50.96104802696573), (10.204840306048984, 53.48935539249329, 50.96248666957399), (10.204888851179174, 53.4893783261519, 50.963869894603704), (10.20493729152664, 53.48940133850033, 50.96519769182123), (10.20498562673267, 53.48942442936827, 50.9664700513822), (10.20503385643934, 53.48944759858482, 50.96768696386789), (10.205081980289497, 53.48947084597848, 50.96884842025611), (10.20512999792679, 53.489494171377174, 50.969954411943036), (10.205177908995624, 53.489517574608264, 50.971004930750496), (10.205225713141212, 53.48954105549853, 50.97199996887866), (10.205273410009543, 53.48956461387414, 50.97293951897518), (10.205320999247414, 53.48958824956075, 50.97382357407332), (10.205368480502397, 53.48961196238343, 50.974652127621084), (10.205415853422883, 53.48963575216663, 50.9754251734812), (10.205463117658045, 53.489659618734265, 50.976142705931125), (10.20548670890922, 53.48967158075706, 50.97648065295289), (10.205452465918903, 53.48969600784384, 50.95890038054495), (10.204122023682853, 53.48905723467371, 50.92518096690765), (10.204150300153472, 53.4890370393964, 50.93970809131133), (10.204546855014998, 53.489219452493316, 50.95302393765451), (10.204596021265667, 53.48924191046863, 50.95473950008454), (10.205225713141212, 53.48954105549853, 50.97199996887866), (10.205177908995624, 53.489517574608264, 50.971004930750496), (10.205177908995624, 53.489517574608264, 51.134004930747324), (10.205225713141209, 53.48954105549853, 51.13499996888277), (10.205225713141212, 53.48954105549853, 50.97199996887866), (10.205273410009543, 53.48956461387414, 50.97293951897518), (10.205273410009541, 53.48956461387414, 51.13593951897565), (10.205225713141209, 53.48954105549853, 51.13499996888277), (10.205225713141212, 53.48954105549853, 50.97199996887866), (10.205273410009543, 53.48956461387414, 50.97293951897518), (10.205320999247414, 53.48958824956075, 50.97382357407332), (10.205320999247414, 53.489588249560775, 51.13682357407015), (10.205273410009541, 53.48956461387414, 51.13593951897565), (10.205273410009543, 53.48956461387414, 50.97293951897518), (10.205320999247414, 53.48958824956075, 50.97382357407332), (10.205368480502397, 53.48961196238343, 50.974652127621084), (10.2053684805024, 53.489611962383435, 51.13765212761791), (10.205320999247414, 53.489588249560775, 51.13682357407015), (10.205320999247414, 53.48958824956075, 50.97382357407332), (10.205368480502397, 53.48961196238343, 50.974652127621084), (10.205415853422883, 53.48963575216663, 50.9754251734812), (10.205415853422883, 53.48963575216663, 51.138425173478026), (10.2053684805024, 53.489611962383435, 51.13765212761791), (10.205368480502397, 53.48961196238343, 50.974652127621084), (10.205415853422883, 53.48963575216663, 50.9754251734812), (10.205463117658045, 53.489659618734265, 50.976142705931125), (10.205463117658047, 53.489659618734265, 51.13914270593159), (10.205415853422883, 53.48963575216663, 51.138425173478026), (10.205415853422883, 53.48963575216663, 50.9754251734812), (10.205463117658045, 53.489659618734265, 50.976142705931125), (10.20548670890922, 53.48967158075706, 50.97648065295289), (10.20548670890922, 53.48967158075707, 51.13948065295335), (10.205463117658047, 53.489659618734265, 51.13914270593159), (10.205463117658045, 53.489659618734265, 50.976142705931125), (10.20548670890922, 53.48967158075706, 50.97648065295289), (10.205452465918903, 53.48969600784384, 50.95890038054495), (10.20548670890922, 53.48967158075706, 50.97648065295289), (10.20548670890922, 53.48967158075707, 51.13948065295335), (10.205452465918905, 53.489696007843854, 51.12190038054541), (10.205452465918903, 53.48969600784384, 50.95890038054495), (10.204122023682853, 53.48905723467371, 50.92518096690765), (10.205452465918903, 53.48969600784384, 50.95890038054495), (10.205452465918905, 53.489696007843854, 51.12190038054541), (10.204122023682856, 53.489057234673716, 51.08818096690811), (10.204122023682853, 53.48905723467371, 50.92518096690765), (10.204150300153472, 53.4890370393964, 50.93970809131133), (10.204122023682853, 53.48905723467371, 50.92518096690765), (10.204122023682856, 53.489057234673716, 51.08818096690811), (10.204150300153472, 53.489037039396415, 51.1027080913118), (10.204150300153472, 53.4890370393964, 50.93970809131133), (10.204546855014998, 53.489219452493316, 50.95302393765451), (10.204546855014996, 53.48921945249332, 51.11602393765497), (10.204150300153472, 53.489037039396415, 51.1027080913118), (10.204150300153472, 53.4890370393964, 50.93970809131133), (10.204546855014998, 53.489219452493316, 50.95302393765451), (10.204596021265667, 53.48924191046863, 50.95473950008454), (10.204546855014998, 53.489219452493316, 50.95302393765451), (10.204546855014996, 53.48921945249332, 51.11602393765497), (10.204596021265667, 53.48924191046863, 51.11773950008501), (10.204596021265667, 53.48924191046863, 50.95473950008454), (10.204645084901983, 53.489264448143516, 50.95639970231787), (10.204645084901983, 53.489264448143516, 51.11939970231833), (10.204596021265667, 53.48924191046863, 51.11773950008501), (10.204596021265667, 53.48924191046863, 50.95473950008454), (10.204645084901983, 53.489264448143516, 50.95639970231787), (10.20469404556063, 53.48928706535112, 50.95800453206539), (10.204694045560634, 53.48928706535112, 51.12100453206949), (10.204645084901983, 53.489264448143516, 51.11939970231833), (10.204645084901983, 53.489264448143516, 50.95639970231787), (10.20469404556063, 53.48928706535112, 50.95800453206539), (10.204742902879074, 53.48930976192402, 50.959553977445466), (10.20469404556063, 53.48928706535112, 50.95800453206539), (10.204694045560634, 53.48928706535112, 51.12100453206949), (10.204742902879074, 53.48930976192402, 51.122553977442294), (10.204742902879074, 53.48930976192402, 50.959553977445466), (10.204791656495537, 53.48933253769429, 50.96104802696573), (10.204791656495537, 53.48933253769429, 51.12404802696619), (10.204742902879074, 53.48930976192402, 51.122553977442294), (10.204742902879074, 53.48930976192402, 50.959553977445466), (10.204791656495537, 53.48933253769429, 50.96104802696573), (10.204840306048984, 53.48935539249329, 50.96248666957399), (10.204791656495537, 53.48933253769429, 50.96104802696573), (10.204791656495537, 53.48933253769429, 51.12404802696619), (10.204840306048984, 53.48935539249329, 51.12548666957446), (10.204840306048984, 53.48935539249329, 50.96248666957399), (10.204888851179174, 53.4893783261519, 50.963869894603704), (10.20488885117918, 53.4893783261519, 51.12686989460417), (10.204840306048984, 53.48935539249329, 51.12548666957446), (10.204840306048984, 53.48935539249329, 50.96248666957399), (10.204888851179174, 53.4893783261519, 50.963869894603704), (10.20493729152664, 53.48940133850033, 50.96519769182123), (10.204888851179174, 53.4893783261519, 50.963869894603704), (10.20488885117918, 53.4893783261519, 51.12686989460417), (10.204937291526642, 53.48940133850033, 51.1281976918217), (10.20493729152664, 53.48940133850033, 50.96519769182123), (10.20498562673267, 53.48942442936827, 50.9664700513822), (10.20493729152664, 53.48940133850033, 50.96519769182123), (10.204937291526642, 53.48940133850033, 51.1281976918217), (10.204985626732668, 53.48942442936827, 51.12947005138267), (10.20498562673267, 53.48942442936827, 50.9664700513822), (10.20503385643934, 53.48944759858482, 50.96768696386789), (10.20503385643934, 53.48944759858482, 51.13068696386472), (10.204985626732668, 53.48942442936827, 51.12947005138267), (10.20498562673267, 53.48942442936827, 50.9664700513822), (10.20503385643934, 53.48944759858482, 50.96768696386789), (10.205081980289497, 53.48947084597848, 50.96884842025611), (10.205081980289497, 53.48947084597848, 51.131848420252936), (10.20503385643934, 53.48944759858482, 51.13068696386472), (10.20503385643934, 53.48944759858482, 50.96768696386789), (10.205081980289497, 53.48947084597848, 50.96884842025611), (10.20512999792679, 53.489494171377174, 50.969954411943036), (10.205081980289497, 53.48947084597848, 50.96884842025611), (10.205081980289497, 53.48947084597848, 51.131848420252936), (10.205129997926788, 53.489494171377174, 51.1329544119435), (10.20512999792679, 53.489494171377174, 50.969954411943036), (10.205177908995624, 53.489517574608264, 50.971004930750496), (10.20512999792679, 53.489494171377174, 50.969954411943036), (10.205129997926788, 53.489494171377174, 51.1329544119435), (10.205177908995624, 53.489517574608264, 51.134004930747324), (10.205177908995624, 53.489517574608264, 50.971004930750496), (10.204546855014996, 53.48921945249332, 51.11602393765497), (10.204150300153472, 53.489037039396415, 51.1027080913118), (10.204122023682856, 53.489057234673716, 51.08818096690811), (10.205452465918905, 53.489696007843854, 51.12190038054541), (10.20548670890922, 53.48967158075707, 51.13948065295335), (10.205463117658047, 53.489659618734265, 51.13914270593159), (10.205415853422883, 53.48963575216663, 51.138425173478026), (10.2053684805024, 53.489611962383435, 51.13765212761791), (10.205320999247414, 53.489588249560775, 51.13682357407015), (10.205273410009541, 53.48956461387414, 51.13593951897565), (10.205225713141209, 53.48954105549853, 51.13499996888277), (10.205177908995624, 53.489517574608264, 51.134004930747324), (10.205129997926788, 53.489494171377174, 51.1329544119435), (10.205081980289497, 53.48947084597848, 51.131848420252936), (10.20503385643934, 53.48944759858482, 51.13068696386472), (10.204985626732668, 53.48942442936827, 51.12947005138267), (10.204937291526642, 53.48940133850033, 51.1281976918217), (10.20488885117918, 53.4893783261519, 51.12686989460417), (10.204840306048984, 53.48935539249329, 51.12548666957446), (10.204791656495537, 53.48933253769429, 51.12404802696619), (10.204742902879074, 53.48930976192402, 51.122553977442294), (10.204694045560634, 53.48928706535112, 51.12100453206949), (10.204645084901983, 53.489264448143516, 51.11939970231833), (10.204596021265667, 53.48924191046863, 51.11773950008501), (10.204546855014996, 53.48921945249332, 51.11602393765497), (10.206561756857159, 53.490206965236524, 51.044339631378534), (10.206552384486185, 53.4902022007197, 51.046087946360785), (10.206288652998385, 53.49007099647114, 51.09362247847821), (10.206260270855099, 53.49009038213226, 51.07931210669267), (10.206862719402729, 53.49038696819082, 50.972540141559875), (10.206832779448206, 53.49040835889873, 50.95689880174177), (10.206874817049053, 53.49042657493127, 50.950885734986514), (10.206897065297563, 53.49040990963039, 50.96295515188467), (10.2068827844555, 53.49040271072386, 50.9655838354156), (10.206900001176079, 53.49039004119435, 50.97479218433364), (10.206917412995596, 53.49039775126482, 50.97220589242352), (10.206925548654135, 53.49039194674916, 50.97645149257005), (10.20692443424369, 53.490384955845364, 50.9803841272369), (10.206924194703072, 53.490383492830816, 50.98120644134542), (10.206904818482384, 53.490374424103706, 50.98436792040957), (10.206885475147986, 53.49036533044491, 50.987547409851686), (10.206866164790055, 53.4903562118968, 50.99074489485065), (10.206846887498635, 53.49034706850193, 50.993960360512574), (10.206827643363601, 53.49033790030293, 50.99719379182716), (10.206808432474684, 53.490328707342535, 51.00044517373681), (10.206789254921457, 53.49031948966367, 51.00371449107479), (10.206770110793338, 53.49031024730928, 51.00700172859433), (10.206751000179583, 53.49030098032247, 51.0103068709941), (10.206731923169304, 53.4902916887465, 51.01362990283087), (10.206712879851441, 53.490282372624655, 51.016970808646875), (10.206693870314785, 53.49027303200036, 51.02032957284973), (10.206674894647973, 53.49026366691725, 51.023706179777946), (10.206655952939471, 53.49025427741896, 51.02710061369726), (10.206637045277596, 53.490244863549314, 51.03051285878246), (10.206618171750515, 53.49023542535216, 51.03394289912467), (10.206599332446217, 53.490225962871534, 51.03739071873497), (10.206580527452534, 53.49021647615158, 51.04085630152986), (10.206561756857159, 53.490206965236524, 51.044339631378534), (10.206885475147986, 53.49036533044491, 50.987547409851686), (10.206866164790055, 53.4903562118968, 50.99074489485065), (10.206866164790055, 53.4903562118968, 51.15377387704939), (10.206885475147986, 53.490365330444895, 51.1505763920577), (10.206885475147986, 53.49036533044491, 50.987547409851686), (10.206904818482384, 53.490374424103706, 50.98436792040957), (10.206904818482387, 53.490374424103706, 51.14739690260467), (10.206885475147986, 53.490365330444895, 51.1505763920577), (10.206885475147986, 53.49036533044491, 50.987547409851686), (10.206904818482384, 53.490374424103706, 50.98436792040957), (10.206924194703072, 53.490383492830816, 50.98120644134542), (10.206904818482384, 53.490374424103706, 50.98436792040957), (10.206904818482387, 53.490374424103706, 51.14739690260467), (10.206924194703072, 53.490383492830816, 51.14423542354416), (10.206924194703072, 53.490383492830816, 50.98120644134542), (10.20692443424369, 53.490384955845364, 50.9803841272369), (10.206924194703072, 53.490383492830816, 50.98120644134542), (10.206924194703072, 53.490383492830816, 51.14423542354416), (10.206924434243692, 53.490384955845364, 51.143413109432004), (10.20692443424369, 53.490384955845364, 50.9803841272369), (10.206925548654135, 53.49039194674916, 50.97645149257005), (10.206925548654139, 53.49039194674915, 51.13948047477243), (10.206924434243692, 53.490384955845364, 51.143413109432004), (10.20692443424369, 53.490384955845364, 50.9803841272369), (10.206925548654135, 53.49039194674916, 50.97645149257005), (10.206917412995596, 53.49039775126482, 50.97220589242352), (10.206925548654135, 53.49039194674916, 50.97645149257005), (10.206925548654139, 53.49039194674915, 51.13948047477243), (10.206917412995601, 53.49039775126482, 51.135234874625894), (10.206917412995596, 53.49039775126482, 50.97220589242352), (10.206900001176079, 53.49039004119435, 50.97479218433364), (10.206917412995596, 53.49039775126482, 50.97220589242352), (10.206917412995601, 53.49039775126482, 51.135234874625894), (10.206900001176079, 53.49039004119435, 51.13782116652874), (10.206900001176079, 53.49039004119435, 50.97479218433364), (10.2068827844555, 53.49040271072386, 50.9655838354156), (10.206900001176079, 53.49039004119435, 50.97479218433364), (10.206900001176079, 53.49039004119435, 51.13782116652874), (10.206882784455502, 53.490402710723856, 51.12861281761798), (10.2068827844555, 53.49040271072386, 50.9655838354156), (10.206897065297563, 53.49040990963039, 50.96295515188467), (10.206897065297564, 53.49040990963039, 51.12598413407977), (10.206882784455502, 53.490402710723856, 51.12861281761798), (10.2068827844555, 53.49040271072386, 50.9655838354156), (10.206897065297563, 53.49040990963039, 50.96295515188467), (10.206874817049053, 53.49042657493127, 50.950885734986514), (10.206874817049053, 53.49042657493127, 51.11391471718525), (10.206897065297564, 53.49040990963039, 51.12598413407977), (10.206897065297563, 53.49040990963039, 50.96295515188467), (10.206874817049053, 53.49042657493127, 50.950885734986514), (10.206832779448206, 53.49040835889873, 50.95689880174177), (10.206832779448206, 53.49040835889873, 51.11992778394415), (10.206874817049053, 53.49042657493127, 51.11391471718525), (10.206874817049053, 53.49042657493127, 50.950885734986514), (10.206832779448206, 53.49040835889873, 50.95689880174177), (10.206862719402729, 53.49038696819082, 50.972540141559875), (10.206832779448206, 53.49040835889873, 50.95689880174177), (10.206832779448206, 53.49040835889873, 51.11992778394415), (10.206862719402729, 53.49038696819082, 51.135569123754976), (10.206862719402729, 53.49038696819082, 50.972540141559875), (10.206260270855099, 53.49009038213226, 51.07931210669267), (10.206260270855099, 53.49009038213226, 51.24234108889141), (10.206862719402729, 53.49038696819082, 51.135569123754976), (10.206862719402729, 53.49038696819082, 50.972540141559875), (10.206260270855099, 53.49009038213226, 51.07931210669267), (10.206288652998385, 53.49007099647114, 51.09362247847821), (10.206260270855099, 53.49009038213226, 51.07931210669267), (10.206260270855099, 53.49009038213226, 51.24234108889141), (10.206288652998385, 53.49007099647114, 51.25665146067695), (10.206288652998385, 53.49007099647114, 51.09362247847821), (10.206552384486185, 53.4902022007197, 51.046087946360785), (10.206552384486185, 53.4902022007197, 51.209116928555886), (10.206288652998385, 53.49007099647114, 51.25665146067695), (10.206288652998385, 53.49007099647114, 51.09362247847821), (10.206552384486185, 53.4902022007197, 51.046087946360785), (10.206561756857159, 53.490206965236524, 51.044339631378534), (10.206561756857159, 53.490206965236524, 51.207368613573635), (10.206552384486185, 53.4902022007197, 51.209116928555886), (10.206552384486185, 53.4902022007197, 51.046087946360785), (10.206561756857159, 53.490206965236524, 51.044339631378534), (10.206580527452534, 53.49021647615158, 51.04085630152986), (10.206580527452534, 53.490216476151566, 51.203885283732234), (10.206561756857159, 53.490206965236524, 51.207368613573635), (10.206561756857159, 53.490206965236524, 51.044339631378534), (10.206580527452534, 53.49021647615158, 51.04085630152986), (10.206599332446217, 53.490225962871534, 51.03739071873497), (10.206580527452534, 53.49021647615158, 51.04085630152986), (10.206580527452534, 53.490216476151566, 51.203885283732234), (10.206599332446217, 53.490225962871534, 51.20041970093007), (10.206599332446217, 53.490225962871534, 51.03739071873497), (10.206618171750515, 53.49023542535216, 51.03394289912467), (10.206618171750517, 53.49023542535214, 51.196971881327045), (10.206599332446217, 53.490225962871534, 51.20041970093007), (10.206599332446217, 53.490225962871534, 51.03739071873497), (10.206618171750515, 53.49023542535216, 51.03394289912467), (10.206637045277596, 53.490244863549314, 51.03051285878246), (10.206618171750515, 53.49023542535216, 51.03394289912467), (10.206618171750517, 53.49023542535214, 51.196971881327045), (10.2066370452776, 53.490244863549314, 51.19354184097756), (10.206637045277596, 53.490244863549314, 51.03051285878246), (10.206655952939471, 53.49025427741896, 51.02710061369726), (10.206655952939471, 53.49025427741896, 51.190129595895996), (10.2066370452776, 53.490244863549314, 51.19354184097756), (10.206637045277596, 53.490244863549314, 51.03051285878246), (10.206655952939471, 53.49025427741896, 51.02710061369726), (10.206674894647973, 53.49026366691725, 51.023706179777946), (10.206674894647973, 53.49026366691727, 51.18673516197305), (10.206655952939471, 53.49025427741896, 51.190129595895996), (10.206655952939471, 53.49025427741896, 51.02710061369726), (10.206674894647973, 53.49026366691725, 51.023706179777946), (10.206693870314785, 53.49027303200036, 51.02032957284973), (10.206693870314785, 53.49027303200036, 51.18335855504483), (10.206674894647973, 53.49026366691727, 51.18673516197305), (10.206674894647973, 53.49026366691725, 51.023706179777946), (10.206693870314785, 53.49027303200036, 51.02032957284973), (10.206712879851441, 53.490282372624655, 51.016970808646875), (10.206712879851441, 53.490282372624655, 51.179999790841975), (10.206693870314785, 53.49027303200036, 51.18335855504483), (10.206693870314785, 53.49027303200036, 51.02032957284973), (10.206712879851441, 53.490282372624655, 51.016970808646875), (10.206731923169304, 53.4902916887465, 51.01362990283087), (10.206712879851441, 53.490282372624655, 51.016970808646875), (10.206712879851441, 53.490282372624655, 51.179999790841975), (10.206731923169304, 53.49029168874648, 51.176658885036886), (10.206731923169304, 53.4902916887465, 51.01362990283087), (10.206751000179583, 53.49030098032247, 51.0103068709941), (10.206751000179588, 53.49030098032247, 51.1733358531892), (10.206731923169304, 53.49029168874648, 51.176658885036886), (10.206731923169304, 53.4902916887465, 51.01362990283087), (10.206751000179583, 53.49030098032247, 51.0103068709941), (10.206770110793338, 53.49031024730928, 51.00700172859433), (10.20677011079334, 53.49031024730928, 51.17003071079671), (10.206751000179588, 53.49030098032247, 51.1733358531892), (10.206751000179583, 53.49030098032247, 51.0103068709941), (10.206770110793338, 53.49031024730928, 51.00700172859433), (10.206789254921457, 53.49031948966367, 51.00371449107479), (10.206789254921459, 53.490319489663676, 51.16674347327353), (10.20677011079334, 53.49031024730928, 51.17003071079671), (10.206770110793338, 53.49031024730928, 51.00700172859433), (10.206789254921457, 53.49031948966367, 51.00371449107479), (10.206808432474684, 53.490328707342535, 51.00044517373681), (10.206808432474684, 53.490328707342535, 51.163474155935546), (10.206789254921459, 53.490319489663676, 51.16674347327353), (10.206789254921457, 53.49031948966367, 51.00371449107479), (10.206808432474684, 53.490328707342535, 51.00044517373681), (10.206827643363601, 53.49033790030293, 50.99719379182716), (10.206808432474684, 53.490328707342535, 51.00044517373681), (10.206808432474684, 53.490328707342535, 51.163474155935546), (10.206827643363601, 53.49033790030292, 51.160222774029535), (10.206827643363601, 53.49033790030293, 50.99719379182716), (10.206846887498635, 53.49034706850193, 50.993960360512574), (10.206846887498637, 53.49034706850193, 51.156989342707675), (10.206827643363601, 53.49033790030292, 51.160222774029535), (10.206827643363601, 53.49033790030293, 50.99719379182716), (10.206846887498635, 53.49034706850193, 50.993960360512574), (10.206866164790055, 53.4903562118968, 50.99074489485065), (10.206846887498635, 53.49034706850193, 50.993960360512574), (10.206846887498637, 53.49034706850193, 51.156989342707675), (10.206866164790055, 53.4903562118968, 51.15377387704939), (10.206866164790055, 53.4903562118968, 50.99074489485065), (10.206552384486185, 53.4902022007197, 51.209116928555886), (10.206288652998385, 53.49007099647114, 51.25665146067695), (10.206260270855099, 53.49009038213226, 51.24234108889141), (10.206862719402729, 53.49038696819082, 51.135569123754976), (10.206832779448206, 53.49040835889873, 51.11992778394415), (10.206874817049053, 53.49042657493127, 51.11391471718525), (10.206897065297564, 53.49040990963039, 51.12598413407977), (10.206882784455502, 53.490402710723856, 51.12861281761798), (10.206900001176079, 53.49039004119435, 51.13782116652874), (10.206917412995601, 53.49039775126482, 51.135234874625894), (10.206925548654139, 53.49039194674915, 51.13948047477243), (10.206924434243692, 53.490384955845364, 51.143413109432004), (10.206924194703072, 53.490383492830816, 51.14423542354416), (10.206904818482387, 53.490374424103706, 51.14739690260467), (10.206885475147986, 53.490365330444895, 51.1505763920577), (10.206866164790055, 53.4903562118968, 51.15377387704939), (10.206846887498637, 53.49034706850193, 51.156989342707675), (10.206827643363601, 53.49033790030292, 51.160222774029535), (10.206808432474684, 53.490328707342535, 51.163474155935546), (10.206789254921459, 53.490319489663676, 51.16674347327353), (10.20677011079334, 53.49031024730928, 51.17003071079671), (10.206751000179588, 53.49030098032247, 51.1733358531892), (10.206731923169304, 53.49029168874648, 51.176658885036886), (10.206712879851441, 53.490282372624655, 51.179999790841975), (10.206693870314785, 53.49027303200036, 51.18335855504483), (10.206674894647973, 53.49026366691727, 51.18673516197305), (10.206655952939471, 53.49025427741896, 51.190129595895996), (10.2066370452776, 53.490244863549314, 51.19354184097756), (10.206618171750517, 53.49023542535214, 51.196971881327045), (10.206599332446217, 53.490225962871534, 51.20041970093007), (10.206580527452534, 53.490216476151566, 51.203885283732234), (10.206561756857159, 53.490206965236524, 51.207368613573635), (10.206552384486185, 53.4902022007197, 51.209116928555886), (10.205452465918889, 53.48969600784386, 50.95890038053403), (10.206260270855077, 53.49009038213225, 51.079341088905494), (10.206288652998369, 53.49007099647113, 51.093651460691035), (10.205486708909197, 53.48967158075707, 50.97648065294197), (10.205452465918889, 53.48969600784386, 50.95890038053403), (10.206260270855077, 53.49009038213225, 51.079341088905494), (10.206260270855093, 53.49009038213226, 51.2423410889096), (10.206288652998369, 53.49007099647113, 51.2566514606915), (10.206288652998369, 53.49007099647113, 51.093651460691035), (10.206260270855077, 53.49009038213225, 51.079341088905494), (10.205452465918889, 53.48969600784386, 50.95890038053403), (10.206260270855077, 53.49009038213225, 51.079341088905494), (10.206260270855093, 53.49009038213226, 51.2423410889096), (10.2054524659189, 53.48969600784386, 51.121900380538136), (10.205452465918889, 53.48969600784386, 50.95890038053403), (10.205486708909197, 53.48967158075707, 50.97648065294197), (10.205452465918889, 53.48969600784386, 50.95890038053403), (10.2054524659189, 53.48969600784386, 51.121900380538136), (10.205486708909211, 53.48967158075707, 51.13948065294244), (10.205486708909197, 53.48967158075707, 50.97648065294197), (10.206288652998369, 53.49007099647113, 51.093651460691035), (10.206288652998369, 53.49007099647113, 51.2566514606915), (10.205486708909211, 53.48967158075707, 51.13948065294244), (10.205486708909197, 53.48967158075707, 50.97648065294197), (10.206288652998369, 53.49007099647113, 51.093651460691035), (10.206260270855093, 53.49009038213226, 51.2423410889096), (10.2054524659189, 53.48969600784386, 51.121900380538136), (10.205486708909211, 53.48967158075707, 51.13948065294244), (10.206288652998369, 53.49007099647113, 51.2566514606915), (10.206260270855093, 53.49009038213226, 51.2423410889096), (10.204123100369666, 53.489057714994004, 49.94045713735977), (10.204004730055791, 53.489002178071985, 49.03535002778517), (10.204031032148038, 53.48898368502971, 49.05031120876083), (10.204150008450101, 53.48903849771056, 49.95396308536874), (10.204123100369666, 53.489057714994004, 49.94045713735977), (10.204150008450101, 53.48903849771056, 49.95396308536874), (10.204148931585726, 53.48903801731579, 50.93892928521382), (10.204029955286382, 53.48898320463385, 50.03527740860591), (10.204031032148038, 53.48898368502971, 49.05031120876083), (10.204150008450101, 53.48903849771056, 49.95396308536874), (10.204123100369666, 53.489057714994004, 49.94045713735977), (10.204150008450101, 53.48903849771056, 49.95396308536874), (10.204148931585726, 53.48903801731579, 50.93892928521382), (10.204122023505095, 53.489057234599, 50.92542333720485), (10.204123100369666, 53.489057714994004, 49.94045713735977), (10.204004730055791, 53.489002178071985, 49.03535002778517), (10.204123100369666, 53.489057714994004, 49.94045713735977), (10.204122023505095, 53.489057234599, 50.92542333720485), (10.204003653193961, 53.4890016976759, 50.020316227630246), (10.204004730055791, 53.489002178071985, 49.03535002778517), (10.204031032148038, 53.48898368502971, 49.05031120876083), (10.204029955286382, 53.48898320463385, 50.03527740860591), (10.204003653193961, 53.4890016976759, 50.020316227630246), (10.204004730055791, 53.489002178071985, 49.03535002778517), (10.204031032148038, 53.48898368502971, 49.05031120876083), (10.204148931585726, 53.48903801731579, 50.93892928521382), (10.204122023505095, 53.489057234599, 50.92542333720485), (10.204003653193961, 53.4890016976759, 50.020316227630246), (10.204029955286382, 53.48898320463385, 50.03527740860591), (10.204148931585726, 53.48903801731579, 50.93892928521382), (10.205452465921516, 53.48969600784182, 49.96984300362237), (10.204122023678698, 53.48905723467643, 49.93626456483253), (10.204148931585726, 53.48903801731579, 49.94992928524516), (10.204545471563158, 53.489220533838335, 49.96311923387839), (10.204594632860758, 53.48924298955093, 49.9648238331647), (10.204643691554292, 53.48926552495507, 49.96647371591462), (10.204692647280494, 53.48928813988397, 49.96806886991908), (10.20474150020175, 53.48931083379821, 49.96960954873066), (10.20479024838165, 53.489333607645754, 49.97109494481265), (10.204838893033864, 53.48935646014217, 49.97252584328453), (10.204887433273322, 53.48937939149021, 49.973901968180144), (10.204935868740558, 53.48940240152023, 49.975223309305875), (10.204984199076897, 53.48942549006183, 49.976489856864646), (10.20503242392448, 53.48944865694419, 49.97770160148866), (10.205080542926176, 53.489471901995806, 49.97885853418484), (10.205128555725658, 53.4894952250446, 49.9799606464112), (10.205176461967389, 53.489518625917995, 49.98100792997138), (10.205224261296598, 53.489542104442705, 49.98200037713468), (10.205271953359318, 53.48956566044502, 49.98293798053055), (10.205319537802371, 53.489589293750576, 49.983820733221364), (10.205367014273396, 53.48961300418439, 49.984648628684226), (10.20541438242078, 53.48963679157104, 49.9854216607564), (10.205461642418634, 53.48966065536245, 49.986140089102264), (10.205485230768183, 53.489672616552326, 49.98647832762799), (10.205452465921516, 53.48969600784182, 49.96984300362237), (10.20503242392448, 53.48944865694419, 49.97770160148866), (10.205032423924479, 53.48944865694419, 50.96670160148278), (10.204984199076893, 53.48942549006183, 50.96548985686604), (10.204984199076897, 53.48942549006183, 49.976489856864646), (10.20503242392448, 53.48944865694419, 49.97770160148866), (10.205080542926176, 53.489471901995806, 49.97885853418484), (10.20503242392448, 53.48944865694419, 49.97770160148866), (10.205032423924479, 53.48944865694419, 50.96670160148278), (10.205080542926176, 53.489471901995806, 50.967858534186234), (10.205080542926176, 53.489471901995806, 49.97885853418484), (10.205128555725658, 53.4894952250446, 49.9799606464112), (10.205128555725656, 53.4894952250446, 50.96896064640896), (10.205080542926176, 53.489471901995806, 50.967858534186234), (10.205080542926176, 53.489471901995806, 49.97885853418484), (10.205128555725658, 53.4894952250446, 49.9799606464112), (10.205176461967389, 53.489518625917995, 49.98100792997138), (10.205128555725658, 53.4894952250446, 49.9799606464112), (10.205128555725656, 53.4894952250446, 50.96896064640896), (10.20517646196739, 53.489518625917995, 50.97000792997278), (10.205176461967389, 53.489518625917995, 49.98100792997138), (10.205224261296598, 53.489542104442705, 49.98200037713468), (10.205176461967389, 53.489518625917995, 49.98100792997138), (10.20517646196739, 53.489518625917995, 50.97000792997278), (10.205224261296596, 53.489542104442705, 50.97100037713244), (10.205224261296598, 53.489542104442705, 49.98200037713468), (10.205271953359318, 53.48956566044502, 49.98293798053055), (10.205224261296598, 53.489542104442705, 49.98200037713468), (10.205224261296596, 53.489542104442705, 50.97100037713244), (10.20527195335932, 53.48956566044502, 50.97193798052831), (10.205271953359318, 53.48956566044502, 49.98293798053055), (10.205319537802371, 53.489589293750576, 49.983820733221364), (10.205271953359318, 53.48956566044502, 49.98293798053055), (10.20527195335932, 53.48956566044502, 50.97193798052831), (10.205319537802371, 53.489589293750576, 50.97282073321912), (10.205319537802371, 53.489589293750576, 49.983820733221364), (10.205367014273396, 53.48961300418439, 49.984648628684226), (10.205319537802371, 53.489589293750576, 49.983820733221364), (10.205319537802371, 53.489589293750576, 50.97282073321912), (10.205367014273396, 53.48961300418439, 50.97364862867835), (10.205367014273396, 53.48961300418439, 49.984648628684226), (10.20541438242078, 53.48963679157104, 49.9854216607564), (10.205414382420782, 53.48963679157104, 50.9744216607578), (10.205367014273396, 53.48961300418439, 50.97364862867835), (10.205367014273396, 53.48961300418439, 49.984648628684226), (10.20541438242078, 53.48963679157104, 49.9854216607564), (10.205461642418634, 53.48966065536245, 49.986140089102264), (10.205461642418634, 53.48966065536245, 50.97514008910366), (10.205414382420782, 53.48963679157104, 50.9744216607578), (10.20541438242078, 53.48963679157104, 49.9854216607564), (10.205461642418634, 53.48966065536245, 49.986140089102264), (10.205485230768183, 53.489672616552326, 49.98647832762799), (10.205461642418634, 53.48966065536245, 49.986140089102264), (10.205461642418634, 53.48966065536245, 50.97514008910366), (10.20548523076818, 53.48967261655233, 50.97547832762575), (10.205485230768183, 53.489672616552326, 49.98647832762799), (10.205452465921516, 53.48969600784182, 49.96984300362237), (10.205452465921514, 53.48969600784182, 50.95884300362377), (10.20548523076818, 53.48967261655233, 50.97547832762575), (10.205485230768183, 53.489672616552326, 49.98647832762799), (10.205452465921516, 53.48969600784182, 49.96984300362237), (10.204122023678698, 53.48905723467643, 49.93626456483253), (10.205452465921516, 53.48969600784182, 49.96984300362237), (10.205452465921514, 53.48969600784182, 50.95884300362377), (10.204122023678693, 53.48905723467643, 50.925264564833924), (10.204122023678698, 53.48905723467643, 49.93626456483253), (10.204148931585726, 53.48903801731579, 49.94992928524516), (10.204148931585726, 53.48903801731579, 50.93892928524292), (10.204122023678693, 53.48905723467643, 50.925264564833924), (10.204122023678698, 53.48905723467643, 49.93626456483253), (10.204148931585726, 53.48903801731579, 49.94992928524516), (10.204545471563158, 53.489220533838335, 49.96311923387839), (10.204148931585726, 53.48903801731579, 49.94992928524516), (10.204148931585726, 53.48903801731579, 50.93892928524292), (10.204545471563156, 53.489220533838335, 50.952119233879785), (10.204545471563158, 53.489220533838335, 49.96311923387839), (10.204594632860758, 53.48924298955093, 49.9648238331647), (10.204545471563158, 53.489220533838335, 49.96311923387839), (10.204545471563156, 53.489220533838335, 50.952119233879785), (10.204594632860754, 53.48924298955093, 50.95382383316246), (10.204594632860758, 53.48924298955093, 49.9648238331647), (10.204643691554292, 53.48926552495507, 49.96647371591462), (10.204594632860758, 53.48924298955093, 49.9648238331647), (10.204594632860754, 53.48924298955093, 50.95382383316246), (10.204643691554292, 53.48926552495507, 50.95547371591965), (10.204643691554292, 53.48926552495507, 49.96647371591462), (10.204692647280494, 53.48928813988397, 49.96806886991908), (10.204643691554292, 53.48926552495507, 49.96647371591462), (10.204643691554292, 53.48926552495507, 50.95547371591965), (10.204692647280494, 53.48928813988397, 50.95706886991684), (10.204692647280494, 53.48928813988397, 49.96806886991908), (10.20474150020175, 53.48931083379821, 49.96960954873066), (10.204692647280494, 53.48928813988397, 49.96806886991908), (10.204692647280494, 53.48928813988397, 50.95706886991684), (10.20474150020175, 53.48931083379821, 50.958609548732056), (10.20474150020175, 53.48931083379821, 49.96960954873066), (10.20479024838165, 53.489333607645754, 49.97109494481265), (10.20474150020175, 53.48931083379821, 49.96960954873066), (10.20474150020175, 53.48931083379821, 50.958609548732056), (10.20479024838165, 53.489333607645754, 50.960094944814045), (10.20479024838165, 53.489333607645754, 49.97109494481265), (10.204838893033864, 53.48935646014217, 49.97252584328453), (10.204838893033864, 53.48935646014217, 50.961525843285926), (10.20479024838165, 53.489333607645754, 50.960094944814045), (10.20479024838165, 53.489333607645754, 49.97109494481265), (10.204838893033864, 53.48935646014217, 49.97252584328453), (10.204887433273322, 53.48937939149021, 49.973901968180144), (10.204838893033864, 53.48935646014217, 49.97252584328453), (10.204838893033864, 53.48935646014217, 50.961525843285926), (10.20488743327332, 53.48937939149021, 50.96290196818154), (10.204887433273322, 53.48937939149021, 49.973901968180144), (10.204935868740558, 53.48940240152023, 49.975223309305875), (10.204935868740556, 53.48940240152023, 50.96422330930727), (10.20488743327332, 53.48937939149021, 50.96290196818154), (10.204887433273322, 53.48937939149021, 49.973901968180144), (10.204935868740558, 53.48940240152023, 49.975223309305875), (10.204984199076897, 53.48942549006183, 49.976489856864646), (10.204935868740558, 53.48940240152023, 49.975223309305875), (10.204935868740556, 53.48940240152023, 50.96422330930727), (10.204984199076893, 53.48942549006183, 50.96548985686604), (10.204984199076897, 53.48942549006183, 49.976489856864646), (10.20548523076818, 53.48967261655233, 50.97547832762575), (10.205461642418634, 53.48966065536245, 50.97514008910366), (10.205414382420782, 53.48963679157104, 50.9744216607578), (10.205367014273396, 53.48961300418439, 50.97364862867835), (10.205319537802371, 53.489589293750576, 50.97282073321912), (10.20527195335932, 53.48956566044502, 50.97193798052831), (10.205224261296596, 53.489542104442705, 50.97100037713244), (10.20517646196739, 53.489518625917995, 50.97000792997278), (10.205128555725656, 53.4894952250446, 50.96896064640896), (10.205080542926176, 53.489471901995806, 50.967858534186234), (10.205032423924479, 53.48944865694419, 50.96670160148278), (10.204984199076893, 53.48942549006183, 50.96548985686604), (10.204935868740556, 53.48940240152023, 50.96422330930727), (10.20488743327332, 53.48937939149021, 50.96290196818154), (10.204838893033864, 53.48935646014217, 50.961525843285926), (10.20479024838165, 53.489333607645754, 50.960094944814045), (10.20474150020175, 53.48931083379821, 50.958609548732056), (10.204692647280494, 53.48928813988397, 50.95706886991684), (10.204643691554292, 53.48926552495507, 50.95547371591965), (10.204594632860754, 53.48924298955093, 50.95382383316246), (10.204545471563156, 53.489220533838335, 50.952119233879785), (10.204148931585726, 53.48903801731579, 50.93892928524292), (10.204122023678693, 53.48905723467643, 50.925264564833924), (10.205452465921514, 53.48969600784182, 50.95884300362377), (10.20548523076818, 53.48967261655233, 50.97547832762575), (10.206865053302378, 53.490357042566984, 50.00117200589011), (10.206845772978323, 53.4903478977336, 50.004387977634906), (10.206826525815883, 53.49033872809217, 50.00762191786998), (10.206807311904786, 53.49032953368548, 50.01087381151228), (10.206788131334621, 53.49032031455643, 50.01414364340235), (10.206768984194836, 53.49031107074793, 50.0174313983116), (10.206749870574685, 53.49030180230318, 50.02073706089868), (10.206730790563286, 53.490292509265366, 50.02406061575675), (10.206711744249617, 53.49028319167782, 50.0274020473953), (10.206692731722471, 53.49027384958403, 50.03076134022922), (10.2066737530705, 53.49026448302751, 50.03413847860793), (10.206654808382178, 53.490255092051996, 50.03753344675715), (10.206635897745851, 53.49024567670127, 50.0409462288917), (10.206617021249688, 53.49023623701923, 50.04437680907722), (10.206598178981688, 53.4902267730499, 50.04782517132844), (10.206579371029711, 53.490217284837414, 50.051291299576405), (10.206560597481449, 53.49020777242605, 50.054775177639385), (10.20655122363606, 53.4902030071596, 50.05652376779108), (10.206287489425803, 53.49007179475519, 50.10406273642366), (10.2062602708551, 53.49009038213225, 50.09034109226195), (10.20686271940273, 53.490386968190805, 49.983569118568994), (10.206832779448206, 53.49040835889872, 49.96792777845258), (10.206874817049055, 53.49042657493127, 49.96191471114798), (10.206897065297564, 53.49040990963038, 49.97398412828625), (10.206882784455502, 53.490402710723856, 49.97661281202818), (10.206900001176079, 53.490390041194345, 49.985821161128115), (10.2069174129956, 53.49039775126482, 49.98323486899244), (10.206925548654139, 53.49039194674915, 49.987480469226284), (10.20692443424298, 53.49038495584673, 49.99141310317282), (10.206903713075572, 53.49037525763921, 49.99479402775614), (10.206884366698148, 53.49036616254969, 49.99797401763499), (10.206865053302378, 53.490357042566984, 50.00117200589011), (10.206579371029711, 53.490217284837414, 50.051291299576405), (10.206560597481449, 53.49020777242605, 50.054775177639385), (10.206560597481447, 53.49020777242605, 51.04377517764078), (10.206579371029711, 53.49021728483743, 51.04029129957053), (10.206579371029711, 53.490217284837414, 50.051291299576405), (10.206598178981688, 53.4902267730499, 50.04782517132844), (10.206579371029711, 53.490217284837414, 50.051291299576405), (10.206579371029711, 53.49021728483743, 51.04029129957053), (10.206598178981686, 53.4902267730499, 51.03682517132984), (10.206598178981688, 53.4902267730499, 50.04782517132844), (10.206617021249688, 53.49023623701923, 50.04437680907722), (10.206617021249684, 53.49023623701923, 51.03337680907498), (10.206598178981686, 53.4902267730499, 51.03682517132984), (10.206598178981688, 53.4902267730499, 50.04782517132844), (10.206617021249688, 53.49023623701923, 50.04437680907722), (10.206635897745851, 53.49024567670127, 50.0409462288917), (10.206635897745851, 53.49024567670127, 51.029946228893095), (10.206617021249684, 53.49023623701923, 51.03337680907498), (10.206617021249688, 53.49023623701923, 50.04437680907722), (10.206635897745851, 53.49024567670127, 50.0409462288917), (10.206654808382178, 53.490255092051996, 50.03753344675715), (10.206635897745851, 53.49024567670127, 50.0409462288917), (10.206635897745851, 53.49024567670127, 51.029946228893095), (10.206654808382176, 53.49025509205201, 51.02653344675491), (10.206654808382178, 53.490255092051996, 50.03753344675715), (10.2066737530705, 53.49026448302751, 50.03413847860793), (10.206673753070499, 53.49026448302751, 51.02313847860205), (10.206654808382176, 53.49025509205201, 51.02653344675491), (10.206654808382178, 53.490255092051996, 50.03753344675715), (10.2066737530705, 53.49026448302751, 50.03413847860793), (10.206692731722471, 53.49027384958403, 50.03076134022922), (10.206692731722471, 53.49027384958403, 51.019761340230616), (10.206673753070499, 53.49026448302751, 51.02313847860205), (10.2066737530705, 53.49026448302751, 50.03413847860793), (10.206692731722471, 53.49027384958403, 50.03076134022922), (10.206711744249617, 53.49028319167782, 50.0274020473953), (10.206692731722471, 53.49027384958403, 50.03076134022922), (10.206692731722471, 53.49027384958403, 51.019761340230616), (10.206711744249617, 53.49028319167782, 51.016402047396696), (10.206711744249617, 53.49028319167782, 50.0274020473953), (10.206730790563286, 53.490292509265366, 50.02406061575675), (10.206711744249617, 53.49028319167782, 50.0274020473953), (10.206711744249617, 53.49028319167782, 51.016402047396696), (10.206730790563286, 53.490292509265366, 51.01306061575815), (10.206730790563286, 53.490292509265366, 50.02406061575675), (10.206749870574685, 53.49030180230318, 50.02073706089868), (10.206730790563286, 53.490292509265366, 50.02406061575675), (10.206730790563286, 53.490292509265366, 51.01306061575815), (10.206749870574685, 53.49030180230318, 51.00973706090008), (10.206749870574685, 53.49030180230318, 50.02073706089868), (10.206768984194836, 53.49031107074793, 50.0174313983116), (10.206749870574685, 53.49030180230318, 50.02073706089868), (10.206749870574685, 53.49030180230318, 51.00973706090008), (10.206768984194833, 53.49031107074793, 51.006431398313), (10.206768984194836, 53.49031107074793, 50.0174313983116), (10.206788131334621, 53.49032031455643, 50.01414364340235), (10.206768984194836, 53.49031107074793, 50.0174313983116), (10.206768984194833, 53.49031107074793, 51.006431398313), (10.20678813133462, 53.49032031455643, 51.003143643403746), (10.206788131334621, 53.49032031455643, 50.01414364340235), (10.206807311904786, 53.49032953368548, 50.01087381151228), (10.206807311904784, 53.49032953368549, 50.99987381151368), (10.20678813133462, 53.49032031455643, 51.003143643403746), (10.206788131334621, 53.49032031455643, 50.01414364340235), (10.206807311904786, 53.49032953368548, 50.01087381151228), (10.206826525815883, 53.49033872809217, 50.00762191786998), (10.206807311904786, 53.49032953368548, 50.01087381151228), (10.206807311904784, 53.49032953368549, 50.99987381151368), (10.20682652581588, 53.49033872809217, 50.99662191786774), (10.206826525815883, 53.49033872809217, 50.00762191786998), (10.206845772978323, 53.4903478977336, 50.004387977634906), (10.206845772978323, 53.4903478977336, 50.993387977632665), (10.20682652581588, 53.49033872809217, 50.99662191786774), (10.206826525815883, 53.49033872809217, 50.00762191786998), (10.206845772978323, 53.4903478977336, 50.004387977634906), (10.206865053302378, 53.490357042566984, 50.00117200589011), (10.206845772978323, 53.4903478977336, 50.004387977634906), (10.206845772978323, 53.4903478977336, 50.993387977632665), (10.206865053302375, 53.490357042566984, 50.99017200589151), (10.206865053302378, 53.490357042566984, 50.00117200589011), (10.206884366698148, 53.49036616254969, 49.99797401763499), (10.206865053302378, 53.490357042566984, 50.00117200589011), (10.206865053302375, 53.490357042566984, 50.99017200589151), (10.206884366698148, 53.49036616254969, 50.986974017636385), (10.206884366698148, 53.49036616254969, 49.99797401763499), (10.206903713075572, 53.49037525763921, 49.99479402775614), (10.206884366698148, 53.49036616254969, 49.99797401763499), (10.206884366698148, 53.49036616254969, 50.986974017636385), (10.20690371307557, 53.49037525763921, 50.9837940277539), (10.206903713075572, 53.49037525763921, 49.99479402775614), (10.20692443424298, 53.49038495584673, 49.99141310317282), (10.206924434242978, 53.49038495584673, 50.980413103174214), (10.20690371307557, 53.49037525763921, 50.9837940277539), (10.206903713075572, 53.49037525763921, 49.99479402775614), (10.20692443424298, 53.49038495584673, 49.99141310317282), (10.206925548654139, 53.49039194674915, 49.987480469226284), (10.20692443424298, 53.49038495584673, 49.99141310317282), (10.206924434242978, 53.49038495584673, 50.980413103174214), (10.206925548654139, 53.49039194674915, 50.97648046922404), (10.206925548654139, 53.49039194674915, 49.987480469226284), (10.2069174129956, 53.49039775126482, 49.98323486899244), (10.206925548654139, 53.49039194674915, 49.987480469226284), (10.206925548654139, 53.49039194674915, 50.97648046922404), (10.206917412995598, 53.49039775126482, 50.9722348689902), (10.2069174129956, 53.49039775126482, 49.98323486899244), (10.206900001176079, 53.490390041194345, 49.985821161128115), (10.2069174129956, 53.49039775126482, 49.98323486899244), (10.206917412995598, 53.49039775126482, 50.9722348689902), (10.206900001176075, 53.490390041194345, 50.97482116112951), (10.206900001176079, 53.490390041194345, 49.985821161128115), (10.206882784455502, 53.490402710723856, 49.97661281202818), (10.206900001176079, 53.490390041194345, 49.985821161128115), (10.206900001176075, 53.490390041194345, 50.97482116112951), (10.2068827844555, 53.49040271072386, 50.965612812029576), (10.206882784455502, 53.490402710723856, 49.97661281202818), (10.206897065297564, 53.49040990963038, 49.97398412828625), (10.206897065297563, 53.49040990963038, 50.962984128287644), (10.2068827844555, 53.49040271072386, 50.965612812029576), (10.206882784455502, 53.490402710723856, 49.97661281202818), (10.206897065297564, 53.49040990963038, 49.97398412828625), (10.206874817049055, 53.49042657493127, 49.96191471114798), (10.206874817049053, 53.49042657493126, 50.95091471114574), (10.206897065297563, 53.49040990963038, 50.962984128287644), (10.206897065297564, 53.49040990963038, 49.97398412828625), (10.206874817049055, 53.49042657493127, 49.96191471114798), (10.206832779448206, 53.49040835889872, 49.96792777845258), (10.206832779448206, 53.49040835889873, 50.9569277784467), (10.206874817049053, 53.49042657493126, 50.95091471114574), (10.206874817049055, 53.49042657493127, 49.96191471114798), (10.206832779448206, 53.49040835889872, 49.96792777845258), (10.20686271940273, 53.490386968190805, 49.983569118568994), (10.206832779448206, 53.49040835889872, 49.96792777845258), (10.206832779448206, 53.49040835889873, 50.9569277784467), (10.20686271940273, 53.490386968190805, 50.97256911857039), (10.20686271940273, 53.490386968190805, 49.983569118568994), (10.2062602708551, 53.49009038213225, 50.09034109226195), (10.20686271940273, 53.490386968190805, 49.983569118568994), (10.20686271940273, 53.490386968190805, 50.97256911857039), (10.2062602708551, 53.49009038213225, 51.07934109225971), (10.2062602708551, 53.49009038213225, 50.09034109226195), (10.206287489425803, 53.49007179475519, 50.10406273642366), (10.2062602708551, 53.49009038213225, 50.09034109226195), (10.2062602708551, 53.49009038213225, 51.07934109225971), (10.206287489425796, 53.49007179475519, 51.093062736425054), (10.206287489425803, 53.49007179475519, 50.10406273642366), (10.20655122363606, 53.4902030071596, 50.05652376779108), (10.20655122363606, 53.490203007159614, 51.045523767788836), (10.206287489425796, 53.49007179475519, 51.093062736425054), (10.206287489425803, 53.49007179475519, 50.10406273642366), (10.20655122363606, 53.4902030071596, 50.05652376779108), (10.206560597481449, 53.49020777242605, 50.054775177639385), (10.20655122363606, 53.4902030071596, 50.05652376779108), (10.20655122363606, 53.490203007159614, 51.045523767788836), (10.206560597481447, 53.49020777242605, 51.04377517764078), (10.206560597481449, 53.49020777242605, 50.054775177639385), (10.206845772978323, 53.4903478977336, 50.993387977632665), (10.20682652581588, 53.49033872809217, 50.99662191786774), (10.206807311904784, 53.49032953368549, 50.99987381151368), (10.20678813133462, 53.49032031455643, 51.003143643403746), (10.206768984194833, 53.49031107074793, 51.006431398313), (10.206749870574685, 53.49030180230318, 51.00973706090008), (10.206730790563286, 53.490292509265366, 51.01306061575815), (10.206711744249617, 53.49028319167782, 51.016402047396696), (10.206692731722471, 53.49027384958403, 51.019761340230616), (10.206673753070499, 53.49026448302751, 51.02313847860205), (10.206654808382176, 53.49025509205201, 51.02653344675491), (10.206635897745851, 53.49024567670127, 51.029946228893095), (10.206617021249684, 53.49023623701923, 51.03337680907498), (10.206598178981686, 53.4902267730499, 51.03682517132984), (10.206579371029711, 53.49021728483743, 51.04029129957053), (10.206560597481447, 53.49020777242605, 51.04377517764078), (10.20655122363606, 53.490203007159614, 51.045523767788836), (10.206287489425796, 53.49007179475519, 51.093062736425054), (10.2062602708551, 53.49009038213225, 51.07934109225971), (10.20686271940273, 53.490386968190805, 50.97256911857039), (10.206832779448206, 53.49040835889873, 50.9569277784467), (10.206874817049053, 53.49042657493126, 50.95091471114574), (10.206897065297563, 53.49040990963038, 50.962984128287644), (10.2068827844555, 53.49040271072386, 50.965612812029576), (10.206900001176075, 53.490390041194345, 50.97482116112951), (10.206917412995598, 53.49039775126482, 50.9722348689902), (10.206925548654139, 53.49039194674915, 50.97648046922404), (10.206924434242978, 53.49038495584673, 50.980413103174214), (10.20690371307557, 53.49037525763921, 50.9837940277539), (10.206884366698148, 53.49036616254969, 50.986974017636385), (10.206865053302375, 53.490357042566984, 50.99017200589151), (10.206845772978323, 53.4903478977336, 50.993387977632665), (10.205485230771737, 53.48967261654999, 49.98640616375269), (10.205452465917887, 53.489696007844216, 49.96991516791968), (10.206260270856289, 53.49009038213183, 50.0903228204661), (10.206287489432107, 53.49007179474122, 50.10377345695815), (10.205485230771737, 53.48967261654999, 49.98640616375269), (10.205452465917887, 53.489696007844216, 49.96991516791968), (10.206260270856289, 53.49009038213183, 50.0903228204661), (10.206260270856287, 53.49009038213183, 51.079322820471134), (10.205452465917901, 53.489696007844216, 50.95891516792108), (10.205452465917887, 53.489696007844216, 49.96991516791968), (10.205485230771737, 53.48967261654999, 49.98640616375269), (10.205452465917887, 53.489696007844216, 49.96991516791968), (10.205452465917901, 53.489696007844216, 50.95891516792108), (10.205485230771751, 53.489672616549996, 50.975406163757725), (10.205485230771737, 53.48967261654999, 49.98640616375269), (10.206287489432107, 53.49007179474122, 50.10377345695815), (10.205485230771737, 53.48967261654999, 49.98640616375269), (10.205485230771751, 53.489672616549996, 50.975406163757725), (10.206287489432121, 53.490071794741226, 51.09277345696319), (10.206287489432107, 53.49007179474122, 50.10377345695815), (10.206260270856289, 53.49009038213183, 50.0903228204661), (10.206287489432107, 53.49007179474122, 50.10377345695815), (10.206287489432121, 53.490071794741226, 51.09277345696319), (10.206260270856287, 53.49009038213183, 51.079322820471134), (10.206260270856289, 53.49009038213183, 50.0903228204661), (10.205452465917901, 53.489696007844216, 50.95891516792108), (10.206260270856287, 53.49009038213183, 51.079322820471134), (10.206287489432121, 53.490071794741226, 51.09277345696319), (10.205485230771751, 53.489672616549996, 50.975406163757725), (10.205452465917901, 53.489696007844216, 50.95891516792108), (10.204985566414841, 53.48923662379672, 49.984355575652444), (10.20495122930852, 53.48926208458357, 50.04002116358606), (10.20427641346284, 53.48895233943429, 50.00051040298422), (10.204170200773689, 53.48890298433584, 49.993449292494915), (10.204188057225064, 53.488888399333376, 49.9626199859631), (10.204355646803764, 53.488959851713986, 49.964774191364995), (10.204388579788532, 53.488973936112565, 49.96525818896771), (10.20442147908453, 53.48898804849627, 49.965801031459705), (10.20445434462497, 53.48900218883638, 49.96640271761862), (10.204487176343084, 53.489016357104255, 49.967063246353064), (10.204519974172172, 53.4890305532711, 49.967782616236946), (10.204552738045594, 53.489044777308116, 49.96856082585873), (10.204585467896818, 53.489059029186365, 49.969397873588605), (10.204618163659363, 53.48907330887697, 49.970293757738546), (10.204650825266786, 53.48908761635094, 49.97124847654777), (10.204683452652741, 53.48910195157918, 49.97226202800812), (10.204716045750972, 53.489116314532595, 49.973334410067764), (10.204748604495258, 53.48913070518206, 49.97446562058758), (10.204781128819443, 53.48914512349831, 49.975655657210154), (10.20481361865748, 53.48915956945213, 49.976904517548974), (10.204846073943358, 53.4891740430141, 49.978212199086556), (10.204878494611147, 53.4891885441549, 49.9795786991308), (10.204910880594984, 53.48920307284508, 49.981004014916834), (10.20494323182908, 53.489217629055105, 49.98248814353428), (10.204959394394438, 53.48922491747087, 49.98325226175075), (10.204985566414841, 53.48923662379672, 49.984355575652444), (10.204618163659363, 53.48907330887697, 49.970293757738546), (10.204585467896818, 53.489059029186365, 49.969397873588605), (10.204585467896818, 53.489059029186365, 51.019397873591515), (10.204618163659363, 53.48907330887697, 51.020293757741456), (10.204618163659363, 53.48907330887697, 49.970293757738546), (10.204650825266786, 53.48908761635094, 49.97124847654777), (10.204650825266787, 53.48908761635094, 51.02124847655068), (10.204618163659363, 53.48907330887697, 51.020293757741456), (10.204618163659363, 53.48907330887697, 49.970293757738546), (10.204650825266786, 53.48908761635094, 49.97124847654777), (10.204683452652741, 53.48910195157918, 49.97226202800812), (10.204650825266786, 53.48908761635094, 49.97124847654777), (10.204650825266787, 53.48908761635094, 51.02124847655068), (10.204683452652741, 53.48910195157918, 51.02226202801103), (10.204683452652741, 53.48910195157918, 49.97226202800812), (10.204716045750972, 53.489116314532595, 49.973334410067764), (10.204683452652741, 53.48910195157918, 49.97226202800812), (10.204683452652741, 53.48910195157918, 51.02226202801103), (10.204716045750972, 53.489116314532595, 51.023334410070674), (10.204716045750972, 53.489116314532595, 49.973334410067764), (10.204748604495258, 53.48913070518206, 49.97446562058758), (10.204716045750972, 53.489116314532595, 49.973334410067764), (10.204716045750972, 53.489116314532595, 51.023334410070674), (10.204748604495258, 53.489130705182056, 51.02446562057594), (10.204748604495258, 53.48913070518206, 49.97446562058758), (10.204781128819443, 53.48914512349831, 49.975655657210154), (10.204781128819445, 53.48914512349831, 51.02565565722762), (10.204748604495258, 53.489130705182056, 51.02446562057594), (10.204748604495258, 53.48913070518206, 49.97446562058758), (10.204781128819443, 53.48914512349831, 49.975655657210154), (10.20481361865748, 53.48915956945213, 49.976904517548974), (10.204781128819443, 53.48914512349831, 49.975655657210154), (10.204781128819445, 53.48914512349831, 51.02565565722762), (10.20481361865748, 53.48915956945213, 51.026904517551884), (10.20481361865748, 53.48915956945213, 49.976904517548974), (10.204846073943358, 53.4891740430141, 49.978212199086556), (10.20481361865748, 53.48915956945213, 49.976904517548974), (10.20481361865748, 53.48915956945213, 51.026904517551884), (10.204846073943358, 53.4891740430141, 51.02821219908947), (10.204846073943358, 53.4891740430141, 49.978212199086556), (10.204878494611147, 53.4891885441549, 49.9795786991308), (10.204878494611147, 53.4891885441549, 51.02957869913371), (10.204846073943358, 53.4891740430141, 51.02821219908947), (10.204846073943358, 53.4891740430141, 49.978212199086556), (10.204878494611147, 53.4891885441549, 49.9795786991308), (10.204910880594984, 53.48920307284508, 49.981004014916834), (10.204910880594987, 53.48920307284507, 51.03100401490519), (10.204878494611147, 53.4891885441549, 51.02957869913371), (10.204878494611147, 53.4891885441549, 49.9795786991308), (10.204910880594984, 53.48920307284508, 49.981004014916834), (10.20494323182908, 53.489217629055105, 49.98248814353428), (10.204943231829079, 53.489217629055105, 51.03248814350809), (10.204910880594987, 53.48920307284507, 51.03100401490519), (10.204910880594984, 53.48920307284508, 49.981004014916834), (10.20494323182908, 53.489217629055105, 49.98248814353428), (10.204959394394438, 53.48922491747087, 49.98325226175075), (10.20494323182908, 53.489217629055105, 49.98248814353428), (10.204943231829079, 53.489217629055105, 51.03248814350809), (10.204959394394434, 53.48922491747087, 51.03325226175366), (10.204959394394438, 53.48922491747087, 49.98325226175075), (10.204985566414841, 53.48923662379672, 49.984355575652444), (10.204959394394438, 53.48922491747087, 49.98325226175075), (10.204959394394434, 53.48922491747087, 51.03325226175366), (10.204985566414841, 53.48923662379672, 51.034355575655354), (10.204985566414841, 53.48923662379672, 49.984355575652444), (10.20495122930852, 53.48926208458357, 50.04002116358606), (10.204951229308522, 53.48926208458355, 51.09002116358897), (10.204985566414841, 53.48923662379672, 51.034355575655354), (10.204985566414841, 53.48923662379672, 49.984355575652444), (10.20495122930852, 53.48926208458357, 50.04002116358606), (10.20427641346284, 53.48895233943429, 50.00051040298422), (10.20495122930852, 53.48926208458357, 50.04002116358606), (10.204951229308522, 53.48926208458355, 51.09002116358897), (10.204276413462834, 53.48895233943429, 51.05051040297258), (10.20427641346284, 53.48895233943429, 50.00051040298422), (10.204170200773689, 53.48890298433584, 49.993449292494915), (10.20427641346284, 53.48895233943429, 50.00051040298422), (10.204276413462834, 53.48895233943429, 51.05051040297258), (10.204170200773689, 53.48890298433584, 51.043449292497826), (10.204170200773689, 53.48890298433584, 49.993449292494915), (10.204188057225064, 53.488888399333376, 49.9626199859631), (10.204170200773689, 53.48890298433584, 49.993449292494915), (10.204170200773689, 53.48890298433584, 51.043449292497826), (10.204188057225064, 53.488888399333376, 51.01261998596601), (10.204188057225064, 53.488888399333376, 49.9626199859631), (10.204355646803764, 53.488959851713986, 49.964774191364995), (10.204355646803764, 53.488959851713986, 51.014774191353354), (10.204188057225064, 53.488888399333376, 51.01261998596601), (10.204188057225064, 53.488888399333376, 49.9626199859631), (10.204355646803764, 53.488959851713986, 49.964774191364995), (10.204388579788532, 53.488973936112565, 49.96525818896771), (10.20438857978853, 53.488973936112565, 51.01525818897062), (10.204355646803764, 53.488959851713986, 51.014774191353354), (10.204355646803764, 53.488959851713986, 49.964774191364995), (10.204388579788532, 53.488973936112565, 49.96525818896771), (10.20442147908453, 53.48898804849627, 49.965801031459705), (10.204388579788532, 53.488973936112565, 49.96525818896771), (10.20438857978853, 53.488973936112565, 51.01525818897062), (10.204421479084528, 53.48898804849627, 51.015801031462615), (10.20442147908453, 53.48898804849627, 49.965801031459705), (10.20445434462497, 53.48900218883638, 49.96640271761862), (10.20445434462497, 53.48900218883638, 51.01640271762153), (10.204421479084528, 53.48898804849627, 51.015801031462615), (10.20442147908453, 53.48898804849627, 49.965801031459705), (10.20445434462497, 53.48900218883638, 49.96640271761862), (10.204487176343084, 53.489016357104255, 49.967063246353064), (10.204487176343084, 53.48901635710424, 51.01706324634142), (10.20445434462497, 53.48900218883638, 51.01640271762153), (10.20445434462497, 53.48900218883638, 49.96640271761862), (10.204487176343084, 53.489016357104255, 49.967063246353064), (10.204519974172172, 53.4890305532711, 49.967782616236946), (10.204487176343084, 53.489016357104255, 49.967063246353064), (10.204487176343084, 53.48901635710424, 51.01706324634142), (10.204519974172172, 53.4890305532711, 51.017782616239856), (10.204519974172172, 53.4890305532711, 49.967782616236946), (10.204552738045594, 53.489044777308116, 49.96856082585873), (10.204519974172172, 53.4890305532711, 49.967782616236946), (10.204519974172172, 53.4890305532711, 51.017782616239856), (10.204552738045598, 53.4890447773081, 51.01856082586164), (10.204552738045594, 53.489044777308116, 49.96856082585873), (10.204585467896818, 53.489059029186365, 49.969397873588605), (10.204585467896818, 53.489059029186365, 51.019397873591515), (10.204552738045598, 53.4890447773081, 51.01856082586164), (10.204552738045594, 53.489044777308116, 49.96856082585873), (10.204585467896818, 53.489059029186365, 49.969397873588605), (10.204959394394434, 53.48922491747087, 51.03325226175366), (10.204985566414841, 53.48923662379672, 51.034355575655354), (10.204951229308522, 53.48926208458355, 51.09002116358897), (10.204276413462834, 53.48895233943429, 51.05051040297258), (10.204170200773689, 53.48890298433584, 51.043449292497826), (10.204188057225064, 53.488888399333376, 51.01261998596601), (10.204355646803764, 53.488959851713986, 51.014774191353354), (10.20438857978853, 53.488973936112565, 51.01525818897062), (10.204421479084528, 53.48898804849627, 51.015801031462615), (10.20445434462497, 53.48900218883638, 51.01640271762153), (10.204487176343084, 53.48901635710424, 51.01706324634142), (10.204519974172172, 53.4890305532711, 51.017782616239856), (10.204552738045598, 53.4890447773081, 51.01856082586164), (10.204585467896818, 53.489059029186365, 51.019397873591515), (10.204618163659363, 53.48907330887697, 51.020293757741456), (10.204650825266787, 53.48908761635094, 51.02124847655068), (10.204683452652741, 53.48910195157918, 51.02226202801103), (10.204716045750972, 53.489116314532595, 51.023334410070674), (10.204748604495258, 53.489130705182056, 51.02446562057594), (10.204781128819445, 53.48914512349831, 51.02565565722762), (10.20481361865748, 53.48915956945213, 51.026904517551884), (10.204846073943358, 53.4891740430141, 51.02821219908947), (10.204878494611147, 53.4891885441549, 51.02957869913371), (10.204910880594987, 53.48920307284507, 51.03100401490519), (10.204943231829079, 53.489217629055105, 51.03248814350809), (10.204959394394434, 53.48922491747087, 51.03325226175366), (10.20427641908541, 53.48895233404204, 50.11694758363592), (10.204170218647695, 53.488902969095854, 50.12828075014113), (10.204130873188795, 53.488934867769856, 50.19548568104801), (10.204235055584423, 53.488982444116814, 50.18330004677409), (10.204266953542673, 53.48899684438392, 50.1793602980033), (10.204304924743676, 53.48901412885775, 50.17484930937644), (10.204342851624276, 53.489031447921626, 50.17041237515514), (10.204380734095839, 53.48904880153511, 50.16604950571491), (10.204418572069834, 53.48906618965772, 50.16176071128575), (10.204456365457848, 53.48908361224878, 50.157546001835726), (10.204494114171537, 53.48910106926763, 50.15340538730379), (10.204531818122698, 53.48911856067352, 50.14933887727966), (10.204569477223211, 53.48913608642555, 50.14534648133849), (10.204607091385073, 53.489153646482805, 50.14142820879351), (10.20464466052037, 53.489171240804296, 50.137584068783326), (10.20468218454131, 53.48918886934892, 50.13381407034467), (10.20471966336019, 53.48920653207547, 50.1301182222378), (10.20475709688943, 53.489224228942696, 50.12649653310655), (10.204794485041543, 53.48924195990934, 50.12294901149289), (10.204831827729144, 53.48925972493389, 50.11947566557501), (10.204869124864961, 53.48927752397491, 50.11607650356018), (10.204906360692705, 53.48929535140273, 50.11275533362641), (10.204951242826514, 53.48926209106842, 50.04001936606073), (10.20427641908541, 53.48895233404204, 50.11694758363592), (10.204531818122698, 53.48911856067352, 50.14933887727966), (10.204531818122698, 53.48911856067352, 51.19933887728257), (10.204569477223211, 53.48913608642555, 51.19534648132685), (10.204569477223211, 53.48913608642555, 50.14534648133849), (10.204531818122698, 53.48911856067352, 50.14933887727966), (10.204494114171537, 53.48910106926763, 50.15340538730379), (10.204531818122698, 53.48911856067352, 50.14933887727966), (10.204531818122698, 53.48911856067352, 51.19933887728257), (10.20449411417154, 53.48910106926765, 51.2034053872776), (10.204494114171537, 53.48910106926763, 50.15340538730379), (10.204456365457848, 53.48908361224878, 50.157546001835726), (10.204456365457846, 53.489083612248784, 51.20754600183864), (10.20449411417154, 53.48910106926765, 51.2034053872776), (10.204494114171537, 53.48910106926763, 50.15340538730379), (10.204456365457848, 53.48908361224878, 50.157546001835726), (10.204418572069834, 53.48906618965772, 50.16176071128575), (10.204418572069834, 53.48906618965772, 51.21176071125956), (10.204456365457846, 53.489083612248784, 51.20754600183864), (10.204456365457848, 53.48908361224878, 50.157546001835726), (10.204418572069834, 53.48906618965772, 50.16176071128575), (10.204380734095839, 53.48904880153511, 50.16604950571491), (10.204418572069834, 53.48906618965772, 50.16176071128575), (10.204418572069834, 53.48906618965772, 51.21176071125956), (10.204380734095837, 53.48904880153512, 51.21604950571782), (10.204380734095839, 53.48904880153511, 50.16604950571491), (10.204342851624276, 53.489031447921626, 50.17041237515514), (10.204342851624276, 53.489031447921626, 51.220412375143496), (10.204380734095837, 53.48904880153512, 51.21604950571782), (10.204380734095839, 53.48904880153511, 50.16604950571491), (10.204342851624276, 53.489031447921626, 50.17041237515514), (10.204304924743676, 53.48901412885775, 50.17484930937644), (10.204304924743676, 53.48901412885775, 51.2248493093648), (10.204342851624276, 53.489031447921626, 51.220412375143496), (10.204342851624276, 53.489031447921626, 50.17041237515514), (10.204304924743676, 53.48901412885775, 50.17484930937644), (10.204266953542673, 53.48899684438392, 50.1793602980033), (10.204266953542673, 53.48899684438392, 51.22936029799166), (10.204304924743676, 53.48901412885775, 51.2248493093648), (10.204304924743676, 53.48901412885775, 50.17484930937644), (10.204266953542673, 53.48899684438392, 50.1793602980033), (10.204235055584423, 53.488982444116814, 50.18330004677409), (10.204266953542673, 53.48899684438392, 50.1793602980033), (10.204266953542673, 53.48899684438392, 51.22936029799166), (10.204235055584425, 53.488982444116814, 51.23330004676245), (10.204235055584423, 53.488982444116814, 50.18330004677409), (10.204130873188795, 53.488934867769856, 50.19548568104801), (10.204235055584423, 53.488982444116814, 50.18330004677409), (10.204235055584425, 53.488982444116814, 51.23330004676245), (10.204130873188795, 53.488934867769856, 51.24548568105092), (10.204130873188795, 53.488934867769856, 50.19548568104801), (10.204170218647695, 53.488902969095854, 50.12828075014113), (10.204170218647695, 53.488902969095854, 51.17828075012949), (10.204130873188795, 53.488934867769856, 51.24548568105092), (10.204130873188795, 53.488934867769856, 50.19548568104801), (10.204170218647695, 53.488902969095854, 50.12828075014113), (10.20427641908541, 53.48895233404204, 50.11694758363592), (10.204170218647695, 53.488902969095854, 50.12828075014113), (10.204170218647695, 53.488902969095854, 51.17828075012949), (10.204276419085412, 53.48895233404204, 51.16694758363883), (10.20427641908541, 53.48895233404204, 50.11694758363592), (10.204951242826514, 53.48926209106842, 50.04001936606073), (10.204951242826516, 53.48926209106842, 51.09001936606364), (10.204276419085412, 53.48895233404204, 51.16694758363883), (10.20427641908541, 53.48895233404204, 50.11694758363592), (10.204951242826514, 53.48926209106842, 50.04001936606073), (10.204906360692705, 53.48929535140273, 50.11275533362641), (10.204906360692705, 53.48929535140273, 51.16275533360022), (10.204951242826516, 53.48926209106842, 51.09001936606364), (10.204951242826514, 53.48926209106842, 50.04001936606073), (10.204906360692705, 53.48929535140273, 50.11275533362641), (10.204869124864961, 53.48927752397491, 50.11607650356018), (10.204906360692705, 53.48929535140273, 50.11275533362641), (10.204906360692705, 53.48929535140273, 51.16275533360022), (10.204869124864961, 53.48927752397491, 51.16607650356309), (10.204869124864961, 53.48927752397491, 50.11607650356018), (10.204831827729144, 53.48925972493389, 50.11947566557501), (10.204831827729144, 53.48925972493389, 51.16947566556337), (10.204869124864961, 53.48927752397491, 51.16607650356309), (10.204869124864961, 53.48927752397491, 50.11607650356018), (10.204831827729144, 53.48925972493389, 50.11947566557501), (10.204794485041543, 53.48924195990934, 50.12294901149289), (10.204831827729144, 53.48925972493389, 50.11947566557501), (10.204831827729144, 53.48925972493389, 51.16947566556337), (10.204794485041539, 53.48924195990933, 51.1729490114667), (10.204794485041543, 53.48924195990934, 50.12294901149289), (10.20475709688943, 53.489224228942696, 50.12649653310655), (10.20475709688943, 53.489224228942696, 51.17649653310946), (10.204794485041539, 53.48924195990933, 51.1729490114667), (10.204794485041543, 53.48924195990934, 50.12294901149289), (10.20475709688943, 53.489224228942696, 50.12649653310655), (10.20471966336019, 53.48920653207547, 50.1301182222378), (10.20471966336019, 53.48920653207547, 51.180118222211604), (10.20475709688943, 53.489224228942696, 51.17649653310946), (10.20475709688943, 53.489224228942696, 50.12649653310655), (10.20471966336019, 53.48920653207547, 50.1301182222378), (10.20468218454131, 53.48918886934892, 50.13381407034467), (10.204682184541307, 53.48918886934892, 51.183814070318476), (10.20471966336019, 53.48920653207547, 51.180118222211604), (10.20471966336019, 53.48920653207547, 50.1301182222378), (10.20468218454131, 53.48918886934892, 50.13381407034467), (10.20464466052037, 53.489171240804296, 50.137584068783326), (10.20468218454131, 53.48918886934892, 50.13381407034467), (10.204682184541307, 53.48918886934892, 51.183814070318476), (10.20464466052037, 53.489171240804296, 51.187584068771685), (10.20464466052037, 53.489171240804296, 50.137584068783326), (10.204607091385073, 53.489153646482805, 50.14142820879351), (10.204607091385073, 53.489153646482805, 51.19142820878187), (10.20464466052037, 53.489171240804296, 51.187584068771685), (10.20464466052037, 53.489171240804296, 50.137584068783326), (10.204607091385073, 53.489153646482805, 50.14142820879351), (10.204569477223211, 53.48913608642555, 50.14534648133849), (10.204569477223211, 53.48913608642555, 51.19534648132685), (10.204607091385073, 53.489153646482805, 51.19142820878187), (10.204607091385073, 53.489153646482805, 50.14142820879351), (10.204569477223211, 53.48913608642555, 50.14534648133849), (10.204170218647695, 53.488902969095854, 51.17828075012949), (10.204276419085412, 53.48895233404204, 51.16694758363883), (10.204951242826516, 53.48926209106842, 51.09001936606364), (10.204906360692705, 53.48929535140273, 51.16275533360022), (10.204869124864961, 53.48927752397491, 51.16607650356309), (10.204831827729144, 53.48925972493389, 51.16947566556337), (10.204794485041539, 53.48924195990933, 51.1729490114667), (10.20475709688943, 53.489224228942696, 51.17649653310946), (10.20471966336019, 53.48920653207547, 51.180118222211604), (10.204682184541307, 53.48918886934892, 51.183814070318476), (10.20464466052037, 53.489171240804296, 51.187584068771685), (10.204607091385073, 53.489153646482805, 51.19142820878187), (10.204569477223211, 53.48913608642555, 51.19534648132685), (10.204531818122698, 53.48911856067352, 51.19933887728257), (10.20449411417154, 53.48910106926765, 51.2034053872776), (10.204456365457846, 53.489083612248784, 51.20754600183864), (10.204418572069834, 53.48906618965772, 51.21176071125956), (10.204380734095837, 53.48904880153512, 51.21604950571782), (10.204342851624276, 53.489031447921626, 51.220412375143496), (10.204304924743676, 53.48901412885775, 51.2248493093648), (10.204266953542673, 53.48899684438392, 51.22936029799166), (10.204235055584425, 53.488982444116814, 51.23330004676245), (10.204130873188795, 53.488934867769856, 51.24548568105092), (10.204170218647695, 53.488902969095854, 51.17828075012949), (10.206129511522093, 53.48989890770291, 51.24942529325199), (10.206680294112678, 53.49017442930909, 51.17442088543612), (10.206709412739077, 53.49015477790719, 51.129698306001956), (10.207073225096215, 53.490337088084814, 51.080538423280814), (10.207143324240459, 53.49028803741526, 50.97079935052898), (10.206780744255223, 53.49010616440025, 51.01957767497515), (10.206766572273102, 53.490099054007565, 51.02148240043607), (10.206738221363448, 53.49008483815258, 51.02530282472435), (10.206709861196831, 53.490070628873205, 51.02913787968282), (10.206681491777564, 53.490056426171606, 51.03298756472941), (10.206653113109912, 53.4900422300499, 51.03685187929659), (10.206624725198205, 53.49002804051027, 51.04073082278774), (10.206596328046711, 53.490013857554835, 51.04462439462077), (10.206567921659751, 53.48999968118575, 51.04853259421361), (10.2065395060416, 53.489985511405145, 51.052455420969636), (10.206511081196586, 53.48997134821514, 51.05639287424856), (10.206482647129004, 53.489957191617926, 51.06034495351196), (10.20645420384316, 53.48994304161559, 51.0643116581341), (10.206425751343367, 53.48992889821033, 51.068292987532914), (10.206397289633893, 53.48991476140424, 51.07228894109721), (10.206368818719092, 53.48990063119947, 51.07629951821582), (10.206340338603267, 53.48988650759812, 51.08032471824845), (10.206311849290708, 53.48987239060239, 51.08436454067123), (10.206283350785746, 53.48985828021435, 51.08841898480023), (10.20625484309271, 53.489844176436186, 51.09248805003881), (10.206226301200623, 53.4898300885357, 51.09660108415119), (10.206129511522093, 53.48989890770291, 51.24942529325199), (10.2065395060416, 53.489985511405145, 51.052455420969636), (10.206567921659751, 53.48999968118575, 51.04853259421361), (10.206567921659765, 53.48999968118575, 49.99853259422525), (10.206539506041615, 53.489985511405145, 50.002455420966726), (10.2065395060416, 53.489985511405145, 51.052455420969636), (10.206511081196586, 53.48997134821514, 51.05639287424856), (10.2065395060416, 53.489985511405145, 51.052455420969636), (10.206539506041615, 53.489985511405145, 50.002455420966726), (10.2065110811966, 53.48997134821514, 50.00639287424565), (10.206511081196586, 53.48997134821514, 51.05639287424856), (10.206482647129004, 53.489957191617926, 51.06034495351196), (10.206482647129018, 53.489957191617926, 50.0103449535236), (10.2065110811966, 53.48997134821514, 50.00639287424565), (10.206511081196586, 53.48997134821514, 51.05639287424856), (10.206482647129004, 53.489957191617926, 51.06034495351196), (10.20645420384316, 53.48994304161559, 51.0643116581341), (10.206482647129004, 53.489957191617926, 51.06034495351196), (10.206482647129018, 53.489957191617926, 50.0103449535236), (10.206454203843174, 53.48994304161559, 50.01431165813119), (10.20645420384316, 53.48994304161559, 51.0643116581341), (10.206425751343367, 53.48992889821033, 51.068292987532914), (10.20645420384316, 53.48994304161559, 51.0643116581341), (10.206454203843174, 53.48994304161559, 50.01431165813119), (10.206425751343367, 53.48992889821033, 50.018292987544555), (10.206425751343367, 53.48992889821033, 51.068292987532914), (10.206397289633893, 53.48991476140424, 51.07228894109721), (10.206397289633909, 53.48991476140424, 50.022288941108854), (10.206425751343367, 53.48992889821033, 50.018292987544555), (10.206425751343367, 53.48992889821033, 51.068292987532914), (10.206397289633893, 53.48991476140424, 51.07228894109721), (10.206368818719092, 53.48990063119947, 51.07629951821582), (10.206397289633893, 53.48991476140424, 51.07228894109721), (10.206397289633909, 53.48991476140424, 50.022288941108854), (10.206368818719103, 53.48990063119947, 50.02629951822746), (10.206368818719092, 53.48990063119947, 51.07629951821582), (10.206340338603267, 53.48988650759812, 51.08032471824845), (10.206368818719092, 53.48990063119947, 51.07629951821582), (10.206368818719103, 53.48990063119947, 50.02629951822746), (10.206340338603283, 53.48988650759812, 50.03032471826009), (10.206340338603267, 53.48988650759812, 51.08032471824845), (10.206311849290708, 53.48987239060239, 51.08436454067123), (10.20631184929072, 53.48987239060239, 50.03436454068287), (10.206340338603283, 53.48988650759812, 50.03032471826009), (10.206340338603267, 53.48988650759812, 51.08032471824845), (10.206311849290708, 53.48987239060239, 51.08436454067123), (10.206283350785746, 53.48985828021435, 51.08841898480023), (10.206311849290708, 53.48987239060239, 51.08436454067123), (10.20631184929072, 53.48987239060239, 50.03436454068287), (10.206283350785759, 53.48985828021435, 50.03841898481187), (10.206283350785746, 53.48985828021435, 51.08841898480023), (10.20625484309271, 53.489844176436186, 51.09248805003881), (10.206254843092724, 53.489844176436186, 50.04248805005045), (10.206283350785759, 53.48985828021435, 50.03841898481187), (10.206283350785746, 53.48985828021435, 51.08841898480023), (10.20625484309271, 53.489844176436186, 51.09248805003881), (10.206226301200623, 53.4898300885357, 51.09660108415119), (10.20625484309271, 53.489844176436186, 51.09248805003881), (10.206254843092724, 53.489844176436186, 50.04248805005045), (10.206226301200637, 53.4898300885357, 50.04660108414828), (10.206226301200623, 53.4898300885357, 51.09660108415119), (10.206129511522093, 53.48989890770291, 51.24942529325199), (10.206129511522107, 53.48989890770291, 50.19942529324908), (10.206226301200637, 53.4898300885357, 50.04660108414828), (10.206226301200623, 53.4898300885357, 51.09660108415119), (10.206129511522093, 53.48989890770291, 51.24942529325199), (10.206680294112678, 53.49017442930909, 51.17442088543612), (10.206129511522093, 53.48989890770291, 51.24942529325199), (10.206129511522107, 53.48989890770291, 50.19942529324908), (10.206680294112694, 53.4901744293091, 50.12442088544776), (10.206680294112678, 53.49017442930909, 51.17442088543612), (10.206709412739077, 53.49015477790719, 51.129698306001956), (10.206709412739091, 53.49015477790719, 50.0796983060136), (10.206680294112694, 53.4901744293091, 50.12442088544776), (10.206680294112678, 53.49017442930909, 51.17442088543612), (10.206709412739077, 53.49015477790719, 51.129698306001956), (10.207073225096215, 53.490337088084814, 51.080538423280814), (10.20707322509623, 53.490337088084814, 50.030538423292455), (10.206709412739091, 53.49015477790719, 50.0796983060136), (10.206709412739077, 53.49015477790719, 51.129698306001956), (10.207073225096215, 53.490337088084814, 51.080538423280814), (10.207143324240459, 53.49028803741526, 50.97079935052898), (10.207073225096215, 53.490337088084814, 51.080538423280814), (10.20707322509623, 53.490337088084814, 50.030538423292455), (10.207143324240471, 53.49028803741526, 49.92079935052607), (10.207143324240459, 53.49028803741526, 50.97079935052898), (10.206780744255223, 53.49010616440025, 51.01957767497515), (10.206780744255235, 53.49010616440025, 49.969577674986795), (10.207143324240471, 53.49028803741526, 49.92079935052607), (10.207143324240459, 53.49028803741526, 50.97079935052898), (10.206780744255223, 53.49010616440025, 51.01957767497515), (10.206766572273102, 53.490099054007565, 51.02148240043607), (10.206766572273102, 53.490099054007565, 49.97148240043316), (10.206780744255235, 53.49010616440025, 49.969577674986795), (10.206780744255223, 53.49010616440025, 51.01957767497515), (10.206766572273102, 53.490099054007565, 51.02148240043607), (10.206738221363448, 53.49008483815258, 51.02530282472435), (10.206766572273102, 53.490099054007565, 51.02148240043607), (10.206766572273102, 53.490099054007565, 49.97148240043316), (10.206738221363462, 53.49008483815258, 49.97530282472144), (10.206738221363448, 53.49008483815258, 51.02530282472435), (10.206709861196831, 53.490070628873205, 51.02913787968282), (10.206709861196842, 53.490070628873205, 49.97913787969446), (10.206738221363462, 53.49008483815258, 49.97530282472144), (10.206738221363448, 53.49008483815258, 51.02530282472435), (10.206709861196831, 53.490070628873205, 51.02913787968282), (10.206681491777564, 53.490056426171606, 51.03298756472941), (10.206681491777577, 53.490056426171606, 49.98298756474105), (10.206709861196842, 53.490070628873205, 49.97913787969446), (10.206709861196831, 53.490070628873205, 51.02913787968282), (10.206681491777564, 53.490056426171606, 51.03298756472941), (10.206653113109912, 53.4900422300499, 51.03685187929659), (10.206681491777564, 53.490056426171606, 51.03298756472941), (10.206681491777577, 53.490056426171606, 49.98298756474105), (10.206653113109926, 53.4900422300499, 49.98685187929368), (10.206653113109912, 53.4900422300499, 51.03685187929659), (10.206624725198205, 53.49002804051027, 51.04073082278774), (10.206653113109912, 53.4900422300499, 51.03685187929659), (10.206653113109926, 53.4900422300499, 49.98685187929368), (10.206624725198205, 53.49002804051027, 49.99073082281393), (10.206624725198205, 53.49002804051027, 51.04073082278774), (10.206596328046711, 53.490013857554835, 51.04462439462077), (10.20659632804672, 53.490013857554835, 49.99462439463241), (10.206624725198205, 53.49002804051027, 49.99073082281393), (10.206624725198205, 53.49002804051027, 51.04073082278774), (10.206596328046711, 53.490013857554835, 51.04462439462077), (10.206567921659751, 53.48999968118575, 51.04853259421361), (10.206596328046711, 53.490013857554835, 51.04462439462077), (10.20659632804672, 53.490013857554835, 49.99462439463241), (10.206567921659765, 53.48999968118575, 49.99853259422525), (10.206567921659751, 53.48999968118575, 51.04853259421361), (10.206226301200637, 53.4898300885357, 50.04660108414828), (10.206129511522107, 53.48989890770291, 50.19942529324908), (10.206680294112694, 53.4901744293091, 50.12442088544776), (10.206709412739091, 53.49015477790719, 50.0796983060136), (10.20707322509623, 53.490337088084814, 50.030538423292455), (10.207143324240471, 53.49028803741526, 49.92079935052607), (10.206780744255235, 53.49010616440025, 49.969577674986795), (10.206766572273102, 53.490099054007565, 49.97148240043316), (10.206738221363462, 53.49008483815258, 49.97530282472144), (10.206709861196842, 53.490070628873205, 49.97913787969446), (10.206681491777577, 53.490056426171606, 49.98298756474105), (10.206653113109926, 53.4900422300499, 49.98685187929368), (10.206624725198205, 53.49002804051027, 49.99073082281393), (10.20659632804672, 53.490013857554835, 49.99462439463241), (10.206567921659765, 53.48999968118575, 49.99853259422525), (10.206539506041615, 53.489985511405145, 50.002455420966726), (10.2065110811966, 53.48997134821514, 50.00639287424565), (10.206482647129018, 53.489957191617926, 50.0103449535236), (10.206454203843174, 53.48994304161559, 50.01431165813119), (10.206425751343367, 53.48992889821033, 50.018292987544555), (10.206397289633909, 53.48991476140424, 50.022288941108854), (10.206368818719103, 53.48990063119947, 50.02629951822746), (10.206340338603283, 53.48988650759812, 50.03032471826009), (10.20631184929072, 53.48987239060239, 50.03436454068287), (10.206283350785759, 53.48985828021435, 50.03841898481187), (10.206254843092724, 53.489844176436186, 50.04248805005045), (10.206226301200637, 53.4898300885357, 50.04660108414828), (10.20500007997374, 53.48924322987022, 49.98464397389034), (10.204985566412823, 53.4892366237984, 49.984340314083965), (10.204906360692709, 53.489295351402745, 50.11275533361186), (10.204920502810262, 53.48930209771538, 50.113475699792616), (10.204948767176825, 53.48931560514466, 50.11494875907374), (10.204977005019716, 53.489329132297186, 50.11646491927968), (10.205005216300203, 53.48934267915445, 50.11802417837316), (10.205033400979614, 53.48935624569784, 50.119626534185954), (10.2050615590193, 53.4893698319088, 50.121271984506166), (10.205089690380664, 53.48938343776871, 50.12296052707825), (10.205117795025128, 53.48939706325892, 50.12469215961755), (10.20514587291415, 53.489410708360765, 50.12646687973756), (10.20517392400924, 53.489424373055556, 50.12828468497901), (10.20520194827194, 53.48943805732456, 50.13014557288261), (10.205229945663815, 53.48945176114902, 50.132049540858134), (10.205257916146484, 53.48946548451016, 50.13399658634444), (10.205285859681595, 53.48947922738918, 50.13598670660576), (10.205313776230833, 53.48949298976726, 50.13801989896456), (10.205341665755913, 53.4895067716255, 50.140096160626854), (10.205369528218604, 53.48952057294509, 50.142215488725924), (10.205397363580698, 53.48953439370705, 50.14437788038049), (10.205425171804025, 53.48954823389245, 50.146583332592854), (10.205452952850457, 53.489562093482384, 50.14883184235077), (10.205544825533929, 53.48949752547606, 50.00475458317669), (10.205516433875463, 53.48948393043794, 50.003237757628085), (10.205488010892863, 53.48947035870629, 50.00177184883796), (10.205459556639958, 53.48945681030676, 50.000356859512976), (10.205431071170612, 53.489443285265004, 49.99899279238889), (10.205402554538768, 53.48942978360661, 49.99767965002684), (10.205374006798424, 53.48941630535713, 49.9964174348861), (10.205345428003623, 53.489402850542085, 49.99520614941139), (10.20531681820848, 53.48938941918692, 49.994045795843704), (10.205288177467168, 53.48937601131707, 49.992936376453144), (10.205259505833915, 53.48936262695785, 49.99187789320422), (10.20523080336301, 53.48934926613468, 49.990870348294266), (10.205202070108788, 53.489335928872805, 49.98991374348407), (10.20517330612566, 53.48932261519744, 49.989008080607164), (10.205144511468085, 53.489309325133796, 49.98815336142434), (10.205115686190586, 53.48929605870703, 49.9873495875363), (10.205086830347739, 53.48928281594225, 49.9865967604419), (10.20505794399418, 53.48926959686454, 49.98589488162543), (10.205029027184594, 53.48925640149886, 49.985243952367455), (10.20500007997374, 53.48924322987022, 49.98464397389034), (10.205397363580698, 53.48953439370705, 50.14437788038049), (10.205425171804025, 53.48954823389245, 50.146583332592854), (10.205425171804022, 53.489548233892485, 51.19658333256666), (10.205397363580694, 53.48953439370705, 51.194377880354295), (10.205397363580698, 53.48953439370705, 50.14437788038049), (10.205369528218604, 53.48952057294509, 50.142215488725924), (10.205369528218599, 53.48952057294511, 51.192215488728834), (10.205397363580694, 53.48953439370705, 51.194377880354295), (10.205397363580698, 53.48953439370705, 50.14437788038049), (10.205369528218604, 53.48952057294509, 50.142215488725924), (10.205341665755913, 53.4895067716255, 50.140096160626854), (10.205369528218604, 53.48952057294509, 50.142215488725924), (10.205369528218599, 53.48952057294511, 51.192215488728834), (10.205341665755912, 53.489506771625514, 51.19009616060066), (10.205341665755913, 53.4895067716255, 50.140096160626854), (10.205313776230833, 53.48949298976726, 50.13801989896456), (10.20531377623083, 53.48949298976726, 51.188019898952916), (10.205341665755912, 53.489506771625514, 51.19009616060066), (10.205341665755913, 53.4895067716255, 50.140096160626854), (10.205313776230833, 53.48949298976726, 50.13801989896456), (10.205285859681595, 53.48947922738918, 50.13598670660576), (10.205313776230833, 53.48949298976726, 50.13801989896456), (10.20531377623083, 53.48949298976726, 51.188019898952916), (10.205285859681593, 53.48947922738919, 51.18598670659412), (10.205285859681595, 53.48947922738918, 50.13598670660576), (10.205257916146484, 53.48946548451016, 50.13399658634444), (10.205257916146483, 53.48946548451017, 51.183996586318244), (10.205285859681593, 53.48947922738919, 51.18598670659412), (10.205285859681595, 53.48947922738918, 50.13598670660576), (10.205257916146484, 53.48946548451016, 50.13399658634444), (10.205229945663815, 53.48945176114902, 50.132049540858134), (10.205229945663813, 53.48945176114903, 51.18204954084649), (10.205257916146483, 53.48946548451017, 51.183996586318244), (10.205257916146484, 53.48946548451016, 50.13399658634444), (10.205229945663815, 53.48945176114902, 50.132049540858134), (10.20520194827194, 53.48943805732456, 50.13014557288261), (10.20520194827194, 53.48943805732457, 51.18014557287097), (10.205229945663813, 53.48945176114903, 51.18204954084649), (10.205229945663815, 53.48945176114902, 50.132049540858134), (10.20520194827194, 53.48943805732456, 50.13014557288261), (10.20517392400924, 53.489424373055556, 50.12828468497901), (10.20517392400924, 53.48942437305556, 51.178284684967366), (10.20520194827194, 53.48943805732457, 51.18014557287097), (10.20520194827194, 53.48943805732456, 50.13014557288261), (10.20517392400924, 53.489424373055556, 50.12828468497901), (10.20514587291415, 53.489410708360765, 50.12646687973756), (10.20514587291415, 53.489410708360765, 51.17646687971137), (10.20517392400924, 53.48942437305556, 51.178284684967366), (10.20517392400924, 53.489424373055556, 50.12828468497901), (10.20514587291415, 53.489410708360765, 50.12646687973756), (10.205117795025128, 53.48939706325892, 50.12469215961755), (10.205117795025126, 53.48939706325892, 51.17469215960591), (10.20514587291415, 53.489410708360765, 51.17646687971137), (10.20514587291415, 53.489410708360765, 50.12646687973756), (10.205117795025128, 53.48939706325892, 50.12469215961755), (10.205089690380664, 53.48938343776871, 50.12296052707825), (10.205089690380666, 53.48938343776871, 51.17296052706661), (10.205117795025126, 53.48939706325892, 51.17469215960591), (10.205117795025128, 53.48939706325892, 50.12469215961755), (10.205089690380664, 53.48938343776871, 50.12296052707825), (10.2050615590193, 53.4893698319088, 50.121271984506166), (10.205089690380664, 53.48938343776871, 50.12296052707825), (10.205089690380666, 53.48938343776871, 51.17296052706661), (10.2050615590193, 53.48936983190881, 51.171271984494524), (10.2050615590193, 53.4893698319088, 50.121271984506166), (10.205033400979614, 53.48935624569784, 50.119626534185954), (10.205033400979612, 53.48935624569786, 51.16962653417431), (10.2050615590193, 53.48936983190881, 51.171271984494524), (10.2050615590193, 53.4893698319088, 50.121271984506166), (10.205033400979614, 53.48935624569784, 50.119626534185954), (10.205005216300203, 53.48934267915445, 50.11802417837316), (10.205033400979614, 53.48935624569784, 50.119626534185954), (10.205033400979612, 53.48935624569786, 51.16962653417431), (10.205005216300203, 53.48934267915445, 51.16802417836152), (10.205005216300203, 53.48934267915445, 50.11802417837316), (10.204977005019716, 53.489329132297186, 50.11646491927968), (10.204977005019714, 53.48932913229718, 51.16646491926804), (10.205005216300203, 53.48934267915445, 51.16802417836152), (10.205005216300203, 53.48934267915445, 50.11802417837316), (10.204977005019716, 53.489329132297186, 50.11646491927968), (10.204948767176825, 53.48931560514466, 50.11494875907374), (10.204977005019716, 53.489329132297186, 50.11646491927968), (10.204977005019714, 53.48932913229718, 51.16646491926804), (10.204948767176825, 53.48931560514467, 51.16494875904755), (10.204948767176825, 53.48931560514466, 50.11494875907374), (10.204920502810262, 53.48930209771538, 50.113475699792616), (10.204948767176825, 53.48931560514466, 50.11494875907374), (10.204948767176825, 53.48931560514467, 51.16494875904755), (10.20492050281026, 53.48930209771538, 51.163475699780975), (10.204920502810262, 53.48930209771538, 50.113475699792616), (10.204906360692709, 53.489295351402745, 50.11275533361186), (10.204920502810262, 53.48930209771538, 50.113475699792616), (10.20492050281026, 53.48930209771538, 51.163475699780975), (10.204906360692709, 53.48929535140275, 51.16275533361477), (10.204906360692709, 53.489295351402745, 50.11275533361186), (10.204985566412823, 53.4892366237984, 49.984340314083965), (10.204906360692709, 53.489295351402745, 50.11275533361186), (10.204906360692709, 53.48929535140275, 51.16275533361477), (10.20498556641282, 53.48923662379841, 51.034340314072324), (10.204985566412823, 53.4892366237984, 49.984340314083965), (10.20500007997374, 53.48924322987022, 49.98464397389034), (10.204985566412823, 53.4892366237984, 49.984340314083965), (10.20498556641282, 53.48923662379841, 51.034340314072324), (10.205000079973736, 53.48924322987022, 51.0346439738787), (10.20500007997374, 53.48924322987022, 49.98464397389034), (10.205029027184594, 53.48925640149886, 49.985243952367455), (10.20500007997374, 53.48924322987022, 49.98464397389034), (10.205000079973736, 53.48924322987022, 51.0346439738787), (10.205029027184594, 53.489256401498864, 51.03524395234126), (10.205029027184594, 53.48925640149886, 49.985243952367455), (10.20505794399418, 53.48926959686454, 49.98589488162543), (10.205029027184594, 53.48925640149886, 49.985243952367455), (10.205029027184594, 53.489256401498864, 51.03524395234126), (10.205057943994177, 53.48926959686454, 51.035894881613785), (10.20505794399418, 53.48926959686454, 49.98589488162543), (10.205086830347739, 53.48928281594225, 49.9865967604419), (10.20505794399418, 53.48926959686454, 49.98589488162543), (10.205057943994177, 53.48926959686454, 51.035894881613785), (10.205086830347737, 53.48928281594227, 51.03659676044481), (10.205086830347739, 53.48928281594225, 49.9865967604419), (10.205115686190586, 53.48929605870703, 49.9873495875363), (10.205086830347739, 53.48928281594225, 49.9865967604419), (10.205086830347737, 53.48928281594227, 51.03659676044481), (10.205115686190586, 53.48929605870703, 51.03734958751011), (10.205115686190586, 53.48929605870703, 49.9873495875363), (10.205144511468085, 53.489309325133796, 49.98815336142434), (10.205115686190586, 53.48929605870703, 49.9873495875363), (10.205115686190586, 53.48929605870703, 51.03734958751011), (10.205144511468086, 53.489309325133796, 51.0381533614127), (10.205144511468085, 53.489309325133796, 49.98815336142434), (10.20517330612566, 53.48932261519744, 49.989008080607164), (10.205173306125658, 53.48932261519744, 51.03900808058097), (10.205144511468086, 53.489309325133796, 51.0381533614127), (10.205144511468085, 53.489309325133796, 49.98815336142434), (10.20517330612566, 53.48932261519744, 49.989008080607164), (10.205202070108788, 53.489335928872805, 49.98991374348407), (10.205202070108788, 53.48933592887282, 51.03991374345787), (10.205173306125658, 53.48932261519744, 51.03900808058097), (10.20517330612566, 53.48932261519744, 49.989008080607164), (10.205202070108788, 53.489335928872805, 49.98991374348407), (10.20523080336301, 53.48934926613468, 49.990870348294266), (10.205202070108788, 53.489335928872805, 49.98991374348407), (10.205202070108788, 53.48933592887282, 51.03991374345787), (10.20523080336301, 53.48934926613468, 51.04087034825352), (10.20523080336301, 53.48934926613468, 49.990870348294266), (10.205259505833915, 53.48936262695785, 49.99187789320422), (10.20523080336301, 53.48934926613468, 49.990870348294266), (10.20523080336301, 53.48934926613468, 51.04087034825352), (10.205259505833915, 53.48936262695785, 51.04187789319258), (10.205259505833915, 53.48936262695785, 49.99187789320422), (10.205288177467168, 53.48937601131707, 49.992936376453144), (10.205259505833915, 53.48936262695785, 49.99187789320422), (10.205259505833915, 53.48936262695785, 51.04187789319258), (10.205288177467168, 53.48937601131707, 51.0429363764415), (10.205288177467168, 53.48937601131707, 49.992936376453144), (10.20531681820848, 53.48938941918692, 49.994045795843704), (10.205288177467168, 53.48937601131707, 49.992936376453144), (10.205288177467168, 53.48937601131707, 51.0429363764415), (10.205316818208477, 53.48938941918692, 51.044045795846614), (10.20531681820848, 53.48938941918692, 49.994045795843704), (10.205345428003623, 53.489402850542085, 49.99520614941139), (10.20531681820848, 53.48938941918692, 49.994045795843704), (10.205316818208477, 53.48938941918692, 51.044045795846614), (10.20534542800362, 53.489402850542085, 51.045206149399746), (10.205345428003623, 53.489402850542085, 49.99520614941139), (10.205374006798424, 53.48941630535713, 49.9964174348861), (10.205345428003623, 53.489402850542085, 49.99520614941139), (10.20534542800362, 53.489402850542085, 51.045206149399746), (10.20537400679842, 53.48941630535713, 51.046417434874456), (10.205374006798424, 53.48941630535713, 49.9964174348861), (10.205402554538768, 53.48942978360661, 49.99767965002684), (10.205374006798424, 53.48941630535713, 49.9964174348861), (10.20537400679842, 53.48941630535713, 51.046417434874456), (10.205402554538768, 53.48942978360662, 51.0476796500152), (10.205402554538768, 53.48942978360661, 49.99767965002684), (10.205431071170612, 53.489443285265004, 49.99899279238889), (10.205402554538768, 53.48942978360661, 49.99767965002684), (10.205402554538768, 53.48942978360662, 51.0476796500152), (10.20543107117061, 53.48944328526501, 51.0489927923918), (10.205431071170612, 53.489443285265004, 49.99899279238889), (10.205459556639958, 53.48945681030676, 50.000356859512976), (10.205431071170612, 53.489443285265004, 49.99899279238889), (10.20543107117061, 53.48944328526501, 51.0489927923918), (10.205459556639955, 53.48945681030678, 51.050356859501335), (10.205459556639958, 53.48945681030676, 50.000356859512976), (10.205488010892863, 53.48947035870629, 50.00177184883796), (10.205459556639958, 53.48945681030676, 50.000356859512976), (10.205459556639955, 53.48945681030678, 51.050356859501335), (10.205488010892863, 53.4894703587063, 51.05177184882632), (10.205488010892863, 53.48947035870629, 50.00177184883796), (10.205516433875463, 53.48948393043794, 50.003237757628085), (10.205488010892863, 53.48947035870629, 50.00177184883796), (10.205488010892863, 53.4894703587063, 51.05177184882632), (10.205516433875461, 53.48948393043795, 51.053237757630995), (10.205516433875463, 53.48948393043794, 50.003237757628085), (10.205544825533929, 53.48949752547606, 50.00475458317669), (10.205516433875463, 53.48948393043794, 50.003237757628085), (10.205516433875461, 53.48948393043795, 51.053237757630995), (10.205544825533925, 53.48949752547608, 51.05475458316505), (10.205544825533929, 53.48949752547606, 50.00475458317669), (10.205452952850457, 53.489562093482384, 50.14883184235077), (10.205544825533929, 53.48949752547606, 50.00475458317669), (10.205544825533925, 53.48949752547608, 51.05475458316505), (10.205452952850454, 53.48956209348239, 51.19883184233913), (10.205452952850457, 53.489562093482384, 50.14883184235077), (10.205425171804025, 53.48954823389245, 50.146583332592854), (10.205425171804022, 53.489548233892485, 51.19658333256666), (10.205452952850454, 53.48956209348239, 51.19883184233913), (10.205452952850457, 53.489562093482384, 50.14883184235077), (10.205425171804025, 53.48954823389245, 50.146583332592854), (10.20498556641282, 53.48923662379841, 51.034340314072324), (10.205000079973736, 53.48924322987022, 51.0346439738787), (10.205029027184594, 53.489256401498864, 51.03524395234126), (10.205057943994177, 53.48926959686454, 51.035894881613785), (10.205086830347737, 53.48928281594227, 51.03659676044481), (10.205115686190586, 53.48929605870703, 51.03734958751011), (10.205144511468086, 53.489309325133796, 51.0381533614127), (10.205173306125658, 53.48932261519744, 51.03900808058097), (10.205202070108788, 53.48933592887282, 51.03991374345787), (10.20523080336301, 53.48934926613468, 51.04087034825352), (10.205259505833915, 53.48936262695785, 51.04187789319258), (10.205288177467168, 53.48937601131707, 51.0429363764415), (10.205316818208477, 53.48938941918692, 51.044045795846614), (10.20534542800362, 53.489402850542085, 51.045206149399746), (10.20537400679842, 53.48941630535713, 51.046417434874456), (10.205402554538768, 53.48942978360662, 51.0476796500152), (10.20543107117061, 53.48944328526501, 51.0489927923918), (10.205459556639955, 53.48945681030678, 51.050356859501335), (10.205488010892863, 53.4894703587063, 51.05177184882632), (10.205516433875461, 53.48948393043795, 51.053237757630995), (10.205544825533925, 53.48949752547608, 51.05475458316505), (10.205452952850454, 53.48956209348239, 51.19883184233913), (10.205425171804022, 53.489548233892485, 51.19658333256666), (10.205397363580694, 53.48953439370705, 51.194377880354295), (10.205369528218599, 53.48952057294511, 51.192215488728834), (10.205341665755912, 53.489506771625514, 51.19009616060066), (10.20531377623083, 53.48949298976726, 51.188019898952916), (10.205285859681593, 53.48947922738919, 51.18598670659412), (10.205257916146483, 53.48946548451017, 51.183996586318244), (10.205229945663813, 53.48945176114903, 51.18204954084649), (10.20520194827194, 53.48943805732457, 51.18014557287097), (10.20517392400924, 53.48942437305556, 51.178284684967366), (10.20514587291415, 53.489410708360765, 51.17646687971137), (10.205117795025126, 53.48939706325892, 51.17469215960591), (10.205089690380666, 53.48938343776871, 51.17296052706661), (10.2050615590193, 53.48936983190881, 51.171271984494524), (10.205033400979612, 53.48935624569786, 51.16962653417431), (10.205005216300203, 53.48934267915445, 51.16802417836152), (10.204977005019714, 53.48932913229718, 51.16646491926804), (10.204948767176825, 53.48931560514467, 51.16494875904755), (10.20492050281026, 53.48930209771538, 51.163475699780975), (10.204906360692709, 53.48929535140275, 51.16275533361477), (10.20498556641282, 53.48923662379841, 51.034340314072324), (10.205452952846139, 53.489562093485894, 51.198798046360025), (10.205544825529767, 53.48949752547939, 51.05472445116902), (10.20558008834979, 53.48951435222272, 51.05636627164495), (10.205615296117374, 53.489531215889144, 51.05809203705576), (10.205650472314083, 53.48954810298255, 51.05986903843586), (10.205685616896066, 53.48956501348183, 51.061697273442405), (10.205720729819502, 53.489581947366005, 51.063576739878044), (10.205755811040607, 53.4895989046139, 51.06550743537082), (10.205790860515657, 53.48961588520442, 51.067489357534214), (10.205825878200953, 53.48963288911646, 51.0695225038653), (10.20586086405283, 53.48964991632877, 51.07160687186115), (10.205895818027674, 53.48966696682019, 51.073742458902416), (10.205930740081895, 53.48968404056944, 51.07592926231155), (10.205965630171969, 53.48970113755528, 51.07816727938189), (10.206000488254386, 53.48971825775639, 51.08045650731947), (10.20603531428569, 53.489735401151464, 51.082796943272115), (10.206070108222452, 53.48975256771913, 51.08518858430034), (10.206104870021301, 53.48976975743798, 51.087631427421), (10.206139599638899, 53.489786970286644, 51.09012546959275), (10.206174297031927, 53.48980420624368, 51.09267070775968), (10.20620896215713, 53.4898214652876, 51.095267138662166), (10.206226301193986, 53.489830088541034, 51.09655286134512), (10.206129511522098, 53.48989890770291, 51.249425293295644), (10.20611205564187, 53.489890149696485, 51.24802603709395), (10.20607747154812, 53.489872808260436, 51.24526774333208), (10.206042875696912, 53.48985547517719, 51.242528041198966), (10.20600826809391, 53.4898381504496, 51.23980693114572), (10.205973648744814, 53.48982083408046, 51.2371044135798), (10.205939017655295, 53.48980352607263, 51.23442048896686), (10.205904374831043, 53.48978622642897, 51.23175515777257), (10.205869720277747, 53.489768935152256, 51.22910842038982), (10.205835054001101, 53.48975165224536, 51.22648027726973), (10.205800376006799, 53.489734377711116, 51.223870728877955), (10.205765686300525, 53.48971711155236, 51.22127977562195), (10.205730984887987, 53.48969985377187, 51.21870741790917), (10.20569627177488, 53.48968260437255, 51.21615365619073), (10.205661546966896, 53.489665363357155, 51.213618490844965), (10.205626810469745, 53.48964813072853, 51.21110192233755), (10.205592062289119, 53.489630906489516, 51.208603951046825), (10.205557302430744, 53.489613690642926, 51.2061245773948), (10.205522530900312, 53.48959648319159, 51.20366380181804), (10.20548774770354, 53.4895792841383, 51.20122162466578), (10.205452952846139, 53.489562093485894, 51.198798046360025), (10.20620896215713, 53.4898214652876, 51.095267138662166), (10.206226301193986, 53.489830088541034, 51.09655286134512), (10.206226301193988, 53.489830088541034, 50.04655286135676), (10.206208962157131, 53.48982146528759, 50.045267138644704), (10.20620896215713, 53.4898214652876, 51.095267138662166), (10.206174297031927, 53.48980420624368, 51.09267070775968), (10.20620896215713, 53.4898214652876, 51.095267138662166), (10.206208962157131, 53.48982146528759, 50.045267138644704), (10.206174297031927, 53.48980420624368, 50.04267070775677), (10.206174297031927, 53.48980420624368, 51.09267070775968), (10.206139599638899, 53.489786970286644, 51.09012546959275), (10.206174297031927, 53.48980420624368, 51.09267070775968), (10.206174297031927, 53.48980420624368, 50.04267070775677), (10.206139599638902, 53.489786970286644, 50.04012546960439), (10.206139599638899, 53.489786970286644, 51.09012546959275), (10.206104870021301, 53.48976975743798, 51.087631427421), (10.206139599638899, 53.489786970286644, 51.09012546959275), (10.206139599638902, 53.489786970286644, 50.04012546960439), (10.206104870021301, 53.48976975743798, 50.037631427447195), (10.206104870021301, 53.48976975743798, 51.087631427421), (10.206070108222452, 53.48975256771913, 51.08518858430034), (10.206104870021301, 53.48976975743798, 51.087631427421), (10.206104870021301, 53.48976975743798, 50.037631427447195), (10.206070108222454, 53.48975256771912, 50.03518858428288), (10.206070108222452, 53.48975256771913, 51.08518858430034), (10.20603531428569, 53.489735401151464, 51.082796943272115), (10.206070108222452, 53.48975256771913, 51.08518858430034), (10.206070108222454, 53.48975256771912, 50.03518858428288), (10.20603531428569, 53.489735401151464, 50.032796943269204), (10.20603531428569, 53.489735401151464, 51.082796943272115), (10.206000488254386, 53.48971825775639, 51.08045650731947), (10.20603531428569, 53.489735401151464, 51.082796943272115), (10.20603531428569, 53.489735401151464, 50.032796943269204), (10.20600048825439, 53.48971825775639, 50.03045650731656), (10.206000488254386, 53.48971825775639, 51.08045650731947), (10.205965630171969, 53.48970113755528, 51.07816727938189), (10.206000488254386, 53.48971825775639, 51.08045650731947), (10.20600048825439, 53.48971825775639, 50.03045650731656), (10.205965630171969, 53.48970113755528, 50.02816727937898), (10.205965630171969, 53.48970113755528, 51.07816727938189), (10.205930740081895, 53.48968404056944, 51.07592926231155), (10.205965630171969, 53.48970113755528, 51.07816727938189), (10.205965630171969, 53.48970113755528, 50.02816727937898), (10.205930740081898, 53.48968404056944, 50.02592926230864), (10.205930740081895, 53.48968404056944, 51.07592926231155), (10.205895818027674, 53.48966696682019, 51.073742458902416), (10.205895818027676, 53.48966696682019, 50.023742458899505), (10.205930740081898, 53.48968404056944, 50.02592926230864), (10.205930740081895, 53.48968404056944, 51.07592926231155), (10.205895818027674, 53.48966696682019, 51.073742458902416), (10.20586086405283, 53.48964991632877, 51.07160687186115), (10.205895818027674, 53.48966696682019, 51.073742458902416), (10.205895818027676, 53.48966696682019, 50.023742458899505), (10.205860864052832, 53.48964991632877, 50.02160687187279), (10.20586086405283, 53.48964991632877, 51.07160687186115), (10.205825878200953, 53.48963288911646, 51.0695225038653), (10.20586086405283, 53.48964991632877, 51.07160687186115), (10.205860864052832, 53.48964991632877, 50.02160687187279), (10.205825878200953, 53.48963288911646, 50.01952250386239), (10.205825878200953, 53.48963288911646, 51.0695225038653), (10.205790860515657, 53.48961588520442, 51.067489357534214), (10.205825878200953, 53.48963288911646, 51.0695225038653), (10.205825878200953, 53.48963288911646, 50.01952250386239), (10.20579086051566, 53.48961588520442, 50.0174893575313), (10.205790860515657, 53.48961588520442, 51.067489357534214), (10.205755811040607, 53.4895989046139, 51.06550743537082), (10.205790860515657, 53.48961588520442, 51.067489357534214), (10.20579086051566, 53.48961588520442, 50.0174893575313), (10.20575581104061, 53.4895989046139, 50.01550743538246), (10.205755811040607, 53.4895989046139, 51.06550743537082), (10.205720729819502, 53.489581947366005, 51.063576739878044), (10.205720729819497, 53.489581947366005, 50.013576739875134), (10.20575581104061, 53.4895989046139, 50.01550743538246), (10.205755811040607, 53.4895989046139, 51.06550743537082), (10.205720729819502, 53.489581947366005, 51.063576739878044), (10.205685616896066, 53.48956501348183, 51.061697273442405), (10.205720729819502, 53.489581947366005, 51.063576739878044), (10.205720729819497, 53.489581947366005, 50.013576739875134), (10.205685616896066, 53.48956501348183, 50.011697273439495), (10.205685616896066, 53.48956501348183, 51.061697273442405), (10.205650472314083, 53.48954810298255, 51.05986903843586), (10.205685616896066, 53.48956501348183, 51.061697273442405), (10.205685616896066, 53.48956501348183, 50.011697273439495), (10.205650472314083, 53.48954810298255, 50.0098690384184), (10.205650472314083, 53.48954810298255, 51.05986903843586), (10.205615296117374, 53.489531215889144, 51.05809203705576), (10.205650472314083, 53.48954810298255, 51.05986903843586), (10.205650472314083, 53.48954810298255, 50.0098690384184), (10.205615296117376, 53.489531215889144, 50.0080920370674), (10.205615296117374, 53.489531215889144, 51.05809203705576), (10.20558008834979, 53.48951435222272, 51.05636627164495), (10.205615296117374, 53.489531215889144, 51.05809203705576), (10.205615296117376, 53.489531215889144, 50.0080920370674), (10.20558008834979, 53.48951435222272, 50.00636627164204), (10.20558008834979, 53.48951435222272, 51.05636627164495), (10.205544825529767, 53.48949752547939, 51.05472445116902), (10.205544825529769, 53.489497525479386, 50.00472445116611), (10.20558008834979, 53.48951435222272, 50.00636627164204), (10.20558008834979, 53.48951435222272, 51.05636627164495), (10.205544825529767, 53.48949752547939, 51.05472445116902), (10.205452952846139, 53.489562093485894, 51.198798046360025), (10.205452952846139, 53.489562093485894, 50.14879804638622), (10.205544825529769, 53.489497525479386, 50.00472445116611), (10.205544825529767, 53.48949752547939, 51.05472445116902), (10.205452952846139, 53.489562093485894, 51.198798046360025), (10.20548774770354, 53.4895792841383, 51.20122162466578), (10.205487747703543, 53.4895792841383, 50.15122162466287), (10.205452952846139, 53.489562093485894, 50.14879804638622), (10.205452952846139, 53.489562093485894, 51.198798046360025), (10.20548774770354, 53.4895792841383, 51.20122162466578), (10.205522530900312, 53.48959648319159, 51.20366380181804), (10.205522530900312, 53.48959648319159, 50.15366380181513), (10.205487747703543, 53.4895792841383, 50.15122162466287), (10.20548774770354, 53.4895792841383, 51.20122162466578), (10.205522530900312, 53.48959648319159, 51.20366380181804), (10.205557302430744, 53.489613690642926, 51.2061245773948), (10.205557302430748, 53.489613690642926, 50.156124577406445), (10.205522530900312, 53.48959648319159, 50.15366380181513), (10.205522530900312, 53.48959648319159, 51.20366380181804), (10.205557302430744, 53.489613690642926, 51.2061245773948), (10.205592062289119, 53.489630906489516, 51.208603951046825), (10.20559206228912, 53.489630906489516, 50.15860395105847), (10.205557302430748, 53.489613690642926, 50.156124577406445), (10.205557302430744, 53.489613690642926, 51.2061245773948), (10.205592062289119, 53.489630906489516, 51.208603951046825), (10.205626810469745, 53.48964813072853, 51.21110192233755), (10.205626810469745, 53.48964813072853, 50.16110192233464), (10.20559206228912, 53.489630906489516, 50.15860395105847), (10.205592062289119, 53.489630906489516, 51.208603951046825), (10.205626810469745, 53.48964813072853, 51.21110192233755), (10.205661546966896, 53.489665363357155, 51.213618490844965), (10.205626810469745, 53.48964813072853, 51.21110192233755), (10.205626810469745, 53.48964813072853, 50.16110192233464), (10.205661546966896, 53.489665363357176, 50.16361849085661), (10.205661546966896, 53.489665363357155, 51.213618490844965), (10.20569627177488, 53.48968260437255, 51.21615365619073), (10.20569627177488, 53.48968260437255, 50.16615365618782), (10.205661546966896, 53.489665363357176, 50.16361849085661), (10.205661546966896, 53.489665363357155, 51.213618490844965), (10.20569627177488, 53.48968260437255, 51.21615365619073), (10.205730984887987, 53.48969985377187, 51.21870741790917), (10.205730984887987, 53.48969985377187, 50.16870741790626), (10.20569627177488, 53.48968260437255, 50.16615365618782), (10.20569627177488, 53.48968260437255, 51.21615365619073), (10.205730984887987, 53.48969985377187, 51.21870741790917), (10.205765686300525, 53.48971711155236, 51.22127977562195), (10.205765686300529, 53.48971711155236, 50.17127977563359), (10.205730984887987, 53.48969985377187, 50.16870741790626), (10.205730984887987, 53.48969985377187, 51.21870741790917), (10.205765686300525, 53.48971711155236, 51.22127977562195), (10.205800376006799, 53.489734377711116, 51.223870728877955), (10.205800376006799, 53.489734377711116, 50.1738707288896), (10.205765686300529, 53.48971711155236, 50.17127977563359), (10.205765686300525, 53.48971711155236, 51.22127977562195), (10.205800376006799, 53.489734377711116, 51.223870728877955), (10.205835054001101, 53.48975165224536, 51.22648027726973), (10.205800376006799, 53.489734377711116, 51.223870728877955), (10.205800376006799, 53.489734377711116, 50.1738707288896), (10.205835054001101, 53.48975165224536, 50.17648027728137), (10.205835054001101, 53.48975165224536, 51.22648027726973), (10.205869720277747, 53.489768935152256, 51.22910842038982), (10.205835054001101, 53.48975165224536, 51.22648027726973), (10.205835054001101, 53.48975165224536, 50.17648027728137), (10.205869720277747, 53.489768935152256, 50.17910842040146), (10.205869720277747, 53.489768935152256, 51.22910842038982), (10.205904374831043, 53.48978622642897, 51.23175515777257), (10.205904374831043, 53.48978622642896, 50.181755157755106), (10.205869720277747, 53.489768935152256, 50.17910842040146), (10.205869720277747, 53.489768935152256, 51.22910842038982), (10.205904374831043, 53.48978622642897, 51.23175515777257), (10.205939017655295, 53.48980352607263, 51.23442048896686), (10.205939017655295, 53.48980352607263, 50.1844204889785), (10.205904374831043, 53.48978622642896, 50.181755157755106), (10.205904374831043, 53.48978622642897, 51.23175515777257), (10.205939017655295, 53.48980352607263, 51.23442048896686), (10.205973648744814, 53.48982083408046, 51.2371044135798), (10.205973648744814, 53.48982083408046, 50.18710441359144), (10.205939017655295, 53.48980352607263, 50.1844204889785), (10.205939017655295, 53.48980352607263, 51.23442048896686), (10.205973648744814, 53.48982083408046, 51.2371044135798), (10.20600826809391, 53.4898381504496, 51.23980693114572), (10.20600826809391, 53.4898381504496, 50.18980693114281), (10.205973648744814, 53.48982083408046, 50.18710441359144), (10.205973648744814, 53.48982083408046, 51.2371044135798), (10.20600826809391, 53.4898381504496, 51.23980693114572), (10.206042875696912, 53.48985547517719, 51.242528041198966), (10.206042875696912, 53.48985547517719, 50.19252804121061), (10.20600826809391, 53.4898381504496, 50.18980693114281), (10.20600826809391, 53.4898381504496, 51.23980693114572), (10.206042875696912, 53.48985547517719, 51.242528041198966), (10.20607747154812, 53.489872808260436, 51.24526774333208), (10.206077471548126, 53.489872808260436, 50.19526774334372), (10.206042875696912, 53.48985547517719, 50.19252804121061), (10.206042875696912, 53.48985547517719, 51.242528041198966), (10.20607747154812, 53.489872808260436, 51.24526774333208), (10.20611205564187, 53.489890149696485, 51.24802603709395), (10.20611205564187, 53.489890149696485, 50.19802603709104), (10.206077471548126, 53.489872808260436, 50.19526774334372), (10.20607747154812, 53.489872808260436, 51.24526774333208), (10.20611205564187, 53.489890149696485, 51.24802603709395), (10.206129511522098, 53.48989890770291, 51.249425293295644), (10.2061295115221, 53.48989890770291, 50.19942529327818), (10.20611205564187, 53.489890149696485, 50.19802603709104), (10.20611205564187, 53.489890149696485, 51.24802603709395), (10.206129511522098, 53.48989890770291, 51.249425293295644), (10.206226301193986, 53.489830088541034, 51.09655286134512), (10.206129511522098, 53.48989890770291, 51.249425293295644), (10.2061295115221, 53.48989890770291, 50.19942529327818), (10.206226301193988, 53.489830088541034, 50.04655286135676), (10.206226301193986, 53.489830088541034, 51.09655286134512), (10.205544825529769, 53.489497525479386, 50.00472445116611), (10.20558008834979, 53.48951435222272, 50.00636627164204), (10.205615296117376, 53.489531215889144, 50.0080920370674), (10.205650472314083, 53.48954810298255, 50.0098690384184), (10.205685616896066, 53.48956501348183, 50.011697273439495), (10.205720729819497, 53.489581947366005, 50.013576739875134), (10.20575581104061, 53.4895989046139, 50.01550743538246), (10.20579086051566, 53.48961588520442, 50.0174893575313), (10.205825878200953, 53.48963288911646, 50.01952250386239), (10.205860864052832, 53.48964991632877, 50.02160687187279), (10.205895818027676, 53.48966696682019, 50.023742458899505), (10.205930740081898, 53.48968404056944, 50.02592926230864), (10.205965630171969, 53.48970113755528, 50.02816727937898), (10.20600048825439, 53.48971825775639, 50.03045650731656), (10.20603531428569, 53.489735401151464, 50.032796943269204), (10.206070108222454, 53.48975256771912, 50.03518858428288), (10.206104870021301, 53.48976975743798, 50.037631427447195), (10.206139599638902, 53.489786970286644, 50.04012546960439), (10.206174297031927, 53.48980420624368, 50.04267070775677), (10.206208962157131, 53.48982146528759, 50.045267138644704), (10.206226301193988, 53.489830088541034, 50.04655286135676), (10.2061295115221, 53.48989890770291, 50.19942529327818), (10.20611205564187, 53.489890149696485, 50.19802603709104), (10.206077471548126, 53.489872808260436, 50.19526774334372), (10.206042875696912, 53.48985547517719, 50.19252804121061), (10.20600826809391, 53.4898381504496, 50.18980693114281), (10.205973648744814, 53.48982083408046, 50.18710441359144), (10.205939017655295, 53.48980352607263, 50.1844204889785), (10.205904374831043, 53.48978622642896, 50.181755157755106), (10.205869720277747, 53.489768935152256, 50.17910842040146), (10.205835054001101, 53.48975165224536, 50.17648027728137), (10.205800376006799, 53.489734377711116, 50.1738707288896), (10.205765686300529, 53.48971711155236, 50.17127977563359), (10.205730984887987, 53.48969985377187, 50.16870741790626), (10.20569627177488, 53.48968260437255, 50.16615365618782), (10.205661546966896, 53.489665363357176, 50.16361849085661), (10.205626810469745, 53.48964813072853, 50.16110192233464), (10.20559206228912, 53.489630906489516, 50.15860395105847), (10.205557302430748, 53.489613690642926, 50.156124577406445), (10.205522530900312, 53.48959648319159, 50.15366380181513), (10.205487747703543, 53.4895792841383, 50.15122162466287), (10.205452952846139, 53.489562093485894, 50.14879804638622), (10.205544825529769, 53.489497525479386, 50.00472445116611), (10.20495132294495, 53.4892620299818, 51.08988737684558), (10.20427644024473, 53.488952320353924, 51.166915893074474), (10.204235055584435, 53.488982444116814, 51.23330013867235), (10.204266953542685, 53.48899684438395, 51.229360385390464), (10.204304924743688, 53.48901412885775, 51.22484939136484), (10.204342851624288, 53.48903144792164, 51.22041245174478), (10.204380734095848, 53.48904880153513, 51.21604957689124), (10.204418572069846, 53.48906618965772, 51.21176077701966), (10.204456365457858, 53.4890836122488, 51.207546062156325), (10.204494114171546, 53.489101069267655, 51.20340544216742), (10.204531818122707, 53.489118560673525, 51.19933892671543), (10.20456947722322, 53.48913608642555, 51.19534652530274), (10.204607091385077, 53.48915364648281, 51.19142824728624), (10.204644660520373, 53.489171240804325, 51.187584101819084), (10.204682184541314, 53.48918886934893, 51.183814097879804), (10.204719663360196, 53.48920653207548, 51.18011824430141), (10.204757096889434, 53.489224228942724, 51.17649654966954), (10.204794485041544, 53.48924195990935, 51.172949022540706), (10.20483182772915, 53.48925972493391, 51.1694756711222), (10.204869124864961, 53.489277523974934, 51.16607650357764), (10.204906360692696, 53.489295351402745, 51.16275532809959), (10.20495132294495, 53.4892620299818, 51.08988737684558), (10.204531818122707, 53.489118560673525, 51.19933892671543), (10.20456947722322, 53.48913608642555, 51.19534652530274), (10.20456947722322, 53.48913608642555, 51.33034652531205), (10.204531818122707, 53.489118560673525, 51.33433892671019), (10.204531818122707, 53.489118560673525, 51.19933892671543), (10.204494114171546, 53.489101069267655, 51.20340544216742), (10.204531818122707, 53.489118560673525, 51.19933892671543), (10.204531818122707, 53.489118560673525, 51.33433892671019), (10.204494114171549, 53.48910106926765, 51.338405442162184), (10.204494114171546, 53.489101069267655, 51.20340544216742), (10.204456365457858, 53.4890836122488, 51.207546062156325), (10.204494114171546, 53.489101069267655, 51.20340544216742), (10.204494114171549, 53.48910106926765, 51.338405442162184), (10.204456365457856, 53.48908361224879, 51.34254606215109), (10.204456365457858, 53.4890836122488, 51.207546062156325), (10.204418572069846, 53.48906618965772, 51.21176077701966), (10.204456365457858, 53.4890836122488, 51.207546062156325), (10.204456365457856, 53.48908361224879, 51.34254606215109), (10.20441857206985, 53.48906618965772, 51.346760777014424), (10.204418572069846, 53.48906618965772, 51.21176077701966), (10.204380734095848, 53.48904880153513, 51.21604957689124), (10.204418572069846, 53.48906618965772, 51.21176077701966), (10.20441857206985, 53.48906618965772, 51.346760777014424), (10.204380734095848, 53.48904880153513, 51.351049576886), (10.204380734095848, 53.48904880153513, 51.21604957689124), (10.204342851624288, 53.48903144792164, 51.22041245174478), (10.204380734095848, 53.48904880153513, 51.21604957689124), (10.204380734095848, 53.48904880153513, 51.351049576886), (10.204342851624292, 53.48903144792164, 51.35541245172499), (10.204342851624288, 53.48903144792164, 51.22041245174478), (10.204304924743688, 53.48901412885775, 51.22484939136484), (10.204342851624288, 53.48903144792164, 51.22041245174478), (10.204342851624292, 53.48903144792164, 51.35541245172499), (10.204304924743692, 53.48901412885775, 51.3598493913596), (10.204304924743688, 53.48901412885775, 51.22484939136484), (10.204266953542685, 53.48899684438395, 51.229360385390464), (10.204304924743688, 53.48901412885775, 51.22484939136484), (10.204304924743692, 53.48901412885775, 51.3598493913596), (10.204266953542689, 53.48899684438395, 51.364360385385226), (10.204266953542685, 53.48899684438395, 51.229360385390464), (10.204235055584435, 53.488982444116814, 51.23330013867235), (10.204266953542685, 53.48899684438395, 51.229360385390464), (10.204266953542689, 53.48899684438395, 51.364360385385226), (10.204235055584437, 53.488982444116814, 51.36830013866711), (10.204235055584435, 53.488982444116814, 51.23330013867235), (10.20427644024473, 53.488952320353924, 51.166915893074474), (10.204235055584435, 53.488982444116814, 51.23330013867235), (10.204235055584437, 53.488982444116814, 51.36830013866711), (10.20427644024473, 53.488952320353924, 51.301915893069236), (10.20427644024473, 53.488952320353924, 51.166915893074474), (10.20495132294495, 53.4892620299818, 51.08988737684558), (10.204951322944948, 53.4892620299818, 51.22488737684034), (10.20427644024473, 53.488952320353924, 51.301915893069236), (10.20427644024473, 53.488952320353924, 51.166915893074474), (10.20495132294495, 53.4892620299818, 51.08988737684558), (10.204906360692696, 53.489295351402745, 51.16275532809959), (10.204906360692698, 53.489295351402745, 51.2977553280798), (10.204951322944948, 53.4892620299818, 51.22488737684034), (10.20495132294495, 53.4892620299818, 51.08988737684558), (10.204906360692696, 53.489295351402745, 51.16275532809959), (10.204869124864961, 53.489277523974934, 51.16607650357764), (10.204869124864961, 53.489277523974934, 51.3010765035724), (10.204906360692698, 53.489295351402745, 51.2977553280798), (10.204906360692696, 53.489295351402745, 51.16275532809959), (10.204869124864961, 53.489277523974934, 51.16607650357764), (10.20483182772915, 53.48925972493391, 51.1694756711222), (10.204869124864961, 53.489277523974934, 51.16607650357764), (10.204869124864961, 53.489277523974934, 51.3010765035724), (10.204831827729146, 53.48925972493391, 51.30447567111696), (10.20483182772915, 53.48925972493391, 51.1694756711222), (10.204794485041544, 53.48924195990935, 51.172949022540706), (10.204794485041544, 53.48924195990935, 51.307949022520916), (10.204831827729146, 53.48925972493391, 51.30447567111696), (10.20483182772915, 53.48925972493391, 51.1694756711222), (10.204794485041544, 53.48924195990935, 51.172949022540706), (10.204757096889434, 53.489224228942724, 51.17649654966954), (10.204794485041544, 53.48924195990935, 51.172949022540706), (10.204794485041544, 53.48924195990935, 51.307949022520916), (10.204757096889432, 53.489224228942724, 51.3114965496643), (10.204757096889434, 53.489224228942724, 51.17649654966954), (10.204719663360196, 53.48920653207548, 51.18011824430141), (10.204719663360198, 53.48920653207548, 51.31511824429617), (10.204757096889432, 53.489224228942724, 51.3114965496643), (10.204757096889434, 53.489224228942724, 51.17649654966954), (10.204719663360196, 53.48920653207548, 51.18011824430141), (10.204682184541314, 53.48918886934893, 51.183814097879804), (10.204682184541314, 53.48918886934893, 51.318814097874565), (10.204719663360198, 53.48920653207548, 51.31511824429617), (10.204719663360196, 53.48920653207548, 51.18011824430141), (10.204682184541314, 53.48918886934893, 51.183814097879804), (10.204644660520373, 53.489171240804325, 51.187584101819084), (10.204682184541314, 53.48918886934893, 51.183814097879804), (10.204682184541314, 53.48918886934893, 51.318814097874565), (10.204644660520374, 53.489171240804325, 51.322584101813845), (10.204644660520373, 53.489171240804325, 51.187584101819084), (10.204607091385077, 53.48915364648281, 51.19142824728624), (10.204607091385077, 53.48915364648281, 51.326428247281), (10.204644660520374, 53.489171240804325, 51.322584101813845), (10.204644660520373, 53.489171240804325, 51.187584101819084), (10.204607091385077, 53.48915364648281, 51.19142824728624), (10.20456947722322, 53.48913608642555, 51.19534652530274), (10.20456947722322, 53.48913608642555, 51.33034652531205), (10.204607091385077, 53.48915364648281, 51.326428247281), (10.204607091385077, 53.48915364648281, 51.19142824728624), (10.20456947722322, 53.48913608642555, 51.19534652530274), (10.20427644024473, 53.488952320353924, 51.301915893069236), (10.204235055584437, 53.488982444116814, 51.36830013866711), (10.204266953542689, 53.48899684438395, 51.364360385385226), (10.204304924743692, 53.48901412885775, 51.3598493913596), (10.204342851624292, 53.48903144792164, 51.35541245172499), (10.204380734095848, 53.48904880153513, 51.351049576886), (10.20441857206985, 53.48906618965772, 51.346760777014424), (10.204456365457856, 53.48908361224879, 51.34254606215109), (10.204494114171549, 53.48910106926765, 51.338405442162184), (10.204531818122707, 53.489118560673525, 51.33433892671019), (10.20456947722322, 53.48913608642555, 51.33034652531205), (10.204607091385077, 53.48915364648281, 51.326428247281), (10.204644660520374, 53.489171240804325, 51.322584101813845), (10.204682184541314, 53.48918886934893, 51.318814097874565), (10.204719663360198, 53.48920653207548, 51.31511824429617), (10.204757096889432, 53.489224228942724, 51.3114965496643), (10.204794485041544, 53.48924195990935, 51.307949022520916), (10.204831827729146, 53.48925972493391, 51.30447567111696), (10.204869124864961, 53.489277523974934, 51.3010765035724), (10.204906360692698, 53.489295351402745, 51.2977553280798), (10.204951322944948, 53.4892620299818, 51.22488737684034), (10.20427644024473, 53.488952320353924, 51.301915893069236), (10.20612951152208, 53.48989890770293, 51.384425173324416), (10.20622753789208, 53.48982920709383, 51.22964578300889), (10.206256055337962, 53.489843304541154, 51.22556202195119), (10.206284563599915, 53.4898574086006, 51.221492881682934), (10.206313062673589, 53.489871519270025, 51.2174383628153), (10.20634155255468, 53.4898856365473, 51.21339846594492), (10.206370033238858, 53.489899760430276, 51.20937319172663), (10.20639850472181, 53.489913890916846, 51.20536254075705), (10.206426966999256, 53.489928028004876, 51.201366513603716), (10.20645542006687, 53.48994217169217, 51.19738511092146), (10.20648386392033, 53.48995632197667, 51.19341833329236), (10.206512298555337, 53.48997047885621, 51.18946618131304), (10.2065407239676, 53.489984642328636, 51.18552865560923), (10.206569140152817, 53.48999881239183, 51.18160575674847), (10.206597547106654, 53.49001298904364, 51.17769748534192), (10.206625944824856, 53.49002717228192, 51.17380384194257), (10.206654333303081, 53.49004136210452, 51.16992482720525), (10.20668271253705, 53.49005555850933, 51.16606044168293), (10.206711082522483, 53.49006976149416, 51.16221068595769), (10.206739443255051, 53.49008397105691, 51.158375560626155), (10.206767794730487, 53.4900981871954, 51.15455506622675), (10.206781966995427, 53.490105297729876, 51.152650305855786), (10.207144962479628, 53.49028737083179, 51.10380624474783), (10.207073972077044, 53.49033746240194, 51.215437570994254), (10.206709412739091, 53.49015477790719, 51.264698309096275), (10.206680294112678, 53.49017442930909, 51.30942088550364), (10.20612951152208, 53.48989890770293, 51.384425173324416), (10.2065407239676, 53.489984642328636, 51.18552865560923), (10.2065407239676, 53.489984642328636, 51.05052865559992), (10.206569140152801, 53.48999881239183, 51.046605756739154), (10.206569140152817, 53.48999881239183, 51.18160575674847), (10.2065407239676, 53.489984642328636, 51.18552865560923), (10.206512298555337, 53.48997047885621, 51.18946618131304), (10.206512298555337, 53.48997047885621, 51.054466181318276), (10.2065407239676, 53.489984642328636, 51.05052865559992), (10.2065407239676, 53.489984642328636, 51.18552865560923), (10.206512298555337, 53.48997047885621, 51.18946618131304), (10.20648386392033, 53.48995632197667, 51.19341833329236), (10.206483863920315, 53.48995632197667, 51.058418333297595), (10.206512298555337, 53.48997047885621, 51.054466181318276), (10.206512298555337, 53.48997047885621, 51.18946618131304), (10.20648386392033, 53.48995632197667, 51.19341833329236), (10.20645542006687, 53.48994217169217, 51.19738511092146), (10.206455420066854, 53.48994217169217, 51.0623851109267), (10.206483863920315, 53.48995632197667, 51.058418333297595), (10.20648386392033, 53.48995632197667, 51.19341833329236), (10.20645542006687, 53.48994217169217, 51.19738511092146), (10.206426966999256, 53.489928028004876, 51.201366513603716), (10.20645542006687, 53.48994217169217, 51.19738511092146), (10.206455420066854, 53.48994217169217, 51.0623851109267), (10.206426966999256, 53.489928028004876, 51.066366513608955), (10.206426966999256, 53.489928028004876, 51.201366513603716), (10.20639850472181, 53.489913890916846, 51.20536254075705), (10.206426966999256, 53.489928028004876, 51.201366513603716), (10.206426966999256, 53.489928028004876, 51.066366513608955), (10.20639850472181, 53.489913890916846, 51.070362540733186), (10.20639850472181, 53.489913890916846, 51.20536254075705), (10.206370033238858, 53.489899760430276, 51.20937319172663), (10.206370033238858, 53.489899760430276, 51.074373191731866), (10.20639850472181, 53.489913890916846, 51.070362540733186), (10.20639850472181, 53.489913890916846, 51.20536254075705), (10.206370033238858, 53.489899760430276, 51.20937319172663), (10.20634155255468, 53.4898856365473, 51.21339846594492), (10.20634155255468, 53.4898856365473, 51.07839846593561), (10.206370033238858, 53.489899760430276, 51.074373191731866), (10.206370033238858, 53.489899760430276, 51.20937319172663), (10.20634155255468, 53.4898856365473, 51.21339846594492), (10.206313062673589, 53.489871519270025, 51.2174383628153), (10.206313062673589, 53.489871519270025, 51.08243836280599), (10.20634155255468, 53.4898856365473, 51.07839846593561), (10.20634155255468, 53.4898856365473, 51.21339846594492), (10.206313062673589, 53.489871519270025, 51.2174383628153), (10.206284563599915, 53.4898574086006, 51.221492881682934), (10.206284563599915, 53.4898574086006, 51.08649288168817), (10.206313062673589, 53.489871519270025, 51.08243836280599), (10.206313062673589, 53.489871519270025, 51.2174383628153), (10.206284563599915, 53.4898574086006, 51.221492881682934), (10.206256055337962, 53.489843304541154, 51.22556202195119), (10.206256055337962, 53.489843304541154, 51.09056202195643), (10.206284563599915, 53.4898574086006, 51.08649288168817), (10.206284563599915, 53.4898574086006, 51.221492881682934), (10.206256055337962, 53.489843304541154, 51.22556202195119), (10.20622753789208, 53.48982920709383, 51.22964578300889), (10.206227537892067, 53.489829207093834, 51.09464578302868), (10.206256055337962, 53.489843304541154, 51.09056202195643), (10.206256055337962, 53.489843304541154, 51.22556202195119), (10.20622753789208, 53.48982920709383, 51.22964578300889), (10.20612951152208, 53.48989890770293, 51.384425173324416), (10.20622753789208, 53.48982920709383, 51.22964578300889), (10.206227537892067, 53.489829207093834, 51.09464578302868), (10.20612951152208, 53.48989890770293, 51.249425173329655), (10.20612951152208, 53.48989890770293, 51.384425173324416), (10.206680294112678, 53.49017442930909, 51.30942088550364), (10.20612951152208, 53.48989890770293, 51.384425173324416), (10.20612951152208, 53.48989890770293, 51.249425173329655), (10.206680294112678, 53.49017442930909, 51.174420885479776), (10.206680294112678, 53.49017442930909, 51.30942088550364), (10.206709412739091, 53.49015477790719, 51.264698309096275), (10.206680294112678, 53.49017442930909, 51.30942088550364), (10.206680294112678, 53.49017442930909, 51.174420885479776), (10.206709412739091, 53.49015477790719, 51.12969830908696), (10.206709412739091, 53.49015477790719, 51.264698309096275), (10.207073972077044, 53.49033746240194, 51.215437570994254), (10.207073972077044, 53.49033746240194, 51.08043757099949), (10.206709412739091, 53.49015477790719, 51.12969830908696), (10.206709412739091, 53.49015477790719, 51.264698309096275), (10.207073972077044, 53.49033746240194, 51.215437570994254), (10.207144962479628, 53.49028737083179, 51.10380624474783), (10.207144962479628, 53.49028737083179, 50.96880624475307), (10.207073972077044, 53.49033746240194, 51.08043757099949), (10.207073972077044, 53.49033746240194, 51.215437570994254), (10.207144962479628, 53.49028737083179, 51.10380624474783), (10.206781966995427, 53.490105297729876, 51.152650305855786), (10.207144962479628, 53.49028737083179, 51.10380624474783), (10.207144962479628, 53.49028737083179, 50.96880624475307), (10.206781966995427, 53.490105297729876, 51.017650305861025), (10.206781966995427, 53.490105297729876, 51.152650305855786), (10.206767794730487, 53.4900981871954, 51.15455506622675), (10.206781966995427, 53.490105297729876, 51.152650305855786), (10.206781966995427, 53.490105297729876, 51.017650305861025), (10.206767794730487, 53.4900981871954, 51.01955506623199), (10.206767794730487, 53.4900981871954, 51.15455506622675), (10.206739443255051, 53.49008397105691, 51.158375560626155), (10.206767794730487, 53.4900981871954, 51.15455506622675), (10.206767794730487, 53.4900981871954, 51.01955506623199), (10.206739443255051, 53.49008397105691, 51.02337556061684), (10.206739443255051, 53.49008397105691, 51.158375560626155), (10.206711082522483, 53.49006976149416, 51.16221068595769), (10.206711082522483, 53.49006976149416, 51.02721068596293), (10.206739443255051, 53.49008397105691, 51.02337556061684), (10.206739443255051, 53.49008397105691, 51.158375560626155), (10.206711082522483, 53.49006976149416, 51.16221068595769), (10.20668271253705, 53.49005555850933, 51.16606044168293), (10.206711082522483, 53.49006976149416, 51.16221068595769), (10.206711082522483, 53.49006976149416, 51.02721068596293), (10.20668271253705, 53.49005555850933, 51.03106044168817), (10.20668271253705, 53.49005555850933, 51.16606044168293), (10.206654333303081, 53.49004136210452, 51.16992482720525), (10.206654333303081, 53.49004136210452, 51.03492482719594), (10.20668271253705, 53.49005555850933, 51.03106044168817), (10.20668271253705, 53.49005555850933, 51.16606044168293), (10.206654333303081, 53.49004136210452, 51.16992482720525), (10.206625944824856, 53.49002717228192, 51.17380384194257), (10.206625944824856, 53.49002717228192, 51.03880384194781), (10.206654333303081, 53.49004136210452, 51.03492482719594), (10.206654333303081, 53.49004136210452, 51.16992482720525), (10.206625944824856, 53.49002717228192, 51.17380384194257), (10.206597547106654, 53.49001298904364, 51.17769748534192), (10.206597547106654, 53.49001298904364, 51.04269748531806), (10.206625944824856, 53.49002717228192, 51.03880384194781), (10.206625944824856, 53.49002717228192, 51.17380384194257), (10.206597547106654, 53.49001298904364, 51.17769748534192), (10.206569140152817, 53.48999881239183, 51.18160575674847), (10.206569140152801, 53.48999881239183, 51.046605756739154), (10.206597547106654, 53.49001298904364, 51.04269748531806), (10.206597547106654, 53.49001298904364, 51.17769748534192), (10.206569140152817, 53.48999881239183, 51.18160575674847), (10.206227537892067, 53.489829207093834, 51.09464578302868), (10.20612951152208, 53.48989890770293, 51.249425173329655), (10.206680294112678, 53.49017442930909, 51.174420885479776), (10.206709412739091, 53.49015477790719, 51.12969830908696), (10.207073972077044, 53.49033746240194, 51.08043757099949), (10.207144962479628, 53.49028737083179, 50.96880624475307), (10.206781966995427, 53.490105297729876, 51.017650305861025), (10.206767794730487, 53.4900981871954, 51.01955506623199), (10.206739443255051, 53.49008397105691, 51.02337556061684), (10.206711082522483, 53.49006976149416, 51.02721068596293), (10.20668271253705, 53.49005555850933, 51.03106044168817), (10.206654333303081, 53.49004136210452, 51.03492482719594), (10.206625944824856, 53.49002717228192, 51.03880384194781), (10.206597547106654, 53.49001298904364, 51.04269748531806), (10.206569140152801, 53.48999881239183, 51.046605756739154), (10.2065407239676, 53.489984642328636, 51.05052865559992), (10.206512298555337, 53.48997047885621, 51.054466181318276), (10.206483863920315, 53.48995632197667, 51.058418333297595), (10.206455420066854, 53.48994217169217, 51.0623851109267), (10.206426966999256, 53.489928028004876, 51.066366513608955), (10.20639850472181, 53.489913890916846, 51.070362540733186), (10.206370033238858, 53.489899760430276, 51.074373191731866), (10.20634155255468, 53.4898856365473, 51.07839846593561), (10.206313062673589, 53.489871519270025, 51.08243836280599), (10.206284563599915, 53.4898574086006, 51.08649288168817), (10.206256055337962, 53.489843304541154, 51.09056202195643), (10.206227537892067, 53.489829207093834, 51.09464578302868), (10.205517678102275, 53.48948300374618, 51.186231190222315), (10.205546071863552, 53.48949659979103, 51.18774811955518), (10.205452952850374, 53.489562093482476, 51.333831226220354), (10.205425171803952, 53.489548233892556, 51.33158281086071), (10.205397363580635, 53.48953439370714, 51.32937744805531), (10.205369528218553, 53.48952057294518, 51.327215140816406), (10.205341665755874, 53.489506771625564, 51.325095892098034), (10.205313776230806, 53.48949298976731, 51.32301970485423), (10.20528585968158, 53.48947922738923, 51.32098658187897), (10.205257916146477, 53.48946548451022, 51.31899652599532), (10.205229945663815, 53.48945176114906, 51.31704953990993), (10.205201948271949, 53.489438057324584, 51.315145626314916), (10.205173924009255, 53.48942437305558, 51.31328478780051), (10.205145872914173, 53.48941070836078, 51.31146702692786), (10.20511779502515, 53.489397063258934, 51.30969234619988), (10.205089690380696, 53.48938343776871, 51.30796074804675), (10.205061559019342, 53.48936983190881, 51.306272234840435), (10.205033400979652, 53.48935624569784, 51.304626808909234), (10.205005216300243, 53.48934267915444, 51.30302447245049), (10.20497700501976, 53.489329132297186, 51.30146522774885), (10.20494876717687, 53.48931560514466, 51.29994907687069), (10.204920502810307, 53.48930209771538, 51.29847602196969), (10.20490636069275, 53.489295351402745, 51.297755656109075), (10.204986799895826, 53.489235707962315, 51.167354218501714), (10.205001285957414, 53.48924228535447, 51.167635172751034), (10.205030235312199, 53.489255457958485, 51.16823529348767), (10.205059154263463, 53.48926865430126, 51.16888636285148), (10.205088042756449, 53.48928187435787, 51.16958837969287), (10.20511690073646, 53.48929511810327, 51.170341342600295), (10.20514572814886, 53.48930838551242, 51.17114525019133), (10.20517452493907, 53.489321676560174, 51.172000100967125), (10.20520329105256, 53.489334991221426, 51.17290589326876), (10.205232026434874, 53.48934832947094, 51.173862625379115), (10.205260731031593, 53.489361691283484, 51.17487029549375), (10.205289404788381, 53.48937507663379, 51.17592890172091), (10.205318047650938, 53.48938848549651, 51.17703844202333), (10.205346659565034, 53.489401917846266, 51.178198914349196), (10.205375240476496, 53.489415373657664, 51.179410316457506), (10.205403790331204, 53.48942885290521, 51.18067264606361), (10.205432309075107, 53.48944235556342, 51.181985900781), (10.205460796654204, 53.48945588160671, 51.18335007810674), (10.205489253014553, 53.48946943100952, 51.18476517549425), (10.205517678102275, 53.48948300374618, 51.186231190222315), (10.20494876717687, 53.48931560514466, 51.29994907687069), (10.204920502810307, 53.48930209771538, 51.29847602196969), (10.204920502810308, 53.48930209771538, 51.16347602198948), (10.204948767176871, 53.489315605144654, 51.16494907689048), (10.20494876717687, 53.48931560514466, 51.29994907687069), (10.20497700501976, 53.489329132297186, 51.30146522774885), (10.20497700501976, 53.48932913229717, 51.166465227739536), (10.204948767176871, 53.489315605144654, 51.16494907689048), (10.20494876717687, 53.48931560514466, 51.29994907687069), (10.20497700501976, 53.489329132297186, 51.30146522774885), (10.205005216300243, 53.48934267915444, 51.30302447245049), (10.20497700501976, 53.489329132297186, 51.30146522774885), (10.20497700501976, 53.48932913229717, 51.166465227739536), (10.205005216300247, 53.489342679154426, 51.16802447245573), (10.205005216300243, 53.48934267915444, 51.30302447245049), (10.205033400979652, 53.48935624569784, 51.304626808909234), (10.205005216300243, 53.48934267915444, 51.30302447245049), (10.205005216300247, 53.489342679154426, 51.16802447245573), (10.205033400979652, 53.489356245697834, 51.16962680889992), (10.205033400979652, 53.48935624569784, 51.304626808909234), (10.205061559019342, 53.48936983190881, 51.306272234840435), (10.205061559019336, 53.48936983190881, 51.171272234860226), (10.205033400979652, 53.489356245697834, 51.16962680889992), (10.205033400979652, 53.48935624569784, 51.304626808909234), (10.205061559019342, 53.48936983190881, 51.306272234840435), (10.205089690380696, 53.48938343776871, 51.30796074804675), (10.205061559019342, 53.48936983190881, 51.306272234840435), (10.205061559019336, 53.48936983190881, 51.171272234860226), (10.205089690380696, 53.48938343776871, 51.17296074805199), (10.205089690380696, 53.48938343776871, 51.30796074804675), (10.20511779502515, 53.489397063258934, 51.30969234619988), (10.205117795025151, 53.48939706325893, 51.17469234621967), (10.205089690380696, 53.48938343776871, 51.17296074805199), (10.205089690380696, 53.48938343776871, 51.30796074804675), (10.20511779502515, 53.489397063258934, 51.30969234619988), (10.205145872914173, 53.48941070836078, 51.31146702692786), (10.20511779502515, 53.489397063258934, 51.30969234619988), (10.205117795025151, 53.48939706325893, 51.17469234621967), (10.205145872914173, 53.48941070836078, 51.176467026933096), (10.205145872914173, 53.48941070836078, 51.31146702692786), (10.205173924009255, 53.48942437305558, 51.31328478780051), (10.205145872914173, 53.48941070836078, 51.31146702692786), (10.205145872914173, 53.48941070836078, 51.176467026933096), (10.205173924009255, 53.48942437305557, 51.17828478780575), (10.205173924009255, 53.48942437305558, 51.31328478780051), (10.205201948271949, 53.489438057324584, 51.315145626314916), (10.205173924009255, 53.48942437305558, 51.31328478780051), (10.205173924009255, 53.48942437305557, 51.17828478780575), (10.205201948271949, 53.48943805732458, 51.180145626320154), (10.205201948271949, 53.489438057324584, 51.315145626314916), (10.205229945663815, 53.48945176114906, 51.31704953990993), (10.205201948271949, 53.489438057324584, 51.315145626314916), (10.205201948271949, 53.48943805732458, 51.180145626320154), (10.205229945663817, 53.48945176114905, 51.18204953991517), (10.205229945663815, 53.48945176114906, 51.31704953990993), (10.205257916146477, 53.48946548451022, 51.31899652599532), (10.205229945663815, 53.48945176114906, 51.31704953990993), (10.205229945663817, 53.48945176114905, 51.18204953991517), (10.20525791614648, 53.48946548451019, 51.18399652601511), (10.205257916146477, 53.48946548451022, 51.31899652599532), (10.20528585968158, 53.48947922738923, 51.32098658187897), (10.205257916146477, 53.48946548451022, 51.31899652599532), (10.20525791614648, 53.48946548451019, 51.18399652601511), (10.205285859681577, 53.489479227389225, 51.185986581869656), (10.20528585968158, 53.48947922738923, 51.32098658187897), (10.205313776230806, 53.48949298976731, 51.32301970485423), (10.20528585968158, 53.48947922738923, 51.32098658187897), (10.205285859681577, 53.489479227389225, 51.185986581869656), (10.205313776230806, 53.4894929897673, 51.18801970484492), (10.205313776230806, 53.48949298976731, 51.32301970485423), (10.205341665755874, 53.489506771625564, 51.325095892098034), (10.205313776230806, 53.48949298976731, 51.32301970485423), (10.205313776230806, 53.4894929897673, 51.18801970484492), (10.205341665755874, 53.489506771625564, 51.190095892117824), (10.205341665755874, 53.489506771625564, 51.325095892098034), (10.205369528218553, 53.48952057294518, 51.327215140816406), (10.205369528218554, 53.48952057294515, 51.192215140821645), (10.205341665755874, 53.489506771625564, 51.190095892117824), (10.205341665755874, 53.489506771625564, 51.325095892098034), (10.205369528218553, 53.48952057294518, 51.327215140816406), (10.205397363580635, 53.48953439370714, 51.32937744805531), (10.205369528218553, 53.48952057294518, 51.327215140816406), (10.205369528218554, 53.48952057294515, 51.192215140821645), (10.205397363580637, 53.48953439370713, 51.19437744806055), (10.205397363580635, 53.48953439370714, 51.32937744805531), (10.205425171803952, 53.489548233892556, 51.33158281086071), (10.205425171803952, 53.48954823389255, 51.1965828108805), (10.205397363580637, 53.48953439370713, 51.19437744806055), (10.205397363580635, 53.48953439370714, 51.32937744805531), (10.205425171803952, 53.489548233892556, 51.33158281086071), (10.205452952850374, 53.489562093482476, 51.333831226220354), (10.205425171803952, 53.489548233892556, 51.33158281086071), (10.205425171803952, 53.48954823389255, 51.1965828108805), (10.205452952850374, 53.489562093482476, 51.198831226240145), (10.205452952850374, 53.489562093482476, 51.333831226220354), (10.205546071863552, 53.48949659979103, 51.18774811955518), (10.205546071863552, 53.48949659979101, 51.05274811956042), (10.205452952850374, 53.489562093482476, 51.198831226240145), (10.205452952850374, 53.489562093482476, 51.333831226220354), (10.205546071863552, 53.48949659979103, 51.18774811955518), (10.205517678102275, 53.48948300374618, 51.186231190222315), (10.205546071863552, 53.48949659979103, 51.18774811955518), (10.205546071863552, 53.48949659979101, 51.05274811956042), (10.205517678102275, 53.489483003746166, 51.051231190227554), (10.205517678102275, 53.48948300374618, 51.186231190222315), (10.205489253014553, 53.48946943100952, 51.18476517549425), (10.205517678102275, 53.48948300374618, 51.186231190222315), (10.205517678102275, 53.489483003746166, 51.051231190227554), (10.205489253014553, 53.48946943100952, 51.04976517549949), (10.205489253014553, 53.48946943100952, 51.18476517549425), (10.205460796654204, 53.48945588160671, 51.18335007810674), (10.205460796654204, 53.4894558816067, 51.04835007811198), (10.205489253014553, 53.48946943100952, 51.04976517549949), (10.205489253014553, 53.48946943100952, 51.18476517549425), (10.205460796654204, 53.48945588160671, 51.18335007810674), (10.205432309075107, 53.48944235556342, 51.181985900781), (10.205432309075107, 53.489442355563405, 51.04698590078624), (10.205460796654204, 53.4894558816067, 51.04835007811198), (10.205460796654204, 53.48945588160671, 51.18335007810674), (10.205432309075107, 53.48944235556342, 51.181985900781), (10.205403790331204, 53.48942885290521, 51.18067264606361), (10.205403790331204, 53.489428852905206, 51.04567264606885), (10.205432309075107, 53.489442355563405, 51.04698590078624), (10.205432309075107, 53.48944235556342, 51.181985900781), (10.205403790331204, 53.48942885290521, 51.18067264606361), (10.205375240476496, 53.489415373657664, 51.179410316457506), (10.205375240476496, 53.48941537365766, 51.044410316462745), (10.205403790331204, 53.489428852905206, 51.04567264606885), (10.205403790331204, 53.48942885290521, 51.18067264606361), (10.205375240476496, 53.489415373657664, 51.179410316457506), (10.205346659565034, 53.489401917846266, 51.178198914349196), (10.205346659565034, 53.489401917846266, 51.043198914354434), (10.205375240476496, 53.48941537365766, 51.044410316462745), (10.205375240476496, 53.489415373657664, 51.179410316457506), (10.205346659565034, 53.489401917846266, 51.178198914349196), (10.205318047650938, 53.48938848549651, 51.17703844202333), (10.205318047650938, 53.48938848549651, 51.04203844204312), (10.205346659565034, 53.489401917846266, 51.043198914354434), (10.205346659565034, 53.489401917846266, 51.178198914349196), (10.205318047650938, 53.48938848549651, 51.17703844202333), (10.205289404788381, 53.48937507663379, 51.17592890172091), (10.205318047650938, 53.48938848549651, 51.17703844202333), (10.205318047650938, 53.48938848549651, 51.04203844204312), (10.205289404788383, 53.48937507663377, 51.04092890172615), (10.205289404788381, 53.48937507663379, 51.17592890172091), (10.205260731031593, 53.489361691283484, 51.17487029549375), (10.205289404788381, 53.48937507663379, 51.17592890172091), (10.205289404788383, 53.48937507663377, 51.04092890172615), (10.205260731031595, 53.48936169128348, 51.039870295484434), (10.205260731031593, 53.489361691283484, 51.17487029549375), (10.205232026434874, 53.48934832947094, 51.173862625379115), (10.205232026434874, 53.48934832947092, 51.038862625384354), (10.205260731031595, 53.48936169128348, 51.039870295484434), (10.205260731031593, 53.489361691283484, 51.17487029549375), (10.205232026434874, 53.48934832947094, 51.173862625379115), (10.20520329105256, 53.489334991221426, 51.17290589326876), (10.20520329105256, 53.489334991221405, 51.03790589325945), (10.205232026434874, 53.48934832947092, 51.038862625384354), (10.205232026434874, 53.48934832947094, 51.173862625379115), (10.20520329105256, 53.489334991221426, 51.17290589326876), (10.20517452493907, 53.489321676560174, 51.172000100967125), (10.205174524939068, 53.489321676560174, 51.037000100986916), (10.20520329105256, 53.489334991221405, 51.03790589325945), (10.20520329105256, 53.489334991221426, 51.17290589326876), (10.20517452493907, 53.489321676560174, 51.172000100967125), (10.20514572814886, 53.48930838551242, 51.17114525019133), (10.20517452493907, 53.489321676560174, 51.172000100967125), (10.205174524939068, 53.489321676560174, 51.037000100986916), (10.205145728148862, 53.4893083855124, 51.03614525021112), (10.20514572814886, 53.48930838551242, 51.17114525019133), (10.20511690073646, 53.48929511810327, 51.170341342600295), (10.20514572814886, 53.48930838551242, 51.17114525019133), (10.205145728148862, 53.4893083855124, 51.03614525021112), (10.20511690073646, 53.48929511810327, 51.03534134259098), (10.20511690073646, 53.48929511810327, 51.170341342600295), (10.205088042756449, 53.48928187435787, 51.16958837969287), (10.20511690073646, 53.48929511810327, 51.170341342600295), (10.20511690073646, 53.48929511810327, 51.03534134259098), (10.205088042756449, 53.48928187435787, 51.03458837969811), (10.205088042756449, 53.48928187435787, 51.16958837969287), (10.205059154263463, 53.48926865430126, 51.16888636285148), (10.205088042756449, 53.48928187435787, 51.16958837969287), (10.205088042756449, 53.48928187435787, 51.03458837969811), (10.205059154263461, 53.489268654301256, 51.03388636287127), (10.205059154263463, 53.48926865430126, 51.16888636285148), (10.205030235312199, 53.489255457958485, 51.16823529348767), (10.205030235312199, 53.48925545795847, 51.033235293478356), (10.205059154263461, 53.489268654301256, 51.03388636287127), (10.205059154263463, 53.48926865430126, 51.16888636285148), (10.205030235312199, 53.489255457958485, 51.16823529348767), (10.205001285957414, 53.48924228535447, 51.167635172751034), (10.205001285957414, 53.48924228535447, 51.03263517275627), (10.205030235312199, 53.48925545795847, 51.033235293478356), (10.205030235312199, 53.489255457958485, 51.16823529348767), (10.205001285957414, 53.48924228535447, 51.167635172751034), (10.204986799895826, 53.489235707962315, 51.167354218501714), (10.205001285957414, 53.48924228535447, 51.167635172751034), (10.205001285957414, 53.48924228535447, 51.03263517275627), (10.204986799895822, 53.4892357079623, 51.03235421850695), (10.204986799895826, 53.489235707962315, 51.167354218501714), (10.20490636069275, 53.489295351402745, 51.297755656109075), (10.204986799895826, 53.489235707962315, 51.167354218501714), (10.204986799895822, 53.4892357079623, 51.03235421850695), (10.204906360692753, 53.48929535140273, 51.162755656128866), (10.20490636069275, 53.489295351402745, 51.297755656109075), (10.204920502810307, 53.48930209771538, 51.29847602196969), (10.20490636069275, 53.489295351402745, 51.297755656109075), (10.204906360692753, 53.48929535140273, 51.162755656128866), (10.204920502810308, 53.48930209771538, 51.16347602198948), (10.204920502810307, 53.48930209771538, 51.29847602196969), (10.205546071863552, 53.48949659979101, 51.05274811956042), (10.205517678102275, 53.489483003746166, 51.051231190227554), (10.205489253014553, 53.48946943100952, 51.04976517549949), (10.205460796654204, 53.4894558816067, 51.04835007811198), (10.205432309075107, 53.489442355563405, 51.04698590078624), (10.205403790331204, 53.489428852905206, 51.04567264606885), (10.205375240476496, 53.48941537365766, 51.044410316462745), (10.205346659565034, 53.489401917846266, 51.043198914354434), (10.205318047650938, 53.48938848549651, 51.04203844204312), (10.205289404788383, 53.48937507663377, 51.04092890172615), (10.205260731031595, 53.48936169128348, 51.039870295484434), (10.205232026434874, 53.48934832947092, 51.038862625384354), (10.20520329105256, 53.489334991221405, 51.03790589325945), (10.205174524939068, 53.489321676560174, 51.037000100986916), (10.205145728148862, 53.4893083855124, 51.03614525021112), (10.20511690073646, 53.48929511810327, 51.03534134259098), (10.205088042756449, 53.48928187435787, 51.03458837969811), (10.205059154263461, 53.489268654301256, 51.03388636287127), (10.205030235312199, 53.48925545795847, 51.033235293478356), (10.205001285957414, 53.48924228535447, 51.03263517275627), (10.204986799895822, 53.4892357079623, 51.03235421850695), (10.204906360692753, 53.48929535140273, 51.162755656128866), (10.204920502810308, 53.48930209771538, 51.16347602198948), (10.204948767176871, 53.489315605144654, 51.16494907689048), (10.20497700501976, 53.48932913229717, 51.166465227739536), (10.205005216300247, 53.489342679154426, 51.16802447245573), (10.205033400979652, 53.489356245697834, 51.16962680889992), (10.205061559019336, 53.48936983190881, 51.171272234860226), (10.205089690380696, 53.48938343776871, 51.17296074805199), (10.205117795025151, 53.48939706325893, 51.17469234621967), (10.205145872914173, 53.48941070836078, 51.176467026933096), (10.205173924009255, 53.48942437305557, 51.17828478780575), (10.205201948271949, 53.48943805732458, 51.180145626320154), (10.205229945663817, 53.48945176114905, 51.18204953991517), (10.20525791614648, 53.48946548451019, 51.18399652601511), (10.205285859681577, 53.489479227389225, 51.185986581869656), (10.205313776230806, 53.4894929897673, 51.18801970484492), (10.205341665755874, 53.489506771625564, 51.190095892117824), (10.205369528218554, 53.48952057294515, 51.192215140821645), (10.205397363580637, 53.48953439370713, 51.19437744806055), (10.205425171803952, 53.48954823389255, 51.1965828108805), (10.205452952850374, 53.489562093482476, 51.198831226240145), (10.205546071863552, 53.48949659979101, 51.05274811956042), (10.205904374835814, 53.489786226425124, 51.36678979730641), (10.20593901766008, 53.48980352606879, 51.36945522921451), (10.20597364874961, 53.489820834076596, 51.37213925285323), (10.206008268098723, 53.48983815044572, 51.374841867771465), (10.206042875701733, 53.48985547517332, 51.377563073532656), (10.206077471552959, 53.48987280825655, 51.380302869700245), (10.206112055646722, 53.48989014969259, 51.383061255852226), (10.20612951152702, 53.48989890769895, 51.384460557979764), (10.206227537892063, 53.48982920709383, 51.22964578300889), (10.206210216617876, 53.48982056850943, 51.228328256853274), (10.20617554984047, 53.48980330864317, 51.22573159552121), (10.206140850793707, 53.48978607186491, 51.223186124829226), (10.206106119520848, 53.4897688581961, 51.220691847920534), (10.206071356065198, 53.489751667658226, 51.218248767982004), (10.206036560470105, 53.48973450027265, 51.21585688799678), (10.206001732778946, 53.489717356060765, 51.213516210948), (10.205966873035145, 53.489700235043934, 51.21122673978971), (10.205931981282166, 53.48968313724351, 51.208988477359526), (10.20589705756351, 53.48966606268074, 51.20680142643687), (10.20586210192272, 53.48964901137695, 51.20466558980115), (10.205827114403373, 53.48963198335335, 51.202580970028066), (10.2057920950491, 53.48961497863116, 51.20054756979516), (10.205757043903551, 53.48959799723157, 51.19856539160537), (10.20572196101044, 53.489581039175725, 51.19663443796162), (10.205686846413492, 53.48956410448473, 51.19475471122132), (10.205651700156485, 53.48954719317972, 51.19292621375644), (10.205616522283252, 53.48953030528175, 51.19114894786617), (10.205581312837639, 53.489513440811805, 51.18942291571875), (10.20554607186355, 53.48949659979099, 51.18774811954063), (10.205452952850708, 53.4895620934822, 51.333831225681934), (10.205487747708128, 53.48957928413462, 51.33625492626743), (10.205522530904915, 53.48959648318788, 51.33869722405507), (10.205557302435366, 53.48961369063922, 51.34115811860829), (10.205592062293755, 53.48963090648581, 51.3436376095633), (10.205626810474396, 53.48964813072481, 51.346135696498095), (10.205661546971562, 53.48966536335339, 51.348652379005216), (10.20569627177956, 53.48968260436879, 51.35118765666266), (10.205730984892684, 53.4896998537681, 51.35374152906297), (10.205765686305238, 53.48971711154857, 51.3563139957696), (10.205800376011526, 53.48973437770732, 51.35890505637508), (10.205835054005846, 53.48975165224155, 51.36151471044286), (10.205869720282507, 53.48976893514842, 51.36414295756549), (10.205904374835814, 53.489786226425124, 51.36678979730641), (10.205757043903551, 53.48959799723157, 51.19856539160537), (10.205757043903551, 53.48959799723157, 51.06356539159606), (10.205792095049102, 53.48961497863116, 51.0655475698004), (10.2057920950491, 53.48961497863116, 51.20054756979516), (10.205757043903551, 53.48959799723157, 51.19856539160537), (10.20572196101044, 53.489581039175725, 51.19663443796162), (10.205721961010441, 53.489581039175725, 51.06163443795231), (10.205757043903551, 53.48959799723157, 51.06356539159606), (10.205757043903551, 53.48959799723157, 51.19856539160537), (10.20572196101044, 53.489581039175725, 51.19663443796162), (10.205686846413492, 53.48956410448473, 51.19475471122132), (10.20572196101044, 53.489581039175725, 51.19663443796162), (10.205721961010441, 53.489581039175725, 51.06163443795231), (10.205686846413492, 53.48956410448473, 51.05975471121201), (10.205686846413492, 53.48956410448473, 51.19475471122132), (10.205651700156485, 53.48954719317972, 51.19292621375644), (10.205651700156489, 53.48954719317972, 51.05792621374712), (10.205686846413492, 53.48956410448473, 51.05975471121201), (10.205686846413492, 53.48956410448473, 51.19475471122132), (10.205651700156485, 53.48954719317972, 51.19292621375644), (10.205616522283252, 53.48953030528175, 51.19114894786617), (10.205651700156485, 53.48954719317972, 51.19292621375644), (10.205651700156489, 53.48954719317972, 51.05792621374712), (10.205616522283252, 53.48953030528175, 51.056148947856855), (10.205616522283252, 53.48953030528175, 51.19114894786617), (10.205581312837639, 53.489513440811805, 51.18942291571875), (10.205581312837642, 53.489513440811805, 51.05442291572399), (10.205616522283252, 53.48953030528175, 51.056148947856855), (10.205616522283252, 53.48953030528175, 51.19114894786617), (10.205581312837639, 53.489513440811805, 51.18942291571875), (10.20554607186355, 53.48949659979099, 51.18774811954063), (10.20554607186355, 53.48949659979099, 51.052748119516764), (10.205581312837642, 53.489513440811805, 51.05442291572399), (10.205581312837639, 53.489513440811805, 51.18942291571875), (10.20554607186355, 53.48949659979099, 51.18774811954063), (10.205452952850708, 53.4895620934822, 51.333831225681934), (10.20554607186355, 53.48949659979099, 51.18774811954063), (10.20554607186355, 53.48949659979099, 51.052748119516764), (10.205452952850708, 53.489562093482206, 51.19883122567262), (10.205452952850708, 53.4895620934822, 51.333831225681934), (10.205487747708128, 53.48957928413462, 51.33625492626743), (10.205452952850708, 53.4895620934822, 51.333831225681934), (10.205452952850708, 53.489562093482206, 51.19883122567262), (10.205487747708128, 53.48957928413462, 51.201254926258116), (10.205487747708128, 53.48957928413462, 51.33625492626743), (10.205522530904915, 53.48959648318788, 51.33869722405507), (10.205487747708128, 53.48957928413462, 51.33625492626743), (10.205487747708128, 53.48957928413462, 51.201254926258116), (10.205522530904917, 53.48959648318788, 51.2036972240312), (10.205522530904915, 53.48959648318788, 51.33869722405507), (10.205557302435366, 53.48961369063922, 51.34115811860829), (10.205522530904915, 53.48959648318788, 51.33869722405507), (10.205522530904917, 53.48959648318788, 51.2036972240312), (10.20555730243537, 53.48961369063922, 51.20615811859898), (10.205557302435366, 53.48961369063922, 51.34115811860829), (10.205592062293755, 53.48963090648581, 51.3436376095633), (10.205557302435366, 53.48961369063922, 51.34115811860829), (10.20555730243537, 53.48961369063922, 51.20615811859898), (10.205592062293757, 53.48963090648581, 51.20863760956854), (10.205592062293755, 53.48963090648581, 51.3436376095633), (10.205626810474396, 53.48964813072481, 51.346135696498095), (10.205592062293755, 53.48963090648581, 51.3436376095633), (10.205592062293757, 53.48963090648581, 51.20863760956854), (10.205626810474396, 53.48964813072481, 51.21113569648878), (10.205626810474396, 53.48964813072481, 51.346135696498095), (10.205661546971562, 53.48966536335339, 51.348652379005216), (10.205626810474396, 53.48964813072481, 51.346135696498095), (10.205626810474396, 53.48964813072481, 51.21113569648878), (10.205661546971564, 53.48966536335341, 51.213652379010455), (10.205661546971562, 53.48966536335339, 51.348652379005216), (10.20569627177956, 53.48968260436879, 51.35118765666266), (10.205696271779562, 53.48968260436879, 51.21618765665335), (10.205661546971564, 53.48966536335341, 51.213652379010455), (10.205661546971562, 53.48966536335339, 51.348652379005216), (10.20569627177956, 53.48968260436879, 51.35118765666266), (10.205730984892684, 53.4896998537681, 51.35374152906297), (10.20569627177956, 53.48968260436879, 51.35118765666266), (10.205696271779562, 53.48968260436879, 51.21618765665335), (10.205730984892686, 53.4896998537681, 51.21874152905366), (10.205730984892684, 53.4896998537681, 51.35374152906297), (10.205765686305238, 53.48971711154857, 51.3563139957696), (10.205730984892684, 53.4896998537681, 51.35374152906297), (10.205730984892686, 53.4896998537681, 51.21874152905366), (10.20576568630524, 53.48971711154857, 51.221313995774835), (10.205765686305238, 53.48971711154857, 51.3563139957696), (10.205800376011526, 53.48973437770732, 51.35890505637508), (10.205800376011528, 53.48973437770732, 51.22390505638032), (10.20576568630524, 53.48971711154857, 51.221313995774835), (10.205765686305238, 53.48971711154857, 51.3563139957696), (10.205800376011526, 53.48973437770732, 51.35890505637508), (10.205835054005846, 53.48975165224155, 51.36151471044286), (10.205800376011526, 53.48973437770732, 51.35890505637508), (10.205800376011528, 53.48973437770732, 51.22390505638032), (10.20583505400585, 53.48975165224155, 51.22651471043355), (10.205835054005846, 53.48975165224155, 51.36151471044286), (10.205869720282507, 53.48976893514842, 51.36414295756549), (10.205835054005846, 53.48975165224155, 51.36151471044286), (10.20583505400585, 53.48975165224155, 51.22651471043355), (10.205869720282507, 53.489768935148426, 51.22914295755618), (10.205869720282507, 53.48976893514842, 51.36414295756549), (10.205904374835814, 53.489786226425124, 51.36678979730641), (10.205869720282507, 53.48976893514842, 51.36414295756549), (10.205869720282507, 53.489768935148426, 51.22914295755618), (10.205904374835814, 53.489786226425124, 51.2317897972971), (10.205904374835814, 53.489786226425124, 51.36678979730641), (10.20593901766008, 53.48980352606879, 51.36945522921451), (10.20593901766008, 53.48980352606879, 51.234455229190644), (10.205904374835814, 53.489786226425124, 51.2317897972971), (10.205904374835814, 53.489786226425124, 51.36678979730641), (10.20593901766008, 53.48980352606879, 51.36945522921451), (10.20597364874961, 53.489820834076596, 51.37213925285323), (10.20593901766008, 53.48980352606879, 51.36945522921451), (10.20593901766008, 53.48980352606879, 51.234455229190644), (10.20597364874961, 53.489820834076596, 51.237139252829365), (10.20597364874961, 53.489820834076596, 51.37213925285323), (10.206008268098723, 53.48983815044572, 51.374841867771465), (10.20597364874961, 53.489820834076596, 51.37213925285323), (10.20597364874961, 53.489820834076596, 51.237139252829365), (10.206008268098724, 53.48983815044572, 51.2398418677476), (10.206008268098723, 53.48983815044572, 51.374841867771465), (10.206042875701733, 53.48985547517332, 51.377563073532656), (10.206042875701735, 53.48985547517332, 51.24256307350879), (10.206008268098724, 53.48983815044572, 51.2398418677476), (10.206008268098723, 53.48983815044572, 51.374841867771465), (10.206042875701733, 53.48985547517332, 51.377563073532656), (10.206077471552959, 53.48987280825655, 51.380302869700245), (10.206042875701733, 53.48985547517332, 51.377563073532656), (10.206042875701735, 53.48985547517332, 51.24256307350879), (10.20607747155296, 53.48987280825655, 51.24530286969093), (10.206077471552959, 53.48987280825655, 51.380302869700245), (10.206112055646722, 53.48989014969259, 51.383061255852226), (10.206112055646718, 53.489890149692606, 51.24806125582836), (10.20607747155296, 53.48987280825655, 51.24530286969093), (10.206077471552959, 53.48987280825655, 51.380302869700245), (10.206112055646722, 53.48989014969259, 51.383061255852226), (10.20612951152702, 53.48989890769895, 51.384460557979764), (10.206112055646722, 53.48989014969259, 51.383061255852226), (10.206112055646718, 53.489890149692606, 51.24806125582836), (10.20612951152702, 53.48989890769896, 51.24946055797045), (10.20612951152702, 53.48989890769895, 51.384460557979764), (10.206227537892063, 53.48982920709383, 51.22964578300889), (10.206227537892063, 53.48982920709383, 51.09464578299958), (10.20612951152702, 53.48989890769896, 51.24946055797045), (10.20612951152702, 53.48989890769895, 51.384460557979764), (10.206227537892063, 53.48982920709383, 51.22964578300889), (10.206210216617876, 53.48982056850943, 51.228328256853274), (10.206210216617878, 53.48982056850943, 51.09332825684396), (10.206227537892063, 53.48982920709383, 51.09464578299958), (10.206227537892063, 53.48982920709383, 51.22964578300889), (10.206210216617876, 53.48982056850943, 51.228328256853274), (10.20617554984047, 53.48980330864317, 51.22573159552121), (10.206210216617876, 53.48982056850943, 51.228328256853274), (10.206210216617878, 53.48982056850943, 51.09332825684396), (10.206175549840474, 53.48980330864317, 51.090731595497346), (10.20617554984047, 53.48980330864317, 51.22573159552121), (10.206140850793707, 53.48978607186491, 51.223186124829226), (10.206140850793705, 53.48978607186493, 51.08818612481991), (10.206175549840474, 53.48980330864317, 51.090731595497346), (10.20617554984047, 53.48980330864317, 51.22573159552121), (10.206140850793707, 53.48978607186491, 51.223186124829226), (10.206106119520848, 53.4897688581961, 51.220691847920534), (10.20610611952085, 53.48976885819611, 51.08569184792577), (10.206140850793705, 53.48978607186493, 51.08818612481991), (10.206140850793707, 53.48978607186491, 51.223186124829226), (10.206106119520848, 53.4897688581961, 51.220691847920534), (10.206071356065198, 53.489751667658226, 51.218248767982004), (10.206106119520848, 53.4897688581961, 51.220691847920534), (10.20610611952085, 53.48976885819611, 51.08569184792577), (10.206071356065198, 53.48975166765823, 51.08324876797269), (10.206071356065198, 53.489751667658226, 51.218248767982004), (10.206036560470105, 53.48973450027265, 51.21585688799678), (10.206036560470105, 53.48973450027265, 51.080856887987466), (10.206071356065198, 53.48975166765823, 51.08324876797269), (10.206071356065198, 53.489751667658226, 51.218248767982004), (10.206036560470105, 53.48973450027265, 51.21585688799678), (10.206001732778946, 53.489717356060765, 51.213516210948), (10.206001732778946, 53.489717356060765, 51.078516210924136), (10.206036560470105, 53.48973450027265, 51.080856887987466), (10.206036560470105, 53.48973450027265, 51.21585688799678), (10.206001732778946, 53.489717356060765, 51.213516210948), (10.205966873035145, 53.489700235043934, 51.21122673978971), (10.206001732778946, 53.489717356060765, 51.213516210948), (10.206001732778946, 53.489717356060765, 51.078516210924136), (10.205966873035145, 53.489700235043934, 51.076226739780395), (10.205966873035145, 53.489700235043934, 51.21122673978971), (10.205931981282166, 53.48968313724351, 51.208988477359526), (10.205931981282166, 53.48968313724351, 51.07398847735021), (10.205966873035145, 53.489700235043934, 51.076226739780395), (10.205966873035145, 53.489700235043934, 51.21122673978971), (10.205931981282166, 53.48968313724351, 51.208988477359526), (10.20589705756351, 53.48966606268074, 51.20680142643687), (10.205897057563512, 53.48966606268074, 51.071801426427555), (10.205931981282166, 53.48968313724351, 51.07398847735021), (10.205931981282166, 53.48968313724351, 51.208988477359526), (10.20589705756351, 53.48966606268074, 51.20680142643687), (10.20586210192272, 53.48964901137695, 51.20466558980115), (10.20589705756351, 53.48966606268074, 51.20680142643687), (10.205897057563512, 53.48966606268074, 51.071801426427555), (10.205862101922719, 53.48964901137695, 51.06966558977729), (10.20586210192272, 53.48964901137695, 51.20466558980115), (10.205827114403373, 53.48963198335335, 51.202580970028066), (10.205827114403377, 53.48963198335336, 51.067580970033305), (10.205862101922719, 53.48964901137695, 51.06966558977729), (10.20586210192272, 53.48964901137695, 51.20466558980115), (10.205827114403373, 53.48963198335335, 51.202580970028066), (10.2057920950491, 53.48961497863116, 51.20054756979516), (10.205792095049102, 53.48961497863116, 51.0655475698004), (10.205827114403377, 53.48963198335336, 51.067580970033305), (10.205827114403373, 53.48963198335335, 51.202580970028066), (10.2057920950491, 53.48961497863116, 51.20054756979516), (10.205869720282507, 53.489768935148426, 51.22914295755618), (10.20583505400585, 53.48975165224155, 51.22651471043355), (10.205800376011528, 53.48973437770732, 51.22390505638032), (10.20576568630524, 53.48971711154857, 51.221313995774835), (10.205730984892686, 53.4896998537681, 51.21874152905366), (10.205696271779562, 53.48968260436879, 51.21618765665335), (10.205661546971564, 53.48966536335341, 51.213652379010455), (10.205626810474396, 53.48964813072481, 51.21113569648878), (10.205592062293757, 53.48963090648581, 51.20863760956854), (10.20555730243537, 53.48961369063922, 51.20615811859898), (10.205522530904917, 53.48959648318788, 51.2036972240312), (10.205487747708128, 53.48957928413462, 51.201254926258116), (10.205452952850708, 53.489562093482206, 51.19883122567262), (10.20554607186355, 53.48949659979099, 51.052748119516764), (10.205581312837642, 53.489513440811805, 51.05442291572399), (10.205616522283252, 53.48953030528175, 51.056148947856855), (10.205651700156489, 53.48954719317972, 51.05792621374712), (10.205686846413492, 53.48956410448473, 51.05975471121201), (10.205721961010441, 53.489581039175725, 51.06163443795231), (10.205757043903551, 53.48959799723157, 51.06356539159606), (10.205792095049102, 53.48961497863116, 51.0655475698004), (10.205827114403377, 53.48963198335336, 51.067580970033305), (10.205862101922719, 53.48964901137695, 51.06966558977729), (10.205897057563512, 53.48966606268074, 51.071801426427555), (10.205931981282166, 53.48968313724351, 51.07398847735021), (10.205966873035145, 53.489700235043934, 51.076226739780395), (10.206001732778946, 53.489717356060765, 51.078516210924136), (10.206036560470105, 53.48973450027265, 51.080856887987466), (10.206071356065198, 53.48975166765823, 51.08324876797269), (10.20610611952085, 53.48976885819611, 51.08569184792577), (10.206140850793705, 53.48978607186493, 51.08818612481991), (10.206175549840474, 53.48980330864317, 51.090731595497346), (10.206210216617878, 53.48982056850943, 51.09332825684396), (10.206227537892063, 53.48982920709383, 51.09464578299958), (10.20612951152702, 53.48989890769896, 51.24946055797045), (10.206112055646718, 53.489890149692606, 51.24806125582836), (10.20607747155296, 53.48987280825655, 51.24530286969093), (10.206042875701735, 53.48985547517332, 51.24256307350879), (10.206008268098724, 53.48983815044572, 51.2398418677476), (10.20597364874961, 53.489820834076596, 51.237139252829365), (10.20593901766008, 53.48980352606879, 51.234455229190644), (10.205904374835814, 53.489786226425124, 51.2317897972971), (10.205869720282507, 53.489768935148426, 51.22914295755618), (10.204130878276958, 53.488934864478324, 51.142941346392035), (10.204235055584489, 53.48898244411679, 51.23330045938201), (10.20427644024478, 53.48895232035392, 51.166916213784134), (10.204170223311408, 53.48890296607892, 51.07302899270144), (10.204130878276958, 53.488934864478324, 51.142941346392035), (10.204235055584489, 53.48898244411679, 51.23330045938201), (10.20427644024478, 53.48895232035392, 51.166916213784134), (10.20427644024478, 53.48895232035392, 51.30191621379345), (10.204235055584489, 53.48898244411679, 51.36830045936222), (10.204235055584489, 53.48898244411679, 51.23330045938201), (10.204130878276958, 53.488934864478324, 51.142941346392035), (10.204235055584489, 53.48898244411679, 51.23330045938201), (10.204235055584489, 53.48898244411679, 51.36830045936222), (10.204130878276958, 53.488934864478324, 51.2779413464159), (10.204130878276958, 53.488934864478324, 51.142941346392035), (10.204170223311408, 53.48890296607892, 51.07302899270144), (10.204170223311408, 53.48890296607892, 51.2080289926962), (10.204130878276958, 53.488934864478324, 51.2779413464159), (10.204130878276958, 53.488934864478324, 51.142941346392035), (10.204170223311408, 53.48890296607892, 51.07302899270144), (10.20427644024478, 53.48895232035392, 51.166916213784134), (10.20427644024478, 53.48895232035392, 51.30191621379345), (10.204170223311408, 53.48890296607892, 51.2080289926962), (10.204170223311408, 53.48890296607892, 51.07302899270144), (10.20427644024478, 53.48895232035392, 51.166916213784134), (10.204235055584489, 53.48898244411679, 51.36830045936222), (10.20427644024478, 53.48895232035392, 51.30191621379345), (10.204170223311408, 53.48890296607892, 51.2080289926962), (10.204130878276958, 53.488934864478324, 51.2779413464159), (10.204235055584489, 53.48898244411679, 51.36830045936222), (10.207982662354038, 53.49060721216696, 50.07066907858825), (10.207911435262805, 53.49057179574663, 50.07483083671832), (10.207840215178358, 53.49053637435649, 50.07898584615032), (10.207769002101656, 53.49050094799694, 50.08313410682604), (10.207697796033674, 53.49046551666849, 50.08727561868727), (10.20762659697537, 53.49043008037166, 50.09141038166126), (10.20755540492771, 53.49039463910693, 50.0955383956898), (10.20748421989167, 53.49035919287475, 50.099659660758334), (10.207413041868197, 53.49032374167563, 50.10377417677955), (10.207341870858274, 53.490288285510076, 50.10788194369525), (10.207270706862854, 53.49025282437857, 50.111982961476315), (10.207199549882908, 53.4902173582816, 50.116077230035444), (10.2071283999194, 53.49018188721963, 50.12016474934353), (10.207057256973291, 53.49014641119321, 50.124245519327815), (10.206986121045551, 53.49011093020275, 50.12831953994464), (10.206914992137147, 53.49007544424881, 50.13238681112125), (10.206843870249035, 53.49003995333184, 50.13644733282854), (10.206772755382183, 53.49000445745234, 50.140501104993746), (10.206701647537553, 53.48996895661083, 50.144548127573216), (10.20663054671612, 53.48993345080773, 50.14858840050874), (10.206594998939398, 53.48991569604577, 50.150606005845475), (10.206679953030209, 53.48985616215084, 50.06830445404921), (10.206715312093932, 53.48987407422377, 50.06648872811638), (10.206786013966605, 53.48990990980954, 50.06287312397035), (10.206856694158528, 53.4899457606447, 50.059278650558554), (10.206927352660424, 53.48998162672455, 50.05570530834666), (10.206997989463014, 53.49001750804444, 50.05215309781488), (10.20706860455703, 53.490053404599635, 50.048622019414324), (10.2071391979332, 53.490089316385514, 50.04511207363976), (10.207209769582256, 53.49012524339732, 50.041623260913184), (10.207280319494942, 53.49016118563043, 50.03815558172937), (10.207350847661987, 53.49019714308013, 50.03470903652487), (10.207421354074143, 53.49023311574171, 50.0312836257508), (10.207491838722143, 53.49026910361048, 50.02787934985827), (10.20756230159674, 53.49030510668176, 50.02449620931293), (10.207632742688688, 53.49034112495084, 50.021134204551345), (10.207703161988734, 53.49037715841301, 50.01779333601007), (10.207773559487642, 53.490413207063575, 50.01447360411112), (10.207843935176156, 53.49044927089784, 50.01117500933469), (10.20791428904505, 53.490485349911054, 50.0078975520737), (10.207984621085084, 53.4905214440986, 50.00464123277925), (10.208054931287025, 53.49055755345566, 50.0014060518879), (10.207982662354038, 53.49060721216696, 50.07066907858825), (10.206715312093932, 53.48987407422377, 50.06648872811638), (10.20671531209393, 53.48987407422377, 50.533488727902295), (10.206679953030207, 53.48985616215084, 50.535304453835124), (10.206679953030209, 53.48985616215084, 50.06830445404921), (10.206715312093932, 53.48987407422377, 50.06648872811638), (10.206786013966605, 53.48990990980954, 50.06287312397035), (10.206715312093932, 53.48987407422377, 50.06648872811638), (10.20671531209393, 53.48987407422377, 50.533488727902295), (10.206786013966605, 53.48990990980954, 50.52987312375626), (10.206786013966605, 53.48990990980954, 50.06287312397035), (10.206856694158528, 53.4899457606447, 50.059278650558554), (10.206786013966605, 53.48990990980954, 50.06287312397035), (10.206786013966605, 53.48990990980954, 50.52987312375626), (10.206856694158525, 53.4899457606447, 50.52627865035902), (10.206856694158528, 53.4899457606447, 50.059278650558554), (10.206927352660424, 53.48998162672455, 50.05570530834666), (10.20692735266042, 53.48998162672455, 50.52270530813257), (10.206856694158525, 53.4899457606447, 50.52627865035902), (10.206856694158528, 53.4899457606447, 50.059278650558554), (10.206927352660424, 53.48998162672455, 50.05570530834666), (10.206997989463014, 53.49001750804444, 50.05215309781488), (10.206927352660424, 53.48998162672455, 50.05570530834666), (10.20692735266042, 53.48998162672455, 50.52270530813257), (10.206997989463014, 53.49001750804444, 50.519153097615344), (10.206997989463014, 53.49001750804444, 50.05215309781488), (10.20706860455703, 53.490053404599635, 50.048622019414324), (10.20706860455703, 53.490053404599635, 50.51562201921479), (10.206997989463014, 53.49001750804444, 50.519153097615344), (10.206997989463014, 53.49001750804444, 50.05215309781488), (10.20706860455703, 53.490053404599635, 50.048622019414324), (10.2071391979332, 53.490089316385514, 50.04511207363976), (10.2071391979332, 53.490089316385514, 50.51211207342567), (10.20706860455703, 53.490053404599635, 50.51562201921479), (10.20706860455703, 53.490053404599635, 50.048622019414324), (10.2071391979332, 53.490089316385514, 50.04511207363976), (10.207209769582256, 53.49012524339732, 50.041623260913184), (10.207209769582256, 53.49012524339732, 50.50862326071365), (10.2071391979332, 53.490089316385514, 50.51211207342567), (10.2071391979332, 53.490089316385514, 50.04511207363976), (10.207209769582256, 53.49012524339732, 50.041623260913184), (10.207280319494942, 53.49016118563043, 50.03815558172937), (10.207280319494938, 53.49016118563043, 50.50515558151528), (10.207209769582256, 53.49012524339732, 50.50862326071365), (10.207209769582256, 53.49012524339732, 50.041623260913184), (10.207280319494942, 53.49016118563043, 50.03815558172937), (10.207350847661987, 53.49019714308013, 50.03470903652487), (10.207280319494942, 53.49016118563043, 50.03815558172937), (10.207280319494938, 53.49016118563043, 50.50515558151528), (10.207350847661987, 53.49019714308013, 50.501709036310785), (10.207350847661987, 53.49019714308013, 50.03470903652487), (10.207421354074143, 53.49023311574171, 50.0312836257508), (10.207421354074139, 53.49023311574171, 50.498283625536715), (10.207350847661987, 53.49019714308013, 50.501709036310785), (10.207350847661987, 53.49019714308013, 50.03470903652487), (10.207421354074143, 53.49023311574171, 50.0312836257508), (10.207491838722143, 53.49026910361048, 50.02787934985827), (10.20749183872214, 53.49026910361048, 50.49487934965873), (10.207421354074139, 53.49023311574171, 50.498283625536715), (10.207421354074143, 53.49023311574171, 50.0312836257508), (10.207491838722143, 53.49026910361048, 50.02787934985827), (10.20756230159674, 53.49030510668176, 50.02449620931293), (10.207562301596738, 53.49030510668176, 50.49149620911339), (10.20749183872214, 53.49026910361048, 50.49487934965873), (10.207491838722143, 53.49026910361048, 50.02787934985827), (10.20756230159674, 53.49030510668176, 50.02449620931293), (10.207632742688688, 53.49034112495084, 50.021134204551345), (10.20756230159674, 53.49030510668176, 50.02449620931293), (10.207562301596738, 53.49030510668176, 50.49149620911339), (10.207632742688684, 53.49034112495084, 50.48813420433726), (10.207632742688688, 53.49034112495084, 50.021134204551345), (10.207703161988734, 53.49037715841301, 50.01779333601007), (10.207703161988734, 53.49037715841301, 50.48479333578143), (10.207632742688684, 53.49034112495084, 50.48813420433726), (10.207632742688688, 53.49034112495084, 50.021134204551345), (10.207703161988734, 53.49037715841301, 50.01779333601007), (10.207773559487642, 53.490413207063575, 50.01447360411112), (10.207703161988734, 53.49037715841301, 50.01779333601007), (10.207703161988734, 53.49037715841301, 50.48479333578143), (10.207773559487638, 53.490413207063575, 50.48147360389703), (10.207773559487642, 53.490413207063575, 50.01447360411112), (10.207843935176156, 53.49044927089784, 50.01117500933469), (10.207843935176156, 53.49044927089784, 50.478175009120605), (10.207773559487638, 53.490413207063575, 50.48147360389703), (10.207773559487642, 53.490413207063575, 50.01447360411112), (10.207843935176156, 53.49044927089784, 50.01117500933469), (10.20791428904505, 53.490485349911054, 50.0078975520737), (10.20791428904505, 53.490485349911054, 50.47489755185961), (10.207843935176156, 53.49044927089784, 50.478175009120605), (10.207843935176156, 53.49044927089784, 50.01117500933469), (10.20791428904505, 53.490485349911054, 50.0078975520737), (10.207984621085084, 53.4905214440986, 50.00464123277925), (10.207984621085084, 53.4905214440986, 50.471641232579714), (10.20791428904505, 53.490485349911054, 50.47489755185961), (10.20791428904505, 53.490485349911054, 50.0078975520737), (10.207984621085084, 53.4905214440986, 50.00464123277925), (10.208054931287025, 53.49055755345566, 50.0014060518879), (10.207984621085084, 53.4905214440986, 50.00464123277925), (10.207984621085084, 53.4905214440986, 50.471641232579714), (10.208054931287025, 53.49055755345566, 50.46840605168836), (10.208054931287025, 53.49055755345566, 50.0014060518879), (10.207982662354038, 53.49060721216696, 50.07066907858825), (10.207982662354036, 53.49060721216696, 50.53766907835961), (10.208054931287025, 53.49055755345566, 50.46840605168836), (10.208054931287025, 53.49055755345566, 50.0014060518879), (10.207982662354038, 53.49060721216696, 50.07066907858825), (10.207911435262805, 53.49057179574663, 50.07483083671832), (10.207982662354038, 53.49060721216696, 50.07066907858825), (10.207982662354036, 53.49060721216696, 50.53766907835961), (10.207911435262805, 53.49057179574663, 50.54183083650423), (10.207911435262805, 53.49057179574663, 50.07483083671832), (10.207840215178358, 53.49053637435649, 50.07898584615032), (10.207911435262805, 53.49057179574663, 50.07483083671832), (10.207911435262805, 53.49057179574663, 50.54183083650423), (10.207840215178356, 53.49053637435649, 50.54598584593623), (10.207840215178358, 53.49053637435649, 50.07898584615032), (10.207769002101656, 53.49050094799694, 50.08313410682604), (10.207840215178358, 53.49053637435649, 50.07898584615032), (10.207840215178356, 53.49053637435649, 50.54598584593623), (10.207769002101656, 53.49050094799694, 50.55013410661195), (10.207769002101656, 53.49050094799694, 50.08313410682604), (10.207697796033674, 53.49046551666849, 50.08727561868727), (10.207697796033672, 53.49046551666849, 50.55427561845863), (10.207769002101656, 53.49050094799694, 50.55013410661195), (10.207769002101656, 53.49050094799694, 50.08313410682604), (10.207697796033674, 53.49046551666849, 50.08727561868727), (10.20762659697537, 53.49043008037166, 50.09141038166126), (10.207697796033674, 53.49046551666849, 50.08727561868727), (10.207697796033672, 53.49046551666849, 50.55427561845863), (10.207626596975368, 53.49043008037166, 50.55841038143262), (10.20762659697537, 53.49043008037166, 50.09141038166126), (10.20755540492771, 53.49039463910693, 50.0955383956898), (10.20755540492771, 53.49039463910693, 50.562538395490265), (10.207626596975368, 53.49043008037166, 50.55841038143262), (10.20762659697537, 53.49043008037166, 50.09141038166126), (10.20755540492771, 53.49039463910693, 50.0955383956898), (10.20748421989167, 53.49035919287475, 50.099659660758334), (10.20755540492771, 53.49039463910693, 50.0955383956898), (10.20755540492771, 53.49039463910693, 50.562538395490265), (10.20748421989167, 53.49035919287475, 50.566659660544246), (10.20748421989167, 53.49035919287475, 50.099659660758334), (10.207413041868197, 53.49032374167563, 50.10377417677955), (10.207413041868197, 53.49032374167563, 50.570774176565465), (10.20748421989167, 53.49035919287475, 50.566659660544246), (10.20748421989167, 53.49035919287475, 50.099659660758334), (10.207413041868197, 53.49032374167563, 50.10377417677955), (10.207341870858274, 53.490288285510076, 50.10788194369525), (10.207341870858274, 53.490288285510076, 50.57488194348116), (10.207413041868197, 53.49032374167563, 50.570774176565465), (10.207413041868197, 53.49032374167563, 50.10377417677955), (10.207341870858274, 53.490288285510076, 50.10788194369525), (10.207270706862854, 53.49025282437857, 50.111982961476315), (10.207341870858274, 53.490288285510076, 50.10788194369525), (10.207341870858274, 53.490288285510076, 50.57488194348116), (10.207270706862852, 53.49025282437857, 50.57898296126223), (10.207270706862854, 53.49025282437857, 50.111982961476315), (10.207199549882908, 53.4902173582816, 50.116077230035444), (10.207270706862854, 53.49025282437857, 50.111982961476315), (10.207270706862852, 53.49025282437857, 50.57898296126223), (10.207199549882908, 53.4902173582816, 50.583077229821356), (10.207199549882908, 53.4902173582816, 50.116077230035444), (10.2071283999194, 53.49018188721963, 50.12016474934353), (10.207199549882908, 53.4902173582816, 50.116077230035444), (10.207199549882908, 53.4902173582816, 50.583077229821356), (10.207128399919398, 53.49018188721963, 50.58716474912944), (10.2071283999194, 53.49018188721963, 50.12016474934353), (10.207057256973291, 53.49014641119321, 50.124245519327815), (10.207057256973291, 53.49014641119321, 50.59124551911373), (10.207128399919398, 53.49018188721963, 50.58716474912944), (10.2071283999194, 53.49018188721963, 50.12016474934353), (10.207057256973291, 53.49014641119321, 50.124245519327815), (10.206986121045551, 53.49011093020275, 50.12831953994464), (10.20698612104555, 53.49011093020275, 50.59531953973055), (10.207057256973291, 53.49014641119321, 50.59124551911373), (10.207057256973291, 53.49014641119321, 50.124245519327815), (10.206986121045551, 53.49011093020275, 50.12831953994464), (10.206914992137147, 53.49007544424881, 50.13238681112125), (10.206986121045551, 53.49011093020275, 50.12831953994464), (10.20698612104555, 53.49011093020275, 50.59531953973055), (10.206914992137143, 53.49007544424881, 50.59938681090716), (10.206914992137147, 53.49007544424881, 50.13238681112125), (10.206843870249035, 53.49003995333184, 50.13644733282854), (10.206843870249033, 53.49003995333184, 50.603447332629), (10.206914992137143, 53.49007544424881, 50.59938681090716), (10.206914992137147, 53.49007544424881, 50.13238681112125), (10.206843870249035, 53.49003995333184, 50.13644733282854), (10.206772755382183, 53.49000445745234, 50.140501104993746), (10.206843870249035, 53.49003995333184, 50.13644733282854), (10.206843870249033, 53.49003995333184, 50.603447332629), (10.20677275538218, 53.49000445745234, 50.60750110479421), (10.206772755382183, 53.49000445745234, 50.140501104993746), (10.206701647537553, 53.48996895661083, 50.144548127573216), (10.206701647537553, 53.48996895661083, 50.61154812737368), (10.20677275538218, 53.49000445745234, 50.60750110479421), (10.206772755382183, 53.49000445745234, 50.140501104993746), (10.206701647537553, 53.48996895661083, 50.144548127573216), (10.20663054671612, 53.48993345080773, 50.14858840050874), (10.206701647537553, 53.48996895661083, 50.144548127573216), (10.206701647537553, 53.48996895661083, 50.61154812737368), (10.206630546716118, 53.48993345080773, 50.61558840030921), (10.20663054671612, 53.48993345080773, 50.14858840050874), (10.206594998939398, 53.48991569604577, 50.150606005845475), (10.20663054671612, 53.48993345080773, 50.14858840050874), (10.206630546716118, 53.48993345080773, 50.61558840030921), (10.206594998939398, 53.48991569604577, 50.61760600563139), (10.206594998939398, 53.48991569604577, 50.150606005845475), (10.206679953030209, 53.48985616215084, 50.06830445404921), (10.206594998939398, 53.48991569604577, 50.150606005845475), (10.206594998939398, 53.48991569604577, 50.61760600563139), (10.206679953030207, 53.48985616215084, 50.535304453835124), (10.206679953030209, 53.48985616215084, 50.06830445404921), (10.208054931287025, 53.49055755345566, 50.46840605168836), (10.207984621085084, 53.4905214440986, 50.471641232579714), (10.20791428904505, 53.490485349911054, 50.47489755185961), (10.207843935176156, 53.49044927089784, 50.478175009120605), (10.207773559487638, 53.490413207063575, 50.48147360389703), (10.207703161988734, 53.49037715841301, 50.48479333578143), (10.207632742688684, 53.49034112495084, 50.48813420433726), (10.207562301596738, 53.49030510668176, 50.49149620911339), (10.20749183872214, 53.49026910361048, 50.49487934965873), (10.207421354074139, 53.49023311574171, 50.498283625536715), (10.207350847661987, 53.49019714308013, 50.501709036310785), (10.207280319494938, 53.49016118563043, 50.50515558151528), (10.207209769582256, 53.49012524339732, 50.50862326071365), (10.2071391979332, 53.490089316385514, 50.51211207342567), (10.20706860455703, 53.490053404599635, 50.51562201921479), (10.206997989463014, 53.49001750804444, 50.519153097615344), (10.20692735266042, 53.48998162672455, 50.52270530813257), (10.206856694158525, 53.4899457606447, 50.52627865035902), (10.206786013966605, 53.48990990980954, 50.52987312375626), (10.20671531209393, 53.48987407422377, 50.533488727902295), (10.206679953030207, 53.48985616215084, 50.535304453835124), (10.206594998939398, 53.48991569604577, 50.61760600563139), (10.206630546716118, 53.48993345080773, 50.61558840030921), (10.206701647537553, 53.48996895661083, 50.61154812737368), (10.20677275538218, 53.49000445745234, 50.60750110479421), (10.206843870249033, 53.49003995333184, 50.603447332629), (10.206914992137143, 53.49007544424881, 50.59938681090716), (10.20698612104555, 53.49011093020275, 50.59531953973055), (10.207057256973291, 53.49014641119321, 50.59124551911373), (10.207128399919398, 53.49018188721963, 50.58716474912944), (10.207199549882908, 53.4902173582816, 50.583077229821356), (10.207270706862852, 53.49025282437857, 50.57898296126223), (10.207341870858274, 53.490288285510076, 50.57488194348116), (10.207413041868197, 53.49032374167563, 50.570774176565465), (10.20748421989167, 53.49035919287475, 50.566659660544246), (10.20755540492771, 53.49039463910693, 50.562538395490265), (10.207626596975368, 53.49043008037166, 50.55841038143262), (10.207697796033672, 53.49046551666849, 50.55427561845863), (10.207769002101656, 53.49050094799694, 50.55013410661195), (10.207840215178356, 53.49053637435649, 50.54598584593623), (10.207911435262805, 53.49057179574663, 50.54183083650423), (10.207982662354036, 53.49060721216696, 50.53766907835961), (10.208054931287025, 53.49055755345566, 50.46840605168836), (10.208054931287032, 53.49055755345561, 50.001406181792845), (10.208297495485654, 53.490680717804324, 49.9891744046181), (10.208227826181334, 53.49072930010602, 50.0564851497038), (10.20798266235403, 53.490607212166914, 50.070669062333764), (10.208054931287032, 53.49055755345561, 50.001406181792845), (10.20798266235403, 53.490607212166914, 50.070669062333764), (10.20798266235403, 53.490607212166914, 50.53766906251258), (10.208227826181336, 53.49072930010602, 50.523485149853514), (10.208227826181334, 53.49072930010602, 50.0564851497038), (10.20798266235403, 53.490607212166914, 50.070669062333764), (10.208054931287032, 53.49055755345561, 50.001406181792845), (10.208054931287036, 53.49055755345561, 50.468406181942555), (10.20798266235403, 53.490607212166914, 50.53766906251258), (10.20798266235403, 53.490607212166914, 50.070669062333764), (10.208054931287032, 53.49055755345561, 50.001406181792845), (10.208297495485654, 53.490680717804324, 49.9891744046181), (10.208297495485658, 53.490680717804324, 50.45617440478236), (10.208054931287036, 53.49055755345561, 50.468406181942555), (10.208054931287032, 53.49055755345561, 50.001406181792845), (10.208297495485654, 53.490680717804324, 49.9891744046181), (10.208227826181334, 53.49072930010602, 50.0564851497038), (10.208227826181336, 53.49072930010602, 50.523485149853514), (10.208297495485658, 53.490680717804324, 50.45617440478236), (10.208297495485654, 53.490680717804324, 49.9891744046181), (10.208227826181334, 53.49072930010602, 50.0564851497038), (10.20798266235403, 53.490607212166914, 50.53766906251258), (10.208054931287036, 53.49055755345561, 50.468406181942555), (10.208297495485658, 53.490680717804324, 50.45617440478236), (10.208227826181336, 53.49072930010602, 50.523485149853514), (10.20798266235403, 53.490607212166914, 50.53766906251258), (10.208227826181348, 53.49072930010605, 50.05648464804108), (10.208294716918578, 53.4907627175267, 50.038503869247506), (10.20836162924417, 53.49079611960796, 50.020502148385276), (10.208428563148251, 53.49082950634487, 50.002479488102836), (10.208495518620959, 53.49086287773249, 49.98443589104136), (10.208562495652425, 53.49089623376587, 49.96637135987112), (10.208629494232772, 53.490929574440074, 49.94828589723329), (10.208696514352122, 53.49096289975014, 49.9301795057836), (10.208763556000596, 53.49099620969117, 49.91205218821415), (10.208830619168314, 53.49102950425819, 49.89390394715883), (10.20889770384538, 53.4910627834463, 49.87573478530976), (10.208964810021914, 53.49109604725056, 49.85754470532993), (10.209031937688016, 53.49112929566604, 49.83933370989689), (10.20909908683379, 53.49116252868778, 49.8211018016882), (10.209166257449338, 53.49119574631091, 49.80284898338141), (10.209233449524758, 53.4912289485305, 49.78457525766862), (10.209300663050142, 53.49126213534158, 49.76628062722739), (10.209367898015573, 53.49129530673929, 49.74796509476437), (10.209468790642138, 53.49134503492499, 49.72045261065068), (10.209536079164327, 53.4913781677677, 49.70208483489114), (10.209537656729196, 53.49137894166631, 49.70165252141305), (10.209586986572221, 53.49134429077748, 49.653847374385805), (10.209420346438682, 53.49125845653102, 49.69713265458995), (10.209354325349784, 53.49122445159764, 49.71428296715021), (10.209288300638596, 53.491190449201355, 49.73143686655385), (10.2092222723054, 53.49115644934231, 49.74859435271355), (10.209156240350474, 53.49112245202065, 49.765755425571115), (10.209090204774094, 53.4910884572365, 49.782920085053775), (10.209024165576544, 53.49105446499002, 49.80008833105967), (10.2089581227581, 53.491020475281346, 49.81726016353787), (10.208892076319039, 53.490986488110615, 49.83443558241561), (10.20882602625964, 53.49095250347796, 49.85161458762013), (10.208759972580188, 53.49091852138352, 49.86879717906413), (10.208693915280959, 53.49088454182744, 49.885983356689394), (10.208627854362225, 53.490850564809854, 49.90317312042316), (10.208561789824275, 53.49081659033091, 49.920366470178124), (10.208495721667381, 53.49078261839072, 49.937563405888795), (10.20842964989183, 53.49074864898947, 49.95476392747514), (10.208363574497893, 53.49071468212727, 49.971968034878955), (10.20829749548585, 53.49068071780423, 49.989175728012924), (10.208227826181348, 53.49072930010605, 50.05648464804108), (10.209536079164327, 53.4913781677677, 49.70208483489114), (10.209536079164328, 53.4913781677677, 50.16908483473526), (10.209537656729196, 53.49137894166633, 50.16865252125717), (10.209537656729196, 53.49137894166631, 49.70165252141305), (10.209536079164327, 53.4913781677677, 49.70208483489114), (10.209468790642138, 53.49134503492499, 49.72045261065068), (10.20946879064214, 53.49134503492499, 50.1874526104948), (10.209536079164328, 53.4913781677677, 50.16908483473526), (10.209536079164327, 53.4913781677677, 49.70208483489114), (10.209468790642138, 53.49134503492499, 49.72045261065068), (10.209367898015573, 53.49129530673929, 49.74796509476437), (10.209367898015573, 53.49129530673929, 50.21496509460849), (10.20946879064214, 53.49134503492499, 50.1874526104948), (10.209468790642138, 53.49134503492499, 49.72045261065068), (10.209367898015573, 53.49129530673929, 49.74796509476437), (10.209300663050142, 53.49126213534158, 49.76628062722739), (10.209300663050142, 53.49126213534158, 50.233280627078784), (10.209367898015573, 53.49129530673929, 50.21496509460849), (10.209367898015573, 53.49129530673929, 49.74796509476437), (10.209300663050142, 53.49126213534158, 49.76628062722739), (10.209233449524758, 53.4912289485305, 49.78457525766862), (10.20923344952476, 53.4912289485305, 50.25157525752002), (10.209300663050142, 53.49126213534158, 50.233280627078784), (10.209300663050142, 53.49126213534158, 49.76628062722739), (10.209233449524758, 53.4912289485305, 49.78457525766862), (10.209166257449338, 53.49119574631091, 49.80284898338141), (10.209166257449338, 53.49119574631091, 50.269848983232805), (10.20923344952476, 53.4912289485305, 50.25157525752002), (10.209233449524758, 53.4912289485305, 49.78457525766862), (10.209166257449338, 53.49119574631091, 49.80284898338141), (10.20909908683379, 53.49116252868778, 49.8211018016882), (10.209099086833792, 53.49116252868778, 50.28810180153232), (10.209166257449338, 53.49119574631091, 50.269848983232805), (10.209166257449338, 53.49119574631091, 49.80284898338141), (10.20909908683379, 53.49116252868778, 49.8211018016882), (10.209031937688016, 53.49112929566604, 49.83933370989689), (10.209031937688017, 53.49112929566602, 50.30633370974829), (10.209099086833792, 53.49116252868778, 50.28810180153232), (10.20909908683379, 53.49116252868778, 49.8211018016882), (10.209031937688016, 53.49112929566604, 49.83933370989689), (10.208964810021914, 53.49109604725056, 49.85754470532993), (10.209031937688016, 53.49112929566604, 49.83933370989689), (10.209031937688017, 53.49112929566602, 50.30633370974829), (10.208964810021913, 53.49109604725056, 50.324544705181324), (10.208964810021914, 53.49109604725056, 49.85754470532993), (10.20889770384538, 53.4910627834463, 49.87573478530976), (10.20889770384538, 53.4910627834463, 50.342734785161156), (10.208964810021913, 53.49109604725056, 50.324544705181324), (10.208964810021914, 53.49109604725056, 49.85754470532993), (10.20889770384538, 53.4910627834463, 49.87573478530976), (10.208830619168314, 53.49102950425819, 49.89390394715883), (10.20889770384538, 53.4910627834463, 49.87573478530976), (10.20889770384538, 53.4910627834463, 50.342734785161156), (10.208830619168314, 53.491029504258194, 50.360903947017505), (10.208830619168314, 53.49102950425819, 49.89390394715883), (10.208763556000596, 53.49099620969117, 49.91205218821415), (10.208763556000594, 53.49099620969118, 50.37905218805827), (10.208830619168314, 53.491029504258194, 50.360903947017505), (10.208830619168314, 53.49102950425819, 49.89390394715883), (10.208763556000596, 53.49099620969117, 49.91205218821415), (10.208696514352122, 53.49096289975014, 49.9301795057836), (10.208763556000596, 53.49099620969117, 49.91205218821415), (10.208763556000594, 53.49099620969118, 50.37905218805827), (10.208696514352123, 53.49096289975014, 50.397179505634995), (10.208696514352122, 53.49096289975014, 49.9301795057836), (10.208629494232772, 53.490929574440074, 49.94828589723329), (10.208696514352122, 53.49096289975014, 49.9301795057836), (10.208696514352123, 53.49096289975014, 50.397179505634995), (10.208629494232772, 53.490929574440074, 50.41528589707741), (10.208629494232772, 53.490929574440074, 49.94828589723329), (10.208562495652425, 53.49089623376587, 49.96637135987112), (10.208629494232772, 53.490929574440074, 49.94828589723329), (10.208629494232772, 53.490929574440074, 50.41528589707741), (10.208562495652425, 53.49089623376587, 50.43337135971524), (10.208562495652425, 53.49089623376587, 49.96637135987112), (10.208495518620959, 53.49086287773249, 49.98443589104136), (10.208495518620959, 53.49086287773249, 50.45143589089275), (10.208562495652425, 53.49089623376587, 50.43337135971524), (10.208562495652425, 53.49089623376587, 49.96637135987112), (10.208495518620959, 53.49086287773249, 49.98443589104136), (10.208428563148251, 53.49082950634487, 50.002479488102836), (10.208428563148253, 53.49082950634488, 50.469479487946955), (10.208495518620959, 53.49086287773249, 50.45143589089275), (10.208495518620959, 53.49086287773249, 49.98443589104136), (10.208428563148251, 53.49082950634487, 50.002479488102836), (10.20836162924417, 53.49079611960796, 50.020502148385276), (10.20836162924417, 53.49079611960796, 50.48750214823667), (10.208428563148253, 53.49082950634488, 50.469479487946955), (10.208428563148251, 53.49082950634487, 50.002479488102836), (10.20836162924417, 53.49079611960796, 50.020502148385276), (10.208294716918578, 53.4907627175267, 50.038503869247506), (10.20836162924417, 53.49079611960796, 50.020502148385276), (10.20836162924417, 53.49079611960796, 50.48750214823667), (10.20829471691858, 53.4907627175267, 50.5055038690989), (10.208294716918578, 53.4907627175267, 50.038503869247506), (10.208227826181348, 53.49072930010605, 50.05648464804108), (10.208227826181348, 53.49072930010605, 50.523484647892474), (10.20829471691858, 53.4907627175267, 50.5055038690989), (10.208294716918578, 53.4907627175267, 50.038503869247506), (10.208227826181348, 53.49072930010605, 50.05648464804108), (10.20829749548585, 53.49068071780423, 49.989175728012924), (10.208227826181348, 53.49072930010605, 50.05648464804108), (10.208227826181348, 53.49072930010605, 50.523484647892474), (10.208297495485851, 53.49068071780423, 50.456175727857044), (10.20829749548585, 53.49068071780423, 49.989175728012924), (10.208363574497893, 53.49071468212727, 49.971968034878955), (10.20829749548585, 53.49068071780423, 49.989175728012924), (10.208297495485851, 53.49068071780423, 50.456175727857044), (10.208363574497893, 53.49071468212727, 50.438968034723075), (10.208363574497893, 53.49071468212727, 49.971968034878955), (10.20842964989183, 53.49074864898947, 49.95476392747514), (10.208363574497893, 53.49071468212727, 49.971968034878955), (10.208363574497893, 53.49071468212727, 50.438968034723075), (10.20842964989183, 53.490748648989474, 50.42176392732654), (10.20842964989183, 53.49074864898947, 49.95476392747514), (10.208495721667381, 53.49078261839072, 49.937563405888795), (10.208495721667383, 53.49078261839072, 50.404563405732915), (10.20842964989183, 53.490748648989474, 50.42176392732654), (10.20842964989183, 53.49074864898947, 49.95476392747514), (10.208495721667381, 53.49078261839072, 49.937563405888795), (10.208561789824275, 53.49081659033091, 49.920366470178124), (10.208495721667381, 53.49078261839072, 49.937563405888795), (10.208495721667383, 53.49078261839072, 50.404563405732915), (10.208561789824277, 53.49081659033091, 50.38736647002952), (10.208561789824275, 53.49081659033091, 49.920366470178124), (10.208627854362225, 53.490850564809854, 49.90317312042316), (10.208561789824275, 53.49081659033091, 49.920366470178124), (10.208561789824277, 53.49081659033091, 50.38736647002952), (10.208627854362229, 53.49085056480986, 50.37017312027456), (10.208627854362225, 53.490850564809854, 49.90317312042316), (10.208693915280959, 53.49088454182744, 49.885983356689394), (10.208627854362225, 53.490850564809854, 49.90317312042316), (10.208627854362229, 53.49085056480986, 50.37017312027456), (10.208693915280959, 53.49088454182744, 50.35298335654079), (10.208693915280959, 53.49088454182744, 49.885983356689394), (10.208759972580188, 53.49091852138352, 49.86879717906413), (10.208693915280959, 53.49088454182744, 49.885983356689394), (10.208693915280959, 53.49088454182744, 50.35298335654079), (10.20875997258019, 53.49091852138352, 50.33579717890825), (10.208759972580188, 53.49091852138352, 49.86879717906413), (10.20882602625964, 53.49095250347796, 49.85161458762013), (10.208759972580188, 53.49091852138352, 49.86879717906413), (10.20875997258019, 53.49091852138352, 50.33579717890825), (10.208826026259642, 53.49095250347796, 50.31861458746425), (10.20882602625964, 53.49095250347796, 49.85161458762013), (10.208892076319039, 53.490986488110615, 49.83443558241561), (10.20889207631904, 53.490986488110615, 50.30143558225973), (10.208826026259642, 53.49095250347796, 50.31861458746425), (10.20882602625964, 53.49095250347796, 49.85161458762013), (10.208892076319039, 53.490986488110615, 49.83443558241561), (10.2089581227581, 53.491020475281346, 49.81726016353787), (10.208892076319039, 53.490986488110615, 49.83443558241561), (10.20889207631904, 53.490986488110615, 50.30143558225973), (10.208958122758101, 53.491020475281346, 50.28426016338926), (10.2089581227581, 53.491020475281346, 49.81726016353787), (10.209024165576544, 53.49105446499002, 49.80008833105967), (10.2089581227581, 53.491020475281346, 49.81726016353787), (10.208958122758101, 53.491020475281346, 50.28426016338926), (10.209024165576544, 53.49105446499003, 50.26708833090379), (10.209024165576544, 53.49105446499002, 49.80008833105967), (10.209090204774094, 53.4910884572365, 49.782920085053775), (10.209024165576544, 53.49105446499002, 49.80008833105967), (10.209024165576544, 53.49105446499003, 50.26708833090379), (10.209090204774096, 53.49108845723651, 50.249920084897894), (10.209090204774094, 53.4910884572365, 49.782920085053775), (10.209156240350474, 53.49112245202065, 49.765755425571115), (10.209156240350477, 53.49112245202065, 50.23275542542251), (10.209090204774096, 53.49108845723651, 50.249920084897894), (10.209090204774094, 53.4910884572365, 49.782920085053775), (10.209156240350474, 53.49112245202065, 49.765755425571115), (10.2092222723054, 53.49115644934231, 49.74859435271355), (10.209156240350474, 53.49112245202065, 49.765755425571115), (10.209156240350477, 53.49112245202065, 50.23275542542251), (10.209222272305404, 53.49115644934231, 50.215594352572225), (10.2092222723054, 53.49115644934231, 49.74859435271355), (10.209288300638596, 53.491190449201355, 49.73143686655385), (10.2092222723054, 53.49115644934231, 49.74859435271355), (10.209222272305404, 53.49115644934231, 50.215594352572225), (10.209288300638596, 53.491190449201355, 50.198436866405245), (10.209288300638596, 53.491190449201355, 49.73143686655385), (10.209354325349784, 53.49122445159764, 49.71428296715021), (10.209288300638596, 53.491190449201355, 49.73143686655385), (10.209288300638596, 53.491190449201355, 50.198436866405245), (10.209354325349786, 53.49122445159764, 50.18128296700161), (10.209354325349784, 53.49122445159764, 49.71428296715021), (10.209420346438682, 53.49125845653102, 49.69713265458995), (10.209354325349784, 53.49122445159764, 49.71428296715021), (10.209354325349786, 53.49122445159764, 50.18128296700161), (10.209420346438682, 53.49125845653104, 50.164132654441346), (10.209420346438682, 53.49125845653102, 49.69713265458995), (10.209586986572221, 53.49134429077748, 49.653847374385805), (10.209586986572223, 53.49134429077748, 50.120847374229925), (10.209420346438682, 53.49125845653104, 50.164132654441346), (10.209420346438682, 53.49125845653102, 49.69713265458995), (10.209586986572221, 53.49134429077748, 49.653847374385805), (10.209537656729196, 53.49137894166631, 49.70165252141305), (10.209537656729196, 53.49137894166633, 50.16865252125717), (10.209586986572223, 53.49134429077748, 50.120847374229925), (10.209586986572221, 53.49134429077748, 49.653847374385805), (10.209537656729196, 53.49137894166631, 49.70165252141305), (10.20829471691858, 53.4907627175267, 50.5055038690989), (10.20836162924417, 53.49079611960796, 50.48750214823667), (10.208428563148253, 53.49082950634488, 50.469479487946955), (10.208495518620959, 53.49086287773249, 50.45143589089275), (10.208562495652425, 53.49089623376587, 50.43337135971524), (10.208629494232772, 53.490929574440074, 50.41528589707741), (10.208696514352123, 53.49096289975014, 50.397179505634995), (10.208763556000594, 53.49099620969118, 50.37905218805827), (10.208830619168314, 53.491029504258194, 50.360903947017505), (10.20889770384538, 53.4910627834463, 50.342734785161156), (10.208964810021913, 53.49109604725056, 50.324544705181324), (10.209031937688017, 53.49112929566602, 50.30633370974829), (10.209099086833792, 53.49116252868778, 50.28810180153232), (10.209166257449338, 53.49119574631091, 50.269848983232805), (10.20923344952476, 53.4912289485305, 50.25157525752002), (10.209300663050142, 53.49126213534158, 50.233280627078784), (10.209367898015573, 53.49129530673929, 50.21496509460849), (10.20946879064214, 53.49134503492499, 50.1874526104948), (10.209536079164328, 53.4913781677677, 50.16908483473526), (10.209537656729196, 53.49137894166633, 50.16865252125717), (10.209586986572223, 53.49134429077748, 50.120847374229925), (10.209420346438682, 53.49125845653104, 50.164132654441346), (10.209354325349786, 53.49122445159764, 50.18128296700161), (10.209288300638596, 53.491190449201355, 50.198436866405245), (10.209222272305404, 53.49115644934231, 50.215594352572225), (10.209156240350477, 53.49112245202065, 50.23275542542251), (10.209090204774096, 53.49108845723651, 50.249920084897894), (10.209024165576544, 53.49105446499003, 50.26708833090379), (10.208958122758101, 53.491020475281346, 50.28426016338926), (10.20889207631904, 53.490986488110615, 50.30143558225973), (10.208826026259642, 53.49095250347796, 50.31861458746425), (10.20875997258019, 53.49091852138352, 50.33579717890825), (10.208693915280959, 53.49088454182744, 50.35298335654079), (10.208627854362229, 53.49085056480986, 50.37017312027456), (10.208561789824277, 53.49081659033091, 50.38736647002952), (10.208495721667383, 53.49078261839072, 50.404563405732915), (10.20842964989183, 53.490748648989474, 50.42176392732654), (10.208363574497893, 53.49071468212727, 50.438968034723075), (10.208297495485851, 53.49068071780423, 50.456175727857044), (10.208227826181348, 53.49072930010605, 50.523484647892474), (10.20829471691858, 53.4907627175267, 50.5055038690989), (10.20659499893937, 53.48991569604575, 50.150605773800635), (10.206263067663286, 53.48975037409788, 50.176436383822875), (10.206241716506081, 53.489739699433436, 50.17806788447342), (10.206198989787772, 53.48971836749067, 50.181354762047704), (10.206156230560458, 53.4896970587441, 50.18467347238766), (10.206113438859582, 53.48967577321134, 50.18802401271387), (10.206070614720575, 53.48965451091005, 50.19140638027602), (10.206027758178964, 53.48963327185777, 50.19482057222922), (10.20598486927025, 53.4896120560721, 50.19826658578677), (10.205941948029942, 53.48959086357061, 50.20174441807467), (10.205898994493664, 53.48956969437084, 50.205254066197085), (10.205856008696953, 53.48954854849029, 50.20879552725819), (10.205812990675467, 53.48952742594648, 50.21236879831122), (10.205769940464837, 53.48950632675688, 50.21597387640941), (10.205726858100746, 53.48948525093895, 50.21961075854051), (10.205683743618883, 53.48946419851013, 50.223279441706836), (10.205640597054982, 53.489443169487835, 50.226979922859755), (10.205597418444807, 53.48942216388949, 50.23071219892881), (10.205554207824111, 53.48940118173248, 50.23447626682173), (10.205510965228711, 53.489380223034146, 50.238272123424395), (10.205467690694427, 53.48935928781185, 50.24209976558632), (10.205422828243403, 53.489337593199906, 50.24607443772402), (10.205499753099122, 53.489281014995456, 50.16956644066522), (10.205545415702273, 53.489302393624484, 50.16499849932006), (10.205589224526914, 53.48932298737644, 50.160677746956935), (10.205632980469971, 53.489343621094406, 50.15641041712661), (10.205676683428921, 53.48936429473007, 50.152196519848076), (10.205720333301311, 53.48938500823497, 50.14803606498754), (10.205763929984881, 53.48940576156061, 50.143929062294774), (10.205807473377407, 53.48942655465841, 50.13987552141043), (10.205850963376848, 53.48944738747963, 50.13587545183691), (10.205894399881279, 53.48946825997554, 50.13192886294564), (10.205937782788908, 53.48948917209719, 50.12803576399892), (10.205981111998033, 53.489510123795654, 50.124196164135356), (10.206024387407126, 53.4895311150218, 50.12041007233347), (10.206067608914733, 53.48955214572656, 50.116677497491764), (10.206110776419552, 53.489573215860595, 50.11299844834866), (10.206153889820396, 53.489594325374604, 50.109372933540726), (10.20619694901625, 53.48961547421913, 50.105800961566274), (10.206239953906167, 53.489636662344616, 50.10228254079266), (10.20628290438934, 53.48965788970151, 50.098817679485364), (10.206325800365116, 53.48967915624002, 50.09540638575709), (10.20634722788131, 53.489689804186845, 50.09372082923073), (10.206679953030214, 53.48985616215081, 50.0683046438935), (10.20659499893937, 53.48991569604575, 50.150605773800635), (10.205545415702273, 53.489302393624484, 50.16499849932006), (10.205545415702273, 53.489302393624484, 50.63199849931698), (10.20549975309911, 53.489281014995456, 50.63656644066941), (10.205499753099122, 53.489281014995456, 50.16956644066522), (10.205545415702273, 53.489302393624484, 50.16499849932006), (10.205589224526914, 53.48932298737644, 50.160677746956935), (10.205589224526902, 53.489322987376454, 50.627677746961126), (10.205545415702273, 53.489302393624484, 50.63199849931698), (10.205545415702273, 53.489302393624484, 50.16499849932006), (10.205589224526914, 53.48932298737644, 50.160677746956935), (10.205632980469971, 53.489343621094406, 50.15641041712661), (10.205632980469955, 53.489343621094406, 50.6234104171308), (10.205589224526902, 53.489322987376454, 50.627677746961126), (10.205589224526914, 53.48932298737644, 50.160677746956935), (10.205632980469971, 53.489343621094406, 50.15641041712661), (10.205676683428921, 53.48936429473007, 50.152196519848076), (10.205632980469971, 53.489343621094406, 50.15641041712661), (10.205632980469955, 53.489343621094406, 50.6234104171308), (10.205676683428909, 53.48936429473007, 50.61919651985227), (10.205676683428921, 53.48936429473007, 50.152196519848076), (10.205720333301311, 53.48938500823497, 50.14803606498754), (10.205720333301311, 53.48938500823497, 50.61503606498445), (10.205676683428909, 53.48936429473007, 50.61919651985227), (10.205676683428921, 53.48936429473007, 50.152196519848076), (10.205720333301311, 53.48938500823497, 50.14803606498754), (10.205763929984881, 53.48940576156061, 50.143929062294774), (10.205763929984869, 53.48940576156061, 50.610929062298965), (10.205720333301311, 53.48938500823497, 50.61503606498445), (10.205720333301311, 53.48938500823497, 50.14803606498754), (10.205763929984881, 53.48940576156061, 50.143929062294774), (10.205807473377407, 53.48942655465841, 50.13987552141043), (10.205763929984881, 53.48940576156061, 50.143929062294774), (10.205763929984869, 53.48940576156061, 50.610929062298965), (10.205807473377392, 53.489426554658415, 50.60687552141462), (10.205807473377407, 53.48942655465841, 50.13987552141043), (10.205850963376848, 53.48944738747963, 50.13587545183691), (10.205850963376848, 53.48944738747963, 50.602875451833825), (10.205807473377392, 53.489426554658415, 50.60687552141462), (10.205807473377407, 53.48942655465841, 50.13987552141043), (10.205850963376848, 53.48944738747963, 50.13587545183691), (10.205894399881279, 53.48946825997554, 50.13192886294564), (10.205894399881279, 53.48946825997554, 50.59892886294983), (10.205850963376848, 53.48944738747963, 50.602875451833825), (10.205850963376848, 53.48944738747963, 50.13587545183691), (10.205894399881279, 53.48946825997554, 50.13192886294564), (10.205937782788908, 53.48948917209719, 50.12803576399892), (10.205937782788894, 53.48948917209719, 50.595035764003114), (10.205894399881279, 53.48946825997554, 50.59892886294983), (10.205894399881279, 53.48946825997554, 50.13192886294564), (10.205937782788908, 53.48948917209719, 50.12803576399892), (10.205981111998033, 53.489510123795654, 50.124196164135356), (10.205937782788908, 53.48948917209719, 50.12803576399892), (10.205937782788894, 53.48948917209719, 50.595035764003114), (10.205981111998046, 53.48951012379565, 50.59119616413227), (10.205981111998033, 53.489510123795654, 50.124196164135356), (10.206024387407126, 53.4895311150218, 50.12041007233347), (10.206024387407112, 53.48953111502181, 50.587410072330385), (10.205981111998046, 53.48951012379565, 50.59119616413227), (10.205981111998033, 53.489510123795654, 50.124196164135356), (10.206024387407126, 53.4895311150218, 50.12041007233347), (10.206067608914733, 53.48955214572656, 50.116677497491764), (10.206067608914719, 53.48955214572656, 50.583677497495955), (10.206024387407112, 53.48953111502181, 50.587410072330385), (10.206024387407126, 53.4895311150218, 50.12041007233347), (10.206067608914733, 53.48955214572656, 50.116677497491764), (10.206110776419552, 53.489573215860595, 50.11299844834866), (10.206110776419537, 53.489573215860595, 50.57999844835285), (10.206067608914719, 53.48955214572656, 50.583677497495955), (10.206067608914733, 53.48955214572656, 50.116677497491764), (10.206110776419552, 53.489573215860595, 50.11299844834866), (10.206153889820396, 53.489594325374604, 50.109372933540726), (10.206153889820396, 53.489594325374604, 50.57637293353764), (10.206110776419537, 53.489573215860595, 50.57999844835285), (10.206110776419552, 53.489573215860595, 50.11299844834866), (10.206153889820396, 53.489594325374604, 50.109372933540726), (10.20619694901625, 53.48961547421913, 50.105800961566274), (10.206153889820396, 53.489594325374604, 50.109372933540726), (10.206153889820396, 53.489594325374604, 50.57637293353764), (10.20619694901625, 53.48961547421913, 50.57280096156319), (10.20619694901625, 53.48961547421913, 50.105800961566274), (10.206239953906167, 53.489636662344616, 50.10228254079266), (10.20619694901625, 53.48961547421913, 50.105800961566274), (10.20619694901625, 53.48961547421913, 50.57280096156319), (10.206239953906167, 53.489636662344616, 50.56928254078957), (10.206239953906167, 53.489636662344616, 50.10228254079266), (10.20628290438934, 53.48965788970151, 50.098817679485364), (10.206239953906167, 53.489636662344616, 50.10228254079266), (10.206239953906167, 53.489636662344616, 50.56928254078957), (10.20628290438934, 53.48965788970151, 50.56581767948228), (10.20628290438934, 53.48965788970151, 50.098817679485364), (10.206325800365116, 53.48967915624002, 50.09540638575709), (10.206325800365104, 53.48967915624002, 50.562406385754), (10.20628290438934, 53.48965788970151, 50.56581767948228), (10.20628290438934, 53.48965788970151, 50.098817679485364), (10.206325800365116, 53.48967915624002, 50.09540638575709), (10.20634722788131, 53.489689804186845, 50.09372082923073), (10.206347227881297, 53.489689804186845, 50.5607208292422), (10.206325800365104, 53.48967915624002, 50.562406385754), (10.206325800365116, 53.48967915624002, 50.09540638575709), (10.20634722788131, 53.489689804186845, 50.09372082923073), (10.206679953030214, 53.48985616215081, 50.0683046438935), (10.206679953030214, 53.48985616215081, 50.53530464389041), (10.206347227881297, 53.489689804186845, 50.5607208292422), (10.20634722788131, 53.489689804186845, 50.09372082923073), (10.206679953030214, 53.48985616215081, 50.0683046438935), (10.20659499893937, 53.48991569604575, 50.150605773800635), (10.206679953030214, 53.48985616215081, 50.0683046438935), (10.206679953030214, 53.48985616215081, 50.53530464389041), (10.20659499893937, 53.48991569604575, 50.617605773804826), (10.20659499893937, 53.48991569604575, 50.150605773800635), (10.206263067663286, 53.48975037409788, 50.176436383822875), (10.20659499893937, 53.48991569604575, 50.150605773800635), (10.20659499893937, 53.48991569604575, 50.617605773804826), (10.206263067663274, 53.48975037409788, 50.643436383827066), (10.206263067663286, 53.48975037409788, 50.176436383822875), (10.206241716506081, 53.489739699433436, 50.17806788447342), (10.206241716506067, 53.489739699433436, 50.64506788447761), (10.206263067663274, 53.48975037409788, 50.643436383827066), (10.206263067663286, 53.48975037409788, 50.176436383822875), (10.206241716506081, 53.489739699433436, 50.17806788447342), (10.206198989787772, 53.48971836749067, 50.181354762047704), (10.206241716506081, 53.489739699433436, 50.17806788447342), (10.206241716506067, 53.489739699433436, 50.64506788447761), (10.206198989787758, 53.489718367490674, 50.648354762051895), (10.206198989787772, 53.48971836749067, 50.181354762047704), (10.206156230560458, 53.4896970587441, 50.18467347238766), (10.206198989787772, 53.48971836749067, 50.181354762047704), (10.206198989787758, 53.489718367490674, 50.648354762051895), (10.206156230560458, 53.4896970587441, 50.65167347238457), (10.206156230560458, 53.4896970587441, 50.18467347238766), (10.206113438859582, 53.48967577321134, 50.18802401271387), (10.206113438859566, 53.48967577321134, 50.65502401271806), (10.206156230560458, 53.4896970587441, 50.65167347238457), (10.206156230560458, 53.4896970587441, 50.18467347238766), (10.206113438859582, 53.48967577321134, 50.18802401271387), (10.206070614720575, 53.48965451091005, 50.19140638027602), (10.206113438859582, 53.48967577321134, 50.18802401271387), (10.206113438859566, 53.48967577321134, 50.65502401271806), (10.206070614720575, 53.48965451091005, 50.65840638026566), (10.206070614720575, 53.48965451091005, 50.19140638027602), (10.206027758178964, 53.48963327185777, 50.19482057222922), (10.206027758178964, 53.48963327185777, 50.66182057223341), (10.206070614720575, 53.48965451091005, 50.65840638026566), (10.206070614720575, 53.48965451091005, 50.19140638027602), (10.206027758178964, 53.48963327185777, 50.19482057222922), (10.20598486927025, 53.4896120560721, 50.19826658578677), (10.205984869270237, 53.4896120560721, 50.66526658579096), (10.206027758178964, 53.48963327185777, 50.66182057223341), (10.206027758178964, 53.48963327185777, 50.19482057222922), (10.20598486927025, 53.4896120560721, 50.19826658578677), (10.205941948029942, 53.48959086357061, 50.20174441807467), (10.20598486927025, 53.4896120560721, 50.19826658578677), (10.205984869270237, 53.4896120560721, 50.66526658579096), (10.205941948029942, 53.48959086357061, 50.66874441807158), (10.205941948029942, 53.48959086357061, 50.20174441807467), (10.205898994493664, 53.48956969437084, 50.205254066197085), (10.205941948029942, 53.48959086357061, 50.20174441807467), (10.205941948029942, 53.48959086357061, 50.66874441807158), (10.20589899449365, 53.48956969437084, 50.672254066201276), (10.205898994493664, 53.48956969437084, 50.205254066197085), (10.205856008696953, 53.48954854849029, 50.20879552725819), (10.205898994493664, 53.48956969437084, 50.205254066197085), (10.20589899449365, 53.48956969437084, 50.672254066201276), (10.205856008696939, 53.48954854849029, 50.67579552726238), (10.205856008696953, 53.48954854849029, 50.20879552725819), (10.205812990675467, 53.48952742594648, 50.21236879831122), (10.205812990675467, 53.48952742594648, 50.67936879830813), (10.205856008696939, 53.48954854849029, 50.67579552726238), (10.205856008696953, 53.48954854849029, 50.20879552725819), (10.205812990675467, 53.48952742594648, 50.21236879831122), (10.205769940464837, 53.48950632675688, 50.21597387640941), (10.205769940464837, 53.48950632675688, 50.68297387640632), (10.205812990675467, 53.48952742594648, 50.67936879830813), (10.205812990675467, 53.48952742594648, 50.21236879831122), (10.205769940464837, 53.48950632675688, 50.21597387640941), (10.205726858100746, 53.48948525093895, 50.21961075854051), (10.205769940464837, 53.48950632675688, 50.21597387640941), (10.205769940464837, 53.48950632675688, 50.68297387640632), (10.205726858100746, 53.48948525093895, 50.68661075853743), (10.205726858100746, 53.48948525093895, 50.21961075854051), (10.205683743618883, 53.48946419851013, 50.223279441706836), (10.205726858100746, 53.48948525093895, 50.21961075854051), (10.205726858100746, 53.48948525093895, 50.68661075853743), (10.205683743618883, 53.48946419851013, 50.69027944170375), (10.205683743618883, 53.48946419851013, 50.223279441706836), (10.205640597054982, 53.489443169487835, 50.226979922859755), (10.205683743618883, 53.48946419851013, 50.223279441706836), (10.205683743618883, 53.48946419851013, 50.69027944170375), (10.205640597054982, 53.489443169487835, 50.69397992285667), (10.205640597054982, 53.489443169487835, 50.226979922859755), (10.205597418444807, 53.48942216388949, 50.23071219892881), (10.205640597054982, 53.489443169487835, 50.226979922859755), (10.205640597054982, 53.489443169487835, 50.69397992285667), (10.20559741844479, 53.48942216388949, 50.697712198933004), (10.205597418444807, 53.48942216388949, 50.23071219892881), (10.205554207824111, 53.48940118173248, 50.23447626682173), (10.205597418444807, 53.48942216388949, 50.23071219892881), (10.20559741844479, 53.48942216388949, 50.697712198933004), (10.205554207824097, 53.48940118173248, 50.70147626682592), (10.205554207824111, 53.48940118173248, 50.23447626682173), (10.205510965228711, 53.489380223034146, 50.238272123424395), (10.205554207824111, 53.48940118173248, 50.23447626682173), (10.205554207824097, 53.48940118173248, 50.70147626682592), (10.205510965228697, 53.489380223034146, 50.705272123428585), (10.205510965228711, 53.489380223034146, 50.238272123424395), (10.205467690694427, 53.48935928781185, 50.24209976558632), (10.205510965228711, 53.489380223034146, 50.238272123424395), (10.205510965228697, 53.489380223034146, 50.705272123428585), (10.205467690694427, 53.48935928781185, 50.70909976558323), (10.205467690694427, 53.48935928781185, 50.24209976558632), (10.205422828243403, 53.489337593199906, 50.24607443772402), (10.205422828243403, 53.489337593199906, 50.71307443772821), (10.205467690694427, 53.48935928781185, 50.70909976558323), (10.205467690694427, 53.48935928781185, 50.24209976558632), (10.205422828243403, 53.489337593199906, 50.24607443772402), (10.205499753099122, 53.489281014995456, 50.16956644066522), (10.205422828243403, 53.489337593199906, 50.24607443772402), (10.205422828243403, 53.489337593199906, 50.71307443772821), (10.20549975309911, 53.489281014995456, 50.63656644066941), (10.205499753099122, 53.489281014995456, 50.16956644066522), (10.206679953030214, 53.48985616215081, 50.53530464389041), (10.206347227881297, 53.489689804186845, 50.5607208292422), (10.206325800365104, 53.48967915624002, 50.562406385754), (10.20628290438934, 53.48965788970151, 50.56581767948228), (10.206239953906167, 53.489636662344616, 50.56928254078957), (10.20619694901625, 53.48961547421913, 50.57280096156319), (10.206153889820396, 53.489594325374604, 50.57637293353764), (10.206110776419537, 53.489573215860595, 50.57999844835285), (10.206067608914719, 53.48955214572656, 50.583677497495955), (10.206024387407112, 53.48953111502181, 50.587410072330385), (10.205981111998046, 53.48951012379565, 50.59119616413227), (10.205937782788894, 53.48948917209719, 50.595035764003114), (10.205894399881279, 53.48946825997554, 50.59892886294983), (10.205850963376848, 53.48944738747963, 50.602875451833825), (10.205807473377392, 53.489426554658415, 50.60687552141462), (10.205763929984869, 53.48940576156061, 50.610929062298965), (10.205720333301311, 53.48938500823497, 50.61503606498445), (10.205676683428909, 53.48936429473007, 50.61919651985227), (10.205632980469955, 53.489343621094406, 50.6234104171308), (10.205589224526902, 53.489322987376454, 50.627677746961126), (10.205545415702273, 53.489302393624484, 50.63199849931698), (10.20549975309911, 53.489281014995456, 50.63656644066941), (10.205422828243403, 53.489337593199906, 50.71307443772821), (10.205467690694427, 53.48935928781185, 50.70909976558323), (10.205510965228697, 53.489380223034146, 50.705272123428585), (10.205554207824097, 53.48940118173248, 50.70147626682592), (10.20559741844479, 53.48942216388949, 50.697712198933004), (10.205640597054982, 53.489443169487835, 50.69397992285667), (10.205683743618883, 53.48946419851013, 50.69027944170375), (10.205726858100746, 53.48948525093895, 50.68661075853743), (10.205769940464837, 53.48950632675688, 50.68297387640632), (10.205812990675467, 53.48952742594648, 50.67936879830813), (10.205856008696939, 53.48954854849029, 50.67579552726238), (10.20589899449365, 53.48956969437084, 50.672254066201276), (10.205941948029942, 53.48959086357061, 50.66874441807158), (10.205984869270237, 53.4896120560721, 50.66526658579096), (10.206027758178964, 53.48963327185777, 50.66182057223341), (10.206070614720575, 53.48965451091005, 50.65840638026566), (10.206113438859566, 53.48967577321134, 50.65502401271806), (10.206156230560458, 53.4896970587441, 50.65167347238457), (10.206198989787758, 53.489718367490674, 50.648354762051895), (10.206241716506067, 53.489739699433436, 50.64506788447761), (10.206263067663274, 53.48975037409788, 50.643436383827066), (10.20659499893937, 53.48991569604575, 50.617605773804826), (10.206679953030214, 53.48985616215081, 50.53530464389041), (10.207271877289735, 53.49025199317074, 50.577860475685156), (10.20734304112829, 53.49028745422361, 50.57375946709362), (10.207414211981346, 53.49032291031055, 50.56965170937474), (10.207485389847923, 53.49035836143104, 50.56553720259399), (10.207556574727063, 53.49039380758461, 50.56141594679502), (10.207627766617799, 53.49042924877078, 50.55728794204333), (10.20769896551916, 53.490464684989036, 50.55315318838984), (10.207770171430191, 53.490500116238906, 50.549011685892765), (10.20784138434992, 53.490535542519865, 50.544863434595754), (10.207912604277384, 53.4905709638315, 50.54070843457157), (10.207983831211614, 53.490606380173254, 50.53654668587842), (10.208053566557938, 53.49055850140553, 50.46974165744905), (10.207983256948689, 53.490522392352275, 50.472976812721754), (10.207912925501528, 53.49048629846844, 50.47623310615745), (10.207842572225687, 53.490450219758785, 50.47951053734869), (10.207772197130408, 53.49041415622794, 50.48280910583708), (10.207701800224921, 53.49037810788068, 50.48612881120789), (10.207631381518471, 53.49034207472169, 50.48946965302457), (10.20756094102031, 53.49030605675566, 50.49283163082873), (10.20749047873967, 53.49027005398731, 50.49621474419837), (10.207419994685814, 53.49023406642134, 50.49961899268237), (10.20734948886799, 53.49019809406241, 50.50304437582963), (10.207278961295453, 53.49016213691526, 50.50649089318904), (10.20720841197746, 53.49012619498457, 50.509958544309484), (10.207137840923272, 53.490090268275004, 50.513447328725306), (10.207067248142158, 53.4900543567913, 50.51695724599267), (10.206996633643374, 53.49001846053811, 50.52048829564592), (10.2069259974362, 53.489982579520124, 50.52404047721211), (10.206855339529898, 53.48994671374203, 50.52761379022559), (10.206784659933756, 53.489910863208536, 50.53120823423524), (10.206713958657035, 53.48987502792426, 50.534823808746296), (10.206678599891362, 53.48985711600204, 50.53663951978524), (10.206596170855644, 53.48991486558553, 50.61648343433626), (10.206631718554013, 53.48993262030813, 50.61446583344514), (10.206702819218735, 53.48996812603247, 50.610425569429935), (10.206773926906628, 53.49000362679528, 50.60637855579262), (10.206845041616731, 53.49003912259607, 50.602324792598665), (10.206916163348078, 53.49007461343433, 50.59826427989901), (10.20698729209971, 53.49011009930959, 50.59419701774459), (10.207058427870653, 53.49014558022136, 50.59012300619361), (10.20712957065995, 53.490181056169135, 50.586042245296994), (10.207200720466632, 53.490216527152405, 50.58195473510568), (10.207271877289735, 53.49025199317074, 50.577860475685156), (10.207419994685814, 53.49023406642134, 50.49961899268237), (10.207419994685816, 53.49023406642132, 50.939618992677424), (10.20734948886799, 53.4901980940624, 50.943044375824684), (10.20734948886799, 53.49019809406241, 50.50304437582963), (10.207419994685814, 53.49023406642134, 50.49961899268237), (10.20749047873967, 53.49027005398731, 50.49621474419837), (10.207419994685814, 53.49023406642134, 50.49961899268237), (10.207419994685816, 53.49023406642132, 50.939618992677424), (10.207490478739672, 53.49027005398731, 50.93621474420797), (10.20749047873967, 53.49027005398731, 50.49621474419837), (10.20756094102031, 53.49030605675566, 50.49283163082873), (10.207560941020304, 53.49030605675566, 50.932831630838336), (10.207490478739672, 53.49027005398731, 50.93621474420797), (10.20749047873967, 53.49027005398731, 50.49621474419837), (10.20756094102031, 53.49030605675566, 50.49283163082873), (10.207631381518471, 53.49034207472169, 50.48946965302457), (10.207631381518471, 53.49034207472169, 50.9294696530269), (10.207560941020304, 53.49030605675566, 50.932831630838336), (10.20756094102031, 53.49030605675566, 50.49283163082873), (10.207631381518471, 53.49034207472169, 50.48946965302457), (10.207701800224921, 53.49037810788068, 50.48612881120789), (10.207701800224921, 53.49037810788068, 50.92612881121022), (10.207631381518471, 53.49034207472169, 50.9294696530269), (10.207631381518471, 53.49034207472169, 50.48946965302457), (10.207701800224921, 53.49037810788068, 50.48612881120789), (10.207772197130408, 53.49041415622794, 50.48280910583708), (10.207772197130405, 53.490414156227935, 50.922809105839406), (10.207701800224921, 53.49037810788068, 50.92612881121022), (10.207701800224921, 53.49037810788068, 50.48612881120789), (10.207772197130408, 53.49041415622794, 50.48280910583708), (10.207842572225687, 53.490450219758785, 50.47951053734869), (10.207842572225687, 53.490450219758785, 50.919510537351016), (10.207772197130405, 53.490414156227935, 50.922809105839406), (10.207772197130408, 53.49041415622794, 50.48280910583708), (10.207842572225687, 53.490450219758785, 50.47951053734869), (10.207912925501528, 53.49048629846844, 50.47623310615745), (10.20791292550153, 53.49048629846844, 50.91623310615978), (10.207842572225687, 53.490450219758785, 50.919510537351016), (10.207842572225687, 53.490450219758785, 50.47951053734869), (10.207912925501528, 53.49048629846844, 50.47623310615745), (10.207983256948689, 53.490522392352275, 50.472976812721754), (10.207912925501528, 53.49048629846844, 50.47623310615745), (10.20791292550153, 53.49048629846844, 50.91623310615978), (10.20798325694869, 53.490522392352275, 50.912976812716806), (10.207983256948689, 53.490522392352275, 50.472976812721754), (10.208053566557938, 53.49055850140553, 50.46974165744905), (10.20805356655794, 53.49055850140553, 50.9097416574441), (10.20798325694869, 53.490522392352275, 50.912976812716806), (10.207983256948689, 53.490522392352275, 50.472976812721754), (10.208053566557938, 53.49055850140553, 50.46974165744905), (10.207983831211614, 53.490606380173254, 50.53654668587842), (10.208053566557938, 53.49055850140553, 50.46974165744905), (10.20805356655794, 53.49055850140553, 50.9097416574441), (10.207983831211614, 53.490606380173254, 50.97654668588075), (10.207983831211614, 53.490606380173254, 50.53654668587842), (10.207912604277384, 53.4905709638315, 50.54070843457157), (10.207983831211614, 53.490606380173254, 50.53654668587842), (10.207983831211614, 53.490606380173254, 50.97654668588075), (10.207912604277384, 53.4905709638315, 50.98070843458845), (10.207912604277384, 53.4905709638315, 50.54070843457157), (10.20784138434992, 53.490535542519865, 50.544863434595754), (10.20784138434992, 53.49053554251986, 50.98486343459808), (10.207912604277384, 53.4905709638315, 50.98070843458845), (10.207912604277384, 53.4905709638315, 50.54070843457157), (10.20784138434992, 53.490535542519865, 50.544863434595754), (10.207770171430191, 53.490500116238906, 50.549011685892765), (10.207770171430193, 53.490500116238906, 50.98901168588782), (10.20784138434992, 53.49053554251986, 50.98486343459808), (10.20784138434992, 53.490535542519865, 50.544863434595754), (10.207770171430191, 53.490500116238906, 50.549011685892765), (10.20769896551916, 53.490464684989036, 50.55315318838984), (10.207698965519162, 53.490464684989036, 50.99315318839217), (10.207770171430193, 53.490500116238906, 50.98901168588782), (10.207770171430191, 53.490500116238906, 50.549011685892765), (10.20769896551916, 53.490464684989036, 50.55315318838984), (10.207627766617799, 53.49042924877078, 50.55728794204333), (10.20769896551916, 53.490464684989036, 50.55315318838984), (10.207698965519162, 53.490464684989036, 50.99315318839217), (10.207627766617799, 53.490429248770766, 50.99728794204566), (10.207627766617799, 53.49042924877078, 50.55728794204333), (10.207556574727063, 53.49039380758461, 50.56141594679502), (10.207627766617799, 53.49042924877078, 50.55728794204333), (10.207627766617799, 53.490429248770766, 50.99728794204566), (10.207556574727066, 53.49039380758462, 51.00141594679735), (10.207556574727063, 53.49039380758461, 50.56141594679502), (10.207485389847923, 53.49035836143104, 50.56553720259399), (10.207556574727063, 53.49039380758461, 50.56141594679502), (10.207556574727066, 53.49039380758462, 51.00141594679735), (10.207485389847927, 53.49035836143105, 51.00553720258904), (10.207485389847923, 53.49035836143104, 50.56553720259399), (10.207414211981346, 53.49032291031055, 50.56965170937474), (10.207485389847923, 53.49035836143104, 50.56553720259399), (10.207485389847927, 53.49035836143105, 51.00553720258904), (10.207414211981348, 53.49032291031055, 51.00965170937707), (10.207414211981346, 53.49032291031055, 50.56965170937474), (10.20734304112829, 53.49028745422361, 50.57375946709362), (10.207414211981346, 53.49032291031055, 50.56965170937474), (10.207414211981348, 53.49032291031055, 51.00965170937707), (10.20734304112829, 53.49028745422361, 51.01375946709595), (10.20734304112829, 53.49028745422361, 50.57375946709362), (10.207271877289735, 53.49025199317074, 50.577860475685156), (10.20734304112829, 53.49028745422361, 50.57375946709362), (10.20734304112829, 53.49028745422361, 51.01375946709595), (10.207271877289735, 53.49025199317074, 51.01786047568021), (10.207271877289735, 53.49025199317074, 50.577860475685156), (10.207200720466632, 53.490216527152405, 50.58195473510568), (10.207271877289735, 53.49025199317074, 50.577860475685156), (10.207271877289735, 53.49025199317074, 51.01786047568021), (10.207200720466632, 53.4902165271524, 51.02195473510801), (10.207200720466632, 53.490216527152405, 50.58195473510568), (10.20712957065995, 53.490181056169135, 50.586042245296994), (10.207200720466632, 53.490216527152405, 50.58195473510568), (10.207200720466632, 53.4902165271524, 51.02195473510801), (10.207129570659951, 53.490181056169114, 51.02604224529205), (10.20712957065995, 53.490181056169135, 50.586042245296994), (10.207058427870653, 53.49014558022136, 50.59012300619361), (10.20712957065995, 53.490181056169135, 50.586042245296994), (10.207129570659951, 53.490181056169114, 51.02604224529205), (10.20705842787065, 53.49014558022132, 51.03012300618866), (10.207058427870653, 53.49014558022136, 50.59012300619361), (10.20698729209971, 53.49011009930959, 50.59419701774459), (10.207058427870653, 53.49014558022136, 50.59012300619361), (10.20705842787065, 53.49014558022132, 51.03012300618866), (10.206987292099711, 53.49011009930959, 51.03419701773964), (10.20698729209971, 53.49011009930959, 50.59419701774459), (10.206916163348078, 53.49007461343433, 50.59826427989901), (10.20698729209971, 53.49011009930959, 50.59419701774459), (10.206987292099711, 53.49011009930959, 51.03419701773964), (10.20691616334808, 53.49007461343433, 51.03826427990134), (10.206916163348078, 53.49007461343433, 50.59826427989901), (10.206845041616731, 53.49003912259607, 50.602324792598665), (10.206916163348078, 53.49007461343433, 50.59826427989901), (10.20691616334808, 53.49007461343433, 51.03826427990134), (10.206845041616731, 53.49003912259607, 51.04232479260099), (10.206845041616731, 53.49003912259607, 50.602324792598665), (10.206773926906628, 53.49000362679528, 50.60637855579262), (10.206773926906628, 53.49000362679527, 51.04637855578767), (10.206845041616731, 53.49003912259607, 51.04232479260099), (10.206845041616731, 53.49003912259607, 50.602324792598665), (10.206773926906628, 53.49000362679528, 50.60637855579262), (10.206702819218735, 53.48996812603247, 50.610425569429935), (10.206702819218737, 53.48996812603247, 51.050425569432264), (10.206773926906628, 53.49000362679527, 51.04637855578767), (10.206773926906628, 53.49000362679528, 50.60637855579262), (10.206702819218735, 53.48996812603247, 50.610425569429935), (10.206631718554013, 53.48993262030813, 50.61446583344514), (10.206702819218735, 53.48996812603247, 50.610425569429935), (10.206702819218737, 53.48996812603247, 51.050425569432264), (10.206631718554013, 53.48993262030813, 51.05446583345474), (10.206631718554013, 53.48993262030813, 50.61446583344514), (10.206596170855644, 53.48991486558553, 50.61648343433626), (10.206631718554013, 53.48993262030813, 50.61446583344514), (10.206631718554013, 53.48993262030813, 51.05446583345474), (10.206596170855644, 53.48991486558553, 51.05648343433859), (10.206596170855644, 53.48991486558553, 50.61648343433626), (10.206678599891362, 53.48985711600204, 50.53663951978524), (10.206596170855644, 53.48991486558553, 50.61648343433626), (10.206596170855644, 53.48991486558553, 51.05648343433859), (10.206678599891362, 53.48985711600204, 50.97663951978029), (10.206678599891362, 53.48985711600204, 50.53663951978524), (10.206713958657035, 53.48987502792426, 50.534823808746296), (10.206713958657037, 53.48987502792425, 50.97482380874135), (10.206678599891362, 53.48985711600204, 50.97663951978029), (10.206678599891362, 53.48985711600204, 50.53663951978524), (10.206713958657035, 53.48987502792426, 50.534823808746296), (10.206784659933756, 53.489910863208536, 50.53120823423524), (10.206713958657035, 53.48987502792426, 50.534823808746296), (10.206713958657037, 53.48987502792425, 50.97482380874135), (10.206784659933755, 53.489910863208536, 50.97120823423029), (10.206784659933756, 53.489910863208536, 50.53120823423524), (10.206855339529898, 53.48994671374203, 50.52761379022559), (10.206855339529898, 53.48994671374203, 50.96761379023519), (10.206784659933755, 53.489910863208536, 50.97120823423029), (10.206784659933756, 53.489910863208536, 50.53120823423524), (10.206855339529898, 53.48994671374203, 50.52761379022559), (10.2069259974362, 53.489982579520124, 50.52404047721211), (10.2069259974362, 53.489982579520124, 50.96404047721444), (10.206855339529898, 53.48994671374203, 50.96761379023519), (10.206855339529898, 53.48994671374203, 50.52761379022559), (10.2069259974362, 53.489982579520124, 50.52404047721211), (10.206996633643374, 53.49001846053811, 50.52048829564592), (10.206996633643374, 53.49001846053811, 50.96048829564097), (10.2069259974362, 53.489982579520124, 50.96404047721444), (10.2069259974362, 53.489982579520124, 50.52404047721211), (10.206996633643374, 53.49001846053811, 50.52048829564592), (10.207067248142158, 53.4900543567913, 50.51695724599267), (10.207067248142158, 53.49005435679128, 50.956957245987724), (10.206996633643374, 53.49001846053811, 50.96048829564097), (10.206996633643374, 53.49001846053811, 50.52048829564592), (10.207067248142158, 53.4900543567913, 50.51695724599267), (10.207137840923272, 53.490090268275004, 50.513447328725306), (10.207137840923274, 53.490090268275004, 50.953447328727634), (10.207067248142158, 53.49005435679128, 50.956957245987724), (10.207067248142158, 53.4900543567913, 50.51695724599267), (10.207137840923272, 53.490090268275004, 50.513447328725306), (10.20720841197746, 53.49012619498457, 50.509958544309484), (10.207137840923272, 53.490090268275004, 50.513447328725306), (10.207137840923274, 53.490090268275004, 50.953447328727634), (10.207208411977462, 53.490126194984555, 50.949958544304536), (10.20720841197746, 53.49012619498457, 50.509958544309484), (10.207278961295453, 53.49016213691526, 50.50649089318904), (10.207278961295453, 53.49016213691526, 50.94649089318409), (10.207208411977462, 53.490126194984555, 50.949958544304536), (10.20720841197746, 53.49012619498457, 50.509958544309484), (10.207278961295453, 53.49016213691526, 50.50649089318904), (10.20734948886799, 53.49019809406241, 50.50304437582963), (10.20734948886799, 53.4901980940624, 50.943044375824684), (10.207278961295453, 53.49016213691526, 50.94649089318409), (10.207278961295453, 53.49016213691526, 50.50649089318904), (10.20734948886799, 53.49019809406241, 50.50304437582963), (10.20734304112829, 53.49028745422361, 51.01375946709595), (10.207271877289735, 53.49025199317074, 51.01786047568021), (10.207200720466632, 53.4902165271524, 51.02195473510801), (10.207129570659951, 53.490181056169114, 51.02604224529205), (10.20705842787065, 53.49014558022132, 51.03012300618866), (10.206987292099711, 53.49011009930959, 51.03419701773964), (10.20691616334808, 53.49007461343433, 51.03826427990134), (10.206845041616731, 53.49003912259607, 51.04232479260099), (10.206773926906628, 53.49000362679527, 51.04637855578767), (10.206702819218737, 53.48996812603247, 51.050425569432264), (10.206631718554013, 53.48993262030813, 51.05446583345474), (10.206596170855644, 53.48991486558553, 51.05648343433859), (10.206678599891362, 53.48985711600204, 50.97663951978029), (10.206713958657037, 53.48987502792425, 50.97482380874135), (10.206784659933755, 53.489910863208536, 50.97120823423029), (10.206855339529898, 53.48994671374203, 50.96761379023519), (10.2069259974362, 53.489982579520124, 50.96404047721444), (10.206996633643374, 53.49001846053811, 50.96048829564097), (10.207067248142158, 53.49005435679128, 50.956957245987724), (10.207137840923274, 53.490090268275004, 50.953447328727634), (10.207208411977462, 53.490126194984555, 50.949958544304536), (10.207278961295453, 53.49016213691526, 50.94649089318409), (10.20734948886799, 53.4901980940624, 50.943044375824684), (10.207419994685816, 53.49023406642132, 50.939618992677424), (10.207490478739672, 53.49027005398731, 50.93621474420797), (10.207560941020304, 53.49030605675566, 50.932831630838336), (10.207631381518471, 53.49034207472169, 50.9294696530269), (10.207701800224921, 53.49037810788068, 50.92612881121022), (10.207772197130405, 53.490414156227935, 50.922809105839406), (10.207842572225687, 53.490450219758785, 50.919510537351016), (10.20791292550153, 53.49048629846844, 50.91623310615978), (10.20798325694869, 53.490522392352275, 50.912976812716806), (10.20805356655794, 53.49055850140553, 50.9097416574441), (10.207983831211614, 53.490606380173254, 50.97654668588075), (10.207912604277384, 53.4905709638315, 50.98070843458845), (10.20784138434992, 53.49053554251986, 50.98486343459808), (10.207770171430193, 53.490500116238906, 50.98901168588782), (10.207698965519162, 53.490464684989036, 50.99315318839217), (10.207627766617799, 53.490429248770766, 50.99728794204566), (10.207556574727066, 53.49039380758462, 51.00141594679735), (10.207485389847927, 53.49035836143105, 51.00553720258904), (10.207414211981348, 53.49032291031055, 51.00965170937707), (10.20734304112829, 53.49028745422361, 51.01375946709595), (10.208053566558302, 53.49055850140528, 50.4697416570998), (10.207983831143334, 53.4906063802221, 50.536546752809954), (10.208229104646266, 53.49072840936141, 50.522270313304034), (10.208296106758175, 53.49068169686709, 50.45754399048019), (10.208053566558302, 53.49055850140528, 50.4697416570998), (10.207983831143334, 53.4906063802221, 50.536546752809954), (10.208229104646266, 53.49072840936141, 50.522270313304034), (10.208229104646266, 53.49072840936141, 50.96227031329181), (10.207983831143332, 53.49060638022209, 50.97654675280501), (10.207983831143334, 53.4906063802221, 50.536546752809954), (10.208053566558302, 53.49055850140528, 50.4697416570998), (10.208053566558302, 53.49055850140528, 50.909741657094855), (10.207983831143332, 53.49060638022209, 50.97654675280501), (10.207983831143334, 53.4906063802221, 50.536546752809954), (10.208053566558302, 53.49055850140528, 50.4697416570998), (10.208296106758175, 53.49068169686709, 50.45754399048019), (10.208296106758176, 53.49068169686708, 50.897543990467966), (10.208053566558302, 53.49055850140528, 50.909741657094855), (10.208053566558302, 53.49055850140528, 50.4697416570998), (10.208296106758175, 53.49068169686709, 50.45754399048019), (10.208229104646266, 53.49072840936141, 50.522270313304034), (10.208296106758175, 53.49068169686709, 50.45754399048019), (10.208296106758176, 53.49068169686708, 50.897543990467966), (10.208229104646266, 53.49072840936141, 50.96227031329181), (10.208229104646266, 53.49072840936141, 50.522270313304034), (10.207983831143332, 53.49060638022209, 50.97654675280501), (10.208053566558302, 53.49055850140528, 50.909741657094855), (10.208296106758176, 53.49068169686708, 50.897543990467966), (10.208229104646266, 53.49072840936141, 50.96227031329181), (10.207983831143332, 53.49060638022209, 50.97654675280501), (10.208831892585142, 53.4910286109967, 50.35969097391353), (10.208898976700558, 53.4910618899057, 50.34152196406649), (10.208966082315255, 53.49109515343095, 50.32333203626331), (10.20903320941934, 53.49112840156757, 50.30512119318155), (10.20910035800292, 53.49116163431059, 50.286889437484206), (10.20916752805609, 53.49119485165513, 50.26863677188521), (10.209234719568949, 53.491228053596224, 50.250363199040294), (10.209301932531572, 53.49126124012897, 50.232068721656105), (10.209369166934083, 53.49129441124846, 50.2137533424102), (10.209470058715926, 53.49134413901709, 50.18624108845688), (10.20953734667473, 53.49137727158192, 50.16787346636556), (10.209583993265186, 53.49134445738322, 50.122640605666675), (10.209517981342243, 53.491310446163304, 50.13978192240029), (10.209418956664807, 53.49125943408988, 50.16550062312308), (10.209352935684926, 53.4912254292121, 50.18265090726345), (10.209286911082778, 53.491191426871424, 50.19980477822537), (10.209220882858615, 53.491157427068, 50.216962235943356), (10.209154851012714, 53.49112342980194, 50.23412328034465), (10.209088815545384, 53.49108943507339, 50.251287911356485), (10.209022776456866, 53.49105544288251, 50.26845612892066), (10.208956733747488, 53.49102145322942, 50.28562793293531), (10.20889068741749, 53.49098746611427, 50.30280332332768), (10.208824637467167, 53.4909534815372, 50.31998230004683), (10.208758583896786, 53.49091949949832, 50.33716486301273), (10.208692526706615, 53.49088551999781, 50.35435101215262), (10.208626465896977, 53.49085154303579, 50.37154074737191), (10.208560401468114, 53.49081756861241, 50.388734068626945), (10.208494333420317, 53.4907835967278, 50.40593097583769), (10.208428261753852, 53.49074962738211, 50.423131468916836), (10.208362186469031, 53.49071566057543, 50.44033554778434), (10.2082961075661, 53.49068169630797, 50.457543212403834), (10.208229104644897, 53.49072840936238, 50.522270314671914), (10.208295994822098, 53.49076182650275, 50.50428968630149), (10.208362906587485, 53.490795228303895, 50.48628811604431), (10.208429839931194, 53.490828614760765, 50.468265606526984), (10.208496794843347, 53.4908619858685, 50.4502221604198), (10.208563771314049, 53.49089534162212, 50.4321577803712), (10.208630769333475, 53.490928682016694, 50.414072469029634), (10.208697788891712, 53.49096200704726, 50.39596622906538), (10.208764829978902, 53.49099531670892, 50.37783906314144), (10.208831892585142, 53.4910286109967, 50.35969097391353), (10.209022776456866, 53.49105544288251, 50.26845612892066), (10.209022776456882, 53.491055442882505, 50.70845612890844), (10.208956733747488, 53.49102145322942, 50.72562793292309), (10.208956733747488, 53.49102145322942, 50.28562793293531), (10.209022776456866, 53.49105544288251, 50.26845612892066), (10.209088815545384, 53.49108943507339, 50.251287911356485), (10.209022776456866, 53.49105544288251, 50.26845612892066), (10.209022776456882, 53.491055442882505, 50.70845612890844), (10.209088815545384, 53.49108943507339, 50.69128791135881), (10.209088815545384, 53.49108943507339, 50.251287911356485), (10.209154851012714, 53.49112342980194, 50.23412328034465), (10.209088815545384, 53.49108943507339, 50.251287911356485), (10.209088815545384, 53.49108943507339, 50.69128791135881), (10.209154851012732, 53.49112342980194, 50.6741232803397), (10.209154851012714, 53.49112342980194, 50.23412328034465), (10.209220882858615, 53.491157427068, 50.216962235943356), (10.209220882858615, 53.491157427068, 50.65696223593841), (10.209154851012732, 53.49112342980194, 50.6741232803397), (10.209154851012714, 53.49112342980194, 50.23412328034465), (10.209220882858615, 53.491157427068, 50.216962235943356), (10.209286911082778, 53.491191426871424, 50.19980477822537), (10.209286911082778, 53.491191426871424, 50.63980477822042), (10.209220882858615, 53.491157427068, 50.65696223593841), (10.209220882858615, 53.491157427068, 50.216962235943356), (10.209286911082778, 53.491191426871424, 50.19980477822537), (10.209352935684926, 53.4912254292121, 50.18265090726345), (10.209286911082778, 53.491191426871424, 50.19980477822537), (10.209286911082778, 53.491191426871424, 50.63980477822042), (10.20935293568494, 53.4912254292121, 50.62265090725123), (10.209352935684926, 53.4912254292121, 50.18265090726345), (10.209418956664807, 53.49125943408988, 50.16550062312308), (10.209418956664823, 53.491259434089876, 50.60550062312541), (10.20935293568494, 53.4912254292121, 50.62265090725123), (10.209352935684926, 53.4912254292121, 50.18265090726345), (10.209418956664807, 53.49125943408988, 50.16550062312308), (10.209517981342243, 53.491310446163304, 50.13978192240029), (10.209517981342243, 53.491310446163304, 50.579781922388065), (10.209418956664823, 53.491259434089876, 50.60550062312541), (10.209418956664807, 53.49125943408988, 50.16550062312308), (10.209517981342243, 53.491310446163304, 50.13978192240029), (10.209583993265186, 53.49134445738322, 50.122640605666675), (10.209517981342243, 53.491310446163304, 50.13978192240029), (10.209517981342243, 53.491310446163304, 50.579781922388065), (10.209583993265186, 53.49134445738322, 50.56264060566173), (10.209583993265186, 53.49134445738322, 50.122640605666675), (10.20953734667473, 53.49137727158192, 50.16787346636556), (10.209583993265186, 53.49134445738322, 50.122640605666675), (10.209583993265186, 53.49134445738322, 50.56264060566173), (10.209537346674745, 53.49137727158192, 50.60787346635334), (10.20953734667473, 53.49137727158192, 50.16787346636556), (10.209470058715926, 53.49134413901709, 50.18624108845688), (10.209470058715926, 53.49134413901709, 50.626241088451934), (10.209537346674745, 53.49137727158192, 50.60787346635334), (10.20953734667473, 53.49137727158192, 50.16787346636556), (10.209470058715926, 53.49134413901709, 50.18624108845688), (10.209369166934083, 53.49129441124846, 50.2137533424102), (10.209369166934083, 53.49129441124846, 50.65375334240525), (10.209470058715926, 53.49134413901709, 50.626241088451934), (10.209470058715926, 53.49134413901709, 50.18624108845688), (10.209369166934083, 53.49129441124846, 50.2137533424102), (10.209301932531572, 53.49126124012897, 50.232068721656105), (10.209301932531586, 53.49126124012897, 50.67206872164388), (10.209369166934083, 53.49129441124846, 50.65375334240525), (10.209369166934083, 53.49129441124846, 50.2137533424102), (10.209301932531572, 53.49126124012897, 50.232068721656105), (10.209234719568949, 53.491228053596224, 50.250363199040294), (10.209234719568949, 53.491228053596224, 50.69036319902807), (10.209301932531586, 53.49126124012897, 50.67206872164388), (10.209301932531572, 53.49126124012897, 50.232068721656105), (10.209234719568949, 53.491228053596224, 50.250363199040294), (10.20916752805609, 53.49119485165513, 50.26863677188521), (10.209234719568949, 53.491228053596224, 50.250363199040294), (10.209234719568949, 53.491228053596224, 50.69036319902807), (10.20916752805609, 53.49119485165513, 50.70863677187299), (10.20916752805609, 53.49119485165513, 50.26863677188521), (10.20910035800292, 53.49116163431059, 50.286889437484206), (10.20910035800292, 53.49116163431059, 50.72688943747926), (10.20916752805609, 53.49119485165513, 50.70863677187299), (10.20916752805609, 53.49119485165513, 50.26863677188521), (10.20910035800292, 53.49116163431059, 50.286889437484206), (10.20903320941934, 53.49112840156757, 50.30512119318155), (10.20903320941934, 53.49112840156757, 50.745121193169325), (10.20910035800292, 53.49116163431059, 50.72688943747926), (10.20910035800292, 53.49116163431059, 50.286889437484206), (10.20903320941934, 53.49112840156757, 50.30512119318155), (10.208966082315255, 53.49109515343095, 50.32333203626331), (10.208966082315255, 53.49109515343095, 50.763332036251086), (10.20903320941934, 53.49112840156757, 50.745121193169325), (10.20903320941934, 53.49112840156757, 50.30512119318155), (10.208966082315255, 53.49109515343095, 50.32333203626331), (10.208898976700558, 53.4910618899057, 50.34152196406649), (10.208898976700558, 53.4910618899057, 50.781521964054264), (10.208966082315255, 53.49109515343095, 50.763332036251086), (10.208966082315255, 53.49109515343095, 50.32333203626331), (10.208898976700558, 53.4910618899057, 50.34152196406649), (10.208831892585142, 53.4910286109967, 50.35969097391353), (10.208898976700558, 53.4910618899057, 50.34152196406649), (10.208898976700558, 53.4910618899057, 50.781521964054264), (10.20883189258515, 53.4910286109967, 50.79969097390858), (10.208831892585142, 53.4910286109967, 50.35969097391353), (10.208764829978902, 53.49099531670892, 50.37783906314144), (10.208764829978918, 53.49099531670892, 50.81783906312921), (10.20883189258515, 53.4910286109967, 50.79969097390858), (10.208831892585142, 53.4910286109967, 50.35969097391353), (10.208764829978902, 53.49099531670892, 50.37783906314144), (10.208697788891712, 53.49096200704726, 50.39596622906538), (10.208697788891712, 53.49096200704726, 50.835966229053156), (10.208764829978918, 53.49099531670892, 50.81783906312921), (10.208764829978902, 53.49099531670892, 50.37783906314144), (10.208697788891712, 53.49096200704726, 50.39596622906538), (10.208630769333475, 53.490928682016694, 50.414072469029634), (10.208630769333475, 53.490928682016694, 50.854072469024686), (10.208697788891712, 53.49096200704726, 50.835966229053156), (10.208697788891712, 53.49096200704726, 50.39596622906538), (10.208630769333475, 53.490928682016694, 50.414072469029634), (10.208563771314049, 53.49089534162212, 50.4321577803712), (10.208563771314065, 53.490895341622114, 50.872157780358975), (10.208630769333475, 53.490928682016694, 50.854072469024686), (10.208630769333475, 53.490928682016694, 50.414072469029634), (10.208563771314049, 53.49089534162212, 50.4321577803712), (10.208496794843347, 53.4908619858685, 50.4502221604198), (10.208496794843347, 53.4908619858685, 50.890222160407575), (10.208563771314065, 53.490895341622114, 50.872157780358975), (10.208563771314049, 53.49089534162212, 50.4321577803712), (10.208496794843347, 53.4908619858685, 50.4502221604198), (10.208429839931194, 53.490828614760765, 50.468265606526984), (10.208429839931194, 53.490828614760765, 50.90826560651476), (10.208496794843347, 53.4908619858685, 50.890222160407575), (10.208496794843347, 53.4908619858685, 50.4502221604198), (10.208429839931194, 53.490828614760765, 50.468265606526984), (10.208362906587485, 53.490795228303895, 50.48628811604431), (10.208362906587485, 53.490795228303895, 50.92628811603208), (10.208429839931194, 53.490828614760765, 50.90826560651476), (10.208429839931194, 53.490828614760765, 50.468265606526984), (10.208362906587485, 53.490795228303895, 50.48628811604431), (10.208295994822098, 53.49076182650275, 50.50428968630149), (10.208295994822098, 53.49076182650275, 50.94428968629654), (10.208362906587485, 53.490795228303895, 50.92628811603208), (10.208362906587485, 53.490795228303895, 50.48628811604431), (10.208295994822098, 53.49076182650275, 50.50428968630149), (10.208229104644897, 53.49072840936238, 50.522270314671914), (10.208229104644897, 53.49072840936238, 50.962270314666966), (10.208295994822098, 53.49076182650275, 50.94428968629654), (10.208295994822098, 53.49076182650275, 50.50428968630149), (10.208229104644897, 53.49072840936238, 50.522270314671914), (10.2082961075661, 53.49068169630797, 50.457543212403834), (10.208229104644897, 53.49072840936238, 50.522270314671914), (10.208229104644897, 53.49072840936238, 50.962270314666966), (10.2082961075661, 53.49068169630797, 50.89754321239161), (10.2082961075661, 53.49068169630797, 50.457543212403834), (10.208362186469031, 53.49071566057543, 50.44033554778434), (10.2082961075661, 53.49068169630797, 50.457543212403834), (10.2082961075661, 53.49068169630797, 50.89754321239161), (10.208362186469031, 53.49071566057543, 50.880335547779396), (10.208362186469031, 53.49071566057543, 50.44033554778434), (10.208428261753852, 53.49074962738211, 50.423131468916836), (10.208362186469031, 53.49071566057543, 50.44033554778434), (10.208362186469031, 53.49071566057543, 50.880335547779396), (10.208428261753864, 53.49074962738211, 50.86313146891189), (10.208428261753852, 53.49074962738211, 50.423131468916836), (10.208494333420317, 53.4907835967278, 50.40593097583769), (10.208428261753852, 53.49074962738211, 50.423131468916836), (10.208428261753864, 53.49074962738211, 50.86313146891189), (10.20849433342033, 53.4907835967278, 50.84593097582547), (10.208494333420317, 53.4907835967278, 50.40593097583769), (10.208560401468114, 53.49081756861241, 50.388734068626945), (10.208560401468114, 53.49081756861241, 50.828734068622), (10.20849433342033, 53.4907835967278, 50.84593097582547), (10.208494333420317, 53.4907835967278, 50.40593097583769), (10.208560401468114, 53.49081756861241, 50.388734068626945), (10.208626465896977, 53.49085154303579, 50.37154074737191), (10.208560401468114, 53.49081756861241, 50.388734068626945), (10.208560401468114, 53.49081756861241, 50.828734068622), (10.208626465896977, 53.49085154303579, 50.81154074737424), (10.208626465896977, 53.49085154303579, 50.37154074737191), (10.208692526706615, 53.49088551999781, 50.35435101215262), (10.20869252670663, 53.49088551999782, 50.794351012140396), (10.208626465896977, 53.49085154303579, 50.81154074737424), (10.208626465896977, 53.49085154303579, 50.37154074737191), (10.208692526706615, 53.49088551999781, 50.35435101215262), (10.208758583896786, 53.49091949949832, 50.33716486301273), (10.208692526706615, 53.49088551999781, 50.35435101215262), (10.20869252670663, 53.49088551999782, 50.794351012140396), (10.208758583896786, 53.49091949949832, 50.77716486300778), (10.208758583896786, 53.49091949949832, 50.33716486301273), (10.208824637467167, 53.4909534815372, 50.31998230004683), (10.208824637467153, 53.4909534815372, 50.75998230004916), (10.208758583896786, 53.49091949949832, 50.77716486300778), (10.208758583896786, 53.49091949949832, 50.33716486301273), (10.208824637467167, 53.4909534815372, 50.31998230004683), (10.20889068741749, 53.49098746611427, 50.30280332332768), (10.208824637467167, 53.4909534815372, 50.31998230004683), (10.208824637467153, 53.4909534815372, 50.75998230004916), (10.20889068741749, 53.49098746611427, 50.74280332331546), (10.20889068741749, 53.49098746611427, 50.30280332332768), (10.208956733747488, 53.49102145322942, 50.28562793293531), (10.20889068741749, 53.49098746611427, 50.30280332332768), (10.20889068741749, 53.49098746611427, 50.74280332331546), (10.208956733747488, 53.49102145322942, 50.72562793292309), (10.208956733747488, 53.49102145322942, 50.28562793293531), (10.208898976700558, 53.4910618899057, 50.781521964054264), (10.20883189258515, 53.4910286109967, 50.79969097390858), (10.208764829978918, 53.49099531670892, 50.81783906312921), (10.208697788891712, 53.49096200704726, 50.835966229053156), (10.208630769333475, 53.490928682016694, 50.854072469024686), (10.208563771314065, 53.490895341622114, 50.872157780358975), (10.208496794843347, 53.4908619858685, 50.890222160407575), (10.208429839931194, 53.490828614760765, 50.90826560651476), (10.208362906587485, 53.490795228303895, 50.92628811603208), (10.208295994822098, 53.49076182650275, 50.94428968629654), (10.208229104644897, 53.49072840936238, 50.962270314666966), (10.2082961075661, 53.49068169630797, 50.89754321239161), (10.208362186469031, 53.49071566057543, 50.880335547779396), (10.208428261753864, 53.49074962738211, 50.86313146891189), (10.20849433342033, 53.4907835967278, 50.84593097582547), (10.208560401468114, 53.49081756861241, 50.828734068622), (10.208626465896977, 53.49085154303579, 50.81154074737424), (10.20869252670663, 53.49088551999782, 50.794351012140396), (10.208758583896786, 53.49091949949832, 50.77716486300778), (10.208824637467153, 53.4909534815372, 50.75998230004916), (10.20889068741749, 53.49098746611427, 50.74280332331546), (10.208956733747488, 53.49102145322942, 50.72562793292309), (10.209022776456882, 53.491055442882505, 50.70845612890844), (10.209088815545384, 53.49108943507339, 50.69128791135881), (10.209154851012732, 53.49112342980194, 50.6741232803397), (10.209220882858615, 53.491157427068, 50.65696223593841), (10.209286911082778, 53.491191426871424, 50.63980477822042), (10.20935293568494, 53.4912254292121, 50.62265090725123), (10.209418956664823, 53.491259434089876, 50.60550062312541), (10.209517981342243, 53.491310446163304, 50.579781922388065), (10.209583993265186, 53.49134445738322, 50.56264060566173), (10.209537346674745, 53.49137727158192, 50.60787346635334), (10.209470058715926, 53.49134413901709, 50.626241088451934), (10.209369166934083, 53.49129441124846, 50.65375334240525), (10.209301932531586, 53.49126124012897, 50.67206872164388), (10.209234719568949, 53.491228053596224, 50.69036319902807), (10.20916752805609, 53.49119485165513, 50.70863677187299), (10.20910035800292, 53.49116163431059, 50.72688943747926), (10.20903320941934, 53.49112840156757, 50.745121193169325), (10.208966082315255, 53.49109515343095, 50.763332036251086), (10.208898976700558, 53.4910618899057, 50.781521964054264), (10.205771183234598, 53.489505430103385, 50.68177061640017), (10.205814234773218, 53.489526529943554, 50.67816542623041), (10.205857254121705, 53.48954765313866, 50.674592044058954), (10.205900241244418, 53.48956879967119, 50.671050472868956), (10.205943196105725, 53.489589969523706, 50.6675407155999), (10.205986118670047, 53.48961116267861, 50.66406277513306), (10.206029008901789, 53.48963237911844, 50.66061665439338), (10.206071866765429, 53.489653618825585, 50.65720235621848), (10.206114692225476, 53.48967488178249, 50.65381988341687), (10.206157485246393, 53.48969616797156, 50.650469238833466), (10.20620024579272, 53.48971747737516, 50.64715042523312), (10.206242973829072, 53.48973880997566, 50.64386344536615), (10.206264325644911, 53.48974948496925, 50.64223189392942), (10.20659617078721, 53.48991486563426, 50.61648350127507), (10.20667859989175, 53.48985711600178, 50.53663951944327), (10.206345863420655, 53.489690785660784, 50.56208131422318), (10.206324437198681, 53.48968013835695, 50.56376676935906), (10.206281543813818, 53.48965887310259, 50.56717785789078), (10.20623859592483, 53.489637647027536, 50.57064251076372), (10.206195593632387, 53.48961646018146, 50.5741607198579), (10.20615253703728, 53.489595312614, 50.57773247692239), (10.20610942624045, 53.489574204374684, 50.58135777357529), (10.2060662613429, 53.48955313551295, 50.58503660133283), (10.206023042445853, 53.48953210607814, 50.5887689515439), (10.205979769650572, 53.4895111161195, 50.59255481546279), (10.205936443058471, 53.4894901656862, 50.596394184241944), (10.205893062771128, 53.48946925482731, 50.600287048837345), (10.205849628890178, 53.489448383591785, 50.60423340016132), (10.205806141517474, 53.48942755202852, 50.60823322892247), (10.205762600754888, 53.489406760186306, 50.61228652576392), (10.2057190067045, 53.48938600811384, 50.616393281183264), (10.205675359468472, 53.4893652958597, 50.620553485547134), (10.205631659149118, 53.48934462347244, 50.624767129076645), (10.205587905848827, 53.4893239910004, 50.62903420192015), (10.20554409967016, 53.48930339849198, 50.633354694073205), (10.20550024071579, 53.489282845995355, 50.637728595400404), (10.205425616367464, 53.48933747425091, 50.71175686204515), (10.205468924140634, 53.48935838662463, 50.707897317588504), (10.205512200009782, 53.48937932249244, 50.704069556501054), (10.2055554439391, 53.489400281837, 50.70027358193329), (10.205598655892715, 53.48942126464096, 50.6965093970648), (10.205641835834838, 53.489442270887004, 50.69277700500243), (10.2056849837297, 53.48946330055768, 50.68907640881662), (10.205728099541519, 53.48948435363561, 50.685407611606934), (10.205771183234598, 53.489505430103385, 50.68177061640017), (10.20610942624045, 53.489574204374684, 50.58135777357529), (10.2060662613429, 53.48955313551295, 50.58503660133283), (10.206066261342915, 53.48955313551295, 51.02503660132788), (10.20610942624045, 53.489574204374684, 51.02135777357762), (10.20610942624045, 53.489574204374684, 50.58135777357529), (10.20615253703728, 53.489595312614, 50.57773247692239), (10.206152537037292, 53.489595312614, 51.01773247692472), (10.20610942624045, 53.489574204374684, 51.02135777357762), (10.20610942624045, 53.489574204374684, 50.58135777357529), (10.20615253703728, 53.489595312614, 50.57773247692239), (10.206195593632387, 53.48961646018146, 50.5741607198579), (10.206195593632387, 53.48961646018146, 51.01416071986023), (10.206152537037292, 53.489595312614, 51.01773247692472), (10.20615253703728, 53.489595312614, 50.57773247692239), (10.206195593632387, 53.48961646018146, 50.5741607198579), (10.20623859592483, 53.489637647027536, 50.57064251076372), (10.20623859592483, 53.489637647027536, 51.01064251076605), (10.206195593632387, 53.48961646018146, 51.01416071986023), (10.206195593632387, 53.48961646018146, 50.5741607198579), (10.20623859592483, 53.489637647027536, 50.57064251076372), (10.206281543813818, 53.48965887310259, 50.56717785789078), (10.206281543813802, 53.48965887310259, 51.00717785789311), (10.20623859592483, 53.489637647027536, 51.01064251076605), (10.20623859592483, 53.489637647027536, 50.57064251076372), (10.206281543813818, 53.48965887310259, 50.56717785789078), (10.206324437198681, 53.48968013835695, 50.56376676935906), (10.206324437198681, 53.48968013835695, 51.003766769354115), (10.206281543813802, 53.48965887310259, 51.00717785789311), (10.206281543813818, 53.48965887310259, 50.56717785789078), (10.206324437198681, 53.48968013835695, 50.56376676935906), (10.206345863420655, 53.489690785660784, 50.56208131422318), (10.206345863420655, 53.489690785660784, 51.00208131421823), (10.206324437198681, 53.48968013835695, 51.003766769354115), (10.206324437198681, 53.48968013835695, 50.56376676935906), (10.206345863420655, 53.489690785660784, 50.56208131422318), (10.20667859989175, 53.48985711600178, 50.53663951944327), (10.206345863420655, 53.489690785660784, 50.56208131422318), (10.206345863420655, 53.489690785660784, 51.00208131421823), (10.20667859989175, 53.48985711600178, 50.97663951943832), (10.20667859989175, 53.48985711600178, 50.53663951944327), (10.20659617078721, 53.48991486563426, 50.61648350127507), (10.206596170787224, 53.48991486563426, 51.05648350127012), (10.20667859989175, 53.48985711600178, 50.97663951943832), (10.20667859989175, 53.48985711600178, 50.53663951944327), (10.20659617078721, 53.48991486563426, 50.61648350127507), (10.206264325644911, 53.48974948496925, 50.64223189392942), (10.20659617078721, 53.48991486563426, 50.61648350127507), (10.206596170787224, 53.48991486563426, 51.05648350127012), (10.206264325644911, 53.48974948496925, 51.08223189393175), (10.206264325644911, 53.48974948496925, 50.64223189392942), (10.206242973829072, 53.48973880997566, 50.64386344536615), (10.206264325644911, 53.48974948496925, 50.64223189392942), (10.206264325644911, 53.48974948496925, 51.08223189393175), (10.206242973829058, 53.48973880997566, 51.08386344536848), (10.206242973829072, 53.48973880997566, 50.64386344536615), (10.20620024579272, 53.48971747737516, 50.64715042523312), (10.206242973829072, 53.48973880997566, 50.64386344536615), (10.206242973829058, 53.48973880997566, 51.08386344536848), (10.206200245792735, 53.48971747737515, 51.08715042523545), (10.20620024579272, 53.48971747737516, 50.64715042523312), (10.206157485246393, 53.48969616797156, 50.650469238833466), (10.20620024579272, 53.48971747737516, 50.64715042523312), (10.206200245792735, 53.48971747737515, 51.08715042523545), (10.206157485246377, 53.48969616797156, 51.09046923884307), (10.206157485246393, 53.48969616797156, 50.650469238833466), (10.206114692225476, 53.48967488178249, 50.65381988341687), (10.20611469222546, 53.48967488178249, 51.09381988342648), (10.206157485246377, 53.48969616797156, 51.09046923884307), (10.206157485246393, 53.48969616797156, 50.650469238833466), (10.206114692225476, 53.48967488178249, 50.65381988341687), (10.206071866765429, 53.489653618825585, 50.65720235621848), (10.206071866765443, 53.4896536188256, 51.09720235621353), (10.20611469222546, 53.48967488178249, 51.09381988342648), (10.206114692225476, 53.48967488178249, 50.65381988341687), (10.206071866765429, 53.489653618825585, 50.65720235621848), (10.206029008901789, 53.48963237911844, 50.66061665439338), (10.206071866765429, 53.489653618825585, 50.65720235621848), (10.206071866765443, 53.4896536188256, 51.09720235621353), (10.2060290089018, 53.48963237911844, 51.10061665439571), (10.206029008901789, 53.48963237911844, 50.66061665439338), (10.205986118670047, 53.48961116267861, 50.66406277513306), (10.205986118670035, 53.48961116267862, 51.10406277513539), (10.2060290089018, 53.48963237911844, 51.10061665439571), (10.206029008901789, 53.48963237911844, 50.66061665439338), (10.205986118670047, 53.48961116267861, 50.66406277513306), (10.205943196105725, 53.489589969523706, 50.6675407155999), (10.205943196105725, 53.489589969523706, 51.10754071559495), (10.205986118670035, 53.48961116267862, 51.10406277513539), (10.205986118670047, 53.48961116267861, 50.66406277513306), (10.205943196105725, 53.489589969523706, 50.6675407155999), (10.205900241244418, 53.48956879967119, 50.671050472868956), (10.205943196105725, 53.489589969523706, 50.6675407155999), (10.205943196105725, 53.489589969523706, 51.10754071559495), (10.205900241244402, 53.48956879967119, 51.111050472871284), (10.205900241244418, 53.48956879967119, 50.671050472868956), (10.205857254121705, 53.48954765313866, 50.674592044058954), (10.205857254121705, 53.48954765313866, 51.11459204406128), (10.205900241244402, 53.48956879967119, 51.111050472871284), (10.205900241244418, 53.48956879967119, 50.671050472868956), (10.205857254121705, 53.48954765313866, 50.674592044058954), (10.205814234773218, 53.489526529943554, 50.67816542623041), (10.205814234773218, 53.489526529943554, 51.11816542622546), (10.205857254121705, 53.48954765313866, 51.11459204406128), (10.205857254121705, 53.48954765313866, 50.674592044058954), (10.205814234773218, 53.489526529943554, 50.67816542623041), (10.205771183234598, 53.489505430103385, 50.68177061640017), (10.205771183234598, 53.489505430103385, 51.1217706164025), (10.205814234773218, 53.489526529943554, 51.11816542622546), (10.205814234773218, 53.489526529943554, 50.67816542623041), (10.205771183234598, 53.489505430103385, 50.68177061640017), (10.205728099541519, 53.48948435363561, 50.685407611606934), (10.205728099541519, 53.48948435363561, 51.12540761160926), (10.205771183234598, 53.489505430103385, 51.1217706164025), (10.205771183234598, 53.489505430103385, 50.68177061640017), (10.205728099541519, 53.48948435363561, 50.685407611606934), (10.2056849837297, 53.48946330055768, 50.68907640881662), (10.2056849837297, 53.48946330055768, 51.129076408818946), (10.205728099541519, 53.48948435363561, 51.12540761160926), (10.205728099541519, 53.48948435363561, 50.685407611606934), (10.2056849837297, 53.48946330055768, 50.68907640881662), (10.205641835834838, 53.489442270887004, 50.69277700500243), (10.2056849837297, 53.48946330055768, 50.68907640881662), (10.2056849837297, 53.48946330055768, 51.129076408818946), (10.205641835834854, 53.489442270887004, 51.13277700499748), (10.205641835834838, 53.489442270887004, 50.69277700500243), (10.205598655892715, 53.48942126464096, 50.6965093970648), (10.205641835834838, 53.489442270887004, 50.69277700500243), (10.205641835834854, 53.489442270887004, 51.13277700499748), (10.205598655892715, 53.48942126464096, 51.13650939706713), (10.205598655892715, 53.48942126464096, 50.6965093970648), (10.2055554439391, 53.489400281837, 50.70027358193329), (10.205555443939083, 53.48940028183699, 51.14027358194289), (10.205598655892715, 53.48942126464096, 51.13650939706713), (10.205598655892715, 53.48942126464096, 50.6965093970648), (10.2055554439391, 53.489400281837, 50.70027358193329), (10.205512200009782, 53.48937932249244, 50.704069556501054), (10.205512200009782, 53.48937932249244, 51.14406955650338), (10.205555443939083, 53.48940028183699, 51.14027358194289), (10.2055554439391, 53.489400281837, 50.70027358193329), (10.205512200009782, 53.48937932249244, 50.704069556501054), (10.205468924140634, 53.48935838662463, 50.707897317588504), (10.205512200009782, 53.48937932249244, 50.704069556501054), (10.205512200009782, 53.48937932249244, 51.14406955650338), (10.205468924140634, 53.48935838662463, 51.14789731759083), (10.205468924140634, 53.48935838662463, 50.707897317588504), (10.205425616367464, 53.48933747425091, 50.71175686204515), (10.205468924140634, 53.48935838662463, 50.707897317588504), (10.205468924140634, 53.48935838662463, 51.14789731759083), (10.205425616367464, 53.48933747425091, 51.1517568620402), (10.205425616367464, 53.48933747425091, 50.71175686204515), (10.20550024071579, 53.489282845995355, 50.637728595400404), (10.205425616367464, 53.48933747425091, 50.71175686204515), (10.205425616367464, 53.48933747425091, 51.1517568620402), (10.205500240715775, 53.489282845995355, 51.07772859541001), (10.20550024071579, 53.489282845995355, 50.637728595400404), (10.20554409967016, 53.48930339849198, 50.633354694073205), (10.20550024071579, 53.489282845995355, 50.637728595400404), (10.205500240715775, 53.489282845995355, 51.07772859541001), (10.20554409967016, 53.48930339849198, 51.07335469407553), (10.20554409967016, 53.48930339849198, 50.633354694073205), (10.205587905848827, 53.4893239910004, 50.62903420192015), (10.205587905848827, 53.4893239910004, 51.06903420192248), (10.20554409967016, 53.48930339849198, 51.07335469407553), (10.20554409967016, 53.48930339849198, 50.633354694073205), (10.205587905848827, 53.4893239910004, 50.62903420192015), (10.205631659149118, 53.48934462347244, 50.624767129076645), (10.205631659149118, 53.48934462347244, 51.06476712907897), (10.205587905848827, 53.4893239910004, 51.06903420192248), (10.205587905848827, 53.4893239910004, 50.62903420192015), (10.205631659149118, 53.48934462347244, 50.624767129076645), (10.205675359468472, 53.4893652958597, 50.620553485547134), (10.205675359468483, 53.4893652958597, 51.06055348553491), (10.205631659149118, 53.48934462347244, 51.06476712907897), (10.205631659149118, 53.48934462347244, 50.624767129076645), (10.205675359468472, 53.4893652958597, 50.620553485547134), (10.2057190067045, 53.48938600811384, 50.616393281183264), (10.2057190067045, 53.48938600811384, 51.05639328118559), (10.205675359468483, 53.4893652958597, 51.06055348553491), (10.205675359468472, 53.4893652958597, 50.620553485547134), (10.2057190067045, 53.48938600811384, 50.616393281183264), (10.205762600754888, 53.489406760186306, 50.61228652576392), (10.2057190067045, 53.48938600811384, 50.616393281183264), (10.2057190067045, 53.48938600811384, 51.05639328118559), (10.205762600754888, 53.489406760186306, 51.05228652575897), (10.205762600754888, 53.489406760186306, 50.61228652576392), (10.205806141517474, 53.48942755202852, 50.60823322892247), (10.205806141517474, 53.48942755202852, 51.04823322893208), (10.205762600754888, 53.489406760186306, 51.05228652575897), (10.205762600754888, 53.489406760186306, 50.61228652576392), (10.205806141517474, 53.48942755202852, 50.60823322892247), (10.205849628890178, 53.489448383591785, 50.60423340016132), (10.205806141517474, 53.48942755202852, 50.60823322892247), (10.205806141517474, 53.48942755202852, 51.04823322893208), (10.205849628890178, 53.489448383591785, 51.04423340016365), (10.205849628890178, 53.489448383591785, 50.60423340016132), (10.205893062771128, 53.48946925482731, 50.600287048837345), (10.205849628890178, 53.489448383591785, 50.60423340016132), (10.205849628890178, 53.489448383591785, 51.04423340016365), (10.205893062771116, 53.48946925482731, 51.04028704884695), (10.205893062771128, 53.48946925482731, 50.600287048837345), (10.205936443058471, 53.4894901656862, 50.596394184241944), (10.205936443058457, 53.4894901656862, 51.03639418424427), (10.205893062771116, 53.48946925482731, 51.04028704884695), (10.205893062771128, 53.48946925482731, 50.600287048837345), (10.205936443058471, 53.4894901656862, 50.596394184241944), (10.205979769650572, 53.4895111161195, 50.59255481546279), (10.205979769650558, 53.489511116119495, 51.032554815472395), (10.205936443058457, 53.4894901656862, 51.03639418424427), (10.205936443058471, 53.4894901656862, 50.596394184241944), (10.205979769650572, 53.4895111161195, 50.59255481546279), (10.206023042445853, 53.48953210607814, 50.5887689515439), (10.206023042445853, 53.48953210607814, 51.028768951546226), (10.205979769650558, 53.489511116119495, 51.032554815472395), (10.205979769650572, 53.4895111161195, 50.59255481546279), (10.206023042445853, 53.48953210607814, 50.5887689515439), (10.2060662613429, 53.48955313551295, 50.58503660133283), (10.206066261342915, 53.48955313551295, 51.02503660132788), (10.206023042445853, 53.48953210607814, 51.028768951546226), (10.206023042445853, 53.48953210607814, 50.5887689515439), (10.2060662613429, 53.48955313551295, 50.58503660133283), (10.205814234773218, 53.489526529943554, 51.11816542622546), (10.205771183234598, 53.489505430103385, 51.1217706164025), (10.205728099541519, 53.48948435363561, 51.12540761160926), (10.2056849837297, 53.48946330055768, 51.129076408818946), (10.205641835834854, 53.489442270887004, 51.13277700499748), (10.205598655892715, 53.48942126464096, 51.13650939706713), (10.205555443939083, 53.48940028183699, 51.14027358194289), (10.205512200009782, 53.48937932249244, 51.14406955650338), (10.205468924140634, 53.48935838662463, 51.14789731759083), (10.205425616367464, 53.48933747425091, 51.1517568620402), (10.205500240715775, 53.489282845995355, 51.07772859541001), (10.20554409967016, 53.48930339849198, 51.07335469407553), (10.205587905848827, 53.4893239910004, 51.06903420192248), (10.205631659149118, 53.48934462347244, 51.06476712907897), (10.205675359468483, 53.4893652958597, 51.06055348553491), (10.2057190067045, 53.48938600811384, 51.05639328118559), (10.205762600754888, 53.489406760186306, 51.05228652575897), (10.205806141517474, 53.48942755202852, 51.04823322893208), (10.205849628890178, 53.489448383591785, 51.04423340016365), (10.205893062771116, 53.48946925482731, 51.04028704884695), (10.205936443058457, 53.4894901656862, 51.03639418424427), (10.205979769650558, 53.489511116119495, 51.032554815472395), (10.206023042445853, 53.48953210607814, 51.028768951546226), (10.206066261342915, 53.48955313551295, 51.02503660132788), (10.20610942624045, 53.489574204374684, 51.02135777357762), (10.206152537037292, 53.489595312614, 51.01773247692472), (10.206195593632387, 53.48961646018146, 51.01416071986023), (10.20623859592483, 53.489637647027536, 51.01064251076605), (10.206281543813802, 53.48965887310259, 51.00717785789311), (10.206324437198681, 53.48968013835695, 51.003766769354115), (10.206345863420655, 53.489690785660784, 51.00208131421823), (10.20667859989175, 53.48985711600178, 50.97663951943832), (10.206596170787224, 53.48991486563426, 51.05648350127012), (10.206264325644911, 53.48974948496925, 51.08223189393175), (10.206242973829058, 53.48973880997566, 51.08386344536848), (10.206200245792735, 53.48971747737515, 51.08715042523545), (10.206157485246377, 53.48969616797156, 51.09046923884307), (10.20611469222546, 53.48967488178249, 51.09381988342648), (10.206071866765443, 53.4896536188256, 51.09720235621353), (10.2060290089018, 53.48963237911844, 51.10061665439571), (10.205986118670035, 53.48961116267862, 51.10406277513539), (10.205943196105725, 53.489589969523706, 51.10754071559495), (10.205900241244402, 53.48956879967119, 51.111050472871284), (10.205857254121705, 53.48954765313866, 51.11459204406128), (10.205814234773218, 53.489526529943554, 51.11816542622546), (10.20687789982115, 53.49004586443606, 58.35126085183231), (10.20687789982115, 53.49004586443606, 55.90251158252062), (10.207653970039011, 53.49043165792969, 58.38336065886506), (10.207653970039011, 53.49043165792969, 55.61017009946431), (10.20767893579089, 53.49041295376886, 58.378161000686205), (10.207653970781719, 53.49043165968934, 58.383360645374296), (10.207642194220956, 53.49044048368861, 58.38581343406037), (10.207679161787594, 53.4904126064483, 60.59750720782836), (10.207654303415824, 53.49043035252095, 60.62573188519275), (10.206910166485132, 53.49002127507521, 58.352056358085115), (10.206935135466198, 53.49000367553851, 58.30500793457031), (10.206907688616608, 53.490023518875894, 58.35031839438547), (10.206877898008216, 53.49004586413275, 58.351260843334465), (10.206870774336515, 53.49005120743208, 58.35148620605469), (10.206907908775758, 53.49002310709629, 60.63318089628539), (10.206883946065615, 53.490041285282594, 60.66648864746102), (10.206910840992432, 53.49002108045723, 60.63303542539823), (10.206936442738208, 53.490002130359855, 60.59550476074173), (10.209579044142703, 53.491349692531855, 51.04897512574477), (10.209559863214592, 53.491362917901576, 51.0389765336233), (10.20956727986721, 53.491378874292394, 50.62526731332607), (10.209564700670018, 53.49137753411221, 50.761550015915056), (10.209550159545818, 53.49136996573644, 51.53177371850777), (10.209548688389482, 53.49136920002758, 51.529926768104026), (10.207127906422807, 53.49033125277251, 51.16043879220838), (10.207102056194028, 53.49031836333322, 52.112547379070705), (10.207099529701829, 53.490317103573126, 52.20560248263684), (10.207127906422807, 53.49033125277251, 50.700773134884976), (10.207102056194028, 53.49031836333322, 51.6528817217473), (10.206705558342417, 53.49015426913112, 52.23688606208067), (10.206687451282189, 53.49016764116856, 52.26587776129925), (10.206374513410706, 53.48996120096215, 51.93054534984633), (10.206372644685697, 53.489960244220015, 51.92422866751393), (10.206356366593445, 53.48995196800128, 51.250283846946374), (10.206374513410706, 53.48996120096215, 52.14679195328966), (10.20637165640634, 53.489959736778886, 52.14114669082281), (10.206356366593445, 53.48995196800128, 51.52082112362887), (10.206290526825702, 53.48989666052718, 52.439619658728745), (10.206290044120767, 53.48989701127118, 52.43953601135334), (10.206281212867864, 53.489903428251864, 52.43800565408413), (10.206272446805317, 53.4899097978613, 52.43648659402925), (10.206270335000303, 53.48991133234381, 52.43612064203864), (10.206272118858283, 53.48991221500435, 52.43609629675629), (10.206288359606582, 53.48992038221783, 52.43589991565109), (10.206304860888705, 53.489928680444095, 52.4357003842805), (10.206321172658356, 53.48993688336218, 52.43550314454667), (10.206337638016805, 53.489945163512, 52.435304047714794), (10.206354137488033, 53.48995346081101, 52.435104538473574), (10.206370336490718, 53.48996160700416, 52.43490866253055), (10.206372486429695, 53.48996268817021, 52.434882665792244), (10.206374060158364, 53.489963479570285, 52.43486363650305), (10.205462093227345, 53.48930746177789, 51.91803086232818), (10.205461704647258, 53.48930727773069, 51.898086547970316), (10.205448907584492, 53.48930121652461, 51.2412626713215), (10.205446338135884, 53.48929999952956, 51.10938276148783), (10.205461704647258, 53.48930727773069, 51.3962393701588), (10.205448907584492, 53.48930121652461, 50.73941549350999), (10.206705558342417, 53.49015426913112, 51.782744728878484), (10.206687451282189, 53.49016764116856, 51.81173642809706), (10.205432028149264, 53.48933120344837, 51.66872606811978), (10.205451751526216, 53.4893169565339, 51.65886726454089), (10.20957934760857, 53.49134948329014, 51.52678029254656), (10.209579044142703, 53.491349692531855, 51.52662210247591), (10.209559863214592, 53.491362917901576, 51.51662351035444), (10.20955928542817, 53.49136331628875, 51.51632232321407), (10.206290526825702, 53.48989666052718, 52.236754589459615), (10.206290044120767, 53.48989701127118, 52.23667094208421), (10.206281212867864, 53.489903428251864, 52.235140584815), (10.206272446805317, 53.4899097978613, 52.23362152476012), (10.206270335000303, 53.48991133234381, 52.23325557276951), (10.206272118858283, 53.48991221500435, 52.23323122748716), (10.206288359606582, 53.48992038221783, 52.23303484638196), (10.206304860888705, 53.489928680444095, 52.23283531501137), (10.206321172658356, 53.48993688336218, 52.23263807527754), (10.206337638016805, 53.489945163512, 52.232438978445664), (10.206354137488033, 53.48995346081101, 52.232239469204444), (10.206370336490718, 53.48996160700416, 52.23204359326142), (10.206372486429695, 53.48996268817021, 52.232017596523114), (10.206374060158364, 53.489963479570285, 52.23199856723392), (10.205432028149264, 53.48933120344837, 52.09380838442669), (10.205451751526216, 53.4893169565339, 52.08394958084779), (10.20484885977724, 53.48921737970963, 51.793251033815395), (10.204852942439059, 53.48921925054358, 51.793347498903024), (10.20486905101314, 53.48922663211384, 51.7937281120282), (10.20488509900676, 53.48923398591905, 51.794107293628045), (10.204901207586671, 53.48924136748248, 51.794487906627865), (10.204917225327744, 53.48924870741535, 51.79486637315971), (10.204933218327492, 53.48925603600611, 51.795244254974406), (10.20484885977724, 53.48921737970963, 52.26696090528407), (10.204852942439059, 53.48921925054358, 52.2670573703717), (10.20486905101314, 53.48922663211384, 52.267437983496876), (10.20488509900676, 53.48923398591905, 52.26781716509672), (10.204901207586671, 53.48924136748248, 52.26819777809654), (10.204917225327744, 53.48924870741535, 52.268576244628385), (10.204933218327492, 53.48925603600611, 52.268954126443084), (10.204355892554883, 53.48899088774702, 52.257091557805936), (10.204372152538863, 53.48899838475347, 52.25579463835225), (10.204388458801668, 53.48900590309279, 52.25449061922624), (10.204404794728518, 53.48901343510441, 52.25319094585387), (10.204409080224057, 53.489015411018556, 52.25284366793525), (10.204355892554883, 53.48899088774702, 51.779274982556124), (10.204372152538863, 53.48899838475347, 51.777842264701526), (10.204388458905301, 53.48900590314056, 51.7766740356998), (10.204404794728518, 53.48901343510441, 51.77508555202704), (10.204409080224057, 53.489015411018556, 51.77502709268544), (10.204427310340838, 53.489023568586774, 51.775683462198), (10.204442494758995, 53.48903054642939, 51.77946552549225), (10.204457822215147, 53.48903758999929, 51.78234147049739), (10.204473154291913, 53.48904463568824, 51.78516948767073), (10.204774071894144, 53.4891830988008, 51.79077034392492), (10.204792818467503, 53.48919169384842, 51.7936360306014), (10.204811578830233, 53.4892002952118, 51.79650382402616), (10.204830379049518, 53.48920891484238, 51.7993777089422), (10.204287328284636, 53.488959487175464, 51.77318272766782), (10.204291551593391, 53.48896142427529, 51.77387517321842), (10.204307911515707, 53.488968928057524, 51.77618783351379), (10.204324281064245, 53.4889764362501, 51.780065210569795), (10.204340606514426, 53.48898392421122, 51.78310583616063), (10.20470287259247, 53.489150286596754, 52.261128191322165), (10.204721595162036, 53.48915890293734, 52.26328717690691), (10.20474039872327, 53.48916755654469, 52.26545550113453), (10.204759073316655, 53.489176150793156, 52.26760895262089), (10.204488176757275, 53.489051504123125, 52.25412613787163), (10.20450208235076, 53.489057900771066, 52.254664990812174), (10.204515955318143, 53.489064282407284, 52.255203101609965), (10.204529828290278, 53.48907066404212, 52.25574369401287), (10.20453396991975, 53.48907256921119, 52.255900659166905), (10.204774071894144, 53.4891830988008, 52.26095897992069), (10.204792818467503, 53.48919169384842, 52.263824666597166), (10.204811578830233, 53.4892002952118, 52.26669246002193), (10.204830379049518, 53.48920891484238, 52.26956634493797), (10.204627135911705, 53.48911548250218, 51.78324024263587), (10.204644864425388, 53.489123617812666, 51.78423778918832), (10.204662743795716, 53.48913182234279, 51.78524382374404), (10.204680565726802, 53.4891400005092, 51.78624662592928), (10.204684746585333, 53.489141919029784, 51.78648187389726), (10.20470287259247, 53.489150286596754, 51.787488654098645), (10.204721595162036, 53.48915890293734, 51.78964763968339), (10.20474039872327, 53.48916755654469, 51.79181596391101), (10.204759073316655, 53.489176150793156, 51.79396941539737), (10.20455433901109, 53.489082107194484, 51.7845287184492), (10.204558601473847, 53.48908406229612, 51.78406100873747), (10.204576363751144, 53.48909220947396, 51.78581256235257), (10.204594170603634, 53.48910037709167, 51.786324480359596), (10.204611964418211, 53.489108538723336, 51.78637612889784), (10.204488176757275, 53.489051504123125, 51.78066734683282), (10.20450208234945, 53.48905790077047, 51.78120619972249), (10.204515955318143, 53.489064282407284, 51.78160513731814), (10.204529828290278, 53.48907066404212, 51.78248852040872), (10.20453396991975, 53.48907256921119, 51.782441868128096), (10.209564700670018, 53.49137753411221, 50.26097908019547), (10.209550159545818, 53.49136996573644, 51.031202782788185), (10.204627135911705, 53.48911548250218, 52.257348379945135), (10.204644864425388, 53.489123617812666, 52.25834592649758), (10.204662743795716, 53.48913182234279, 52.259351961053305), (10.204680565726802, 53.4891400005092, 52.260354763238546), (10.204684746585333, 53.489141919029784, 52.260590011206524), (10.204427310340838, 53.489023568586774, 52.247912008862315), (10.204442494758995, 53.48903054642939, 52.25105107731388), (10.204457822215147, 53.48903758999929, 52.25422394562355), (10.204473154291913, 53.48904463568824, 52.25739803433504), (10.20455433901109, 53.489082107194484, 52.26026244072129), (10.204558601473847, 53.48908406229612, 52.260400631208775), (10.204576363751144, 53.48909220947396, 52.26096853974208), (10.204594170603634, 53.48910037709167, 52.26154813557594), (10.204611964418211, 53.489108538723336, 52.26210985116993), (10.204287328284636, 53.488959487175464, 52.246788323180056), (10.204291551593391, 53.48896142427529, 52.24757585626945), (10.204307911515707, 53.488968928057524, 52.250619602710884), (10.204324280976945, 53.488976436210045, 52.25367078982271), (10.204340606514426, 53.48898392421122, 52.25671143167286), (10.204149245307416, 53.488919289317465, 51.81324680069504), (10.204145023511996, 53.48891735065024, 51.79127017388043), (10.204132728285906, 53.48891187634814, 51.094672480069654), (10.204149245307416, 53.488919289317465, 52.29065989132997), (10.204145023511996, 53.48891735065024, 52.26868326451536), (10.204132728285906, 53.48891187634814, 51.57208557070459), (10.204147618370774, 53.48891954240846, 52.30497336170132), (10.204137376078238, 53.488927636243346, 52.32565260620026), (10.204161063245634, 53.48890971434286, 52.229486210757074), (10.204172260331996, 53.488900614667145, 52.179383117383246), (10.204181813278545, 53.488892851151114, 52.13720623013243), (10.204147618370774, 53.48891954240846, 51.82450006023259), (10.204137376078238, 53.488927636243346, 51.84517930473152), (10.204161063245634, 53.48890971434286, 51.75481274273314), (10.204172260331996, 53.488900614667145, 51.704890731013485), (10.204181813278545, 53.488892851151114, 51.66287732565251), (10.196176613999818, 53.48695988492069, 52.9011775703857), (10.196174922542419, 53.486965430309596, 52.89725160738453), (10.19618986000089, 53.48696705075305, 52.89178218919915), (10.196191551456396, 53.486961505363944, 52.895708152196676), (10.196176613999818, 53.48695988492069, 52.9011775703857), (10.199567430859359, 53.48749594679707, 53.439301369246095), (10.199564218409288, 53.487501399276034, 53.435244899315876), (10.19955014407517, 53.48749844988534, 53.43968253491039), (10.199553356526746, 53.48749299740671, 53.44373900487699), (10.199567430859359, 53.48749594679707, 53.439301369246095), (10.199617973403775, 53.48740897983828, 54.26018213919451), (10.19960402297994, 53.487405827892566, 54.257300905788725), (10.19959935092274, 53.48741318297279, 54.264703441593156), (10.199613301348656, 53.48741633491905, 54.26758467499894), (10.199617973403775, 53.48740897983828, 54.26018213919451), (10.20403386425793, 53.48899772820915, 53.61753752738514), (10.204022304732467, 53.4889921037511, 53.61673420330135), (10.20401607640677, 53.48899665677851, 53.61734219335722), (10.204027635932631, 53.48900228123712, 53.61814551743828), (10.20403386425793, 53.48899772820915, 53.61753752738514), (10.204095256560803, 53.48886145579608, 53.762473308193876), (10.204089603496065, 53.4888662683586, 53.76458300689774), (10.204077385017248, 53.488861163353334, 53.764009504331625), (10.204083038082679, 53.48885635079137, 53.7618998056314), (10.204095256560803, 53.48886145579608, 53.762473308193876), (10.209946223948526, 53.4915546582649, 54.38748634895819), (10.209938305347489, 53.49156094834758, 54.38541726491894), (10.209926374180277, 53.49155560655551, 54.38811992320552), (10.209934292782105, 53.49154931647361, 54.39018900724477), (10.209946223948526, 53.4915546582649, 54.38748634895819), (10.208769705493273, 53.49130093209052, 50.12604518851731), (10.20879442110533, 53.49131229795883, 51.2913326153066), (10.208796457712232, 53.491313234524476, 51.29692800168414), (10.208796457712232, 53.491313234524476, 50.12604518851731), (10.208769705493273, 53.49130093209052, 50.12604518851731), (10.208784185486175, 53.491289733587415, 50.12604518851731), (10.208808901095496, 53.49130109945276, 51.2913326153066), (10.208810937702175, 53.49130203601818, 51.29692800168414), (10.208810937702175, 53.49130203601818, 50.12604518851731), (10.208784185486175, 53.491289733587415, 50.12604518851731)]
}

